2026-09-13T07:09:25.4848277Z Current runner version: '2.337.0'
2026-09-13T07:09:25.4872747Z ##[group]Runner Image Provisioner
2026-09-13T07:09:25.4873626Z Hosted Compute Agent
2026-09-13T07:09:25.4874355Z Version: 20260828.587
2026-09-13T07:09:25.4875054Z Commit: abac92662cab4cc7352de4f9f9d2e2419aad9c29
2026-09-13T07:09:25.4875841Z Build Date: 2026-08-28T16:44:25Z
2026-09-13T07:09:25.4876552Z Worker ID: {976e7394-95c4-4bb1-9286-4323bfd92a50}
2026-09-13T07:09:25.4877284Z Azure Region: northcentralus
2026-09-13T07:09:25.4877979Z ##[endgroup]
2026-09-13T07:09:25.4879926Z ##[group]Operating System
2026-09-13T07:09:25.4880613Z Ubuntu
2026-09-13T07:09:25.4881370Z 24.04.5
2026-09-13T07:09:25.4881938Z LTS
2026-09-13T07:09:25.4882536Z ##[endgroup]
2026-09-13T07:09:25.4883137Z ##[group]Runner Image
2026-09-13T07:09:25.4883728Z Image: ubuntu-24.04
2026-09-13T07:09:25.4884375Z Version: 20260907.300.1
2026-09-13T07:09:25.4885637Z Included Software: https://github.com/actions/runner-images/blob/ubuntu24/20260907.300/images/ubuntu/Ubuntu2404-Readme.md
2026-09-13T07:09:25.4887337Z Image Release: https://github.com/actions/runner-images/releases/tag/ubuntu24%2F20260907.300
2026-09-13T07:09:25.4888378Z ##[endgroup]
2026-09-13T07:09:25.4889888Z ##[group]GITHUB_TOKEN Permissions
2026-09-13T07:09:25.4891841Z Contents: read
2026-09-13T07:09:25.4892738Z Metadata: read
2026-09-13T07:09:25.4893380Z ##[endgroup]
2026-09-13T07:09:25.4895840Z Secret source: Actions
2026-09-13T07:09:25.4896867Z Cache mode: write
2026-09-13T07:09:25.4897857Z Prepare workflow directory
2026-09-13T07:09:25.5324735Z Prepare all required actions
2026-09-13T07:09:25.5394941Z Getting action download info
2026-09-13T07:09:25.7940577Z Download action repository 'actions/checkout@v4' (SHA:11d5960a326750d5838078e36cf38b85af677262)
2026-09-13T07:09:25.8889646Z Download action repository 'actions/upload-artifact@v4' (SHA:ea165f8d65b6e75b540449e92b4886f43607fa02)
2026-09-13T07:09:26.1015987Z Complete job name: three-way-parity
2026-09-13T07:09:26.1856713Z Node 20 is being deprecated. This workflow is running with Node 24 by default. If you need to temporarily use Node 20, you can set the ACTIONS_ALLOW_USE_UNSECURE_NODE_VERSION=true environment variable. For more information see: https://github.blog/changelog/2025-09-19-deprecation-of-node-20-on-github-actions-runners/
2026-09-13T07:09:26.1865278Z ##[group]Run actions/checkout@v4
2026-09-13T07:09:26.1866030Z with:
2026-09-13T07:09:26.1866471Z   fetch-depth: 2
2026-09-13T07:09:26.1867085Z   repository: juantoniolloretegea/SV-lenguaje-de-computacion
2026-09-13T07:09:26.1871356Z   token: ***
2026-09-13T07:09:26.1871802Z   ssh-strict: true
2026-09-13T07:09:26.1872249Z   ssh-user: git
2026-09-13T07:09:26.1872711Z   persist-credentials: true
2026-09-13T07:09:26.1873218Z   clean: true
2026-09-13T07:09:26.1873674Z   sparse-checkout-cone-mode: true
2026-09-13T07:09:26.1874216Z   fetch-tags: false
2026-09-13T07:09:26.1874683Z   show-progress: true
2026-09-13T07:09:26.1875143Z   lfs: false
2026-09-13T07:09:26.1875612Z   submodules: false
2026-09-13T07:09:26.1876077Z   set-safe-directory: true
2026-09-13T07:09:26.1876600Z   allow-unsafe-pr-checkout: false
2026-09-13T07:09:26.1877392Z ##[endgroup]
2026-09-13T07:09:26.2846380Z Syncing repository: juantoniolloretegea/SV-lenguaje-de-computacion
2026-09-13T07:09:26.2849687Z ##[group]Getting Git version info
2026-09-13T07:09:26.2851190Z Working directory is '/home/runner/work/SV-lenguaje-de-computacion/SV-lenguaje-de-computacion'
2026-09-13T07:09:26.2853195Z [command]/usr/bin/git version
2026-09-13T07:09:26.2940082Z git version 2.55.0
2026-09-13T07:09:26.2971309Z ##[endgroup]
2026-09-13T07:09:26.2976434Z Temporarily overriding HOME='/home/runner/work/_temp/e019cebf-14fb-4e4c-84e6-63bdc7dca57f' before making global git config changes
2026-09-13T07:09:26.2977829Z Adding repository directory to the temporary git global config as a safe directory
2026-09-13T07:09:26.2980464Z [command]/usr/bin/git config --global --add safe.directory /home/runner/work/SV-lenguaje-de-computacion/SV-lenguaje-de-computacion
2026-09-13T07:09:26.3035939Z Deleting the contents of '/home/runner/work/SV-lenguaje-de-computacion/SV-lenguaje-de-computacion'
2026-09-13T07:09:26.3045570Z ##[group]Initializing the repository
2026-09-13T07:09:26.3053765Z [command]/usr/bin/git init /home/runner/work/SV-lenguaje-de-computacion/SV-lenguaje-de-computacion
2026-09-13T07:09:26.3152761Z hint: Using 'master' as the name for the initial branch. This default branch name
2026-09-13T07:09:26.3154629Z hint: will change to "main" in Git 3.0. To configure the initial branch name
2026-09-13T07:09:26.3156175Z hint: to use in all of your new repositories, which will suppress this warning,
2026-09-13T07:09:26.3157353Z hint: call:
2026-09-13T07:09:26.3157981Z hint:
2026-09-13T07:09:26.3158971Z hint: 	git config --global init.defaultBranch <name>
2026-09-13T07:09:26.3160021Z hint:
2026-09-13T07:09:26.3160987Z hint: Names commonly chosen instead of 'master' are 'main', 'trunk' and
2026-09-13T07:09:26.3162515Z hint: 'development'. The just-created branch can be renamed via this command:
2026-09-13T07:09:26.3163731Z hint:
2026-09-13T07:09:26.3164419Z hint: 	git branch -m <name>
2026-09-13T07:09:26.3165231Z hint:
2026-09-13T07:09:26.3166261Z hint: Disable this message with "git config set advice.defaultBranchName false"
2026-09-13T07:09:26.3173074Z Initialized empty Git repository in /home/runner/work/SV-lenguaje-de-computacion/SV-lenguaje-de-computacion/.git/
2026-09-13T07:09:26.3190056Z [command]/usr/bin/git remote add origin https://github.com/juantoniolloretegea/SV-lenguaje-de-computacion
2026-09-13T07:09:26.3228907Z ##[endgroup]
2026-09-13T07:09:26.3230338Z ##[group]Disabling automatic garbage collection
2026-09-13T07:09:26.3232483Z [command]/usr/bin/git config --local gc.auto 0
2026-09-13T07:09:26.3265004Z ##[endgroup]
2026-09-13T07:09:26.3266108Z ##[group]Setting up auth
2026-09-13T07:09:26.3272836Z [command]/usr/bin/git config --local --name-only --get-regexp core\.sshCommand
2026-09-13T07:09:26.3308918Z [command]/usr/bin/git submodule foreach --recursive sh -c "git config --local --name-only --get-regexp 'core\.sshCommand' && git config --local --unset-all 'core.sshCommand' || :"
2026-09-13T07:09:26.3670936Z [command]/usr/bin/git config --local --name-only --get-regexp http\.https\:\/\/github\.com\/\.extraheader
2026-09-13T07:09:26.3712021Z [command]/usr/bin/git submodule foreach --recursive sh -c "git config --local --name-only --get-regexp 'http\.https\:\/\/github\.com\/\.extraheader' && git config --local --unset-all 'http.https://github.com/.extraheader' || :"
2026-09-13T07:09:26.3946397Z [command]/usr/bin/git config --local --name-only --get-regexp ^includeIf\.gitdir:
2026-09-13T07:09:26.3983913Z [command]/usr/bin/git submodule foreach --recursive git config --local --show-origin --name-only --get-regexp remote.origin.url
2026-09-13T07:09:26.4205946Z [command]/usr/bin/git config --local http.https://github.com/.extraheader AUTHORIZATION: basic ***
2026-09-13T07:09:26.4245395Z ##[endgroup]
2026-09-13T07:09:26.4246322Z ##[group]Fetching the repository
2026-09-13T07:09:26.4255321Z [command]/usr/bin/git -c protocol.version=2 fetch --no-tags --prune --no-recurse-submodules --depth=2 origin +1bff19fa1453d5b041441fb07c29fcec00f40868:refs/remotes/pull/90/merge
2026-09-13T07:09:28.1233448Z From https://github.com/juantoniolloretegea/SV-lenguaje-de-computacion
2026-09-13T07:09:28.1235066Z  * [new ref]         1bff19fa1453d5b041441fb07c29fcec00f40868 -> pull/90/merge
2026-09-13T07:09:28.1238003Z ##[endgroup]
2026-09-13T07:09:28.1239607Z ##[group]Determining the checkout info
2026-09-13T07:09:28.1241117Z ##[endgroup]
2026-09-13T07:09:28.1255287Z [command]/usr/bin/git sparse-checkout disable
2026-09-13T07:09:28.1303817Z [command]/usr/bin/git config --local --unset-all extensions.worktreeConfig
2026-09-13T07:09:28.1334453Z ##[group]Checking out the ref
2026-09-13T07:09:28.1337502Z [command]/usr/bin/git checkout --progress --force refs/remotes/pull/90/merge
2026-09-13T07:09:28.4633090Z Note: switching to 'refs/remotes/pull/90/merge'.
2026-09-13T07:09:28.4634532Z 
2026-09-13T07:09:28.4635570Z You are in 'detached HEAD' state. You can look around, make experimental
2026-09-13T07:09:28.4638273Z changes and commit them, and you can discard any commits you make in this
2026-09-13T07:09:28.4640957Z state without impacting any branches by switching back to a branch.
2026-09-13T07:09:28.4642344Z 
2026-09-13T07:09:28.4643309Z If you want to create a new branch to retain commits you create, you may
2026-09-13T07:09:28.4645521Z do so (now or later) by using -c with the switch command. Example:
2026-09-13T07:09:28.4646843Z 
2026-09-13T07:09:28.4647459Z   git switch -c <new-branch-name>
2026-09-13T07:09:28.4648434Z 
2026-09-13T07:09:28.4649187Z Or undo this operation with:
2026-09-13T07:09:28.4650081Z 
2026-09-13T07:09:28.4650607Z   git switch -
2026-09-13T07:09:28.4651310Z 
2026-09-13T07:09:28.4652480Z Turn off this advice by setting config variable advice.detachedHead to false
2026-09-13T07:09:28.4654177Z 
2026-09-13T07:09:28.4656122Z HEAD is now at 1bff19f Merge 1469b08272f5d5c10e406dfa77f76a4d11c3accc into 8893707154e5fd6e623904a71345268339eb6550
2026-09-13T07:09:28.4665071Z ##[endgroup]
2026-09-13T07:09:28.4708119Z [command]/usr/bin/git log -1 --format=%H
2026-09-13T07:09:28.4735126Z 1bff19fa1453d5b041441fb07c29fcec00f40868
2026-09-13T07:09:28.4992444Z ##[group]Run rustup toolchain install 1.98.0 --profile minimal
2026-09-13T07:09:28.4994570Z [36;1mrustup toolchain install 1.98.0 --profile minimal[0m
2026-09-13T07:09:28.4996273Z [36;1mrustup default 1.98.0[0m
2026-09-13T07:09:28.4997825Z [36;1mrustup target add wasm32-wasip1 --toolchain 1.98.0[0m
2026-09-13T07:09:28.5000104Z [36;1mrustup target add wasm32-unknown-unknown --toolchain 1.98.0[0m
2026-09-13T07:09:28.5001956Z [36;1mrustc --version[0m
2026-09-13T07:09:28.5003156Z [36;1mcargo --version[0m
2026-09-13T07:09:28.5044580Z shell: /usr/bin/bash -e {0}
2026-09-13T07:09:28.5045840Z ##[endgroup]
2026-09-13T07:09:28.5499605Z info: syncing channel updates for 1.98.0-x86_64-unknown-linux-gnu
2026-09-13T07:09:28.6544342Z info: latest update on 2026-08-20 for version 1.98.0 (88d9e12ae 2026-08-18)
2026-09-13T07:09:28.6547003Z info: downloading 3 components
2026-09-13T07:09:35.7512402Z 
2026-09-13T07:09:35.7581960Z   1.98.0-x86_64-unknown-linux-gnu installed - rustc 1.98.0 (88d9e12ae 2026-08-18)
2026-09-13T07:09:35.7582432Z 
2026-09-13T07:09:35.7666324Z info: using existing install for 1.98.0-x86_64-unknown-linux-gnu
2026-09-13T07:09:35.7673539Z info: default toolchain set to 1.98.0-x86_64-unknown-linux-gnu
2026-09-13T07:09:35.7674462Z 
2026-09-13T07:09:35.7746180Z   1.98.0-x86_64-unknown-linux-gnu unchanged - rustc 1.98.0 (88d9e12ae 2026-08-18)
2026-09-13T07:09:35.7748063Z 
2026-09-13T07:09:35.8199356Z info: downloading component rust-std
2026-09-13T07:09:37.6937875Z info: downloading component rust-std
2026-09-13T07:09:39.2883655Z rustc 1.98.0 (88d9e12ae 2026-08-18)
2026-09-13T07:09:39.2973408Z cargo 1.98.0 (797e8a9bc 2026-08-05)
2026-09-13T07:09:39.3067039Z ##[group]Run node --version
2026-09-13T07:09:39.3067401Z [36;1mnode --version[0m
2026-09-13T07:09:39.3067691Z [36;1mpython --version[0m
2026-09-13T07:09:39.3067955Z [36;1muname -a[0m
2026-09-13T07:09:39.3068188Z [36;1mgit rev-parse HEAD[0m
2026-09-13T07:09:39.3068465Z [36;1mgit rev-list --parents -n 1 HEAD[0m
2026-09-13T07:09:39.3069179Z [36;1mecho "source head: 1469b08272f5d5c10e406dfa77f76a4d11c3accc"[0m
2026-09-13T07:09:39.3069650Z [36;1mecho "base head: 8893707154e5fd6e623904a71345268339eb6550"[0m
2026-09-13T07:09:39.3070203Z [36;1mfor candidate in google-chrome google-chrome-stable chromium chromium-browser; do[0m
2026-09-13T07:09:39.3070739Z [36;1m  if command -v "$candidate" >/dev/null 2>&1; then[0m
2026-09-13T07:09:39.3071085Z [36;1m    "$candidate" --version[0m
2026-09-13T07:09:39.3071361Z [36;1m    break[0m
2026-09-13T07:09:39.3071578Z [36;1m  fi[0m
2026-09-13T07:09:39.3071789Z [36;1mdone[0m
2026-09-13T07:09:39.3109853Z shell: /usr/bin/bash -e {0}
2026-09-13T07:09:39.3110138Z ##[endgroup]
2026-09-13T07:09:39.3740449Z v22.23.2
2026-09-13T07:09:39.3768428Z Python 3.12.3
2026-09-13T07:09:39.3779376Z Linux runnervmlun5p 6.17.0-1022-azure #22-Ubuntu SMP Mon Jul 27 17:24:03 UTC 2026 x86_64 x86_64 x86_64 GNU/Linux
2026-09-13T07:09:39.3793380Z 1bff19fa1453d5b041441fb07c29fcec00f40868
2026-09-13T07:09:39.3810208Z 1bff19fa1453d5b041441fb07c29fcec00f40868 8893707154e5fd6e623904a71345268339eb6550 1469b08272f5d5c10e406dfa77f76a4d11c3accc
2026-09-13T07:09:39.3813133Z source head: 1469b08272f5d5c10e406dfa77f76a4d11c3accc
2026-09-13T07:09:39.3813884Z base head: 8893707154e5fd6e623904a71345268339eb6550
2026-09-13T07:09:39.5104113Z Google Chrome 152.0.7977.82 
2026-09-13T07:09:39.5191886Z ##[group]Run cargo test --manifest-path rust/Cargo.toml --workspace
2026-09-13T07:09:39.5192409Z [36;1mcargo test --manifest-path rust/Cargo.toml --workspace[0m
2026-09-13T07:09:39.5231417Z shell: /usr/bin/bash -e {0}
2026-09-13T07:09:39.5231690Z ##[endgroup]
2026-09-13T07:09:39.5726357Z    Compiling sv_core v0.1.0 (/home/runner/work/SV-lenguaje-de-computacion/SV-lenguaje-de-computacion/rust/sv_core)
2026-09-13T07:09:40.5422968Z warning: associated function `from_core_id` is never used
2026-09-13T07:09:40.5425327Z    --> sv_core/src/control.rs:155:27
2026-09-13T07:09:40.5427503Z     |
2026-09-13T07:09:40.5428082Z 141 |           impl $name {
2026-09-13T07:09:40.5429488Z     |           ---------- associated function in this implementation
2026-09-13T07:09:40.5431494Z ...
2026-09-13T07:09:40.5432945Z 155 |               pub(crate) fn from_core_id(id: ControlId) -> Self {
2026-09-13T07:09:40.5434533Z     |                             ^^^^^^^^^^^^
2026-09-13T07:09:40.5435355Z ...
2026-09-13T07:09:40.5436736Z 162 | / opaque_control_ref!(
2026-09-13T07:09:40.5437441Z 163 | |     InformationRef,
2026-09-13T07:09:40.5439620Z 164 | |     "Referencia nominal a información dentro del dominio de control."
2026-09-13T07:09:40.5441272Z 165 | | );
2026-09-13T07:09:40.5441872Z     | |_- in this macro invocation
2026-09-13T07:09:40.5443260Z     |
2026-09-13T07:09:40.5444031Z     = note: `#[warn(dead_code)]` (part of `#[warn(unused)]`) on by default
2026-09-13T07:09:40.5446248Z     = note: this warning originates in the macro `opaque_control_ref` (in Nightly builds, run with -Z macro-backtrace for more info)
2026-09-13T07:09:40.5448068Z 
2026-09-13T07:09:40.5449622Z warning: associated function `from_core_id` is never used
2026-09-13T07:09:40.5450477Z    --> sv_core/src/control.rs:155:27
2026-09-13T07:09:40.5451853Z     |
2026-09-13T07:09:40.5452728Z 141 |           impl $name {
2026-09-13T07:09:40.5453719Z     |           ---------- associated function in this implementation
2026-09-13T07:09:40.5454564Z ...
2026-09-13T07:09:40.5455250Z 155 |               pub(crate) fn from_core_id(id: ControlId) -> Self {
2026-09-13T07:09:40.5456445Z     |                             ^^^^^^^^^^^^
2026-09-13T07:09:40.5457122Z ...
2026-09-13T07:09:40.5457684Z 166 | / opaque_control_ref!(
2026-09-13T07:09:40.5461055Z 167 | |     AdmittedEvidenceRef,
2026-09-13T07:09:40.5462068Z 168 | |     "Referencia a evidencia cuya admisión debe proceder de una verificación gobernada."
2026-09-13T07:09:40.5462813Z 169 | | );
2026-09-13T07:09:40.5463156Z     | |_- in this macro invocation
2026-09-13T07:09:40.5463569Z     |
2026-09-13T07:09:40.5464387Z     = note: this warning originates in the macro `opaque_control_ref` (in Nightly builds, run with -Z macro-backtrace for more info)
2026-09-13T07:09:40.5465201Z 
2026-09-13T07:09:40.5465455Z warning: associated function `from_core_id` is never used
2026-09-13T07:09:40.5466018Z    --> sv_core/src/control.rs:155:27
2026-09-13T07:09:40.5466437Z     |
2026-09-13T07:09:40.5466784Z 141 |           impl $name {
2026-09-13T07:09:40.5467281Z     |           ---------- associated function in this implementation
2026-09-13T07:09:40.5467847Z ...
2026-09-13T07:09:40.5468282Z 155 |               pub(crate) fn from_core_id(id: ControlId) -> Self {
2026-09-13T07:09:40.5469093Z     |                             ^^^^^^^^^^^^
2026-09-13T07:09:40.5469536Z ...
2026-09-13T07:09:40.5469851Z 170 | / opaque_control_ref!(
2026-09-13T07:09:40.5470275Z 171 | |     ConstitutedFactRef,
2026-09-13T07:09:40.5471378Z 172 | |     "Referencia a un hecho semántico constituido; no equivale a autoridad."
2026-09-13T07:09:40.5472041Z 173 | | );
2026-09-13T07:09:40.5472390Z     | |_- in this macro invocation
2026-09-13T07:09:40.5472787Z     |
2026-09-13T07:09:40.5473581Z     = note: this warning originates in the macro `opaque_control_ref` (in Nightly builds, run with -Z macro-backtrace for more info)
2026-09-13T07:09:40.5474373Z 
2026-09-13T07:09:40.5474638Z warning: associated function `from_core_id` is never used
2026-09-13T07:09:40.5475457Z    --> sv_core/src/control.rs:155:27
2026-09-13T07:09:40.5475901Z     |
2026-09-13T07:09:40.5476211Z 141 |           impl $name {
2026-09-13T07:09:40.5476686Z     |           ---------- associated function in this implementation
2026-09-13T07:09:40.5477216Z ...
2026-09-13T07:09:40.5477616Z 155 |               pub(crate) fn from_core_id(id: ControlId) -> Self {
2026-09-13T07:09:40.5478217Z     |                             ^^^^^^^^^^^^
2026-09-13T07:09:40.5478896Z ...
2026-09-13T07:09:40.5479205Z 174 | / opaque_control_ref!(
2026-09-13T07:09:40.5479600Z 175 | |     AuthorityRef,
2026-09-13T07:09:40.5480459Z 176 | |     "Referencia a autoridad constituida; su constructor no forma parte de la API pública."
2026-09-13T07:09:40.5481250Z 177 | | );
2026-09-13T07:09:40.5481577Z     | |_- in this macro invocation
2026-09-13T07:09:40.5481978Z     |
2026-09-13T07:09:40.5482789Z     = note: this warning originates in the macro `opaque_control_ref` (in Nightly builds, run with -Z macro-backtrace for more info)
2026-09-13T07:09:40.5483564Z 
2026-09-13T07:09:40.5483819Z warning: associated function `from_core_id` is never used
2026-09-13T07:09:40.5484455Z    --> sv_core/src/control.rs:155:27
2026-09-13T07:09:40.5484868Z     |
2026-09-13T07:09:40.5485170Z 141 |           impl $name {
2026-09-13T07:09:40.5485666Z     |           ---------- associated function in this implementation
2026-09-13T07:09:40.5486183Z ...
2026-09-13T07:09:40.5486583Z 155 |               pub(crate) fn from_core_id(id: ControlId) -> Self {
2026-09-13T07:09:40.5487152Z     |                             ^^^^^^^^^^^^
2026-09-13T07:09:40.5487607Z ...
2026-09-13T07:09:40.5487918Z 178 | / opaque_control_ref!(
2026-09-13T07:09:40.5488321Z 179 | |     EnablementRef,
2026-09-13T07:09:40.5493816Z 180 | |     "Referencia a una habilitación de autoridad ya existente; no amplía autoridad."
2026-09-13T07:09:40.5494560Z 181 | | );
2026-09-13T07:09:40.5494909Z     | |_- in this macro invocation
2026-09-13T07:09:40.5495329Z     |
2026-09-13T07:09:40.5496173Z     = note: this warning originates in the macro `opaque_control_ref` (in Nightly builds, run with -Z macro-backtrace for more info)
2026-09-13T07:09:40.5496981Z 
2026-09-13T07:09:40.5497233Z warning: associated function `from_core_id` is never used
2026-09-13T07:09:40.5497789Z    --> sv_core/src/control.rs:155:27
2026-09-13T07:09:40.5498201Z     |
2026-09-13T07:09:40.5498517Z 141 |           impl $name {
2026-09-13T07:09:40.5499305Z     |           ---------- associated function in this implementation
2026-09-13T07:09:40.5499859Z ...
2026-09-13T07:09:40.5500283Z 155 |               pub(crate) fn from_core_id(id: ControlId) -> Self {
2026-09-13T07:09:40.5500867Z     |                             ^^^^^^^^^^^^
2026-09-13T07:09:40.5501282Z ...
2026-09-13T07:09:40.5501601Z 186 | / opaque_control_ref!(
2026-09-13T07:09:40.5501984Z 187 | |     FormRef,
2026-09-13T07:09:40.5502579Z 188 | |     "Referencia a una forma de transición constituida."
2026-09-13T07:09:40.5503100Z 189 | | );
2026-09-13T07:09:40.5503438Z     | |_- in this macro invocation
2026-09-13T07:09:40.5503846Z     |
2026-09-13T07:09:40.5504664Z     = note: this warning originates in the macro `opaque_control_ref` (in Nightly builds, run with -Z macro-backtrace for more info)
2026-09-13T07:09:40.5505432Z 
2026-09-13T07:09:40.5505686Z warning: associated function `from_core_id` is never used
2026-09-13T07:09:40.5506225Z    --> sv_core/src/control.rs:155:27
2026-09-13T07:09:40.5506633Z     |
2026-09-13T07:09:40.5507202Z 141 |           impl $name {
2026-09-13T07:09:40.5507687Z     |           ---------- associated function in this implementation
2026-09-13T07:09:40.5508193Z ...
2026-09-13T07:09:40.5508620Z 155 |               pub(crate) fn from_core_id(id: ControlId) -> Self {
2026-09-13T07:09:40.5509498Z     |                             ^^^^^^^^^^^^
2026-09-13T07:09:40.5509910Z ...
2026-09-13T07:09:40.5510210Z 190 | / opaque_control_ref!(
2026-09-13T07:09:40.5510599Z 191 | |     EffectFamilyRef,
2026-09-13T07:09:40.5511493Z 192 | |     "Referencia a una familia de efectos fijada por constitución."
2026-09-13T07:09:40.5512103Z 193 | | );
2026-09-13T07:09:40.5512410Z     | |_- in this macro invocation
2026-09-13T07:09:40.5512801Z     |
2026-09-13T07:09:40.5513568Z     = note: this warning originates in the macro `opaque_control_ref` (in Nightly builds, run with -Z macro-backtrace for more info)
2026-09-13T07:09:40.5514341Z 
2026-09-13T07:09:40.5514583Z warning: associated function `from_core_id` is never used
2026-09-13T07:09:40.5515134Z    --> sv_core/src/control.rs:155:27
2026-09-13T07:09:40.5515536Z     |
2026-09-13T07:09:40.5515829Z 141 |           impl $name {
2026-09-13T07:09:40.5516294Z     |           ---------- associated function in this implementation
2026-09-13T07:09:40.5516809Z ...
2026-09-13T07:09:40.5517210Z 155 |               pub(crate) fn from_core_id(id: ControlId) -> Self {
2026-09-13T07:09:40.5517759Z     |                             ^^^^^^^^^^^^
2026-09-13T07:09:40.5518247Z ...
2026-09-13T07:09:40.5518539Z 194 | / opaque_control_ref!(
2026-09-13T07:09:40.5520026Z 195 | |     EffectRef,
2026-09-13T07:09:40.5520604Z 196 | |     "Referencia a un efecto concreto; identificarlo no equivale a autorizarlo."
2026-09-13T07:09:40.5521245Z 197 | | );
2026-09-13T07:09:40.5521562Z     | |_- in this macro invocation
2026-09-13T07:09:40.5521956Z     |
2026-09-13T07:09:40.5522847Z     = note: this warning originates in the macro `opaque_control_ref` (in Nightly builds, run with -Z macro-backtrace for more info)
2026-09-13T07:09:40.5523703Z 
2026-09-13T07:09:40.5523961Z warning: associated function `from_core_id` is never used
2026-09-13T07:09:40.5524539Z    --> sv_core/src/control.rs:155:27
2026-09-13T07:09:40.5524948Z     |
2026-09-13T07:09:40.5525260Z 141 |           impl $name {
2026-09-13T07:09:40.5525744Z     |           ---------- associated function in this implementation
2026-09-13T07:09:40.5526271Z ...
2026-09-13T07:09:40.5526679Z 155 |               pub(crate) fn from_core_id(id: ControlId) -> Self {
2026-09-13T07:09:40.5527257Z     |                             ^^^^^^^^^^^^
2026-09-13T07:09:40.5527679Z ...
2026-09-13T07:09:40.5527984Z 198 | / opaque_control_ref!(
2026-09-13T07:09:40.5528373Z 199 | |     ContextRef,
2026-09-13T07:09:40.5529184Z 200 | |     "Referencia a una ligadura de contexto relevante para autoridad o forma."
2026-09-13T07:09:40.5529823Z 201 | | );
2026-09-13T07:09:40.5530145Z     | |_- in this macro invocation
2026-09-13T07:09:40.5530523Z     |
2026-09-13T07:09:40.5531317Z     = note: this warning originates in the macro `opaque_control_ref` (in Nightly builds, run with -Z macro-backtrace for more info)
2026-09-13T07:09:40.5532091Z 
2026-09-13T07:09:40.5532330Z warning: associated function `from_core_id` is never used
2026-09-13T07:09:40.5532927Z    --> sv_core/src/control.rs:155:27
2026-09-13T07:09:40.5533350Z     |
2026-09-13T07:09:40.5533649Z 141 |           impl $name {
2026-09-13T07:09:40.5534130Z     |           ---------- associated function in this implementation
2026-09-13T07:09:40.5534652Z ...
2026-09-13T07:09:40.5535071Z 155 |               pub(crate) fn from_core_id(id: ControlId) -> Self {
2026-09-13T07:09:40.5535627Z     |                             ^^^^^^^^^^^^
2026-09-13T07:09:40.5536030Z ...
2026-09-13T07:09:40.5536346Z 202 | / opaque_control_ref!(
2026-09-13T07:09:40.5536752Z 203 | |     AuthorityHolderRef,
2026-09-13T07:09:40.5537558Z 204 | |     "Referencia al titular de una autoridad; no constituye autoridad por sí misma."
2026-09-13T07:09:40.5538470Z 205 | | );
2026-09-13T07:09:40.5539036Z     | |_- in this macro invocation
2026-09-13T07:09:40.5539451Z     |
2026-09-13T07:09:40.5540250Z     = note: this warning originates in the macro `opaque_control_ref` (in Nightly builds, run with -Z macro-backtrace for more info)
2026-09-13T07:09:40.5541057Z 
2026-09-13T07:09:40.5541323Z warning: associated function `from_core_id` is never used
2026-09-13T07:09:40.5541868Z    --> sv_core/src/control.rs:155:27
2026-09-13T07:09:40.5542286Z     |
2026-09-13T07:09:40.5542592Z 141 |           impl $name {
2026-09-13T07:09:40.5543271Z     |           ---------- associated function in this implementation
2026-09-13T07:09:40.5543815Z ...
2026-09-13T07:09:40.5544231Z 155 |               pub(crate) fn from_core_id(id: ControlId) -> Self {
2026-09-13T07:09:40.5544817Z     |                             ^^^^^^^^^^^^
2026-09-13T07:09:40.5545264Z ...
2026-09-13T07:09:40.5545579Z 206 | / opaque_control_ref!(
2026-09-13T07:09:40.5545984Z 207 | |     GovernedObjectRef,
2026-09-13T07:09:40.5546542Z 208 | |     "Referencia a un objeto candidato a pertenecer al dominio gobernado D_a."
2026-09-13T07:09:40.5547183Z 209 | | );
2026-09-13T07:09:40.5547506Z     | |_- in this macro invocation
2026-09-13T07:09:40.5547901Z     |
2026-09-13T07:09:40.5549121Z     = note: this warning originates in the macro `opaque_control_ref` (in Nightly builds, run with -Z macro-backtrace for more info)
2026-09-13T07:09:40.5549944Z 
2026-09-13T07:09:40.5550191Z warning: associated function `from_core_id` is never used
2026-09-13T07:09:40.5550742Z    --> sv_core/src/control.rs:155:27
2026-09-13T07:09:40.5551140Z     |
2026-09-13T07:09:40.5551444Z 141 |           impl $name {
2026-09-13T07:09:40.5551932Z     |           ---------- associated function in this implementation
2026-09-13T07:09:40.5552446Z ...
2026-09-13T07:09:40.5552865Z 155 |               pub(crate) fn from_core_id(id: ControlId) -> Self {
2026-09-13T07:09:40.5553452Z     |                             ^^^^^^^^^^^^
2026-09-13T07:09:40.5553880Z ...
2026-09-13T07:09:40.5554196Z 210 | / opaque_control_ref!(
2026-09-13T07:09:40.5554597Z 211 | |     AccumulationRuleRef,
2026-09-13T07:09:40.5555405Z 212 | |     "Referencia a una regla gobernada de acumulación o a un predicado de traza."
2026-09-13T07:09:40.5556078Z 213 | | );
2026-09-13T07:09:40.5556401Z     | |_- in this macro invocation
2026-09-13T07:09:40.5556803Z     |
2026-09-13T07:09:40.5557628Z     = note: this warning originates in the macro `opaque_control_ref` (in Nightly builds, run with -Z macro-backtrace for more info)
2026-09-13T07:09:40.5558544Z 
2026-09-13T07:09:40.5559175Z warning: associated function `from_core_id` is never used
2026-09-13T07:09:40.5559759Z    --> sv_core/src/control.rs:155:27
2026-09-13T07:09:40.5560171Z     |
2026-09-13T07:09:40.5560470Z 141 |           impl $name {
2026-09-13T07:09:40.5560952Z     |           ---------- associated function in this implementation
2026-09-13T07:09:40.5561475Z ...
2026-09-13T07:09:40.5561888Z 155 |               pub(crate) fn from_core_id(id: ControlId) -> Self {
2026-09-13T07:09:40.5562486Z     |                             ^^^^^^^^^^^^
2026-09-13T07:09:40.5562932Z ...
2026-09-13T07:09:40.5563240Z 214 | / opaque_control_ref!(
2026-09-13T07:09:40.5563641Z 215 | |     RequirementRef,
2026-09-13T07:09:40.5564478Z 216 | |     "Referencia a una obligación de Req; identificarla no acredita su cumplimiento."
2026-09-13T07:09:40.5565194Z 217 | | );
2026-09-13T07:09:40.5565517Z     | |_- in this macro invocation
2026-09-13T07:09:40.5565926Z     |
2026-09-13T07:09:40.5566768Z     = note: this warning originates in the macro `opaque_control_ref` (in Nightly builds, run with -Z macro-backtrace for more info)
2026-09-13T07:09:40.5567602Z 
2026-09-13T07:09:40.5567857Z warning: associated function `from_core_id` is never used
2026-09-13T07:09:40.5568411Z    --> sv_core/src/control.rs:155:27
2026-09-13T07:09:40.5569086Z     |
2026-09-13T07:09:40.5569405Z 141 |           impl $name {
2026-09-13T07:09:40.5569903Z     |           ---------- associated function in this implementation
2026-09-13T07:09:40.5570679Z ...
2026-09-13T07:09:40.5571099Z 155 |               pub(crate) fn from_core_id(id: ControlId) -> Self {
2026-09-13T07:09:40.5571654Z     |                             ^^^^^^^^^^^^
2026-09-13T07:09:40.5572043Z ...
2026-09-13T07:09:40.5572348Z 218 | / opaque_control_ref!(
2026-09-13T07:09:40.5572730Z 219 | |     VerifierRef,
2026-09-13T07:09:40.5573364Z 220 | |     "Referencia a un verificador concreto; su mera existencia no acredita aplicabilidad."
2026-09-13T07:09:40.5574056Z 221 | | );
2026-09-13T07:09:40.5574544Z     | |_- in this macro invocation
2026-09-13T07:09:40.5574946Z     |
2026-09-13T07:09:40.5575712Z     = note: this warning originates in the macro `opaque_control_ref` (in Nightly builds, run with -Z macro-backtrace for more info)
2026-09-13T07:09:40.5576479Z 
2026-09-13T07:09:40.5576726Z warning: associated function `from_core_id` is never used
2026-09-13T07:09:40.5577275Z    --> sv_core/src/control.rs:155:27
2026-09-13T07:09:40.5577683Z     |
2026-09-13T07:09:40.5577981Z 141 |           impl $name {
2026-09-13T07:09:40.5578441Z     |           ---------- associated function in this implementation
2026-09-13T07:09:40.5579384Z ...
2026-09-13T07:09:40.5579801Z 155 |               pub(crate) fn from_core_id(id: ControlId) -> Self {
2026-09-13T07:09:40.5580353Z     |                             ^^^^^^^^^^^^
2026-09-13T07:09:40.5580752Z ...
2026-09-13T07:09:40.5581051Z 222 | / opaque_control_ref!(
2026-09-13T07:09:40.5581436Z 223 | |     VerifierFamilyRef,
2026-09-13T07:09:40.5582194Z 224 | |     "Referencia a una familia de verificadores admisibles para una obligación."
2026-09-13T07:09:40.5582866Z 225 | | );
2026-09-13T07:09:40.5583170Z     | |_- in this macro invocation
2026-09-13T07:09:40.5583566Z     |
2026-09-13T07:09:40.5584306Z     = note: this warning originates in the macro `opaque_control_ref` (in Nightly builds, run with -Z macro-backtrace for more info)
2026-09-13T07:09:40.5585095Z 
2026-09-13T07:09:40.5585345Z warning: associated function `from_core_id` is never used
2026-09-13T07:09:40.5585907Z    --> sv_core/src/control.rs:155:27
2026-09-13T07:09:40.5586300Z     |
2026-09-13T07:09:40.5586585Z 141 |           impl $name {
2026-09-13T07:09:40.5587045Z     |           ---------- associated function in this implementation
2026-09-13T07:09:40.5587513Z ...
2026-09-13T07:09:40.5587918Z 155 |               pub(crate) fn from_core_id(id: ControlId) -> Self {
2026-09-13T07:09:40.5588475Z     |                             ^^^^^^^^^^^^
2026-09-13T07:09:40.5589084Z ...
2026-09-13T07:09:40.5589401Z 226 | / opaque_control_ref!(
2026-09-13T07:09:40.5589817Z 227 | |     ApplicabilityRuleRef,
2026-09-13T07:09:40.5590687Z 228 | |     "Referencia a una regla previamente constituida de aplicabilidad de comprobación."
2026-09-13T07:09:40.5591385Z 229 | | );
2026-09-13T07:09:40.5591697Z     | |_- in this macro invocation
2026-09-13T07:09:40.5592081Z     |
2026-09-13T07:09:40.5592846Z     = note: this warning originates in the macro `opaque_control_ref` (in Nightly builds, run with -Z macro-backtrace for more info)
2026-09-13T07:09:40.5593629Z 
2026-09-13T07:09:40.5593863Z warning: associated function `from_core_id` is never used
2026-09-13T07:09:40.5594433Z    --> sv_core/src/control.rs:155:27
2026-09-13T07:09:40.5594861Z     |
2026-09-13T07:09:40.5595165Z 141 |           impl $name {
2026-09-13T07:09:40.5595663Z     |           ---------- associated function in this implementation
2026-09-13T07:09:40.5596214Z ...
2026-09-13T07:09:40.5596639Z 155 |               pub(crate) fn from_core_id(id: ControlId) -> Self {
2026-09-13T07:09:40.5597228Z     |                             ^^^^^^^^^^^^
2026-09-13T07:09:40.5597648Z ...
2026-09-13T07:09:40.5597945Z 230 | / opaque_control_ref!(
2026-09-13T07:09:40.5598358Z 231 | |     ConflictResolutionRuleRef,
2026-09-13T07:09:40.5599581Z 232 | |     "Referencia a una regla previamente constituida de resolución de conflicto entre comprobaciones."
2026-09-13T07:09:40.5600372Z 233 | | );
2026-09-13T07:09:40.5600695Z     | |_- in this macro invocation
2026-09-13T07:09:40.5601340Z     |
2026-09-13T07:09:40.5602148Z     = note: this warning originates in the macro `opaque_control_ref` (in Nightly builds, run with -Z macro-backtrace for more info)
2026-09-13T07:09:40.5602939Z 
2026-09-13T07:09:40.5603184Z warning: associated function `from_core_id` is never used
2026-09-13T07:09:40.5603733Z    --> sv_core/src/control.rs:155:27
2026-09-13T07:09:40.5604148Z     |
2026-09-13T07:09:40.5604439Z 141 |           impl $name {
2026-09-13T07:09:40.5605149Z     |           ---------- associated function in this implementation
2026-09-13T07:09:40.5605677Z ...
2026-09-13T07:09:40.5606084Z 155 |               pub(crate) fn from_core_id(id: ControlId) -> Self {
2026-09-13T07:09:40.5606628Z     |                             ^^^^^^^^^^^^
2026-09-13T07:09:40.5607039Z ...
2026-09-13T07:09:40.5607325Z 234 | / opaque_control_ref!(
2026-09-13T07:09:40.5607702Z 235 | |     CoverageRuleRef,
2026-09-13T07:09:40.5608394Z 236 | |     "Referencia a una regla previamente constituida de cobertura de comprobaciones exigibles."
2026-09-13T07:09:40.5609781Z 237 | | );
2026-09-13T07:09:40.5610116Z     | |_- in this macro invocation
2026-09-13T07:09:40.5610534Z     |
2026-09-13T07:09:40.5611311Z     = note: this warning originates in the macro `opaque_control_ref` (in Nightly builds, run with -Z macro-backtrace for more info)
2026-09-13T07:09:40.5612099Z 
2026-09-13T07:09:40.5612338Z warning: associated function `from_core_id` is never used
2026-09-13T07:09:40.5612903Z    --> sv_core/src/control.rs:155:27
2026-09-13T07:09:40.5613344Z     |
2026-09-13T07:09:40.5613653Z 141 |           impl $name {
2026-09-13T07:09:40.5614118Z     |           ---------- associated function in this implementation
2026-09-13T07:09:40.5643312Z ...
2026-09-13T07:09:40.5643879Z 155 |               pub(crate) fn from_core_id(id: ControlId) -> Self {
2026-09-13T07:09:40.5644468Z     |                             ^^^^^^^^^^^^
2026-09-13T07:09:40.5644888Z ...
2026-09-13T07:09:40.5645209Z 238 | / opaque_control_ref!(
2026-09-13T07:09:40.5645601Z 239 | |     ReuseRuleRef,
2026-09-13T07:09:40.5646530Z 240 | |     "Referencia a una regla previamente constituida de reutilización de resultados cualificados."
2026-09-13T07:09:40.5647353Z 241 | | );
2026-09-13T07:09:40.5647697Z     | |_- in this macro invocation
2026-09-13T07:09:40.5648085Z     |
2026-09-13T07:09:40.5649209Z     = note: this warning originates in the macro `opaque_control_ref` (in Nightly builds, run with -Z macro-backtrace for more info)
2026-09-13T07:09:40.5649988Z 
2026-09-13T07:09:40.5650255Z warning: associated function `from_core_id` is never used
2026-09-13T07:09:40.5650812Z    --> sv_core/src/control.rs:155:27
2026-09-13T07:09:40.5651228Z     |
2026-09-13T07:09:40.5651520Z 141 |           impl $name {
2026-09-13T07:09:40.5651974Z     |           ---------- associated function in this implementation
2026-09-13T07:09:40.5652468Z ...
2026-09-13T07:09:40.5652869Z 155 |               pub(crate) fn from_core_id(id: ControlId) -> Self {
2026-09-13T07:09:40.5653479Z     |                             ^^^^^^^^^^^^
2026-09-13T07:09:40.5653913Z ...
2026-09-13T07:09:40.5654226Z 242 | / opaque_control_ref!(
2026-09-13T07:09:40.5654626Z 243 | |     ReuseBindingKeyRef,
2026-09-13T07:09:40.5655634Z 244 | |     "Referencia a una dimensión constituida cuya continuidad puede ser exigible para reutilizar un resultado."
2026-09-13T07:09:40.5656448Z 245 | | );
2026-09-13T07:09:40.5656785Z     | |_- in this macro invocation
2026-09-13T07:09:40.5657229Z     |
2026-09-13T07:09:40.5658037Z     = note: this warning originates in the macro `opaque_control_ref` (in Nightly builds, run with -Z macro-backtrace for more info)
2026-09-13T07:09:40.5659082Z 
2026-09-13T07:09:40.5659353Z warning: associated function `from_core_id` is never used
2026-09-13T07:09:40.5659932Z    --> sv_core/src/control.rs:155:27
2026-09-13T07:09:40.5660320Z     |
2026-09-13T07:09:40.5660608Z 141 |           impl $name {
2026-09-13T07:09:40.5661083Z     |           ---------- associated function in this implementation
2026-09-13T07:09:40.5661845Z ...
2026-09-13T07:09:40.5662254Z 155 |               pub(crate) fn from_core_id(id: ControlId) -> Self {
2026-09-13T07:09:40.5662831Z     |                             ^^^^^^^^^^^^
2026-09-13T07:09:40.5663273Z ...
2026-09-13T07:09:40.5663573Z 246 | / opaque_control_ref!(
2026-09-13T07:09:40.5664023Z 247 | |     ReuseBindingValueRef,
2026-09-13T07:09:40.5665106Z 248 | |     "Referencia al valor constituido de una dimensión de reutilización; identificarlo no acredita su vigencia."
2026-09-13T07:09:40.5666010Z 249 | | );
2026-09-13T07:09:40.5666538Z     | |_- in this macro invocation
2026-09-13T07:09:40.5666944Z     |
2026-09-13T07:09:40.5667736Z     = note: this warning originates in the macro `opaque_control_ref` (in Nightly builds, run with -Z macro-backtrace for more info)
2026-09-13T07:09:40.5668503Z 
2026-09-13T07:09:40.5669104Z warning: constant `PROFILE_ID` is never used
2026-09-13T07:09:40.5669644Z  --> sv_core/src/identifier_profile.rs:6:18
2026-09-13T07:09:40.5670140Z   |
2026-09-13T07:09:40.5670615Z 6 | pub(crate) const PROFILE_ID: &str = "svp-grammar-0.2-lex-es-1";
2026-09-13T07:09:40.5671218Z   |                  ^^^^^^^^^^
2026-09-13T07:09:40.5671457Z 
2026-09-13T07:09:40.5671670Z warning: function `is_reserved_word` is never used
2026-09-13T07:09:40.5672209Z   --> sv_core/src/identifier_profile.rs:22:15
2026-09-13T07:09:40.5672656Z    |
2026-09-13T07:09:40.5673036Z 22 | pub(crate) fn is_reserved_word(word: &str) -> bool {
2026-09-13T07:09:40.5673551Z    |               ^^^^^^^^^^^^^^^^
2026-09-13T07:09:40.5673805Z 
2026-09-13T07:09:40.5674024Z warning: method `matches_descriptor` is never used
2026-09-13T07:09:40.5674564Z    --> sv_core/src/requirements_reuse.rs:121:19
2026-09-13T07:09:40.5675040Z     |
2026-09-13T07:09:40.5675339Z  44 | impl ReuseRule {
2026-09-13T07:09:40.5675762Z     | -------------- method in this implementation
2026-09-13T07:09:40.5676220Z ...
2026-09-13T07:09:40.5676813Z 121 |     pub(crate) fn matches_descriptor(&self, descriptor: &RequirementDescriptor) -> bool {
2026-09-13T07:09:40.5677593Z     |                   ^^^^^^^^^^^^^^^^^^
2026-09-13T07:09:40.5677887Z 
2026-09-13T07:09:40.5678261Z warning: hiding a lifetime that's elided elsewhere is confusing
2026-09-13T07:09:40.5679081Z     --> sv_core/src/frontend.rs:2084:13
2026-09-13T07:09:40.5679499Z      |
2026-09-13T07:09:40.5679804Z 2084 |     fn peek(&self) -> &Token {
2026-09-13T07:09:40.5680204Z      |             ^^^^^     ^^^^^^
2026-09-13T07:09:40.5680565Z      |             |         ||
2026-09-13T07:09:40.5681004Z      |             |         |the same lifetime is hidden here
2026-09-13T07:09:40.5681526Z      |             |         the same lifetime is elided here
2026-09-13T07:09:40.5682053Z      |             the lifetime is elided here
2026-09-13T07:09:40.5682474Z      |
2026-09-13T07:09:40.5683047Z      = help: the same lifetime is referred to in inconsistent ways, making the signature confusing
2026-09-13T07:09:40.5683869Z      = note: `#[warn(mismatched_lifetime_syntaxes)]` on by default
2026-09-13T07:09:40.5684440Z help: use `'_` for type paths
2026-09-13T07:09:40.5684824Z      |
2026-09-13T07:09:40.5685168Z 2084 |     fn peek(&self) -> &Token<'_> {
2026-09-13T07:09:40.5685594Z      |                             ++++
2026-09-13T07:09:40.5685873Z 
2026-09-13T07:09:41.0997793Z    Compiling sv_native v0.1.0 (/home/runner/work/SV-lenguaje-de-computacion/SV-lenguaje-de-computacion/rust/sv_native)
2026-09-13T07:09:41.3090154Z warning: function `permission_plan` is never used
2026-09-13T07:09:41.3090941Z    --> sv_core/src/authority/transitions/reuse_tests.rs:288:4
2026-09-13T07:09:41.3091703Z     |
2026-09-13T07:09:41.3092102Z 288 | fn permission_plan() -> GenesisPlan {
2026-09-13T07:09:41.3092785Z     |    ^^^^^^^^^^^^^^^
2026-09-13T07:09:41.3093807Z     |
2026-09-13T07:09:41.3094489Z     = note: `#[warn(dead_code)]` (part of `#[warn(unused)]`) on by default
2026-09-13T07:09:41.3095174Z 
2026-09-13T07:09:44.2696820Z warning: `sv_core` (lib) generated 25 warnings (run `cargo fix --lib -p sv_core` to apply 1 suggestion)
2026-09-13T07:09:44.2698570Z    Compiling sv_wasm v0.1.0 (/home/runner/work/SV-lenguaje-de-computacion/SV-lenguaje-de-computacion/rust/sv_wasm)
2026-09-13T07:09:47.0859661Z warning: function `check_witness` is never used
2026-09-13T07:09:47.0889561Z   --> sv_core/examples/../../../tests/row7_gh/probe.rs:59:8
2026-09-13T07:09:47.0919090Z    |
2026-09-13T07:09:47.0949360Z 59 | pub fn check_witness(witness: &str) -> Result<(), String> {
2026-09-13T07:09:47.0979149Z    |        ^^^^^^^^^^^^^
2026-09-13T07:09:47.1009184Z    |
2026-09-13T07:09:47.1039696Z    = note: `#[warn(dead_code)]` (part of `#[warn(unused)]`) on by default
2026-09-13T07:09:47.1069004Z 
2026-09-13T07:09:47.7846900Z warning: `sv_core` (example "gh_binding_probe_browser") generated 1 warning
2026-09-13T07:09:47.8210203Z warning: `sv_core` (example "gh_binding_probe") generated 1 warning (1 duplicate)
2026-09-13T07:09:47.8971924Z warning: `sv_core` (lib test) generated 4 warnings (3 duplicates)
2026-09-13T07:09:48.8823601Z warning: function `report` is never used
2026-09-13T07:09:48.8849642Z    --> sv_core/tests/../../../tests/row7_bindings/cases.rs:165:8
2026-09-13T07:09:48.8879361Z     |
2026-09-13T07:09:48.8909300Z 165 | pub fn report()->Result<String,String> {
2026-09-13T07:09:48.8910218Z     |        ^^^^^^
2026-09-13T07:09:48.8939343Z     |
2026-09-13T07:09:48.8969384Z     = note: `#[warn(dead_code)]` (part of `#[warn(unused)]`) on by default
2026-09-13T07:09:48.8970193Z 
2026-09-13T07:09:49.5366404Z warning: `sv_core` (test "bindings") generated 1 warning
2026-09-13T07:09:49.5467198Z     Finished `test` profile [unoptimized + debuginfo] target(s) in 10.01s
2026-09-13T07:09:49.5493077Z      Running unittests src/lib.rs (rust/target/debug/deps/sv_core-9f6bf0705a27b544)
2026-09-13T07:09:49.5505144Z 
2026-09-13T07:09:49.5505402Z running 211 tests
2026-09-13T07:09:49.5513702Z test admissibility::tests::admissibility_labels_are_exact ... ok
2026-09-13T07:09:49.5514585Z test admissibility::tests::admissibility_spec_rejects_missing_rule ... ok
2026-09-13T07:09:49.5515486Z test admissibility::tests::admissibility_spec_rejects_zero_parameter_id ... ok
2026-09-13T07:09:49.5516414Z test admissibility::tests::admissibility_state_is_exactly_the_closed_v0_2_set ... ok
2026-09-13T07:09:49.5517362Z test admissibility::tests::admitted_observation_does_not_itself_create_tri ... ok
2026-09-13T07:09:49.5518314Z test admissibility::tests::only_ok_and_degraded_are_positively_admitted ... ok
2026-09-13T07:09:49.5519447Z test admissibility::tests::technical_capture_failure_remains_outside_tri ... ok
2026-09-13T07:09:49.5520497Z test admissibility::tests::valid_admissibility_spec_preserves_identity_parameter_and_rule ... ok
2026-09-13T07:09:49.5521490Z test authority::tests::authority_rejects_effect_outside_its_context ... ok
2026-09-13T07:09:49.5522403Z test authority::tests::authority_rejects_effect_outside_its_governed_domain ... ok
2026-09-13T07:09:49.5523524Z test authority::tests::effect_scope_requires_complete_constituted_effect_and_domain ... ok
2026-09-13T07:09:49.5524690Z test authority::tests::constituted_authority_binds_holder_context_envelope_and_domain ... ok
2026-09-13T07:09:49.5525787Z test authority::tests::duplicate_members_do_not_expand_envelope_or_domain ... ok
2026-09-13T07:09:49.5526762Z test authority::tests::effect_envelope_uses_the_complete_effect_scope ... ok
2026-09-13T07:09:49.5527720Z test authority::tests::form_descriptor_freezes_the_constituted_dimensions ... ok
2026-09-13T07:09:49.5528950Z test authority::tests::form_scope_requires_family_and_context_together ... ok
2026-09-13T07:09:49.5530030Z test authority::tests::governed_domain_membership_is_decidable_before_exercise ... ok
2026-09-13T07:09:49.5534037Z test authority::transitions::reuse_tests::accredited_but_incomplete_coverage_never_forms_permit ... ok
2026-09-13T07:09:49.5535425Z test authority::transitions::reuse_tests::adapter_error_after_dispatch_is_indeterminate_not_non_execution ... ok
2026-09-13T07:09:49.5536767Z test authority::transitions::reuse_tests::complete_governed_da_forms_a_sealed_permit ... ok
2026-09-13T07:09:49.5538437Z test authority::transitions::reuse_tests::duplicate_reuse_rule_reference_across_requirements_rejects_t0_atomically ... ok
2026-09-13T07:09:49.5540081Z test authority::transitions::reuse_tests::empty_reuse_binding_set_rejects_t0_atomically ... ok
2026-09-13T07:09:49.5541363Z test authority::transitions::reuse_tests::different_effect_cannot_cross_mediation_with_valid_permit ... ok
2026-09-13T07:09:49.5543082Z test authority::transitions::reuse_tests::effect_outside_required_authority_scope_is_closed_before_permit ... ok
2026-09-13T07:09:49.5544440Z test authority::transitions::reuse_tests::duplicate_reuse_binding_key_rejects_t0_atomically ... ok
2026-09-13T07:09:49.5550314Z test authority::transitions::reuse_tests::form_effect_mismatch_is_closed_before_permit ... ok
2026-09-13T07:09:49.5551889Z test authority::transitions::reuse_tests::form_without_required_authority_cannot_form_permit ... ok
2026-09-13T07:09:49.5553325Z test authority::transitions::reuse_tests::governed_accumulation_contracts_remain_closed_before_adapter ... ok
2026-09-13T07:09:49.5557990Z test authority::transitions::reuse_tests::idempotent_requires_new_governed_attempt_and_new_exercise_ref ... ok
2026-09-13T07:09:49.5559681Z test authority::transitions::reuse_tests::mediated_t_e_executes_once_and_records_append_only_trace ... ok
2026-09-13T07:09:49.5561018Z test authority::transitions::reuse_tests::non_exercise_commitment_is_rejected_before_adapter_dispatch ... ok
2026-09-13T07:09:49.5562370Z test authority::transitions::reuse_tests::not_verifiable_requirements_never_form_positive_permit ... ok
2026-09-13T07:09:49.5563782Z test authority::transitions::reuse_tests::r1_4_unit_one_does_not_make_authorizing_classes_productive ... ok
2026-09-13T07:09:49.5565145Z test authority::transitions::reuse_tests::r1_4_unit_three_does_not_make_authorizing_classes_productive ... ok
2026-09-13T07:09:49.5566506Z test authority::transitions::reuse_tests::r1_4_unit_two_does_not_make_authorizing_classes_productive ... ok
2026-09-13T07:09:49.5567852Z test authority::transitions::reuse_tests::r1_5_refuted_decision_is_traced_without_mediation_or_exercise ... ok
2026-09-13T07:09:49.5569451Z test authority::transitions::reuse_tests::r1_5_incomplete_coverage_traces_resolved_da_as_qualified_dn ... ok
2026-09-13T07:09:49.5572428Z test authority::transitions::reuse_tests::r1_5_conflict_trace_preserves_each_individual_check_before_dn_resolution ... ok
2026-09-13T07:09:49.5581347Z test authority::transitions::reuse_tests::reuse_rule_is_constituted_by_t0_and_bound_to_requirement ... ok
2026-09-13T07:09:49.5583101Z test authority::transitions::reuse_tests::r1_5_traced_chain_from_t0_binds_decision_mediation_and_real_exercise ... ok
2026-09-13T07:09:49.5584706Z test authority::transitions::reuse_tests::refuted_requirements_never_form_positive_permit ... ok
2026-09-13T07:09:49.5586333Z test authority::transitions::reuse_tests::single_use_blocks_second_dispatch_after_confirmed_exercise ... ok
2026-09-13T07:09:49.5587663Z test authority::transitions::reuse_tests::single_use_blocks_second_dispatch_after_indeterminate_attempt ... ok
2026-09-13T07:09:49.5589103Z test authority::transitions::tests::applicability_mismatch_rejects_whole_genesis ... ok
2026-09-13T07:09:49.5590225Z test authority::transitions::tests::authorizing_form_requires_prior_authority_reference ... ok
2026-09-13T07:09:49.5591434Z test authority::transitions::tests::authority_effect_outside_context_is_rejected_without_partial_state ... ok
2026-09-13T07:09:49.5592784Z test authority::transitions::tests::authority_effect_outside_domain_is_rejected_without_partial_state ... ok
2026-09-13T07:09:49.5594076Z test authority::transitions::reuse_tests::valid_permit_is_consumed_into_exact_mediated_commitment ... ok
2026-09-13T07:09:49.5595417Z test authority::transitions::tests::conflict_rule_without_applicable_decisive_verifier_rejects_t0_atomically ... ok
2026-09-13T07:09:49.5596667Z test authority::transitions::tests::consumed_external_premise_cannot_seed_another_genesis ... ok
2026-09-13T07:09:49.5598103Z test authority::transitions::tests::controlled_form_without_context_is_rejected_before_constitution ... ok
2026-09-13T07:09:49.5599573Z test authority::transitions::tests::controlled_form_without_requirements_is_rejected_atomically ... ok
2026-09-13T07:09:49.5600837Z test authority::transitions::tests::coverage_required_verifier_without_applicability_rejects_t0_atomically ... ok
2026-09-13T07:09:49.5602058Z test authority::transitions::tests::duplicate_authority_reference_is_rejected_atomically ... ok
2026-09-13T07:09:49.5603462Z test authority::transitions::tests::coverage_rule_is_constituted_by_t0_and_bound_to_requirement ... ok
2026-09-13T07:09:49.5604765Z test authority::transitions::tests::duplicate_conflict_rule_reference_across_requirements_rejects_t0_atomically ... ok
2026-09-13T07:09:49.5606088Z test authority::transitions::tests::duplicate_coverage_required_verifier_rejects_t0_atomically ... ok
2026-09-13T07:09:49.5607440Z test authority::transitions::tests::duplicate_coverage_rule_reference_across_requirements_rejects_t0_atomically ... ok
2026-09-13T07:09:49.5608910Z test authority::transitions::tests::governance_constitutive_and_recovery_remain_non_productive ... ok
2026-09-13T07:09:49.5610073Z test authority::transitions::tests::duplicate_form_reference_is_rejected_atomically ... ok
2026-09-13T07:09:49.5611258Z test authority::transitions::tests::information_verification_enablement_and_exercise_are_non_authorizing ... ok
2026-09-13T07:09:49.5612461Z test authority::transitions::tests::empty_coverage_required_set_rejects_t0_atomically ... ok
2026-09-13T07:09:49.5613483Z test authority::transitions::tests::missing_mandatory_core_rejects_whole_genesis ... ok
2026-09-13T07:09:49.5614487Z test authority::transitions::tests::missing_required_authority_is_rejected ... ok
2026-09-13T07:09:49.5615535Z test authority::transitions::tests::only_genesis_has_productive_disposition_in_r1_3_unit_2 ... ok
2026-09-13T07:09:49.5616650Z test authority::transitions::tests::rejected_empty_genesis_does_not_consume_t0_or_premise ... ok
2026-09-13T07:09:49.5617777Z test authority::transitions::tests::uncontrolled_genesis_remains_valid_without_requirements ... ok
2026-09-13T07:09:49.5619162Z test authority::transitions::tests::second_t0_on_the_same_continuity_is_rejected ... ok
2026-09-13T07:09:49.5620244Z test authority::transitions::tests::valid_t0_constitutes_initial_state_and_consumes_genesis ... ok
2026-09-13T07:09:49.5621266Z test c03_tests::c03_accepts_a_coherent_declared_subset_without_exhaustivity ... ok
2026-09-13T07:09:49.5622189Z test c03_tests::c03_rejects_criticalities_while_no_surface_producer_exists ... ok
2026-09-13T07:09:49.5623152Z test c03_tests::c03_rejects_a_gate_or_supervision_that_escapes_the_causal_closure ... ok
2026-09-13T07:09:49.5624068Z test c03_tests::c03_rejects_external_or_duplicated_evaluation_sources ... ok
2026-09-13T07:09:49.5625024Z test c03_tests::c03_rejects_states_outside_architecture_or_multiple_states_for_one_node ... ok
2026-09-13T07:09:49.5625979Z test control_tests::control_id_rejects_empty_or_blank_identifiers ... ok
2026-09-13T07:09:49.5626938Z test control_tests::continuity_occupancy_has_distinct_uninhabited_and_inhabited_states ... ok
2026-09-13T07:09:49.5627921Z test control_tests::check_results_are_exactly_the_three_sec0d_results ... ok
2026-09-13T07:09:49.5629189Z test control_tests::protected_reference_categories_are_nominally_distinct ... ok
2026-09-13T07:09:49.5629847Z test control_tests::technical_check_results_are_a_type_distinct_from_tri ... ok
2026-09-13T07:09:49.5630413Z test control_tests::transition_classes_preserve_the_eight_contractual_labels ... ok
2026-09-13T07:09:49.5630915Z test equivalence::tests::json_escape_is_deterministic ... ok
2026-09-13T07:09:49.5631403Z test execution::tests::decimal_successor_is_unbounded_by_machine_word_width ... ok
2026-09-13T07:09:49.5631939Z test decision_trace::tests::decimal_successor_is_not_machine_word_bounded ... ok
2026-09-13T07:09:49.5632457Z test decision_trace::tests::decision_references_are_structural_ordinals ... ok
2026-09-13T07:09:49.5633118Z test frame_tests::distinct_architecture_nodes_accept_distinct_states ... ok
2026-09-13T07:09:49.5633565Z test frame_tests::duplicate_eval_source_is_rejected ... ok
2026-09-13T07:09:49.5633966Z test frame_tests::duplicate_state_reference_is_rejected ... ok
2026-09-13T07:09:49.5634387Z test frame_tests::eval_source_outside_frame_is_rejected ... ok
2026-09-13T07:09:49.5634778Z test frame_tests::frame_is_not_exhaustive ... ok
2026-09-13T07:09:49.5635260Z test frame_tests::non_empty_criticalities_are_rejected ... ok
2026-09-13T07:09:49.5635708Z test frame_tests::multiple_states_for_same_node_are_rejected ... ok
2026-09-13T07:09:49.5636133Z test frame_tests::gate_input_outside_frame_is_rejected ... ok
2026-09-13T07:09:49.5636540Z test frame_tests::state_outside_architecture_is_rejected ... ok
2026-09-13T07:09:49.5636981Z test frame_tests::supervision_cell_target_inside_frame_is_valid ... ok
2026-09-13T07:09:49.5637458Z test frame_tests::supervision_cell_target_outside_frame_is_rejected ... ok
2026-09-13T07:09:49.5637976Z test frame_tests::supervision_composed_target_outside_frame_is_rejected ... ok
2026-09-13T07:09:49.5638476Z test frame_tests::supervision_meta_eval_outside_frame_is_rejected ... ok
2026-09-13T07:09:49.5639414Z test frame_tests::supervision_system_target_matching_architecture_is_valid ... ok
2026-09-13T07:09:49.5640351Z test frame_tests::supervision_system_target_must_match_architecture ... ok
2026-09-13T07:09:49.5641369Z test frontend::source_profile_public_tests_2a::selector_textual_y_abi_son_cerrados_y_estables ... ok
2026-09-13T07:09:49.5642525Z test frontend::profile_catalog_tests_2a::catalogos_y_aislamiento_interperfil_son_exhaustivos ... ok
2026-09-13T07:09:49.5643620Z test frame_tests::valid_frame_preserves_declared_references_and_unbounded_nat_index ... ok
2026-09-13T07:09:49.5646933Z test frontend::tests::sha256_matches_known_vector ... ok
2026-09-13T07:09:49.5648383Z test identifier_profile::tests::cubre_la_ortografia_espanola_del_perfil ... ok
2026-09-13T07:09:49.5651681Z test identifier_profile::tests::excluye_formas_no_canónicas_y_otros_alfabetos ... ok
2026-09-13T07:09:49.5653051Z test frontend::tests::query_context_variants_are_materialized_as_closed_ir_variants ... ok
2026-09-13T07:09:49.5654387Z test identifier_profile::tests::las_palabras_reservadas_no_son_identificadores ... ok
2026-09-13T07:09:49.5655490Z test ir_tests::frame_ir_preserves_unbounded_index_declared_order_and_immutability ... ok
2026-09-13T07:09:49.5656677Z test frontend::union_surface_index_tests_2a::indice_conjunto_preserva_identidad_y_pertenencia_de_perfil ... ok
2026-09-13T07:09:49.5658216Z test ir_tests::admissibility_state_order_from_ir_is_preserved ... ok
2026-09-13T07:09:49.5659971Z test ir_tests::object_type_and_level_are_derived_not_supplied ... ok
2026-09-13T07:09:49.5660900Z test ir_tests::query_and_supervision_variants_keep_canonical_labels ... ok
2026-09-13T07:09:49.5661827Z test ir_tests::operation_type_and_result_are_derived_not_supplied ... ok
2026-09-13T07:09:49.5662735Z test ir_tests::trajectory_append_only_is_constitutive_in_the_representation ... ok
2026-09-13T07:09:49.5663720Z test ir_tests::program_header_is_fixed_and_order_is_preserved ... ok
2026-09-13T07:09:49.5664475Z test ir_tests::tri_has_distinct_language_and_ir_labels ... ok
2026-09-13T07:09:49.5669513Z test ir_tests::resolve_operation_preserves_identified_target_and_instances ... ok
2026-09-13T07:09:49.5670629Z test multisource_assembly_tests_2b::el_perfil_erroneo_no_se_rescata_por_la_otra_unidad ... ok
2026-09-13T07:09:49.5674147Z test multisource_assembly_tests_2b::admite_las_cuatro_combinaciones_de_perfil ... ok
2026-09-13T07:09:49.5679815Z test frontend::tests::compiles_all_current_valid_cases_from_actual_svp_text ... ok
2026-09-13T07:09:49.5681091Z test multisource_assembly_tests_2b::la_identidad_de_ensamblaje_es_determinista_y_sensible_al_orden ... ok
2026-09-13T07:09:49.5682566Z test multisource_assembly_tests_2b::referencia_transfronteriza_exige_el_ensamblaje_global ... ok
2026-09-13T07:09:49.5684325Z test multisource_assembly_tests_2b::una_produccion_no_puede_cruzar_la_frontera_de_archivo ... ok
2026-09-13T07:09:49.5685185Z test multisource_assembly_tests_2b::las_colisiones_globales_se_rechazan ... ok
2026-09-13T07:09:49.5685717Z test nat::tests::nat_accepts_values_beyond_u64_without_narrowing ... ok
2026-09-13T07:09:49.5686207Z test nat::tests::nat_has_one_internal_decimal_representation_per_value ... ok
2026-09-13T07:09:49.5686656Z test nat::tests::nat_rejects_non_decimal_material ... ok
2026-09-13T07:09:49.5687415Z test requirements::tests::aggregation_rejects_same_reference_with_different_material_binding ... ok
2026-09-13T07:09:49.5689553Z test requirements::tests::aggregation_rejects_duplicate_check_for_same_requirement ... ok
2026-09-13T07:09:49.5694506Z test requirements::tests::applicability_must_match_requirement_context_family_and_rule ... ok
2026-09-13T07:09:49.5695898Z test requirements::tests::all_accredited_aggregates_to_da ... ok
2026-09-13T07:09:49.5696833Z test requirements::tests::aggregation_requires_complete_coverage ... ok
2026-09-13T07:09:49.5697926Z test requirements::tests::nominal_da_cannot_form_an_aggregable_check_without_applicability ... ok
2026-09-13T07:09:49.5699152Z test requirements::tests::requirement_set_rejects_empty_req ... ok
2026-09-13T07:09:49.5699915Z test requirements::tests::dn_is_preserved_when_there_is_no_refutation ... ok
2026-09-13T07:09:49.5700750Z test requirements::tests::refutation_precedes_not_verifiable ... ok
2026-09-13T07:09:49.5701577Z test requirements::tests::requirement_set_rejects_reused_reference ... ok
2026-09-13T07:09:49.5702529Z test requirements::tests::requirement_set_requires_the_non_eludible_core ... ok
2026-09-13T07:09:49.5703562Z test requirements_bridge::tests::aggregation_rejects_foreign_material_binding ... ok
2026-09-13T07:09:49.5704361Z test requirements_bridge::tests::aggregation_is_independent_of_result_order ... ok
2026-09-13T07:09:49.5705363Z test requirements_bridge::tests::aggregation_rejects_duplicate_requirement_result ... ok
2026-09-13T07:09:49.5706398Z test requirements_bridge::tests::aggregation_rejects_unexpected_requirement_result ... ok
2026-09-13T07:09:49.5707442Z test requirements_bridge::tests::aggregation_requires_complete_requirement_coverage ... ok
2026-09-13T07:09:49.5708431Z test requirements_bridge::tests::complete_accreditation_aggregates_to_da ... ok
2026-09-13T07:09:49.5709737Z test requirements_bridge::tests::conflict_without_rule_preserves_each_individual_result ... ok
2026-09-13T07:09:49.5710921Z test requirements_bridge::tests::homogeneous_single_check_is_sealed_with_descriptor_and_observation ... ok
2026-09-13T07:09:49.5711975Z test requirements_bridge::tests::dn_is_preserved_without_refutation ... ok
2026-09-13T07:09:49.5712863Z test requirements_bridge::tests::refutation_precedes_dn_after_resolution ... ok
2026-09-13T07:09:49.5713853Z test requirements_conflict::tests::absent_decisive_verifier_leaves_conflict_at_dn ... ok
2026-09-13T07:09:49.5714978Z test requirements_conflict::tests::accredited_and_not_verifiable_without_rule_remain_not_verifiable ... ok
2026-09-13T07:09:49.5716145Z test requirements_conflict::tests::decisive_accredited_verifier_resolves_conflict_to_da ... ok
2026-09-13T07:09:49.5717268Z test requirements_conflict::tests::accredited_and_refuted_without_rule_become_not_verifiable ... ok
2026-09-13T07:09:49.5718381Z test requirements_conflict::tests::conflict_result_is_independent_of_input_order ... ok
2026-09-13T07:09:49.5719631Z test requirements_conflict::tests::decisive_dn_verifier_cannot_promote_conflict ... ok
2026-09-13T07:09:49.5720651Z test requirements_conflict::tests::decisive_refuted_verifier_resolves_conflict_to_dr ... ok
2026-09-13T07:09:49.5721575Z test requirements_conflict::tests::empty_check_set_is_rejected ... ok
2026-09-13T07:09:49.5722511Z test requirements_conflict::tests::homogeneous_accredited_checks_remain_accredited ... ok
2026-09-13T07:09:49.5723593Z test requirements_conflict::tests::homogeneous_not_verifiable_checks_remain_not_verifiable ... ok
2026-09-13T07:09:49.5724909Z test requirements_conflict::tests::mixed_requirements_are_not_a_single_conflict ... ok
2026-09-13T07:09:49.5725886Z test requirements_conflict::tests::homogeneous_refuted_checks_remain_refuted ... ok
2026-09-13T07:09:49.5726960Z test requirements_conflict::tests::majority_does_not_override_constituted_decisive_verifier ... ok
2026-09-13T07:09:49.5728086Z test requirements_conflict::tests::public_governed_path_rejects_foreign_material_binding ... ok
2026-09-13T07:09:49.5729523Z test requirements_conflict::tests::public_governed_path_without_rule_keeps_conflict_at_dn ... ok
2026-09-13T07:09:49.5730691Z test requirements_conflict::tests::refuted_and_not_verifiable_without_rule_become_not_verifiable ... ok
2026-09-13T07:09:49.5731812Z test requirements_conflict::tests::repeated_verifier_is_rejected_instead_of_weighted ... ok
2026-09-13T07:09:49.5733004Z test requirements_conflict::tests::repeated_verifier_with_incompatible_results_is_rejected_on_public_path ... ok
2026-09-13T07:09:49.5734172Z test requirements_coverage::tests::absence_of_rule_is_not_empty_positive_coverage ... ok
2026-09-13T07:09:49.5735230Z test requirements_coverage::tests::coverage_rule_identity_is_part_of_the_resolved_binding ... ok
2026-09-13T07:09:49.5736358Z test requirements_coverage::tests::accredited_results_without_coverage_rules_aggregate_to_dn ... ok
2026-09-13T07:09:49.5737426Z test requirements_coverage::tests::all_required_participants_complete_coverage ... ok
2026-09-13T07:09:49.5738442Z test requirements_coverage::tests::coverage_rule_rejects_duplicate_required_verifier ... ok
2026-09-13T07:09:49.5739801Z test requirements_coverage::tests::complete_coverage_of_all_accredited_requirements_aggregates_to_da ... ok
2026-09-13T07:09:49.5740907Z test requirements_coverage::tests::coverage_rule_rejects_empty_required_set ... ok
2026-09-13T07:09:49.5741951Z test requirements_coverage::tests::extra_participant_does_not_replace_a_missing_required_one ... ok
2026-09-13T07:09:49.5743002Z test requirements_coverage::tests::missing_required_participant_is_explicit ... ok
2026-09-13T07:09:49.5743994Z test requirements_coverage::tests::missing_required_verifier_prevents_da ... ok
2026-09-13T07:09:49.5744965Z test requirements_coverage::tests::refutation_is_not_erased_by_absent_coverage_rule ... ok
2026-09-13T07:09:49.5746672Z test requirements_coverage::tests::result_from_other_requirement_is_rejected ... ok
2026-09-13T07:09:49.5747773Z test requirements_coverage::tests::rule_bound_to_other_context_is_rejected_even_if_attached_for_test ... ok
2026-09-13T07:09:49.5749074Z test requirements_reuse::tests::changed_single_binding_closes_to_dn ... ok
2026-09-13T07:09:49.5749893Z test requirements_reuse::tests::changed_context_closes_to_dn ... ok
2026-09-13T07:09:49.5751516Z test requirements_reuse::tests::exact_continuity_preserves_da ... ok
2026-09-13T07:09:49.5752410Z test requirements_reuse::tests::exact_continuity_preserves_dn_without_promotion ... ok
2026-09-13T07:09:49.5753326Z test requirements_reuse::tests::missing_current_rule_closes_to_dn ... ok
2026-09-13T07:09:49.5754179Z test requirements_reuse::tests::exact_continuity_preserves_dr ... ok
2026-09-13T07:09:49.5755098Z test requirements_reuse::tests::incomplete_coverage_cannot_reappear_as_historical_da ... ok
2026-09-13T07:09:49.5756093Z test requirements_reuse::tests::other_requirement_is_structural_error ... ok
2026-09-13T07:09:49.5756988Z test requirements_reuse::tests::reuse_rule_rejects_duplicate_binding_key ... ok
2026-09-13T07:09:49.5757903Z test requirements_reuse::tests::reuse_rule_rejects_empty_binding_set ... ok
2026-09-13T07:09:49.5759224Z test resolution_tests::cell_target_u_is_reviewable_and_closure_remains_u ... ok
2026-09-13T07:09:49.5760102Z test requirements_reuse::tests::same_rule_reference_with_changed_binding_is_not_reusable ... ok
2026-09-13T07:09:49.5760761Z test resolution_tests::arbitrary_precision_position_cannot_overflow_into_a_valid_index ... ok
2026-09-13T07:09:49.5761331Z test resolution_tests::context_instance_must_match_res_spec_exactly ... ok
2026-09-13T07:09:49.5762047Z test resolution_tests::coupled_target_uses_the_effective_updated_vector ... ok
2026-09-13T07:09:49.5762586Z test resolution_tests::mechanism_instance_must_match_res_spec_exactly ... ok
2026-09-13T07:09:49.5763095Z test resolution_tests::non_evaluable_target_is_rejected_with_e305 ... ok
2026-09-13T07:09:49.5763584Z test resolution_tests::position_beyond_effective_vector_is_rejected ... ok
2026-09-13T07:09:49.5764091Z test resolution_tests::res_spec_preserves_opaque_contract_references ... ok
2026-09-13T07:09:49.5764689Z test resolution_tests::review_does_not_mutate_the_effective_state ... ok
2026-09-13T07:09:49.5765250Z test resolution_tests::review_material_never_becomes_positive_closure_by_execution_alone ... ok
2026-09-13T07:09:49.5765803Z test resolution_tests::target_value_must_be_a_constituted_u ... ok
2026-09-13T07:09:49.5766265Z test resolution_tests::zero_position_is_rejected_as_not_one_based ... ok
2026-09-13T07:09:49.5766848Z test tests::technical_invalidity_is_not_u ... ok
2026-09-13T07:09:49.5767797Z      Running tests/admissibility_table_causal.rs (rust/target/debug/deps/admissibility_table_causal-8911373653e15fdc)
2026-09-13T07:09:49.5769111Z test tests::tri_numeric_representation_is_canonical ... ok
2026-09-13T07:09:49.5769834Z test tests::tri_has_a_stable_one_byte_representation ... ok
2026-09-13T07:09:49.5770625Z test tests::tri_is_exactly_ternary_at_the_public_boundary ... ok
2026-09-13T07:09:49.5771245Z test tests::tri_roundtrip_is_canonical ... ok
2026-09-13T07:09:49.5772147Z test transition_data_wellformed::tests::decimal_order_does_not_narrow_unbounded_naturals ... ok
2026-09-13T07:09:49.5772846Z test wellformed::tests::decimal_order_does_not_narrow_unbounded_nat ... ok
2026-09-13T07:09:49.5773661Z test tests::tri_textual_representation_is_canonical ... ok
2026-09-13T07:09:49.5774445Z test tests::version_constants_match_the_integrated_frontend_contract ... ok
2026-09-13T07:09:49.5774982Z 
2026-09-13T07:09:49.5775371Z test result: ok. 211 passed; 0 failed; 0 ignored; 0 measured; 0 filtered out; finished in 0.02s
2026-09-13T07:09:49.5775856Z 
2026-09-13T07:09:49.5775860Z 
2026-09-13T07:09:49.5775954Z running 3 tests
2026-09-13T07:09:49.5776564Z      Running tests/architecture_type_guards.rs (rust/target/debug/deps/architecture_type_guards-e63f5ba1c527b1f9)
2026-09-13T07:09:49.5777618Z test el_cierre_interno_historico_falla_en_sintaxis ... ok
2026-09-13T07:09:49.5778080Z test salida_ajena_al_codominio_alcanza_la_guarda_semantica ... ok
2026-09-13T07:09:49.5778588Z test sustituir_solo_la_salida_por_un_miembro_declarado_admite_la_tabla ... ok
2026-09-13T07:09:49.5779273Z 
2026-09-13T07:09:49.5779534Z test result: ok. 3 passed; 0 failed; 0 ignored; 0 measured; 0 filtered out; finished in 0.00s
2026-09-13T07:09:49.5779875Z 
2026-09-13T07:09:49.5786182Z 
2026-09-13T07:09:49.5786325Z running 3 tests
2026-09-13T07:09:49.5791398Z test frame_architecture_exige_composition_graph_en_ambos_perfiles ... ok
2026-09-13T07:09:49.5792359Z test compose_graph_exige_composition_graph_en_ambos_perfiles ... ok
2026-09-13T07:09:49.5793159Z test frame_y_compose_conservan_sus_controles_validos ... ok
2026-09-13T07:09:49.5793593Z 
2026-09-13T07:09:49.5793985Z test result: ok. 3 passed; 0 failed; 0 ignored; 0 measured; 0 filtered out; finished in 0.00s
2026-09-13T07:09:49.5794360Z 
2026-09-13T07:09:49.5795284Z      Running tests/bindings.rs (rust/target/debug/deps/bindings-e3479c09a1b0b2e2)
2026-09-13T07:09:49.5804713Z 
2026-09-13T07:09:49.5804891Z running 45 tests
2026-09-13T07:09:49.6053817Z test l00_esquema ... ok
2026-09-13T07:09:49.6054572Z test l00_identidad_vacia ... ok
2026-09-13T07:09:49.6110524Z test l00_operacion_duplicada ... ok
2026-09-13T07:09:49.6281260Z test l01_version ... ok
2026-09-13T07:09:49.6353573Z test l02_orden_expectativa ... ok
2026-09-13T07:09:49.6379560Z test l00_uso_duplicado ... ok
2026-09-13T07:09:49.6579276Z test l03_programa ... ok
2026-09-13T07:09:49.6655172Z test l04_bytes ... ok
2026-09-13T07:09:49.6657043Z test l05_version_duplicada ... ok
2026-09-13T07:09:49.6854164Z test l06_referencia_ausente ... ok
2026-09-13T07:09:49.6978136Z test l06_referencia_exacta ... ok
2026-09-13T07:09:49.6999574Z test l07_clase ... ok
2026-09-13T07:09:49.7154996Z test l08_instancia_duplicada ... ok
2026-09-13T07:09:49.7276099Z test l09_parametro ... ok
2026-09-13T07:09:49.7279794Z test l09_propietario ... ok
2026-09-13T07:09:49.7499373Z test l10_admision_ajena ... ok
2026-09-13T07:09:49.7589286Z test l10_captura_ajena ... ok
2026-09-13T07:09:49.7619222Z test l10_admision_tipo ... ok
2026-09-13T07:09:49.7798455Z test l10_captura_tipo ... ok
2026-09-13T07:09:49.7844601Z test l11_numeral_captura ... ok
2026-09-13T07:09:49.7889680Z test controles_positivos_preservan_identidad_orden_y_multiplicidad ... ok
2026-09-13T07:09:49.7919315Z test l11_numeral_admision ... ok
2026-09-13T07:09:49.8129673Z test l12_regla ... ok
2026-09-13T07:09:49.8178333Z test l13_espacio ... ok
2026-09-13T07:09:49.8184477Z test l14_procedencia ... ok
2026-09-13T07:09:49.8211907Z test l13_ternarizador_ajeno ... ok
2026-09-13T07:09:49.8456917Z test l16_instancia_ausente ... ok
2026-09-13T07:09:49.8517671Z test l15_operacion ... ok
2026-09-13T07:09:49.8539212Z test l17_destino_ausente ... ok
2026-09-13T07:09:49.8539687Z test l15_version_operacion ... ok
2026-09-13T07:09:49.8779121Z test l18_destino_ausente ... ok
2026-09-13T07:09:49.8822400Z test l18_destino_tipo ... ok
2026-09-13T07:09:49.8829559Z test l18_nodo_ajeno ... ok
2026-09-13T07:09:49.8859150Z test l19_cero ... ok
2026-09-13T07:09:49.9052502Z test l19_diez ... ok
2026-09-13T07:09:49.9128548Z test l19_nat_grande ... ok
2026-09-13T07:09:49.9149478Z test l21_comparticion_ausente ... ok
2026-09-13T07:09:49.9169181Z test l20_colision ... ok
2026-09-13T07:09:49.9359181Z test l22_alias_destino ... ok
2026-09-13T07:09:49.9435347Z test l23_comparticion_incompleta ... ok
2026-09-13T07:09:49.9441639Z test l22_alias_instancia ... ok
2026-09-13T07:09:49.9442404Z test l22_alias_posterior ... ok
2026-09-13T07:09:49.9570847Z test l23_comparticion_orden ... ok
2026-09-13T07:09:49.9736372Z test l24_lateral_ausente ... ok
2026-09-13T07:09:49.9739647Z test l24_lateral_oculta ... ok
2026-09-13T07:09:49.9739942Z 
2026-09-13T07:09:49.9740377Z test result: ok. 45 passed; 0 failed; 0 ignored; 0 measured; 0 filtered out; finished in 0.39s
2026-09-13T07:09:49.9741017Z 
2026-09-13T07:09:49.9742874Z      Running tests/bridge_set.rs (rust/target/debug/deps/bridge_set-38720aba5ea81af3)
2026-09-13T07:09:49.9754549Z 
2026-09-13T07:09:49.9754692Z running 3 tests
2026-09-13T07:09:49.9760916Z test empty_set_and_declared_order_are_preserved ... ok
2026-09-13T07:09:49.9761383Z test existing_range_rejection_keeps_precedence ... ok
2026-09-13T07:09:49.9761817Z test duplicate_nat_positions_are_rejected_before_ir_admission ... ok
2026-09-13T07:09:49.9762141Z 
2026-09-13T07:09:49.9762538Z test result: ok. 3 passed; 0 failed; 0 ignored; 0 measured; 0 filtered out; finished in 0.00s
2026-09-13T07:09:49.9763164Z 
2026-09-13T07:09:49.9763725Z      Running tests/cell_geometry_native.rs (rust/target/debug/deps/cell_geometry_native-f5d08cc51e268b59)
2026-09-13T07:09:49.9772550Z 
2026-09-13T07:09:49.9772687Z running 4 tests
2026-09-13T07:09:49.9779350Z test b_menor_que_tres_se_rechaza_nativamente_en_ambos_perfiles ... ok
2026-09-13T07:09:49.9780186Z test vector_de_longitud_dieciseis_es_admisible_para_b_cuatro ... ok
2026-09-13T07:09:49.9781016Z test b_tres_y_b_cuatro_derivan_nueve_y_dieciseis_posiciones ... ok
2026-09-13T07:09:49.9781682Z test longitud_de_vector_distinta_de_n_se_rechaza_nativamente ... ok
2026-09-13T07:09:49.9782395Z      Running tests/codomain_uniqueness.rs (rust/target/debug/deps/codomain_uniqueness-9d387cf8f1c88b1b)
2026-09-13T07:09:49.9783109Z 
2026-09-13T07:09:49.9783554Z test result: ok. 4 passed; 0 failed; 0 ignored; 0 measured; 0 filtered out; finished in 0.00s
2026-09-13T07:09:49.9783952Z 
2026-09-13T07:09:49.9791777Z 
2026-09-13T07:09:49.9791940Z running 3 tests
2026-09-13T07:09:49.9795846Z test n0_01_conserva_codominios_distintos_en_ambos_perfiles ... ok
2026-09-13T07:09:49.9796787Z test n0_01_rechaza_miembro_duplicado_en_ambos_perfiles ... ok
2026-09-13T07:09:49.9797254Z test n0_01_el_ensamblaje_no_rescata_un_codominio_duplicado ... ok
2026-09-13T07:09:49.9797660Z 
2026-09-13T07:09:49.9797985Z test result: ok. 3 passed; 0 failed; 0 ignored; 0 measured; 0 filtered out; finished in 0.00s
2026-09-13T07:09:49.9798352Z 
2026-09-13T07:09:49.9799105Z      Running tests/context_wellformed.rs (rust/target/debug/deps/context_wellformed-d96c5ed24650c13e)
2026-09-13T07:09:49.9807498Z 
2026-09-13T07:09:49.9807657Z running 11 tests
2026-09-13T07:09:49.9921694Z test query_architecture_gate_entrada_ajena ... ok
2026-09-13T07:09:49.9922481Z test query_architecture_cell_ajena ... ok
2026-09-13T07:09:49.9924770Z test query_architecture_eval_celda_ajena ... ok
2026-09-13T07:09:49.9925554Z test query_architecture_eval_nodo_ajeno ... ok
2026-09-13T07:09:50.0037370Z test query_coverage_interface_ajena ... ok
2026-09-13T07:09:50.0038320Z test query_comparison_frame_ajeno ... ok
2026-09-13T07:09:50.0039294Z test query_point_frame_ajeno ... ok
2026-09-13T07:09:50.0079344Z test query_coverage_silent_u_ajena ... ok
2026-09-13T07:09:50.0144372Z test trajectory_frame_arquitectura_distinta ... ok
2026-09-13T07:09:50.0144930Z test trajectory_horizon_arquitectura_distinta ... ok
2026-09-13T07:09:50.0163150Z test query_trajectory_ajena ... ok
2026-09-13T07:09:50.0163500Z 
2026-09-13T07:09:50.0163977Z test result: ok. 11 passed; 0 failed; 0 ignored; 0 measured; 0 filtered out; finished in 0.04s
2026-09-13T07:09:50.0164686Z 
2026-09-13T07:09:50.0166199Z      Running tests/cyb_authority_boundary.rs (rust/target/debug/deps/cyb_authority_boundary-ad89efce2fcd2b6c)
2026-09-13T07:09:50.0174994Z 
2026-09-13T07:09:50.0175778Z running 9 tests
2026-09-13T07:09:50.0539827Z test fa02_macro_no_elude_referencia_privada ... ok
2026-09-13T07:09:50.0569579Z test fa01_referencia_de_autoridad_privada ... ok
2026-09-13T07:09:50.0705854Z test fa03_premisa_externa_no_fabricable ... ok
2026-09-13T07:09:50.0942816Z test fa04_macro_no_elude_premisa_privada ... ok
2026-09-13T07:09:50.0962086Z test fa05_ligadura_validada_no_es_autoridad ... ok
2026-09-13T07:09:50.1073369Z test fa06_resultado_elegido_no_es_permiso ... ok
2026-09-13T07:09:50.1346314Z test fa07_booleano_no_sustituye_premisa ... ok
2026-09-13T07:09:50.2040554Z test datos_documentales_no_constituyen_autoridad ... ok
2026-09-13T07:09:50.2270477Z test macro_de_datos_nominales_admitida ... ok
2026-09-13T07:09:50.2270927Z 
2026-09-13T07:09:50.2271267Z test result: ok. 9 passed; 0 failed; 0 ignored; 0 measured; 0 filtered out; finished in 0.21s
2026-09-13T07:09:50.2271855Z 
2026-09-13T07:09:50.2272951Z      Running tests/cyb_reception.rs (rust/target/debug/deps/cyb_reception-28ef2efde3c31c5a)
2026-09-13T07:09:50.2282698Z 
2026-09-13T07:09:50.2282872Z running 12 tests
2026-09-13T07:09:50.3413834Z test cyb_instancias_documentales_independientes ... ok
2026-09-13T07:09:50.8119585Z test cyb_rechazos_causales_y_reparaciones ... ok
2026-09-13T07:09:52.8727819Z test cyb_definicion_y_modulos_exactos ... ok
2026-09-13T07:09:54.4555747Z test cyb_ensamblaje_inverso ... ok
2026-09-13T07:09:54.4581151Z test probe::json::tests::preserves_fixed_values_order_and_unicode ... ok
2026-09-13T07:09:54.4591155Z test probe::json::tests::rejects_duplicate_and_index_keys ... ok
2026-09-13T07:09:54.4592111Z test probe::json::tests::rejects_invalid_unicode_and_utf8 ... ok
2026-09-13T07:09:54.4593142Z test probe::json::tests::rejects_json_syntax_instead_of_repairing_it ... ok
2026-09-13T07:09:54.4594393Z test probe::json::tests::rejects_numeric_conversion_before_it_loses_information ... ok
2026-09-13T07:09:54.4874349Z test cyb_ensamblaje_directo ... ok
2026-09-13T07:09:54.8729590Z test cyb_transporte_en ... ok
2026-09-13T07:09:56.1982546Z test cyb_transporte_es ... ok
2026-09-13T07:09:56.1982875Z 
2026-09-13T07:09:56.1983306Z test result: ok. 12 passed; 0 failed; 0 ignored; 0 measured; 0 filtered out; finished in 5.97s
2026-09-13T07:09:56.1983922Z 
2026-09-13T07:09:56.1986940Z      Running tests/domain_parameters.rs (rust/target/debug/deps/domain_parameters-48cafe0685ab2722)
2026-09-13T07:09:56.2000952Z 
2026-09-13T07:09:56.2009514Z running 3 tests
2026-09-13T07:09:56.2010095Z test exact_names_and_order_are_preserved_without_numeric_binding ... ok
2026-09-13T07:09:56.2016009Z test unconsumed_domain_rejects_repeated_nominal_identity ... ok
2026-09-13T07:09:56.2025418Z test previous_chain_and_reference_rejections_remain_first ... ok
2026-09-13T07:09:56.2026029Z 
2026-09-13T07:09:56.2026608Z      Running tests/gh_bindings.rs (rust/target/debug/deps/gh_bindings-af743f2f014cd251)
2026-09-13T07:09:56.2030145Z test result: ok. 3 passed; 0 failed; 0 ignored; 0 measured; 0 filtered out; finished in 0.00s
2026-09-13T07:09:56.2030682Z 
2026-09-13T07:09:56.2035633Z 
2026-09-13T07:09:56.2035802Z running 8 tests
2026-09-13T07:09:56.2328361Z test estado_propuesta ... ok
2026-09-13T07:09:56.2329207Z test adjudicacion_separada ... ok
2026-09-13T07:09:56.2359313Z test antecedente_enmienda ... ok
2026-09-13T07:09:56.2389309Z test atribucion_documental ... ok
2026-09-13T07:09:56.2609855Z test extremo_de_ventana ... ok
2026-09-13T07:09:56.2615625Z test ligaduras_ordenadas ... ok
2026-09-13T07:09:56.2616113Z test unidad_metodo_referencia ... ok
2026-09-13T07:09:56.2620316Z test u_y_configuracion_ausente ... ok
2026-09-13T07:09:56.2620696Z 
2026-09-13T07:09:56.2621902Z test result: ok. 8 passed; 0 failed; 0 ignored; 0 measured; 0 filtered out; finished in 0.06s
2026-09-13T07:09:56.2622537Z 
2026-09-13T07:09:56.2623657Z      Running tests/grammar_closed_domains.rs (rust/target/debug/deps/grammar_closed_domains-bcf8bb67d13e224c)
2026-09-13T07:09:56.2632643Z 
2026-09-13T07:09:56.2632816Z running 5 tests
2026-09-13T07:09:56.2636834Z test dg01_rechaza_kind_ajeno_en_y_es ... ok
2026-09-13T07:09:56.2637419Z test dg02_rechaza_pattern_ajeno_en_y_es ... ok
2026-09-13T07:09:56.2637962Z test dg03_rechaza_regime_ajeno_en_y_es ... ok
2026-09-13T07:09:56.2641221Z test ensamblaje_no_rescata_un_literal_ajeno_de_otra_unidad ... ok
2026-09-13T07:09:56.2642233Z test dominios_canónicos_siguen_admitidos_en_y_es ... ok
2026-09-13T07:09:56.2642566Z 
2026-09-13T07:09:56.2642820Z test result: ok. 5 passed; 0 failed; 0 ignored; 0 measured; 0 filtered out; finished in 0.00s
2026-09-13T07:09:56.2643356Z 
2026-09-13T07:09:56.2644229Z      Running tests/horizon_architecture.rs (rust/target/debug/deps/horizon_architecture-1615d4acc492fca6)
2026-09-13T07:09:56.2653085Z 
2026-09-13T07:09:56.2653222Z running 5 tests
2026-09-13T07:09:56.2670993Z test n0_04_existing_graph_must_be_wellformed ... ok
2026-09-13T07:09:56.2672069Z test n0_04_forward_reference_preserves_graph_and_events ... ok
2026-09-13T07:09:56.2679143Z test n0_04_missing_wrong_type_self_and_operation_in_both_profiles ... ok
2026-09-13T07:09:56.2683128Z test n0_04_agent_identity_and_equal_missing_names ... ok
2026-09-13T07:09:56.2692664Z test n0_04_mixed_assembly_resolves_or_rejects_in_both_orders ... ok
2026-09-13T07:09:56.2693152Z 
2026-09-13T07:09:56.2693605Z test result: ok. 5 passed; 0 failed; 0 ignored; 0 measured; 0 filtered out; finished in 0.00s
2026-09-13T07:09:56.2694206Z 
2026-09-13T07:09:56.2694821Z      Running tests/horizon_events.rs (rust/target/debug/deps/horizon_events-be5410cda4fd3acb)
2026-09-13T07:09:56.2704034Z 
2026-09-13T07:09:56.2704209Z running 3 tests
2026-09-13T07:09:56.2710747Z test duplicate_types_are_rejected_in_an_unconsumed_horizon ... ok
2026-09-13T07:09:56.2711557Z test uniqueness_is_local_and_preserves_declared_order ... ok
2026-09-13T07:09:56.2714635Z test previous_reference_empty_and_membership_diagnostics_remain_first ... ok
2026-09-13T07:09:56.2715262Z 
2026-09-13T07:09:56.2715697Z test result: ok. 3 passed; 0 failed; 0 ignored; 0 measured; 0 filtered out; finished in 0.00s
2026-09-13T07:09:56.2716281Z 
2026-09-13T07:09:56.2716755Z      Running tests/json_projection.rs (rust/target/debug/deps/json_projection-64ea6a6ff1da5665)
2026-09-13T07:09:56.2725720Z 
2026-09-13T07:09:56.2725901Z running 5 tests
2026-09-13T07:09:56.2733079Z test n0_03_conserva_guarda_previa_del_otro_mapa_variable ... ok
2026-09-13T07:09:56.2734186Z test n0_03_conserva_claves_compartidas_entre_mapas_y_mapa_vacio ... ok
2026-09-13T07:09:56.2734948Z test n0_03_ensamblaje_no_rescata_duplicados_sin_celda ... ok
2026-09-13T07:09:56.2735646Z test n0_03_rechaza_semantica_no_enlazada_en_es_en ... ok
2026-09-13T07:09:56.2736257Z test n0_03_ensamblaje_conserva_ambitos_y_referencias_de_n0_02 ... ok
2026-09-13T07:09:56.2736713Z 
2026-09-13T07:09:56.2736982Z test result: ok. 5 passed; 0 failed; 0 ignored; 0 measured; 0 filtered out; finished in 0.00s
2026-09-13T07:09:56.2737338Z 
2026-09-13T07:09:56.2737963Z      Running tests/optional_fields.rs (rust/target/debug/deps/optional_fields-7aac2bf55c50ed5b)
2026-09-13T07:09:56.2746492Z 
2026-09-13T07:09:56.2746624Z running 2 tests
2026-09-13T07:09:56.2750940Z test malformed_declarations_are_rejected_without_a_consumer ... ok
2026-09-13T07:09:56.2751580Z test optional_absence_and_list_occurrences_are_preserved ... ok
2026-09-13T07:09:56.2751909Z 
2026-09-13T07:09:56.2752166Z test result: ok. 2 passed; 0 failed; 0 ignored; 0 measured; 0 filtered out; finished in 0.00s
2026-09-13T07:09:56.2752694Z 
2026-09-13T07:09:56.2753837Z      Running tests/output_semantics_totality.rs (rust/target/debug/deps/output_semantics_totality-5bda3ca7398b0654)
2026-09-13T07:09:56.2762556Z 
2026-09-13T07:09:56.2762687Z running 6 tests
2026-09-13T07:09:56.2782359Z test n0_02_otra_semantica_no_completa_la_referenciada ... ok
2026-09-13T07:09:56.2783107Z test n0_02_ensambla_relacion_total_entre_unidades_en_es ... ok
2026-09-13T07:09:56.2783880Z test n0_02_preserva_orden_y_textos_compartidos_en_es_en ... ok
2026-09-13T07:09:56.2784489Z test n0_02_ensamblaje_no_rescata_relacion_invalida ... ok
2026-09-13T07:09:56.2785231Z test n0_02_cada_celda_comprueba_su_codominio_aunque_comparta_semantica ... ok
2026-09-13T07:09:56.2785961Z test n0_02_rechaza_cuatro_defectos_en_es_en_y_referencias_adelantadas ... ok
2026-09-13T07:09:56.2786492Z 
2026-09-13T07:09:56.2786921Z test result: ok. 6 passed; 0 failed; 0 ignored; 0 measured; 0 filtered out; finished in 0.00s
2026-09-13T07:09:56.2787576Z 
2026-09-13T07:09:56.2788333Z      Running tests/projection_metadata_native.rs (rust/target/debug/deps/projection_metadata_native-9cceed390e7393ea)
2026-09-13T07:09:56.2795341Z 
2026-09-13T07:09:56.2795668Z running 3 tests
2026-09-13T07:09:56.2800627Z test bytes_fuente_distintos_modifican_la_huella_y_su_emision ... ok
2026-09-13T07:09:56.2801185Z test proyeccion_emite_una_vez_version_fichero_y_huella_reales ... ok
2026-09-13T07:09:56.2802161Z test source_file_modifica_la_proyeccion_sin_alterar_la_huella_del_contenido ... ok
2026-09-13T07:09:56.2802755Z 
2026-09-13T07:09:56.2803216Z test result: ok. 3 passed; 0 failed; 0 ignored; 0 measured; 0 filtered out; finished in 0.00s
2026-09-13T07:09:56.2803817Z 
2026-09-13T07:09:56.2804790Z      Running tests/transition_data_wellformed.rs (rust/target/debug/deps/transition_data_wellformed-9a9fd0956cc5e69a)
2026-09-13T07:09:56.2814728Z 
2026-09-13T07:09:56.2814901Z running 6 tests
2026-09-13T07:09:56.2825523Z test transition_data_rechaza_destino_inducido_repetido_con_valor_igual_o_distinto ... ok
2026-09-13T07:09:56.2827040Z test transition_data_admite_nodos_declarados_posiciones_extremas_e_instancias_compartidas ... ok
2026-09-13T07:09:56.2828059Z test ensamblaje_mixto_no_rescata_transition_data_invalido ... ok
2026-09-13T07:09:56.2829263Z test transition_data_rechaza_cero_y_posicion_superior_a_n_sin_estrechar_nat ... ok
2026-09-13T07:09:56.2833356Z test transition_data_rechaza_tipo_de_suceso_repetido_con_valor_igual_o_distinto ... ok
2026-09-13T07:09:56.2837204Z test transition_data_rechaza_nodo_ausente_tipo_incorrecto_o_fuera_de_arquitectura ... ok
2026-09-13T07:09:56.2837597Z 
2026-09-13T07:09:56.2838205Z test result: ok. 6 passed; 0 failed; 0 ignored; 0 measured; 0 filtered out; finished in 0.00s
2026-09-13T07:09:56.2839041Z 
2026-09-13T07:09:56.2839583Z      Running unittests src/lib.rs (rust/target/debug/deps/sv_native-6e1155a35e912bb1)
2026-09-13T07:09:56.2847943Z 
2026-09-13T07:09:56.2848081Z running 0 tests
2026-09-13T07:09:56.2848584Z 
2026-09-13T07:09:56.2849315Z test result: ok. 0 passed; 0 failed; 0 ignored; 0 measured; 0 filtered out; finished in 0.00s
2026-09-13T07:09:56.2849689Z 
2026-09-13T07:09:56.2851420Z      Running unittests src/manifiesto_main.rs (rust/target/debug/deps/manifiesto_sv-bff7e96ed7a38d3d)
2026-09-13T07:09:56.2859850Z 
2026-09-13T07:09:56.2860028Z running 0 tests
2026-09-13T07:09:56.2860301Z 
2026-09-13T07:09:56.2860844Z test result: ok. 0 passed; 0 failed; 0 ignored; 0 measured; 0 filtered out; finished in 0.00s
2026-09-13T07:09:56.2861449Z 
2026-09-13T07:09:56.2862571Z      Running unittests src/main.rs (rust/target/debug/deps/sv_native-4730a139181e2edb)
2026-09-13T07:09:56.2871683Z 
2026-09-13T07:09:56.2871872Z running 0 tests
2026-09-13T07:09:56.2873209Z 
2026-09-13T07:09:56.2873603Z test result: ok. 0 passed; 0 failed; 0 ignored; 0 measured; 0 filtered out; finished in 0.00s
2026-09-13T07:09:56.2874220Z 
2026-09-13T07:09:56.2874604Z      Running unittests src/lib.rs (rust/target/debug/deps/sv_wasm-30d2e6110c8bbd15)
2026-09-13T07:09:56.2882438Z 
2026-09-13T07:09:56.2882572Z running 2 tests
2026-09-13T07:09:56.2884958Z test tests::exported_versions_match_core ... ok
2026-09-13T07:09:56.2885463Z test tests::wasm_boundary_delegates_tri_to_core ... ok
2026-09-13T07:09:56.2885710Z 
2026-09-13T07:09:56.2885961Z test result: ok. 2 passed; 0 failed; 0 ignored; 0 measured; 0 filtered out; finished in 0.00s
2026-09-13T07:09:56.2886306Z 
2026-09-13T07:09:56.2886795Z    Doc-tests sv_core
2026-09-13T07:09:56.4003837Z 
2026-09-13T07:09:56.4004381Z running 17 tests
2026-09-13T07:09:56.4320920Z test sv_core/src/control.rs - control (line 10) - compile fail ... ok
2026-09-13T07:09:56.4338596Z test sv_core/src/authority/transitions.rs - authority::transitions::ExternalGenesisPremise (line 63) - compile fail ... ok
2026-09-13T07:09:56.4383196Z test sv_core/src/admissibility.rs - admissibility::CaptureOutcome (line 70) - compile fail ... ok
2026-09-13T07:09:56.4385156Z test sv_core/src/admissibility.rs - admissibility::AdmissibilityState (line 11) - compile fail ... ok
2026-09-13T07:09:56.4591073Z test sv_core/src/control.rs - control (line 20) - compile fail ... ok
2026-09-13T07:09:56.4612803Z test sv_core/src/decision_trace.rs - decision_trace::DecisionTrace (line 330) - compile fail ... ok
2026-09-13T07:09:56.4730110Z test sv_core/src/lib.rs - (line 13) - compile fail ... ok
2026-09-13T07:09:56.4770253Z test sv_core/src/execution.rs - execution::ExecutionRequest (line 216) - compile fail ... ok
2026-09-13T07:09:56.4958643Z test sv_core/src/lib.rs - (line 17) - compile fail ... ok
2026-09-13T07:09:56.4980175Z test sv_core/src/lib.rs - (line 21) - compile fail ... ok
2026-09-13T07:09:56.5047018Z test sv_core/src/lib.rs - (line 27) - compile fail ... ok
2026-09-13T07:09:56.5100063Z test sv_core/src/mediation.rs - mediation::MediatedEffectCommitment (line 24) - compile fail ... ok
2026-09-13T07:09:56.5300027Z test sv_core/src/permission.rs - permission (line 10) - compile fail ... ok
2026-09-13T07:09:56.5326636Z test sv_core/src/permission.rs - permission (line 17) - compile fail ... ok
2026-09-13T07:09:56.5371090Z test sv_core/src/requirements_bridge.rs - requirements_bridge::ResolvedRequirementResult (line 121) - compile fail ... ok
2026-09-13T07:09:56.5390771Z test sv_core/src/requirements_reuse.rs - requirements_reuse::HistoricalQualifiedRequirementResult (line 156) - compile fail ... ok
2026-09-13T07:09:56.5495790Z test sv_core/src/requirements_reuse.rs - requirements_reuse::reuse_historical_requirement_result (line 368) - compile fail ... ok
2026-09-13T07:09:56.5496371Z 
2026-09-13T07:09:56.5496639Z test result: ok. 17 passed; 0 failed; 0 ignored; 0 measured; 0 filtered out; finished in 0.15s
2026-09-13T07:09:56.5497000Z 
2026-09-13T07:09:56.5510008Z    Doc-tests sv_native
2026-09-13T07:09:56.5635693Z 
2026-09-13T07:09:56.5635942Z running 0 tests
2026-09-13T07:09:56.5636207Z 
2026-09-13T07:09:56.5636536Z test result: ok. 0 passed; 0 failed; 0 ignored; 0 measured; 0 filtered out; finished in 0.00s
2026-09-13T07:09:56.5637144Z 
2026-09-13T07:09:56.5645643Z    Doc-tests sv_wasm
2026-09-13T07:09:56.5765980Z 
2026-09-13T07:09:56.5766246Z running 0 tests
2026-09-13T07:09:56.5766547Z 
2026-09-13T07:09:56.5766839Z test result: ok. 0 passed; 0 failed; 0 ignored; 0 measured; 0 filtered out; finished in 0.00s
2026-09-13T07:09:56.5767207Z 
2026-09-13T07:09:56.5823130Z ##[group]Run cargo build --manifest-path rust/Cargo.toml --release -p sv_native
2026-09-13T07:09:56.5823818Z [36;1mcargo build --manifest-path rust/Cargo.toml --release -p sv_native[0m
2026-09-13T07:09:56.5859410Z shell: /usr/bin/bash -e {0}
2026-09-13T07:09:56.5869418Z ##[endgroup]
2026-09-13T07:09:56.6091952Z    Compiling sv_core v0.1.0 (/home/runner/work/SV-lenguaje-de-computacion/SV-lenguaje-de-computacion/rust/sv_core)
2026-09-13T07:09:57.3516736Z warning: associated function `from_core_id` is never used
2026-09-13T07:09:57.3517551Z    --> sv_core/src/control.rs:155:27
2026-09-13T07:09:57.3518087Z     |
2026-09-13T07:09:57.3518478Z 141 |           impl $name {
2026-09-13T07:09:57.3519258Z     |           ---------- associated function in this implementation
2026-09-13T07:09:57.3519806Z ...
2026-09-13T07:09:57.3520217Z 155 |               pub(crate) fn from_core_id(id: ControlId) -> Self {
2026-09-13T07:09:57.3520602Z     |                             ^^^^^^^^^^^^
2026-09-13T07:09:57.3520920Z ...
2026-09-13T07:09:57.3521117Z 162 | / opaque_control_ref!(
2026-09-13T07:09:57.3521373Z 163 | |     InformationRef,
2026-09-13T07:09:57.3521974Z 164 | |     "Referencia nominal a información dentro del dominio de control."
2026-09-13T07:09:57.3522359Z 165 | | );
2026-09-13T07:09:57.3522564Z     | |_- in this macro invocation
2026-09-13T07:09:57.3522879Z     |
2026-09-13T07:09:57.3523359Z     = note: `#[warn(dead_code)]` (part of `#[warn(unused)]`) on by default
2026-09-13T07:09:57.3524403Z     = note: this warning originates in the macro `opaque_control_ref` (in Nightly builds, run with -Z macro-backtrace for more info)
2026-09-13T07:09:57.3525172Z 
2026-09-13T07:09:57.3525485Z warning: associated function `from_core_id` is never used
2026-09-13T07:09:57.3526051Z    --> sv_core/src/control.rs:155:27
2026-09-13T07:09:57.3526465Z     |
2026-09-13T07:09:57.3526776Z 141 |           impl $name {
2026-09-13T07:09:57.3527261Z     |           ---------- associated function in this implementation
2026-09-13T07:09:57.3527799Z ...
2026-09-13T07:09:57.3528225Z 155 |               pub(crate) fn from_core_id(id: ControlId) -> Self {
2026-09-13T07:09:57.3529065Z     |                             ^^^^^^^^^^^^
2026-09-13T07:09:57.3529521Z ...
2026-09-13T07:09:57.3529848Z 166 | / opaque_control_ref!(
2026-09-13T07:09:57.3530295Z 167 | |     AdmittedEvidenceRef,
2026-09-13T07:09:57.3531258Z 168 | |     "Referencia a evidencia cuya admisión debe proceder de una verificación gobernada."
2026-09-13T07:09:57.3532040Z 169 | | );
2026-09-13T07:09:57.3532379Z     | |_- in this macro invocation
2026-09-13T07:09:57.3532803Z     |
2026-09-13T07:09:57.3533643Z     = note: this warning originates in the macro `opaque_control_ref` (in Nightly builds, run with -Z macro-backtrace for more info)
2026-09-13T07:09:57.3534442Z 
2026-09-13T07:09:57.3534605Z warning: associated function `from_core_id` is never used
2026-09-13T07:09:57.3534966Z    --> sv_core/src/control.rs:155:27
2026-09-13T07:09:57.3535225Z     |
2026-09-13T07:09:57.3535432Z 141 |           impl $name {
2026-09-13T07:09:57.3535927Z     |           ---------- associated function in this implementation
2026-09-13T07:09:57.3536490Z ...
2026-09-13T07:09:57.3536910Z 155 |               pub(crate) fn from_core_id(id: ControlId) -> Self {
2026-09-13T07:09:57.3537511Z     |                             ^^^^^^^^^^^^
2026-09-13T07:09:57.3537962Z ...
2026-09-13T07:09:57.3538299Z 170 | / opaque_control_ref!(
2026-09-13T07:09:57.3538951Z 171 | |     ConstitutedFactRef,
2026-09-13T07:09:57.3539824Z 172 | |     "Referencia a un hecho semántico constituido; no equivale a autoridad."
2026-09-13T07:09:57.3540535Z 173 | | );
2026-09-13T07:09:57.3540895Z     | |_- in this macro invocation
2026-09-13T07:09:57.3541652Z     |
2026-09-13T07:09:57.3542534Z     = note: this warning originates in the macro `opaque_control_ref` (in Nightly builds, run with -Z macro-backtrace for more info)
2026-09-13T07:09:57.3543397Z 
2026-09-13T07:09:57.3543959Z warning: associated function `from_core_id` is never used
2026-09-13T07:09:57.3544578Z    --> sv_core/src/control.rs:155:27
2026-09-13T07:09:57.3545014Z     |
2026-09-13T07:09:57.3545344Z 141 |           impl $name {
2026-09-13T07:09:57.3545931Z     |           ---------- associated function in this implementation
2026-09-13T07:09:57.3546514Z ...
2026-09-13T07:09:57.3546952Z 155 |               pub(crate) fn from_core_id(id: ControlId) -> Self {
2026-09-13T07:09:57.3547564Z     |                             ^^^^^^^^^^^^
2026-09-13T07:09:57.3548019Z ...
2026-09-13T07:09:57.3548354Z 174 | / opaque_control_ref!(
2026-09-13T07:09:57.3549034Z 175 | |     AuthorityRef,
2026-09-13T07:09:57.3549998Z 176 | |     "Referencia a autoridad constituida; su constructor no forma parte de la API pública."
2026-09-13T07:09:57.3550810Z 177 | | );
2026-09-13T07:09:57.3551162Z     | |_- in this macro invocation
2026-09-13T07:09:57.3551602Z     |
2026-09-13T07:09:57.3552523Z     = note: this warning originates in the macro `opaque_control_ref` (in Nightly builds, run with -Z macro-backtrace for more info)
2026-09-13T07:09:57.3553373Z 
2026-09-13T07:09:57.3553651Z warning: associated function `from_core_id` is never used
2026-09-13T07:09:57.3554245Z    --> sv_core/src/control.rs:155:27
2026-09-13T07:09:57.3554706Z     |
2026-09-13T07:09:57.3555048Z 141 |           impl $name {
2026-09-13T07:09:57.3555618Z     |           ---------- associated function in this implementation
2026-09-13T07:09:57.3556185Z ...
2026-09-13T07:09:57.3556637Z 155 |               pub(crate) fn from_core_id(id: ControlId) -> Self {
2026-09-13T07:09:57.3557257Z     |                             ^^^^^^^^^^^^
2026-09-13T07:09:57.3557697Z ...
2026-09-13T07:09:57.3558009Z 178 | / opaque_control_ref!(
2026-09-13T07:09:57.3558419Z 179 | |     EnablementRef,
2026-09-13T07:09:57.3559351Z 180 | |     "Referencia a una habilitación de autoridad ya existente; no amplía autoridad."
2026-09-13T07:09:57.3559792Z 181 | | );
2026-09-13T07:09:57.3559995Z     | |_- in this macro invocation
2026-09-13T07:09:57.3560239Z     |
2026-09-13T07:09:57.3560730Z     = note: this warning originates in the macro `opaque_control_ref` (in Nightly builds, run with -Z macro-backtrace for more info)
2026-09-13T07:09:57.3561208Z 
2026-09-13T07:09:57.3561356Z warning: associated function `from_core_id` is never used
2026-09-13T07:09:57.3561696Z    --> sv_core/src/control.rs:155:27
2026-09-13T07:09:57.3561947Z     |
2026-09-13T07:09:57.3562134Z 141 |           impl $name {
2026-09-13T07:09:57.3562436Z     |           ---------- associated function in this implementation
2026-09-13T07:09:57.3562751Z ...
2026-09-13T07:09:57.3563005Z 155 |               pub(crate) fn from_core_id(id: ControlId) -> Self {
2026-09-13T07:09:57.3563355Z     |                             ^^^^^^^^^^^^
2026-09-13T07:09:57.3563618Z ...
2026-09-13T07:09:57.3563805Z 186 | / opaque_control_ref!(
2026-09-13T07:09:57.3564033Z 187 | |     FormRef,
2026-09-13T07:09:57.3564373Z 188 | |     "Referencia a una forma de transición constituida."
2026-09-13T07:09:57.3564689Z 189 | | );
2026-09-13T07:09:57.3564894Z     | |_- in this macro invocation
2026-09-13T07:09:57.3565139Z     |
2026-09-13T07:09:57.3565620Z     = note: this warning originates in the macro `opaque_control_ref` (in Nightly builds, run with -Z macro-backtrace for more info)
2026-09-13T07:09:57.3566086Z 
2026-09-13T07:09:57.3566239Z warning: associated function `from_core_id` is never used
2026-09-13T07:09:57.3566575Z    --> sv_core/src/control.rs:155:27
2026-09-13T07:09:57.3566823Z     |
2026-09-13T07:09:57.3567008Z 141 |           impl $name {
2026-09-13T07:09:57.3567295Z     |           ---------- associated function in this implementation
2026-09-13T07:09:57.3567605Z ...
2026-09-13T07:09:57.3567851Z 155 |               pub(crate) fn from_core_id(id: ControlId) -> Self {
2026-09-13T07:09:57.3568384Z     |                             ^^^^^^^^^^^^
2026-09-13T07:09:57.3568643Z ...
2026-09-13T07:09:57.3569093Z 190 | / opaque_control_ref!(
2026-09-13T07:09:57.3569336Z 191 | |     EffectFamilyRef,
2026-09-13T07:09:57.3570111Z 192 | |     "Referencia a una familia de efectos fijada por constitución."
2026-09-13T07:09:57.3570792Z 193 | | );
2026-09-13T07:09:57.3571149Z     | |_- in this macro invocation
2026-09-13T07:09:57.3571589Z     |
2026-09-13T07:09:57.3572485Z     = note: this warning originates in the macro `opaque_control_ref` (in Nightly builds, run with -Z macro-backtrace for more info)
2026-09-13T07:09:57.3573374Z 
2026-09-13T07:09:57.3573895Z warning: associated function `from_core_id` is never used
2026-09-13T07:09:57.3574528Z    --> sv_core/src/control.rs:155:27
2026-09-13T07:09:57.3575121Z     |
2026-09-13T07:09:57.3575465Z 141 |           impl $name {
2026-09-13T07:09:57.3575839Z     |           ---------- associated function in this implementation
2026-09-13T07:09:57.3576179Z ...
2026-09-13T07:09:57.3576439Z 155 |               pub(crate) fn from_core_id(id: ControlId) -> Self {
2026-09-13T07:09:57.3576786Z     |                             ^^^^^^^^^^^^
2026-09-13T07:09:57.3577038Z ...
2026-09-13T07:09:57.3577231Z 194 | / opaque_control_ref!(
2026-09-13T07:09:57.3577474Z 195 | |     EffectRef,
2026-09-13T07:09:57.3577824Z 196 | |     "Referencia a un efecto concreto; identificarlo no equivale a autorizarlo."
2026-09-13T07:09:57.3578217Z 197 | | );
2026-09-13T07:09:57.3578415Z     | |_- in this macro invocation
2026-09-13T07:09:57.3578919Z     |
2026-09-13T07:09:57.3579407Z     = note: this warning originates in the macro `opaque_control_ref` (in Nightly builds, run with -Z macro-backtrace for more info)
2026-09-13T07:09:57.3579872Z 
2026-09-13T07:09:57.3580021Z warning: associated function `from_core_id` is never used
2026-09-13T07:09:57.3580355Z    --> sv_core/src/control.rs:155:27
2026-09-13T07:09:57.3580607Z     |
2026-09-13T07:09:57.3580798Z 141 |           impl $name {
2026-09-13T07:09:57.3581087Z     |           ---------- associated function in this implementation
2026-09-13T07:09:57.3581395Z ...
2026-09-13T07:09:57.3581647Z 155 |               pub(crate) fn from_core_id(id: ControlId) -> Self {
2026-09-13T07:09:57.3582000Z     |                             ^^^^^^^^^^^^
2026-09-13T07:09:57.3582260Z ...
2026-09-13T07:09:57.3582444Z 198 | / opaque_control_ref!(
2026-09-13T07:09:57.3582677Z 199 | |     ContextRef,
2026-09-13T07:09:57.3583024Z 200 | |     "Referencia a una ligadura de contexto relevante para autoridad o forma."
2026-09-13T07:09:57.3583414Z 201 | | );
2026-09-13T07:09:57.3583616Z     | |_- in this macro invocation
2026-09-13T07:09:57.3583865Z     |
2026-09-13T07:09:57.3584339Z     = note: this warning originates in the macro `opaque_control_ref` (in Nightly builds, run with -Z macro-backtrace for more info)
2026-09-13T07:09:57.3584807Z 
2026-09-13T07:09:57.3584964Z warning: associated function `from_core_id` is never used
2026-09-13T07:09:57.3585302Z    --> sv_core/src/control.rs:155:27
2026-09-13T07:09:57.3585552Z     |
2026-09-13T07:09:57.3585736Z 141 |           impl $name {
2026-09-13T07:09:57.3586025Z     |           ---------- associated function in this implementation
2026-09-13T07:09:57.3586342Z ...
2026-09-13T07:09:57.3586595Z 155 |               pub(crate) fn from_core_id(id: ControlId) -> Self {
2026-09-13T07:09:57.3586943Z     |                             ^^^^^^^^^^^^
2026-09-13T07:09:57.3587197Z ...
2026-09-13T07:09:57.3587386Z 202 | / opaque_control_ref!(
2026-09-13T07:09:57.3587633Z 203 | |     AuthorityHolderRef,
2026-09-13T07:09:57.3588153Z 204 | |     "Referencia al titular de una autoridad; no constituye autoridad por sí misma."
2026-09-13T07:09:57.3588571Z 205 | | );
2026-09-13T07:09:57.3588989Z     | |_- in this macro invocation
2026-09-13T07:09:57.3589241Z     |
2026-09-13T07:09:57.3589721Z     = note: this warning originates in the macro `opaque_control_ref` (in Nightly builds, run with -Z macro-backtrace for more info)
2026-09-13T07:09:57.3590393Z 
2026-09-13T07:09:57.3590542Z warning: associated function `from_core_id` is never used
2026-09-13T07:09:57.3590885Z    --> sv_core/src/control.rs:155:27
2026-09-13T07:09:57.3591136Z     |
2026-09-13T07:09:57.3591322Z 141 |           impl $name {
2026-09-13T07:09:57.3591717Z     |           ---------- associated function in this implementation
2026-09-13T07:09:57.3592032Z ...
2026-09-13T07:09:57.3592278Z 155 |               pub(crate) fn from_core_id(id: ControlId) -> Self {
2026-09-13T07:09:57.3592647Z     |                             ^^^^^^^^^^^^
2026-09-13T07:09:57.3592917Z ...
2026-09-13T07:09:57.3593104Z 206 | / opaque_control_ref!(
2026-09-13T07:09:57.3593377Z 207 | |     GovernedObjectRef,
2026-09-13T07:09:57.3593743Z 208 | |     "Referencia a un objeto candidato a pertenecer al dominio gobernado D_a."
2026-09-13T07:09:57.3594128Z 209 | | );
2026-09-13T07:09:57.3594324Z     | |_- in this macro invocation
2026-09-13T07:09:57.3594566Z     |
2026-09-13T07:09:57.3595032Z     = note: this warning originates in the macro `opaque_control_ref` (in Nightly builds, run with -Z macro-backtrace for more info)
2026-09-13T07:09:57.3595496Z 
2026-09-13T07:09:57.3595640Z warning: associated function `from_core_id` is never used
2026-09-13T07:09:57.3595979Z    --> sv_core/src/control.rs:155:27
2026-09-13T07:09:57.3596226Z     |
2026-09-13T07:09:57.3596446Z 141 |           impl $name {
2026-09-13T07:09:57.3596726Z     |           ---------- associated function in this implementation
2026-09-13T07:09:57.3597040Z ...
2026-09-13T07:09:57.3597282Z 155 |               pub(crate) fn from_core_id(id: ControlId) -> Self {
2026-09-13T07:09:57.3597613Z     |                             ^^^^^^^^^^^^
2026-09-13T07:09:57.3597865Z ...
2026-09-13T07:09:57.3598050Z 210 | / opaque_control_ref!(
2026-09-13T07:09:57.3598291Z 211 | |     AccumulationRuleRef,
2026-09-13T07:09:57.3599001Z 212 | |     "Referencia a una regla gobernada de acumulación o a un predicado de traza."
2026-09-13T07:09:57.3599425Z 213 | | );
2026-09-13T07:09:57.3599629Z     | |_- in this macro invocation
2026-09-13T07:09:57.3599871Z     |
2026-09-13T07:09:57.3600353Z     = note: this warning originates in the macro `opaque_control_ref` (in Nightly builds, run with -Z macro-backtrace for more info)
2026-09-13T07:09:57.3600826Z 
2026-09-13T07:09:57.3600980Z warning: associated function `from_core_id` is never used
2026-09-13T07:09:57.3601315Z    --> sv_core/src/control.rs:155:27
2026-09-13T07:09:57.3601564Z     |
2026-09-13T07:09:57.3601754Z 141 |           impl $name {
2026-09-13T07:09:57.3602039Z     |           ---------- associated function in this implementation
2026-09-13T07:09:57.3602351Z ...
2026-09-13T07:09:57.3602609Z 155 |               pub(crate) fn from_core_id(id: ControlId) -> Self {
2026-09-13T07:09:57.3602956Z     |                             ^^^^^^^^^^^^
2026-09-13T07:09:57.3603212Z ...
2026-09-13T07:09:57.3603409Z 214 | / opaque_control_ref!(
2026-09-13T07:09:57.3603654Z 215 | |     RequirementRef,
2026-09-13T07:09:57.3604142Z 216 | |     "Referencia a una obligación de Req; identificarla no acredita su cumplimiento."
2026-09-13T07:09:57.3604564Z 217 | | );
2026-09-13T07:09:57.3604764Z     | |_- in this macro invocation
2026-09-13T07:09:57.3605006Z     |
2026-09-13T07:09:57.3605491Z     = note: this warning originates in the macro `opaque_control_ref` (in Nightly builds, run with -Z macro-backtrace for more info)
2026-09-13T07:09:57.3605966Z 
2026-09-13T07:09:57.3606115Z warning: associated function `from_core_id` is never used
2026-09-13T07:09:57.3606450Z    --> sv_core/src/control.rs:155:27
2026-09-13T07:09:57.3606704Z     |
2026-09-13T07:09:57.3606889Z 141 |           impl $name {
2026-09-13T07:09:57.3607179Z     |           ---------- associated function in this implementation
2026-09-13T07:09:57.3607492Z ...
2026-09-13T07:09:57.3607739Z 155 |               pub(crate) fn from_core_id(id: ControlId) -> Self {
2026-09-13T07:09:57.3608097Z     |                             ^^^^^^^^^^^^
2026-09-13T07:09:57.3608485Z ...
2026-09-13T07:09:57.3608880Z 218 | / opaque_control_ref!(
2026-09-13T07:09:57.3609140Z 219 | |     VerifierRef,
2026-09-13T07:09:57.3609546Z 220 | |     "Referencia a un verificador concreto; su mera existencia no acredita aplicabilidad."
2026-09-13T07:09:57.3609984Z 221 | | );
2026-09-13T07:09:57.3610313Z     | |_- in this macro invocation
2026-09-13T07:09:57.3610562Z     |
2026-09-13T07:09:57.3611033Z     = note: this warning originates in the macro `opaque_control_ref` (in Nightly builds, run with -Z macro-backtrace for more info)
2026-09-13T07:09:57.3611501Z 
2026-09-13T07:09:57.3611654Z warning: associated function `from_core_id` is never used
2026-09-13T07:09:57.3611994Z    --> sv_core/src/control.rs:155:27
2026-09-13T07:09:57.3612245Z     |
2026-09-13T07:09:57.3612505Z 141 |           impl $name {
2026-09-13T07:09:57.3613011Z     |           ---------- associated function in this implementation
2026-09-13T07:09:57.3613459Z ...
2026-09-13T07:09:57.3613718Z 155 |               pub(crate) fn from_core_id(id: ControlId) -> Self {
2026-09-13T07:09:57.3614067Z     |                             ^^^^^^^^^^^^
2026-09-13T07:09:57.3614324Z ...
2026-09-13T07:09:57.3614508Z 222 | / opaque_control_ref!(
2026-09-13T07:09:57.3614752Z 223 | |     VerifierFamilyRef,
2026-09-13T07:09:57.3615233Z 224 | |     "Referencia a una familia de verificadores admisibles para una obligación."
2026-09-13T07:09:57.3615635Z 225 | | );
2026-09-13T07:09:57.3615836Z     | |_- in this macro invocation
2026-09-13T07:09:57.3616078Z     |
2026-09-13T07:09:57.3616553Z     = note: this warning originates in the macro `opaque_control_ref` (in Nightly builds, run with -Z macro-backtrace for more info)
2026-09-13T07:09:57.3617026Z 
2026-09-13T07:09:57.3617175Z warning: associated function `from_core_id` is never used
2026-09-13T07:09:57.3617507Z    --> sv_core/src/control.rs:155:27
2026-09-13T07:09:57.3617757Z     |
2026-09-13T07:09:57.3617943Z 141 |           impl $name {
2026-09-13T07:09:57.3618228Z     |           ---------- associated function in this implementation
2026-09-13T07:09:57.3618551Z ...
2026-09-13T07:09:57.3619034Z 155 |               pub(crate) fn from_core_id(id: ControlId) -> Self {
2026-09-13T07:09:57.3619374Z     |                             ^^^^^^^^^^^^
2026-09-13T07:09:57.3619628Z ...
2026-09-13T07:09:57.3619822Z 226 | / opaque_control_ref!(
2026-09-13T07:09:57.3620075Z 227 | |     ApplicabilityRuleRef,
2026-09-13T07:09:57.3620577Z 228 | |     "Referencia a una regla previamente constituida de aplicabilidad de comprobación."
2026-09-13T07:09:57.3621003Z 229 | | );
2026-09-13T07:09:57.3621199Z     | |_- in this macro invocation
2026-09-13T07:09:57.3621437Z     |
2026-09-13T07:09:57.3621896Z     = note: this warning originates in the macro `opaque_control_ref` (in Nightly builds, run with -Z macro-backtrace for more info)
2026-09-13T07:09:57.3622383Z 
2026-09-13T07:09:57.3622527Z warning: associated function `from_core_id` is never used
2026-09-13T07:09:57.3622858Z    --> sv_core/src/control.rs:155:27
2026-09-13T07:09:57.3623111Z     |
2026-09-13T07:09:57.3623299Z 141 |           impl $name {
2026-09-13T07:09:57.3623581Z     |           ---------- associated function in this implementation
2026-09-13T07:09:57.3623888Z ...
2026-09-13T07:09:57.3624137Z 155 |               pub(crate) fn from_core_id(id: ControlId) -> Self {
2026-09-13T07:09:57.3624472Z     |                             ^^^^^^^^^^^^
2026-09-13T07:09:57.3624724Z ...
2026-09-13T07:09:57.3624908Z 230 | / opaque_control_ref!(
2026-09-13T07:09:57.3625158Z 231 | |     ConflictResolutionRuleRef,
2026-09-13T07:09:57.3625728Z 232 | |     "Referencia a una regla previamente constituida de resolución de conflicto entre comprobaciones."
2026-09-13T07:09:57.3626207Z 233 | | );
2026-09-13T07:09:57.3626404Z     | |_- in this macro invocation
2026-09-13T07:09:57.3626648Z     |
2026-09-13T07:09:57.3627115Z     = note: this warning originates in the macro `opaque_control_ref` (in Nightly builds, run with -Z macro-backtrace for more info)
2026-09-13T07:09:57.3627726Z 
2026-09-13T07:09:57.3627876Z warning: associated function `from_core_id` is never used
2026-09-13T07:09:57.3628207Z    --> sv_core/src/control.rs:155:27
2026-09-13T07:09:57.3628462Z     |
2026-09-13T07:09:57.3628864Z 141 |           impl $name {
2026-09-13T07:09:57.3629302Z     |           ---------- associated function in this implementation
2026-09-13T07:09:57.3629618Z ...
2026-09-13T07:09:57.3629863Z 155 |               pub(crate) fn from_core_id(id: ControlId) -> Self {
2026-09-13T07:09:57.3630200Z     |                             ^^^^^^^^^^^^
2026-09-13T07:09:57.3630457Z ...
2026-09-13T07:09:57.3630643Z 234 | / opaque_control_ref!(
2026-09-13T07:09:57.3630876Z 235 | |     CoverageRuleRef,
2026-09-13T07:09:57.3631296Z 236 | |     "Referencia a una regla previamente constituida de cobertura de comprobaciones exigibles."
2026-09-13T07:09:57.3631746Z 237 | | );
2026-09-13T07:09:57.3631944Z     | |_- in this macro invocation
2026-09-13T07:09:57.3632183Z     |
2026-09-13T07:09:57.3632653Z     = note: this warning originates in the macro `opaque_control_ref` (in Nightly builds, run with -Z macro-backtrace for more info)
2026-09-13T07:09:57.3633130Z 
2026-09-13T07:09:57.3633283Z warning: associated function `from_core_id` is never used
2026-09-13T07:09:57.3633616Z    --> sv_core/src/control.rs:155:27
2026-09-13T07:09:57.3633876Z     |
2026-09-13T07:09:57.3634059Z 141 |           impl $name {
2026-09-13T07:09:57.3634347Z     |           ---------- associated function in this implementation
2026-09-13T07:09:57.3634657Z ...
2026-09-13T07:09:57.3634905Z 155 |               pub(crate) fn from_core_id(id: ControlId) -> Self {
2026-09-13T07:09:57.3635245Z     |                             ^^^^^^^^^^^^
2026-09-13T07:09:57.3635501Z ...
2026-09-13T07:09:57.3635684Z 238 | / opaque_control_ref!(
2026-09-13T07:09:57.3635921Z 239 | |     ReuseRuleRef,
2026-09-13T07:09:57.3636441Z 240 | |     "Referencia a una regla previamente constituida de reutilización de resultados cualificados."
2026-09-13T07:09:57.3636903Z 241 | | );
2026-09-13T07:09:57.3637111Z     | |_- in this macro invocation
2026-09-13T07:09:57.3637350Z     |
2026-09-13T07:09:57.3637827Z     = note: this warning originates in the macro `opaque_control_ref` (in Nightly builds, run with -Z macro-backtrace for more info)
2026-09-13T07:09:57.3638297Z 
2026-09-13T07:09:57.3638448Z warning: associated function `from_core_id` is never used
2026-09-13T07:09:57.3639010Z    --> sv_core/src/control.rs:155:27
2026-09-13T07:09:57.3639260Z     |
2026-09-13T07:09:57.3639447Z 141 |           impl $name {
2026-09-13T07:09:57.3639741Z     |           ---------- associated function in this implementation
2026-09-13T07:09:57.3640058Z ...
2026-09-13T07:09:57.3640309Z 155 |               pub(crate) fn from_core_id(id: ControlId) -> Self {
2026-09-13T07:09:57.3640643Z     |                             ^^^^^^^^^^^^
2026-09-13T07:09:57.3640897Z ...
2026-09-13T07:09:57.3641086Z 242 | / opaque_control_ref!(
2026-09-13T07:09:57.3641330Z 243 | |     ReuseBindingKeyRef,
2026-09-13T07:09:57.3641931Z 244 | |     "Referencia a una dimensión constituida cuya continuidad puede ser exigible para reutilizar un resultado."
2026-09-13T07:09:57.3642896Z 245 | | );
2026-09-13T07:09:57.3643254Z     | |_- in this macro invocation
2026-09-13T07:09:57.3643704Z     |
2026-09-13T07:09:57.3644623Z     = note: this warning originates in the macro `opaque_control_ref` (in Nightly builds, run with -Z macro-backtrace for more info)
2026-09-13T07:09:57.3645513Z 
2026-09-13T07:09:57.3645806Z warning: associated function `from_core_id` is never used
2026-09-13T07:09:57.3646426Z    --> sv_core/src/control.rs:155:27
2026-09-13T07:09:57.3646901Z     |
2026-09-13T07:09:57.3647122Z 141 |           impl $name {
2026-09-13T07:09:57.3647422Z     |           ---------- associated function in this implementation
2026-09-13T07:09:57.3647740Z ...
2026-09-13T07:09:57.3648004Z 155 |               pub(crate) fn from_core_id(id: ControlId) -> Self {
2026-09-13T07:09:57.3648353Z     |                             ^^^^^^^^^^^^
2026-09-13T07:09:57.3649112Z ...
2026-09-13T07:09:57.3649305Z 246 | / opaque_control_ref!(
2026-09-13T07:09:57.3649552Z 247 | |     ReuseBindingValueRef,
2026-09-13T07:09:57.3650202Z 248 | |     "Referencia al valor constituido de una dimensión de reutilización; identificarlo no acredita su vigencia."
2026-09-13T07:09:57.3650851Z 249 | | );
2026-09-13T07:09:57.3651056Z     | |_- in this macro invocation
2026-09-13T07:09:57.3651297Z     |
2026-09-13T07:09:57.3651769Z     = note: this warning originates in the macro `opaque_control_ref` (in Nightly builds, run with -Z macro-backtrace for more info)
2026-09-13T07:09:57.3652241Z 
2026-09-13T07:09:57.3652357Z warning: constant `PROFILE_ID` is never used
2026-09-13T07:09:57.3652673Z  --> sv_core/src/identifier_profile.rs:6:18
2026-09-13T07:09:57.3652945Z   |
2026-09-13T07:09:57.3653216Z 6 | pub(crate) const PROFILE_ID: &str = "svp-grammar-0.2-lex-es-1";
2026-09-13T07:09:57.3653576Z   |                  ^^^^^^^^^^
2026-09-13T07:09:57.3653723Z 
2026-09-13T07:09:57.3653853Z warning: function `is_reserved_word` is never used
2026-09-13T07:09:57.3654192Z   --> sv_core/src/identifier_profile.rs:22:15
2026-09-13T07:09:57.3654466Z    |
2026-09-13T07:09:57.3654707Z 22 | pub(crate) fn is_reserved_word(word: &str) -> bool {
2026-09-13T07:09:57.3655021Z    |               ^^^^^^^^^^^^^^^^
2026-09-13T07:09:57.3655189Z 
2026-09-13T07:09:57.3655313Z warning: method `matches_descriptor` is never used
2026-09-13T07:09:57.3655652Z    --> sv_core/src/requirements_reuse.rs:121:19
2026-09-13T07:09:57.3655939Z     |
2026-09-13T07:09:57.3656133Z  44 | impl ReuseRule {
2026-09-13T07:09:57.3656390Z     | -------------- method in this implementation
2026-09-13T07:09:57.3656674Z ...
2026-09-13T07:09:57.3657035Z 121 |     pub(crate) fn matches_descriptor(&self, descriptor: &RequirementDescriptor) -> bool {
2026-09-13T07:09:57.3657485Z     |                   ^^^^^^^^^^^^^^^^^^
2026-09-13T07:09:57.3657667Z 
2026-09-13T07:09:57.3657853Z warning: hiding a lifetime that's elided elsewhere is confusing
2026-09-13T07:09:57.3658221Z     --> sv_core/src/frontend.rs:2084:13
2026-09-13T07:09:57.3658480Z      |
2026-09-13T07:09:57.3658903Z 2084 |     fn peek(&self) -> &Token {
2026-09-13T07:09:57.3659178Z      |             ^^^^^     ^^^^^^
2026-09-13T07:09:57.3659423Z      |             |         ||
2026-09-13T07:09:57.3659712Z      |             |         |the same lifetime is hidden here
2026-09-13T07:09:57.3660053Z      |             |         the same lifetime is elided here
2026-09-13T07:09:57.3660373Z      |             the lifetime is elided here
2026-09-13T07:09:57.3660642Z      |
2026-09-13T07:09:57.3661008Z      = help: the same lifetime is referred to in inconsistent ways, making the signature confusing
2026-09-13T07:09:57.3661530Z      = note: `#[warn(mismatched_lifetime_syntaxes)]` on by default
2026-09-13T07:09:57.3661870Z help: use `'_` for type paths
2026-09-13T07:09:57.3662106Z      |
2026-09-13T07:09:57.3662311Z 2084 |     fn peek(&self) -> &Token<'_> {
2026-09-13T07:09:57.3662583Z      |                             ++++
2026-09-13T07:09:57.3662752Z 
2026-09-13T07:09:58.0199123Z    Compiling sv_native v0.1.0 (/home/runner/work/SV-lenguaje-de-computacion/SV-lenguaje-de-computacion/rust/sv_native)
2026-09-13T07:10:03.8377797Z warning: `sv_core` (lib) generated 25 warnings (run `cargo fix --lib -p sv_core` to apply 1 suggestion)
2026-09-13T07:10:04.0592115Z     Finished `release` profile [optimized] target(s) in 7.46s
2026-09-13T07:10:04.0645925Z ##[group]Run cargo build --manifest-path rust/Cargo.toml --release -p sv_native --target wasm32-wasip1
2026-09-13T07:10:04.0646759Z [36;1mcargo build --manifest-path rust/Cargo.toml --release -p sv_native --target wasm32-wasip1[0m
2026-09-13T07:10:04.0647343Z [36;1mtest -f rust/target/wasm32-wasip1/release/sv-native.wasm[0m
2026-09-13T07:10:04.0682998Z shell: /usr/bin/bash -e {0}
2026-09-13T07:10:04.0683265Z ##[endgroup]
2026-09-13T07:10:04.0989550Z    Compiling sv_core v0.1.0 (/home/runner/work/SV-lenguaje-de-computacion/SV-lenguaje-de-computacion/rust/sv_core)
2026-09-13T07:10:04.8349463Z warning: associated function `from_core_id` is never used
2026-09-13T07:10:04.8350170Z    --> sv_core/src/control.rs:155:27
2026-09-13T07:10:04.8353105Z     |
2026-09-13T07:10:04.8353469Z 141 |           impl $name {
2026-09-13T07:10:04.8354006Z     |           ---------- associated function in this implementation
2026-09-13T07:10:04.8354564Z ...
2026-09-13T07:10:04.8355228Z 155 |               pub(crate) fn from_core_id(id: ControlId) -> Self {
2026-09-13T07:10:04.8355844Z     |                             ^^^^^^^^^^^^
2026-09-13T07:10:04.8356286Z ...
2026-09-13T07:10:04.8356600Z 162 | / opaque_control_ref!(
2026-09-13T07:10:04.8357022Z 163 | |     InformationRef,
2026-09-13T07:10:04.8357953Z 164 | |     "Referencia nominal a información dentro del dominio de control."
2026-09-13T07:10:04.8358625Z 165 | | );
2026-09-13T07:10:04.8359186Z     | |_- in this macro invocation
2026-09-13T07:10:04.8359613Z     |
2026-09-13T07:10:04.8360080Z     = note: `#[warn(dead_code)]` (part of `#[warn(unused)]`) on by default
2026-09-13T07:10:04.8361231Z     = note: this warning originates in the macro `opaque_control_ref` (in Nightly builds, run with -Z macro-backtrace for more info)
2026-09-13T07:10:04.8362067Z 
2026-09-13T07:10:04.8362348Z warning: associated function `from_core_id` is never used
2026-09-13T07:10:04.8362924Z    --> sv_core/src/control.rs:155:27
2026-09-13T07:10:04.8363365Z     |
2026-09-13T07:10:04.8363685Z 141 |           impl $name {
2026-09-13T07:10:04.8364183Z     |           ---------- associated function in this implementation
2026-09-13T07:10:04.8364741Z ...
2026-09-13T07:10:04.8365163Z 155 |               pub(crate) fn from_core_id(id: ControlId) -> Self {
2026-09-13T07:10:04.8365700Z     |                             ^^^^^^^^^^^^
2026-09-13T07:10:04.8365977Z ...
2026-09-13T07:10:04.8366174Z 166 | / opaque_control_ref!(
2026-09-13T07:10:04.8366442Z 167 | |     AdmittedEvidenceRef,
2026-09-13T07:10:04.8367011Z 168 | |     "Referencia a evidencia cuya admisión debe proceder de una verificación gobernada."
2026-09-13T07:10:04.8367495Z 169 | | );
2026-09-13T07:10:04.8367709Z     | |_- in this macro invocation
2026-09-13T07:10:04.8367962Z     |
2026-09-13T07:10:04.8368457Z     = note: this warning originates in the macro `opaque_control_ref` (in Nightly builds, run with -Z macro-backtrace for more info)
2026-09-13T07:10:04.8369413Z 
2026-09-13T07:10:04.8369697Z warning: associated function `from_core_id` is never used
2026-09-13T07:10:04.8370268Z    --> sv_core/src/control.rs:155:27
2026-09-13T07:10:04.8370710Z     |
2026-09-13T07:10:04.8371037Z 141 |           impl $name {
2026-09-13T07:10:04.8371546Z     |           ---------- associated function in this implementation
2026-09-13T07:10:04.8372091Z ...
2026-09-13T07:10:04.8372517Z 155 |               pub(crate) fn from_core_id(id: ControlId) -> Self {
2026-09-13T07:10:04.8373096Z     |                             ^^^^^^^^^^^^
2026-09-13T07:10:04.8373527Z ...
2026-09-13T07:10:04.8373838Z 170 | / opaque_control_ref!(
2026-09-13T07:10:04.8374262Z 171 | |     ConstitutedFactRef,
2026-09-13T07:10:04.8375058Z 172 | |     "Referencia a un hecho semántico constituido; no equivale a autoridad."
2026-09-13T07:10:04.8375716Z 173 | | );
2026-09-13T07:10:04.8376050Z     | |_- in this macro invocation
2026-09-13T07:10:04.8376464Z     |
2026-09-13T07:10:04.8377556Z     = note: this warning originates in the macro `opaque_control_ref` (in Nightly builds, run with -Z macro-backtrace for more info)
2026-09-13T07:10:04.8378422Z 
2026-09-13T07:10:04.8378926Z warning: associated function `from_core_id` is never used
2026-09-13T07:10:04.8379522Z    --> sv_core/src/control.rs:155:27
2026-09-13T07:10:04.8379935Z     |
2026-09-13T07:10:04.8380243Z 141 |           impl $name {
2026-09-13T07:10:04.8380735Z     |           ---------- associated function in this implementation
2026-09-13T07:10:04.8381280Z ...
2026-09-13T07:10:04.8381703Z 155 |               pub(crate) fn from_core_id(id: ControlId) -> Self {
2026-09-13T07:10:04.8382286Z     |                             ^^^^^^^^^^^^
2026-09-13T07:10:04.8382967Z ...
2026-09-13T07:10:04.8383280Z 174 | / opaque_control_ref!(
2026-09-13T07:10:04.8383681Z 175 | |     AuthorityRef,
2026-09-13T07:10:04.8384568Z 176 | |     "Referencia a autoridad constituida; su constructor no forma parte de la API pública."
2026-09-13T07:10:04.8385329Z 177 | | );
2026-09-13T07:10:04.8385662Z     | |_- in this macro invocation
2026-09-13T07:10:04.8386074Z     |
2026-09-13T07:10:04.8386565Z     = note: this warning originates in the macro `opaque_control_ref` (in Nightly builds, run with -Z macro-backtrace for more info)
2026-09-13T07:10:04.8387040Z 
2026-09-13T07:10:04.8387202Z warning: associated function `from_core_id` is never used
2026-09-13T07:10:04.8387548Z    --> sv_core/src/control.rs:155:27
2026-09-13T07:10:04.8387802Z     |
2026-09-13T07:10:04.8387994Z 141 |           impl $name {
2026-09-13T07:10:04.8388295Z     |           ---------- associated function in this implementation
2026-09-13T07:10:04.8388624Z ...
2026-09-13T07:10:04.8389184Z 155 |               pub(crate) fn from_core_id(id: ControlId) -> Self {
2026-09-13T07:10:04.8389539Z     |                             ^^^^^^^^^^^^
2026-09-13T07:10:04.8389799Z ...
2026-09-13T07:10:04.8389991Z 178 | / opaque_control_ref!(
2026-09-13T07:10:04.8390234Z 179 | |     EnablementRef,
2026-09-13T07:10:04.8390728Z 180 | |     "Referencia a una habilitación de autoridad ya existente; no amplía autoridad."
2026-09-13T07:10:04.8391158Z 181 | | );
2026-09-13T07:10:04.8391362Z     | |_- in this macro invocation
2026-09-13T07:10:04.8391607Z     |
2026-09-13T07:10:04.8392086Z     = note: this warning originates in the macro `opaque_control_ref` (in Nightly builds, run with -Z macro-backtrace for more info)
2026-09-13T07:10:04.8392560Z 
2026-09-13T07:10:04.8392710Z warning: associated function `from_core_id` is never used
2026-09-13T07:10:04.8393053Z    --> sv_core/src/control.rs:155:27
2026-09-13T07:10:04.8393309Z     |
2026-09-13T07:10:04.8393506Z 141 |           impl $name {
2026-09-13T07:10:04.8393805Z     |           ---------- associated function in this implementation
2026-09-13T07:10:04.8394123Z ...
2026-09-13T07:10:04.8394374Z 155 |               pub(crate) fn from_core_id(id: ControlId) -> Self {
2026-09-13T07:10:04.8394717Z     |                             ^^^^^^^^^^^^
2026-09-13T07:10:04.8394974Z ...
2026-09-13T07:10:04.8395163Z 186 | / opaque_control_ref!(
2026-09-13T07:10:04.8395401Z 187 | |     FormRef,
2026-09-13T07:10:04.8395736Z 188 | |     "Referencia a una forma de transición constituida."
2026-09-13T07:10:04.8396066Z 189 | | );
2026-09-13T07:10:04.8396269Z     | |_- in this macro invocation
2026-09-13T07:10:04.8396511Z     |
2026-09-13T07:10:04.8396987Z     = note: this warning originates in the macro `opaque_control_ref` (in Nightly builds, run with -Z macro-backtrace for more info)
2026-09-13T07:10:04.8397467Z 
2026-09-13T07:10:04.8397615Z warning: associated function `from_core_id` is never used
2026-09-13T07:10:04.8397953Z    --> sv_core/src/control.rs:155:27
2026-09-13T07:10:04.8398211Z     |
2026-09-13T07:10:04.8398400Z 141 |           impl $name {
2026-09-13T07:10:04.8398914Z     |           ---------- associated function in this implementation
2026-09-13T07:10:04.8399263Z ...
2026-09-13T07:10:04.8399520Z 155 |               pub(crate) fn from_core_id(id: ControlId) -> Self {
2026-09-13T07:10:04.8399860Z     |                             ^^^^^^^^^^^^
2026-09-13T07:10:04.8400119Z ...
2026-09-13T07:10:04.8400480Z 190 | / opaque_control_ref!(
2026-09-13T07:10:04.8400732Z 191 | |     EffectFamilyRef,
2026-09-13T07:10:04.8401149Z 192 | |     "Referencia a una familia de efectos fijada por constitución."
2026-09-13T07:10:04.8401514Z 193 | | );
2026-09-13T07:10:04.8401719Z     | |_- in this macro invocation
2026-09-13T07:10:04.8401976Z     |
2026-09-13T07:10:04.8402457Z     = note: this warning originates in the macro `opaque_control_ref` (in Nightly builds, run with -Z macro-backtrace for more info)
2026-09-13T07:10:04.8402931Z 
2026-09-13T07:10:04.8403090Z warning: associated function `from_core_id` is never used
2026-09-13T07:10:04.8403550Z    --> sv_core/src/control.rs:155:27
2026-09-13T07:10:04.8403801Z     |
2026-09-13T07:10:04.8403987Z 141 |           impl $name {
2026-09-13T07:10:04.8404277Z     |           ---------- associated function in this implementation
2026-09-13T07:10:04.8404593Z ...
2026-09-13T07:10:04.8404846Z 155 |               pub(crate) fn from_core_id(id: ControlId) -> Self {
2026-09-13T07:10:04.8405195Z     |                             ^^^^^^^^^^^^
2026-09-13T07:10:04.8405452Z ...
2026-09-13T07:10:04.8405649Z 194 | / opaque_control_ref!(
2026-09-13T07:10:04.8405884Z 195 | |     EffectRef,
2026-09-13T07:10:04.8406233Z 196 | |     "Referencia a un efecto concreto; identificarlo no equivale a autorizarlo."
2026-09-13T07:10:04.8406634Z 197 | | );
2026-09-13T07:10:04.8406836Z     | |_- in this macro invocation
2026-09-13T07:10:04.8407081Z     |
2026-09-13T07:10:04.8407553Z     = note: this warning originates in the macro `opaque_control_ref` (in Nightly builds, run with -Z macro-backtrace for more info)
2026-09-13T07:10:04.8408030Z 
2026-09-13T07:10:04.8408210Z warning: associated function `from_core_id` is never used
2026-09-13T07:10:04.8408548Z    --> sv_core/src/control.rs:155:27
2026-09-13T07:10:04.8409022Z     |
2026-09-13T07:10:04.8409213Z 141 |           impl $name {
2026-09-13T07:10:04.8409502Z     |           ---------- associated function in this implementation
2026-09-13T07:10:04.8409823Z ...
2026-09-13T07:10:04.8410078Z 155 |               pub(crate) fn from_core_id(id: ControlId) -> Self {
2026-09-13T07:10:04.8410426Z     |                             ^^^^^^^^^^^^
2026-09-13T07:10:04.8410685Z ...
2026-09-13T07:10:04.8410874Z 198 | / opaque_control_ref!(
2026-09-13T07:10:04.8421364Z 199 | |     ContextRef,
2026-09-13T07:10:04.8421964Z 200 | |     "Referencia a una ligadura de contexto relevante para autoridad o forma."
2026-09-13T07:10:04.8422494Z 201 | | );
2026-09-13T07:10:04.8422715Z     | |_- in this macro invocation
2026-09-13T07:10:04.8422971Z     |
2026-09-13T07:10:04.8423492Z     = note: this warning originates in the macro `opaque_control_ref` (in Nightly builds, run with -Z macro-backtrace for more info)
2026-09-13T07:10:04.8423982Z 
2026-09-13T07:10:04.8424138Z warning: associated function `from_core_id` is never used
2026-09-13T07:10:04.8424485Z    --> sv_core/src/control.rs:155:27
2026-09-13T07:10:04.8424740Z     |
2026-09-13T07:10:04.8424941Z 141 |           impl $name {
2026-09-13T07:10:04.8425248Z     |           ---------- associated function in this implementation
2026-09-13T07:10:04.8425571Z ...
2026-09-13T07:10:04.8425828Z 155 |               pub(crate) fn from_core_id(id: ControlId) -> Self {
2026-09-13T07:10:04.8426189Z     |                             ^^^^^^^^^^^^
2026-09-13T07:10:04.8426453Z ...
2026-09-13T07:10:04.8426645Z 202 | / opaque_control_ref!(
2026-09-13T07:10:04.8426893Z 203 | |     AuthorityHolderRef,
2026-09-13T07:10:04.8427424Z 204 | |     "Referencia al titular de una autoridad; no constituye autoridad por sí misma."
2026-09-13T07:10:04.8427864Z 205 | | );
2026-09-13T07:10:04.8428076Z     | |_- in this macro invocation
2026-09-13T07:10:04.8428328Z     |
2026-09-13T07:10:04.8429081Z     = note: this warning originates in the macro `opaque_control_ref` (in Nightly builds, run with -Z macro-backtrace for more info)
2026-09-13T07:10:04.8429568Z 
2026-09-13T07:10:04.8429726Z warning: associated function `from_core_id` is never used
2026-09-13T07:10:04.8430256Z    --> sv_core/src/control.rs:155:27
2026-09-13T07:10:04.8430519Z     |
2026-09-13T07:10:04.8430711Z 141 |           impl $name {
2026-09-13T07:10:04.8431004Z     |           ---------- associated function in this implementation
2026-09-13T07:10:04.8431319Z ...
2026-09-13T07:10:04.8431577Z 155 |               pub(crate) fn from_core_id(id: ControlId) -> Self {
2026-09-13T07:10:04.8431922Z     |                             ^^^^^^^^^^^^
2026-09-13T07:10:04.8432187Z ...
2026-09-13T07:10:04.8432379Z 206 | / opaque_control_ref!(
2026-09-13T07:10:04.8432624Z 207 | |     GovernedObjectRef,
2026-09-13T07:10:04.8433120Z 208 | |     "Referencia a un objeto candidato a pertenecer al dominio gobernado D_a."
2026-09-13T07:10:04.8433511Z 209 | | );
2026-09-13T07:10:04.8433714Z     | |_- in this macro invocation
2026-09-13T07:10:04.8433957Z     |
2026-09-13T07:10:04.8434421Z     = note: this warning originates in the macro `opaque_control_ref` (in Nightly builds, run with -Z macro-backtrace for more info)
2026-09-13T07:10:04.8434892Z 
2026-09-13T07:10:04.8435038Z warning: associated function `from_core_id` is never used
2026-09-13T07:10:04.8435371Z    --> sv_core/src/control.rs:155:27
2026-09-13T07:10:04.8435623Z     |
2026-09-13T07:10:04.8435807Z 141 |           impl $name {
2026-09-13T07:10:04.8436099Z     |           ---------- associated function in this implementation
2026-09-13T07:10:04.8436415Z ...
2026-09-13T07:10:04.8436668Z 155 |               pub(crate) fn from_core_id(id: ControlId) -> Self {
2026-09-13T07:10:04.8437008Z     |                             ^^^^^^^^^^^^
2026-09-13T07:10:04.8437270Z ...
2026-09-13T07:10:04.8437456Z 210 | / opaque_control_ref!(
2026-09-13T07:10:04.8437707Z 211 | |     AccumulationRuleRef,
2026-09-13T07:10:04.8438181Z 212 | |     "Referencia a una regla gobernada de acumulación o a un predicado de traza."
2026-09-13T07:10:04.8438593Z 213 | | );
2026-09-13T07:10:04.8439065Z     | |_- in this macro invocation
2026-09-13T07:10:04.8439311Z     |
2026-09-13T07:10:04.8439791Z     = note: this warning originates in the macro `opaque_control_ref` (in Nightly builds, run with -Z macro-backtrace for more info)
2026-09-13T07:10:04.8440253Z 
2026-09-13T07:10:04.8440411Z warning: associated function `from_core_id` is never used
2026-09-13T07:10:04.8440743Z    --> sv_core/src/control.rs:155:27
2026-09-13T07:10:04.8440993Z     |
2026-09-13T07:10:04.8441179Z 141 |           impl $name {
2026-09-13T07:10:04.8441467Z     |           ---------- associated function in this implementation
2026-09-13T07:10:04.8441790Z ...
2026-09-13T07:10:04.8442047Z 155 |               pub(crate) fn from_core_id(id: ControlId) -> Self {
2026-09-13T07:10:04.8442399Z     |                             ^^^^^^^^^^^^
2026-09-13T07:10:04.8442658Z ...
2026-09-13T07:10:04.8442851Z 214 | / opaque_control_ref!(
2026-09-13T07:10:04.8443096Z 215 | |     RequirementRef,
2026-09-13T07:10:04.8443584Z 216 | |     "Referencia a una obligación de Req; identificarla no acredita su cumplimiento."
2026-09-13T07:10:04.8444030Z 217 | | );
2026-09-13T07:10:04.8444243Z     | |_- in this macro invocation
2026-09-13T07:10:04.8444494Z     |
2026-09-13T07:10:04.8444975Z     = note: this warning originates in the macro `opaque_control_ref` (in Nightly builds, run with -Z macro-backtrace for more info)
2026-09-13T07:10:04.8445453Z 
2026-09-13T07:10:04.8445608Z warning: associated function `from_core_id` is never used
2026-09-13T07:10:04.8445948Z    --> sv_core/src/control.rs:155:27
2026-09-13T07:10:04.8446202Z     |
2026-09-13T07:10:04.8446396Z 141 |           impl $name {
2026-09-13T07:10:04.8446692Z     |           ---------- associated function in this implementation
2026-09-13T07:10:04.8447017Z ...
2026-09-13T07:10:04.8447404Z 155 |               pub(crate) fn from_core_id(id: ControlId) -> Self {
2026-09-13T07:10:04.8448007Z     |                             ^^^^^^^^^^^^
2026-09-13T07:10:04.8448419Z ...
2026-09-13T07:10:04.8448962Z 218 | / opaque_control_ref!(
2026-09-13T07:10:04.8449223Z 219 | |     VerifierRef,
2026-09-13T07:10:04.8449780Z 220 | |     "Referencia a un verificador concreto; su mera existencia no acredita aplicabilidad."
2026-09-13T07:10:04.8450221Z 221 | | );
2026-09-13T07:10:04.8450427Z     | |_- in this macro invocation
2026-09-13T07:10:04.8450673Z     |
2026-09-13T07:10:04.8451155Z     = note: this warning originates in the macro `opaque_control_ref` (in Nightly builds, run with -Z macro-backtrace for more info)
2026-09-13T07:10:04.8451626Z 
2026-09-13T07:10:04.8451776Z warning: associated function `from_core_id` is never used
2026-09-13T07:10:04.8452116Z    --> sv_core/src/control.rs:155:27
2026-09-13T07:10:04.8452481Z     |
2026-09-13T07:10:04.8452673Z 141 |           impl $name {
2026-09-13T07:10:04.8452970Z     |           ---------- associated function in this implementation
2026-09-13T07:10:04.8453287Z ...
2026-09-13T07:10:04.8453541Z 155 |               pub(crate) fn from_core_id(id: ControlId) -> Self {
2026-09-13T07:10:04.8453885Z     |                             ^^^^^^^^^^^^
2026-09-13T07:10:04.8454144Z ...
2026-09-13T07:10:04.8454338Z 222 | / opaque_control_ref!(
2026-09-13T07:10:04.8454586Z 223 | |     VerifierFamilyRef,
2026-09-13T07:10:04.8455070Z 224 | |     "Referencia a una familia de verificadores admisibles para una obligación."
2026-09-13T07:10:04.8455476Z 225 | | );
2026-09-13T07:10:04.8455687Z     | |_- in this macro invocation
2026-09-13T07:10:04.8455933Z     |
2026-09-13T07:10:04.8456405Z     = note: this warning originates in the macro `opaque_control_ref` (in Nightly builds, run with -Z macro-backtrace for more info)
2026-09-13T07:10:04.8456871Z 
2026-09-13T07:10:04.8457026Z warning: associated function `from_core_id` is never used
2026-09-13T07:10:04.8457373Z    --> sv_core/src/control.rs:155:27
2026-09-13T07:10:04.8457623Z     |
2026-09-13T07:10:04.8457807Z 141 |           impl $name {
2026-09-13T07:10:04.8458095Z     |           ---------- associated function in this implementation
2026-09-13T07:10:04.8458415Z ...
2026-09-13T07:10:04.8458877Z 155 |               pub(crate) fn from_core_id(id: ControlId) -> Self {
2026-09-13T07:10:04.8459242Z     |                             ^^^^^^^^^^^^
2026-09-13T07:10:04.8459503Z ...
2026-09-13T07:10:04.8459691Z 226 | / opaque_control_ref!(
2026-09-13T07:10:04.8459942Z 227 | |     ApplicabilityRuleRef,
2026-09-13T07:10:04.8460442Z 228 | |     "Referencia a una regla previamente constituida de aplicabilidad de comprobación."
2026-09-13T07:10:04.8460869Z 229 | | );
2026-09-13T07:10:04.8461071Z     | |_- in this macro invocation
2026-09-13T07:10:04.8461314Z     |
2026-09-13T07:10:04.8461788Z     = note: this warning originates in the macro `opaque_control_ref` (in Nightly builds, run with -Z macro-backtrace for more info)
2026-09-13T07:10:04.8462263Z 
2026-09-13T07:10:04.8462411Z warning: associated function `from_core_id` is never used
2026-09-13T07:10:04.8462743Z    --> sv_core/src/control.rs:155:27
2026-09-13T07:10:04.8462995Z     |
2026-09-13T07:10:04.8463178Z 141 |           impl $name {
2026-09-13T07:10:04.8463473Z     |           ---------- associated function in this implementation
2026-09-13T07:10:04.8463787Z ...
2026-09-13T07:10:04.8464036Z 155 |               pub(crate) fn from_core_id(id: ControlId) -> Self {
2026-09-13T07:10:04.8464371Z     |                             ^^^^^^^^^^^^
2026-09-13T07:10:04.8464632Z ...
2026-09-13T07:10:04.8464818Z 230 | / opaque_control_ref!(
2026-09-13T07:10:04.8465073Z 231 | |     ConflictResolutionRuleRef,
2026-09-13T07:10:04.8465649Z 232 | |     "Referencia a una regla previamente constituida de resolución de conflicto entre comprobaciones."
2026-09-13T07:10:04.8466139Z 233 | | );
2026-09-13T07:10:04.8466342Z     | |_- in this macro invocation
2026-09-13T07:10:04.8466590Z     |
2026-09-13T07:10:04.8467061Z     = note: this warning originates in the macro `opaque_control_ref` (in Nightly builds, run with -Z macro-backtrace for more info)
2026-09-13T07:10:04.8467533Z 
2026-09-13T07:10:04.8467680Z warning: associated function `from_core_id` is never used
2026-09-13T07:10:04.8468015Z    --> sv_core/src/control.rs:155:27
2026-09-13T07:10:04.8468402Z     |
2026-09-13T07:10:04.8468594Z 141 |           impl $name {
2026-09-13T07:10:04.8469160Z     |           ---------- associated function in this implementation
2026-09-13T07:10:04.8469487Z ...
2026-09-13T07:10:04.8469745Z 155 |               pub(crate) fn from_core_id(id: ControlId) -> Self {
2026-09-13T07:10:04.8470094Z     |                             ^^^^^^^^^^^^
2026-09-13T07:10:04.8470356Z ...
2026-09-13T07:10:04.8470547Z 234 | / opaque_control_ref!(
2026-09-13T07:10:04.8470791Z 235 | |     CoverageRuleRef,
2026-09-13T07:10:04.8471233Z 236 | |     "Referencia a una regla previamente constituida de cobertura de comprobaciones exigibles."
2026-09-13T07:10:04.8471881Z 237 | | );
2026-09-13T07:10:04.8472090Z     | |_- in this macro invocation
2026-09-13T07:10:04.8472345Z     |
2026-09-13T07:10:04.8472833Z     = note: this warning originates in the macro `opaque_control_ref` (in Nightly builds, run with -Z macro-backtrace for more info)
2026-09-13T07:10:04.8473308Z 
2026-09-13T07:10:04.8473468Z warning: associated function `from_core_id` is never used
2026-09-13T07:10:04.8473813Z    --> sv_core/src/control.rs:155:27
2026-09-13T07:10:04.8474071Z     |
2026-09-13T07:10:04.8474260Z 141 |           impl $name {
2026-09-13T07:10:04.8474557Z     |           ---------- associated function in this implementation
2026-09-13T07:10:04.8474883Z ...
2026-09-13T07:10:04.8475138Z 155 |               pub(crate) fn from_core_id(id: ControlId) -> Self {
2026-09-13T07:10:04.8475488Z     |                             ^^^^^^^^^^^^
2026-09-13T07:10:04.8475758Z ...
2026-09-13T07:10:04.8475945Z 238 | / opaque_control_ref!(
2026-09-13T07:10:04.8476194Z 239 | |     ReuseRuleRef,
2026-09-13T07:10:04.8476728Z 240 | |     "Referencia a una regla previamente constituida de reutilización de resultados cualificados."
2026-09-13T07:10:04.8477206Z 241 | | );
2026-09-13T07:10:04.8477409Z     | |_- in this macro invocation
2026-09-13T07:10:04.8477652Z     |
2026-09-13T07:10:04.8478130Z     = note: this warning originates in the macro `opaque_control_ref` (in Nightly builds, run with -Z macro-backtrace for more info)
2026-09-13T07:10:04.8478597Z 
2026-09-13T07:10:04.8478985Z warning: associated function `from_core_id` is never used
2026-09-13T07:10:04.8479333Z    --> sv_core/src/control.rs:155:27
2026-09-13T07:10:04.8479584Z     |
2026-09-13T07:10:04.8479773Z 141 |           impl $name {
2026-09-13T07:10:04.8480064Z     |           ---------- associated function in this implementation
2026-09-13T07:10:04.8480386Z ...
2026-09-13T07:10:04.8480632Z 155 |               pub(crate) fn from_core_id(id: ControlId) -> Self {
2026-09-13T07:10:04.8480979Z     |                             ^^^^^^^^^^^^
2026-09-13T07:10:04.8481239Z ...
2026-09-13T07:10:04.8481428Z 242 | / opaque_control_ref!(
2026-09-13T07:10:04.8481669Z 243 | |     ReuseBindingKeyRef,
2026-09-13T07:10:04.8482264Z 244 | |     "Referencia a una dimensión constituida cuya continuidad puede ser exigible para reutilizar un resultado."
2026-09-13T07:10:04.8482791Z 245 | | );
2026-09-13T07:10:04.8483004Z     | |_- in this macro invocation
2026-09-13T07:10:04.8483250Z     |
2026-09-13T07:10:04.8483729Z     = note: this warning originates in the macro `opaque_control_ref` (in Nightly builds, run with -Z macro-backtrace for more info)
2026-09-13T07:10:04.8484199Z 
2026-09-13T07:10:04.8484353Z warning: associated function `from_core_id` is never used
2026-09-13T07:10:04.8484687Z    --> sv_core/src/control.rs:155:27
2026-09-13T07:10:04.8484936Z     |
2026-09-13T07:10:04.8485123Z 141 |           impl $name {
2026-09-13T07:10:04.8485412Z     |           ---------- associated function in this implementation
2026-09-13T07:10:04.8485766Z ...
2026-09-13T07:10:04.8486016Z 155 |               pub(crate) fn from_core_id(id: ControlId) -> Self {
2026-09-13T07:10:04.8486353Z     |                             ^^^^^^^^^^^^
2026-09-13T07:10:04.8486610Z ...
2026-09-13T07:10:04.8486801Z 246 | / opaque_control_ref!(
2026-09-13T07:10:04.8487047Z 247 | |     ReuseBindingValueRef,
2026-09-13T07:10:04.8487763Z 248 | |     "Referencia al valor constituido de una dimensión de reutilización; identificarlo no acredita su vigencia."
2026-09-13T07:10:04.8488274Z 249 | | );
2026-09-13T07:10:04.8488472Z     | |_- in this macro invocation
2026-09-13T07:10:04.8488966Z     |
2026-09-13T07:10:04.8489454Z     = note: this warning originates in the macro `opaque_control_ref` (in Nightly builds, run with -Z macro-backtrace for more info)
2026-09-13T07:10:04.8489928Z 
2026-09-13T07:10:04.8490047Z warning: constant `PROFILE_ID` is never used
2026-09-13T07:10:04.8490385Z  --> sv_core/src/identifier_profile.rs:6:18
2026-09-13T07:10:04.8490794Z   |
2026-09-13T07:10:04.8491067Z 6 | pub(crate) const PROFILE_ID: &str = "svp-grammar-0.2-lex-es-1";
2026-09-13T07:10:04.8491425Z   |                  ^^^^^^^^^^
2026-09-13T07:10:04.8491577Z 
2026-09-13T07:10:04.8491708Z warning: function `is_reserved_word` is never used
2026-09-13T07:10:04.8492042Z   --> sv_core/src/identifier_profile.rs:22:15
2026-09-13T07:10:04.8492320Z    |
2026-09-13T07:10:04.8492568Z 22 | pub(crate) fn is_reserved_word(word: &str) -> bool {
2026-09-13T07:10:04.8492882Z    |               ^^^^^^^^^^^^^^^^
2026-09-13T07:10:04.8493045Z 
2026-09-13T07:10:04.8493176Z warning: method `matches_descriptor` is never used
2026-09-13T07:10:04.8493508Z    --> sv_core/src/requirements_reuse.rs:121:19
2026-09-13T07:10:04.8493787Z     |
2026-09-13T07:10:04.8493978Z  44 | impl ReuseRule {
2026-09-13T07:10:04.8494233Z     | -------------- method in this implementation
2026-09-13T07:10:04.8494513Z ...
2026-09-13T07:10:04.8494865Z 121 |     pub(crate) fn matches_descriptor(&self, descriptor: &RequirementDescriptor) -> bool {
2026-09-13T07:10:04.8495313Z     |                   ^^^^^^^^^^^^^^^^^^
2026-09-13T07:10:04.8495494Z 
2026-09-13T07:10:04.8495659Z warning: hiding a lifetime that's elided elsewhere is confusing
2026-09-13T07:10:04.8496019Z     --> sv_core/src/frontend.rs:2084:13
2026-09-13T07:10:04.8496288Z      |
2026-09-13T07:10:04.8496490Z 2084 |     fn peek(&self) -> &Token {
2026-09-13T07:10:04.8496749Z      |             ^^^^^     ^^^^^^
2026-09-13T07:10:04.8496990Z      |             |         ||
2026-09-13T07:10:04.8497257Z      |             |         |the same lifetime is hidden here
2026-09-13T07:10:04.8497584Z      |             |         the same lifetime is elided here
2026-09-13T07:10:04.8497896Z      |             the lifetime is elided here
2026-09-13T07:10:04.8498160Z      |
2026-09-13T07:10:04.8498521Z      = help: the same lifetime is referred to in inconsistent ways, making the signature confusing
2026-09-13T07:10:04.8499296Z      = note: `#[warn(mismatched_lifetime_syntaxes)]` on by default
2026-09-13T07:10:04.8499645Z help: use `'_` for type paths
2026-09-13T07:10:04.8499879Z      |
2026-09-13T07:10:04.8500085Z 2084 |     fn peek(&self) -> &Token<'_> {
2026-09-13T07:10:04.8500360Z      |                             ++++
2026-09-13T07:10:04.8500528Z 
2026-09-13T07:10:05.4537202Z    Compiling sv_native v0.1.0 (/home/runner/work/SV-lenguaje-de-computacion/SV-lenguaje-de-computacion/rust/sv_native)
2026-09-13T07:10:10.1226092Z warning: `sv_core` (lib) generated 25 warnings (run `cargo fix --lib -p sv_core` to apply 1 suggestion)
2026-09-13T07:10:10.3931100Z     Finished `release` profile [optimized] target(s) in 6.31s
2026-09-13T07:10:10.3991799Z ##[group]Run cargo build --manifest-path rust/Cargo.toml --release -p sv_wasm --target wasm32-unknown-unknown
2026-09-13T07:10:10.3992634Z [36;1mcargo build --manifest-path rust/Cargo.toml --release -p sv_wasm --target wasm32-unknown-unknown[0m
2026-09-13T07:10:10.3993241Z [36;1mtest -f rust/target/wasm32-unknown-unknown/release/sv_wasm.wasm[0m
2026-09-13T07:10:10.4028422Z shell: /usr/bin/bash -e {0}
2026-09-13T07:10:10.4028987Z ##[endgroup]
2026-09-13T07:10:10.4336941Z    Compiling sv_core v0.1.0 (/home/runner/work/SV-lenguaje-de-computacion/SV-lenguaje-de-computacion/rust/sv_core)
2026-09-13T07:10:11.1710373Z warning: associated function `from_core_id` is never used
2026-09-13T07:10:11.1711092Z    --> sv_core/src/control.rs:155:27
2026-09-13T07:10:11.1711531Z     |
2026-09-13T07:10:11.1711848Z 141 |           impl $name {
2026-09-13T07:10:11.1712378Z     |           ---------- associated function in this implementation
2026-09-13T07:10:11.1712935Z ...
2026-09-13T07:10:11.1713583Z 155 |               pub(crate) fn from_core_id(id: ControlId) -> Self {
2026-09-13T07:10:11.1714184Z     |                             ^^^^^^^^^^^^
2026-09-13T07:10:11.1714629Z ...
2026-09-13T07:10:11.1714950Z 162 | / opaque_control_ref!(
2026-09-13T07:10:11.1715349Z 163 | |     InformationRef,
2026-09-13T07:10:11.1716278Z 164 | |     "Referencia nominal a información dentro del dominio de control."
2026-09-13T07:10:11.1717216Z 165 | | );
2026-09-13T07:10:11.1717546Z     | |_- in this macro invocation
2026-09-13T07:10:11.1717972Z     |
2026-09-13T07:10:11.1718481Z     = note: `#[warn(dead_code)]` (part of `#[warn(unused)]`) on by default
2026-09-13T07:10:11.1719880Z     = note: this warning originates in the macro `opaque_control_ref` (in Nightly builds, run with -Z macro-backtrace for more info)
2026-09-13T07:10:11.1720710Z 
2026-09-13T07:10:11.1720979Z warning: associated function `from_core_id` is never used
2026-09-13T07:10:11.1721559Z    --> sv_core/src/control.rs:155:27
2026-09-13T07:10:11.1721994Z     |
2026-09-13T07:10:11.1722305Z 141 |           impl $name {
2026-09-13T07:10:11.1722806Z     |           ---------- associated function in this implementation
2026-09-13T07:10:11.1723367Z ...
2026-09-13T07:10:11.1723799Z 155 |               pub(crate) fn from_core_id(id: ControlId) -> Self {
2026-09-13T07:10:11.1724390Z     |                             ^^^^^^^^^^^^
2026-09-13T07:10:11.1724841Z ...
2026-09-13T07:10:11.1725163Z 166 | / opaque_control_ref!(
2026-09-13T07:10:11.1725592Z 167 | |     AdmittedEvidenceRef,
2026-09-13T07:10:11.1726604Z 168 | |     "Referencia a evidencia cuya admisión debe proceder de una verificación gobernada."
2026-09-13T07:10:11.1727394Z 169 | | );
2026-09-13T07:10:11.1727735Z     | |_- in this macro invocation
2026-09-13T07:10:11.1728137Z     |
2026-09-13T07:10:11.1729191Z     = note: this warning originates in the macro `opaque_control_ref` (in Nightly builds, run with -Z macro-backtrace for more info)
2026-09-13T07:10:11.1730042Z 
2026-09-13T07:10:11.1730324Z warning: associated function `from_core_id` is never used
2026-09-13T07:10:11.1730970Z    --> sv_core/src/control.rs:155:27
2026-09-13T07:10:11.1731387Z     |
2026-09-13T07:10:11.1731706Z 141 |           impl $name {
2026-09-13T07:10:11.1732220Z     |           ---------- associated function in this implementation
2026-09-13T07:10:11.1732767Z ...
2026-09-13T07:10:11.1733200Z 155 |               pub(crate) fn from_core_id(id: ControlId) -> Self {
2026-09-13T07:10:11.1733786Z     |                             ^^^^^^^^^^^^
2026-09-13T07:10:11.1734190Z ...
2026-09-13T07:10:11.1734488Z 170 | / opaque_control_ref!(
2026-09-13T07:10:11.1734898Z 171 | |     ConstitutedFactRef,
2026-09-13T07:10:11.1735697Z 172 | |     "Referencia a un hecho semántico constituido; no equivale a autoridad."
2026-09-13T07:10:11.1736326Z 173 | | );
2026-09-13T07:10:11.1736667Z     | |_- in this macro invocation
2026-09-13T07:10:11.1737072Z     |
2026-09-13T07:10:11.1738157Z     = note: this warning originates in the macro `opaque_control_ref` (in Nightly builds, run with -Z macro-backtrace for more info)
2026-09-13T07:10:11.1739219Z 
2026-09-13T07:10:11.1739485Z warning: associated function `from_core_id` is never used
2026-09-13T07:10:11.1740076Z    --> sv_core/src/control.rs:155:27
2026-09-13T07:10:11.1740506Z     |
2026-09-13T07:10:11.1740815Z 141 |           impl $name {
2026-09-13T07:10:11.1741319Z     |           ---------- associated function in this implementation
2026-09-13T07:10:11.1741840Z ...
2026-09-13T07:10:11.1742251Z 155 |               pub(crate) fn from_core_id(id: ControlId) -> Self {
2026-09-13T07:10:11.1742818Z     |                             ^^^^^^^^^^^^
2026-09-13T07:10:11.1743247Z ...
2026-09-13T07:10:11.1743554Z 174 | / opaque_control_ref!(
2026-09-13T07:10:11.1743936Z 175 | |     AuthorityRef,
2026-09-13T07:10:11.1744786Z 176 | |     "Referencia a autoridad constituida; su constructor no forma parte de la API pública."
2026-09-13T07:10:11.1745516Z 177 | | );
2026-09-13T07:10:11.1745830Z     | |_- in this macro invocation
2026-09-13T07:10:11.1746243Z     |
2026-09-13T07:10:11.1747028Z     = note: this warning originates in the macro `opaque_control_ref` (in Nightly builds, run with -Z macro-backtrace for more info)
2026-09-13T07:10:11.1747788Z 
2026-09-13T07:10:11.1748049Z warning: associated function `from_core_id` is never used
2026-09-13T07:10:11.1748576Z    --> sv_core/src/control.rs:155:27
2026-09-13T07:10:11.1749487Z     |
2026-09-13T07:10:11.1749782Z 141 |           impl $name {
2026-09-13T07:10:11.1750259Z     |           ---------- associated function in this implementation
2026-09-13T07:10:11.1750768Z ...
2026-09-13T07:10:11.1751193Z 155 |               pub(crate) fn from_core_id(id: ControlId) -> Self {
2026-09-13T07:10:11.1751825Z     |                             ^^^^^^^^^^^^
2026-09-13T07:10:11.1752231Z ...
2026-09-13T07:10:11.1752526Z 178 | / opaque_control_ref!(
2026-09-13T07:10:11.1752899Z 179 | |     EnablementRef,
2026-09-13T07:10:11.1753715Z 180 | |     "Referencia a una habilitación de autoridad ya existente; no amplía autoridad."
2026-09-13T07:10:11.1754400Z 181 | | );
2026-09-13T07:10:11.1754722Z     | |_- in this macro invocation
2026-09-13T07:10:11.1755098Z     |
2026-09-13T07:10:11.1755882Z     = note: this warning originates in the macro `opaque_control_ref` (in Nightly builds, run with -Z macro-backtrace for more info)
2026-09-13T07:10:11.1756671Z 
2026-09-13T07:10:11.1756931Z warning: associated function `from_core_id` is never used
2026-09-13T07:10:11.1757499Z    --> sv_core/src/control.rs:155:27
2026-09-13T07:10:11.1757903Z     |
2026-09-13T07:10:11.1758203Z 141 |           impl $name {
2026-09-13T07:10:11.1758897Z     |           ---------- associated function in this implementation
2026-09-13T07:10:11.1759429Z ...
2026-09-13T07:10:11.1759837Z 155 |               pub(crate) fn from_core_id(id: ControlId) -> Self {
2026-09-13T07:10:11.1760385Z     |                             ^^^^^^^^^^^^
2026-09-13T07:10:11.1760808Z ...
2026-09-13T07:10:11.1761110Z 186 | / opaque_control_ref!(
2026-09-13T07:10:11.1761494Z 187 | |     FormRef,
2026-09-13T07:10:11.1762070Z 188 | |     "Referencia a una forma de transición constituida."
2026-09-13T07:10:11.1762589Z 189 | | );
2026-09-13T07:10:11.1762906Z     | |_- in this macro invocation
2026-09-13T07:10:11.1763284Z     |
2026-09-13T07:10:11.1764076Z     = note: this warning originates in the macro `opaque_control_ref` (in Nightly builds, run with -Z macro-backtrace for more info)
2026-09-13T07:10:11.1764852Z 
2026-09-13T07:10:11.1765099Z warning: associated function `from_core_id` is never used
2026-09-13T07:10:11.1765632Z    --> sv_core/src/control.rs:155:27
2026-09-13T07:10:11.1766035Z     |
2026-09-13T07:10:11.1766338Z 141 |           impl $name {
2026-09-13T07:10:11.1766818Z     |           ---------- associated function in this implementation
2026-09-13T07:10:11.1767334Z ...
2026-09-13T07:10:11.1767728Z 155 |               pub(crate) fn from_core_id(id: ControlId) -> Self {
2026-09-13T07:10:11.1768269Z     |                             ^^^^^^^^^^^^
2026-09-13T07:10:11.1769130Z ...
2026-09-13T07:10:11.1769459Z 190 | / opaque_control_ref!(
2026-09-13T07:10:11.1769837Z 191 | |     EffectFamilyRef,
2026-09-13T07:10:11.1770517Z 192 | |     "Referencia a una familia de efectos fijada por constitución."
2026-09-13T07:10:11.1771084Z 193 | | );
2026-09-13T07:10:11.1771401Z     | |_- in this macro invocation
2026-09-13T07:10:11.1771788Z     |
2026-09-13T07:10:11.1772547Z     = note: this warning originates in the macro `opaque_control_ref` (in Nightly builds, run with -Z macro-backtrace for more info)
2026-09-13T07:10:11.1773293Z 
2026-09-13T07:10:11.1773539Z warning: associated function `from_core_id` is never used
2026-09-13T07:10:11.1774075Z    --> sv_core/src/control.rs:155:27
2026-09-13T07:10:11.1774470Z     |
2026-09-13T07:10:11.1774760Z 141 |           impl $name {
2026-09-13T07:10:11.1775218Z     |           ---------- associated function in this implementation
2026-09-13T07:10:11.1775713Z ...
2026-09-13T07:10:11.1776122Z 155 |               pub(crate) fn from_core_id(id: ControlId) -> Self {
2026-09-13T07:10:11.1776664Z     |                             ^^^^^^^^^^^^
2026-09-13T07:10:11.1777067Z ...
2026-09-13T07:10:11.1777370Z 194 | / opaque_control_ref!(
2026-09-13T07:10:11.1777738Z 195 | |     EffectRef,
2026-09-13T07:10:11.1778289Z 196 | |     "Referencia a un efecto concreto; identificarlo no equivale a autorizarlo."
2026-09-13T07:10:11.1779353Z 197 | | );
2026-09-13T07:10:11.1779674Z     | |_- in this macro invocation
2026-09-13T07:10:11.1780060Z     |
2026-09-13T07:10:11.1780828Z     = note: this warning originates in the macro `opaque_control_ref` (in Nightly builds, run with -Z macro-backtrace for more info)
2026-09-13T07:10:11.1781602Z 
2026-09-13T07:10:11.1781843Z warning: associated function `from_core_id` is never used
2026-09-13T07:10:11.1782389Z    --> sv_core/src/control.rs:155:27
2026-09-13T07:10:11.1782781Z     |
2026-09-13T07:10:11.1783074Z 141 |           impl $name {
2026-09-13T07:10:11.1783546Z     |           ---------- associated function in this implementation
2026-09-13T07:10:11.1784054Z ...
2026-09-13T07:10:11.1784457Z 155 |               pub(crate) fn from_core_id(id: ControlId) -> Self {
2026-09-13T07:10:11.1784987Z     |                             ^^^^^^^^^^^^
2026-09-13T07:10:11.1785384Z ...
2026-09-13T07:10:11.1785690Z 198 | / opaque_control_ref!(
2026-09-13T07:10:11.1786067Z 199 | |     ContextRef,
2026-09-13T07:10:11.1786630Z 200 | |     "Referencia a una ligadura de contexto relevante para autoridad o forma."
2026-09-13T07:10:11.1787253Z 201 | | );
2026-09-13T07:10:11.1787582Z     | |_- in this macro invocation
2026-09-13T07:10:11.1787961Z     |
2026-09-13T07:10:11.1788954Z     = note: this warning originates in the macro `opaque_control_ref` (in Nightly builds, run with -Z macro-backtrace for more info)
2026-09-13T07:10:11.1789745Z 
2026-09-13T07:10:11.1789984Z warning: associated function `from_core_id` is never used
2026-09-13T07:10:11.1790534Z    --> sv_core/src/control.rs:155:27
2026-09-13T07:10:11.1790942Z     |
2026-09-13T07:10:11.1791238Z 141 |           impl $name {
2026-09-13T07:10:11.1791714Z     |           ---------- associated function in this implementation
2026-09-13T07:10:11.1792225Z ...
2026-09-13T07:10:11.1792632Z 155 |               pub(crate) fn from_core_id(id: ControlId) -> Self {
2026-09-13T07:10:11.1793171Z     |                             ^^^^^^^^^^^^
2026-09-13T07:10:11.1793586Z ...
2026-09-13T07:10:11.1793874Z 202 | / opaque_control_ref!(
2026-09-13T07:10:11.1794267Z 203 | |     AuthorityHolderRef,
2026-09-13T07:10:11.1795077Z 204 | |     "Referencia al titular de una autoridad; no constituye autoridad por sí misma."
2026-09-13T07:10:11.1795704Z 205 | | );
2026-09-13T07:10:11.1796024Z     | |_- in this macro invocation
2026-09-13T07:10:11.1796408Z     |
2026-09-13T07:10:11.1797191Z     = note: this warning originates in the macro `opaque_control_ref` (in Nightly builds, run with -Z macro-backtrace for more info)
2026-09-13T07:10:11.1797967Z 
2026-09-13T07:10:11.1798423Z warning: associated function `from_core_id` is never used
2026-09-13T07:10:11.1799184Z    --> sv_core/src/control.rs:155:27
2026-09-13T07:10:11.1799582Z     |
2026-09-13T07:10:11.1799870Z 141 |           impl $name {
2026-09-13T07:10:11.1800338Z     |           ---------- associated function in this implementation
2026-09-13T07:10:11.1800863Z ...
2026-09-13T07:10:11.1801266Z 155 |               pub(crate) fn from_core_id(id: ControlId) -> Self {
2026-09-13T07:10:11.1801813Z     |                             ^^^^^^^^^^^^
2026-09-13T07:10:11.1802219Z ...
2026-09-13T07:10:11.1802521Z 206 | / opaque_control_ref!(
2026-09-13T07:10:11.1802911Z 207 | |     GovernedObjectRef,
2026-09-13T07:10:11.1803496Z 208 | |     "Referencia a un objeto candidato a pertenecer al dominio gobernado D_a."
2026-09-13T07:10:11.1804152Z 209 | | );
2026-09-13T07:10:11.1804498Z     | |_- in this macro invocation
2026-09-13T07:10:11.1804877Z     |
2026-09-13T07:10:11.1805656Z     = note: this warning originates in the macro `opaque_control_ref` (in Nightly builds, run with -Z macro-backtrace for more info)
2026-09-13T07:10:11.1806425Z 
2026-09-13T07:10:11.1806691Z warning: associated function `from_core_id` is never used
2026-09-13T07:10:11.1807245Z    --> sv_core/src/control.rs:155:27
2026-09-13T07:10:11.1807637Z     |
2026-09-13T07:10:11.1807926Z 141 |           impl $name {
2026-09-13T07:10:11.1808384Z     |           ---------- associated function in this implementation
2026-09-13T07:10:11.1809351Z ...
2026-09-13T07:10:11.1809762Z 155 |               pub(crate) fn from_core_id(id: ControlId) -> Self {
2026-09-13T07:10:11.1810331Z     |                             ^^^^^^^^^^^^
2026-09-13T07:10:11.1810744Z ...
2026-09-13T07:10:11.1811052Z 210 | / opaque_control_ref!(
2026-09-13T07:10:11.1811451Z 211 | |     AccumulationRuleRef,
2026-09-13T07:10:11.1812264Z 212 | |     "Referencia a una regla gobernada de acumulación o a un predicado de traza."
2026-09-13T07:10:11.1812904Z 213 | | );
2026-09-13T07:10:11.1813216Z     | |_- in this macro invocation
2026-09-13T07:10:11.1813587Z     |
2026-09-13T07:10:11.1814349Z     = note: this warning originates in the macro `opaque_control_ref` (in Nightly builds, run with -Z macro-backtrace for more info)
2026-09-13T07:10:11.1815110Z 
2026-09-13T07:10:11.1815354Z warning: associated function `from_core_id` is never used
2026-09-13T07:10:11.1815876Z    --> sv_core/src/control.rs:155:27
2026-09-13T07:10:11.1816271Z     |
2026-09-13T07:10:11.1816581Z 141 |           impl $name {
2026-09-13T07:10:11.1817039Z     |           ---------- associated function in this implementation
2026-09-13T07:10:11.1817556Z ...
2026-09-13T07:10:11.1817939Z 155 |               pub(crate) fn from_core_id(id: ControlId) -> Self {
2026-09-13T07:10:11.1818468Z     |                             ^^^^^^^^^^^^
2026-09-13T07:10:11.1819039Z ...
2026-09-13T07:10:11.1819340Z 214 | / opaque_control_ref!(
2026-09-13T07:10:11.1819711Z 215 | |     RequirementRef,
2026-09-13T07:10:11.1820473Z 216 | |     "Referencia a una obligación de Req; identificarla no acredita su cumplimiento."
2026-09-13T07:10:11.1821129Z 217 | | );
2026-09-13T07:10:11.1821453Z     | |_- in this macro invocation
2026-09-13T07:10:11.1821826Z     |
2026-09-13T07:10:11.1822568Z     = note: this warning originates in the macro `opaque_control_ref` (in Nightly builds, run with -Z macro-backtrace for more info)
2026-09-13T07:10:11.1823317Z 
2026-09-13T07:10:11.1823568Z warning: associated function `from_core_id` is never used
2026-09-13T07:10:11.1824097Z    --> sv_core/src/control.rs:155:27
2026-09-13T07:10:11.1824478Z     |
2026-09-13T07:10:11.1824740Z 141 |           impl $name {
2026-09-13T07:10:11.1825174Z     |           ---------- associated function in this implementation
2026-09-13T07:10:11.1825666Z ...
2026-09-13T07:10:11.1826056Z 155 |               pub(crate) fn from_core_id(id: ControlId) -> Self {
2026-09-13T07:10:11.1826670Z     |                             ^^^^^^^^^^^^
2026-09-13T07:10:11.1827070Z ...
2026-09-13T07:10:11.1827359Z 218 | / opaque_control_ref!(
2026-09-13T07:10:11.1827720Z 219 | |     VerifierRef,
2026-09-13T07:10:11.1828548Z 220 | |     "Referencia a un verificador concreto; su mera existencia no acredita aplicabilidad."
2026-09-13T07:10:11.1829476Z 221 | | );
2026-09-13T07:10:11.1829783Z     | |_- in this macro invocation
2026-09-13T07:10:11.1830154Z     |
2026-09-13T07:10:11.1830961Z     = note: this warning originates in the macro `opaque_control_ref` (in Nightly builds, run with -Z macro-backtrace for more info)
2026-09-13T07:10:11.1831817Z 
2026-09-13T07:10:11.1832069Z warning: associated function `from_core_id` is never used
2026-09-13T07:10:11.1832608Z    --> sv_core/src/control.rs:155:27
2026-09-13T07:10:11.1833007Z     |
2026-09-13T07:10:11.1833298Z 141 |           impl $name {
2026-09-13T07:10:11.1833769Z     |           ---------- associated function in this implementation
2026-09-13T07:10:11.1834273Z ...
2026-09-13T07:10:11.1834690Z 155 |               pub(crate) fn from_core_id(id: ControlId) -> Self {
2026-09-13T07:10:11.1835246Z     |                             ^^^^^^^^^^^^
2026-09-13T07:10:11.1835658Z ...
2026-09-13T07:10:11.1835944Z 222 | / opaque_control_ref!(
2026-09-13T07:10:11.1836338Z 223 | |     VerifierFamilyRef,
2026-09-13T07:10:11.1837160Z 224 | |     "Referencia a una familia de verificadores admisibles para una obligación."
2026-09-13T07:10:11.1837827Z 225 | | );
2026-09-13T07:10:11.1838145Z     | |_- in this macro invocation
2026-09-13T07:10:11.1838986Z     |
2026-09-13T07:10:11.1839737Z     = note: this warning originates in the macro `opaque_control_ref` (in Nightly builds, run with -Z macro-backtrace for more info)
2026-09-13T07:10:11.1840480Z 
2026-09-13T07:10:11.1840723Z warning: associated function `from_core_id` is never used
2026-09-13T07:10:11.1841264Z    --> sv_core/src/control.rs:155:27
2026-09-13T07:10:11.1841666Z     |
2026-09-13T07:10:11.1841958Z 141 |           impl $name {
2026-09-13T07:10:11.1842423Z     |           ---------- associated function in this implementation
2026-09-13T07:10:11.1842958Z ...
2026-09-13T07:10:11.1843385Z 155 |               pub(crate) fn from_core_id(id: ControlId) -> Self {
2026-09-13T07:10:11.1843956Z     |                             ^^^^^^^^^^^^
2026-09-13T07:10:11.1844380Z ...
2026-09-13T07:10:11.1844680Z 226 | / opaque_control_ref!(
2026-09-13T07:10:11.1845073Z 227 | |     ApplicabilityRuleRef,
2026-09-13T07:10:11.1845915Z 228 | |     "Referencia a una regla previamente constituida de aplicabilidad de comprobación."
2026-09-13T07:10:11.1846619Z 229 | | );
2026-09-13T07:10:11.1846938Z     | |_- in this macro invocation
2026-09-13T07:10:11.1847328Z     |
2026-09-13T07:10:11.1848130Z     = note: this warning originates in the macro `opaque_control_ref` (in Nightly builds, run with -Z macro-backtrace for more info)
2026-09-13T07:10:11.1849089Z 
2026-09-13T07:10:11.1849337Z warning: associated function `from_core_id` is never used
2026-09-13T07:10:11.1849907Z    --> sv_core/src/control.rs:155:27
2026-09-13T07:10:11.1850295Z     |
2026-09-13T07:10:11.1850584Z 141 |           impl $name {
2026-09-13T07:10:11.1851074Z     |           ---------- associated function in this implementation
2026-09-13T07:10:11.1851562Z ...
2026-09-13T07:10:11.1851967Z 155 |               pub(crate) fn from_core_id(id: ControlId) -> Self {
2026-09-13T07:10:11.1852529Z     |                             ^^^^^^^^^^^^
2026-09-13T07:10:11.1852944Z ...
2026-09-13T07:10:11.1853235Z 230 | / opaque_control_ref!(
2026-09-13T07:10:11.1853666Z 231 | |     ConflictResolutionRuleRef,
2026-09-13T07:10:11.1854634Z 232 | |     "Referencia a una regla previamente constituida de resolución de conflicto entre comprobaciones."
2026-09-13T07:10:11.1855402Z 233 | | );
2026-09-13T07:10:11.1855720Z     | |_- in this macro invocation
2026-09-13T07:10:11.1856108Z     |
2026-09-13T07:10:11.1856861Z     = note: this warning originates in the macro `opaque_control_ref` (in Nightly builds, run with -Z macro-backtrace for more info)
2026-09-13T07:10:11.1857621Z 
2026-09-13T07:10:11.1857858Z warning: associated function `from_core_id` is never used
2026-09-13T07:10:11.1858620Z    --> sv_core/src/control.rs:155:27
2026-09-13T07:10:11.1859279Z     |
2026-09-13T07:10:11.1859580Z 141 |           impl $name {
2026-09-13T07:10:11.1860044Z     |           ---------- associated function in this implementation
2026-09-13T07:10:11.1860541Z ...
2026-09-13T07:10:11.1860947Z 155 |               pub(crate) fn from_core_id(id: ControlId) -> Self {
2026-09-13T07:10:11.1861485Z     |                             ^^^^^^^^^^^^
2026-09-13T07:10:11.1861892Z ...
2026-09-13T07:10:11.1862194Z 234 | / opaque_control_ref!(
2026-09-13T07:10:11.1862558Z 235 | |     CoverageRuleRef,
2026-09-13T07:10:11.1863247Z 236 | |     "Referencia a una regla previamente constituida de cobertura de comprobaciones exigibles."
2026-09-13T07:10:11.1863971Z 237 | | );
2026-09-13T07:10:11.1864276Z     | |_- in this macro invocation
2026-09-13T07:10:11.1864661Z     |
2026-09-13T07:10:11.1865429Z     = note: this warning originates in the macro `opaque_control_ref` (in Nightly builds, run with -Z macro-backtrace for more info)
2026-09-13T07:10:11.1866183Z 
2026-09-13T07:10:11.1866439Z warning: associated function `from_core_id` is never used
2026-09-13T07:10:11.1866973Z    --> sv_core/src/control.rs:155:27
2026-09-13T07:10:11.1867370Z     |
2026-09-13T07:10:11.1867657Z 141 |           impl $name {
2026-09-13T07:10:11.1868117Z     |           ---------- associated function in this implementation
2026-09-13T07:10:11.1869184Z ...
2026-09-13T07:10:11.1869582Z 155 |               pub(crate) fn from_core_id(id: ControlId) -> Self {
2026-09-13T07:10:11.1870124Z     |                             ^^^^^^^^^^^^
2026-09-13T07:10:11.1870512Z ...
2026-09-13T07:10:11.1870797Z 238 | / opaque_control_ref!(
2026-09-13T07:10:11.1871159Z 239 | |     ReuseRuleRef,
2026-09-13T07:10:11.1872076Z 240 | |     "Referencia a una regla previamente constituida de reutilización de resultados cualificados."
2026-09-13T07:10:11.1872825Z 241 | | );
2026-09-13T07:10:11.1873136Z     | |_- in this macro invocation
2026-09-13T07:10:11.1873508Z     |
2026-09-13T07:10:11.1874250Z     = note: this warning originates in the macro `opaque_control_ref` (in Nightly builds, run with -Z macro-backtrace for more info)
2026-09-13T07:10:11.1875026Z 
2026-09-13T07:10:11.1875273Z warning: associated function `from_core_id` is never used
2026-09-13T07:10:11.1875824Z    --> sv_core/src/control.rs:155:27
2026-09-13T07:10:11.1876227Z     |
2026-09-13T07:10:11.1876517Z 141 |           impl $name {
2026-09-13T07:10:11.1876980Z     |           ---------- associated function in this implementation
2026-09-13T07:10:11.1877483Z ...
2026-09-13T07:10:11.1877881Z 155 |               pub(crate) fn from_core_id(id: ControlId) -> Self {
2026-09-13T07:10:11.1878424Z     |                             ^^^^^^^^^^^^
2026-09-13T07:10:11.1879314Z ...
2026-09-13T07:10:11.1879557Z 242 | / opaque_control_ref!(
2026-09-13T07:10:11.1879842Z 243 | |     ReuseBindingKeyRef,
2026-09-13T07:10:11.1880550Z 244 | |     "Referencia a una dimensión constituida cuya continuidad puede ser exigible para reutilizar un resultado."
2026-09-13T07:10:11.1881106Z 245 | | );
2026-09-13T07:10:11.1881322Z     | |_- in this macro invocation
2026-09-13T07:10:11.1881576Z     |
2026-09-13T07:10:11.1882072Z     = note: this warning originates in the macro `opaque_control_ref` (in Nightly builds, run with -Z macro-backtrace for more info)
2026-09-13T07:10:11.1882548Z 
2026-09-13T07:10:11.1882704Z warning: associated function `from_core_id` is never used
2026-09-13T07:10:11.1883176Z    --> sv_core/src/control.rs:155:27
2026-09-13T07:10:11.1883569Z     |
2026-09-13T07:10:11.1883920Z 141 |           impl $name {
2026-09-13T07:10:11.1884377Z     |           ---------- associated function in this implementation
2026-09-13T07:10:11.1884810Z ...
2026-09-13T07:10:11.1885262Z 155 |               pub(crate) fn from_core_id(id: ControlId) -> Self {
2026-09-13T07:10:11.1896223Z     |                             ^^^^^^^^^^^^
2026-09-13T07:10:11.1896663Z ...
2026-09-13T07:10:11.1896966Z 246 | / opaque_control_ref!(
2026-09-13T07:10:11.1897314Z 247 | |     ReuseBindingValueRef,
2026-09-13T07:10:11.1898210Z 248 | |     "Referencia al valor constituido de una dimensión de reutilización; identificarlo no acredita su vigencia."
2026-09-13T07:10:11.1899045Z 249 | | );
2026-09-13T07:10:11.1899269Z     | |_- in this macro invocation
2026-09-13T07:10:11.1899521Z     |
2026-09-13T07:10:11.1900013Z     = note: this warning originates in the macro `opaque_control_ref` (in Nightly builds, run with -Z macro-backtrace for more info)
2026-09-13T07:10:11.1900508Z 
2026-09-13T07:10:11.1900634Z warning: constant `PROFILE_ID` is never used
2026-09-13T07:10:11.1900955Z  --> sv_core/src/identifier_profile.rs:6:18
2026-09-13T07:10:11.1901228Z   |
2026-09-13T07:10:11.1901509Z 6 | pub(crate) const PROFILE_ID: &str = "svp-grammar-0.2-lex-es-1";
2026-09-13T07:10:11.1901864Z   |                  ^^^^^^^^^^
2026-09-13T07:10:11.1902019Z 
2026-09-13T07:10:11.1902144Z warning: function `is_reserved_word` is never used
2026-09-13T07:10:11.1902482Z   --> sv_core/src/identifier_profile.rs:22:15
2026-09-13T07:10:11.1902759Z    |
2026-09-13T07:10:11.1903014Z 22 | pub(crate) fn is_reserved_word(word: &str) -> bool {
2026-09-13T07:10:11.1903326Z    |               ^^^^^^^^^^^^^^^^
2026-09-13T07:10:11.1903482Z 
2026-09-13T07:10:11.1903613Z warning: method `matches_descriptor` is never used
2026-09-13T07:10:11.1903950Z    --> sv_core/src/requirements_reuse.rs:121:19
2026-09-13T07:10:11.1904375Z     |
2026-09-13T07:10:11.1904566Z  44 | impl ReuseRule {
2026-09-13T07:10:11.1904816Z     | -------------- method in this implementation
2026-09-13T07:10:11.1905102Z ...
2026-09-13T07:10:11.1905466Z 121 |     pub(crate) fn matches_descriptor(&self, descriptor: &RequirementDescriptor) -> bool {
2026-09-13T07:10:11.1905914Z     |                   ^^^^^^^^^^^^^^^^^^
2026-09-13T07:10:11.1906089Z 
2026-09-13T07:10:11.1906281Z warning: hiding a lifetime that's elided elsewhere is confusing
2026-09-13T07:10:11.1906639Z     --> sv_core/src/frontend.rs:2084:13
2026-09-13T07:10:11.1906901Z      |
2026-09-13T07:10:11.1907114Z 2084 |     fn peek(&self) -> &Token {
2026-09-13T07:10:11.1907370Z      |             ^^^^^     ^^^^^^
2026-09-13T07:10:11.1907615Z      |             |         ||
2026-09-13T07:10:11.1907883Z      |             |         |the same lifetime is hidden here
2026-09-13T07:10:11.1908222Z      |             |         the same lifetime is elided here
2026-09-13T07:10:11.1908541Z      |             the lifetime is elided here
2026-09-13T07:10:11.1909077Z      |
2026-09-13T07:10:11.1909448Z      = help: the same lifetime is referred to in inconsistent ways, making the signature confusing
2026-09-13T07:10:11.1909960Z      = note: `#[warn(mismatched_lifetime_syntaxes)]` on by default
2026-09-13T07:10:11.1910310Z help: use `'_` for type paths
2026-09-13T07:10:11.1910549Z      |
2026-09-13T07:10:11.1910755Z 2084 |     fn peek(&self) -> &Token<'_> {
2026-09-13T07:10:11.1911033Z      |                             ++++
2026-09-13T07:10:11.1911206Z 
2026-09-13T07:10:16.4829048Z warning: `sv_core` (lib) generated 25 warnings (run `cargo fix --lib -p sv_core` to apply 1 suggestion)
2026-09-13T07:10:16.4830366Z    Compiling sv_wasm v0.1.0 (/home/runner/work/SV-lenguaje-de-computacion/SV-lenguaje-de-computacion/rust/sv_wasm)
2026-09-13T07:10:16.8122568Z     Finished `release` profile [optimized] target(s) in 6.39s
2026-09-13T07:10:16.8181712Z ##[group]Run mkdir -p artifacts/manifiesto-sv
2026-09-13T07:10:16.8182138Z [36;1mmkdir -p artifacts/manifiesto-sv[0m
2026-09-13T07:10:16.8182631Z [36;1mnode tests/manifiesto_sv/verificar.mjs > artifacts/manifiesto-sv/verificacion.json[0m
2026-09-13T07:10:16.8183142Z [36;1mcat artifacts/manifiesto-sv/verificacion.json[0m
2026-09-13T07:10:16.8218148Z shell: /usr/bin/bash -e {0}
2026-09-13T07:10:16.8218416Z ##[endgroup]
2026-09-13T07:10:16.9596427Z (node:11386) ExperimentalWarning: WASI is an experimental feature and might change at any time
2026-09-13T07:10:16.9597705Z (Use `node --trace-warnings ...` to show where the warning was created)
2026-09-13T07:10:17.0851764Z {
2026-09-13T07:10:17.0852342Z   "resultado": "CONFORME",
2026-09-13T07:10:17.0853004Z   "bytes": 19134,
2026-09-13T07:10:17.0853871Z   "sha256": "31ae77a963718ac72bbb74a4aac4fd06d788117167162835e0652f9fb2a60056",
2026-09-13T07:10:17.0854611Z   "comprobaciones": [
2026-09-13T07:10:17.0855468Z     "manifiesto-sv: texto íntegro fuera del repositorio",
2026-09-13T07:10:17.0856232Z     "manifiesto-sv: rechazo de tres argumentos incompatibles",
2026-09-13T07:10:17.0857017Z     "manifiesto-sv: fallo de stdout separado de éxito",
2026-09-13T07:10:17.0857725Z     "manifiesto-sv: WASI sin acceso a archivos, positivo y negativo",
2026-09-13T07:10:17.0858518Z     "sv-native: texto íntegro fuera del repositorio",
2026-09-13T07:10:17.0859448Z     "sv-native: rechazo de tres argumentos incompatibles",
2026-09-13T07:10:17.0860171Z     "sv-native: fallo de stdout separado de éxito",
2026-09-13T07:10:17.0860854Z     "sv-native: WASI sin acceso a archivos, positivo y negativo",
2026-09-13T07:10:17.0861624Z     "adaptador WASM: dos consultas íntegras por ABI",
2026-09-13T07:10:17.0862257Z     "sensibilidad: byte alterado y truncamiento detectados"
2026-09-13T07:10:17.0862785Z   ],
2026-09-13T07:10:17.0864163Z   "limite": "Disponibilidad e identidad documental; no prueba de bloqueo de usos prohibidos ni confianza frente a host comprometido."
2026-09-13T07:10:17.0865078Z }
2026-09-13T07:10:17.0898598Z ##[group]Run mkdir -p artifacts/r0-wasm
2026-09-13T07:10:17.0899372Z [36;1mmkdir -p artifacts/r0-wasm[0m
2026-09-13T07:10:17.0899677Z [36;1mpython tests/r0_wasm_parity.py \[0m
2026-09-13T07:10:17.0900168Z [36;1m  --native-bin rust/target/release/sv-native \[0m
2026-09-13T07:10:17.0900616Z [36;1m  --wasm-bin rust/target/wasm32-wasip1/release/sv-native.wasm \[0m
2026-09-13T07:10:17.0901042Z [36;1m  --wasi-runner tests/run_wasi_sv_native.js \[0m
2026-09-13T07:10:17.0901586Z [36;1m  --report artifacts/r0-wasm/three-way-parity-wasi.json \[0m
2026-09-13T07:10:17.0902040Z [36;1m  --source-head "1469b08272f5d5c10e406dfa77f76a4d11c3accc" \[0m
2026-09-13T07:10:17.0902737Z [36;1m  --base-head "8893707154e5fd6e623904a71345268339eb6550"[0m
2026-09-13T07:10:17.0939786Z shell: /usr/bin/bash -e {0}
2026-09-13T07:10:17.0940058Z ##[endgroup]
2026-09-13T07:10:21.8374346Z R0 WASM VALID OK: admissibility_spec_states_permutados
2026-09-13T07:10:21.8374962Z R0 WASM VALID OK: cell_basic
2026-09-13T07:10:21.8375427Z R0 WASM VALID OK: compose_basic
2026-09-13T07:10:21.8375897Z R0 WASM VALID OK: frame_cell_spec_compartida_valida
2026-09-13T07:10:21.8376361Z R0 WASM VALID OK: gate_table
2026-09-13T07:10:21.8376760Z R0 WASM VALID OK: identificadores_espanol
2026-09-13T07:10:21.8377242Z R0 WASM VALID OK: output_semantics_independientes
2026-09-13T07:10:21.8377776Z R0 WASM VALID OK: output_semantics_total_permutada
2026-09-13T07:10:21.8378291Z R0 WASM VALID OK: query_context_all_variants
2026-09-13T07:10:21.8378951Z R0 WASM VALID OK: resolve_projection
2026-09-13T07:10:21.8379433Z R0 WASM VALID OK: supervise_systemtarget_valido
2026-09-13T07:10:21.8379908Z R0 WASM VALID OK: supervise_targets
2026-09-13T07:10:21.8380335Z R0 WASM VALID OK: trajectory_alternance_valid
2026-09-13T07:10:21.8380792Z R0 WASM VALID OK: transition_data_events
2026-09-13T07:10:21.8381270Z R0 WASM INVALID OK: admissibility_spec_estados_legacy
2026-09-13T07:10:21.8381798Z R0 WASM INVALID OK: admissibility_spec_failed_legacy
2026-09-13T07:10:21.8382308Z R0 WASM INVALID OK: admissibility_spec_u_legacy
2026-09-13T07:10:21.8382822Z R0 WASM INVALID OK: admissibility_table_incompleta
2026-09-13T07:10:21.8383383Z R0 WASM INVALID OK: admissibility_table_output_fuera_codominio
2026-09-13T07:10:21.8383944Z R0 WASM INVALID OK: agent_architecture_mismatch
2026-09-13T07:10:21.8384480Z R0 WASM INVALID OK: agent_arquitecturas_reales_distintas
2026-09-13T07:10:21.8384969Z R0 WASM INVALID OK: bad_b_value
2026-09-13T07:10:21.8385393Z R0 WASM INVALID OK: bridge_position_fuera_de_rango
2026-09-13T07:10:21.8385923Z R0 WASM INVALID OK: cellstate_vector_length_mismatch
2026-09-13T07:10:21.8386456Z R0 WASM INVALID OK: codomain_miembro_duplicado
2026-09-13T07:10:21.8386919Z R0 WASM INVALID OK: compose_cycle_graph
2026-09-13T07:10:21.8387450Z R0 WASM INVALID OK: compose_graph_tipo_incorrecto
2026-09-13T07:10:21.8388011Z R0 WASM INVALID OK: compose_patterns_vacios
2026-09-13T07:10:21.8388545Z R0 WASM INVALID OK: compose_relations_vacias
2026-09-13T07:10:21.8389301Z R0 WASM INVALID OK: conector_mapping_incompleto
2026-09-13T07:10:21.8389872Z R0 WASM INVALID OK: conector_target_no_ternario
2026-09-13T07:10:21.8390416Z R0 WASM INVALID OK: connector_clave_repetida
2026-09-13T07:10:21.8390960Z R0 WASM INVALID OK: coupledspec_puente_repetido
2026-09-13T07:10:21.8391552Z R0 WASM INVALID OK: coupledstate_update_fuera_bridges
2026-09-13T07:10:21.8392124Z R0 WASM INVALID OK: domain_chain_mismatch
2026-09-13T07:10:21.8392684Z R0 WASM INVALID OK: domain_parametro_nominal_repetido
2026-09-13T07:10:21.8393224Z R0 WASM INVALID OK: duplicate_identifier
2026-09-13T07:10:21.8393817Z R0 WASM INVALID OK: edge_connector_source_codomain_mismatch
2026-09-13T07:10:21.8394464Z R0 WASM INVALID OK: edge_connector_target_position_mismatch
2026-09-13T07:10:21.8394990Z R0 WASM INVALID OK: edge_position_fuera_bridges
2026-09-13T07:10:21.8395475Z R0 WASM INVALID OK: frame_architecture_tipo_incorrecto
2026-09-13T07:10:21.8396010Z R0 WASM INVALID OK: frame_criticality_no_producible
2026-09-13T07:10:21.8396908Z R0 WASM INVALID OK: frame_estado_arquitectura_ajena
2026-09-13T07:10:21.8397626Z R0 WASM INVALID OK: frame_eval_duplicado
2026-09-13T07:10:21.8398122Z R0 WASM INVALID OK: frame_eval_externo
2026-09-13T07:10:21.8398838Z R0 WASM INVALID OK: frame_gate_input_externo
2026-09-13T07:10:21.8399380Z R0 WASM INVALID OK: frame_supervision_externa
2026-09-13T07:10:21.8400046Z R0 WASM INVALID OK: gate_codominio_posicional_incompatible_con_tabla
2026-09-13T07:10:21.8400727Z R0 WASM INVALID OK: gate_input_no_evalresult
2026-09-13T07:10:21.8401356Z R0 WASM INVALID OK: gate_numero_entradas_incompatible_con_tabla
2026-09-13T07:10:21.8401987Z R0 WASM INVALID OK: gate_undeclared_input
2026-09-13T07:10:21.8402532Z R0 WASM INVALID OK: graph_conflicts_fuera_de_v0_1
2026-09-13T07:10:21.8403160Z R0 WASM INVALID OK: graph_simple_concurrencia_mismo_puente
2026-09-13T07:10:21.8403753Z R0 WASM INVALID OK: horizon_architecture_ausente
2026-09-13T07:10:21.8404357Z R0 WASM INVALID OK: horizon_architecture_tipo_incorrecto
2026-09-13T07:10:21.8405032Z R0 WASM INVALID OK: horizon_tipo_suceso_repetido
2026-09-13T07:10:21.8405631Z R0 WASM INVALID OK: identificador_alfabeto_fuera_perfil
2026-09-13T07:10:21.8406234Z R0 WASM INVALID OK: identificador_guion_bajo_inicial
2026-09-13T07:10:21.8406763Z R0 WASM INVALID OK: identificador_latino_fuera_perfil
2026-09-13T07:10:21.8407279Z R0 WASM INVALID OK: identificador_marca_combinante
2026-09-13T07:10:21.8407863Z R0 WASM INVALID OK: identificador_palabra_reservada
2026-09-13T07:10:21.8408434Z R0 WASM INVALID OK: invalid_role_literal
2026-09-13T07:10:21.8409077Z R0 WASM INVALID OK: invalid_tri_literal
2026-09-13T07:10:21.8409507Z R0 WASM INVALID OK: max_keyword
2026-09-13T07:10:21.8409953Z R0 WASM INVALID OK: nat_digitos_no_ascii
2026-09-13T07:10:21.8410481Z R0 WASM INVALID OK: output_semantics_clave_ajena
2026-09-13T07:10:21.8411063Z R0 WASM INVALID OK: output_semantics_clave_ausente
2026-09-13T07:10:21.8411660Z R0 WASM INVALID OK: output_semantics_clave_repetida
2026-09-13T07:10:21.8412222Z R0 WASM INVALID OK: output_semantics_no_declarada
2026-09-13T07:10:21.8412749Z R0 WASM INVALID OK: output_semantics_sin_celda_repetida
2026-09-13T07:10:21.8413238Z R0 WASM INVALID OK: output_semantics_vacia
2026-09-13T07:10:21.8413733Z R0 WASM INVALID OK: pattern_arity_repetida
2026-09-13T07:10:21.8414237Z R0 WASM INVALID OK: pattern_campos_invertidos
2026-09-13T07:10:21.8414753Z R0 WASM INVALID OK: pattern_constraints_repetida
2026-09-13T07:10:21.8415325Z R0 WASM INVALID OK: pending_u_reconocido_no_habilitado
2026-09-13T07:10:21.8415888Z R0 WASM INVALID OK: projection_campo_inexistente
2026-09-13T07:10:21.8416419Z R0 WASM INVALID OK: projection_source_no_resultado
2026-09-13T07:10:21.8416955Z R0 WASM INVALID OK: projection_undeclared_source
2026-09-13T07:10:21.8417508Z R0 WASM INVALID OK: query_architecture_cell_ajena
2026-09-13T07:10:21.8418088Z R0 WASM INVALID OK: query_architecture_eval_celda_ajena
2026-09-13T07:10:21.8418843Z R0 WASM INVALID OK: query_architecture_eval_nodo_ajeno
2026-09-13T07:10:21.8419476Z R0 WASM INVALID OK: query_architecture_gate_entrada_ajena
2026-09-13T07:10:21.8420053Z R0 WASM INVALID OK: query_comparison_frame_ajeno
2026-09-13T07:10:21.8420579Z R0 WASM INVALID OK: query_context_opaco
2026-09-13T07:10:21.8421085Z R0 WASM INVALID OK: query_context_type_mismatch
2026-09-13T07:10:21.8421630Z R0 WASM INVALID OK: query_coverage_interface_ajena
2026-09-13T07:10:21.8422182Z R0 WASM INVALID OK: query_coverage_silent_u_ajena
2026-09-13T07:10:21.8422712Z R0 WASM INVALID OK: query_point_frame_ajeno
2026-09-13T07:10:21.8423200Z R0 WASM INVALID OK: query_trajectory_ajena
2026-09-13T07:10:21.8423696Z R0 WASM INVALID OK: resolve_alias_estado_no_u
2026-09-13T07:10:21.8424233Z R0 WASM INVALID OK: resolve_instancia_incompatible
2026-09-13T07:10:21.8424776Z R0 WASM INVALID OK: resolve_missing_context
2026-09-13T07:10:21.8425267Z R0 WASM INVALID OK: resolve_missing_mechanism
2026-09-13T07:10:21.8425779Z R0 WASM INVALID OK: resolve_target_fuera_rango
2026-09-13T07:10:21.8426504Z R0 WASM INVALID OK: resolve_target_no_u
2026-09-13T07:10:21.8427055Z R0 WASM INVALID OK: semantic_relation_campos_invertidos
2026-09-13T07:10:21.8427883Z R0 WASM INVALID OK: semantic_relation_constraints_repetida
2026-09-13T07:10:21.8428525Z R0 WASM INVALID OK: semantic_relation_table_repetida
2026-09-13T07:10:21.8429358Z R0 WASM INVALID OK: supervise_celltarget_tipo_incorrecto
2026-09-13T07:10:21.8430036Z R0 WASM INVALID OK: supervise_composedtarget_tipo_incorrecto
2026-09-13T07:10:21.8430661Z R0 WASM INVALID OK: supervise_coupled_wrong_role
2026-09-13T07:10:21.8431199Z R0 WASM INVALID OK: supervise_meta_no_evalresult
2026-09-13T07:10:21.8431776Z R0 WASM INVALID OK: supervise_systemtarget_tipo_incorrecto
2026-09-13T07:10:21.8432384Z R0 WASM INVALID OK: supervise_target_opaco
2026-09-13T07:10:21.8432896Z R0 WASM INVALID OK: supervise_undeclared_target
2026-09-13T07:10:21.8433419Z R0 WASM INVALID OK: supervise_wrong_role
2026-09-13T07:10:21.8433965Z R0 WASM INVALID OK: trajectory_alternance_violation
2026-09-13T07:10:21.8434588Z R0 WASM INVALID OK: trajectory_frame_arquitectura_distinta
2026-09-13T07:10:21.8435247Z R0 WASM INVALID OK: trajectory_horizon_arquitectura_distinta
2026-09-13T07:10:21.8436108Z R0 WASM INVALID OK: transition_data_horizon_no_declarado
2026-09-13T07:10:21.8436728Z R0 WASM INVALID OK: transition_event_fuera_horizon
2026-09-13T07:10:21.8437291Z R0 WASM INVALID OK: transition_event_tipo_repetido
2026-09-13T07:10:21.8437898Z R0 WASM INVALID OK: transition_induced_destino_repetido
2026-09-13T07:10:21.8438479Z R0 WASM INVALID OK: transition_induced_node_ausente
2026-09-13T07:10:21.8439309Z R0 WASM INVALID OK: transition_induced_node_fuera_arquitectura
2026-09-13T07:10:21.8439973Z R0 WASM INVALID OK: transition_induced_node_tipo_incorrecto
2026-09-13T07:10:21.8440616Z R0 WASM INVALID OK: transition_induced_parameters_vacios
2026-09-13T07:10:21.8441204Z R0 WASM INVALID OK: transition_induced_position_cero
2026-09-13T07:10:21.8441793Z R0 WASM INVALID OK: transition_induced_position_fuera_rango
2026-09-13T07:10:21.8442323Z R0 WASM INVALID OK: u_coercion
2026-09-13T07:10:21.8443357Z R0 WASM: 14/14 válidos con paridad nativa/WASI y 106/106 inválidos rechazados por ambos destinos
2026-09-13T07:10:21.8492088Z ##[group]Run python tests/run_oracle_sensitivity.py \
2026-09-13T07:10:21.8492527Z [36;1mpython tests/run_oracle_sensitivity.py \[0m
2026-09-13T07:10:21.8492896Z [36;1m  --rust-bin rust/target/release/sv-native \[0m
2026-09-13T07:10:21.8493310Z [36;1m  --wasm-bin rust/target/wasm32-wasip1/release/sv-native.wasm \[0m
2026-09-13T07:10:21.8493729Z [36;1m  --wasi-runner tests/run_wasi_sv_native.js \[0m
2026-09-13T07:10:21.8494094Z [36;1m  --output-dir artifacts/r0-wasm/sensitivity[0m
2026-09-13T07:10:21.8529002Z shell: /usr/bin/bash -e {0}
2026-09-13T07:10:21.8529267Z ##[endgroup]
2026-09-13T07:10:22.1056348Z control_valid: CONTROL_CONFORME
2026-09-13T07:10:22.1056948Z crlf: PRESERVADO_Y_PERDIDA_INYECTADA_DETECTADA
2026-09-13T07:10:22.1057552Z string_crlf: PRESERVADO_Y_PERDIDA_INYECTADA_DETECTADA
2026-09-13T07:10:22.1058030Z semantics_duplicate: RECHAZO_N0_02_N0_03
2026-09-13T07:10:22.1058394Z semantics_unbound_duplicate: RECHAZO_N0_02_N0_03
2026-09-13T07:10:22.1205241Z ##[group]Run cargo build --manifest-path rust/Cargo.toml -p sv_native --example assembly_probe --release
2026-09-13T07:10:22.1206551Z [36;1mcargo build --manifest-path rust/Cargo.toml -p sv_native --example assembly_probe --release[0m
2026-09-13T07:10:22.1207877Z [36;1mcargo build --manifest-path rust/Cargo.toml -p sv_native --example assembly_probe --release --target wasm32-wasip1[0m
2026-09-13T07:10:22.1209111Z [36;1mpython tests/k1_bridge_cases.py \[0m
2026-09-13T07:10:22.1209797Z [36;1m  --native-probe rust/target/release/examples/assembly_probe \[0m
2026-09-13T07:10:22.1210697Z [36;1m  --wasm-probe rust/target/wasm32-wasip1/release/examples/assembly_probe.wasm \[0m
2026-09-13T07:10:22.1211510Z [36;1m  --wasi-runner tests/run_wasi_sv_native.js \[0m
2026-09-13T07:10:22.1212089Z [36;1m  --output-dir artifacts/r0-wasm/bridge-set[0m
2026-09-13T07:10:22.1212632Z [36;1mpython tests/k1_horizon_cases.py \[0m
2026-09-13T07:10:22.1213574Z [36;1m  --native-probe rust/target/release/examples/assembly_probe \[0m
2026-09-13T07:10:22.1214516Z [36;1m  --wasm-probe rust/target/wasm32-wasip1/release/examples/assembly_probe.wasm \[0m
2026-09-13T07:10:22.1215033Z [36;1m  --wasi-runner tests/run_wasi_sv_native.js \[0m
2026-09-13T07:10:22.1215533Z [36;1m  --output-dir artifacts/r0-wasm/horizon-types[0m
2026-09-13T07:10:22.1216114Z [36;1mpython tests/k1_domain_cases.py \[0m
2026-09-13T07:10:22.1216719Z [36;1m  --native-probe rust/target/release/examples/assembly_probe \[0m
2026-09-13T07:10:22.1217374Z [36;1m  --wasm-probe rust/target/wasm32-wasip1/release/examples/assembly_probe.wasm \[0m
2026-09-13T07:10:22.1217872Z [36;1m  --wasi-runner tests/run_wasi_sv_native.js \[0m
2026-09-13T07:10:22.1218365Z [36;1m  --output-dir artifacts/r0-wasm/domain-names[0m
2026-09-13T07:10:22.1218884Z [36;1mpython tests/k1_optional_cases.py \[0m
2026-09-13T07:10:22.1219399Z [36;1m  --native-probe rust/target/release/examples/assembly_probe \[0m
2026-09-13T07:10:22.1219938Z [36;1m  --wasm-probe rust/target/wasm32-wasip1/release/examples/assembly_probe.wasm \[0m
2026-09-13T07:10:22.1220410Z [36;1m  --wasi-runner tests/run_wasi_sv_native.js \[0m
2026-09-13T07:10:22.1220774Z [36;1m  --output-dir artifacts/r0-wasm/optional-fields[0m
2026-09-13T07:10:22.1255721Z shell: /usr/bin/bash -e {0}
2026-09-13T07:10:22.1255991Z ##[endgroup]
2026-09-13T07:10:22.1847604Z warning: associated function `from_core_id` is never used
2026-09-13T07:10:22.1848255Z    --> sv_core/src/control.rs:155:27
2026-09-13T07:10:22.1848864Z     |
2026-09-13T07:10:22.1849236Z 141 |           impl $name {
2026-09-13T07:10:22.1849742Z     |           ---------- associated function in this implementation
2026-09-13T07:10:22.1850281Z ...
2026-09-13T07:10:22.1850701Z 155 |               pub(crate) fn from_core_id(id: ControlId) -> Self {
2026-09-13T07:10:22.1851262Z     |                             ^^^^^^^^^^^^
2026-09-13T07:10:22.1851681Z ...
2026-09-13T07:10:22.1852005Z 162 | / opaque_control_ref!(
2026-09-13T07:10:22.1852411Z 163 | |     InformationRef,
2026-09-13T07:10:22.1853288Z 164 | |     "Referencia nominal a información dentro del dominio de control."
2026-09-13T07:10:22.1853909Z 165 | | );
2026-09-13T07:10:22.1854233Z     | |_- in this macro invocation
2026-09-13T07:10:22.1854643Z     |
2026-09-13T07:10:22.1855085Z     = note: `#[warn(dead_code)]` (part of `#[warn(unused)]`) on by default
2026-09-13T07:10:22.1856176Z     = note: this warning originates in the macro `opaque_control_ref` (in Nightly builds, run with -Z macro-backtrace for more info)
2026-09-13T07:10:22.1856968Z 
2026-09-13T07:10:22.1857227Z warning: associated function `from_core_id` is never used
2026-09-13T07:10:22.1857780Z    --> sv_core/src/control.rs:155:27
2026-09-13T07:10:22.1858189Z     |
2026-09-13T07:10:22.1858485Z 141 |           impl $name {
2026-09-13T07:10:22.1859214Z     |           ---------- associated function in this implementation
2026-09-13T07:10:22.1859747Z ...
2026-09-13T07:10:22.1860276Z 155 |               pub(crate) fn from_core_id(id: ControlId) -> Self {
2026-09-13T07:10:22.1860659Z     |                             ^^^^^^^^^^^^
2026-09-13T07:10:22.1860919Z ...
2026-09-13T07:10:22.1861110Z 166 | / opaque_control_ref!(
2026-09-13T07:10:22.1861372Z 167 | |     AdmittedEvidenceRef,
2026-09-13T07:10:22.1861938Z 168 | |     "Referencia a evidencia cuya admisión debe proceder de una verificación gobernada."
2026-09-13T07:10:22.1862395Z 169 | | );
2026-09-13T07:10:22.1862640Z     | |_- in this macro invocation
2026-09-13T07:10:22.1862883Z     |
2026-09-13T07:10:22.1863375Z     = note: this warning originates in the macro `opaque_control_ref` (in Nightly builds, run with -Z macro-backtrace for more info)
2026-09-13T07:10:22.1863852Z 
2026-09-13T07:10:22.1864002Z warning: associated function `from_core_id` is never used
2026-09-13T07:10:22.1864344Z    --> sv_core/src/control.rs:155:27
2026-09-13T07:10:22.1864594Z     |
2026-09-13T07:10:22.1864781Z 141 |           impl $name {
2026-09-13T07:10:22.1865462Z     |           ---------- associated function in this implementation
2026-09-13T07:10:22.1866000Z ...
2026-09-13T07:10:22.1866402Z 155 |               pub(crate) fn from_core_id(id: ControlId) -> Self {
2026-09-13T07:10:22.1866851Z     |                             ^^^^^^^^^^^^
2026-09-13T07:10:22.1867117Z ...
2026-09-13T07:10:22.1867306Z 170 | / opaque_control_ref!(
2026-09-13T07:10:22.1867550Z 171 | |     ConstitutedFactRef,
2026-09-13T07:10:22.1868014Z 172 | |     "Referencia a un hecho semántico constituido; no equivale a autoridad."
2026-09-13T07:10:22.1868456Z 173 | | );
2026-09-13T07:10:22.1868984Z     | |_- in this macro invocation
2026-09-13T07:10:22.1869304Z     |
2026-09-13T07:10:22.1869792Z     = note: this warning originates in the macro `opaque_control_ref` (in Nightly builds, run with -Z macro-backtrace for more info)
2026-09-13T07:10:22.1870262Z 
2026-09-13T07:10:22.1870415Z warning: associated function `from_core_id` is never used
2026-09-13T07:10:22.1870751Z    --> sv_core/src/control.rs:155:27
2026-09-13T07:10:22.1871017Z     |
2026-09-13T07:10:22.1871202Z 141 |           impl $name {
2026-09-13T07:10:22.1871496Z     |           ---------- associated function in this implementation
2026-09-13T07:10:22.1871808Z ...
2026-09-13T07:10:22.1872059Z 155 |               pub(crate) fn from_core_id(id: ControlId) -> Self {
2026-09-13T07:10:22.1872398Z     |                             ^^^^^^^^^^^^
2026-09-13T07:10:22.1872665Z ...
2026-09-13T07:10:22.1872853Z 174 | / opaque_control_ref!(
2026-09-13T07:10:22.1873093Z 175 | |     AuthorityRef,
2026-09-13T07:10:22.1873633Z 176 | |     "Referencia a autoridad constituida; su constructor no forma parte de la API pública."
2026-09-13T07:10:22.1874093Z 177 | | );
2026-09-13T07:10:22.1874297Z     | |_- in this macro invocation
2026-09-13T07:10:22.1874542Z     |
2026-09-13T07:10:22.1875024Z     = note: this warning originates in the macro `opaque_control_ref` (in Nightly builds, run with -Z macro-backtrace for more info)
2026-09-13T07:10:22.1875515Z 
2026-09-13T07:10:22.1875669Z warning: associated function `from_core_id` is never used
2026-09-13T07:10:22.1876011Z    --> sv_core/src/control.rs:155:27
2026-09-13T07:10:22.1876265Z     |
2026-09-13T07:10:22.1876457Z 141 |           impl $name {
2026-09-13T07:10:22.1876779Z     |           ---------- associated function in this implementation
2026-09-13T07:10:22.1877108Z ...
2026-09-13T07:10:22.1877367Z 155 |               pub(crate) fn from_core_id(id: ControlId) -> Self {
2026-09-13T07:10:22.1877726Z     |                             ^^^^^^^^^^^^
2026-09-13T07:10:22.1877986Z ...
2026-09-13T07:10:22.1878174Z 178 | / opaque_control_ref!(
2026-09-13T07:10:22.1878418Z 179 | |     EnablementRef,
2026-09-13T07:10:22.1879032Z 180 | |     "Referencia a una habilitación de autoridad ya existente; no amplía autoridad."
2026-09-13T07:10:22.1879466Z 181 | | );
2026-09-13T07:10:22.1879670Z     | |_- in this macro invocation
2026-09-13T07:10:22.1879961Z     |
2026-09-13T07:10:22.1891755Z     = note: this warning originates in the macro `opaque_control_ref` (in Nightly builds, run with -Z macro-backtrace for more info)
2026-09-13T07:10:22.1892623Z 
2026-09-13T07:10:22.1892811Z warning: associated function `from_core_id` is never used
2026-09-13T07:10:22.1893182Z    --> sv_core/src/control.rs:155:27
2026-09-13T07:10:22.1893449Z     |
2026-09-13T07:10:22.1893650Z 141 |           impl $name {
2026-09-13T07:10:22.1893977Z     |           ---------- associated function in this implementation
2026-09-13T07:10:22.1894316Z ...
2026-09-13T07:10:22.1894588Z 155 |               pub(crate) fn from_core_id(id: ControlId) -> Self {
2026-09-13T07:10:22.1894954Z     |                             ^^^^^^^^^^^^
2026-09-13T07:10:22.1895218Z ...
2026-09-13T07:10:22.1895409Z 186 | / opaque_control_ref!(
2026-09-13T07:10:22.1895654Z 187 | |     FormRef,
2026-09-13T07:10:22.1896046Z 188 | |     "Referencia a una forma de transición constituida."
2026-09-13T07:10:22.1896382Z 189 | | );
2026-09-13T07:10:22.1896589Z     | |_- in this macro invocation
2026-09-13T07:10:22.1896984Z     |
2026-09-13T07:10:22.1897477Z     = note: this warning originates in the macro `opaque_control_ref` (in Nightly builds, run with -Z macro-backtrace for more info)
2026-09-13T07:10:22.1897951Z 
2026-09-13T07:10:22.1898102Z warning: associated function `from_core_id` is never used
2026-09-13T07:10:22.1898443Z    --> sv_core/src/control.rs:155:27
2026-09-13T07:10:22.1898943Z     |
2026-09-13T07:10:22.1899143Z 141 |           impl $name {
2026-09-13T07:10:22.1899454Z     |           ---------- associated function in this implementation
2026-09-13T07:10:22.1899779Z ...
2026-09-13T07:10:22.1900037Z 155 |               pub(crate) fn from_core_id(id: ControlId) -> Self {
2026-09-13T07:10:22.1900381Z     |                             ^^^^^^^^^^^^
2026-09-13T07:10:22.1900638Z ...
2026-09-13T07:10:22.1900828Z 190 | / opaque_control_ref!(
2026-09-13T07:10:22.1901066Z 191 | |     EffectFamilyRef,
2026-09-13T07:10:22.1901472Z 192 | |     "Referencia a una familia de efectos fijada por constitución."
2026-09-13T07:10:22.1901845Z 193 | | );
2026-09-13T07:10:22.1902050Z     | |_- in this macro invocation
2026-09-13T07:10:22.1902291Z     |
2026-09-13T07:10:22.1902776Z     = note: this warning originates in the macro `opaque_control_ref` (in Nightly builds, run with -Z macro-backtrace for more info)
2026-09-13T07:10:22.1903236Z 
2026-09-13T07:10:22.1903391Z warning: associated function `from_core_id` is never used
2026-09-13T07:10:22.1903733Z    --> sv_core/src/control.rs:155:27
2026-09-13T07:10:22.1903983Z     |
2026-09-13T07:10:22.1904168Z 141 |           impl $name {
2026-09-13T07:10:22.1904464Z     |           ---------- associated function in this implementation
2026-09-13T07:10:22.1904795Z ...
2026-09-13T07:10:22.1905053Z 155 |               pub(crate) fn from_core_id(id: ControlId) -> Self {
2026-09-13T07:10:22.1905399Z     |                             ^^^^^^^^^^^^
2026-09-13T07:10:22.1905662Z ...
2026-09-13T07:10:22.1905844Z 194 | / opaque_control_ref!(
2026-09-13T07:10:22.1906086Z 195 | |     EffectRef,
2026-09-13T07:10:22.1906441Z 196 | |     "Referencia a un efecto concreto; identificarlo no equivale a autorizarlo."
2026-09-13T07:10:22.1906843Z 197 | | );
2026-09-13T07:10:22.1907042Z     | |_- in this macro invocation
2026-09-13T07:10:22.1907283Z     |
2026-09-13T07:10:22.1907756Z     = note: this warning originates in the macro `opaque_control_ref` (in Nightly builds, run with -Z macro-backtrace for more info)
2026-09-13T07:10:22.1908225Z 
2026-09-13T07:10:22.1908371Z warning: associated function `from_core_id` is never used
2026-09-13T07:10:22.1908953Z    --> sv_core/src/control.rs:155:27
2026-09-13T07:10:22.1909217Z     |
2026-09-13T07:10:22.1909404Z 141 |           impl $name {
2026-09-13T07:10:22.1909700Z     |           ---------- associated function in this implementation
2026-09-13T07:10:22.1910013Z ...
2026-09-13T07:10:22.1910262Z 155 |               pub(crate) fn from_core_id(id: ControlId) -> Self {
2026-09-13T07:10:22.1910599Z     |                             ^^^^^^^^^^^^
2026-09-13T07:10:22.1910858Z ...
2026-09-13T07:10:22.1911180Z 198 | / opaque_control_ref!(
2026-09-13T07:10:22.1911418Z 199 | |     ContextRef,
2026-09-13T07:10:22.1911781Z 200 | |     "Referencia a una ligadura de contexto relevante para autoridad o forma."
2026-09-13T07:10:22.1912185Z 201 | | );
2026-09-13T07:10:22.1912387Z     | |_- in this macro invocation
2026-09-13T07:10:22.1912627Z     |
2026-09-13T07:10:22.1913118Z     = note: this warning originates in the macro `opaque_control_ref` (in Nightly builds, run with -Z macro-backtrace for more info)
2026-09-13T07:10:22.1913586Z 
2026-09-13T07:10:22.1913743Z warning: associated function `from_core_id` is never used
2026-09-13T07:10:22.1914082Z    --> sv_core/src/control.rs:155:27
2026-09-13T07:10:22.1914335Z     |
2026-09-13T07:10:22.1914524Z 141 |           impl $name {
2026-09-13T07:10:22.1914822Z     |           ---------- associated function in this implementation
2026-09-13T07:10:22.1915145Z ...
2026-09-13T07:10:22.1915412Z 155 |               pub(crate) fn from_core_id(id: ControlId) -> Self {
2026-09-13T07:10:22.1915890Z     |                             ^^^^^^^^^^^^
2026-09-13T07:10:22.1916147Z ...
2026-09-13T07:10:22.1916335Z 202 | / opaque_control_ref!(
2026-09-13T07:10:22.1916576Z 203 | |     AuthorityHolderRef,
2026-09-13T07:10:22.1917061Z 204 | |     "Referencia al titular de una autoridad; no constituye autoridad por sí misma."
2026-09-13T07:10:22.1917474Z 205 | | );
2026-09-13T07:10:22.1917677Z     | |_- in this macro invocation
2026-09-13T07:10:22.1917915Z     |
2026-09-13T07:10:22.1918398Z     = note: this warning originates in the macro `opaque_control_ref` (in Nightly builds, run with -Z macro-backtrace for more info)
2026-09-13T07:10:22.1919102Z 
2026-09-13T07:10:22.1919265Z warning: associated function `from_core_id` is never used
2026-09-13T07:10:22.1919605Z    --> sv_core/src/control.rs:155:27
2026-09-13T07:10:22.1919856Z     |
2026-09-13T07:10:22.1920041Z 141 |           impl $name {
2026-09-13T07:10:22.1920334Z     |           ---------- associated function in this implementation
2026-09-13T07:10:22.1920664Z ...
2026-09-13T07:10:22.1920912Z 155 |               pub(crate) fn from_core_id(id: ControlId) -> Self {
2026-09-13T07:10:22.1921265Z     |                             ^^^^^^^^^^^^
2026-09-13T07:10:22.1921519Z ...
2026-09-13T07:10:22.1921702Z 206 | / opaque_control_ref!(
2026-09-13T07:10:22.1921951Z 207 | |     GovernedObjectRef,
2026-09-13T07:10:22.1922325Z 208 | |     "Referencia a un objeto candidato a pertenecer al dominio gobernado D_a."
2026-09-13T07:10:22.1922714Z 209 | | );
2026-09-13T07:10:22.1922911Z     | |_- in this macro invocation
2026-09-13T07:10:22.1923153Z     |
2026-09-13T07:10:22.1923622Z     = note: this warning originates in the macro `opaque_control_ref` (in Nightly builds, run with -Z macro-backtrace for more info)
2026-09-13T07:10:22.1924084Z 
2026-09-13T07:10:22.1924229Z warning: associated function `from_core_id` is never used
2026-09-13T07:10:22.1924560Z    --> sv_core/src/control.rs:155:27
2026-09-13T07:10:22.1924822Z     |
2026-09-13T07:10:22.1925009Z 141 |           impl $name {
2026-09-13T07:10:22.1925294Z     |           ---------- associated function in this implementation
2026-09-13T07:10:22.1925614Z ...
2026-09-13T07:10:22.1925862Z 155 |               pub(crate) fn from_core_id(id: ControlId) -> Self {
2026-09-13T07:10:22.1926196Z     |                             ^^^^^^^^^^^^
2026-09-13T07:10:22.1926449Z ...
2026-09-13T07:10:22.1926636Z 210 | / opaque_control_ref!(
2026-09-13T07:10:22.1926878Z 211 | |     AccumulationRuleRef,
2026-09-13T07:10:22.1927346Z 212 | |     "Referencia a una regla gobernada de acumulación o a un predicado de traza."
2026-09-13T07:10:22.1927747Z 213 | | );
2026-09-13T07:10:22.1927943Z     | |_- in this macro invocation
2026-09-13T07:10:22.1928182Z     |
2026-09-13T07:10:22.1928859Z     = note: this warning originates in the macro `opaque_control_ref` (in Nightly builds, run with -Z macro-backtrace for more info)
2026-09-13T07:10:22.1929358Z 
2026-09-13T07:10:22.1929505Z warning: associated function `from_core_id` is never used
2026-09-13T07:10:22.1929988Z    --> sv_core/src/control.rs:155:27
2026-09-13T07:10:22.1930244Z     |
2026-09-13T07:10:22.1930432Z 141 |           impl $name {
2026-09-13T07:10:22.1930717Z     |           ---------- associated function in this implementation
2026-09-13T07:10:22.1931032Z ...
2026-09-13T07:10:22.1931277Z 155 |               pub(crate) fn from_core_id(id: ControlId) -> Self {
2026-09-13T07:10:22.1931616Z     |                             ^^^^^^^^^^^^
2026-09-13T07:10:22.1931868Z ...
2026-09-13T07:10:22.1932052Z 214 | / opaque_control_ref!(
2026-09-13T07:10:22.1932290Z 215 | |     RequirementRef,
2026-09-13T07:10:22.1932776Z 216 | |     "Referencia a una obligación de Req; identificarla no acredita su cumplimiento."
2026-09-13T07:10:22.1933218Z 217 | | );
2026-09-13T07:10:22.1933432Z     | |_- in this macro invocation
2026-09-13T07:10:22.1933676Z     |
2026-09-13T07:10:22.1934160Z     = note: this warning originates in the macro `opaque_control_ref` (in Nightly builds, run with -Z macro-backtrace for more info)
2026-09-13T07:10:22.1934744Z 
2026-09-13T07:10:22.1934896Z warning: associated function `from_core_id` is never used
2026-09-13T07:10:22.1935228Z    --> sv_core/src/control.rs:155:27
2026-09-13T07:10:22.1935481Z     |
2026-09-13T07:10:22.1935662Z 141 |           impl $name {
2026-09-13T07:10:22.1935956Z     |           ---------- associated function in this implementation
2026-09-13T07:10:22.1936274Z ...
2026-09-13T07:10:22.1936526Z 155 |               pub(crate) fn from_core_id(id: ControlId) -> Self {
2026-09-13T07:10:22.1936875Z     |                             ^^^^^^^^^^^^
2026-09-13T07:10:22.1937134Z ...
2026-09-13T07:10:22.1937322Z 218 | / opaque_control_ref!(
2026-09-13T07:10:22.1937561Z 219 | |     VerifierRef,
2026-09-13T07:10:22.1937961Z 220 | |     "Referencia a un verificador concreto; su mera existencia no acredita aplicabilidad."
2026-09-13T07:10:22.1938392Z 221 | | );
2026-09-13T07:10:22.1938588Z     | |_- in this macro invocation
2026-09-13T07:10:22.1939050Z     |
2026-09-13T07:10:22.1939536Z     = note: this warning originates in the macro `opaque_control_ref` (in Nightly builds, run with -Z macro-backtrace for more info)
2026-09-13T07:10:22.1940010Z 
2026-09-13T07:10:22.1940225Z warning: associated function `from_core_id` is never used
2026-09-13T07:10:22.1940561Z    --> sv_core/src/control.rs:155:27
2026-09-13T07:10:22.1940808Z     |
2026-09-13T07:10:22.1940992Z 141 |           impl $name {
2026-09-13T07:10:22.1941280Z     |           ---------- associated function in this implementation
2026-09-13T07:10:22.1941596Z ...
2026-09-13T07:10:22.1941847Z 155 |               pub(crate) fn from_core_id(id: ControlId) -> Self {
2026-09-13T07:10:22.1942186Z     |                             ^^^^^^^^^^^^
2026-09-13T07:10:22.1942441Z ...
2026-09-13T07:10:22.1942627Z 222 | / opaque_control_ref!(
2026-09-13T07:10:22.1942879Z 223 | |     VerifierFamilyRef,
2026-09-13T07:10:22.1943333Z 224 | |     "Referencia a una familia de verificadores admisibles para una obligación."
2026-09-13T07:10:22.1943744Z 225 | | );
2026-09-13T07:10:22.1943944Z     | |_- in this macro invocation
2026-09-13T07:10:22.1944184Z     |
2026-09-13T07:10:22.1944657Z     = note: this warning originates in the macro `opaque_control_ref` (in Nightly builds, run with -Z macro-backtrace for more info)
2026-09-13T07:10:22.1945117Z 
2026-09-13T07:10:22.1945266Z warning: associated function `from_core_id` is never used
2026-09-13T07:10:22.1945598Z    --> sv_core/src/control.rs:155:27
2026-09-13T07:10:22.1945845Z     |
2026-09-13T07:10:22.1946029Z 141 |           impl $name {
2026-09-13T07:10:22.1946318Z     |           ---------- associated function in this implementation
2026-09-13T07:10:22.1946632Z ...
2026-09-13T07:10:22.1946883Z 155 |               pub(crate) fn from_core_id(id: ControlId) -> Self {
2026-09-13T07:10:22.1947224Z     |                             ^^^^^^^^^^^^
2026-09-13T07:10:22.1947476Z ...
2026-09-13T07:10:22.1947666Z 226 | / opaque_control_ref!(
2026-09-13T07:10:22.1947927Z 227 | |     ApplicabilityRuleRef,
2026-09-13T07:10:22.1948562Z 228 | |     "Referencia a una regla previamente constituida de aplicabilidad de comprobación."
2026-09-13T07:10:22.1949415Z 229 | | );
2026-09-13T07:10:22.1949627Z     | |_- in this macro invocation
2026-09-13T07:10:22.1949876Z     |
2026-09-13T07:10:22.1950359Z     = note: this warning originates in the macro `opaque_control_ref` (in Nightly builds, run with -Z macro-backtrace for more info)
2026-09-13T07:10:22.1950841Z 
2026-09-13T07:10:22.1950996Z warning: associated function `from_core_id` is never used
2026-09-13T07:10:22.1951338Z    --> sv_core/src/control.rs:155:27
2026-09-13T07:10:22.1951594Z     |
2026-09-13T07:10:22.1951785Z 141 |           impl $name {
2026-09-13T07:10:22.1952076Z     |           ---------- associated function in this implementation
2026-09-13T07:10:22.1952399Z ...
2026-09-13T07:10:22.1952656Z 155 |               pub(crate) fn from_core_id(id: ControlId) -> Self {
2026-09-13T07:10:22.1952998Z     |                             ^^^^^^^^^^^^
2026-09-13T07:10:22.1953405Z ...
2026-09-13T07:10:22.1953591Z 230 | / opaque_control_ref!(
2026-09-13T07:10:22.1953843Z 231 | |     ConflictResolutionRuleRef,
2026-09-13T07:10:22.1954441Z 232 | |     "Referencia a una regla previamente constituida de resolución de conflicto entre comprobaciones."
2026-09-13T07:10:22.1954930Z 233 | | );
2026-09-13T07:10:22.1955126Z     | |_- in this macro invocation
2026-09-13T07:10:22.1955366Z     |
2026-09-13T07:10:22.1955837Z     = note: this warning originates in the macro `opaque_control_ref` (in Nightly builds, run with -Z macro-backtrace for more info)
2026-09-13T07:10:22.1956302Z 
2026-09-13T07:10:22.1956455Z warning: associated function `from_core_id` is never used
2026-09-13T07:10:22.1956790Z    --> sv_core/src/control.rs:155:27
2026-09-13T07:10:22.1957039Z     |
2026-09-13T07:10:22.1957222Z 141 |           impl $name {
2026-09-13T07:10:22.1957508Z     |           ---------- associated function in this implementation
2026-09-13T07:10:22.1957829Z ...
2026-09-13T07:10:22.1958092Z 155 |               pub(crate) fn from_core_id(id: ControlId) -> Self {
2026-09-13T07:10:22.1958436Z     |                             ^^^^^^^^^^^^
2026-09-13T07:10:22.1958836Z ...
2026-09-13T07:10:22.1959026Z 234 | / opaque_control_ref!(
2026-09-13T07:10:22.1959267Z 235 | |     CoverageRuleRef,
2026-09-13T07:10:22.1959693Z 236 | |     "Referencia a una regla previamente constituida de cobertura de comprobaciones exigibles."
2026-09-13T07:10:22.1960142Z 237 | | );
2026-09-13T07:10:22.1960344Z     | |_- in this macro invocation
2026-09-13T07:10:22.1960586Z     |
2026-09-13T07:10:22.1961061Z     = note: this warning originates in the macro `opaque_control_ref` (in Nightly builds, run with -Z macro-backtrace for more info)
2026-09-13T07:10:22.1961533Z 
2026-09-13T07:10:22.1961687Z warning: associated function `from_core_id` is never used
2026-09-13T07:10:22.1962025Z    --> sv_core/src/control.rs:155:27
2026-09-13T07:10:22.1962276Z     |
2026-09-13T07:10:22.1962460Z 141 |           impl $name {
2026-09-13T07:10:22.1962765Z     |           ---------- associated function in this implementation
2026-09-13T07:10:22.1963091Z ...
2026-09-13T07:10:22.1963343Z 155 |               pub(crate) fn from_core_id(id: ControlId) -> Self {
2026-09-13T07:10:22.1963687Z     |                             ^^^^^^^^^^^^
2026-09-13T07:10:22.1963944Z ...
2026-09-13T07:10:22.1964131Z 238 | / opaque_control_ref!(
2026-09-13T07:10:22.1964381Z 239 | |     ReuseRuleRef,
2026-09-13T07:10:22.1964898Z 240 | |     "Referencia a una regla previamente constituida de reutilización de resultados cualificados."
2026-09-13T07:10:22.1965368Z 241 | | );
2026-09-13T07:10:22.1965568Z     | |_- in this macro invocation
2026-09-13T07:10:22.1965810Z     |
2026-09-13T07:10:22.1966277Z     = note: this warning originates in the macro `opaque_control_ref` (in Nightly builds, run with -Z macro-backtrace for more info)
2026-09-13T07:10:22.1966745Z 
2026-09-13T07:10:22.1966889Z warning: associated function `from_core_id` is never used
2026-09-13T07:10:22.1967348Z    --> sv_core/src/control.rs:155:27
2026-09-13T07:10:22.1967601Z     |
2026-09-13T07:10:22.1967787Z 141 |           impl $name {
2026-09-13T07:10:22.1968073Z     |           ---------- associated function in this implementation
2026-09-13T07:10:22.1968386Z ...
2026-09-13T07:10:22.1968855Z 155 |               pub(crate) fn from_core_id(id: ControlId) -> Self {
2026-09-13T07:10:22.1969232Z     |                             ^^^^^^^^^^^^
2026-09-13T07:10:22.1969487Z ...
2026-09-13T07:10:22.1969673Z 242 | / opaque_control_ref!(
2026-09-13T07:10:22.1969918Z 243 | |     ReuseBindingKeyRef,
2026-09-13T07:10:22.1970511Z 244 | |     "Referencia a una dimensión constituida cuya continuidad puede ser exigible para reutilizar un resultado."
2026-09-13T07:10:22.1971026Z 245 | | );
2026-09-13T07:10:22.1971225Z     | |_- in this macro invocation
2026-09-13T07:10:22.1971469Z     |
2026-09-13T07:10:22.1971937Z     = note: this warning originates in the macro `opaque_control_ref` (in Nightly builds, run with -Z macro-backtrace for more info)
2026-09-13T07:10:22.1972545Z 
2026-09-13T07:10:22.1972693Z warning: associated function `from_core_id` is never used
2026-09-13T07:10:22.1973030Z    --> sv_core/src/control.rs:155:27
2026-09-13T07:10:22.1973275Z     |
2026-09-13T07:10:22.1973458Z 141 |           impl $name {
2026-09-13T07:10:22.1973743Z     |           ---------- associated function in this implementation
2026-09-13T07:10:22.1974057Z ...
2026-09-13T07:10:22.1974306Z 155 |               pub(crate) fn from_core_id(id: ControlId) -> Self {
2026-09-13T07:10:22.1974646Z     |                             ^^^^^^^^^^^^
2026-09-13T07:10:22.1974896Z ...
2026-09-13T07:10:22.1975088Z 246 | / opaque_control_ref!(
2026-09-13T07:10:22.1975334Z 247 | |     ReuseBindingValueRef,
2026-09-13T07:10:22.1975922Z 248 | |     "Referencia al valor constituido de una dimensión de reutilización; identificarlo no acredita su vigencia."
2026-09-13T07:10:22.1976423Z 249 | | );
2026-09-13T07:10:22.1976621Z     | |_- in this macro invocation
2026-09-13T07:10:22.1976874Z     |
2026-09-13T07:10:22.1977341Z     = note: this warning originates in the macro `opaque_control_ref` (in Nightly builds, run with -Z macro-backtrace for more info)
2026-09-13T07:10:22.1977810Z 
2026-09-13T07:10:22.1977926Z warning: constant `PROFILE_ID` is never used
2026-09-13T07:10:22.1978239Z  --> sv_core/src/identifier_profile.rs:6:18
2026-09-13T07:10:22.1978514Z   |
2026-09-13T07:10:22.1978931Z 6 | pub(crate) const PROFILE_ID: &str = "svp-grammar-0.2-lex-es-1";
2026-09-13T07:10:22.1979288Z   |                  ^^^^^^^^^^
2026-09-13T07:10:22.1979438Z 
2026-09-13T07:10:22.1979567Z warning: function `is_reserved_word` is never used
2026-09-13T07:10:22.1979899Z   --> sv_core/src/identifier_profile.rs:22:15
2026-09-13T07:10:22.1980173Z    |
2026-09-13T07:10:22.1980414Z 22 | pub(crate) fn is_reserved_word(word: &str) -> bool {
2026-09-13T07:10:22.1980728Z    |               ^^^^^^^^^^^^^^^^
2026-09-13T07:10:22.1980889Z 
2026-09-13T07:10:22.1981012Z warning: method `matches_descriptor` is never used
2026-09-13T07:10:22.1981364Z    --> sv_core/src/requirements_reuse.rs:121:19
2026-09-13T07:10:22.1981646Z     |
2026-09-13T07:10:22.1981832Z  44 | impl ReuseRule {
2026-09-13T07:10:22.1982082Z     | -------------- method in this implementation
2026-09-13T07:10:22.1982356Z ...
2026-09-13T07:10:22.1982707Z 121 |     pub(crate) fn matches_descriptor(&self, descriptor: &RequirementDescriptor) -> bool {
2026-09-13T07:10:22.1983157Z     |                   ^^^^^^^^^^^^^^^^^^
2026-09-13T07:10:22.1983336Z 
2026-09-13T07:10:22.1983502Z warning: hiding a lifetime that's elided elsewhere is confusing
2026-09-13T07:10:22.1983862Z     --> sv_core/src/frontend.rs:2084:13
2026-09-13T07:10:22.1984118Z      |
2026-09-13T07:10:22.1984324Z 2084 |     fn peek(&self) -> &Token {
2026-09-13T07:10:22.1984579Z      |             ^^^^^     ^^^^^^
2026-09-13T07:10:22.1984814Z      |             |         ||
2026-09-13T07:10:22.1985078Z      |             |         |the same lifetime is hidden here
2026-09-13T07:10:22.1985561Z      |             |         the same lifetime is elided here
2026-09-13T07:10:22.1985877Z      |             the lifetime is elided here
2026-09-13T07:10:22.1986138Z      |
2026-09-13T07:10:22.1986497Z      = help: the same lifetime is referred to in inconsistent ways, making the signature confusing
2026-09-13T07:10:22.1987011Z      = note: `#[warn(mismatched_lifetime_syntaxes)]` on by default
2026-09-13T07:10:22.1987352Z help: use `'_` for type paths
2026-09-13T07:10:22.1987589Z      |
2026-09-13T07:10:22.1987797Z 2084 |     fn peek(&self) -> &Token<'_> {
2026-09-13T07:10:22.1988069Z      |                             ++++
2026-09-13T07:10:22.1988235Z 
2026-09-13T07:10:22.1988525Z warning: `sv_core` (lib) generated 25 warnings (run `cargo fix --lib -p sv_core` to apply 1 suggestion)
2026-09-13T07:10:22.1989521Z    Compiling sv_native v0.1.0 (/home/runner/work/SV-lenguaje-de-computacion/SV-lenguaje-de-computacion/rust/sv_native)
2026-09-13T07:10:22.4689977Z     Finished `release` profile [optimized] target(s) in 0.29s
2026-09-13T07:10:22.4878067Z warning: associated function `from_core_id` is never used
2026-09-13T07:10:22.4878881Z    --> sv_core/src/control.rs:155:27
2026-09-13T07:10:22.4879315Z     |
2026-09-13T07:10:22.4879638Z 141 |           impl $name {
2026-09-13T07:10:22.4880142Z     |           ---------- associated function in this implementation
2026-09-13T07:10:22.4880681Z ...
2026-09-13T07:10:22.4881103Z 155 |               pub(crate) fn from_core_id(id: ControlId) -> Self {
2026-09-13T07:10:22.4881667Z     |                             ^^^^^^^^^^^^
2026-09-13T07:10:22.4882087Z ...
2026-09-13T07:10:22.4882393Z 162 | / opaque_control_ref!(
2026-09-13T07:10:22.4882763Z 163 | |     InformationRef,
2026-09-13T07:10:22.4883580Z 164 | |     "Referencia nominal a información dentro del dominio de control."
2026-09-13T07:10:22.4884260Z 165 | | );
2026-09-13T07:10:22.4884598Z     | |_- in this macro invocation
2026-09-13T07:10:22.4885021Z     |
2026-09-13T07:10:22.4885498Z     = note: `#[warn(dead_code)]` (part of `#[warn(unused)]`) on by default
2026-09-13T07:10:22.4886501Z     = note: this warning originates in the macro `opaque_control_ref` (in Nightly builds, run with -Z macro-backtrace for more info)
2026-09-13T07:10:22.4887321Z 
2026-09-13T07:10:22.4887579Z warning: associated function `from_core_id` is never used
2026-09-13T07:10:22.4888142Z    --> sv_core/src/control.rs:155:27
2026-09-13T07:10:22.4888559Z     |
2026-09-13T07:10:22.4889117Z 141 |           impl $name {
2026-09-13T07:10:22.4889616Z     |           ---------- associated function in this implementation
2026-09-13T07:10:22.4890148Z ...
2026-09-13T07:10:22.4890573Z 155 |               pub(crate) fn from_core_id(id: ControlId) -> Self {
2026-09-13T07:10:22.4891134Z     |                             ^^^^^^^^^^^^
2026-09-13T07:10:22.4891565Z ...
2026-09-13T07:10:22.4891874Z 166 | / opaque_control_ref!(
2026-09-13T07:10:22.4892283Z 167 | |     AdmittedEvidenceRef,
2026-09-13T07:10:22.4893194Z 168 | |     "Referencia a evidencia cuya admisión debe proceder de una verificación gobernada."
2026-09-13T07:10:22.4893953Z 169 | | );
2026-09-13T07:10:22.4894287Z     | |_- in this macro invocation
2026-09-13T07:10:22.4894687Z     |
2026-09-13T07:10:22.4895493Z     = note: this warning originates in the macro `opaque_control_ref` (in Nightly builds, run with -Z macro-backtrace for more info)
2026-09-13T07:10:22.4896296Z 
2026-09-13T07:10:22.4896545Z warning: associated function `from_core_id` is never used
2026-09-13T07:10:22.4897110Z    --> sv_core/src/control.rs:155:27
2026-09-13T07:10:22.4897538Z     |
2026-09-13T07:10:22.4897843Z 141 |           impl $name {
2026-09-13T07:10:22.4898326Z     |           ---------- associated function in this implementation
2026-09-13T07:10:22.4899104Z ...
2026-09-13T07:10:22.4899527Z 155 |               pub(crate) fn from_core_id(id: ControlId) -> Self {
2026-09-13T07:10:22.4900097Z     |                             ^^^^^^^^^^^^
2026-09-13T07:10:22.4900472Z ...
2026-09-13T07:10:22.4900679Z 170 | / opaque_control_ref!(
2026-09-13T07:10:22.4901134Z 171 | |     ConstitutedFactRef,
2026-09-13T07:10:22.4901619Z 172 | |     "Referencia a un hecho semántico constituido; no equivale a autoridad."
2026-09-13T07:10:22.4902051Z 173 | | );
2026-09-13T07:10:22.4902271Z     | |_- in this macro invocation
2026-09-13T07:10:22.4902525Z     |
2026-09-13T07:10:22.4903056Z     = note: this warning originates in the macro `opaque_control_ref` (in Nightly builds, run with -Z macro-backtrace for more info)
2026-09-13T07:10:22.4903662Z 
2026-09-13T07:10:22.4903837Z warning: associated function `from_core_id` is never used
2026-09-13T07:10:22.4904184Z    --> sv_core/src/control.rs:155:27
2026-09-13T07:10:22.4904439Z     |
2026-09-13T07:10:22.4904628Z 141 |           impl $name {
2026-09-13T07:10:22.4904929Z     |           ---------- associated function in this implementation
2026-09-13T07:10:22.4905248Z ...
2026-09-13T07:10:22.4905512Z 155 |               pub(crate) fn from_core_id(id: ControlId) -> Self {
2026-09-13T07:10:22.4906000Z     |                             ^^^^^^^^^^^^
2026-09-13T07:10:22.4906256Z ...
2026-09-13T07:10:22.4906444Z 174 | / opaque_control_ref!(
2026-09-13T07:10:22.4906682Z 175 | |     AuthorityRef,
2026-09-13T07:10:22.4907174Z 176 | |     "Referencia a autoridad constituida; su constructor no forma parte de la API pública."
2026-09-13T07:10:22.4907618Z 177 | | );
2026-09-13T07:10:22.4907823Z     | |_- in this macro invocation
2026-09-13T07:10:22.4908076Z     |
2026-09-13T07:10:22.4908567Z     = note: this warning originates in the macro `opaque_control_ref` (in Nightly builds, run with -Z macro-backtrace for more info)
2026-09-13T07:10:22.4909505Z 
2026-09-13T07:10:22.4909670Z warning: associated function `from_core_id` is never used
2026-09-13T07:10:22.4910013Z    --> sv_core/src/control.rs:155:27
2026-09-13T07:10:22.4910268Z     |
2026-09-13T07:10:22.4910459Z 141 |           impl $name {
2026-09-13T07:10:22.4910756Z     |           ---------- associated function in this implementation
2026-09-13T07:10:22.4911081Z ...
2026-09-13T07:10:22.4911341Z 155 |               pub(crate) fn from_core_id(id: ControlId) -> Self {
2026-09-13T07:10:22.4911684Z     |                             ^^^^^^^^^^^^
2026-09-13T07:10:22.4911940Z ...
2026-09-13T07:10:22.4912134Z 178 | / opaque_control_ref!(
2026-09-13T07:10:22.4912380Z 179 | |     EnablementRef,
2026-09-13T07:10:22.4912870Z 180 | |     "Referencia a una habilitación de autoridad ya existente; no amplía autoridad."
2026-09-13T07:10:22.4913298Z 181 | | );
2026-09-13T07:10:22.4913500Z     | |_- in this macro invocation
2026-09-13T07:10:22.4913742Z     |
2026-09-13T07:10:22.4914213Z     = note: this warning originates in the macro `opaque_control_ref` (in Nightly builds, run with -Z macro-backtrace for more info)
2026-09-13T07:10:22.4914688Z 
2026-09-13T07:10:22.4914837Z warning: associated function `from_core_id` is never used
2026-09-13T07:10:22.4915172Z    --> sv_core/src/control.rs:155:27
2026-09-13T07:10:22.4915424Z     |
2026-09-13T07:10:22.4915613Z 141 |           impl $name {
2026-09-13T07:10:22.4915925Z     |           ---------- associated function in this implementation
2026-09-13T07:10:22.4916241Z ...
2026-09-13T07:10:22.4916492Z 155 |               pub(crate) fn from_core_id(id: ControlId) -> Self {
2026-09-13T07:10:22.4916837Z     |                             ^^^^^^^^^^^^
2026-09-13T07:10:22.4917090Z ...
2026-09-13T07:10:22.4917275Z 186 | / opaque_control_ref!(
2026-09-13T07:10:22.4917504Z 187 | |     FormRef,
2026-09-13T07:10:22.4917842Z 188 | |     "Referencia a una forma de transición constituida."
2026-09-13T07:10:22.4918160Z 189 | | );
2026-09-13T07:10:22.4918358Z     | |_- in this macro invocation
2026-09-13T07:10:22.4918600Z     |
2026-09-13T07:10:22.4919213Z     = note: this warning originates in the macro `opaque_control_ref` (in Nightly builds, run with -Z macro-backtrace for more info)
2026-09-13T07:10:22.4919680Z 
2026-09-13T07:10:22.4919834Z warning: associated function `from_core_id` is never used
2026-09-13T07:10:22.4920163Z    --> sv_core/src/control.rs:155:27
2026-09-13T07:10:22.4920563Z     |
2026-09-13T07:10:22.4920754Z 141 |           impl $name {
2026-09-13T07:10:22.4921047Z     |           ---------- associated function in this implementation
2026-09-13T07:10:22.4921358Z ...
2026-09-13T07:10:22.4921606Z 155 |               pub(crate) fn from_core_id(id: ControlId) -> Self {
2026-09-13T07:10:22.4921943Z     |                             ^^^^^^^^^^^^
2026-09-13T07:10:22.4922202Z ...
2026-09-13T07:10:22.4922389Z 190 | / opaque_control_ref!(
2026-09-13T07:10:22.4922626Z 191 | |     EffectFamilyRef,
2026-09-13T07:10:22.4923026Z 192 | |     "Referencia a una familia de efectos fijada por constitución."
2026-09-13T07:10:22.4923381Z 193 | | );
2026-09-13T07:10:22.4923579Z     | |_- in this macro invocation
2026-09-13T07:10:22.4923818Z     |
2026-09-13T07:10:22.4924283Z     = note: this warning originates in the macro `opaque_control_ref` (in Nightly builds, run with -Z macro-backtrace for more info)
2026-09-13T07:10:22.4924750Z 
2026-09-13T07:10:22.4925077Z warning: associated function `from_core_id` is never used
2026-09-13T07:10:22.4925420Z    --> sv_core/src/control.rs:155:27
2026-09-13T07:10:22.4925669Z     |
2026-09-13T07:10:22.4925851Z 141 |           impl $name {
2026-09-13T07:10:22.4926133Z     |           ---------- associated function in this implementation
2026-09-13T07:10:22.4926444Z ...
2026-09-13T07:10:22.4926691Z 155 |               pub(crate) fn from_core_id(id: ControlId) -> Self {
2026-09-13T07:10:22.4927029Z     |                             ^^^^^^^^^^^^
2026-09-13T07:10:22.4927284Z ...
2026-09-13T07:10:22.4927470Z 194 | / opaque_control_ref!(
2026-09-13T07:10:22.4927704Z 195 | |     EffectRef,
2026-09-13T07:10:22.4928064Z 196 | |     "Referencia a un efecto concreto; identificarlo no equivale a autorizarlo."
2026-09-13T07:10:22.4928471Z 197 | | );
2026-09-13T07:10:22.4928806Z     | |_- in this macro invocation
2026-09-13T07:10:22.4929054Z     |
2026-09-13T07:10:22.4929544Z     = note: this warning originates in the macro `opaque_control_ref` (in Nightly builds, run with -Z macro-backtrace for more info)
2026-09-13T07:10:22.4930044Z 
2026-09-13T07:10:22.4930200Z warning: associated function `from_core_id` is never used
2026-09-13T07:10:22.4930532Z    --> sv_core/src/control.rs:155:27
2026-09-13T07:10:22.4930784Z     |
2026-09-13T07:10:22.4930967Z 141 |           impl $name {
2026-09-13T07:10:22.4931254Z     |           ---------- associated function in this implementation
2026-09-13T07:10:22.4931572Z ...
2026-09-13T07:10:22.4931820Z 155 |               pub(crate) fn from_core_id(id: ControlId) -> Self {
2026-09-13T07:10:22.4932159Z     |                             ^^^^^^^^^^^^
2026-09-13T07:10:22.4932411Z ...
2026-09-13T07:10:22.4932594Z 198 | / opaque_control_ref!(
2026-09-13T07:10:22.4932827Z 199 | |     ContextRef,
2026-09-13T07:10:22.4933175Z 200 | |     "Referencia a una ligadura de contexto relevante para autoridad o forma."
2026-09-13T07:10:22.4933565Z 201 | | );
2026-09-13T07:10:22.4933763Z     | |_- in this macro invocation
2026-09-13T07:10:22.4934008Z     |
2026-09-13T07:10:22.4934499Z     = note: this warning originates in the macro `opaque_control_ref` (in Nightly builds, run with -Z macro-backtrace for more info)
2026-09-13T07:10:22.4934964Z 
2026-09-13T07:10:22.4935118Z warning: associated function `from_core_id` is never used
2026-09-13T07:10:22.4935454Z    --> sv_core/src/control.rs:155:27
2026-09-13T07:10:22.4935702Z     |
2026-09-13T07:10:22.4935892Z 141 |           impl $name {
2026-09-13T07:10:22.4936179Z     |           ---------- associated function in this implementation
2026-09-13T07:10:22.4936494Z ...
2026-09-13T07:10:22.4936739Z 155 |               pub(crate) fn from_core_id(id: ControlId) -> Self {
2026-09-13T07:10:22.4937078Z     |                             ^^^^^^^^^^^^
2026-09-13T07:10:22.4937330Z ...
2026-09-13T07:10:22.4937522Z 202 | / opaque_control_ref!(
2026-09-13T07:10:22.4937766Z 203 | |     AuthorityHolderRef,
2026-09-13T07:10:22.4938241Z 204 | |     "Referencia al titular de una autoridad; no constituye autoridad por sí misma."
2026-09-13T07:10:22.4938911Z 205 | | );
2026-09-13T07:10:22.4939120Z     | |_- in this macro invocation
2026-09-13T07:10:22.4939361Z     |
2026-09-13T07:10:22.4939840Z     = note: this warning originates in the macro `opaque_control_ref` (in Nightly builds, run with -Z macro-backtrace for more info)
2026-09-13T07:10:22.4940316Z 
2026-09-13T07:10:22.4940462Z warning: associated function `from_core_id` is never used
2026-09-13T07:10:22.4940796Z    --> sv_core/src/control.rs:155:27
2026-09-13T07:10:22.4941047Z     |
2026-09-13T07:10:22.4941231Z 141 |           impl $name {
2026-09-13T07:10:22.4941514Z     |           ---------- associated function in this implementation
2026-09-13T07:10:22.4941824Z ...
2026-09-13T07:10:22.4942070Z 155 |               pub(crate) fn from_core_id(id: ControlId) -> Self {
2026-09-13T07:10:22.4942405Z     |                             ^^^^^^^^^^^^
2026-09-13T07:10:22.4942660Z ...
2026-09-13T07:10:22.4942845Z 206 | / opaque_control_ref!(
2026-09-13T07:10:22.4943204Z 207 | |     GovernedObjectRef,
2026-09-13T07:10:22.4943572Z 208 | |     "Referencia a un objeto candidato a pertenecer al dominio gobernado D_a."
2026-09-13T07:10:22.4943960Z 209 | | );
2026-09-13T07:10:22.4944162Z     | |_- in this macro invocation
2026-09-13T07:10:22.4944398Z     |
2026-09-13T07:10:22.4944857Z     = note: this warning originates in the macro `opaque_control_ref` (in Nightly builds, run with -Z macro-backtrace for more info)
2026-09-13T07:10:22.4945322Z 
2026-09-13T07:10:22.4945474Z warning: associated function `from_core_id` is never used
2026-09-13T07:10:22.4945801Z    --> sv_core/src/control.rs:155:27
2026-09-13T07:10:22.4946050Z     |
2026-09-13T07:10:22.4946235Z 141 |           impl $name {
2026-09-13T07:10:22.4946516Z     |           ---------- associated function in this implementation
2026-09-13T07:10:22.4946831Z ...
2026-09-13T07:10:22.4947088Z 155 |               pub(crate) fn from_core_id(id: ControlId) -> Self {
2026-09-13T07:10:22.4947425Z     |                             ^^^^^^^^^^^^
2026-09-13T07:10:22.4947685Z ...
2026-09-13T07:10:22.4947870Z 210 | / opaque_control_ref!(
2026-09-13T07:10:22.4948116Z 211 | |     AccumulationRuleRef,
2026-09-13T07:10:22.4948583Z 212 | |     "Referencia a una regla gobernada de acumulación o a un predicado de traza."
2026-09-13T07:10:22.4949314Z 213 | | );
2026-09-13T07:10:22.4949527Z     | |_- in this macro invocation
2026-09-13T07:10:22.4949775Z     |
2026-09-13T07:10:22.4950251Z     = note: this warning originates in the macro `opaque_control_ref` (in Nightly builds, run with -Z macro-backtrace for more info)
2026-09-13T07:10:22.4950726Z 
2026-09-13T07:10:22.4950878Z warning: associated function `from_core_id` is never used
2026-09-13T07:10:22.4951215Z    --> sv_core/src/control.rs:155:27
2026-09-13T07:10:22.4951461Z     |
2026-09-13T07:10:22.4951648Z 141 |           impl $name {
2026-09-13T07:10:22.4951934Z     |           ---------- associated function in this implementation
2026-09-13T07:10:22.4952250Z ...
2026-09-13T07:10:22.4952511Z 155 |               pub(crate) fn from_core_id(id: ControlId) -> Self {
2026-09-13T07:10:22.4952847Z     |                             ^^^^^^^^^^^^
2026-09-13T07:10:22.4953100Z ...
2026-09-13T07:10:22.4953288Z 214 | / opaque_control_ref!(
2026-09-13T07:10:22.4953526Z 215 | |     RequirementRef,
2026-09-13T07:10:22.4954005Z 216 | |     "Referencia a una obligación de Req; identificarla no acredita su cumplimiento."
2026-09-13T07:10:22.4954426Z 217 | | );
2026-09-13T07:10:22.4954625Z     | |_- in this macro invocation
2026-09-13T07:10:22.4954868Z     |
2026-09-13T07:10:22.4955336Z     = note: this warning originates in the macro `opaque_control_ref` (in Nightly builds, run with -Z macro-backtrace for more info)
2026-09-13T07:10:22.4955805Z 
2026-09-13T07:10:22.4955948Z warning: associated function `from_core_id` is never used
2026-09-13T07:10:22.4956277Z    --> sv_core/src/control.rs:155:27
2026-09-13T07:10:22.4956523Z     |
2026-09-13T07:10:22.4956706Z 141 |           impl $name {
2026-09-13T07:10:22.4957141Z     |           ---------- associated function in this implementation
2026-09-13T07:10:22.4957461Z ...
2026-09-13T07:10:22.4957707Z 155 |               pub(crate) fn from_core_id(id: ControlId) -> Self {
2026-09-13T07:10:22.4958055Z     |                             ^^^^^^^^^^^^
2026-09-13T07:10:22.4958309Z ...
2026-09-13T07:10:22.4958492Z 218 | / opaque_control_ref!(
2026-09-13T07:10:22.4958934Z 219 | |     VerifierRef,
2026-09-13T07:10:22.4959355Z 220 | |     "Referencia a un verificador concreto; su mera existencia no acredita aplicabilidad."
2026-09-13T07:10:22.4959794Z 221 | | );
2026-09-13T07:10:22.4960000Z     | |_- in this macro invocation
2026-09-13T07:10:22.4960248Z     |
2026-09-13T07:10:22.4960723Z     = note: this warning originates in the macro `opaque_control_ref` (in Nightly builds, run with -Z macro-backtrace for more info)
2026-09-13T07:10:22.4961189Z 
2026-09-13T07:10:22.4961340Z warning: associated function `from_core_id` is never used
2026-09-13T07:10:22.4961672Z    --> sv_core/src/control.rs:155:27
2026-09-13T07:10:22.4962059Z     |
2026-09-13T07:10:22.4962244Z 141 |           impl $name {
2026-09-13T07:10:22.4962532Z     |           ---------- associated function in this implementation
2026-09-13T07:10:22.4962852Z ...
2026-09-13T07:10:22.4963101Z 155 |               pub(crate) fn from_core_id(id: ControlId) -> Self {
2026-09-13T07:10:22.4963441Z     |                             ^^^^^^^^^^^^
2026-09-13T07:10:22.4963704Z ...
2026-09-13T07:10:22.4963894Z 222 | / opaque_control_ref!(
2026-09-13T07:10:22.4964135Z 223 | |     VerifierFamilyRef,
2026-09-13T07:10:22.4964595Z 224 | |     "Referencia a una familia de verificadores admisibles para una obligación."
2026-09-13T07:10:22.4964997Z 225 | | );
2026-09-13T07:10:22.4965197Z     | |_- in this macro invocation
2026-09-13T07:10:22.4965439Z     |
2026-09-13T07:10:22.4965910Z     = note: this warning originates in the macro `opaque_control_ref` (in Nightly builds, run with -Z macro-backtrace for more info)
2026-09-13T07:10:22.4966386Z 
2026-09-13T07:10:22.4966541Z warning: associated function `from_core_id` is never used
2026-09-13T07:10:22.4966883Z    --> sv_core/src/control.rs:155:27
2026-09-13T07:10:22.4967133Z     |
2026-09-13T07:10:22.4967319Z 141 |           impl $name {
2026-09-13T07:10:22.4967609Z     |           ---------- associated function in this implementation
2026-09-13T07:10:22.4967922Z ...
2026-09-13T07:10:22.4968177Z 155 |               pub(crate) fn from_core_id(id: ControlId) -> Self {
2026-09-13T07:10:22.4968517Z     |                             ^^^^^^^^^^^^
2026-09-13T07:10:22.4968912Z ...
2026-09-13T07:10:22.4969099Z 226 | / opaque_control_ref!(
2026-09-13T07:10:22.4969349Z 227 | |     ApplicabilityRuleRef,
2026-09-13T07:10:22.4969845Z 228 | |     "Referencia a una regla previamente constituida de aplicabilidad de comprobación."
2026-09-13T07:10:22.4970273Z 229 | | );
2026-09-13T07:10:22.4970470Z     | |_- in this macro invocation
2026-09-13T07:10:22.4970710Z     |
2026-09-13T07:10:22.4971188Z     = note: this warning originates in the macro `opaque_control_ref` (in Nightly builds, run with -Z macro-backtrace for more info)
2026-09-13T07:10:22.4971660Z 
2026-09-13T07:10:22.4971812Z warning: associated function `from_core_id` is never used
2026-09-13T07:10:22.4972141Z    --> sv_core/src/control.rs:155:27
2026-09-13T07:10:22.4972387Z     |
2026-09-13T07:10:22.4972570Z 141 |           impl $name {
2026-09-13T07:10:22.4972860Z     |           ---------- associated function in this implementation
2026-09-13T07:10:22.4973175Z ...
2026-09-13T07:10:22.4973419Z 155 |               pub(crate) fn from_core_id(id: ControlId) -> Self {
2026-09-13T07:10:22.4973754Z     |                             ^^^^^^^^^^^^
2026-09-13T07:10:22.4974007Z ...
2026-09-13T07:10:22.4974190Z 230 | / opaque_control_ref!(
2026-09-13T07:10:22.4974442Z 231 | |     ConflictResolutionRuleRef,
2026-09-13T07:10:22.4975013Z 232 | |     "Referencia a una regla previamente constituida de resolución de conflicto entre comprobaciones."
2026-09-13T07:10:22.4975493Z 233 | | );
2026-09-13T07:10:22.4975888Z     | |_- in this macro invocation
2026-09-13T07:10:22.4976131Z     |
2026-09-13T07:10:22.4976604Z     = note: this warning originates in the macro `opaque_control_ref` (in Nightly builds, run with -Z macro-backtrace for more info)
2026-09-13T07:10:22.4977065Z 
2026-09-13T07:10:22.4977229Z warning: associated function `from_core_id` is never used
2026-09-13T07:10:22.4977844Z    --> sv_core/src/control.rs:155:27
2026-09-13T07:10:22.4978264Z     |
2026-09-13T07:10:22.4978462Z 141 |           impl $name {
2026-09-13T07:10:22.4978882Z     |           ---------- associated function in this implementation
2026-09-13T07:10:22.4979198Z ...
2026-09-13T07:10:22.4979571Z 155 |               pub(crate) fn from_core_id(id: ControlId) -> Self {
2026-09-13T07:10:22.4980066Z     |                             ^^^^^^^^^^^^
2026-09-13T07:10:22.4980325Z ...
2026-09-13T07:10:22.4980512Z 234 | / opaque_control_ref!(
2026-09-13T07:10:22.4980752Z 235 | |     CoverageRuleRef,
2026-09-13T07:10:22.4981342Z 236 | |     "Referencia a una regla previamente constituida de cobertura de comprobaciones exigibles."
2026-09-13T07:10:22.4981802Z 237 | | );
2026-09-13T07:10:22.4982003Z     | |_- in this macro invocation
2026-09-13T07:10:22.4982248Z     |
2026-09-13T07:10:22.4982724Z     = note: this warning originates in the macro `opaque_control_ref` (in Nightly builds, run with -Z macro-backtrace for more info)
2026-09-13T07:10:22.4983195Z 
2026-09-13T07:10:22.4983350Z warning: associated function `from_core_id` is never used
2026-09-13T07:10:22.4983686Z    --> sv_core/src/control.rs:155:27
2026-09-13T07:10:22.4983939Z     |
2026-09-13T07:10:22.4984126Z 141 |           impl $name {
2026-09-13T07:10:22.4984418Z     |           ---------- associated function in this implementation
2026-09-13T07:10:22.4984731Z ...
2026-09-13T07:10:22.4984982Z 155 |               pub(crate) fn from_core_id(id: ControlId) -> Self {
2026-09-13T07:10:22.4985319Z     |                             ^^^^^^^^^^^^
2026-09-13T07:10:22.4985581Z ...
2026-09-13T07:10:22.4985769Z 238 | / opaque_control_ref!(
2026-09-13T07:10:22.4986017Z 239 | |     ReuseRuleRef,
2026-09-13T07:10:22.4986568Z 240 | |     "Referencia a una regla previamente constituida de reutilización de resultados cualificados."
2026-09-13T07:10:22.4987039Z 241 | | );
2026-09-13T07:10:22.4987241Z     | |_- in this macro invocation
2026-09-13T07:10:22.4987480Z     |
2026-09-13T07:10:22.4987951Z     = note: this warning originates in the macro `opaque_control_ref` (in Nightly builds, run with -Z macro-backtrace for more info)
2026-09-13T07:10:22.4988422Z 
2026-09-13T07:10:22.4988563Z warning: associated function `from_core_id` is never used
2026-09-13T07:10:22.4989272Z    --> sv_core/src/control.rs:155:27
2026-09-13T07:10:22.4989527Z     |
2026-09-13T07:10:22.4989715Z 141 |           impl $name {
2026-09-13T07:10:22.4990013Z     |           ---------- associated function in this implementation
2026-09-13T07:10:22.4990325Z ...
2026-09-13T07:10:22.4990575Z 155 |               pub(crate) fn from_core_id(id: ControlId) -> Self {
2026-09-13T07:10:22.4990930Z     |                             ^^^^^^^^^^^^
2026-09-13T07:10:22.4991183Z ...
2026-09-13T07:10:22.4991370Z 242 | / opaque_control_ref!(
2026-09-13T07:10:22.4991613Z 243 | |     ReuseBindingKeyRef,
2026-09-13T07:10:22.4992219Z 244 | |     "Referencia a una dimensión constituida cuya continuidad puede ser exigible para reutilizar un resultado."
2026-09-13T07:10:22.4992732Z 245 | | );
2026-09-13T07:10:22.4992933Z     | |_- in this macro invocation
2026-09-13T07:10:22.4993180Z     |
2026-09-13T07:10:22.4993652Z     = note: this warning originates in the macro `opaque_control_ref` (in Nightly builds, run with -Z macro-backtrace for more info)
2026-09-13T07:10:22.4994116Z 
2026-09-13T07:10:22.4994265Z warning: associated function `from_core_id` is never used
2026-09-13T07:10:22.4994602Z    --> sv_core/src/control.rs:155:27
2026-09-13T07:10:22.4994847Z     |
2026-09-13T07:10:22.4995041Z 141 |           impl $name {
2026-09-13T07:10:22.4995474Z     |           ---------- associated function in this implementation
2026-09-13T07:10:22.4995797Z ...
2026-09-13T07:10:22.4996047Z 155 |               pub(crate) fn from_core_id(id: ControlId) -> Self {
2026-09-13T07:10:22.4996399Z     |                             ^^^^^^^^^^^^
2026-09-13T07:10:22.4996655Z ...
2026-09-13T07:10:22.4996840Z 246 | / opaque_control_ref!(
2026-09-13T07:10:22.4997085Z 247 | |     ReuseBindingValueRef,
2026-09-13T07:10:22.4997675Z 248 | |     "Referencia al valor constituido de una dimensión de reutilización; identificarlo no acredita su vigencia."
2026-09-13T07:10:22.4998192Z 249 | | );
2026-09-13T07:10:22.4998394Z     | |_- in this macro invocation
2026-09-13T07:10:22.4998792Z     |
2026-09-13T07:10:22.4999374Z     = note: this warning originates in the macro `opaque_control_ref` (in Nightly builds, run with -Z macro-backtrace for more info)
2026-09-13T07:10:22.4999852Z 
2026-09-13T07:10:22.4999970Z warning: constant `PROFILE_ID` is never used
2026-09-13T07:10:22.5000292Z  --> sv_core/src/identifier_profile.rs:6:18
2026-09-13T07:10:22.5000704Z   |
2026-09-13T07:10:22.5000974Z 6 | pub(crate) const PROFILE_ID: &str = "svp-grammar-0.2-lex-es-1";
2026-09-13T07:10:22.5001329Z   |                  ^^^^^^^^^^
2026-09-13T07:10:22.5001480Z 
2026-09-13T07:10:22.5001611Z warning: function `is_reserved_word` is never used
2026-09-13T07:10:22.5001940Z   --> sv_core/src/identifier_profile.rs:22:15
2026-09-13T07:10:22.5002281Z    |
2026-09-13T07:10:22.5002741Z 22 | pub(crate) fn is_reserved_word(word: &str) -> bool {
2026-09-13T07:10:22.5003148Z    |               ^^^^^^^^^^^^^^^^
2026-09-13T07:10:22.5003371Z 
2026-09-13T07:10:22.5003512Z warning: method `matches_descriptor` is never used
2026-09-13T07:10:22.5014696Z    --> sv_core/src/requirements_reuse.rs:121:19
2026-09-13T07:10:22.5015176Z     |
2026-09-13T07:10:22.5015536Z  44 | impl ReuseRule {
2026-09-13T07:10:22.5015948Z     | -------------- method in this implementation
2026-09-13T07:10:22.5016392Z ...
2026-09-13T07:10:22.5016983Z 121 |     pub(crate) fn matches_descriptor(&self, descriptor: &RequirementDescriptor) -> bool {
2026-09-13T07:10:22.5017756Z     |                   ^^^^^^^^^^^^^^^^^^
2026-09-13T07:10:22.5018074Z 
2026-09-13T07:10:22.5018378Z warning: hiding a lifetime that's elided elsewhere is confusing
2026-09-13T07:10:22.5019270Z     --> sv_core/src/frontend.rs:2084:13
2026-09-13T07:10:22.5019746Z      |
2026-09-13T07:10:22.5020081Z 2084 |     fn peek(&self) -> &Token {
2026-09-13T07:10:22.5020513Z      |             ^^^^^     ^^^^^^
2026-09-13T07:10:22.5020928Z      |             |         ||
2026-09-13T07:10:22.5021393Z      |             |         |the same lifetime is hidden here
2026-09-13T07:10:22.5021951Z      |             |         the same lifetime is elided here
2026-09-13T07:10:22.5022496Z      |             the lifetime is elided here
2026-09-13T07:10:22.5022957Z      |
2026-09-13T07:10:22.5023574Z      = help: the same lifetime is referred to in inconsistent ways, making the signature confusing
2026-09-13T07:10:22.5024500Z      = note: `#[warn(mismatched_lifetime_syntaxes)]` on by default
2026-09-13T07:10:22.5025073Z help: use `'_` for type paths
2026-09-13T07:10:22.5025464Z      |
2026-09-13T07:10:22.5025799Z 2084 |     fn peek(&self) -> &Token<'_> {
2026-09-13T07:10:22.5026245Z      |                             ++++
2026-09-13T07:10:22.5026530Z 
2026-09-13T07:10:22.5027043Z warning: `sv_core` (lib) generated 25 warnings (run `cargo fix --lib -p sv_core` to apply 1 suggestion)
2026-09-13T07:10:22.5027851Z    Compiling sv_native v0.1.0 (/home/runner/work/SV-lenguaje-de-computacion/SV-lenguaje-de-computacion/rust/sv_native)
2026-09-13T07:10:22.8152531Z     Finished `release` profile [optimized] target(s) in 0.33s
2026-09-13T07:10:23.5728492Z J-B0: 18/18, nativo y WASI
2026-09-13T07:10:24.4246434Z J-H1: 20/20, nativo y WASI
2026-09-13T07:10:25.4570896Z J-D0 y límites de representación: 24/24, nativo y WASI
2026-09-13T07:10:27.9985059Z DFL-010: 64/64, nativo y WASI
2026-09-13T07:10:28.0080555Z ##[group]Run python tests/k1_ternarizer_cases.py \
2026-09-13T07:10:28.0081147Z [36;1mpython tests/k1_ternarizer_cases.py \[0m
2026-09-13T07:10:28.0081596Z [36;1m  --native-probe rust/target/release/examples/assembly_probe \[0m
2026-09-13T07:10:28.0082252Z [36;1m  --wasm-probe rust/target/wasm32-wasip1/release/examples/assembly_probe.wasm \[0m
2026-09-13T07:10:28.0082989Z [36;1m  --wasi-runner tests/run_wasi_sv_native.js \[0m
2026-09-13T07:10:28.0083707Z [36;1m  --output-dir artifacts/r0-wasm/ternarizer-boundary[0m
2026-09-13T07:10:28.0125051Z shell: /usr/bin/bash -e {0}
2026-09-13T07:10:28.0125326Z ##[endgroup]
2026-09-13T07:10:29.6072673Z K1-T: 40/40, nativo y WASI
2026-09-13T07:10:29.6193227Z ##[group]Run mkdir -p artifacts/r0-browser
2026-09-13T07:10:29.6193664Z [36;1mmkdir -p artifacts/r0-browser[0m
2026-09-13T07:10:29.6194361Z [36;1mcargo build --manifest-path rust/Cargo.toml -p sv_core --example binding_probe --release[0m
2026-09-13T07:10:29.6195670Z [36;1mcargo build --manifest-path rust/Cargo.toml -p sv_core --example binding_probe --release --target wasm32-wasip1[0m
2026-09-13T07:10:29.6196811Z [36;1mcargo build --manifest-path rust/Cargo.toml -p sv_core --example binding_probe_browser --release --target wasm32-unknown-unknown[0m
2026-09-13T07:10:29.6197597Z [36;1mrust/target/release/examples/binding_probe > artifacts/r0-browser/bindings-native.json[0m
2026-09-13T07:10:29.6198429Z [36;1mnode tests/row7_bindings/run_wasi.mjs rust/target/wasm32-wasip1/release/examples/binding_probe.wasm > artifacts/r0-wasm/bindings-wasi.json[0m
2026-09-13T07:10:29.6199522Z [36;1mcmp artifacts/r0-browser/bindings-native.json artifacts/r0-wasm/bindings-wasi.json[0m
2026-09-13T07:10:29.6200307Z [36;1mcp rust/target/wasm32-unknown-unknown/release/examples/binding_probe_browser.wasm artifacts/r0-browser/[0m
2026-09-13T07:10:29.6201486Z [36;1msha256sum rust/target/release/examples/binding_probe rust/target/wasm32-wasip1/release/examples/binding_probe.wasm artifacts/r0-browser/binding_probe_browser.wasm > artifacts/r0-wasm/bindings-probes.sha256[0m
2026-09-13T07:10:29.6237049Z shell: /usr/bin/bash -e {0}
2026-09-13T07:10:29.6237319Z ##[endgroup]
2026-09-13T07:10:29.6474422Z warning: associated function `from_core_id` is never used
2026-09-13T07:10:29.6475070Z    --> sv_core/src/control.rs:155:27
2026-09-13T07:10:29.6475503Z     |
2026-09-13T07:10:29.6475822Z 141 |           impl $name {
2026-09-13T07:10:29.6476337Z     |           ---------- associated function in this implementation
2026-09-13T07:10:29.6477150Z ...
2026-09-13T07:10:29.6477586Z 155 |               pub(crate) fn from_core_id(id: ControlId) -> Self {
2026-09-13T07:10:29.6478178Z     |                             ^^^^^^^^^^^^
2026-09-13T07:10:29.6478616Z ...
2026-09-13T07:10:29.6479136Z 162 | / opaque_control_ref!(
2026-09-13T07:10:29.6479545Z 163 | |     InformationRef,
2026-09-13T07:10:29.6480435Z 164 | |     "Referencia nominal a información dentro del dominio de control."
2026-09-13T07:10:29.6481080Z 165 | | );
2026-09-13T07:10:29.6481415Z     | |_- in this macro invocation
2026-09-13T07:10:29.6481852Z     |
2026-09-13T07:10:29.6482314Z     = note: `#[warn(dead_code)]` (part of `#[warn(unused)]`) on by default
2026-09-13T07:10:29.6483442Z     = note: this warning originates in the macro `opaque_control_ref` (in Nightly builds, run with -Z macro-backtrace for more info)
2026-09-13T07:10:29.6484258Z 
2026-09-13T07:10:29.6484522Z warning: associated function `from_core_id` is never used
2026-09-13T07:10:29.6485093Z    --> sv_core/src/control.rs:155:27
2026-09-13T07:10:29.6485511Z     |
2026-09-13T07:10:29.6485819Z 141 |           impl $name {
2026-09-13T07:10:29.6486323Z     |           ---------- associated function in this implementation
2026-09-13T07:10:29.6486866Z ...
2026-09-13T07:10:29.6487301Z 155 |               pub(crate) fn from_core_id(id: ControlId) -> Self {
2026-09-13T07:10:29.6487888Z     |                             ^^^^^^^^^^^^
2026-09-13T07:10:29.6488369Z ...
2026-09-13T07:10:29.6488870Z 166 | / opaque_control_ref!(
2026-09-13T07:10:29.6489310Z 167 | |     AdmittedEvidenceRef,
2026-09-13T07:10:29.6490226Z 168 | |     "Referencia a evidencia cuya admisión debe proceder de una verificación gobernada."
2026-09-13T07:10:29.6490981Z 169 | | );
2026-09-13T07:10:29.6491307Z     | |_- in this macro invocation
2026-09-13T07:10:29.6491715Z     |
2026-09-13T07:10:29.6492540Z     = note: this warning originates in the macro `opaque_control_ref` (in Nightly builds, run with -Z macro-backtrace for more info)
2026-09-13T07:10:29.6493359Z 
2026-09-13T07:10:29.6493612Z warning: associated function `from_core_id` is never used
2026-09-13T07:10:29.6494180Z    --> sv_core/src/control.rs:155:27
2026-09-13T07:10:29.6494911Z     |
2026-09-13T07:10:29.6495274Z 141 |           impl $name {
2026-09-13T07:10:29.6495821Z     |           ---------- associated function in this implementation
2026-09-13T07:10:29.6496432Z ...
2026-09-13T07:10:29.6496711Z 155 |               pub(crate) fn from_core_id(id: ControlId) -> Self {
2026-09-13T07:10:29.6497079Z     |                             ^^^^^^^^^^^^
2026-09-13T07:10:29.6497526Z ...
2026-09-13T07:10:29.6497717Z 170 | / opaque_control_ref!(
2026-09-13T07:10:29.6497967Z 171 | |     ConstitutedFactRef,
2026-09-13T07:10:29.6498468Z 172 | |     "Referencia a un hecho semántico constituido; no equivale a autoridad."
2026-09-13T07:10:29.6499147Z 173 | | );
2026-09-13T07:10:29.6499352Z     | |_- in this macro invocation
2026-09-13T07:10:29.6499595Z     |
2026-09-13T07:10:29.6500249Z     = note: this warning originates in the macro `opaque_control_ref` (in Nightly builds, run with -Z macro-backtrace for more info)
2026-09-13T07:10:29.6501146Z 
2026-09-13T07:10:29.6501425Z warning: associated function `from_core_id` is never used
2026-09-13T07:10:29.6501995Z    --> sv_core/src/control.rs:155:27
2026-09-13T07:10:29.6502258Z     |
2026-09-13T07:10:29.6502447Z 141 |           impl $name {
2026-09-13T07:10:29.6502741Z     |           ---------- associated function in this implementation
2026-09-13T07:10:29.6503059Z ...
2026-09-13T07:10:29.6503318Z 155 |               pub(crate) fn from_core_id(id: ControlId) -> Self {
2026-09-13T07:10:29.6503679Z     |                             ^^^^^^^^^^^^
2026-09-13T07:10:29.6503948Z ...
2026-09-13T07:10:29.6504140Z 174 | / opaque_control_ref!(
2026-09-13T07:10:29.6504480Z 175 | |     AuthorityRef,
2026-09-13T07:10:29.6505183Z 176 | |     "Referencia a autoridad constituida; su constructor no forma parte de la API pública."
2026-09-13T07:10:29.6505636Z 177 | | );
2026-09-13T07:10:29.6505844Z     | |_- in this macro invocation
2026-09-13T07:10:29.6506089Z     |
2026-09-13T07:10:29.6506598Z     = note: this warning originates in the macro `opaque_control_ref` (in Nightly builds, run with -Z macro-backtrace for more info)
2026-09-13T07:10:29.6507068Z 
2026-09-13T07:10:29.6507227Z warning: associated function `from_core_id` is never used
2026-09-13T07:10:29.6507567Z    --> sv_core/src/control.rs:155:27
2026-09-13T07:10:29.6507822Z     |
2026-09-13T07:10:29.6508009Z 141 |           impl $name {
2026-09-13T07:10:29.6508305Z     |           ---------- associated function in this implementation
2026-09-13T07:10:29.6508849Z ...
2026-09-13T07:10:29.6509150Z 155 |               pub(crate) fn from_core_id(id: ControlId) -> Self {
2026-09-13T07:10:29.6509497Z     |                             ^^^^^^^^^^^^
2026-09-13T07:10:29.6509753Z ...
2026-09-13T07:10:29.6509943Z 178 | / opaque_control_ref!(
2026-09-13T07:10:29.6510182Z 179 | |     EnablementRef,
2026-09-13T07:10:29.6510654Z 180 | |     "Referencia a una habilitación de autoridad ya existente; no amplía autoridad."
2026-09-13T07:10:29.6511074Z 181 | | );
2026-09-13T07:10:29.6511275Z     | |_- in this macro invocation
2026-09-13T07:10:29.6511523Z     |
2026-09-13T07:10:29.6511997Z     = note: this warning originates in the macro `opaque_control_ref` (in Nightly builds, run with -Z macro-backtrace for more info)
2026-09-13T07:10:29.6512473Z 
2026-09-13T07:10:29.6512623Z warning: associated function `from_core_id` is never used
2026-09-13T07:10:29.6512956Z    --> sv_core/src/control.rs:155:27
2026-09-13T07:10:29.6513210Z     |
2026-09-13T07:10:29.6513394Z 141 |           impl $name {
2026-09-13T07:10:29.6513680Z     |           ---------- associated function in this implementation
2026-09-13T07:10:29.6513989Z ...
2026-09-13T07:10:29.6514233Z 155 |               pub(crate) fn from_core_id(id: ControlId) -> Self {
2026-09-13T07:10:29.6514568Z     |                             ^^^^^^^^^^^^
2026-09-13T07:10:29.6514825Z ...
2026-09-13T07:10:29.6515010Z 186 | / opaque_control_ref!(
2026-09-13T07:10:29.6515247Z 187 | |     FormRef,
2026-09-13T07:10:29.6515577Z 188 | |     "Referencia a una forma de transición constituida."
2026-09-13T07:10:29.6516070Z 189 | | );
2026-09-13T07:10:29.6516277Z     | |_- in this macro invocation
2026-09-13T07:10:29.6516518Z     |
2026-09-13T07:10:29.6516988Z     = note: this warning originates in the macro `opaque_control_ref` (in Nightly builds, run with -Z macro-backtrace for more info)
2026-09-13T07:10:29.6517454Z 
2026-09-13T07:10:29.6517603Z warning: associated function `from_core_id` is never used
2026-09-13T07:10:29.6518052Z    --> sv_core/src/control.rs:155:27
2026-09-13T07:10:29.6518300Z     |
2026-09-13T07:10:29.6518484Z 141 |           impl $name {
2026-09-13T07:10:29.6519009Z     |           ---------- associated function in this implementation
2026-09-13T07:10:29.6519326Z ...
2026-09-13T07:10:29.6519570Z 155 |               pub(crate) fn from_core_id(id: ControlId) -> Self {
2026-09-13T07:10:29.6519906Z     |                             ^^^^^^^^^^^^
2026-09-13T07:10:29.6520442Z ...
2026-09-13T07:10:29.6520643Z 190 | / opaque_control_ref!(
2026-09-13T07:10:29.6520891Z 191 | |     EffectFamilyRef,
2026-09-13T07:10:29.6521313Z 192 | |     "Referencia a una familia de efectos fijada por constitución."
2026-09-13T07:10:29.6521668Z 193 | | );
2026-09-13T07:10:29.6521876Z     | |_- in this macro invocation
2026-09-13T07:10:29.6522288Z     |
2026-09-13T07:10:29.6522778Z     = note: this warning originates in the macro `opaque_control_ref` (in Nightly builds, run with -Z macro-backtrace for more info)
2026-09-13T07:10:29.6523249Z 
2026-09-13T07:10:29.6523402Z warning: associated function `from_core_id` is never used
2026-09-13T07:10:29.6523736Z    --> sv_core/src/control.rs:155:27
2026-09-13T07:10:29.6523987Z     |
2026-09-13T07:10:29.6524170Z 141 |           impl $name {
2026-09-13T07:10:29.6524457Z     |           ---------- associated function in this implementation
2026-09-13T07:10:29.6524769Z ...
2026-09-13T07:10:29.6525019Z 155 |               pub(crate) fn from_core_id(id: ControlId) -> Self {
2026-09-13T07:10:29.6525362Z     |                             ^^^^^^^^^^^^
2026-09-13T07:10:29.6525616Z ...
2026-09-13T07:10:29.6525808Z 194 | / opaque_control_ref!(
2026-09-13T07:10:29.6526039Z 195 | |     EffectRef,
2026-09-13T07:10:29.6526384Z 196 | |     "Referencia a un efecto concreto; identificarlo no equivale a autorizarlo."
2026-09-13T07:10:29.6526776Z 197 | | );
2026-09-13T07:10:29.6526977Z     | |_- in this macro invocation
2026-09-13T07:10:29.6527214Z     |
2026-09-13T07:10:29.6527685Z     = note: this warning originates in the macro `opaque_control_ref` (in Nightly builds, run with -Z macro-backtrace for more info)
2026-09-13T07:10:29.6528153Z 
2026-09-13T07:10:29.6528298Z warning: associated function `from_core_id` is never used
2026-09-13T07:10:29.6528849Z    --> sv_core/src/control.rs:155:27
2026-09-13T07:10:29.6529115Z     |
2026-09-13T07:10:29.6529300Z 141 |           impl $name {
2026-09-13T07:10:29.6529587Z     |           ---------- associated function in this implementation
2026-09-13T07:10:29.6529902Z ...
2026-09-13T07:10:29.6530155Z 155 |               pub(crate) fn from_core_id(id: ControlId) -> Self {
2026-09-13T07:10:29.6530500Z     |                             ^^^^^^^^^^^^
2026-09-13T07:10:29.6530754Z ...
2026-09-13T07:10:29.6530940Z 198 | / opaque_control_ref!(
2026-09-13T07:10:29.6531179Z 199 | |     ContextRef,
2026-09-13T07:10:29.6531521Z 200 | |     "Referencia a una ligadura de contexto relevante para autoridad o forma."
2026-09-13T07:10:29.6531919Z 201 | | );
2026-09-13T07:10:29.6532118Z     | |_- in this macro invocation
2026-09-13T07:10:29.6532357Z     |
2026-09-13T07:10:29.6532826Z     = note: this warning originates in the macro `opaque_control_ref` (in Nightly builds, run with -Z macro-backtrace for more info)
2026-09-13T07:10:29.6533283Z 
2026-09-13T07:10:29.6533438Z warning: associated function `from_core_id` is never used
2026-09-13T07:10:29.6533771Z    --> sv_core/src/control.rs:155:27
2026-09-13T07:10:29.6534019Z     |
2026-09-13T07:10:29.6534204Z 141 |           impl $name {
2026-09-13T07:10:29.6534487Z     |           ---------- associated function in this implementation
2026-09-13T07:10:29.6534946Z ...
2026-09-13T07:10:29.6535211Z 155 |               pub(crate) fn from_core_id(id: ControlId) -> Self {
2026-09-13T07:10:29.6535555Z     |                             ^^^^^^^^^^^^
2026-09-13T07:10:29.6535807Z ...
2026-09-13T07:10:29.6535998Z 202 | / opaque_control_ref!(
2026-09-13T07:10:29.6536242Z 203 | |     AuthorityHolderRef,
2026-09-13T07:10:29.6536832Z 204 | |     "Referencia al titular de una autoridad; no constituye autoridad por sí misma."
2026-09-13T07:10:29.6537239Z 205 | | );
2026-09-13T07:10:29.6537433Z     | |_- in this macro invocation
2026-09-13T07:10:29.6537673Z     |
2026-09-13T07:10:29.6538137Z     = note: this warning originates in the macro `opaque_control_ref` (in Nightly builds, run with -Z macro-backtrace for more info)
2026-09-13T07:10:29.6538600Z 
2026-09-13T07:10:29.6539031Z warning: associated function `from_core_id` is never used
2026-09-13T07:10:29.6539362Z    --> sv_core/src/control.rs:155:27
2026-09-13T07:10:29.6539608Z     |
2026-09-13T07:10:29.6539800Z 141 |           impl $name {
2026-09-13T07:10:29.6540084Z     |           ---------- associated function in this implementation
2026-09-13T07:10:29.6540397Z ...
2026-09-13T07:10:29.6540639Z 155 |               pub(crate) fn from_core_id(id: ControlId) -> Self {
2026-09-13T07:10:29.6540969Z     |                             ^^^^^^^^^^^^
2026-09-13T07:10:29.6541221Z ...
2026-09-13T07:10:29.6541414Z 206 | / opaque_control_ref!(
2026-09-13T07:10:29.6541656Z 207 | |     GovernedObjectRef,
2026-09-13T07:10:29.6542020Z 208 | |     "Referencia a un objeto candidato a pertenecer al dominio gobernado D_a."
2026-09-13T07:10:29.6542404Z 209 | | );
2026-09-13T07:10:29.6542602Z     | |_- in this macro invocation
2026-09-13T07:10:29.6542844Z     |
2026-09-13T07:10:29.6543327Z     = note: this warning originates in the macro `opaque_control_ref` (in Nightly builds, run with -Z macro-backtrace for more info)
2026-09-13T07:10:29.6543799Z 
2026-09-13T07:10:29.6543950Z warning: associated function `from_core_id` is never used
2026-09-13T07:10:29.6544291Z    --> sv_core/src/control.rs:155:27
2026-09-13T07:10:29.6544544Z     |
2026-09-13T07:10:29.6544728Z 141 |           impl $name {
2026-09-13T07:10:29.6545018Z     |           ---------- associated function in this implementation
2026-09-13T07:10:29.6545331Z ...
2026-09-13T07:10:29.6545581Z 155 |               pub(crate) fn from_core_id(id: ControlId) -> Self {
2026-09-13T07:10:29.6545924Z     |                             ^^^^^^^^^^^^
2026-09-13T07:10:29.6546185Z ...
2026-09-13T07:10:29.6546371Z 210 | / opaque_control_ref!(
2026-09-13T07:10:29.6546618Z 211 | |     AccumulationRuleRef,
2026-09-13T07:10:29.6547094Z 212 | |     "Referencia a una regla gobernada de acumulación o a un predicado de traza."
2026-09-13T07:10:29.6547501Z 213 | | );
2026-09-13T07:10:29.6547703Z     | |_- in this macro invocation
2026-09-13T07:10:29.6547945Z     |
2026-09-13T07:10:29.6548419Z     = note: this warning originates in the macro `opaque_control_ref` (in Nightly builds, run with -Z macro-backtrace for more info)
2026-09-13T07:10:29.6549094Z 
2026-09-13T07:10:29.6549241Z warning: associated function `from_core_id` is never used
2026-09-13T07:10:29.6549583Z    --> sv_core/src/control.rs:155:27
2026-09-13T07:10:29.6549831Z     |
2026-09-13T07:10:29.6550017Z 141 |           impl $name {
2026-09-13T07:10:29.6550302Z     |           ---------- associated function in this implementation
2026-09-13T07:10:29.6550615Z ...
2026-09-13T07:10:29.6550861Z 155 |               pub(crate) fn from_core_id(id: ControlId) -> Self {
2026-09-13T07:10:29.6551194Z     |                             ^^^^^^^^^^^^
2026-09-13T07:10:29.6551442Z ...
2026-09-13T07:10:29.6551629Z 214 | / opaque_control_ref!(
2026-09-13T07:10:29.6551863Z 215 | |     RequirementRef,
2026-09-13T07:10:29.6552327Z 216 | |     "Referencia a una obligación de Req; identificarla no acredita su cumplimiento."
2026-09-13T07:10:29.6552757Z 217 | | );
2026-09-13T07:10:29.6552952Z     | |_- in this macro invocation
2026-09-13T07:10:29.6553188Z     |
2026-09-13T07:10:29.6553794Z     = note: this warning originates in the macro `opaque_control_ref` (in Nightly builds, run with -Z macro-backtrace for more info)
2026-09-13T07:10:29.6554261Z 
2026-09-13T07:10:29.6554411Z warning: associated function `from_core_id` is never used
2026-09-13T07:10:29.6554739Z    --> sv_core/src/control.rs:155:27
2026-09-13T07:10:29.6554982Z     |
2026-09-13T07:10:29.6555336Z 141 |           impl $name {
2026-09-13T07:10:29.6555624Z     |           ---------- associated function in this implementation
2026-09-13T07:10:29.6555942Z ...
2026-09-13T07:10:29.6556193Z 155 |               pub(crate) fn from_core_id(id: ControlId) -> Self {
2026-09-13T07:10:29.6556530Z     |                             ^^^^^^^^^^^^
2026-09-13T07:10:29.6556778Z ...
2026-09-13T07:10:29.6556961Z 218 | / opaque_control_ref!(
2026-09-13T07:10:29.6557195Z 219 | |     VerifierRef,
2026-09-13T07:10:29.6557591Z 220 | |     "Referencia a un verificador concreto; su mera existencia no acredita aplicabilidad."
2026-09-13T07:10:29.6558027Z 221 | | );
2026-09-13T07:10:29.6558225Z     | |_- in this macro invocation
2026-09-13T07:10:29.6558469Z     |
2026-09-13T07:10:29.6559297Z     = note: this warning originates in the macro `opaque_control_ref` (in Nightly builds, run with -Z macro-backtrace for more info)
2026-09-13T07:10:29.6560154Z 
2026-09-13T07:10:29.6560436Z warning: associated function `from_core_id` is never used
2026-09-13T07:10:29.6561051Z    --> sv_core/src/control.rs:155:27
2026-09-13T07:10:29.6561511Z     |
2026-09-13T07:10:29.6561869Z 141 |           impl $name {
2026-09-13T07:10:29.6562348Z     |           ---------- associated function in this implementation
2026-09-13T07:10:29.6562668Z ...
2026-09-13T07:10:29.6562922Z 155 |               pub(crate) fn from_core_id(id: ControlId) -> Self {
2026-09-13T07:10:29.6563261Z     |                             ^^^^^^^^^^^^
2026-09-13T07:10:29.6563520Z ...
2026-09-13T07:10:29.6563716Z 222 | / opaque_control_ref!(
2026-09-13T07:10:29.6563965Z 223 | |     VerifierFamilyRef,
2026-09-13T07:10:29.6564467Z 224 | |     "Referencia a una familia de verificadores admisibles para una obligación."
2026-09-13T07:10:29.6564876Z 225 | | );
2026-09-13T07:10:29.6565080Z     | |_- in this macro invocation
2026-09-13T07:10:29.6565322Z     |
2026-09-13T07:10:29.6565793Z     = note: this warning originates in the macro `opaque_control_ref` (in Nightly builds, run with -Z macro-backtrace for more info)
2026-09-13T07:10:29.6566268Z 
2026-09-13T07:10:29.6566417Z warning: associated function `from_core_id` is never used
2026-09-13T07:10:29.6566751Z    --> sv_core/src/control.rs:155:27
2026-09-13T07:10:29.6567001Z     |
2026-09-13T07:10:29.6567195Z 141 |           impl $name {
2026-09-13T07:10:29.6567488Z     |           ---------- associated function in this implementation
2026-09-13T07:10:29.6567799Z ...
2026-09-13T07:10:29.6568049Z 155 |               pub(crate) fn from_core_id(id: ControlId) -> Self {
2026-09-13T07:10:29.6568391Z     |                             ^^^^^^^^^^^^
2026-09-13T07:10:29.6568904Z ...
2026-09-13T07:10:29.6569110Z 226 | / opaque_control_ref!(
2026-09-13T07:10:29.6569371Z 227 | |     ApplicabilityRuleRef,
2026-09-13T07:10:29.6569876Z 228 | |     "Referencia a una regla previamente constituida de aplicabilidad de comprobación."
2026-09-13T07:10:29.6570306Z 229 | | );
2026-09-13T07:10:29.6570511Z     | |_- in this macro invocation
2026-09-13T07:10:29.6570761Z     |
2026-09-13T07:10:29.6571228Z     = note: this warning originates in the macro `opaque_control_ref` (in Nightly builds, run with -Z macro-backtrace for more info)
2026-09-13T07:10:29.6571693Z 
2026-09-13T07:10:29.6571846Z warning: associated function `from_core_id` is never used
2026-09-13T07:10:29.6572180Z    --> sv_core/src/control.rs:155:27
2026-09-13T07:10:29.6572429Z     |
2026-09-13T07:10:29.6572620Z 141 |           impl $name {
2026-09-13T07:10:29.6572907Z     |           ---------- associated function in this implementation
2026-09-13T07:10:29.6573216Z ...
2026-09-13T07:10:29.6573630Z 155 |               pub(crate) fn from_core_id(id: ControlId) -> Self {
2026-09-13T07:10:29.6573984Z     |                             ^^^^^^^^^^^^
2026-09-13T07:10:29.6574244Z ...
2026-09-13T07:10:29.6574431Z 230 | / opaque_control_ref!(
2026-09-13T07:10:29.6574685Z 231 | |     ConflictResolutionRuleRef,
2026-09-13T07:10:29.6575272Z 232 | |     "Referencia a una regla previamente constituida de resolución de conflicto entre comprobaciones."
2026-09-13T07:10:29.6575892Z 233 | | );
2026-09-13T07:10:29.6576094Z     | |_- in this macro invocation
2026-09-13T07:10:29.6576338Z     |
2026-09-13T07:10:29.6576809Z     = note: this warning originates in the macro `opaque_control_ref` (in Nightly builds, run with -Z macro-backtrace for more info)
2026-09-13T07:10:29.6577280Z 
2026-09-13T07:10:29.6577435Z warning: associated function `from_core_id` is never used
2026-09-13T07:10:29.6577771Z    --> sv_core/src/control.rs:155:27
2026-09-13T07:10:29.6578018Z     |
2026-09-13T07:10:29.6578204Z 141 |           impl $name {
2026-09-13T07:10:29.6578498Z     |           ---------- associated function in this implementation
2026-09-13T07:10:29.6579051Z ...
2026-09-13T07:10:29.6579319Z 155 |               pub(crate) fn from_core_id(id: ControlId) -> Self {
2026-09-13T07:10:29.6579662Z     |                             ^^^^^^^^^^^^
2026-09-13T07:10:29.6579920Z ...
2026-09-13T07:10:29.6580108Z 234 | / opaque_control_ref!(
2026-09-13T07:10:29.6580359Z 235 | |     CoverageRuleRef,
2026-09-13T07:10:29.6580786Z 236 | |     "Referencia a una regla previamente constituida de cobertura de comprobaciones exigibles."
2026-09-13T07:10:29.6581240Z 237 | | );
2026-09-13T07:10:29.6581442Z     | |_- in this macro invocation
2026-09-13T07:10:29.6581685Z     |
2026-09-13T07:10:29.6582163Z     = note: this warning originates in the macro `opaque_control_ref` (in Nightly builds, run with -Z macro-backtrace for more info)
2026-09-13T07:10:29.6582649Z 
2026-09-13T07:10:29.6582805Z warning: associated function `from_core_id` is never used
2026-09-13T07:10:29.6583159Z    --> sv_core/src/control.rs:155:27
2026-09-13T07:10:29.6583418Z     |
2026-09-13T07:10:29.6583609Z 141 |           impl $name {
2026-09-13T07:10:29.6583906Z     |           ---------- associated function in this implementation
2026-09-13T07:10:29.6584223Z ...
2026-09-13T07:10:29.6584475Z 155 |               pub(crate) fn from_core_id(id: ControlId) -> Self {
2026-09-13T07:10:29.6584819Z     |                             ^^^^^^^^^^^^
2026-09-13T07:10:29.6585080Z ...
2026-09-13T07:10:29.6585268Z 238 | / opaque_control_ref!(
2026-09-13T07:10:29.6585503Z 239 | |     ReuseRuleRef,
2026-09-13T07:10:29.6586026Z 240 | |     "Referencia a una regla previamente constituida de reutilización de resultados cualificados."
2026-09-13T07:10:29.6586496Z 241 | | );
2026-09-13T07:10:29.6586697Z     | |_- in this macro invocation
2026-09-13T07:10:29.6586944Z     |
2026-09-13T07:10:29.6587428Z     = note: this warning originates in the macro `opaque_control_ref` (in Nightly builds, run with -Z macro-backtrace for more info)
2026-09-13T07:10:29.6587893Z 
2026-09-13T07:10:29.6588050Z warning: associated function `from_core_id` is never used
2026-09-13T07:10:29.6588388Z    --> sv_core/src/control.rs:155:27
2026-09-13T07:10:29.6588886Z     |
2026-09-13T07:10:29.6589092Z 141 |           impl $name {
2026-09-13T07:10:29.6589404Z     |           ---------- associated function in this implementation
2026-09-13T07:10:29.6589728Z ...
2026-09-13T07:10:29.6589982Z 155 |               pub(crate) fn from_core_id(id: ControlId) -> Self {
2026-09-13T07:10:29.6590323Z     |                             ^^^^^^^^^^^^
2026-09-13T07:10:29.6590589Z ...
2026-09-13T07:10:29.6590778Z 242 | / opaque_control_ref!(
2026-09-13T07:10:29.6591023Z 243 | |     ReuseBindingKeyRef,
2026-09-13T07:10:29.6591620Z 244 | |     "Referencia a una dimensión constituida cuya continuidad puede ser exigible para reutilizar un resultado."
2026-09-13T07:10:29.6592135Z 245 | | );
2026-09-13T07:10:29.6592337Z     | |_- in this macro invocation
2026-09-13T07:10:29.6592578Z     |
2026-09-13T07:10:29.6593190Z     = note: this warning originates in the macro `opaque_control_ref` (in Nightly builds, run with -Z macro-backtrace for more info)
2026-09-13T07:10:29.6593666Z 
2026-09-13T07:10:29.6593813Z warning: associated function `from_core_id` is never used
2026-09-13T07:10:29.6594151Z    --> sv_core/src/control.rs:155:27
2026-09-13T07:10:29.6594400Z     |
2026-09-13T07:10:29.6594696Z 141 |           impl $name {
2026-09-13T07:10:29.6594984Z     |           ---------- associated function in this implementation
2026-09-13T07:10:29.6595296Z ...
2026-09-13T07:10:29.6595542Z 155 |               pub(crate) fn from_core_id(id: ControlId) -> Self {
2026-09-13T07:10:29.6595880Z     |                             ^^^^^^^^^^^^
2026-09-13T07:10:29.6596134Z ...
2026-09-13T07:10:29.6596316Z 246 | / opaque_control_ref!(
2026-09-13T07:10:29.6596560Z 247 | |     ReuseBindingValueRef,
2026-09-13T07:10:29.6597156Z 248 | |     "Referencia al valor constituido de una dimensión de reutilización; identificarlo no acredita su vigencia."
2026-09-13T07:10:29.6597670Z 249 | | );
2026-09-13T07:10:29.6597868Z     | |_- in this macro invocation
2026-09-13T07:10:29.6598106Z     |
2026-09-13T07:10:29.6598577Z     = note: this warning originates in the macro `opaque_control_ref` (in Nightly builds, run with -Z macro-backtrace for more info)
2026-09-13T07:10:29.6599277Z 
2026-09-13T07:10:29.6599400Z warning: constant `PROFILE_ID` is never used
2026-09-13T07:10:29.6599724Z  --> sv_core/src/identifier_profile.rs:6:18
2026-09-13T07:10:29.6599993Z   |
2026-09-13T07:10:29.6600263Z 6 | pub(crate) const PROFILE_ID: &str = "svp-grammar-0.2-lex-es-1";
2026-09-13T07:10:29.6600621Z   |                  ^^^^^^^^^^
2026-09-13T07:10:29.6600815Z 
2026-09-13T07:10:29.6600949Z warning: function `is_reserved_word` is never used
2026-09-13T07:10:29.6601282Z   --> sv_core/src/identifier_profile.rs:22:15
2026-09-13T07:10:29.6601555Z    |
2026-09-13T07:10:29.6601794Z 22 | pub(crate) fn is_reserved_word(word: &str) -> bool {
2026-09-13T07:10:29.6602114Z    |               ^^^^^^^^^^^^^^^^
2026-09-13T07:10:29.6602274Z 
2026-09-13T07:10:29.6602397Z warning: method `matches_descriptor` is never used
2026-09-13T07:10:29.6602726Z    --> sv_core/src/requirements_reuse.rs:121:19
2026-09-13T07:10:29.6603007Z     |
2026-09-13T07:10:29.6603194Z  44 | impl ReuseRule {
2026-09-13T07:10:29.6603450Z     | -------------- method in this implementation
2026-09-13T07:10:29.6603730Z ...
2026-09-13T07:10:29.6604086Z 121 |     pub(crate) fn matches_descriptor(&self, descriptor: &RequirementDescriptor) -> bool {
2026-09-13T07:10:29.6604531Z     |                   ^^^^^^^^^^^^^^^^^^
2026-09-13T07:10:29.6604703Z 
2026-09-13T07:10:29.6604872Z warning: hiding a lifetime that's elided elsewhere is confusing
2026-09-13T07:10:29.6605227Z     --> sv_core/src/frontend.rs:2084:13
2026-09-13T07:10:29.6605483Z      |
2026-09-13T07:10:29.6605681Z 2084 |     fn peek(&self) -> &Token {
2026-09-13T07:10:29.6605934Z      |             ^^^^^     ^^^^^^
2026-09-13T07:10:29.6606173Z      |             |         ||
2026-09-13T07:10:29.6606456Z      |             |         |the same lifetime is hidden here
2026-09-13T07:10:29.6606786Z      |             |         the same lifetime is elided here
2026-09-13T07:10:29.6607095Z      |             the lifetime is elided here
2026-09-13T07:10:29.6607355Z      |
2026-09-13T07:10:29.6607709Z      = help: the same lifetime is referred to in inconsistent ways, making the signature confusing
2026-09-13T07:10:29.6608223Z      = note: `#[warn(mismatched_lifetime_syntaxes)]` on by default
2026-09-13T07:10:29.6608561Z help: use `'_` for type paths
2026-09-13T07:10:29.6608998Z      |
2026-09-13T07:10:29.6609210Z 2084 |     fn peek(&self) -> &Token<'_> {
2026-09-13T07:10:29.6609491Z      |                             ++++
2026-09-13T07:10:29.6609664Z 
2026-09-13T07:10:29.6609956Z warning: `sv_core` (lib) generated 25 warnings (run `cargo fix --lib -p sv_core` to apply 1 suggestion)
2026-09-13T07:10:29.6610821Z    Compiling sv_core v0.1.0 (/home/runner/work/SV-lenguaje-de-computacion/SV-lenguaje-de-computacion/rust/sv_core)
2026-09-13T07:10:30.3555540Z     Finished `release` profile [optimized] target(s) in 0.71s
2026-09-13T07:10:30.3743272Z warning: associated function `from_core_id` is never used
2026-09-13T07:10:30.3743917Z    --> sv_core/src/control.rs:155:27
2026-09-13T07:10:30.3744352Z     |
2026-09-13T07:10:30.3744670Z 141 |           impl $name {
2026-09-13T07:10:30.3745441Z     |           ---------- associated function in this implementation
2026-09-13T07:10:30.3745986Z ...
2026-09-13T07:10:30.3746418Z 155 |               pub(crate) fn from_core_id(id: ControlId) -> Self {
2026-09-13T07:10:30.3746997Z     |                             ^^^^^^^^^^^^
2026-09-13T07:10:30.3747423Z ...
2026-09-13T07:10:30.3747731Z 162 | / opaque_control_ref!(
2026-09-13T07:10:30.3748127Z 163 | |     InformationRef,
2026-09-13T07:10:30.3749253Z 164 | |     "Referencia nominal a información dentro del dominio de control."
2026-09-13T07:10:30.3749901Z 165 | | );
2026-09-13T07:10:30.3750253Z     | |_- in this macro invocation
2026-09-13T07:10:30.3750666Z     |
2026-09-13T07:10:30.3751113Z     = note: `#[warn(dead_code)]` (part of `#[warn(unused)]`) on by default
2026-09-13T07:10:30.3752219Z     = note: this warning originates in the macro `opaque_control_ref` (in Nightly builds, run with -Z macro-backtrace for more info)
2026-09-13T07:10:30.3753035Z 
2026-09-13T07:10:30.3753301Z warning: associated function `from_core_id` is never used
2026-09-13T07:10:30.3753865Z    --> sv_core/src/control.rs:155:27
2026-09-13T07:10:30.3754280Z     |
2026-09-13T07:10:30.3754736Z 141 |           impl $name {
2026-09-13T07:10:30.3755345Z     |           ---------- associated function in this implementation
2026-09-13T07:10:30.3768473Z ...
2026-09-13T07:10:30.3769183Z 155 |               pub(crate) fn from_core_id(id: ControlId) -> Self {
2026-09-13T07:10:30.3769803Z     |                             ^^^^^^^^^^^^
2026-09-13T07:10:30.3770251Z ...
2026-09-13T07:10:30.3770604Z 166 | / opaque_control_ref!(
2026-09-13T07:10:30.3771162Z 167 | |     AdmittedEvidenceRef,
2026-09-13T07:10:30.3772053Z 168 | |     "Referencia a evidencia cuya admisión debe proceder de una verificación gobernada."
2026-09-13T07:10:30.3772767Z 169 | | );
2026-09-13T07:10:30.3773105Z     | |_- in this macro invocation
2026-09-13T07:10:30.3773503Z     |
2026-09-13T07:10:30.3774342Z     = note: this warning originates in the macro `opaque_control_ref` (in Nightly builds, run with -Z macro-backtrace for more info)
2026-09-13T07:10:30.3775174Z 
2026-09-13T07:10:30.3775537Z warning: associated function `from_core_id` is never used
2026-09-13T07:10:30.3776161Z    --> sv_core/src/control.rs:155:27
2026-09-13T07:10:30.3776606Z     |
2026-09-13T07:10:30.3776926Z 141 |           impl $name {
2026-09-13T07:10:30.3777462Z     |           ---------- associated function in this implementation
2026-09-13T07:10:30.3777999Z ...
2026-09-13T07:10:30.3778418Z 155 |               pub(crate) fn from_core_id(id: ControlId) -> Self {
2026-09-13T07:10:30.3779299Z     |                             ^^^^^^^^^^^^
2026-09-13T07:10:30.3779752Z ...
2026-09-13T07:10:30.3780070Z 170 | / opaque_control_ref!(
2026-09-13T07:10:30.3780491Z 171 | |     ConstitutedFactRef,
2026-09-13T07:10:30.3781310Z 172 | |     "Referencia a un hecho semántico constituido; no equivale a autoridad."
2026-09-13T07:10:30.3781961Z 173 | | );
2026-09-13T07:10:30.3782320Z     | |_- in this macro invocation
2026-09-13T07:10:30.3782766Z     |
2026-09-13T07:10:30.3783606Z     = note: this warning originates in the macro `opaque_control_ref` (in Nightly builds, run with -Z macro-backtrace for more info)
2026-09-13T07:10:30.3784455Z 
2026-09-13T07:10:30.3784717Z warning: associated function `from_core_id` is never used
2026-09-13T07:10:30.3785300Z    --> sv_core/src/control.rs:155:27
2026-09-13T07:10:30.3785742Z     |
2026-09-13T07:10:30.3786058Z 141 |           impl $name {
2026-09-13T07:10:30.3786580Z     |           ---------- associated function in this implementation
2026-09-13T07:10:30.3787142Z ...
2026-09-13T07:10:30.3787835Z 155 |               pub(crate) fn from_core_id(id: ControlId) -> Self {
2026-09-13T07:10:30.3788424Z     |                             ^^^^^^^^^^^^
2026-09-13T07:10:30.3789137Z ...
2026-09-13T07:10:30.3789462Z 174 | / opaque_control_ref!(
2026-09-13T07:10:30.3789860Z 175 | |     AuthorityRef,
2026-09-13T07:10:30.3790752Z 176 | |     "Referencia a autoridad constituida; su constructor no forma parte de la API pública."
2026-09-13T07:10:30.3791834Z 177 | | );
2026-09-13T07:10:30.3792203Z     | |_- in this macro invocation
2026-09-13T07:10:30.3792641Z     |
2026-09-13T07:10:30.3793589Z     = note: this warning originates in the macro `opaque_control_ref` (in Nightly builds, run with -Z macro-backtrace for more info)
2026-09-13T07:10:30.3794402Z 
2026-09-13T07:10:30.3794661Z warning: associated function `from_core_id` is never used
2026-09-13T07:10:30.3795228Z    --> sv_core/src/control.rs:155:27
2026-09-13T07:10:30.3795649Z     |
2026-09-13T07:10:30.3795956Z 141 |           impl $name {
2026-09-13T07:10:30.3796470Z     |           ---------- associated function in this implementation
2026-09-13T07:10:30.3796974Z ...
2026-09-13T07:10:30.3797243Z 155 |               pub(crate) fn from_core_id(id: ControlId) -> Self {
2026-09-13T07:10:30.3797597Z     |                             ^^^^^^^^^^^^
2026-09-13T07:10:30.3797871Z ...
2026-09-13T07:10:30.3798070Z 178 | / opaque_control_ref!(
2026-09-13T07:10:30.3798326Z 179 | |     EnablementRef,
2026-09-13T07:10:30.3799137Z 180 | |     "Referencia a una habilitación de autoridad ya existente; no amplía autoridad."
2026-09-13T07:10:30.3799578Z 181 | | );
2026-09-13T07:10:30.3799786Z     | |_- in this macro invocation
2026-09-13T07:10:30.3800032Z     |
2026-09-13T07:10:30.3800519Z     = note: this warning originates in the macro `opaque_control_ref` (in Nightly builds, run with -Z macro-backtrace for more info)
2026-09-13T07:10:30.3800998Z 
2026-09-13T07:10:30.3801148Z warning: associated function `from_core_id` is never used
2026-09-13T07:10:30.3801496Z    --> sv_core/src/control.rs:155:27
2026-09-13T07:10:30.3801756Z     |
2026-09-13T07:10:30.3801945Z 141 |           impl $name {
2026-09-13T07:10:30.3802236Z     |           ---------- associated function in this implementation
2026-09-13T07:10:30.3802568Z ...
2026-09-13T07:10:30.3802833Z 155 |               pub(crate) fn from_core_id(id: ControlId) -> Self {
2026-09-13T07:10:30.3803179Z     |                             ^^^^^^^^^^^^
2026-09-13T07:10:30.3803446Z ...
2026-09-13T07:10:30.3803637Z 186 | / opaque_control_ref!(
2026-09-13T07:10:30.3803870Z 187 | |     FormRef,
2026-09-13T07:10:30.3804219Z 188 | |     "Referencia a una forma de transición constituida."
2026-09-13T07:10:30.3804560Z 189 | | );
2026-09-13T07:10:30.3804769Z     | |_- in this macro invocation
2026-09-13T07:10:30.3805016Z     |
2026-09-13T07:10:30.3805499Z     = note: this warning originates in the macro `opaque_control_ref` (in Nightly builds, run with -Z macro-backtrace for more info)
2026-09-13T07:10:30.3805970Z 
2026-09-13T07:10:30.3806136Z warning: associated function `from_core_id` is never used
2026-09-13T07:10:30.3806488Z    --> sv_core/src/control.rs:155:27
2026-09-13T07:10:30.3806739Z     |
2026-09-13T07:10:30.3806925Z 141 |           impl $name {
2026-09-13T07:10:30.3807217Z     |           ---------- associated function in this implementation
2026-09-13T07:10:30.3807534Z ...
2026-09-13T07:10:30.3807791Z 155 |               pub(crate) fn from_core_id(id: ControlId) -> Self {
2026-09-13T07:10:30.3808135Z     |                             ^^^^^^^^^^^^
2026-09-13T07:10:30.3808394Z ...
2026-09-13T07:10:30.3808587Z 190 | / opaque_control_ref!(
2026-09-13T07:10:30.3809048Z 191 | |     EffectFamilyRef,
2026-09-13T07:10:30.3809469Z 192 | |     "Referencia a una familia de efectos fijada por constitución."
2026-09-13T07:10:30.3809847Z 193 | | );
2026-09-13T07:10:30.3810058Z     | |_- in this macro invocation
2026-09-13T07:10:30.3810309Z     |
2026-09-13T07:10:30.3810988Z     = note: this warning originates in the macro `opaque_control_ref` (in Nightly builds, run with -Z macro-backtrace for more info)
2026-09-13T07:10:30.3811489Z 
2026-09-13T07:10:30.3811649Z warning: associated function `from_core_id` is never used
2026-09-13T07:10:30.3811995Z    --> sv_core/src/control.rs:155:27
2026-09-13T07:10:30.3812254Z     |
2026-09-13T07:10:30.3812446Z 141 |           impl $name {
2026-09-13T07:10:30.3812746Z     |           ---------- associated function in this implementation
2026-09-13T07:10:30.3813192Z ...
2026-09-13T07:10:30.3813456Z 155 |               pub(crate) fn from_core_id(id: ControlId) -> Self {
2026-09-13T07:10:30.3813812Z     |                             ^^^^^^^^^^^^
2026-09-13T07:10:30.3814078Z ...
2026-09-13T07:10:30.3814268Z 194 | / opaque_control_ref!(
2026-09-13T07:10:30.3814513Z 195 | |     EffectRef,
2026-09-13T07:10:30.3814874Z 196 | |     "Referencia a un efecto concreto; identificarlo no equivale a autorizarlo."
2026-09-13T07:10:30.3815277Z 197 | | );
2026-09-13T07:10:30.3815484Z     | |_- in this macro invocation
2026-09-13T07:10:30.3815729Z     |
2026-09-13T07:10:30.3816231Z     = note: this warning originates in the macro `opaque_control_ref` (in Nightly builds, run with -Z macro-backtrace for more info)
2026-09-13T07:10:30.3816715Z 
2026-09-13T07:10:30.3816864Z warning: associated function `from_core_id` is never used
2026-09-13T07:10:30.3817206Z    --> sv_core/src/control.rs:155:27
2026-09-13T07:10:30.3817468Z     |
2026-09-13T07:10:30.3817661Z 141 |           impl $name {
2026-09-13T07:10:30.3817974Z     |           ---------- associated function in this implementation
2026-09-13T07:10:30.3818302Z ...
2026-09-13T07:10:30.3818562Z 155 |               pub(crate) fn from_core_id(id: ControlId) -> Self {
2026-09-13T07:10:30.3819148Z     |                             ^^^^^^^^^^^^
2026-09-13T07:10:30.3819411Z ...
2026-09-13T07:10:30.3819601Z 198 | / opaque_control_ref!(
2026-09-13T07:10:30.3819838Z 199 | |     ContextRef,
2026-09-13T07:10:30.3820184Z 200 | |     "Referencia a una ligadura de contexto relevante para autoridad o forma."
2026-09-13T07:10:30.3820588Z 201 | | );
2026-09-13T07:10:30.3820793Z     | |_- in this macro invocation
2026-09-13T07:10:30.3821045Z     |
2026-09-13T07:10:30.3821522Z     = note: this warning originates in the macro `opaque_control_ref` (in Nightly builds, run with -Z macro-backtrace for more info)
2026-09-13T07:10:30.3821993Z 
2026-09-13T07:10:30.3822146Z warning: associated function `from_core_id` is never used
2026-09-13T07:10:30.3822496Z    --> sv_core/src/control.rs:155:27
2026-09-13T07:10:30.3822750Z     |
2026-09-13T07:10:30.3822935Z 141 |           impl $name {
2026-09-13T07:10:30.3823228Z     |           ---------- associated function in this implementation
2026-09-13T07:10:30.3823550Z ...
2026-09-13T07:10:30.3823800Z 155 |               pub(crate) fn from_core_id(id: ControlId) -> Self {
2026-09-13T07:10:30.3824145Z     |                             ^^^^^^^^^^^^
2026-09-13T07:10:30.3824402Z ...
2026-09-13T07:10:30.3824587Z 202 | / opaque_control_ref!(
2026-09-13T07:10:30.3824829Z 203 | |     AuthorityHolderRef,
2026-09-13T07:10:30.3825326Z 204 | |     "Referencia al titular de una autoridad; no constituye autoridad por sí misma."
2026-09-13T07:10:30.3825741Z 205 | | );
2026-09-13T07:10:30.3825942Z     | |_- in this macro invocation
2026-09-13T07:10:30.3826186Z     |
2026-09-13T07:10:30.3826669Z     = note: this warning originates in the macro `opaque_control_ref` (in Nightly builds, run with -Z macro-backtrace for more info)
2026-09-13T07:10:30.3827156Z 
2026-09-13T07:10:30.3827308Z warning: associated function `from_core_id` is never used
2026-09-13T07:10:30.3827648Z    --> sv_core/src/control.rs:155:27
2026-09-13T07:10:30.3827900Z     |
2026-09-13T07:10:30.3828094Z 141 |           impl $name {
2026-09-13T07:10:30.3828400Z     |           ---------- associated function in this implementation
2026-09-13T07:10:30.3828912Z ...
2026-09-13T07:10:30.3829175Z 155 |               pub(crate) fn from_core_id(id: ControlId) -> Self {
2026-09-13T07:10:30.3829519Z     |                             ^^^^^^^^^^^^
2026-09-13T07:10:30.3829938Z ...
2026-09-13T07:10:30.3830130Z 206 | / opaque_control_ref!(
2026-09-13T07:10:30.3830374Z 207 | |     GovernedObjectRef,
2026-09-13T07:10:30.3830750Z 208 | |     "Referencia a un objeto candidato a pertenecer al dominio gobernado D_a."
2026-09-13T07:10:30.3831144Z 209 | | );
2026-09-13T07:10:30.3831344Z     | |_- in this macro invocation
2026-09-13T07:10:30.3831697Z     |
2026-09-13T07:10:30.3832172Z     = note: this warning originates in the macro `opaque_control_ref` (in Nightly builds, run with -Z macro-backtrace for more info)
2026-09-13T07:10:30.3832642Z 
2026-09-13T07:10:30.3832788Z warning: associated function `from_core_id` is never used
2026-09-13T07:10:30.3833118Z    --> sv_core/src/control.rs:155:27
2026-09-13T07:10:30.3833366Z     |
2026-09-13T07:10:30.3833550Z 141 |           impl $name {
2026-09-13T07:10:30.3833841Z     |           ---------- associated function in this implementation
2026-09-13T07:10:30.3834158Z ...
2026-09-13T07:10:30.3834418Z 155 |               pub(crate) fn from_core_id(id: ControlId) -> Self {
2026-09-13T07:10:30.3834759Z     |                             ^^^^^^^^^^^^
2026-09-13T07:10:30.3835013Z ...
2026-09-13T07:10:30.3835201Z 210 | / opaque_control_ref!(
2026-09-13T07:10:30.3835449Z 211 | |     AccumulationRuleRef,
2026-09-13T07:10:30.3835932Z 212 | |     "Referencia a una regla gobernada de acumulación o a un predicado de traza."
2026-09-13T07:10:30.3836353Z 213 | | );
2026-09-13T07:10:30.3836554Z     | |_- in this macro invocation
2026-09-13T07:10:30.3836795Z     |
2026-09-13T07:10:30.3837286Z     = note: this warning originates in the macro `opaque_control_ref` (in Nightly builds, run with -Z macro-backtrace for more info)
2026-09-13T07:10:30.3837762Z 
2026-09-13T07:10:30.3837913Z warning: associated function `from_core_id` is never used
2026-09-13T07:10:30.3838246Z    --> sv_core/src/control.rs:155:27
2026-09-13T07:10:30.3838496Z     |
2026-09-13T07:10:30.3838904Z 141 |           impl $name {
2026-09-13T07:10:30.3839218Z     |           ---------- associated function in this implementation
2026-09-13T07:10:30.3839534Z ...
2026-09-13T07:10:30.3839784Z 155 |               pub(crate) fn from_core_id(id: ControlId) -> Self {
2026-09-13T07:10:30.3840124Z     |                             ^^^^^^^^^^^^
2026-09-13T07:10:30.3840387Z ...
2026-09-13T07:10:30.3840576Z 214 | / opaque_control_ref!(
2026-09-13T07:10:30.3840811Z 215 | |     RequirementRef,
2026-09-13T07:10:30.3841297Z 216 | |     "Referencia a una obligación de Req; identificarla no acredita su cumplimiento."
2026-09-13T07:10:30.3841725Z 217 | | );
2026-09-13T07:10:30.3841925Z     | |_- in this macro invocation
2026-09-13T07:10:30.3842167Z     |
2026-09-13T07:10:30.3842638Z     = note: this warning originates in the macro `opaque_control_ref` (in Nightly builds, run with -Z macro-backtrace for more info)
2026-09-13T07:10:30.3843114Z 
2026-09-13T07:10:30.3843256Z warning: associated function `from_core_id` is never used
2026-09-13T07:10:30.3843589Z    --> sv_core/src/control.rs:155:27
2026-09-13T07:10:30.3843842Z     |
2026-09-13T07:10:30.3844035Z 141 |           impl $name {
2026-09-13T07:10:30.3844323Z     |           ---------- associated function in this implementation
2026-09-13T07:10:30.3844633Z ...
2026-09-13T07:10:30.3844877Z 155 |               pub(crate) fn from_core_id(id: ControlId) -> Self {
2026-09-13T07:10:30.3845211Z     |                             ^^^^^^^^^^^^
2026-09-13T07:10:30.3845471Z ...
2026-09-13T07:10:30.3845655Z 218 | / opaque_control_ref!(
2026-09-13T07:10:30.3845887Z 219 | |     VerifierRef,
2026-09-13T07:10:30.3846286Z 220 | |     "Referencia a un verificador concreto; su mera existencia no acredita aplicabilidad."
2026-09-13T07:10:30.3846734Z 221 | | );
2026-09-13T07:10:30.3846936Z     | |_- in this macro invocation
2026-09-13T07:10:30.3847175Z     |
2026-09-13T07:10:30.3847646Z     = note: this warning originates in the macro `opaque_control_ref` (in Nightly builds, run with -Z macro-backtrace for more info)
2026-09-13T07:10:30.3848114Z 
2026-09-13T07:10:30.3848404Z warning: associated function `from_core_id` is never used
2026-09-13T07:10:30.3848986Z    --> sv_core/src/control.rs:155:27
2026-09-13T07:10:30.3849241Z     |
2026-09-13T07:10:30.3849426Z 141 |           impl $name {
2026-09-13T07:10:30.3849713Z     |           ---------- associated function in this implementation
2026-09-13T07:10:30.3850031Z ...
2026-09-13T07:10:30.3850283Z 155 |               pub(crate) fn from_core_id(id: ControlId) -> Self {
2026-09-13T07:10:30.3850746Z     |                             ^^^^^^^^^^^^
2026-09-13T07:10:30.3850998Z ...
2026-09-13T07:10:30.3851181Z 222 | / opaque_control_ref!(
2026-09-13T07:10:30.3851424Z 223 | |     VerifierFamilyRef,
2026-09-13T07:10:30.3851886Z 224 | |     "Referencia a una familia de verificadores admisibles para una obligación."
2026-09-13T07:10:30.3852288Z 225 | | );
2026-09-13T07:10:30.3852488Z     | |_- in this macro invocation
2026-09-13T07:10:30.3852735Z     |
2026-09-13T07:10:30.3853217Z     = note: this warning originates in the macro `opaque_control_ref` (in Nightly builds, run with -Z macro-backtrace for more info)
2026-09-13T07:10:30.3853689Z 
2026-09-13T07:10:30.3853839Z warning: associated function `from_core_id` is never used
2026-09-13T07:10:30.3854171Z    --> sv_core/src/control.rs:155:27
2026-09-13T07:10:30.3854424Z     |
2026-09-13T07:10:30.3854608Z 141 |           impl $name {
2026-09-13T07:10:30.3854893Z     |           ---------- associated function in this implementation
2026-09-13T07:10:30.3855212Z ...
2026-09-13T07:10:30.3855465Z 155 |               pub(crate) fn from_core_id(id: ControlId) -> Self {
2026-09-13T07:10:30.3855801Z     |                             ^^^^^^^^^^^^
2026-09-13T07:10:30.3856052Z ...
2026-09-13T07:10:30.3856244Z 226 | / opaque_control_ref!(
2026-09-13T07:10:30.3856499Z 227 | |     ApplicabilityRuleRef,
2026-09-13T07:10:30.3856998Z 228 | |     "Referencia a una regla previamente constituida de aplicabilidad de comprobación."
2026-09-13T07:10:30.3857428Z 229 | | );
2026-09-13T07:10:30.3857630Z     | |_- in this macro invocation
2026-09-13T07:10:30.3857878Z     |
2026-09-13T07:10:30.3858353Z     = note: this warning originates in the macro `opaque_control_ref` (in Nightly builds, run with -Z macro-backtrace for more info)
2026-09-13T07:10:30.3859082Z 
2026-09-13T07:10:30.3859232Z warning: associated function `from_core_id` is never used
2026-09-13T07:10:30.3859568Z    --> sv_core/src/control.rs:155:27
2026-09-13T07:10:30.3859827Z     |
2026-09-13T07:10:30.3860021Z 141 |           impl $name {
2026-09-13T07:10:30.3860309Z     |           ---------- associated function in this implementation
2026-09-13T07:10:30.3860623Z ...
2026-09-13T07:10:30.3860872Z 155 |               pub(crate) fn from_core_id(id: ControlId) -> Self {
2026-09-13T07:10:30.3861205Z     |                             ^^^^^^^^^^^^
2026-09-13T07:10:30.3861459Z ...
2026-09-13T07:10:30.3861647Z 230 | / opaque_control_ref!(
2026-09-13T07:10:30.3861902Z 231 | |     ConflictResolutionRuleRef,
2026-09-13T07:10:30.3862495Z 232 | |     "Referencia a una regla previamente constituida de resolución de conflicto entre comprobaciones."
2026-09-13T07:10:30.3862983Z 233 | | );
2026-09-13T07:10:30.3863188Z     | |_- in this macro invocation
2026-09-13T07:10:30.3863429Z     |
2026-09-13T07:10:30.3863904Z     = note: this warning originates in the macro `opaque_control_ref` (in Nightly builds, run with -Z macro-backtrace for more info)
2026-09-13T07:10:30.3864375Z 
2026-09-13T07:10:30.3864527Z warning: associated function `from_core_id` is never used
2026-09-13T07:10:30.3864858Z    --> sv_core/src/control.rs:155:27
2026-09-13T07:10:30.3865108Z     |
2026-09-13T07:10:30.3865293Z 141 |           impl $name {
2026-09-13T07:10:30.3865580Z     |           ---------- associated function in this implementation
2026-09-13T07:10:30.3865894Z ...
2026-09-13T07:10:30.3866142Z 155 |               pub(crate) fn from_core_id(id: ControlId) -> Self {
2026-09-13T07:10:30.3866500Z     |                             ^^^^^^^^^^^^
2026-09-13T07:10:30.3866755Z ...
2026-09-13T07:10:30.3866942Z 234 | / opaque_control_ref!(
2026-09-13T07:10:30.3867311Z 235 | |     CoverageRuleRef,
2026-09-13T07:10:30.3867753Z 236 | |     "Referencia a una regla previamente constituida de cobertura de comprobaciones exigibles."
2026-09-13T07:10:30.3868219Z 237 | | );
2026-09-13T07:10:30.3868426Z     | |_- in this macro invocation
2026-09-13T07:10:30.3868877Z     |
2026-09-13T07:10:30.3869370Z     = note: this warning originates in the macro `opaque_control_ref` (in Nightly builds, run with -Z macro-backtrace for more info)
2026-09-13T07:10:30.3869976Z 
2026-09-13T07:10:30.3870135Z warning: associated function `from_core_id` is never used
2026-09-13T07:10:30.3870474Z    --> sv_core/src/control.rs:155:27
2026-09-13T07:10:30.3870724Z     |
2026-09-13T07:10:30.3870940Z 141 |           impl $name {
2026-09-13T07:10:30.3871232Z     |           ---------- associated function in this implementation
2026-09-13T07:10:30.3871553Z ...
2026-09-13T07:10:30.3871802Z 155 |               pub(crate) fn from_core_id(id: ControlId) -> Self {
2026-09-13T07:10:30.3872149Z     |                             ^^^^^^^^^^^^
2026-09-13T07:10:30.3872404Z ...
2026-09-13T07:10:30.3872589Z 238 | / opaque_control_ref!(
2026-09-13T07:10:30.3872825Z 239 | |     ReuseRuleRef,
2026-09-13T07:10:30.3873362Z 240 | |     "Referencia a una regla previamente constituida de reutilización de resultados cualificados."
2026-09-13T07:10:30.3873826Z 241 | | );
2026-09-13T07:10:30.3874033Z     | |_- in this macro invocation
2026-09-13T07:10:30.3874277Z     |
2026-09-13T07:10:30.3874745Z     = note: this warning originates in the macro `opaque_control_ref` (in Nightly builds, run with -Z macro-backtrace for more info)
2026-09-13T07:10:30.3875219Z 
2026-09-13T07:10:30.3875363Z warning: associated function `from_core_id` is never used
2026-09-13T07:10:30.3875696Z    --> sv_core/src/control.rs:155:27
2026-09-13T07:10:30.3875947Z     |
2026-09-13T07:10:30.3876132Z 141 |           impl $name {
2026-09-13T07:10:30.3876428Z     |           ---------- associated function in this implementation
2026-09-13T07:10:30.3876747Z ...
2026-09-13T07:10:30.3877000Z 155 |               pub(crate) fn from_core_id(id: ControlId) -> Self {
2026-09-13T07:10:30.3877339Z     |                             ^^^^^^^^^^^^
2026-09-13T07:10:30.3877592Z ...
2026-09-13T07:10:30.3877776Z 242 | / opaque_control_ref!(
2026-09-13T07:10:30.3878020Z 243 | |     ReuseBindingKeyRef,
2026-09-13T07:10:30.3878823Z 244 | |     "Referencia a una dimensión constituida cuya continuidad puede ser exigible para reutilizar un resultado."
2026-09-13T07:10:30.3879418Z 245 | | );
2026-09-13T07:10:30.3879620Z     | |_- in this macro invocation
2026-09-13T07:10:30.3879869Z     |
2026-09-13T07:10:30.3880357Z     = note: this warning originates in the macro `opaque_control_ref` (in Nightly builds, run with -Z macro-backtrace for more info)
2026-09-13T07:10:30.3880832Z 
2026-09-13T07:10:30.3880987Z warning: associated function `from_core_id` is never used
2026-09-13T07:10:30.3881328Z    --> sv_core/src/control.rs:155:27
2026-09-13T07:10:30.3881579Z     |
2026-09-13T07:10:30.3881775Z 141 |           impl $name {
2026-09-13T07:10:30.3882065Z     |           ---------- associated function in this implementation
2026-09-13T07:10:30.3882382Z ...
2026-09-13T07:10:30.3882634Z 155 |               pub(crate) fn from_core_id(id: ControlId) -> Self {
2026-09-13T07:10:30.3882975Z     |                             ^^^^^^^^^^^^
2026-09-13T07:10:30.3883249Z ...
2026-09-13T07:10:30.3883434Z 246 | / opaque_control_ref!(
2026-09-13T07:10:30.3883676Z 247 | |     ReuseBindingValueRef,
2026-09-13T07:10:30.3884270Z 248 | |     "Referencia al valor constituido de una dimensión de reutilización; identificarlo no acredita su vigencia."
2026-09-13T07:10:30.3884777Z 249 | | );
2026-09-13T07:10:30.3884975Z     | |_- in this macro invocation
2026-09-13T07:10:30.3885217Z     |
2026-09-13T07:10:30.3885685Z     = note: this warning originates in the macro `opaque_control_ref` (in Nightly builds, run with -Z macro-backtrace for more info)
2026-09-13T07:10:30.3886158Z 
2026-09-13T07:10:30.3886416Z warning: constant `PROFILE_ID` is never used
2026-09-13T07:10:30.3886745Z  --> sv_core/src/identifier_profile.rs:6:18
2026-09-13T07:10:30.3887019Z   |
2026-09-13T07:10:30.3887293Z 6 | pub(crate) const PROFILE_ID: &str = "svp-grammar-0.2-lex-es-1";
2026-09-13T07:10:30.3887653Z   |                  ^^^^^^^^^^
2026-09-13T07:10:30.3887803Z 
2026-09-13T07:10:30.3887936Z warning: function `is_reserved_word` is never used
2026-09-13T07:10:30.3888382Z   --> sv_core/src/identifier_profile.rs:22:15
2026-09-13T07:10:30.3888929Z    |
2026-09-13T07:10:30.3889205Z 22 | pub(crate) fn is_reserved_word(word: &str) -> bool {
2026-09-13T07:10:30.3889528Z    |               ^^^^^^^^^^^^^^^^
2026-09-13T07:10:30.3889694Z 
2026-09-13T07:10:30.3889824Z warning: method `matches_descriptor` is never used
2026-09-13T07:10:30.3890170Z    --> sv_core/src/requirements_reuse.rs:121:19
2026-09-13T07:10:30.3890453Z     |
2026-09-13T07:10:30.3890645Z  44 | impl ReuseRule {
2026-09-13T07:10:30.3890908Z     | -------------- method in this implementation
2026-09-13T07:10:30.3891190Z ...
2026-09-13T07:10:30.3891548Z 121 |     pub(crate) fn matches_descriptor(&self, descriptor: &RequirementDescriptor) -> bool {
2026-09-13T07:10:30.3892000Z     |                   ^^^^^^^^^^^^^^^^^^
2026-09-13T07:10:30.3892179Z 
2026-09-13T07:10:30.3892349Z warning: hiding a lifetime that's elided elsewhere is confusing
2026-09-13T07:10:30.3892725Z     --> sv_core/src/frontend.rs:2084:13
2026-09-13T07:10:30.3893002Z      |
2026-09-13T07:10:30.3893202Z 2084 |     fn peek(&self) -> &Token {
2026-09-13T07:10:30.3893459Z      |             ^^^^^     ^^^^^^
2026-09-13T07:10:30.3893698Z      |             |         ||
2026-09-13T07:10:30.3893967Z      |             |         |the same lifetime is hidden here
2026-09-13T07:10:30.3894302Z      |             |         the same lifetime is elided here
2026-09-13T07:10:30.3894620Z      |             the lifetime is elided here
2026-09-13T07:10:30.3894885Z      |
2026-09-13T07:10:30.3895257Z      = help: the same lifetime is referred to in inconsistent ways, making the signature confusing
2026-09-13T07:10:30.3895775Z      = note: `#[warn(mismatched_lifetime_syntaxes)]` on by default
2026-09-13T07:10:30.3896132Z help: use `'_` for type paths
2026-09-13T07:10:30.3896368Z      |
2026-09-13T07:10:30.3896582Z 2084 |     fn peek(&self) -> &Token<'_> {
2026-09-13T07:10:30.3896854Z      |                             ++++
2026-09-13T07:10:30.3897027Z 
2026-09-13T07:10:30.3897320Z warning: `sv_core` (lib) generated 25 warnings (run `cargo fix --lib -p sv_core` to apply 1 suggestion)
2026-09-13T07:10:30.3898055Z    Compiling sv_core v0.1.0 (/home/runner/work/SV-lenguaje-de-computacion/SV-lenguaje-de-computacion/rust/sv_core)
2026-09-13T07:10:30.9956143Z     Finished `release` profile [optimized] target(s) in 0.63s
2026-09-13T07:10:31.0143889Z warning: associated function `from_core_id` is never used
2026-09-13T07:10:31.0144552Z    --> sv_core/src/control.rs:155:27
2026-09-13T07:10:31.0145008Z     |
2026-09-13T07:10:31.0145358Z 141 |           impl $name {
2026-09-13T07:10:31.0145883Z     |           ---------- associated function in this implementation
2026-09-13T07:10:31.0146418Z ...
2026-09-13T07:10:31.0146852Z 155 |               pub(crate) fn from_core_id(id: ControlId) -> Self {
2026-09-13T07:10:31.0147439Z     |                             ^^^^^^^^^^^^
2026-09-13T07:10:31.0147876Z ...
2026-09-13T07:10:31.0148204Z 162 | / opaque_control_ref!(
2026-09-13T07:10:31.0148620Z 163 | |     InformationRef,
2026-09-13T07:10:31.0149760Z 164 | |     "Referencia nominal a información dentro del dominio de control."
2026-09-13T07:10:31.0150400Z 165 | | );
2026-09-13T07:10:31.0150743Z     | |_- in this macro invocation
2026-09-13T07:10:31.0151147Z     |
2026-09-13T07:10:31.0151601Z     = note: `#[warn(dead_code)]` (part of `#[warn(unused)]`) on by default
2026-09-13T07:10:31.0152702Z     = note: this warning originates in the macro `opaque_control_ref` (in Nightly builds, run with -Z macro-backtrace for more info)
2026-09-13T07:10:31.0153525Z 
2026-09-13T07:10:31.0154010Z warning: associated function `from_core_id` is never used
2026-09-13T07:10:31.0154593Z    --> sv_core/src/control.rs:155:27
2026-09-13T07:10:31.0155015Z     |
2026-09-13T07:10:31.0155322Z 141 |           impl $name {
2026-09-13T07:10:31.0155818Z     |           ---------- associated function in this implementation
2026-09-13T07:10:31.0156355Z ...
2026-09-13T07:10:31.0156953Z 155 |               pub(crate) fn from_core_id(id: ControlId) -> Self {
2026-09-13T07:10:31.0157540Z     |                             ^^^^^^^^^^^^
2026-09-13T07:10:31.0157965Z ...
2026-09-13T07:10:31.0158282Z 166 | / opaque_control_ref!(
2026-09-13T07:10:31.0158939Z 167 | |     AdmittedEvidenceRef,
2026-09-13T07:10:31.0159873Z 168 | |     "Referencia a evidencia cuya admisión debe proceder de una verificación gobernada."
2026-09-13T07:10:31.0160638Z 169 | | );
2026-09-13T07:10:31.0160972Z     | |_- in this macro invocation
2026-09-13T07:10:31.0161385Z     |
2026-09-13T07:10:31.0162230Z     = note: this warning originates in the macro `opaque_control_ref` (in Nightly builds, run with -Z macro-backtrace for more info)
2026-09-13T07:10:31.0163062Z 
2026-09-13T07:10:31.0163403Z warning: associated function `from_core_id` is never used
2026-09-13T07:10:31.0163982Z    --> sv_core/src/control.rs:155:27
2026-09-13T07:10:31.0164405Z     |
2026-09-13T07:10:31.0164721Z 141 |           impl $name {
2026-09-13T07:10:31.0165268Z     |           ---------- associated function in this implementation
2026-09-13T07:10:31.0165676Z ...
2026-09-13T07:10:31.0165936Z 155 |               pub(crate) fn from_core_id(id: ControlId) -> Self {
2026-09-13T07:10:31.0166429Z     |                             ^^^^^^^^^^^^
2026-09-13T07:10:31.0166701Z ...
2026-09-13T07:10:31.0166893Z 170 | / opaque_control_ref!(
2026-09-13T07:10:31.0167137Z 171 | |     ConstitutedFactRef,
2026-09-13T07:10:31.0167626Z 172 | |     "Referencia a un hecho semántico constituido; no equivale a autoridad."
2026-09-13T07:10:31.0168027Z 173 | | );
2026-09-13T07:10:31.0168240Z     | |_- in this macro invocation
2026-09-13T07:10:31.0168477Z     |
2026-09-13T07:10:31.0169226Z     = note: this warning originates in the macro `opaque_control_ref` (in Nightly builds, run with -Z macro-backtrace for more info)
2026-09-13T07:10:31.0169719Z 
2026-09-13T07:10:31.0169874Z warning: associated function `from_core_id` is never used
2026-09-13T07:10:31.0170217Z    --> sv_core/src/control.rs:155:27
2026-09-13T07:10:31.0170484Z     |
2026-09-13T07:10:31.0170672Z 141 |           impl $name {
2026-09-13T07:10:31.0170962Z     |           ---------- associated function in this implementation
2026-09-13T07:10:31.0171272Z ...
2026-09-13T07:10:31.0171521Z 155 |               pub(crate) fn from_core_id(id: ControlId) -> Self {
2026-09-13T07:10:31.0171855Z     |                             ^^^^^^^^^^^^
2026-09-13T07:10:31.0172120Z ...
2026-09-13T07:10:31.0172309Z 174 | / opaque_control_ref!(
2026-09-13T07:10:31.0172548Z 175 | |     AuthorityRef,
2026-09-13T07:10:31.0173047Z 176 | |     "Referencia a autoridad constituida; su constructor no forma parte de la API pública."
2026-09-13T07:10:31.0173499Z 177 | | );
2026-09-13T07:10:31.0173699Z     | |_- in this macro invocation
2026-09-13T07:10:31.0173940Z     |
2026-09-13T07:10:31.0174415Z     = note: this warning originates in the macro `opaque_control_ref` (in Nightly builds, run with -Z macro-backtrace for more info)
2026-09-13T07:10:31.0174909Z 
2026-09-13T07:10:31.0175066Z warning: associated function `from_core_id` is never used
2026-09-13T07:10:31.0175415Z    --> sv_core/src/control.rs:155:27
2026-09-13T07:10:31.0175669Z     |
2026-09-13T07:10:31.0175859Z 141 |           impl $name {
2026-09-13T07:10:31.0176158Z     |           ---------- associated function in this implementation
2026-09-13T07:10:31.0176473Z ...
2026-09-13T07:10:31.0176728Z 155 |               pub(crate) fn from_core_id(id: ControlId) -> Self {
2026-09-13T07:10:31.0177069Z     |                             ^^^^^^^^^^^^
2026-09-13T07:10:31.0177324Z ...
2026-09-13T07:10:31.0177682Z 178 | / opaque_control_ref!(
2026-09-13T07:10:31.0177938Z 179 | |     EnablementRef,
2026-09-13T07:10:31.0178418Z 180 | |     "Referencia a una habilitación de autoridad ya existente; no amplía autoridad."
2026-09-13T07:10:31.0179092Z 181 | | );
2026-09-13T07:10:31.0179300Z     | |_- in this macro invocation
2026-09-13T07:10:31.0179542Z     |
2026-09-13T07:10:31.0180016Z     = note: this warning originates in the macro `opaque_control_ref` (in Nightly builds, run with -Z macro-backtrace for more info)
2026-09-13T07:10:31.0180626Z 
2026-09-13T07:10:31.0180778Z warning: associated function `from_core_id` is never used
2026-09-13T07:10:31.0181119Z    --> sv_core/src/control.rs:155:27
2026-09-13T07:10:31.0181364Z     |
2026-09-13T07:10:31.0181546Z 141 |           impl $name {
2026-09-13T07:10:31.0181829Z     |           ---------- associated function in this implementation
2026-09-13T07:10:31.0182140Z ...
2026-09-13T07:10:31.0182386Z 155 |               pub(crate) fn from_core_id(id: ControlId) -> Self {
2026-09-13T07:10:31.0182730Z     |                             ^^^^^^^^^^^^
2026-09-13T07:10:31.0182986Z ...
2026-09-13T07:10:31.0183171Z 186 | / opaque_control_ref!(
2026-09-13T07:10:31.0183406Z 187 | |     FormRef,
2026-09-13T07:10:31.0183747Z 188 | |     "Referencia a una forma de transición constituida."
2026-09-13T07:10:31.0184067Z 189 | | );
2026-09-13T07:10:31.0184268Z     | |_- in this macro invocation
2026-09-13T07:10:31.0184513Z     |
2026-09-13T07:10:31.0184975Z     = note: this warning originates in the macro `opaque_control_ref` (in Nightly builds, run with -Z macro-backtrace for more info)
2026-09-13T07:10:31.0185452Z 
2026-09-13T07:10:31.0185595Z warning: associated function `from_core_id` is never used
2026-09-13T07:10:31.0185928Z    --> sv_core/src/control.rs:155:27
2026-09-13T07:10:31.0186175Z     |
2026-09-13T07:10:31.0186383Z 141 |           impl $name {
2026-09-13T07:10:31.0186667Z     |           ---------- associated function in this implementation
2026-09-13T07:10:31.0186974Z ...
2026-09-13T07:10:31.0187226Z 155 |               pub(crate) fn from_core_id(id: ControlId) -> Self {
2026-09-13T07:10:31.0187562Z     |                             ^^^^^^^^^^^^
2026-09-13T07:10:31.0187811Z ...
2026-09-13T07:10:31.0187997Z 190 | / opaque_control_ref!(
2026-09-13T07:10:31.0188240Z 191 | |     EffectFamilyRef,
2026-09-13T07:10:31.0188828Z 192 | |     "Referencia a una familia de efectos fijada por constitución."
2026-09-13T07:10:31.0189219Z 193 | | );
2026-09-13T07:10:31.0189419Z     | |_- in this macro invocation
2026-09-13T07:10:31.0189657Z     |
2026-09-13T07:10:31.0190126Z     = note: this warning originates in the macro `opaque_control_ref` (in Nightly builds, run with -Z macro-backtrace for more info)
2026-09-13T07:10:31.0190600Z 
2026-09-13T07:10:31.0190745Z warning: associated function `from_core_id` is never used
2026-09-13T07:10:31.0191073Z    --> sv_core/src/control.rs:155:27
2026-09-13T07:10:31.0191323Z     |
2026-09-13T07:10:31.0191504Z 141 |           impl $name {
2026-09-13T07:10:31.0191818Z     |           ---------- associated function in this implementation
2026-09-13T07:10:31.0192130Z ...
2026-09-13T07:10:31.0192377Z 155 |               pub(crate) fn from_core_id(id: ControlId) -> Self {
2026-09-13T07:10:31.0192714Z     |                             ^^^^^^^^^^^^
2026-09-13T07:10:31.0192968Z ...
2026-09-13T07:10:31.0193153Z 194 | / opaque_control_ref!(
2026-09-13T07:10:31.0193405Z 195 | |     EffectRef,
2026-09-13T07:10:31.0193750Z 196 | |     "Referencia a un efecto concreto; identificarlo no equivale a autorizarlo."
2026-09-13T07:10:31.0194145Z 197 | | );
2026-09-13T07:10:31.0194348Z     | |_- in this macro invocation
2026-09-13T07:10:31.0194590Z     |
2026-09-13T07:10:31.0195059Z     = note: this warning originates in the macro `opaque_control_ref` (in Nightly builds, run with -Z macro-backtrace for more info)
2026-09-13T07:10:31.0195526Z 
2026-09-13T07:10:31.0195680Z warning: associated function `from_core_id` is never used
2026-09-13T07:10:31.0196013Z    --> sv_core/src/control.rs:155:27
2026-09-13T07:10:31.0196389Z     |
2026-09-13T07:10:31.0196576Z 141 |           impl $name {
2026-09-13T07:10:31.0196864Z     |           ---------- associated function in this implementation
2026-09-13T07:10:31.0197174Z ...
2026-09-13T07:10:31.0197421Z 155 |               pub(crate) fn from_core_id(id: ControlId) -> Self {
2026-09-13T07:10:31.0197773Z     |                             ^^^^^^^^^^^^
2026-09-13T07:10:31.0198158Z ...
2026-09-13T07:10:31.0198342Z 198 | / opaque_control_ref!(
2026-09-13T07:10:31.0198579Z 199 | |     ContextRef,
2026-09-13T07:10:31.0199150Z 200 | |     "Referencia a una ligadura de contexto relevante para autoridad o forma."
2026-09-13T07:10:31.0199547Z 201 | | );
2026-09-13T07:10:31.0199749Z     | |_- in this macro invocation
2026-09-13T07:10:31.0199994Z     |
2026-09-13T07:10:31.0200464Z     = note: this warning originates in the macro `opaque_control_ref` (in Nightly builds, run with -Z macro-backtrace for more info)
2026-09-13T07:10:31.0200938Z 
2026-09-13T07:10:31.0201092Z warning: associated function `from_core_id` is never used
2026-09-13T07:10:31.0201430Z    --> sv_core/src/control.rs:155:27
2026-09-13T07:10:31.0201676Z     |
2026-09-13T07:10:31.0201860Z 141 |           impl $name {
2026-09-13T07:10:31.0202147Z     |           ---------- associated function in this implementation
2026-09-13T07:10:31.0202461Z ...
2026-09-13T07:10:31.0202715Z 155 |               pub(crate) fn from_core_id(id: ControlId) -> Self {
2026-09-13T07:10:31.0203066Z     |                             ^^^^^^^^^^^^
2026-09-13T07:10:31.0203318Z ...
2026-09-13T07:10:31.0203501Z 202 | / opaque_control_ref!(
2026-09-13T07:10:31.0203739Z 203 | |     AuthorityHolderRef,
2026-09-13T07:10:31.0204229Z 204 | |     "Referencia al titular de una autoridad; no constituye autoridad por sí misma."
2026-09-13T07:10:31.0204649Z 205 | | );
2026-09-13T07:10:31.0204844Z     | |_- in this macro invocation
2026-09-13T07:10:31.0205082Z     |
2026-09-13T07:10:31.0205557Z     = note: this warning originates in the macro `opaque_control_ref` (in Nightly builds, run with -Z macro-backtrace for more info)
2026-09-13T07:10:31.0206023Z 
2026-09-13T07:10:31.0206173Z warning: associated function `from_core_id` is never used
2026-09-13T07:10:31.0206501Z    --> sv_core/src/control.rs:155:27
2026-09-13T07:10:31.0206747Z     |
2026-09-13T07:10:31.0206926Z 141 |           impl $name {
2026-09-13T07:10:31.0207211Z     |           ---------- associated function in this implementation
2026-09-13T07:10:31.0207553Z ...
2026-09-13T07:10:31.0207796Z 155 |               pub(crate) fn from_core_id(id: ControlId) -> Self {
2026-09-13T07:10:31.0208137Z     |                             ^^^^^^^^^^^^
2026-09-13T07:10:31.0208390Z ...
2026-09-13T07:10:31.0208573Z 206 | / opaque_control_ref!(
2026-09-13T07:10:31.0209058Z 207 | |     GovernedObjectRef,
2026-09-13T07:10:31.0209433Z 208 | |     "Referencia a un objeto candidato a pertenecer al dominio gobernado D_a."
2026-09-13T07:10:31.0209821Z 209 | | );
2026-09-13T07:10:31.0210018Z     | |_- in this macro invocation
2026-09-13T07:10:31.0210258Z     |
2026-09-13T07:10:31.0210720Z     = note: this warning originates in the macro `opaque_control_ref` (in Nightly builds, run with -Z macro-backtrace for more info)
2026-09-13T07:10:31.0211192Z 
2026-09-13T07:10:31.0211339Z warning: associated function `from_core_id` is never used
2026-09-13T07:10:31.0211667Z    --> sv_core/src/control.rs:155:27
2026-09-13T07:10:31.0211916Z     |
2026-09-13T07:10:31.0212105Z 141 |           impl $name {
2026-09-13T07:10:31.0212390Z     |           ---------- associated function in this implementation
2026-09-13T07:10:31.0212699Z ...
2026-09-13T07:10:31.0212940Z 155 |               pub(crate) fn from_core_id(id: ControlId) -> Self {
2026-09-13T07:10:31.0213270Z     |                             ^^^^^^^^^^^^
2026-09-13T07:10:31.0213528Z ...
2026-09-13T07:10:31.0213716Z 210 | / opaque_control_ref!(
2026-09-13T07:10:31.0213959Z 211 | |     AccumulationRuleRef,
2026-09-13T07:10:31.0214574Z 212 | |     "Referencia a una regla gobernada de acumulación o a un predicado de traza."
2026-09-13T07:10:31.0214981Z 213 | | );
2026-09-13T07:10:31.0215182Z     | |_- in this macro invocation
2026-09-13T07:10:31.0215424Z     |
2026-09-13T07:10:31.0215896Z     = note: this warning originates in the macro `opaque_control_ref` (in Nightly builds, run with -Z macro-backtrace for more info)
2026-09-13T07:10:31.0216362Z 
2026-09-13T07:10:31.0216509Z warning: associated function `from_core_id` is never used
2026-09-13T07:10:31.0216952Z    --> sv_core/src/control.rs:155:27
2026-09-13T07:10:31.0217199Z     |
2026-09-13T07:10:31.0217391Z 141 |           impl $name {
2026-09-13T07:10:31.0217677Z     |           ---------- associated function in this implementation
2026-09-13T07:10:31.0217989Z ...
2026-09-13T07:10:31.0218236Z 155 |               pub(crate) fn from_core_id(id: ControlId) -> Self {
2026-09-13T07:10:31.0218586Z     |                             ^^^^^^^^^^^^
2026-09-13T07:10:31.0219104Z ...
2026-09-13T07:10:31.0219298Z 214 | / opaque_control_ref!(
2026-09-13T07:10:31.0219543Z 215 | |     RequirementRef,
2026-09-13T07:10:31.0220023Z 216 | |     "Referencia a una obligación de Req; identificarla no acredita su cumplimiento."
2026-09-13T07:10:31.0220443Z 217 | | );
2026-09-13T07:10:31.0220647Z     | |_- in this macro invocation
2026-09-13T07:10:31.0220890Z     |
2026-09-13T07:10:31.0221360Z     = note: this warning originates in the macro `opaque_control_ref` (in Nightly builds, run with -Z macro-backtrace for more info)
2026-09-13T07:10:31.0221836Z 
2026-09-13T07:10:31.0221995Z warning: associated function `from_core_id` is never used
2026-09-13T07:10:31.0222338Z    --> sv_core/src/control.rs:155:27
2026-09-13T07:10:31.0222596Z     |
2026-09-13T07:10:31.0222785Z 141 |           impl $name {
2026-09-13T07:10:31.0223077Z     |           ---------- associated function in this implementation
2026-09-13T07:10:31.0223395Z ...
2026-09-13T07:10:31.0223645Z 155 |               pub(crate) fn from_core_id(id: ControlId) -> Self {
2026-09-13T07:10:31.0223992Z     |                             ^^^^^^^^^^^^
2026-09-13T07:10:31.0224248Z ...
2026-09-13T07:10:31.0224434Z 218 | / opaque_control_ref!(
2026-09-13T07:10:31.0224669Z 219 | |     VerifierRef,
2026-09-13T07:10:31.0225066Z 220 | |     "Referencia a un verificador concreto; su mera existencia no acredita aplicabilidad."
2026-09-13T07:10:31.0225501Z 221 | | );
2026-09-13T07:10:31.0225703Z     | |_- in this macro invocation
2026-09-13T07:10:31.0225956Z     |
2026-09-13T07:10:31.0226429Z     = note: this warning originates in the macro `opaque_control_ref` (in Nightly builds, run with -Z macro-backtrace for more info)
2026-09-13T07:10:31.0226899Z 
2026-09-13T07:10:31.0227050Z warning: associated function `from_core_id` is never used
2026-09-13T07:10:31.0227385Z    --> sv_core/src/control.rs:155:27
2026-09-13T07:10:31.0227640Z     |
2026-09-13T07:10:31.0227827Z 141 |           impl $name {
2026-09-13T07:10:31.0228126Z     |           ---------- associated function in this implementation
2026-09-13T07:10:31.0228443Z ...
2026-09-13T07:10:31.0228935Z 155 |               pub(crate) fn from_core_id(id: ControlId) -> Self {
2026-09-13T07:10:31.0229296Z     |                             ^^^^^^^^^^^^
2026-09-13T07:10:31.0229558Z ...
2026-09-13T07:10:31.0229745Z 222 | / opaque_control_ref!(
2026-09-13T07:10:31.0229988Z 223 | |     VerifierFamilyRef,
2026-09-13T07:10:31.0230447Z 224 | |     "Referencia a una familia de verificadores admisibles para una obligación."
2026-09-13T07:10:31.0230859Z 225 | | );
2026-09-13T07:10:31.0231091Z     | |_- in this macro invocation
2026-09-13T07:10:31.0231328Z     |
2026-09-13T07:10:31.0231792Z     = note: this warning originates in the macro `opaque_control_ref` (in Nightly builds, run with -Z macro-backtrace for more info)
2026-09-13T07:10:31.0232260Z 
2026-09-13T07:10:31.0232404Z warning: associated function `from_core_id` is never used
2026-09-13T07:10:31.0232732Z    --> sv_core/src/control.rs:155:27
2026-09-13T07:10:31.0232988Z     |
2026-09-13T07:10:31.0233172Z 141 |           impl $name {
2026-09-13T07:10:31.0233607Z     |           ---------- associated function in this implementation
2026-09-13T07:10:31.0233931Z ...
2026-09-13T07:10:31.0234177Z 155 |               pub(crate) fn from_core_id(id: ControlId) -> Self {
2026-09-13T07:10:31.0234511Z     |                             ^^^^^^^^^^^^
2026-09-13T07:10:31.0234764Z ...
2026-09-13T07:10:31.0234948Z 226 | / opaque_control_ref!(
2026-09-13T07:10:31.0235306Z 227 | |     ApplicabilityRuleRef,
2026-09-13T07:10:31.0235800Z 228 | |     "Referencia a una regla previamente constituida de aplicabilidad de comprobación."
2026-09-13T07:10:31.0236234Z 229 | | );
2026-09-13T07:10:31.0236442Z     | |_- in this macro invocation
2026-09-13T07:10:31.0236684Z     |
2026-09-13T07:10:31.0237157Z     = note: this warning originates in the macro `opaque_control_ref` (in Nightly builds, run with -Z macro-backtrace for more info)
2026-09-13T07:10:31.0237620Z 
2026-09-13T07:10:31.0237770Z warning: associated function `from_core_id` is never used
2026-09-13T07:10:31.0238112Z    --> sv_core/src/control.rs:155:27
2026-09-13T07:10:31.0238369Z     |
2026-09-13T07:10:31.0238552Z 141 |           impl $name {
2026-09-13T07:10:31.0238981Z     |           ---------- associated function in this implementation
2026-09-13T07:10:31.0239291Z ...
2026-09-13T07:10:31.0239538Z 155 |               pub(crate) fn from_core_id(id: ControlId) -> Self {
2026-09-13T07:10:31.0239883Z     |                             ^^^^^^^^^^^^
2026-09-13T07:10:31.0240154Z ...
2026-09-13T07:10:31.0240339Z 230 | / opaque_control_ref!(
2026-09-13T07:10:31.0240588Z 231 | |     ConflictResolutionRuleRef,
2026-09-13T07:10:31.0241159Z 232 | |     "Referencia a una regla previamente constituida de resolución de conflicto entre comprobaciones."
2026-09-13T07:10:31.0241639Z 233 | | );
2026-09-13T07:10:31.0241833Z     | |_- in this macro invocation
2026-09-13T07:10:31.0242073Z     |
2026-09-13T07:10:31.0242543Z     = note: this warning originates in the macro `opaque_control_ref` (in Nightly builds, run with -Z macro-backtrace for more info)
2026-09-13T07:10:31.0243014Z 
2026-09-13T07:10:31.0243159Z warning: associated function `from_core_id` is never used
2026-09-13T07:10:31.0243493Z    --> sv_core/src/control.rs:155:27
2026-09-13T07:10:31.0243741Z     |
2026-09-13T07:10:31.0243924Z 141 |           impl $name {
2026-09-13T07:10:31.0244206Z     |           ---------- associated function in this implementation
2026-09-13T07:10:31.0244523Z ...
2026-09-13T07:10:31.0244768Z 155 |               pub(crate) fn from_core_id(id: ControlId) -> Self {
2026-09-13T07:10:31.0245102Z     |                             ^^^^^^^^^^^^
2026-09-13T07:10:31.0245353Z ...
2026-09-13T07:10:31.0245536Z 234 | / opaque_control_ref!(
2026-09-13T07:10:31.0245770Z 235 | |     CoverageRuleRef,
2026-09-13T07:10:31.0246188Z 236 | |     "Referencia a una regla previamente constituida de cobertura de comprobaciones exigibles."
2026-09-13T07:10:31.0246643Z 237 | | );
2026-09-13T07:10:31.0246841Z     | |_- in this macro invocation
2026-09-13T07:10:31.0247082Z     |
2026-09-13T07:10:31.0247556Z     = note: this warning originates in the macro `opaque_control_ref` (in Nightly builds, run with -Z macro-backtrace for more info)
2026-09-13T07:10:31.0248020Z 
2026-09-13T07:10:31.0248180Z warning: associated function `from_core_id` is never used
2026-09-13T07:10:31.0248580Z    --> sv_core/src/control.rs:155:27
2026-09-13T07:10:31.0260457Z     |
2026-09-13T07:10:31.0260821Z 141 |           impl $name {
2026-09-13T07:10:31.0261232Z     |           ---------- associated function in this implementation
2026-09-13T07:10:31.0261577Z ...
2026-09-13T07:10:31.0261851Z 155 |               pub(crate) fn from_core_id(id: ControlId) -> Self {
2026-09-13T07:10:31.0262204Z     |                             ^^^^^^^^^^^^
2026-09-13T07:10:31.0262466Z ...
2026-09-13T07:10:31.0262682Z 238 | / opaque_control_ref!(
2026-09-13T07:10:31.0262935Z 239 | |     ReuseRuleRef,
2026-09-13T07:10:31.0263538Z 240 | |     "Referencia a una regla previamente constituida de reutilización de resultados cualificados."
2026-09-13T07:10:31.0264202Z 241 | | );
2026-09-13T07:10:31.0264421Z     | |_- in this macro invocation
2026-09-13T07:10:31.0264671Z     |
2026-09-13T07:10:31.0265161Z     = note: this warning originates in the macro `opaque_control_ref` (in Nightly builds, run with -Z macro-backtrace for more info)
2026-09-13T07:10:31.0265644Z 
2026-09-13T07:10:31.0265798Z warning: associated function `from_core_id` is never used
2026-09-13T07:10:31.0266260Z    --> sv_core/src/control.rs:155:27
2026-09-13T07:10:31.0266528Z     |
2026-09-13T07:10:31.0266724Z 141 |           impl $name {
2026-09-13T07:10:31.0267026Z     |           ---------- associated function in this implementation
2026-09-13T07:10:31.0267347Z ...
2026-09-13T07:10:31.0267610Z 155 |               pub(crate) fn from_core_id(id: ControlId) -> Self {
2026-09-13T07:10:31.0267960Z     |                             ^^^^^^^^^^^^
2026-09-13T07:10:31.0268228Z ...
2026-09-13T07:10:31.0268424Z 242 | / opaque_control_ref!(
2026-09-13T07:10:31.0268830Z 243 | |     ReuseBindingKeyRef,
2026-09-13T07:10:31.0269467Z 244 | |     "Referencia a una dimensión constituida cuya continuidad puede ser exigible para reutilizar un resultado."
2026-09-13T07:10:31.0270013Z 245 | | );
2026-09-13T07:10:31.0270228Z     | |_- in this macro invocation
2026-09-13T07:10:31.0270478Z     |
2026-09-13T07:10:31.0270966Z     = note: this warning originates in the macro `opaque_control_ref` (in Nightly builds, run with -Z macro-backtrace for more info)
2026-09-13T07:10:31.0271446Z 
2026-09-13T07:10:31.0271605Z warning: associated function `from_core_id` is never used
2026-09-13T07:10:31.0271950Z    --> sv_core/src/control.rs:155:27
2026-09-13T07:10:31.0272209Z     |
2026-09-13T07:10:31.0272404Z 141 |           impl $name {
2026-09-13T07:10:31.0272700Z     |           ---------- associated function in this implementation
2026-09-13T07:10:31.0273017Z ...
2026-09-13T07:10:31.0273282Z 155 |               pub(crate) fn from_core_id(id: ControlId) -> Self {
2026-09-13T07:10:31.0273628Z     |                             ^^^^^^^^^^^^
2026-09-13T07:10:31.0273892Z ...
2026-09-13T07:10:31.0274081Z 246 | / opaque_control_ref!(
2026-09-13T07:10:31.0274329Z 247 | |     ReuseBindingValueRef,
2026-09-13T07:10:31.0274925Z 248 | |     "Referencia al valor constituido de una dimensión de reutilización; identificarlo no acredita su vigencia."
2026-09-13T07:10:31.0275432Z 249 | | );
2026-09-13T07:10:31.0275633Z     | |_- in this macro invocation
2026-09-13T07:10:31.0275884Z     |
2026-09-13T07:10:31.0276359Z     = note: this warning originates in the macro `opaque_control_ref` (in Nightly builds, run with -Z macro-backtrace for more info)
2026-09-13T07:10:31.0276831Z 
2026-09-13T07:10:31.0276957Z warning: constant `PROFILE_ID` is never used
2026-09-13T07:10:31.0277275Z  --> sv_core/src/identifier_profile.rs:6:18
2026-09-13T07:10:31.0277549Z   |
2026-09-13T07:10:31.0277822Z 6 | pub(crate) const PROFILE_ID: &str = "svp-grammar-0.2-lex-es-1";
2026-09-13T07:10:31.0278180Z   |                  ^^^^^^^^^^
2026-09-13T07:10:31.0278337Z 
2026-09-13T07:10:31.0278476Z warning: function `is_reserved_word` is never used
2026-09-13T07:10:31.0278942Z   --> sv_core/src/identifier_profile.rs:22:15
2026-09-13T07:10:31.0279223Z    |
2026-09-13T07:10:31.0279466Z 22 | pub(crate) fn is_reserved_word(word: &str) -> bool {
2026-09-13T07:10:31.0279785Z    |               ^^^^^^^^^^^^^^^^
2026-09-13T07:10:31.0279941Z 
2026-09-13T07:10:31.0280101Z warning: method `matches_descriptor` is never used
2026-09-13T07:10:31.0280441Z    --> sv_core/src/requirements_reuse.rs:121:19
2026-09-13T07:10:31.0280724Z     |
2026-09-13T07:10:31.0280918Z  44 | impl ReuseRule {
2026-09-13T07:10:31.0281170Z     | -------------- method in this implementation
2026-09-13T07:10:31.0281451Z ...
2026-09-13T07:10:31.0281813Z 121 |     pub(crate) fn matches_descriptor(&self, descriptor: &RequirementDescriptor) -> bool {
2026-09-13T07:10:31.0282262Z     |                   ^^^^^^^^^^^^^^^^^^
2026-09-13T07:10:31.0282447Z 
2026-09-13T07:10:31.0282623Z warning: hiding a lifetime that's elided elsewhere is confusing
2026-09-13T07:10:31.0283112Z     --> sv_core/src/frontend.rs:2084:13
2026-09-13T07:10:31.0283378Z      |
2026-09-13T07:10:31.0283584Z 2084 |     fn peek(&self) -> &Token {
2026-09-13T07:10:31.0283848Z      |             ^^^^^     ^^^^^^
2026-09-13T07:10:31.0284095Z      |             |         ||
2026-09-13T07:10:31.0284371Z      |             |         |the same lifetime is hidden here
2026-09-13T07:10:31.0284847Z      |             |         the same lifetime is elided here
2026-09-13T07:10:31.0285169Z      |             the lifetime is elided here
2026-09-13T07:10:31.0285441Z      |
2026-09-13T07:10:31.0285809Z      = help: the same lifetime is referred to in inconsistent ways, making the signature confusing
2026-09-13T07:10:31.0286324Z      = note: `#[warn(mismatched_lifetime_syntaxes)]` on by default
2026-09-13T07:10:31.0286674Z help: use `'_` for type paths
2026-09-13T07:10:31.0286916Z      |
2026-09-13T07:10:31.0287132Z 2084 |     fn peek(&self) -> &Token<'_> {
2026-09-13T07:10:31.0287417Z      |                             ++++
2026-09-13T07:10:31.0287591Z 
2026-09-13T07:10:31.0287880Z warning: `sv_core` (lib) generated 25 warnings (run `cargo fix --lib -p sv_core` to apply 1 suggestion)
2026-09-13T07:10:31.0288840Z    Compiling sv_core v0.1.0 (/home/runner/work/SV-lenguaje-de-computacion/SV-lenguaje-de-computacion/rust/sv_core)
2026-09-13T07:10:31.6251609Z     Finished `release` profile [optimized] target(s) in 0.62s
2026-09-13T07:10:31.7433736Z (node:13889) ExperimentalWarning: WASI is an experimental feature and might change at any time
2026-09-13T07:10:31.7434506Z (Use `node --trace-warnings ...` to show where the warning was created)
2026-09-13T07:10:31.9787106Z ##[group]Run rustc --edition=2021 tests/row7_gh/generar_entradas.rs -o rust/target/gh-generate
2026-09-13T07:10:31.9787819Z [36;1mrustc --edition=2021 tests/row7_gh/generar_entradas.rs -o rust/target/gh-generate[0m
2026-09-13T07:10:31.9788286Z [36;1mrust/target/gh-generate --check[0m
2026-09-13T07:10:31.9789084Z [36;1mcargo build --manifest-path rust/Cargo.toml -p sv_core --example gh_binding_probe --release[0m
2026-09-13T07:10:31.9789837Z [36;1mcargo build --manifest-path rust/Cargo.toml -p sv_core --example gh_binding_probe --release --target wasm32-wasip1[0m
2026-09-13T07:10:31.9790709Z [36;1mcargo build --manifest-path rust/Cargo.toml -p sv_core --example gh_binding_probe_browser --release --target wasm32-unknown-unknown[0m
2026-09-13T07:10:31.9791517Z [36;1mrust/target/release/examples/gh_binding_probe > artifacts/r0-browser/gh-native.json[0m
2026-09-13T07:10:31.9792342Z [36;1mnode tests/row7_bindings/run_wasi.mjs rust/target/wasm32-wasip1/release/examples/gh_binding_probe.wasm > artifacts/r0-wasm/gh-wasi.json[0m
2026-09-13T07:10:31.9793106Z [36;1mcmp artifacts/r0-browser/gh-native.json artifacts/r0-wasm/gh-wasi.json[0m
2026-09-13T07:10:31.9793817Z [36;1mnode tests/row7_gh/verificar.mjs artifacts/r0-browser/gh-native.json --autoprueba > artifacts/r0-wasm/gh-verification.json[0m
2026-09-13T07:10:31.9794439Z [36;1mcat artifacts/r0-wasm/gh-verification.json[0m
2026-09-13T07:10:31.9795010Z [36;1mcp rust/target/wasm32-unknown-unknown/release/examples/gh_binding_probe_browser.wasm artifacts/r0-browser/[0m
2026-09-13T07:10:31.9796157Z [36;1msha256sum rust/target/release/examples/gh_binding_probe rust/target/wasm32-wasip1/release/examples/gh_binding_probe.wasm artifacts/r0-browser/gh_binding_probe_browser.wasm > artifacts/r0-wasm/gh-probes.sha256[0m
2026-09-13T07:10:31.9831679Z shell: /usr/bin/bash -e {0}
2026-09-13T07:10:31.9831938Z ##[endgroup]
2026-09-13T07:10:32.3531772Z GH-LIG: 48 entradas regenerables desde el testigo G/H exacto
2026-09-13T07:10:32.3703667Z warning: associated function `from_core_id` is never used
2026-09-13T07:10:32.3704333Z    --> sv_core/src/control.rs:155:27
2026-09-13T07:10:32.3704783Z     |
2026-09-13T07:10:32.3705093Z 141 |           impl $name {
2026-09-13T07:10:32.3705602Z     |           ---------- associated function in this implementation
2026-09-13T07:10:32.3706138Z ...
2026-09-13T07:10:32.3706562Z 155 |               pub(crate) fn from_core_id(id: ControlId) -> Self {
2026-09-13T07:10:32.3707141Z     |                             ^^^^^^^^^^^^
2026-09-13T07:10:32.3707567Z ...
2026-09-13T07:10:32.3707873Z 162 | / opaque_control_ref!(
2026-09-13T07:10:32.3708280Z 163 | |     InformationRef,
2026-09-13T07:10:32.3709429Z 164 | |     "Referencia nominal a información dentro del dominio de control."
2026-09-13T07:10:32.3710333Z 165 | | );
2026-09-13T07:10:32.3710673Z     | |_- in this macro invocation
2026-09-13T07:10:32.3711082Z     |
2026-09-13T07:10:32.3711532Z     = note: `#[warn(dead_code)]` (part of `#[warn(unused)]`) on by default
2026-09-13T07:10:32.3712651Z     = note: this warning originates in the macro `opaque_control_ref` (in Nightly builds, run with -Z macro-backtrace for more info)
2026-09-13T07:10:32.3713485Z 
2026-09-13T07:10:32.3713736Z warning: associated function `from_core_id` is never used
2026-09-13T07:10:32.3714306Z    --> sv_core/src/control.rs:155:27
2026-09-13T07:10:32.3714722Z     |
2026-09-13T07:10:32.3715025Z 141 |           impl $name {
2026-09-13T07:10:32.3715522Z     |           ---------- associated function in this implementation
2026-09-13T07:10:32.3716070Z ...
2026-09-13T07:10:32.3716480Z 155 |               pub(crate) fn from_core_id(id: ControlId) -> Self {
2026-09-13T07:10:32.3717060Z     |                             ^^^^^^^^^^^^
2026-09-13T07:10:32.3717494Z ...
2026-09-13T07:10:32.3717806Z 166 | / opaque_control_ref!(
2026-09-13T07:10:32.3718215Z 167 | |     AdmittedEvidenceRef,
2026-09-13T07:10:32.3719558Z 168 | |     "Referencia a evidencia cuya admisión debe proceder de una verificación gobernada."
2026-09-13T07:10:32.3720326Z 169 | | );
2026-09-13T07:10:32.3720659Z     | |_- in this macro invocation
2026-09-13T07:10:32.3721063Z     |
2026-09-13T07:10:32.3721888Z     = note: this warning originates in the macro `opaque_control_ref` (in Nightly builds, run with -Z macro-backtrace for more info)
2026-09-13T07:10:32.3722703Z 
2026-09-13T07:10:32.3723009Z warning: associated function `from_core_id` is never used
2026-09-13T07:10:32.3723825Z    --> sv_core/src/control.rs:155:27
2026-09-13T07:10:32.3724289Z     |
2026-09-13T07:10:32.3724615Z 141 |           impl $name {
2026-09-13T07:10:32.3725134Z     |           ---------- associated function in this implementation
2026-09-13T07:10:32.3725682Z ...
2026-09-13T07:10:32.3726095Z 155 |               pub(crate) fn from_core_id(id: ControlId) -> Self {
2026-09-13T07:10:32.3726681Z     |                             ^^^^^^^^^^^^
2026-09-13T07:10:32.3726961Z ...
2026-09-13T07:10:32.3727152Z 170 | / opaque_control_ref!(
2026-09-13T07:10:32.3727409Z 171 | |     ConstitutedFactRef,
2026-09-13T07:10:32.3727905Z 172 | |     "Referencia a un hecho semántico constituido; no equivale a autoridad."
2026-09-13T07:10:32.3728307Z 173 | | );
2026-09-13T07:10:32.3728509Z     | |_- in this macro invocation
2026-09-13T07:10:32.3729316Z     |
2026-09-13T07:10:32.3730071Z     = note: this warning originates in the macro `opaque_control_ref` (in Nightly builds, run with -Z macro-backtrace for more info)
2026-09-13T07:10:32.3730566Z 
2026-09-13T07:10:32.3730725Z warning: associated function `from_core_id` is never used
2026-09-13T07:10:32.3731076Z    --> sv_core/src/control.rs:155:27
2026-09-13T07:10:32.3731334Z     |
2026-09-13T07:10:32.3731527Z 141 |           impl $name {
2026-09-13T07:10:32.3731872Z     |           ---------- associated function in this implementation
2026-09-13T07:10:32.3732222Z ...
2026-09-13T07:10:32.3732478Z 155 |               pub(crate) fn from_core_id(id: ControlId) -> Self {
2026-09-13T07:10:32.3732824Z     |                             ^^^^^^^^^^^^
2026-09-13T07:10:32.3733090Z ...
2026-09-13T07:10:32.3733280Z 174 | / opaque_control_ref!(
2026-09-13T07:10:32.3733519Z 175 | |     AuthorityRef,
2026-09-13T07:10:32.3734050Z 176 | |     "Referencia a autoridad constituida; su constructor no forma parte de la API pública."
2026-09-13T07:10:32.3734505Z 177 | | );
2026-09-13T07:10:32.3734709Z     | |_- in this macro invocation
2026-09-13T07:10:32.3734958Z     |
2026-09-13T07:10:32.3735443Z     = note: this warning originates in the macro `opaque_control_ref` (in Nightly builds, run with -Z macro-backtrace for more info)
2026-09-13T07:10:32.3735935Z 
2026-09-13T07:10:32.3736085Z warning: associated function `from_core_id` is never used
2026-09-13T07:10:32.3736429Z    --> sv_core/src/control.rs:155:27
2026-09-13T07:10:32.3736876Z     |
2026-09-13T07:10:32.3737066Z 141 |           impl $name {
2026-09-13T07:10:32.3737360Z     |           ---------- associated function in this implementation
2026-09-13T07:10:32.3737685Z ...
2026-09-13T07:10:32.3737946Z 155 |               pub(crate) fn from_core_id(id: ControlId) -> Self {
2026-09-13T07:10:32.3738288Z     |                             ^^^^^^^^^^^^
2026-09-13T07:10:32.3738545Z ...
2026-09-13T07:10:32.3739007Z 178 | / opaque_control_ref!(
2026-09-13T07:10:32.3739263Z 179 | |     EnablementRef,
2026-09-13T07:10:32.3739745Z 180 | |     "Referencia a una habilitación de autoridad ya existente; no amplía autoridad."
2026-09-13T07:10:32.3740166Z 181 | | );
2026-09-13T07:10:32.3740366Z     | |_- in this macro invocation
2026-09-13T07:10:32.3740607Z     |
2026-09-13T07:10:32.3741085Z     = note: this warning originates in the macro `opaque_control_ref` (in Nightly builds, run with -Z macro-backtrace for more info)
2026-09-13T07:10:32.3741548Z 
2026-09-13T07:10:32.3741712Z warning: associated function `from_core_id` is never used
2026-09-13T07:10:32.3742047Z    --> sv_core/src/control.rs:155:27
2026-09-13T07:10:32.3742295Z     |
2026-09-13T07:10:32.3742482Z 141 |           impl $name {
2026-09-13T07:10:32.3742926Z     |           ---------- associated function in this implementation
2026-09-13T07:10:32.3743245Z ...
2026-09-13T07:10:32.3743498Z 155 |               pub(crate) fn from_core_id(id: ControlId) -> Self {
2026-09-13T07:10:32.3743838Z     |                             ^^^^^^^^^^^^
2026-09-13T07:10:32.3744092Z ...
2026-09-13T07:10:32.3744284Z 186 | / opaque_control_ref!(
2026-09-13T07:10:32.3744529Z 187 | |     FormRef,
2026-09-13T07:10:32.3744878Z 188 | |     "Referencia a una forma de transición constituida."
2026-09-13T07:10:32.3745206Z 189 | | );
2026-09-13T07:10:32.3745408Z     | |_- in this macro invocation
2026-09-13T07:10:32.3745650Z     |
2026-09-13T07:10:32.3746129Z     = note: this warning originates in the macro `opaque_control_ref` (in Nightly builds, run with -Z macro-backtrace for more info)
2026-09-13T07:10:32.3746613Z 
2026-09-13T07:10:32.3746775Z warning: associated function `from_core_id` is never used
2026-09-13T07:10:32.3747116Z    --> sv_core/src/control.rs:155:27
2026-09-13T07:10:32.3747377Z     |
2026-09-13T07:10:32.3747573Z 141 |           impl $name {
2026-09-13T07:10:32.3747864Z     |           ---------- associated function in this implementation
2026-09-13T07:10:32.3748179Z ...
2026-09-13T07:10:32.3748430Z 155 |               pub(crate) fn from_core_id(id: ControlId) -> Self {
2026-09-13T07:10:32.3748920Z     |                             ^^^^^^^^^^^^
2026-09-13T07:10:32.3749198Z ...
2026-09-13T07:10:32.3749391Z 190 | / opaque_control_ref!(
2026-09-13T07:10:32.3749635Z 191 | |     EffectFamilyRef,
2026-09-13T07:10:32.3750030Z 192 | |     "Referencia a una familia de efectos fijada por constitución."
2026-09-13T07:10:32.3750392Z 193 | | );
2026-09-13T07:10:32.3750610Z     | |_- in this macro invocation
2026-09-13T07:10:32.3750854Z     |
2026-09-13T07:10:32.3751333Z     = note: this warning originates in the macro `opaque_control_ref` (in Nightly builds, run with -Z macro-backtrace for more info)
2026-09-13T07:10:32.3751802Z 
2026-09-13T07:10:32.3751959Z warning: associated function `from_core_id` is never used
2026-09-13T07:10:32.3752302Z    --> sv_core/src/control.rs:155:27
2026-09-13T07:10:32.3752554Z     |
2026-09-13T07:10:32.3752735Z 141 |           impl $name {
2026-09-13T07:10:32.3753027Z     |           ---------- associated function in this implementation
2026-09-13T07:10:32.3753344Z ...
2026-09-13T07:10:32.3753592Z 155 |               pub(crate) fn from_core_id(id: ControlId) -> Self {
2026-09-13T07:10:32.3753937Z     |                             ^^^^^^^^^^^^
2026-09-13T07:10:32.3754192Z ...
2026-09-13T07:10:32.3754376Z 194 | / opaque_control_ref!(
2026-09-13T07:10:32.3754608Z 195 | |     EffectRef,
2026-09-13T07:10:32.3754957Z 196 | |     "Referencia a un efecto concreto; identificarlo no equivale a autorizarlo."
2026-09-13T07:10:32.3755487Z 197 | | );
2026-09-13T07:10:32.3755688Z     | |_- in this macro invocation
2026-09-13T07:10:32.3755929Z     |
2026-09-13T07:10:32.3756410Z     = note: this warning originates in the macro `opaque_control_ref` (in Nightly builds, run with -Z macro-backtrace for more info)
2026-09-13T07:10:32.3756884Z 
2026-09-13T07:10:32.3757035Z warning: associated function `from_core_id` is never used
2026-09-13T07:10:32.3757371Z    --> sv_core/src/control.rs:155:27
2026-09-13T07:10:32.3757621Z     |
2026-09-13T07:10:32.3757808Z 141 |           impl $name {
2026-09-13T07:10:32.3758098Z     |           ---------- associated function in this implementation
2026-09-13T07:10:32.3758410Z ...
2026-09-13T07:10:32.3758801Z 155 |               pub(crate) fn from_core_id(id: ControlId) -> Self {
2026-09-13T07:10:32.3759156Z     |                             ^^^^^^^^^^^^
2026-09-13T07:10:32.3759411Z ...
2026-09-13T07:10:32.3759601Z 198 | / opaque_control_ref!(
2026-09-13T07:10:32.3759834Z 199 | |     ContextRef,
2026-09-13T07:10:32.3760198Z 200 | |     "Referencia a una ligadura de contexto relevante para autoridad o forma."
2026-09-13T07:10:32.3760587Z 201 | | );
2026-09-13T07:10:32.3760790Z     | |_- in this macro invocation
2026-09-13T07:10:32.3761031Z     |
2026-09-13T07:10:32.3761626Z     = note: this warning originates in the macro `opaque_control_ref` (in Nightly builds, run with -Z macro-backtrace for more info)
2026-09-13T07:10:32.3762105Z 
2026-09-13T07:10:32.3762249Z warning: associated function `from_core_id` is never used
2026-09-13T07:10:32.3762584Z    --> sv_core/src/control.rs:155:27
2026-09-13T07:10:32.3762840Z     |
2026-09-13T07:10:32.3763027Z 141 |           impl $name {
2026-09-13T07:10:32.3763325Z     |           ---------- associated function in this implementation
2026-09-13T07:10:32.3763639Z ...
2026-09-13T07:10:32.3763888Z 155 |               pub(crate) fn from_core_id(id: ControlId) -> Self {
2026-09-13T07:10:32.3764225Z     |                             ^^^^^^^^^^^^
2026-09-13T07:10:32.3764480Z ...
2026-09-13T07:10:32.3764670Z 202 | / opaque_control_ref!(
2026-09-13T07:10:32.3764911Z 203 | |     AuthorityHolderRef,
2026-09-13T07:10:32.3765378Z 204 | |     "Referencia al titular de una autoridad; no constituye autoridad por sí misma."
2026-09-13T07:10:32.3765788Z 205 | | );
2026-09-13T07:10:32.3765992Z     | |_- in this macro invocation
2026-09-13T07:10:32.3766229Z     |
2026-09-13T07:10:32.3766699Z     = note: this warning originates in the macro `opaque_control_ref` (in Nightly builds, run with -Z macro-backtrace for more info)
2026-09-13T07:10:32.3767160Z 
2026-09-13T07:10:32.3767309Z warning: associated function `from_core_id` is never used
2026-09-13T07:10:32.3767641Z    --> sv_core/src/control.rs:155:27
2026-09-13T07:10:32.3767885Z     |
2026-09-13T07:10:32.3768066Z 141 |           impl $name {
2026-09-13T07:10:32.3768347Z     |           ---------- associated function in this implementation
2026-09-13T07:10:32.3768902Z ...
2026-09-13T07:10:32.3769169Z 155 |               pub(crate) fn from_core_id(id: ControlId) -> Self {
2026-09-13T07:10:32.3769517Z     |                             ^^^^^^^^^^^^
2026-09-13T07:10:32.3769777Z ...
2026-09-13T07:10:32.3769964Z 206 | / opaque_control_ref!(
2026-09-13T07:10:32.3770206Z 207 | |     GovernedObjectRef,
2026-09-13T07:10:32.3770577Z 208 | |     "Referencia a un objeto candidato a pertenecer al dominio gobernado D_a."
2026-09-13T07:10:32.3770967Z 209 | | );
2026-09-13T07:10:32.3771168Z     | |_- in this macro invocation
2026-09-13T07:10:32.3771410Z     |
2026-09-13T07:10:32.3771881Z     = note: this warning originates in the macro `opaque_control_ref` (in Nightly builds, run with -Z macro-backtrace for more info)
2026-09-13T07:10:32.3772352Z 
2026-09-13T07:10:32.3772497Z warning: associated function `from_core_id` is never used
2026-09-13T07:10:32.3772839Z    --> sv_core/src/control.rs:155:27
2026-09-13T07:10:32.3773087Z     |
2026-09-13T07:10:32.3773277Z 141 |           impl $name {
2026-09-13T07:10:32.3773564Z     |           ---------- associated function in this implementation
2026-09-13T07:10:32.3774080Z ...
2026-09-13T07:10:32.3774328Z 155 |               pub(crate) fn from_core_id(id: ControlId) -> Self {
2026-09-13T07:10:32.3774660Z     |                             ^^^^^^^^^^^^
2026-09-13T07:10:32.3774914Z ...
2026-09-13T07:10:32.3775103Z 210 | / opaque_control_ref!(
2026-09-13T07:10:32.3775346Z 211 | |     AccumulationRuleRef,
2026-09-13T07:10:32.3775814Z 212 | |     "Referencia a una regla gobernada de acumulación o a un predicado de traza."
2026-09-13T07:10:32.3776224Z 213 | | );
2026-09-13T07:10:32.3776421Z     | |_- in this macro invocation
2026-09-13T07:10:32.3776661Z     |
2026-09-13T07:10:32.3777128Z     = note: this warning originates in the macro `opaque_control_ref` (in Nightly builds, run with -Z macro-backtrace for more info)
2026-09-13T07:10:32.3777591Z 
2026-09-13T07:10:32.3777744Z warning: associated function `from_core_id` is never used
2026-09-13T07:10:32.3778076Z    --> sv_core/src/control.rs:155:27
2026-09-13T07:10:32.3778325Z     |
2026-09-13T07:10:32.3778523Z 141 |           impl $name {
2026-09-13T07:10:32.3779079Z     |           ---------- associated function in this implementation
2026-09-13T07:10:32.3779401Z ...
2026-09-13T07:10:32.3779792Z 155 |               pub(crate) fn from_core_id(id: ControlId) -> Self {
2026-09-13T07:10:32.3780143Z     |                             ^^^^^^^^^^^^
2026-09-13T07:10:32.3780407Z ...
2026-09-13T07:10:32.3780600Z 214 | / opaque_control_ref!(
2026-09-13T07:10:32.3780842Z 215 | |     RequirementRef,
2026-09-13T07:10:32.3781326Z 216 | |     "Referencia a una obligación de Req; identificarla no acredita su cumplimiento."
2026-09-13T07:10:32.3781751Z 217 | | );
2026-09-13T07:10:32.3781956Z     | |_- in this macro invocation
2026-09-13T07:10:32.3782202Z     |
2026-09-13T07:10:32.3782680Z     = note: this warning originates in the macro `opaque_control_ref` (in Nightly builds, run with -Z macro-backtrace for more info)
2026-09-13T07:10:32.3783154Z 
2026-09-13T07:10:32.3783305Z warning: associated function `from_core_id` is never used
2026-09-13T07:10:32.3783658Z    --> sv_core/src/control.rs:155:27
2026-09-13T07:10:32.3783913Z     |
2026-09-13T07:10:32.3784105Z 141 |           impl $name {
2026-09-13T07:10:32.3784402Z     |           ---------- associated function in this implementation
2026-09-13T07:10:32.3784718Z ...
2026-09-13T07:10:32.3784973Z 155 |               pub(crate) fn from_core_id(id: ControlId) -> Self {
2026-09-13T07:10:32.3785317Z     |                             ^^^^^^^^^^^^
2026-09-13T07:10:32.3785576Z ...
2026-09-13T07:10:32.3785767Z 218 | / opaque_control_ref!(
2026-09-13T07:10:32.3786010Z 219 | |     VerifierRef,
2026-09-13T07:10:32.3786410Z 220 | |     "Referencia a un verificador concreto; su mera existencia no acredita aplicabilidad."
2026-09-13T07:10:32.3786850Z 221 | | );
2026-09-13T07:10:32.3787055Z     | |_- in this macro invocation
2026-09-13T07:10:32.3787301Z     |
2026-09-13T07:10:32.3787777Z     = note: this warning originates in the macro `opaque_control_ref` (in Nightly builds, run with -Z macro-backtrace for more info)
2026-09-13T07:10:32.3788258Z 
2026-09-13T07:10:32.3788407Z warning: associated function `from_core_id` is never used
2026-09-13T07:10:32.3788876Z    --> sv_core/src/control.rs:155:27
2026-09-13T07:10:32.3789290Z     |
2026-09-13T07:10:32.3789504Z 141 |           impl $name {
2026-09-13T07:10:32.3789805Z     |           ---------- associated function in this implementation
2026-09-13T07:10:32.3790125Z ...
2026-09-13T07:10:32.3790382Z 155 |               pub(crate) fn from_core_id(id: ControlId) -> Self {
2026-09-13T07:10:32.3790727Z     |                             ^^^^^^^^^^^^
2026-09-13T07:10:32.3790987Z ...
2026-09-13T07:10:32.3791180Z 222 | / opaque_control_ref!(
2026-09-13T07:10:32.3791435Z 223 | |     VerifierFamilyRef,
2026-09-13T07:10:32.3791895Z 224 | |     "Referencia a una familia de verificadores admisibles para una obligación."
2026-09-13T07:10:32.3792302Z 225 | | );
2026-09-13T07:10:32.3792507Z     | |_- in this macro invocation
2026-09-13T07:10:32.3792753Z     |
2026-09-13T07:10:32.3793378Z     = note: this warning originates in the macro `opaque_control_ref` (in Nightly builds, run with -Z macro-backtrace for more info)
2026-09-13T07:10:32.3793847Z 
2026-09-13T07:10:32.3794006Z warning: associated function `from_core_id` is never used
2026-09-13T07:10:32.3794345Z    --> sv_core/src/control.rs:155:27
2026-09-13T07:10:32.3794597Z     |
2026-09-13T07:10:32.3794786Z 141 |           impl $name {
2026-09-13T07:10:32.3795083Z     |           ---------- associated function in this implementation
2026-09-13T07:10:32.3795402Z ...
2026-09-13T07:10:32.3795656Z 155 |               pub(crate) fn from_core_id(id: ControlId) -> Self {
2026-09-13T07:10:32.3796002Z     |                             ^^^^^^^^^^^^
2026-09-13T07:10:32.3796258Z ...
2026-09-13T07:10:32.3796447Z 226 | / opaque_control_ref!(
2026-09-13T07:10:32.3796698Z 227 | |     ApplicabilityRuleRef,
2026-09-13T07:10:32.3797196Z 228 | |     "Referencia a una regla previamente constituida de aplicabilidad de comprobación."
2026-09-13T07:10:32.3797630Z 229 | | );
2026-09-13T07:10:32.3797829Z     | |_- in this macro invocation
2026-09-13T07:10:32.3798070Z     |
2026-09-13T07:10:32.3798804Z     = note: this warning originates in the macro `opaque_control_ref` (in Nightly builds, run with -Z macro-backtrace for more info)
2026-09-13T07:10:32.3799313Z 
2026-09-13T07:10:32.3799475Z warning: associated function `from_core_id` is never used
2026-09-13T07:10:32.3799821Z    --> sv_core/src/control.rs:155:27
2026-09-13T07:10:32.3800078Z     |
2026-09-13T07:10:32.3800268Z 141 |           impl $name {
2026-09-13T07:10:32.3800562Z     |           ---------- associated function in this implementation
2026-09-13T07:10:32.3800880Z ...
2026-09-13T07:10:32.3801137Z 155 |               pub(crate) fn from_core_id(id: ControlId) -> Self {
2026-09-13T07:10:32.3801485Z     |                             ^^^^^^^^^^^^
2026-09-13T07:10:32.3801742Z ...
2026-09-13T07:10:32.3801931Z 230 | / opaque_control_ref!(
2026-09-13T07:10:32.3802189Z 231 | |     ConflictResolutionRuleRef,
2026-09-13T07:10:32.3802783Z 232 | |     "Referencia a una regla previamente constituida de resolución de conflicto entre comprobaciones."
2026-09-13T07:10:32.3803277Z 233 | | );
2026-09-13T07:10:32.3803488Z     | |_- in this macro invocation
2026-09-13T07:10:32.3803744Z     |
2026-09-13T07:10:32.3804226Z     = note: this warning originates in the macro `opaque_control_ref` (in Nightly builds, run with -Z macro-backtrace for more info)
2026-09-13T07:10:32.3804701Z 
2026-09-13T07:10:32.3804849Z warning: associated function `from_core_id` is never used
2026-09-13T07:10:32.3805188Z    --> sv_core/src/control.rs:155:27
2026-09-13T07:10:32.3805440Z     |
2026-09-13T07:10:32.3805629Z 141 |           impl $name {
2026-09-13T07:10:32.3805928Z     |           ---------- associated function in this implementation
2026-09-13T07:10:32.3806245Z ...
2026-09-13T07:10:32.3806493Z 155 |               pub(crate) fn from_core_id(id: ControlId) -> Self {
2026-09-13T07:10:32.3806834Z     |                             ^^^^^^^^^^^^
2026-09-13T07:10:32.3807100Z ...
2026-09-13T07:10:32.3807288Z 234 | / opaque_control_ref!(
2026-09-13T07:10:32.3807528Z 235 | |     CoverageRuleRef,
2026-09-13T07:10:32.3807962Z 236 | |     "Referencia a una regla previamente constituida de cobertura de comprobaciones exigibles."
2026-09-13T07:10:32.3808418Z 237 | | );
2026-09-13T07:10:32.3808735Z     | |_- in this macro invocation
2026-09-13T07:10:32.3808982Z     |
2026-09-13T07:10:32.3809464Z     = note: this warning originates in the macro `opaque_control_ref` (in Nightly builds, run with -Z macro-backtrace for more info)
2026-09-13T07:10:32.3809929Z 
2026-09-13T07:10:32.3810082Z warning: associated function `from_core_id` is never used
2026-09-13T07:10:32.3810421Z    --> sv_core/src/control.rs:155:27
2026-09-13T07:10:32.3810672Z     |
2026-09-13T07:10:32.3810858Z 141 |           impl $name {
2026-09-13T07:10:32.3811148Z     |           ---------- associated function in this implementation
2026-09-13T07:10:32.3811465Z ...
2026-09-13T07:10:32.3811841Z 155 |               pub(crate) fn from_core_id(id: ControlId) -> Self {
2026-09-13T07:10:32.3812190Z     |                             ^^^^^^^^^^^^
2026-09-13T07:10:32.3812454Z ...
2026-09-13T07:10:32.3812642Z 238 | / opaque_control_ref!(
2026-09-13T07:10:32.3812884Z 239 | |     ReuseRuleRef,
2026-09-13T07:10:32.3813401Z 240 | |     "Referencia a una regla previamente constituida de reutilización de resultados cualificados."
2026-09-13T07:10:32.3813879Z 241 | | );
2026-09-13T07:10:32.3814083Z     | |_- in this macro invocation
2026-09-13T07:10:32.3814324Z     |
2026-09-13T07:10:32.3814799Z     = note: this warning originates in the macro `opaque_control_ref` (in Nightly builds, run with -Z macro-backtrace for more info)
2026-09-13T07:10:32.3815272Z 
2026-09-13T07:10:32.3815422Z warning: associated function `from_core_id` is never used
2026-09-13T07:10:32.3815769Z    --> sv_core/src/control.rs:155:27
2026-09-13T07:10:32.3816022Z     |
2026-09-13T07:10:32.3816207Z 141 |           impl $name {
2026-09-13T07:10:32.3816508Z     |           ---------- associated function in this implementation
2026-09-13T07:10:32.3816823Z ...
2026-09-13T07:10:32.3817076Z 155 |               pub(crate) fn from_core_id(id: ControlId) -> Self {
2026-09-13T07:10:32.3817530Z     |                             ^^^^^^^^^^^^
2026-09-13T07:10:32.3817795Z ...
2026-09-13T07:10:32.3817984Z 242 | / opaque_control_ref!(
2026-09-13T07:10:32.3818234Z 243 | |     ReuseBindingKeyRef,
2026-09-13T07:10:32.3819055Z 244 | |     "Referencia a una dimensión constituida cuya continuidad puede ser exigible para reutilizar un resultado."
2026-09-13T07:10:32.3819587Z 245 | | );
2026-09-13T07:10:32.3819793Z     | |_- in this macro invocation
2026-09-13T07:10:32.3820038Z     |
2026-09-13T07:10:32.3820513Z     = note: this warning originates in the macro `opaque_control_ref` (in Nightly builds, run with -Z macro-backtrace for more info)
2026-09-13T07:10:32.3820976Z 
2026-09-13T07:10:32.3821129Z warning: associated function `from_core_id` is never used
2026-09-13T07:10:32.3821473Z    --> sv_core/src/control.rs:155:27
2026-09-13T07:10:32.3821721Z     |
2026-09-13T07:10:32.3821908Z 141 |           impl $name {
2026-09-13T07:10:32.3822198Z     |           ---------- associated function in this implementation
2026-09-13T07:10:32.3822528Z ...
2026-09-13T07:10:32.3822778Z 155 |               pub(crate) fn from_core_id(id: ControlId) -> Self {
2026-09-13T07:10:32.3823120Z     |                             ^^^^^^^^^^^^
2026-09-13T07:10:32.3823375Z ...
2026-09-13T07:10:32.3823569Z 246 | / opaque_control_ref!(
2026-09-13T07:10:32.3823814Z 247 | |     ReuseBindingValueRef,
2026-09-13T07:10:32.3824405Z 248 | |     "Referencia al valor constituido de una dimensión de reutilización; identificarlo no acredita su vigencia."
2026-09-13T07:10:32.3824910Z 249 | | );
2026-09-13T07:10:32.3825111Z     | |_- in this macro invocation
2026-09-13T07:10:32.3825352Z     |
2026-09-13T07:10:32.3825836Z     = note: this warning originates in the macro `opaque_control_ref` (in Nightly builds, run with -Z macro-backtrace for more info)
2026-09-13T07:10:32.3826305Z 
2026-09-13T07:10:32.3826429Z warning: constant `PROFILE_ID` is never used
2026-09-13T07:10:32.3826744Z  --> sv_core/src/identifier_profile.rs:6:18
2026-09-13T07:10:32.3827018Z   |
2026-09-13T07:10:32.3827299Z 6 | pub(crate) const PROFILE_ID: &str = "svp-grammar-0.2-lex-es-1";
2026-09-13T07:10:32.3827655Z   |                  ^^^^^^^^^^
2026-09-13T07:10:32.3827815Z 
2026-09-13T07:10:32.3827943Z warning: function `is_reserved_word` is never used
2026-09-13T07:10:32.3828280Z   --> sv_core/src/identifier_profile.rs:22:15
2026-09-13T07:10:32.3828560Z    |
2026-09-13T07:10:32.3829131Z 22 | pub(crate) fn is_reserved_word(word: &str) -> bool {
2026-09-13T07:10:32.3829477Z    |               ^^^^^^^^^^^^^^^^
2026-09-13T07:10:32.3829639Z 
2026-09-13T07:10:32.3829775Z warning: method `matches_descriptor` is never used
2026-09-13T07:10:32.3830114Z    --> sv_core/src/requirements_reuse.rs:121:19
2026-09-13T07:10:32.3830404Z     |
2026-09-13T07:10:32.3830752Z  44 | impl ReuseRule {
2026-09-13T07:10:32.3831012Z     | -------------- method in this implementation
2026-09-13T07:10:32.3831299Z ...
2026-09-13T07:10:32.3831665Z 121 |     pub(crate) fn matches_descriptor(&self, descriptor: &RequirementDescriptor) -> bool {
2026-09-13T07:10:32.3832118Z     |                   ^^^^^^^^^^^^^^^^^^
2026-09-13T07:10:32.3832305Z 
2026-09-13T07:10:32.3832477Z warning: hiding a lifetime that's elided elsewhere is confusing
2026-09-13T07:10:32.3832843Z     --> sv_core/src/frontend.rs:2084:13
2026-09-13T07:10:32.3833108Z      |
2026-09-13T07:10:32.3833309Z 2084 |     fn peek(&self) -> &Token {
2026-09-13T07:10:32.3833571Z      |             ^^^^^     ^^^^^^
2026-09-13T07:10:32.3833818Z      |             |         ||
2026-09-13T07:10:32.3834101Z      |             |         |the same lifetime is hidden here
2026-09-13T07:10:32.3834434Z      |             |         the same lifetime is elided here
2026-09-13T07:10:32.3834753Z      |             the lifetime is elided here
2026-09-13T07:10:32.3835029Z      |
2026-09-13T07:10:32.3835400Z      = help: the same lifetime is referred to in inconsistent ways, making the signature confusing
2026-09-13T07:10:32.3835915Z      = note: `#[warn(mismatched_lifetime_syntaxes)]` on by default
2026-09-13T07:10:32.3836370Z help: use `'_` for type paths
2026-09-13T07:10:32.3836608Z      |
2026-09-13T07:10:32.3836817Z 2084 |     fn peek(&self) -> &Token<'_> {
2026-09-13T07:10:32.3837099Z      |                             ++++
2026-09-13T07:10:32.3837277Z 
2026-09-13T07:10:32.3837570Z warning: `sv_core` (lib) generated 25 warnings (run `cargo fix --lib -p sv_core` to apply 1 suggestion)
2026-09-13T07:10:32.3838310Z    Compiling sv_core v0.1.0 (/home/runner/work/SV-lenguaje-de-computacion/SV-lenguaje-de-computacion/rust/sv_core)
2026-09-13T07:10:32.4503343Z warning: function `check_witness` is never used
2026-09-13T07:10:32.4503914Z   --> sv_core/examples/../../../tests/row7_gh/probe.rs:59:8
2026-09-13T07:10:32.4504305Z    |
2026-09-13T07:10:32.4504676Z 59 | pub fn check_witness(witness: &str) -> Result<(), String> {
2026-09-13T07:10:32.4505128Z    |        ^^^^^^^^^^^^^
2026-09-13T07:10:32.4505373Z    |
2026-09-13T07:10:32.4505665Z    = note: `#[warn(dead_code)]` (part of `#[warn(unused)]`) on by default
2026-09-13T07:10:32.4505946Z 
2026-09-13T07:10:32.8817653Z warning: `sv_core` (example "gh_binding_probe") generated 1 warning
2026-09-13T07:10:32.8818336Z     Finished `release` profile [optimized] target(s) in 0.52s
2026-09-13T07:10:32.9005191Z warning: associated function `from_core_id` is never used
2026-09-13T07:10:32.9005844Z    --> sv_core/src/control.rs:155:27
2026-09-13T07:10:32.9006275Z     |
2026-09-13T07:10:32.9006588Z 141 |           impl $name {
2026-09-13T07:10:32.9007103Z     |           ---------- associated function in this implementation
2026-09-13T07:10:32.9007637Z ...
2026-09-13T07:10:32.9008066Z 155 |               pub(crate) fn from_core_id(id: ControlId) -> Self {
2026-09-13T07:10:32.9009177Z     |                             ^^^^^^^^^^^^
2026-09-13T07:10:32.9009678Z ...
2026-09-13T07:10:32.9010002Z 162 | / opaque_control_ref!(
2026-09-13T07:10:32.9010418Z 163 | |     InformationRef,
2026-09-13T07:10:32.9011327Z 164 | |     "Referencia nominal a información dentro del dominio de control."
2026-09-13T07:10:32.9011976Z 165 | | );
2026-09-13T07:10:32.9012302Z     | |_- in this macro invocation
2026-09-13T07:10:32.9012712Z     |
2026-09-13T07:10:32.9013165Z     = note: `#[warn(dead_code)]` (part of `#[warn(unused)]`) on by default
2026-09-13T07:10:32.9014274Z     = note: this warning originates in the macro `opaque_control_ref` (in Nightly builds, run with -Z macro-backtrace for more info)
2026-09-13T07:10:32.9015121Z 
2026-09-13T07:10:32.9015378Z warning: associated function `from_core_id` is never used
2026-09-13T07:10:32.9015963Z    --> sv_core/src/control.rs:155:27
2026-09-13T07:10:32.9016377Z     |
2026-09-13T07:10:32.9016682Z 141 |           impl $name {
2026-09-13T07:10:32.9017175Z     |           ---------- associated function in this implementation
2026-09-13T07:10:32.9017952Z ...
2026-09-13T07:10:32.9018374Z 155 |               pub(crate) fn from_core_id(id: ControlId) -> Self {
2026-09-13T07:10:32.9019176Z     |                             ^^^^^^^^^^^^
2026-09-13T07:10:32.9019621Z ...
2026-09-13T07:10:32.9019943Z 166 | / opaque_control_ref!(
2026-09-13T07:10:32.9020361Z 167 | |     AdmittedEvidenceRef,
2026-09-13T07:10:32.9021285Z 168 | |     "Referencia a evidencia cuya admisión debe proceder de una verificación gobernada."
2026-09-13T07:10:32.9022052Z 169 | | );
2026-09-13T07:10:32.9022393Z     | |_- in this macro invocation
2026-09-13T07:10:32.9022808Z     |
2026-09-13T07:10:32.9023657Z     = note: this warning originates in the macro `opaque_control_ref` (in Nightly builds, run with -Z macro-backtrace for more info)
2026-09-13T07:10:32.9024489Z 
2026-09-13T07:10:32.9024814Z warning: associated function `from_core_id` is never used
2026-09-13T07:10:32.9025394Z    --> sv_core/src/control.rs:155:27
2026-09-13T07:10:32.9025839Z     |
2026-09-13T07:10:32.9026159Z 141 |           impl $name {
2026-09-13T07:10:32.9026664Z     |           ---------- associated function in this implementation
2026-09-13T07:10:32.9027226Z ...
2026-09-13T07:10:32.9027875Z 155 |               pub(crate) fn from_core_id(id: ControlId) -> Self {
2026-09-13T07:10:32.9028475Z     |                             ^^^^^^^^^^^^
2026-09-13T07:10:32.9034833Z ...
2026-09-13T07:10:32.9035178Z 170 | / opaque_control_ref!(
2026-09-13T07:10:32.9035697Z 171 | |     ConstitutedFactRef,
2026-09-13T07:10:32.9036551Z 172 | |     "Referencia a un hecho semántico constituido; no equivale a autoridad."
2026-09-13T07:10:32.9037244Z 173 | | );
2026-09-13T07:10:32.9037591Z     | |_- in this macro invocation
2026-09-13T07:10:32.9038014Z     |
2026-09-13T07:10:32.9039077Z     = note: this warning originates in the macro `opaque_control_ref` (in Nightly builds, run with -Z macro-backtrace for more info)
2026-09-13T07:10:32.9039919Z 
2026-09-13T07:10:32.9040177Z warning: associated function `from_core_id` is never used
2026-09-13T07:10:32.9040766Z    --> sv_core/src/control.rs:155:27
2026-09-13T07:10:32.9041186Z     |
2026-09-13T07:10:32.9041508Z 141 |           impl $name {
2026-09-13T07:10:32.9042054Z     |           ---------- associated function in this implementation
2026-09-13T07:10:32.9042638Z ...
2026-09-13T07:10:32.9042933Z 155 |               pub(crate) fn from_core_id(id: ControlId) -> Self {
2026-09-13T07:10:32.9043435Z     |                             ^^^^^^^^^^^^
2026-09-13T07:10:32.9043712Z ...
2026-09-13T07:10:32.9043902Z 174 | / opaque_control_ref!(
2026-09-13T07:10:32.9044148Z 175 | |     AuthorityRef,
2026-09-13T07:10:32.9044681Z 176 | |     "Referencia a autoridad constituida; su constructor no forma parte de la API pública."
2026-09-13T07:10:32.9045137Z 177 | | );
2026-09-13T07:10:32.9045346Z     | |_- in this macro invocation
2026-09-13T07:10:32.9045736Z     |
2026-09-13T07:10:32.9046365Z     = note: this warning originates in the macro `opaque_control_ref` (in Nightly builds, run with -Z macro-backtrace for more info)
2026-09-13T07:10:32.9046942Z 
2026-09-13T07:10:32.9059274Z warning: associated function `from_core_id` is never used
2026-09-13T07:10:32.9059901Z    --> sv_core/src/control.rs:155:27
2026-09-13T07:10:32.9060345Z     |
2026-09-13T07:10:32.9060636Z 141 |           impl $name {
2026-09-13T07:10:32.9061112Z     |           ---------- associated function in this implementation
2026-09-13T07:10:32.9061647Z ...
2026-09-13T07:10:32.9062063Z 155 |               pub(crate) fn from_core_id(id: ControlId) -> Self {
2026-09-13T07:10:32.9062645Z     |                             ^^^^^^^^^^^^
2026-09-13T07:10:32.9063076Z ...
2026-09-13T07:10:32.9063387Z 178 | / opaque_control_ref!(
2026-09-13T07:10:32.9063809Z 179 | |     EnablementRef,
2026-09-13T07:10:32.9064656Z 180 | |     "Referencia a una habilitación de autoridad ya existente; no amplía autoridad."
2026-09-13T07:10:32.9065383Z 181 | | );
2026-09-13T07:10:32.9065732Z     | |_- in this macro invocation
2026-09-13T07:10:32.9066406Z     |
2026-09-13T07:10:32.9067255Z     = note: this warning originates in the macro `opaque_control_ref` (in Nightly builds, run with -Z macro-backtrace for more info)
2026-09-13T07:10:32.9068082Z 
2026-09-13T07:10:32.9068350Z warning: associated function `from_core_id` is never used
2026-09-13T07:10:32.9069195Z    --> sv_core/src/control.rs:155:27
2026-09-13T07:10:32.9069630Z     |
2026-09-13T07:10:32.9069948Z 141 |           impl $name {
2026-09-13T07:10:32.9070448Z     |           ---------- associated function in this implementation
2026-09-13T07:10:32.9070988Z ...
2026-09-13T07:10:32.9071412Z 155 |               pub(crate) fn from_core_id(id: ControlId) -> Self {
2026-09-13T07:10:32.9071993Z     |                             ^^^^^^^^^^^^
2026-09-13T07:10:32.9072338Z ...
2026-09-13T07:10:32.9072542Z 186 | / opaque_control_ref!(
2026-09-13T07:10:32.9072790Z 187 | |     FormRef,
2026-09-13T07:10:32.9073176Z 188 | |     "Referencia a una forma de transición constituida."
2026-09-13T07:10:32.9073511Z 189 | | );
2026-09-13T07:10:32.9073723Z     | |_- in this macro invocation
2026-09-13T07:10:32.9073974Z     |
2026-09-13T07:10:32.9074638Z     = note: this warning originates in the macro `opaque_control_ref` (in Nightly builds, run with -Z macro-backtrace for more info)
2026-09-13T07:10:32.9075125Z 
2026-09-13T07:10:32.9075286Z warning: associated function `from_core_id` is never used
2026-09-13T07:10:32.9075633Z    --> sv_core/src/control.rs:155:27
2026-09-13T07:10:32.9075889Z     |
2026-09-13T07:10:32.9076079Z 141 |           impl $name {
2026-09-13T07:10:32.9076376Z     |           ---------- associated function in this implementation
2026-09-13T07:10:32.9076696Z ...
2026-09-13T07:10:32.9076969Z 155 |               pub(crate) fn from_core_id(id: ControlId) -> Self {
2026-09-13T07:10:32.9077317Z     |                             ^^^^^^^^^^^^
2026-09-13T07:10:32.9077578Z ...
2026-09-13T07:10:32.9077778Z 190 | / opaque_control_ref!(
2026-09-13T07:10:32.9078029Z 191 | |     EffectFamilyRef,
2026-09-13T07:10:32.9078444Z 192 | |     "Referencia a una familia de efectos fijada por constitución."
2026-09-13T07:10:32.9079138Z 193 | | );
2026-09-13T07:10:32.9079487Z     | |_- in this macro invocation
2026-09-13T07:10:32.9079899Z     |
2026-09-13T07:10:32.9080738Z     = note: this warning originates in the macro `opaque_control_ref` (in Nightly builds, run with -Z macro-backtrace for more info)
2026-09-13T07:10:32.9081547Z 
2026-09-13T07:10:32.9081805Z warning: associated function `from_core_id` is never used
2026-09-13T07:10:32.9082371Z    --> sv_core/src/control.rs:155:27
2026-09-13T07:10:32.9082719Z     |
2026-09-13T07:10:32.9082916Z 141 |           impl $name {
2026-09-13T07:10:32.9083226Z     |           ---------- associated function in this implementation
2026-09-13T07:10:32.9083554Z ...
2026-09-13T07:10:32.9083812Z 155 |               pub(crate) fn from_core_id(id: ControlId) -> Self {
2026-09-13T07:10:32.9084156Z     |                             ^^^^^^^^^^^^
2026-09-13T07:10:32.9084420Z ...
2026-09-13T07:10:32.9084616Z 194 | / opaque_control_ref!(
2026-09-13T07:10:32.9084851Z 195 | |     EffectRef,
2026-09-13T07:10:32.9085207Z 196 | |     "Referencia a un efecto concreto; identificarlo no equivale a autorizarlo."
2026-09-13T07:10:32.9085605Z 197 | | );
2026-09-13T07:10:32.9085812Z     | |_- in this macro invocation
2026-09-13T07:10:32.9086057Z     |
2026-09-13T07:10:32.9086533Z     = note: this warning originates in the macro `opaque_control_ref` (in Nightly builds, run with -Z macro-backtrace for more info)
2026-09-13T07:10:32.9087014Z 
2026-09-13T07:10:32.9087167Z warning: associated function `from_core_id` is never used
2026-09-13T07:10:32.9087517Z    --> sv_core/src/control.rs:155:27
2026-09-13T07:10:32.9087780Z     |
2026-09-13T07:10:32.9087968Z 141 |           impl $name {
2026-09-13T07:10:32.9088261Z     |           ---------- associated function in this implementation
2026-09-13T07:10:32.9088587Z ...
2026-09-13T07:10:32.9089129Z 155 |               pub(crate) fn from_core_id(id: ControlId) -> Self {
2026-09-13T07:10:32.9089633Z     |                             ^^^^^^^^^^^^
2026-09-13T07:10:32.9089893Z ...
2026-09-13T07:10:32.9090080Z 198 | / opaque_control_ref!(
2026-09-13T07:10:32.9090321Z 199 | |     ContextRef,
2026-09-13T07:10:32.9090679Z 200 | |     "Referencia a una ligadura de contexto relevante para autoridad o forma."
2026-09-13T07:10:32.9091082Z 201 | | );
2026-09-13T07:10:32.9091284Z     | |_- in this macro invocation
2026-09-13T07:10:32.9091525Z     |
2026-09-13T07:10:32.9092000Z     = note: this warning originates in the macro `opaque_control_ref` (in Nightly builds, run with -Z macro-backtrace for more info)
2026-09-13T07:10:32.9092470Z 
2026-09-13T07:10:32.9092628Z warning: associated function `from_core_id` is never used
2026-09-13T07:10:32.9092966Z    --> sv_core/src/control.rs:155:27
2026-09-13T07:10:32.9093218Z     |
2026-09-13T07:10:32.9093411Z 141 |           impl $name {
2026-09-13T07:10:32.9093715Z     |           ---------- associated function in this implementation
2026-09-13T07:10:32.9094035Z ...
2026-09-13T07:10:32.9094301Z 155 |               pub(crate) fn from_core_id(id: ControlId) -> Self {
2026-09-13T07:10:32.9094647Z     |                             ^^^^^^^^^^^^
2026-09-13T07:10:32.9094908Z ...
2026-09-13T07:10:32.9095220Z 202 | / opaque_control_ref!(
2026-09-13T07:10:32.9095473Z 203 | |     AuthorityHolderRef,
2026-09-13T07:10:32.9095967Z 204 | |     "Referencia al titular de una autoridad; no constituye autoridad por sí misma."
2026-09-13T07:10:32.9096393Z 205 | | );
2026-09-13T07:10:32.9096594Z     | |_- in this macro invocation
2026-09-13T07:10:32.9096834Z     |
2026-09-13T07:10:32.9097306Z     = note: this warning originates in the macro `opaque_control_ref` (in Nightly builds, run with -Z macro-backtrace for more info)
2026-09-13T07:10:32.9097782Z 
2026-09-13T07:10:32.9097935Z warning: associated function `from_core_id` is never used
2026-09-13T07:10:32.9098271Z    --> sv_core/src/control.rs:155:27
2026-09-13T07:10:32.9098518Z     |
2026-09-13T07:10:32.9098987Z 141 |           impl $name {
2026-09-13T07:10:32.9099477Z     |           ---------- associated function in this implementation
2026-09-13T07:10:32.9099977Z ...
2026-09-13T07:10:32.9100233Z 155 |               pub(crate) fn from_core_id(id: ControlId) -> Self {
2026-09-13T07:10:32.9100591Z     |                             ^^^^^^^^^^^^
2026-09-13T07:10:32.9100850Z ...
2026-09-13T07:10:32.9101039Z 206 | / opaque_control_ref!(
2026-09-13T07:10:32.9101290Z 207 | |     GovernedObjectRef,
2026-09-13T07:10:32.9101661Z 208 | |     "Referencia a un objeto candidato a pertenecer al dominio gobernado D_a."
2026-09-13T07:10:32.9102051Z 209 | | );
2026-09-13T07:10:32.9102251Z     | |_- in this macro invocation
2026-09-13T07:10:32.9102495Z     |
2026-09-13T07:10:32.9102970Z     = note: this warning originates in the macro `opaque_control_ref` (in Nightly builds, run with -Z macro-backtrace for more info)
2026-09-13T07:10:32.9103443Z 
2026-09-13T07:10:32.9103592Z warning: associated function `from_core_id` is never used
2026-09-13T07:10:32.9103930Z    --> sv_core/src/control.rs:155:27
2026-09-13T07:10:32.9104184Z     |
2026-09-13T07:10:32.9104377Z 141 |           impl $name {
2026-09-13T07:10:32.9104666Z     |           ---------- associated function in this implementation
2026-09-13T07:10:32.9104984Z ...
2026-09-13T07:10:32.9105237Z 155 |               pub(crate) fn from_core_id(id: ControlId) -> Self {
2026-09-13T07:10:32.9105578Z     |                             ^^^^^^^^^^^^
2026-09-13T07:10:32.9105835Z ...
2026-09-13T07:10:32.9106021Z 210 | / opaque_control_ref!(
2026-09-13T07:10:32.9106264Z 211 | |     AccumulationRuleRef,
2026-09-13T07:10:32.9106738Z 212 | |     "Referencia a una regla gobernada de acumulación o a un predicado de traza."
2026-09-13T07:10:32.9107142Z 213 | | );
2026-09-13T07:10:32.9107346Z     | |_- in this macro invocation
2026-09-13T07:10:32.9107601Z     |
2026-09-13T07:10:32.9108085Z     = note: this warning originates in the macro `opaque_control_ref` (in Nightly builds, run with -Z macro-backtrace for more info)
2026-09-13T07:10:32.9109042Z 
2026-09-13T07:10:32.9109209Z warning: associated function `from_core_id` is never used
2026-09-13T07:10:32.9109555Z    --> sv_core/src/control.rs:155:27
2026-09-13T07:10:32.9109814Z     |
2026-09-13T07:10:32.9110016Z 141 |           impl $name {
2026-09-13T07:10:32.9110312Z     |           ---------- associated function in this implementation
2026-09-13T07:10:32.9110629Z ...
2026-09-13T07:10:32.9110881Z 155 |               pub(crate) fn from_core_id(id: ControlId) -> Self {
2026-09-13T07:10:32.9111232Z     |                             ^^^^^^^^^^^^
2026-09-13T07:10:32.9111493Z ...
2026-09-13T07:10:32.9111682Z 214 | / opaque_control_ref!(
2026-09-13T07:10:32.9111923Z 215 | |     RequirementRef,
2026-09-13T07:10:32.9112414Z 216 | |     "Referencia a una obligación de Req; identificarla no acredita su cumplimiento."
2026-09-13T07:10:32.9112843Z 217 | | );
2026-09-13T07:10:32.9113047Z     | |_- in this macro invocation
2026-09-13T07:10:32.9113291Z     |
2026-09-13T07:10:32.9113771Z     = note: this warning originates in the macro `opaque_control_ref` (in Nightly builds, run with -Z macro-backtrace for more info)
2026-09-13T07:10:32.9114237Z 
2026-09-13T07:10:32.9114388Z warning: associated function `from_core_id` is never used
2026-09-13T07:10:32.9114920Z    --> sv_core/src/control.rs:155:27
2026-09-13T07:10:32.9115180Z     |
2026-09-13T07:10:32.9115367Z 141 |           impl $name {
2026-09-13T07:10:32.9115659Z     |           ---------- associated function in this implementation
2026-09-13T07:10:32.9115977Z ...
2026-09-13T07:10:32.9116229Z 155 |               pub(crate) fn from_core_id(id: ControlId) -> Self {
2026-09-13T07:10:32.9116574Z     |                             ^^^^^^^^^^^^
2026-09-13T07:10:32.9116834Z ...
2026-09-13T07:10:32.9117029Z 218 | / opaque_control_ref!(
2026-09-13T07:10:32.9117266Z 219 | |     VerifierRef,
2026-09-13T07:10:32.9117667Z 220 | |     "Referencia a un verificador concreto; su mera existencia no acredita aplicabilidad."
2026-09-13T07:10:32.9118103Z 221 | | );
2026-09-13T07:10:32.9118310Z     | |_- in this macro invocation
2026-09-13T07:10:32.9118551Z     |
2026-09-13T07:10:32.9119282Z     = note: this warning originates in the macro `opaque_control_ref` (in Nightly builds, run with -Z macro-backtrace for more info)
2026-09-13T07:10:32.9119752Z 
2026-09-13T07:10:32.9119901Z warning: associated function `from_core_id` is never used
2026-09-13T07:10:32.9120236Z    --> sv_core/src/control.rs:155:27
2026-09-13T07:10:32.9120486Z     |
2026-09-13T07:10:32.9120669Z 141 |           impl $name {
2026-09-13T07:10:32.9120956Z     |           ---------- associated function in this implementation
2026-09-13T07:10:32.9121276Z ...
2026-09-13T07:10:32.9121523Z 155 |               pub(crate) fn from_core_id(id: ControlId) -> Self {
2026-09-13T07:10:32.9121860Z     |                             ^^^^^^^^^^^^
2026-09-13T07:10:32.9122123Z ...
2026-09-13T07:10:32.9122311Z 222 | / opaque_control_ref!(
2026-09-13T07:10:32.9122552Z 223 | |     VerifierFamilyRef,
2026-09-13T07:10:32.9123014Z 224 | |     "Referencia a una familia de verificadores admisibles para una obligación."
2026-09-13T07:10:32.9123419Z 225 | | );
2026-09-13T07:10:32.9123639Z     | |_- in this macro invocation
2026-09-13T07:10:32.9123883Z     |
2026-09-13T07:10:32.9124357Z     = note: this warning originates in the macro `opaque_control_ref` (in Nightly builds, run with -Z macro-backtrace for more info)
2026-09-13T07:10:32.9124822Z 
2026-09-13T07:10:32.9124966Z warning: associated function `from_core_id` is never used
2026-09-13T07:10:32.9125295Z    --> sv_core/src/control.rs:155:27
2026-09-13T07:10:32.9125547Z     |
2026-09-13T07:10:32.9125729Z 141 |           impl $name {
2026-09-13T07:10:32.9126010Z     |           ---------- associated function in this implementation
2026-09-13T07:10:32.9126321Z ...
2026-09-13T07:10:32.9126565Z 155 |               pub(crate) fn from_core_id(id: ControlId) -> Self {
2026-09-13T07:10:32.9126902Z     |                             ^^^^^^^^^^^^
2026-09-13T07:10:32.9127297Z ...
2026-09-13T07:10:32.9127483Z 226 | / opaque_control_ref!(
2026-09-13T07:10:32.9127731Z 227 | |     ApplicabilityRuleRef,
2026-09-13T07:10:32.9128224Z 228 | |     "Referencia a una regla previamente constituida de aplicabilidad de comprobación."
2026-09-13T07:10:32.9128823Z 229 | | );
2026-09-13T07:10:32.9129180Z     | |_- in this macro invocation
2026-09-13T07:10:32.9129451Z     |
2026-09-13T07:10:32.9129932Z     = note: this warning originates in the macro `opaque_control_ref` (in Nightly builds, run with -Z macro-backtrace for more info)
2026-09-13T07:10:32.9130400Z 
2026-09-13T07:10:32.9130552Z warning: associated function `from_core_id` is never used
2026-09-13T07:10:32.9130889Z    --> sv_core/src/control.rs:155:27
2026-09-13T07:10:32.9131140Z     |
2026-09-13T07:10:32.9131329Z 141 |           impl $name {
2026-09-13T07:10:32.9131618Z     |           ---------- associated function in this implementation
2026-09-13T07:10:32.9131934Z ...
2026-09-13T07:10:32.9132205Z 155 |               pub(crate) fn from_core_id(id: ControlId) -> Self {
2026-09-13T07:10:32.9132555Z     |                             ^^^^^^^^^^^^
2026-09-13T07:10:32.9132813Z ...
2026-09-13T07:10:32.9133001Z 230 | / opaque_control_ref!(
2026-09-13T07:10:32.9133396Z 231 | |     ConflictResolutionRuleRef,
2026-09-13T07:10:32.9134001Z 232 | |     "Referencia a una regla previamente constituida de resolución de conflicto entre comprobaciones."
2026-09-13T07:10:32.9134484Z 233 | | );
2026-09-13T07:10:32.9134689Z     | |_- in this macro invocation
2026-09-13T07:10:32.9134933Z     |
2026-09-13T07:10:32.9135404Z     = note: this warning originates in the macro `opaque_control_ref` (in Nightly builds, run with -Z macro-backtrace for more info)
2026-09-13T07:10:32.9135914Z 
2026-09-13T07:10:32.9136074Z warning: associated function `from_core_id` is never used
2026-09-13T07:10:32.9136407Z    --> sv_core/src/control.rs:155:27
2026-09-13T07:10:32.9136654Z     |
2026-09-13T07:10:32.9136837Z 141 |           impl $name {
2026-09-13T07:10:32.9137124Z     |           ---------- associated function in this implementation
2026-09-13T07:10:32.9137445Z ...
2026-09-13T07:10:32.9137692Z 155 |               pub(crate) fn from_core_id(id: ControlId) -> Self {
2026-09-13T07:10:32.9138032Z     |                             ^^^^^^^^^^^^
2026-09-13T07:10:32.9138285Z ...
2026-09-13T07:10:32.9138470Z 234 | / opaque_control_ref!(
2026-09-13T07:10:32.9138853Z 235 | |     CoverageRuleRef,
2026-09-13T07:10:32.9139329Z 236 | |     "Referencia a una regla previamente constituida de cobertura de comprobaciones exigibles."
2026-09-13T07:10:32.9139783Z 237 | | );
2026-09-13T07:10:32.9139981Z     | |_- in this macro invocation
2026-09-13T07:10:32.9140221Z     |
2026-09-13T07:10:32.9140693Z     = note: this warning originates in the macro `opaque_control_ref` (in Nightly builds, run with -Z macro-backtrace for more info)
2026-09-13T07:10:32.9141162Z 
2026-09-13T07:10:32.9141317Z warning: associated function `from_core_id` is never used
2026-09-13T07:10:32.9141653Z    --> sv_core/src/control.rs:155:27
2026-09-13T07:10:32.9141909Z     |
2026-09-13T07:10:32.9142093Z 141 |           impl $name {
2026-09-13T07:10:32.9142381Z     |           ---------- associated function in this implementation
2026-09-13T07:10:32.9142695Z ...
2026-09-13T07:10:32.9142948Z 155 |               pub(crate) fn from_core_id(id: ControlId) -> Self {
2026-09-13T07:10:32.9143285Z     |                             ^^^^^^^^^^^^
2026-09-13T07:10:32.9143548Z ...
2026-09-13T07:10:32.9143736Z 238 | / opaque_control_ref!(
2026-09-13T07:10:32.9143976Z 239 | |     ReuseRuleRef,
2026-09-13T07:10:32.9144499Z 240 | |     "Referencia a una regla previamente constituida de reutilización de resultados cualificados."
2026-09-13T07:10:32.9144983Z 241 | | );
2026-09-13T07:10:32.9145198Z     | |_- in this macro invocation
2026-09-13T07:10:32.9145446Z     |
2026-09-13T07:10:32.9145926Z     = note: this warning originates in the macro `opaque_control_ref` (in Nightly builds, run with -Z macro-backtrace for more info)
2026-09-13T07:10:32.9146539Z 
2026-09-13T07:10:32.9146687Z warning: associated function `from_core_id` is never used
2026-09-13T07:10:32.9147029Z    --> sv_core/src/control.rs:155:27
2026-09-13T07:10:32.9147283Z     |
2026-09-13T07:10:32.9147472Z 141 |           impl $name {
2026-09-13T07:10:32.9147781Z     |           ---------- associated function in this implementation
2026-09-13T07:10:32.9148098Z ...
2026-09-13T07:10:32.9148353Z 155 |               pub(crate) fn from_core_id(id: ControlId) -> Self {
2026-09-13T07:10:32.9148834Z     |                             ^^^^^^^^^^^^
2026-09-13T07:10:32.9149096Z ...
2026-09-13T07:10:32.9149284Z 242 | / opaque_control_ref!(
2026-09-13T07:10:32.9149528Z 243 | |     ReuseBindingKeyRef,
2026-09-13T07:10:32.9150124Z 244 | |     "Referencia a una dimensión constituida cuya continuidad puede ser exigible para reutilizar un resultado."
2026-09-13T07:10:32.9150642Z 245 | | );
2026-09-13T07:10:32.9150841Z     | |_- in this macro invocation
2026-09-13T07:10:32.9151088Z     |
2026-09-13T07:10:32.9151572Z     = note: this warning originates in the macro `opaque_control_ref` (in Nightly builds, run with -Z macro-backtrace for more info)
2026-09-13T07:10:32.9152038Z 
2026-09-13T07:10:32.9152188Z warning: associated function `from_core_id` is never used
2026-09-13T07:10:32.9152654Z    --> sv_core/src/control.rs:155:27
2026-09-13T07:10:32.9152908Z     |
2026-09-13T07:10:32.9153093Z 141 |           impl $name {
2026-09-13T07:10:32.9153381Z     |           ---------- associated function in this implementation
2026-09-13T07:10:32.9153700Z ...
2026-09-13T07:10:32.9153948Z 155 |               pub(crate) fn from_core_id(id: ControlId) -> Self {
2026-09-13T07:10:32.9154286Z     |                             ^^^^^^^^^^^^
2026-09-13T07:10:32.9154549Z ...
2026-09-13T07:10:32.9154735Z 246 | / opaque_control_ref!(
2026-09-13T07:10:32.9154980Z 247 | |     ReuseBindingValueRef,
2026-09-13T07:10:32.9155567Z 248 | |     "Referencia al valor constituido de una dimensión de reutilización; identificarlo no acredita su vigencia."
2026-09-13T07:10:32.9156079Z 249 | | );
2026-09-13T07:10:32.9156277Z     | |_- in this macro invocation
2026-09-13T07:10:32.9156517Z     |
2026-09-13T07:10:32.9156992Z     = note: this warning originates in the macro `opaque_control_ref` (in Nightly builds, run with -Z macro-backtrace for more info)
2026-09-13T07:10:32.9157463Z 
2026-09-13T07:10:32.9157579Z warning: constant `PROFILE_ID` is never used
2026-09-13T07:10:32.9157896Z  --> sv_core/src/identifier_profile.rs:6:18
2026-09-13T07:10:32.9158167Z   |
2026-09-13T07:10:32.9158442Z 6 | pub(crate) const PROFILE_ID: &str = "svp-grammar-0.2-lex-es-1";
2026-09-13T07:10:32.9159069Z   |                  ^^^^^^^^^^
2026-09-13T07:10:32.9159224Z 
2026-09-13T07:10:32.9159353Z warning: function `is_reserved_word` is never used
2026-09-13T07:10:32.9159686Z   --> sv_core/src/identifier_profile.rs:22:15
2026-09-13T07:10:32.9159965Z    |
2026-09-13T07:10:32.9160202Z 22 | pub(crate) fn is_reserved_word(word: &str) -> bool {
2026-09-13T07:10:32.9160514Z    |               ^^^^^^^^^^^^^^^^
2026-09-13T07:10:32.9160684Z 
2026-09-13T07:10:32.9160812Z warning: method `matches_descriptor` is never used
2026-09-13T07:10:32.9161155Z    --> sv_core/src/requirements_reuse.rs:121:19
2026-09-13T07:10:32.9161444Z     |
2026-09-13T07:10:32.9161635Z  44 | impl ReuseRule {
2026-09-13T07:10:32.9161888Z     | -------------- method in this implementation
2026-09-13T07:10:32.9162169Z ...
2026-09-13T07:10:32.9162529Z 121 |     pub(crate) fn matches_descriptor(&self, descriptor: &RequirementDescriptor) -> bool {
2026-09-13T07:10:32.9162983Z     |                   ^^^^^^^^^^^^^^^^^^
2026-09-13T07:10:32.9163165Z 
2026-09-13T07:10:32.9163330Z warning: hiding a lifetime that's elided elsewhere is confusing
2026-09-13T07:10:32.9163692Z     --> sv_core/src/frontend.rs:2084:13
2026-09-13T07:10:32.9163960Z      |
2026-09-13T07:10:32.9164161Z 2084 |     fn peek(&self) -> &Token {
2026-09-13T07:10:32.9164418Z      |             ^^^^^     ^^^^^^
2026-09-13T07:10:32.9164657Z      |             |         ||
2026-09-13T07:10:32.9165070Z      |             |         |the same lifetime is hidden here
2026-09-13T07:10:32.9165403Z      |             |         the same lifetime is elided here
2026-09-13T07:10:32.9165720Z      |             the lifetime is elided here
2026-09-13T07:10:32.9166000Z      |
2026-09-13T07:10:32.9166361Z      = help: the same lifetime is referred to in inconsistent ways, making the signature confusing
2026-09-13T07:10:32.9166877Z      = note: `#[warn(mismatched_lifetime_syntaxes)]` on by default
2026-09-13T07:10:32.9167217Z help: use `'_` for type paths
2026-09-13T07:10:32.9167453Z      |
2026-09-13T07:10:32.9167665Z 2084 |     fn peek(&self) -> &Token<'_> {
2026-09-13T07:10:32.9167945Z      |                             ++++
2026-09-13T07:10:32.9168111Z 
2026-09-13T07:10:32.9168403Z warning: `sv_core` (lib) generated 25 warnings (run `cargo fix --lib -p sv_core` to apply 1 suggestion)
2026-09-13T07:10:32.9169521Z    Compiling sv_core v0.1.0 (/home/runner/work/SV-lenguaje-de-computacion/SV-lenguaje-de-computacion/rust/sv_core)
2026-09-13T07:10:32.9798807Z warning: function `check_witness` is never used
2026-09-13T07:10:32.9799810Z   --> sv_core/examples/../../../tests/row7_gh/probe.rs:59:8
2026-09-13T07:10:32.9800444Z    |
2026-09-13T07:10:32.9801043Z 59 | pub fn check_witness(witness: &str) -> Result<(), String> {
2026-09-13T07:10:32.9801495Z    |        ^^^^^^^^^^^^^
2026-09-13T07:10:32.9801767Z    |
2026-09-13T07:10:32.9802116Z    = note: `#[warn(dead_code)]` (part of `#[warn(unused)]`) on by default
2026-09-13T07:10:32.9802452Z 
2026-09-13T07:10:33.3914057Z warning: `sv_core` (example "gh_binding_probe") generated 1 warning
2026-09-13T07:10:33.3914581Z     Finished `release` profile [optimized] target(s) in 0.50s
2026-09-13T07:10:33.4102221Z warning: associated function `from_core_id` is never used
2026-09-13T07:10:33.4102877Z    --> sv_core/src/control.rs:155:27
2026-09-13T07:10:33.4103296Z     |
2026-09-13T07:10:33.4103501Z 141 |           impl $name {
2026-09-13T07:10:33.4103827Z     |           ---------- associated function in this implementation
2026-09-13T07:10:33.4104196Z ...
2026-09-13T07:10:33.4104457Z 155 |               pub(crate) fn from_core_id(id: ControlId) -> Self {
2026-09-13T07:10:33.4104801Z     |                             ^^^^^^^^^^^^
2026-09-13T07:10:33.4105074Z ...
2026-09-13T07:10:33.4105261Z 162 | / opaque_control_ref!(
2026-09-13T07:10:33.4105501Z 163 | |     InformationRef,
2026-09-13T07:10:33.4106095Z 164 | |     "Referencia nominal a información dentro del dominio de control."
2026-09-13T07:10:33.4106494Z 165 | | );
2026-09-13T07:10:33.4106700Z     | |_- in this macro invocation
2026-09-13T07:10:33.4106947Z     |
2026-09-13T07:10:33.4107221Z     = note: `#[warn(dead_code)]` (part of `#[warn(unused)]`) on by default
2026-09-13T07:10:33.4107872Z     = note: this warning originates in the macro `opaque_control_ref` (in Nightly builds, run with -Z macro-backtrace for more info)
2026-09-13T07:10:33.4108349Z 
2026-09-13T07:10:33.4108502Z warning: associated function `from_core_id` is never used
2026-09-13T07:10:33.4109117Z    --> sv_core/src/control.rs:155:27
2026-09-13T07:10:33.4109372Z     |
2026-09-13T07:10:33.4109559Z 141 |           impl $name {
2026-09-13T07:10:33.4109861Z     |           ---------- associated function in this implementation
2026-09-13T07:10:33.4110184Z ...
2026-09-13T07:10:33.4110435Z 155 |               pub(crate) fn from_core_id(id: ControlId) -> Self {
2026-09-13T07:10:33.4110778Z     |                             ^^^^^^^^^^^^
2026-09-13T07:10:33.4111033Z ...
2026-09-13T07:10:33.4111219Z 166 | / opaque_control_ref!(
2026-09-13T07:10:33.4111465Z 167 | |     AdmittedEvidenceRef,
2026-09-13T07:10:33.4116814Z 168 | |     "Referencia a evidencia cuya admisión debe proceder de una verificación gobernada."
2026-09-13T07:10:33.4117586Z 169 | | );
2026-09-13T07:10:33.4117991Z     | |_- in this macro invocation
2026-09-13T07:10:33.4118383Z     |
2026-09-13T07:10:33.4119204Z     = note: this warning originates in the macro `opaque_control_ref` (in Nightly builds, run with -Z macro-backtrace for more info)
2026-09-13T07:10:33.4119990Z 
2026-09-13T07:10:33.4120285Z warning: associated function `from_core_id` is never used
2026-09-13T07:10:33.4120892Z    --> sv_core/src/control.rs:155:27
2026-09-13T07:10:33.4121330Z     |
2026-09-13T07:10:33.4121665Z 141 |           impl $name {
2026-09-13T07:10:33.4122162Z     |           ---------- associated function in this implementation
2026-09-13T07:10:33.4122710Z ...
2026-09-13T07:10:33.4123150Z 155 |               pub(crate) fn from_core_id(id: ControlId) -> Self {
2026-09-13T07:10:33.4123749Z     |                             ^^^^^^^^^^^^
2026-09-13T07:10:33.4124202Z ...
2026-09-13T07:10:33.4124534Z 170 | / opaque_control_ref!(
2026-09-13T07:10:33.4124965Z 171 | |     ConstitutedFactRef,
2026-09-13T07:10:33.4125897Z 172 | |     "Referencia a un hecho semántico constituido; no equivale a autoridad."
2026-09-13T07:10:33.4126589Z 173 | | );
2026-09-13T07:10:33.4126941Z     | |_- in this macro invocation
2026-09-13T07:10:33.4127380Z     |
2026-09-13T07:10:33.4128233Z     = note: this warning originates in the macro `opaque_control_ref` (in Nightly builds, run with -Z macro-backtrace for more info)
2026-09-13T07:10:33.4129344Z 
2026-09-13T07:10:33.4129822Z warning: associated function `from_core_id` is never used
2026-09-13T07:10:33.4130456Z    --> sv_core/src/control.rs:155:27
2026-09-13T07:10:33.4130895Z     |
2026-09-13T07:10:33.4131225Z 141 |           impl $name {
2026-09-13T07:10:33.4131746Z     |           ---------- associated function in this implementation
2026-09-13T07:10:33.4132306Z ...
2026-09-13T07:10:33.4132744Z 155 |               pub(crate) fn from_core_id(id: ControlId) -> Self {
2026-09-13T07:10:33.4133337Z     |                             ^^^^^^^^^^^^
2026-09-13T07:10:33.4133778Z ...
2026-09-13T07:10:33.4134095Z 174 | / opaque_control_ref!(
2026-09-13T07:10:33.4134508Z 175 | |     AuthorityRef,
2026-09-13T07:10:33.4135483Z 176 | |     "Referencia a autoridad constituida; su constructor no forma parte de la API pública."
2026-09-13T07:10:33.4136296Z 177 | | );
2026-09-13T07:10:33.4136642Z     | |_- in this macro invocation
2026-09-13T07:10:33.4137069Z     |
2026-09-13T07:10:33.4137930Z     = note: this warning originates in the macro `opaque_control_ref` (in Nightly builds, run with -Z macro-backtrace for more info)
2026-09-13T07:10:33.4138993Z 
2026-09-13T07:10:33.4139262Z warning: associated function `from_core_id` is never used
2026-09-13T07:10:33.4139851Z    --> sv_core/src/control.rs:155:27
2026-09-13T07:10:33.4140287Z     |
2026-09-13T07:10:33.4140604Z 141 |           impl $name {
2026-09-13T07:10:33.4141118Z     |           ---------- associated function in this implementation
2026-09-13T07:10:33.4141684Z ...
2026-09-13T07:10:33.4142117Z 155 |               pub(crate) fn from_core_id(id: ControlId) -> Self {
2026-09-13T07:10:33.4142704Z     |                             ^^^^^^^^^^^^
2026-09-13T07:10:33.4143159Z ...
2026-09-13T07:10:33.4143484Z 178 | / opaque_control_ref!(
2026-09-13T07:10:33.4143903Z 179 | |     EnablementRef,
2026-09-13T07:10:33.4144740Z 180 | |     "Referencia a una habilitación de autoridad ya existente; no amplía autoridad."
2026-09-13T07:10:33.4145492Z 181 | | );
2026-09-13T07:10:33.4145837Z     | |_- in this macro invocation
2026-09-13T07:10:33.4146271Z     |
2026-09-13T07:10:33.4147106Z     = note: this warning originates in the macro `opaque_control_ref` (in Nightly builds, run with -Z macro-backtrace for more info)
2026-09-13T07:10:33.4147939Z 
2026-09-13T07:10:33.4148206Z warning: associated function `from_core_id` is never used
2026-09-13T07:10:33.4148954Z    --> sv_core/src/control.rs:155:27
2026-09-13T07:10:33.4149383Z     |
2026-09-13T07:10:33.4149683Z 141 |           impl $name {
2026-09-13T07:10:33.4150184Z     |           ---------- associated function in this implementation
2026-09-13T07:10:33.4150738Z ...
2026-09-13T07:10:33.4151179Z 155 |               pub(crate) fn from_core_id(id: ControlId) -> Self {
2026-09-13T07:10:33.4151787Z     |                             ^^^^^^^^^^^^
2026-09-13T07:10:33.4152451Z ...
2026-09-13T07:10:33.4152786Z 186 | / opaque_control_ref!(
2026-09-13T07:10:33.4153185Z 187 | |     FormRef,
2026-09-13T07:10:33.4153780Z 188 | |     "Referencia a una forma de transición constituida."
2026-09-13T07:10:33.4154345Z 189 | | );
2026-09-13T07:10:33.4154695Z     | |_- in this macro invocation
2026-09-13T07:10:33.4155119Z     |
2026-09-13T07:10:33.4155940Z     = note: this warning originates in the macro `opaque_control_ref` (in Nightly builds, run with -Z macro-backtrace for more info)
2026-09-13T07:10:33.4156776Z 
2026-09-13T07:10:33.4157038Z warning: associated function `from_core_id` is never used
2026-09-13T07:10:33.4157620Z    --> sv_core/src/control.rs:155:27
2026-09-13T07:10:33.4158055Z     |
2026-09-13T07:10:33.4158376Z 141 |           impl $name {
2026-09-13T07:10:33.4159076Z     |           ---------- associated function in this implementation
2026-09-13T07:10:33.4159633Z ...
2026-09-13T07:10:33.4160062Z 155 |               pub(crate) fn from_core_id(id: ControlId) -> Self {
2026-09-13T07:10:33.4160664Z     |                             ^^^^^^^^^^^^
2026-09-13T07:10:33.4161108Z ...
2026-09-13T07:10:33.4161426Z 190 | / opaque_control_ref!(
2026-09-13T07:10:33.4161839Z 191 | |     EffectFamilyRef,
2026-09-13T07:10:33.4162721Z 192 | |     "Referencia a una familia de efectos fijada por constitución."
2026-09-13T07:10:33.4163371Z 193 | | );
2026-09-13T07:10:33.4163736Z     | |_- in this macro invocation
2026-09-13T07:10:33.4164161Z     |
2026-09-13T07:10:33.4164981Z     = note: this warning originates in the macro `opaque_control_ref` (in Nightly builds, run with -Z macro-backtrace for more info)
2026-09-13T07:10:33.4165801Z 
2026-09-13T07:10:33.4166066Z warning: associated function `from_core_id` is never used
2026-09-13T07:10:33.4166644Z    --> sv_core/src/control.rs:155:27
2026-09-13T07:10:33.4167038Z     |
2026-09-13T07:10:33.4167319Z 141 |           impl $name {
2026-09-13T07:10:33.4167773Z     |           ---------- associated function in this implementation
2026-09-13T07:10:33.4168297Z ...
2026-09-13T07:10:33.4168881Z 155 |               pub(crate) fn from_core_id(id: ControlId) -> Self {
2026-09-13T07:10:33.4169418Z     |                             ^^^^^^^^^^^^
2026-09-13T07:10:33.4169801Z ...
2026-09-13T07:10:33.4170085Z 194 | / opaque_control_ref!(
2026-09-13T07:10:33.4170437Z 195 | |     EffectRef,
2026-09-13T07:10:33.4170978Z 196 | |     "Referencia a un efecto concreto; identificarlo no equivale a autorizarlo."
2026-09-13T07:10:33.4171630Z 197 | | );
2026-09-13T07:10:33.4171940Z     | |_- in this macro invocation
2026-09-13T07:10:33.4172309Z     |
2026-09-13T07:10:33.4173039Z     = note: this warning originates in the macro `opaque_control_ref` (in Nightly builds, run with -Z macro-backtrace for more info)
2026-09-13T07:10:33.4173857Z 
2026-09-13T07:10:33.4174112Z warning: associated function `from_core_id` is never used
2026-09-13T07:10:33.4174703Z    --> sv_core/src/control.rs:155:27
2026-09-13T07:10:33.4175157Z     |
2026-09-13T07:10:33.4175481Z 141 |           impl $name {
2026-09-13T07:10:33.4175992Z     |           ---------- associated function in this implementation
2026-09-13T07:10:33.4176572Z ...
2026-09-13T07:10:33.4177053Z 155 |               pub(crate) fn from_core_id(id: ControlId) -> Self {
2026-09-13T07:10:33.4177673Z     |                             ^^^^^^^^^^^^
2026-09-13T07:10:33.4178149Z ...
2026-09-13T07:10:33.4178510Z 198 | / opaque_control_ref!(
2026-09-13T07:10:33.4179164Z 199 | |     ContextRef,
2026-09-13T07:10:33.4179802Z 200 | |     "Referencia a una ligadura de contexto relevante para autoridad o forma."
2026-09-13T07:10:33.4180467Z 201 | | );
2026-09-13T07:10:33.4180793Z     | |_- in this macro invocation
2026-09-13T07:10:33.4181191Z     |
2026-09-13T07:10:33.4181986Z     = note: this warning originates in the macro `opaque_control_ref` (in Nightly builds, run with -Z macro-backtrace for more info)
2026-09-13T07:10:33.4182782Z 
2026-09-13T07:10:33.4183039Z warning: associated function `from_core_id` is never used
2026-09-13T07:10:33.4183822Z    --> sv_core/src/control.rs:155:27
2026-09-13T07:10:33.4184246Z     |
2026-09-13T07:10:33.4184560Z 141 |           impl $name {
2026-09-13T07:10:33.4185045Z     |           ---------- associated function in this implementation
2026-09-13T07:10:33.4185579Z ...
2026-09-13T07:10:33.4186003Z 155 |               pub(crate) fn from_core_id(id: ControlId) -> Self {
2026-09-13T07:10:33.4186577Z     |                             ^^^^^^^^^^^^
2026-09-13T07:10:33.4186992Z ...
2026-09-13T07:10:33.4187295Z 202 | / opaque_control_ref!(
2026-09-13T07:10:33.4187693Z 203 | |     AuthorityHolderRef,
2026-09-13T07:10:33.4188510Z 204 | |     "Referencia al titular de una autoridad; no constituye autoridad por sí misma."
2026-09-13T07:10:33.4189407Z 205 | | );
2026-09-13T07:10:33.4189752Z     | |_- in this macro invocation
2026-09-13T07:10:33.4190163Z     |
2026-09-13T07:10:33.4190968Z     = note: this warning originates in the macro `opaque_control_ref` (in Nightly builds, run with -Z macro-backtrace for more info)
2026-09-13T07:10:33.4191790Z 
2026-09-13T07:10:33.4192053Z warning: associated function `from_core_id` is never used
2026-09-13T07:10:33.4192634Z    --> sv_core/src/control.rs:155:27
2026-09-13T07:10:33.4193060Z     |
2026-09-13T07:10:33.4193588Z 141 |           impl $name {
2026-09-13T07:10:33.4194122Z     |           ---------- associated function in this implementation
2026-09-13T07:10:33.4194683Z ...
2026-09-13T07:10:33.4195136Z 155 |               pub(crate) fn from_core_id(id: ControlId) -> Self {
2026-09-13T07:10:33.4195711Z     |                             ^^^^^^^^^^^^
2026-09-13T07:10:33.4196148Z ...
2026-09-13T07:10:33.4196461Z 206 | / opaque_control_ref!(
2026-09-13T07:10:33.4196877Z 207 | |     GovernedObjectRef,
2026-09-13T07:10:33.4197518Z 208 | |     "Referencia a un objeto candidato a pertenecer al dominio gobernado D_a."
2026-09-13T07:10:33.4198214Z 209 | | );
2026-09-13T07:10:33.4198551Z     | |_- in this macro invocation
2026-09-13T07:10:33.4199205Z     |
2026-09-13T07:10:33.4199954Z     = note: this warning originates in the macro `opaque_control_ref` (in Nightly builds, run with -Z macro-backtrace for more info)
2026-09-13T07:10:33.4200436Z 
2026-09-13T07:10:33.4200593Z warning: associated function `from_core_id` is never used
2026-09-13T07:10:33.4200943Z    --> sv_core/src/control.rs:155:27
2026-09-13T07:10:33.4201198Z     |
2026-09-13T07:10:33.4201393Z 141 |           impl $name {
2026-09-13T07:10:33.4201692Z     |           ---------- associated function in this implementation
2026-09-13T07:10:33.4202011Z ...
2026-09-13T07:10:33.4202263Z 155 |               pub(crate) fn from_core_id(id: ControlId) -> Self {
2026-09-13T07:10:33.4202604Z     |                             ^^^^^^^^^^^^
2026-09-13T07:10:33.4202865Z ...
2026-09-13T07:10:33.4203051Z 210 | / opaque_control_ref!(
2026-09-13T07:10:33.4203295Z 211 | |     AccumulationRuleRef,
2026-09-13T07:10:33.4203811Z 212 | |     "Referencia a una regla gobernada de acumulación o a un predicado de traza."
2026-09-13T07:10:33.4204221Z 213 | | );
2026-09-13T07:10:33.4204431Z     | |_- in this macro invocation
2026-09-13T07:10:33.4204670Z     |
2026-09-13T07:10:33.4205138Z     = note: this warning originates in the macro `opaque_control_ref` (in Nightly builds, run with -Z macro-backtrace for more info)
2026-09-13T07:10:33.4205617Z 
2026-09-13T07:10:33.4205764Z warning: associated function `from_core_id` is never used
2026-09-13T07:10:33.4206093Z    --> sv_core/src/control.rs:155:27
2026-09-13T07:10:33.4206345Z     |
2026-09-13T07:10:33.4206533Z 141 |           impl $name {
2026-09-13T07:10:33.4206838Z     |           ---------- associated function in this implementation
2026-09-13T07:10:33.4207155Z ...
2026-09-13T07:10:33.4207404Z 155 |               pub(crate) fn from_core_id(id: ControlId) -> Self {
2026-09-13T07:10:33.4207742Z     |                             ^^^^^^^^^^^^
2026-09-13T07:10:33.4207994Z ...
2026-09-13T07:10:33.4208179Z 214 | / opaque_control_ref!(
2026-09-13T07:10:33.4208418Z 215 | |     RequirementRef,
2026-09-13T07:10:33.4209514Z 216 | |     "Referencia a una obligación de Req; identificarla no acredita su cumplimiento."
2026-09-13T07:10:33.4209959Z 217 | | );
2026-09-13T07:10:33.4210166Z     | |_- in this macro invocation
2026-09-13T07:10:33.4210418Z     |
2026-09-13T07:10:33.4210915Z     = note: this warning originates in the macro `opaque_control_ref` (in Nightly builds, run with -Z macro-backtrace for more info)
2026-09-13T07:10:33.4211402Z 
2026-09-13T07:10:33.4211564Z warning: associated function `from_core_id` is never used
2026-09-13T07:10:33.4211906Z    --> sv_core/src/control.rs:155:27
2026-09-13T07:10:33.4212161Z     |
2026-09-13T07:10:33.4212353Z 141 |           impl $name {
2026-09-13T07:10:33.4212656Z     |           ---------- associated function in this implementation
2026-09-13T07:10:33.4212979Z ...
2026-09-13T07:10:33.4213243Z 155 |               pub(crate) fn from_core_id(id: ControlId) -> Self {
2026-09-13T07:10:33.4213587Z     |                             ^^^^^^^^^^^^
2026-09-13T07:10:33.4213856Z ...
2026-09-13T07:10:33.4214057Z 218 | / opaque_control_ref!(
2026-09-13T07:10:33.4214303Z 219 | |     VerifierRef,
2026-09-13T07:10:33.4214707Z 220 | |     "Referencia a un verificador concreto; su mera existencia no acredita aplicabilidad."
2026-09-13T07:10:33.4215148Z 221 | | );
2026-09-13T07:10:33.4215487Z     | |_- in this macro invocation
2026-09-13T07:10:33.4215738Z     |
2026-09-13T07:10:33.4216217Z     = note: this warning originates in the macro `opaque_control_ref` (in Nightly builds, run with -Z macro-backtrace for more info)
2026-09-13T07:10:33.4216691Z 
2026-09-13T07:10:33.4216838Z warning: associated function `from_core_id` is never used
2026-09-13T07:10:33.4217183Z    --> sv_core/src/control.rs:155:27
2026-09-13T07:10:33.4217435Z     |
2026-09-13T07:10:33.4217618Z 141 |           impl $name {
2026-09-13T07:10:33.4217905Z     |           ---------- associated function in this implementation
2026-09-13T07:10:33.4218219Z ...
2026-09-13T07:10:33.4218471Z 155 |               pub(crate) fn from_core_id(id: ControlId) -> Self {
2026-09-13T07:10:33.4219069Z     |                             ^^^^^^^^^^^^
2026-09-13T07:10:33.4219329Z ...
2026-09-13T07:10:33.4219513Z 222 | / opaque_control_ref!(
2026-09-13T07:10:33.4219753Z 223 | |     VerifierFamilyRef,
2026-09-13T07:10:33.4220220Z 224 | |     "Referencia a una familia de verificadores admisibles para una obligación."
2026-09-13T07:10:33.4220624Z 225 | | );
2026-09-13T07:10:33.4220822Z     | |_- in this macro invocation
2026-09-13T07:10:33.4221060Z     |
2026-09-13T07:10:33.4221528Z     = note: this warning originates in the macro `opaque_control_ref` (in Nightly builds, run with -Z macro-backtrace for more info)
2026-09-13T07:10:33.4221991Z 
2026-09-13T07:10:33.4222139Z warning: associated function `from_core_id` is never used
2026-09-13T07:10:33.4222473Z    --> sv_core/src/control.rs:155:27
2026-09-13T07:10:33.4222720Z     |
2026-09-13T07:10:33.4222911Z 141 |           impl $name {
2026-09-13T07:10:33.4223197Z     |           ---------- associated function in this implementation
2026-09-13T07:10:33.4223518Z ...
2026-09-13T07:10:33.4223760Z 155 |               pub(crate) fn from_core_id(id: ControlId) -> Self {
2026-09-13T07:10:33.4224097Z     |                             ^^^^^^^^^^^^
2026-09-13T07:10:33.4224346Z ...
2026-09-13T07:10:33.4224536Z 226 | / opaque_control_ref!(
2026-09-13T07:10:33.4224781Z 227 | |     ApplicabilityRuleRef,
2026-09-13T07:10:33.4225274Z 228 | |     "Referencia a una regla previamente constituida de aplicabilidad de comprobación."
2026-09-13T07:10:33.4225696Z 229 | | );
2026-09-13T07:10:33.4225894Z     | |_- in this macro invocation
2026-09-13T07:10:33.4226135Z     |
2026-09-13T07:10:33.4226604Z     = note: this warning originates in the macro `opaque_control_ref` (in Nightly builds, run with -Z macro-backtrace for more info)
2026-09-13T07:10:33.4227075Z 
2026-09-13T07:10:33.4227224Z warning: associated function `from_core_id` is never used
2026-09-13T07:10:33.4227559Z    --> sv_core/src/control.rs:155:27
2026-09-13T07:10:33.4227809Z     |
2026-09-13T07:10:33.4228128Z 141 |           impl $name {
2026-09-13T07:10:33.4228418Z     |           ---------- associated function in this implementation
2026-09-13T07:10:33.4228954Z ...
2026-09-13T07:10:33.4229219Z 155 |               pub(crate) fn from_core_id(id: ControlId) -> Self {
2026-09-13T07:10:33.4229562Z     |                             ^^^^^^^^^^^^
2026-09-13T07:10:33.4229825Z ...
2026-09-13T07:10:33.4230031Z 230 | / opaque_control_ref!(
2026-09-13T07:10:33.4230294Z 231 | |     ConflictResolutionRuleRef,
2026-09-13T07:10:33.4230882Z 232 | |     "Referencia a una regla previamente constituida de resolución de conflicto entre comprobaciones."
2026-09-13T07:10:33.4231361Z 233 | | );
2026-09-13T07:10:33.4231564Z     | |_- in this macro invocation
2026-09-13T07:10:33.4231804Z     |
2026-09-13T07:10:33.4232279Z     = note: this warning originates in the macro `opaque_control_ref` (in Nightly builds, run with -Z macro-backtrace for more info)
2026-09-13T07:10:33.4232750Z 
2026-09-13T07:10:33.4232898Z warning: associated function `from_core_id` is never used
2026-09-13T07:10:33.4233251Z    --> sv_core/src/control.rs:155:27
2026-09-13T07:10:33.4233504Z     |
2026-09-13T07:10:33.4233688Z 141 |           impl $name {
2026-09-13T07:10:33.4234107Z     |           ---------- associated function in this implementation
2026-09-13T07:10:33.4234428Z ...
2026-09-13T07:10:33.4234679Z 155 |               pub(crate) fn from_core_id(id: ControlId) -> Self {
2026-09-13T07:10:33.4235056Z     |                             ^^^^^^^^^^^^
2026-09-13T07:10:33.4235316Z ...
2026-09-13T07:10:33.4235505Z 234 | / opaque_control_ref!(
2026-09-13T07:10:33.4235744Z 235 | |     CoverageRuleRef,
2026-09-13T07:10:33.4236170Z 236 | |     "Referencia a una regla previamente constituida de cobertura de comprobaciones exigibles."
2026-09-13T07:10:33.4236625Z 237 | | );
2026-09-13T07:10:33.4236834Z     | |_- in this macro invocation
2026-09-13T07:10:33.4237078Z     |
2026-09-13T07:10:33.4237556Z     = note: this warning originates in the macro `opaque_control_ref` (in Nightly builds, run with -Z macro-backtrace for more info)
2026-09-13T07:10:33.4238025Z 
2026-09-13T07:10:33.4238180Z warning: associated function `from_core_id` is never used
2026-09-13T07:10:33.4238522Z    --> sv_core/src/control.rs:155:27
2026-09-13T07:10:33.4238991Z     |
2026-09-13T07:10:33.4239182Z 141 |           impl $name {
2026-09-13T07:10:33.4239478Z     |           ---------- associated function in this implementation
2026-09-13T07:10:33.4239803Z ...
2026-09-13T07:10:33.4240053Z 155 |               pub(crate) fn from_core_id(id: ControlId) -> Self {
2026-09-13T07:10:33.4240403Z     |                             ^^^^^^^^^^^^
2026-09-13T07:10:33.4240664Z ...
2026-09-13T07:10:33.4240853Z 238 | / opaque_control_ref!(
2026-09-13T07:10:33.4241108Z 239 | |     ReuseRuleRef,
2026-09-13T07:10:33.4241632Z 240 | |     "Referencia a una regla previamente constituida de reutilización de resultados cualificados."
2026-09-13T07:10:33.4242100Z 241 | | );
2026-09-13T07:10:33.4242303Z     | |_- in this macro invocation
2026-09-13T07:10:33.4242554Z     |
2026-09-13T07:10:33.4243028Z     = note: this warning originates in the macro `opaque_control_ref` (in Nightly builds, run with -Z macro-backtrace for more info)
2026-09-13T07:10:33.4243508Z 
2026-09-13T07:10:33.4243663Z warning: associated function `from_core_id` is never used
2026-09-13T07:10:33.4243997Z    --> sv_core/src/control.rs:155:27
2026-09-13T07:10:33.4244248Z     |
2026-09-13T07:10:33.4244435Z 141 |           impl $name {
2026-09-13T07:10:33.4244724Z     |           ---------- associated function in this implementation
2026-09-13T07:10:33.4245035Z ...
2026-09-13T07:10:33.4245285Z 155 |               pub(crate) fn from_core_id(id: ControlId) -> Self {
2026-09-13T07:10:33.4245626Z     |                             ^^^^^^^^^^^^
2026-09-13T07:10:33.4245879Z ...
2026-09-13T07:10:33.4246062Z 242 | / opaque_control_ref!(
2026-09-13T07:10:33.4246314Z 243 | |     ReuseBindingKeyRef,
2026-09-13T07:10:33.4246900Z 244 | |     "Referencia a una dimensión constituida cuya continuidad puede ser exigible para reutilizar un resultado."
2026-09-13T07:10:33.4247537Z 245 | | );
2026-09-13T07:10:33.4247740Z     | |_- in this macro invocation
2026-09-13T07:10:33.4247988Z     |
2026-09-13T07:10:33.4248480Z     = note: this warning originates in the macro `opaque_control_ref` (in Nightly builds, run with -Z macro-backtrace for more info)
2026-09-13T07:10:33.4249288Z 
2026-09-13T07:10:33.4249444Z warning: associated function `from_core_id` is never used
2026-09-13T07:10:33.4249787Z    --> sv_core/src/control.rs:155:27
2026-09-13T07:10:33.4250042Z     |
2026-09-13T07:10:33.4250227Z 141 |           impl $name {
2026-09-13T07:10:33.4250531Z     |           ---------- associated function in this implementation
2026-09-13T07:10:33.4250846Z ...
2026-09-13T07:10:33.4251099Z 155 |               pub(crate) fn from_core_id(id: ControlId) -> Self {
2026-09-13T07:10:33.4251438Z     |                             ^^^^^^^^^^^^
2026-09-13T07:10:33.4263539Z ...
2026-09-13T07:10:33.4263889Z 246 | / opaque_control_ref!(
2026-09-13T07:10:33.4264217Z 247 | |     ReuseBindingValueRef,
2026-09-13T07:10:33.4264956Z 248 | |     "Referencia al valor constituido de una dimensión de reutilización; identificarlo no acredita su vigencia."
2026-09-13T07:10:33.4265669Z 249 | | );
2026-09-13T07:10:33.4265890Z     | |_- in this macro invocation
2026-09-13T07:10:33.4266146Z     |
2026-09-13T07:10:33.4266645Z     = note: this warning originates in the macro `opaque_control_ref` (in Nightly builds, run with -Z macro-backtrace for more info)
2026-09-13T07:10:33.4267140Z 
2026-09-13T07:10:33.4267261Z warning: constant `PROFILE_ID` is never used
2026-09-13T07:10:33.4267579Z  --> sv_core/src/identifier_profile.rs:6:18
2026-09-13T07:10:33.4267852Z   |
2026-09-13T07:10:33.4268134Z 6 | pub(crate) const PROFILE_ID: &str = "svp-grammar-0.2-lex-es-1";
2026-09-13T07:10:33.4268497Z   |                  ^^^^^^^^^^
2026-09-13T07:10:33.4268903Z 
2026-09-13T07:10:33.4269049Z warning: function `is_reserved_word` is never used
2026-09-13T07:10:33.4269400Z   --> sv_core/src/identifier_profile.rs:22:15
2026-09-13T07:10:33.4269675Z    |
2026-09-13T07:10:33.4269922Z 22 | pub(crate) fn is_reserved_word(word: &str) -> bool {
2026-09-13T07:10:33.4270235Z    |               ^^^^^^^^^^^^^^^^
2026-09-13T07:10:33.4270402Z 
2026-09-13T07:10:33.4270530Z warning: method `matches_descriptor` is never used
2026-09-13T07:10:33.4270865Z    --> sv_core/src/requirements_reuse.rs:121:19
2026-09-13T07:10:33.4271148Z     |
2026-09-13T07:10:33.4271346Z  44 | impl ReuseRule {
2026-09-13T07:10:33.4271602Z     | -------------- method in this implementation
2026-09-13T07:10:33.4271881Z ...
2026-09-13T07:10:33.4272239Z 121 |     pub(crate) fn matches_descriptor(&self, descriptor: &RequirementDescriptor) -> bool {
2026-09-13T07:10:33.4272688Z     |                   ^^^^^^^^^^^^^^^^^^
2026-09-13T07:10:33.4272868Z 
2026-09-13T07:10:33.4273041Z warning: hiding a lifetime that's elided elsewhere is confusing
2026-09-13T07:10:33.4273423Z     --> sv_core/src/frontend.rs:2084:13
2026-09-13T07:10:33.4273693Z      |
2026-09-13T07:10:33.4273896Z 2084 |     fn peek(&self) -> &Token {
2026-09-13T07:10:33.4274184Z      |             ^^^^^     ^^^^^^
2026-09-13T07:10:33.4274433Z      |             |         ||
2026-09-13T07:10:33.4274711Z      |             |         |the same lifetime is hidden here
2026-09-13T07:10:33.4275046Z      |             |         the same lifetime is elided here
2026-09-13T07:10:33.4275363Z      |             the lifetime is elided here
2026-09-13T07:10:33.4275629Z      |
2026-09-13T07:10:33.4275988Z      = help: the same lifetime is referred to in inconsistent ways, making the signature confusing
2026-09-13T07:10:33.4276503Z      = note: `#[warn(mismatched_lifetime_syntaxes)]` on by default
2026-09-13T07:10:33.4276856Z help: use `'_` for type paths
2026-09-13T07:10:33.4277090Z      |
2026-09-13T07:10:33.4277300Z 2084 |     fn peek(&self) -> &Token<'_> {
2026-09-13T07:10:33.4277576Z      |                             ++++
2026-09-13T07:10:33.4277886Z 
2026-09-13T07:10:33.4278183Z warning: `sv_core` (lib) generated 25 warnings (run `cargo fix --lib -p sv_core` to apply 1 suggestion)
2026-09-13T07:10:33.4279250Z    Compiling sv_core v0.1.0 (/home/runner/work/SV-lenguaje-de-computacion/SV-lenguaje-de-computacion/rust/sv_core)
2026-09-13T07:10:33.4934143Z warning: function `check_witness` is never used
2026-09-13T07:10:33.4934860Z   --> sv_core/examples/../../../tests/row7_gh/probe.rs:59:8
2026-09-13T07:10:33.4935424Z    |
2026-09-13T07:10:33.4935875Z 59 | pub fn check_witness(witness: &str) -> Result<(), String> {
2026-09-13T07:10:33.4936460Z    |        ^^^^^^^^^^^^^
2026-09-13T07:10:33.4936833Z    |
2026-09-13T07:10:33.4937303Z    = note: `#[warn(dead_code)]` (part of `#[warn(unused)]`) on by default
2026-09-13T07:10:33.4937794Z 
2026-09-13T07:10:33.8584363Z warning: `sv_core` (example "gh_binding_probe_browser") generated 1 warning
2026-09-13T07:10:33.8584910Z     Finished `release` profile [optimized] target(s) in 0.45s
2026-09-13T07:10:33.9085333Z (node:14160) ExperimentalWarning: WASI is an experimental feature and might change at any time
2026-09-13T07:10:33.9086059Z (Use `node --trace-warnings ...` to show where the warning was created)
2026-09-13T07:10:35.3640150Z {
2026-09-13T07:10:35.3640948Z   "verification": "CONFORME_EN_TRANSPORTE_DOCUMENTAL",
2026-09-13T07:10:35.3641518Z   "transports": 48,
2026-09-13T07:10:35.3641793Z   "full_recoveries": 16,
2026-09-13T07:10:35.3642122Z   "recoveries_with_declared_side_information": 16,
2026-09-13T07:10:35.3642823Z   "reduced_controls": 16,
2026-09-13T07:10:35.3643281Z   "losses_in_H": 8,
2026-09-13T07:10:35.3643628Z   "matrix": {
2026-09-13T07:10:35.3643957Z     "g10": 15,
2026-09-13T07:10:35.3644323Z     "lsv": 44,
2026-09-13T07:10:35.3644622Z     "links": 81,
2026-09-13T07:10:35.3644962Z     "specified": 12,
2026-09-13T07:10:35.3645202Z     "documentary": 8,
2026-09-13T07:10:35.3645426Z     "families": 6,
2026-09-13T07:10:35.3645634Z     "queries": 18,
2026-09-13T07:10:35.3646058Z     "reviewed_document_sha256": "1927c3ac2605f01128d46f2aaed74516d9915463c5949625aabbd8bd324ac15f",
2026-09-13T07:10:35.3646596Z     "reviewed_document_content_matches": true,
2026-09-13T07:10:35.3646918Z     "clinical_integration_executed": false,
2026-09-13T07:10:35.3647255Z     "decision_sufficiency_automatically_proven": false
2026-09-13T07:10:35.3647553Z   },
2026-09-13T07:10:35.3647758Z   "contract_hashes_recomputed": 48,
2026-09-13T07:10:35.3648192Z   "codec_reference_hash": "beff99707d648d591714e431b462bf61546da931771a6168cd80b1c8037f7dc0",
2026-09-13T07:10:35.3648912Z   "program_projection_bytes_hashed": true,
2026-09-13T07:10:35.3649351Z   "program_semantics_independently_revalidated": false,
2026-09-13T07:10:35.3649726Z   "executor_run_proven_by_report_alone": false,
2026-09-13T07:10:35.3650028Z   "sv_query_executed": false,
2026-09-13T07:10:35.3650270Z   "q0_executed": false,
2026-09-13T07:10:35.3650515Z   "clinical_authority_authenticated": false,
2026-09-13T07:10:35.3650794Z   "sensitivity": {
2026-09-13T07:10:35.3651037Z     "reserialized_control": "ACCEPTED",
2026-09-13T07:10:35.3651321Z     "directed_mutations": 28,
2026-09-13T07:10:35.3651563Z     "survivors": 0,
2026-09-13T07:10:35.3651812Z     "semantic_artifact_hashes_recalculated": true,
2026-09-13T07:10:35.3652165Z     "semantic_contract_hashes_recalculated": true,
2026-09-13T07:10:35.3652456Z     "results": [
2026-09-13T07:10:35.3652658Z       {
2026-09-13T07:10:35.3652858Z         "id": "MG01_omitir_transporte",
2026-09-13T07:10:35.3653131Z         "expected": "INVENTARIO",
2026-09-13T07:10:35.3653387Z         "actual": "INVENTARIO"
2026-09-13T07:10:35.3653617Z       },
2026-09-13T07:10:35.3653796Z       {
2026-09-13T07:10:35.3653995Z         "id": "MG02_duplicar_identidad",
2026-09-13T07:10:35.3654272Z         "expected": "IDENTIDAD_TESTIGO",
2026-09-13T07:10:35.3654546Z         "actual": "IDENTIDAD_TESTIGO"
2026-09-13T07:10:35.3654793Z       },
2026-09-13T07:10:35.3654968Z       {
2026-09-13T07:10:35.3655198Z         "id": "MG03_procedencia_con_huella_recalculada",
2026-09-13T07:10:35.3655831Z         "expected": "PROCEDENCIA",
2026-09-13T07:10:35.3656094Z         "actual": "PROCEDENCIA"
2026-09-13T07:10:35.3656326Z       },
2026-09-13T07:10:35.3656506Z       {
2026-09-13T07:10:35.3656708Z         "id": "MG04_detalle_oculto_en_H",
2026-09-13T07:10:35.3656983Z         "expected": "PROCEDENCIA",
2026-09-13T07:10:35.3657232Z         "actual": "PROCEDENCIA"
2026-09-13T07:10:35.3657458Z       },
2026-09-13T07:10:35.3657640Z       {
2026-09-13T07:10:35.3657828Z         "id": "MG05_S_retirada",
2026-09-13T07:10:35.3658082Z         "expected": "INVENTARIO_S",
2026-09-13T07:10:35.3658348Z         "actual": "INVENTARIO_S"
2026-09-13T07:10:35.3658577Z       },
2026-09-13T07:10:35.3659143Z       {
2026-09-13T07:10:35.3659353Z         "id": "MG06_S_atribuida_a_H",
2026-09-13T07:10:35.3659629Z         "expected": "ALCANCE_S",
2026-09-13T07:10:35.3659907Z         "actual": "ALCANCE_S"
2026-09-13T07:10:35.3660173Z       },
2026-09-13T07:10:35.3660394Z       {
2026-09-13T07:10:35.3660662Z         "id": "MG07_operacion_sustituida",
2026-09-13T07:10:35.3660996Z         "expected": "OPERACION",
2026-09-13T07:10:35.3661247Z         "actual": "OPERACION"
2026-09-13T07:10:35.3661473Z       },
2026-09-13T07:10:35.3661659Z       {
2026-09-13T07:10:35.3662005Z         "id": "MG08_referente_sustituido",
2026-09-13T07:10:35.3662287Z         "expected": "REFERENTE",
2026-09-13T07:10:35.3662531Z         "actual": "REFERENTE"
2026-09-13T07:10:35.3662753Z       },
2026-09-13T07:10:35.3662927Z       {
2026-09-13T07:10:35.3663118Z         "id": "MG09_H_filtra_estado",
2026-09-13T07:10:35.3663394Z         "expected": "CONTRATO_RECALCULO",
2026-09-13T07:10:35.3663674Z         "actual": "CONTRATO_RECALCULO"
2026-09-13T07:10:35.3663924Z       },
2026-09-13T07:10:35.3664102Z       {
2026-09-13T07:10:35.3664305Z         "id": "MG10_huella_de_artefacto",
2026-09-13T07:10:35.3664586Z         "expected": "ARTEFACTO_INTEGRIDAD",
2026-09-13T07:10:35.3664869Z         "actual": "ARTEFACTO_INTEGRIDAD"
2026-09-13T07:10:35.3665131Z       },
2026-09-13T07:10:35.3665306Z       {
2026-09-13T07:10:35.3665508Z         "id": "MG11_artefacto_lateral_oculto",
2026-09-13T07:10:35.3665804Z         "expected": "REGISTRO_ARTEFACTOS",
2026-09-13T07:10:35.3666079Z         "actual": "REGISTRO_ARTEFACTOS"
2026-09-13T07:10:35.3666336Z       },
2026-09-13T07:10:35.3666517Z       {
2026-09-13T07:10:35.3666712Z         "id": "MG12_formulacion_omitida",
2026-09-13T07:10:35.3666999Z         "expected": "MATRIZ_INVENTARIO",
2026-09-13T07:10:35.3667272Z         "actual": "MATRIZ_INVENTARIO"
2026-09-13T07:10:35.3667667Z       },
2026-09-13T07:10:35.3667845Z       {
2026-09-13T07:10:35.3668047Z         "id": "MG13_SP_cerrada_sin_ejecucion",
2026-09-13T07:10:35.3668338Z         "expected": "MATRIZ_SP_ESTADO",
2026-09-13T07:10:35.3668605Z         "actual": "MATRIZ_SP_ESTADO"
2026-09-13T07:10:35.3669269Z       },
2026-09-13T07:10:35.3669446Z       {
2026-09-13T07:10:35.3669644Z         "id": "MG14_fila_cerrada",
2026-09-13T07:10:35.3669911Z         "expected": "MATRIZ_ALCANCE",
2026-09-13T07:10:35.3670181Z         "actual": "MATRIZ_ALCANCE"
2026-09-13T07:10:35.3670414Z       },
2026-09-13T07:10:35.3670592Z       {
2026-09-13T07:10:35.3670833Z         "id": "MG15_S_sustituida_con_huella_recalculada",
2026-09-13T07:10:35.3671162Z         "expected": "CONTENIDO_S",
2026-09-13T07:10:35.3671421Z         "actual": "CONTENIDO_S"
2026-09-13T07:10:35.3671655Z       },
2026-09-13T07:10:35.3671833Z       {
2026-09-13T07:10:35.3672035Z         "id": "MG16_definicion_sustituida",
2026-09-13T07:10:35.3672315Z         "expected": "DEFINICION",
2026-09-13T07:10:35.3672571Z         "actual": "DEFINICION"
2026-09-13T07:10:35.3672798Z       },
2026-09-13T07:10:35.3672979Z       {
2026-09-13T07:10:35.3673163Z         "id": "MH01_huella_F0",
2026-09-13T07:10:35.3673412Z         "expected": "CONTRATO_RECALCULO",
2026-09-13T07:10:35.3673698Z         "actual": "CONTRATO_RECALCULO"
2026-09-13T07:10:35.3673944Z       },
2026-09-13T07:10:35.3674119Z       {
2026-09-13T07:10:35.3674516Z         "id": "MH02_huella_HS",
2026-09-13T07:10:35.3674953Z         "expected": "CONTRATO_RECALCULO",
2026-09-13T07:10:35.3675352Z         "actual": "CONTRATO_RECALCULO"
2026-09-13T07:10:35.3675605Z       },
2026-09-13T07:10:35.3675779Z       {
2026-09-13T07:10:35.3675978Z         "id": "MH03_ambas_H_falsas",
2026-09-13T07:10:35.3676241Z         "expected": "CONTRATO_RECALCULO",
2026-09-13T07:10:35.3676511Z         "actual": "CONTRATO_RECALCULO"
2026-09-13T07:10:35.3676756Z       },
2026-09-13T07:10:35.3676941Z       {
2026-09-13T07:10:35.3677147Z         "id": "MH04_todas_las_huellas_cero",
2026-09-13T07:10:35.3677430Z         "expected": "CONTRATO_RECALCULO",
2026-09-13T07:10:35.3677702Z         "actual": "CONTRATO_RECALCULO"
2026-09-13T07:10:35.3677946Z       },
2026-09-13T07:10:35.3678122Z       {
2026-09-13T07:10:35.3678318Z         "id": "MH05_propietario_y_huella",
2026-09-13T07:10:35.3678593Z         "expected": "CONTRATO_TESTIGO",
2026-09-13T07:10:35.3679327Z         "actual": "CONTRATO_TESTIGO"
2026-09-13T07:10:35.3679623Z       },
2026-09-13T07:10:35.3679797Z       {
2026-09-13T07:10:35.3679988Z         "id": "MH06_alias_y_huella",
2026-09-13T07:10:35.3680249Z         "expected": "CONTRATO_TESTIGO",
2026-09-13T07:10:35.3680675Z         "actual": "CONTRATO_TESTIGO"
2026-09-13T07:10:35.3680917Z       },
2026-09-13T07:10:35.3681086Z       {
2026-09-13T07:10:35.3681277Z         "id": "MH07_artefacto_y_huella",
2026-09-13T07:10:35.3681543Z         "expected": "CONTRATO_TESTIGO",
2026-09-13T07:10:35.3681802Z         "actual": "CONTRATO_TESTIGO"
2026-09-13T07:10:35.3682039Z       },
2026-09-13T07:10:35.3682209Z       {
2026-09-13T07:10:35.3682428Z         "id": "MH08_proyeccion_contractual_y_huella",
2026-09-13T07:10:35.3682738Z         "expected": "CONTRATO_TESTIGO",
2026-09-13T07:10:35.3682998Z         "actual": "CONTRATO_TESTIGO"
2026-09-13T07:10:35.3683237Z       },
2026-09-13T07:10:35.3683410Z       {
2026-09-13T07:10:35.3683600Z         "id": "MH09_fuente_portadora",
2026-09-13T07:10:35.3683869Z         "expected": "PROGRAMA_FUENTE",
2026-09-13T07:10:35.3684131Z         "actual": "PROGRAMA_FUENTE"
2026-09-13T07:10:35.3684373Z       },
2026-09-13T07:10:35.3684550Z       {
2026-09-13T07:10:35.3684755Z         "id": "MH10_proyeccion_sin_metadatos",
2026-09-13T07:10:35.3685065Z         "expected": "PROGRAMA_PROYECCION",
2026-09-13T07:10:35.3685359Z         "actual": "PROGRAMA_PROYECCION"
2026-09-13T07:10:35.3685611Z       },
2026-09-13T07:10:35.3685786Z       {
2026-09-13T07:10:35.3685975Z         "id": "MH11_contrato_ausente",
2026-09-13T07:10:35.3686238Z         "expected": "CONTRATO_TESTIGO",
2026-09-13T07:10:35.3686501Z         "actual": "CONTRATO_TESTIGO"
2026-09-13T07:10:35.3686741Z       },
2026-09-13T07:10:35.3686915Z       {
2026-09-13T07:10:35.3687100Z         "id": "MH12_clase_y_huella",
2026-09-13T07:10:35.3687359Z         "expected": "CONTRATO_TESTIGO",
2026-09-13T07:10:35.3687622Z         "actual": "CONTRATO_TESTIGO"
2026-09-13T07:10:35.3687860Z       }
2026-09-13T07:10:35.3688040Z     ]
2026-09-13T07:10:35.3688224Z   },
2026-09-13T07:10:35.3688412Z   "input_sensitivity": {
2026-09-13T07:10:35.3688891Z     "entrypoint": "CLI",
2026-09-13T07:10:35.3689184Z     "raw_input_control": "ACCEPTED",
2026-09-13T07:10:35.3689474Z     "reserialized_control": "ACCEPTED",
2026-09-13T07:10:35.3689745Z     "directed_mutations": 15,
2026-09-13T07:10:35.3689984Z     "survivors": 0,
2026-09-13T07:10:35.3690189Z     "results": [
2026-09-13T07:10:35.3690385Z       {
2026-09-13T07:10:35.3690578Z         "id": "ME01_schema_repetido",
2026-09-13T07:10:35.3690849Z         "expected": "JSON_CLAVE_REPETIDA",
2026-09-13T07:10:35.3691132Z         "actual": "JSON_CLAVE_REPETIDA"
2026-09-13T07:10:35.3691381Z       },
2026-09-13T07:10:35.3691561Z       {
2026-09-13T07:10:35.3691751Z         "id": "ME02_results_repetido",
2026-09-13T07:10:35.3692028Z         "expected": "JSON_CLAVE_REPETIDA",
2026-09-13T07:10:35.3692304Z         "actual": "JSON_CLAVE_REPETIDA"
2026-09-13T07:10:35.3692552Z       },
2026-09-13T07:10:35.3692866Z       {
2026-09-13T07:10:35.3693069Z         "id": "ME03_propietario_repetido",
2026-09-13T07:10:35.3693349Z         "expected": "JSON_CLAVE_REPETIDA",
2026-09-13T07:10:35.3693663Z         "actual": "JSON_CLAVE_REPETIDA"
2026-09-13T07:10:35.3693959Z       },
2026-09-13T07:10:35.3694268Z       {
2026-09-13T07:10:35.3694630Z         "id": "ME04_clave_escapada_repetida",
2026-09-13T07:10:35.3695132Z         "expected": "JSON_CLAVE_REPETIDA",
2026-09-13T07:10:35.3695603Z         "actual": "JSON_CLAVE_REPETIDA"
2026-09-13T07:10:35.3695983Z       },
2026-09-13T07:10:35.3696278Z       {
2026-09-13T07:10:35.3696603Z         "id": "ME05_matriz_repetida",
2026-09-13T07:10:35.3697010Z         "expected": "JSON_CLAVE_REPETIDA",
2026-09-13T07:10:35.3697294Z         "actual": "JSON_CLAVE_REPETIDA"
2026-09-13T07:10:35.3697549Z       },
2026-09-13T07:10:35.3697728Z       {
2026-09-13T07:10:35.3697928Z         "id": "ME06_proyeccion_repetida",
2026-09-13T07:10:35.3698264Z         "expected": "PROGRAMA_PROYECCION:JSON_CLAVE_REPETIDA",
2026-09-13T07:10:35.3698890Z         "actual": "PROGRAMA_PROYECCION:JSON_CLAVE_REPETIDA"
2026-09-13T07:10:35.3699241Z       },
2026-09-13T07:10:35.3699423Z       {
2026-09-13T07:10:35.3699628Z         "id": "ME07_utf8_invalido",
2026-09-13T07:10:35.3700047Z         "expected": "JSON_UTF8",
2026-09-13T07:10:35.3700317Z         "actual": "JSON_UTF8"
2026-09-13T07:10:35.3700547Z       },
2026-09-13T07:10:35.3700725Z       {
2026-09-13T07:10:35.3700920Z         "id": "ME08_unicode_invalido",
2026-09-13T07:10:35.3701189Z         "expected": "JSON_UNICODE",
2026-09-13T07:10:35.3701446Z         "actual": "JSON_UNICODE"
2026-09-13T07:10:35.3701674Z       },
2026-09-13T07:10:35.3701850Z       {
2026-09-13T07:10:35.3702061Z         "id": "ME09_entero_fuera_de_subconjunto",
2026-09-13T07:10:35.3702362Z         "expected": "JSON_NUMERO_RANGO",
2026-09-13T07:10:35.3702653Z         "actual": "JSON_NUMERO_RANGO"
2026-09-13T07:10:35.3702903Z       },
2026-09-13T07:10:35.3703081Z       {
2026-09-13T07:10:35.3703276Z         "id": "ME10_forma_numerica",
2026-09-13T07:10:35.3703541Z         "expected": "JSON_NUMERO_FORMA",
2026-09-13T07:10:35.3703819Z         "actual": "JSON_NUMERO_FORMA"
2026-09-13T07:10:35.3704063Z       },
2026-09-13T07:10:35.3704236Z       {
2026-09-13T07:10:35.3704432Z         "id": "ME11_clave_que_reordena",
2026-09-13T07:10:35.3704703Z         "expected": "JSON_CLAVE_INDICE",
2026-09-13T07:10:35.3704967Z         "actual": "JSON_CLAVE_INDICE"
2026-09-13T07:10:35.3705210Z       },
2026-09-13T07:10:35.3705381Z       {
2026-09-13T07:10:35.3705570Z         "id": "ME12_matriz_prosa",
2026-09-13T07:10:35.3705830Z         "expected": "MATRIZ_HUELLA",
2026-09-13T07:10:35.3706086Z         "actual": "MATRIZ_HUELLA"
2026-09-13T07:10:35.3706325Z       },
2026-09-13T07:10:35.3706501Z       {
2026-09-13T07:10:35.3706697Z         "id": "ME13_matriz_reserializada",
2026-09-13T07:10:35.3706980Z         "expected": "MATRIZ_HUELLA",
2026-09-13T07:10:35.3707239Z         "actual": "MATRIZ_HUELLA"
2026-09-13T07:10:35.3707479Z       },
2026-09-13T07:10:35.3707656Z       {
2026-09-13T07:10:35.3707873Z         "id": "ME14_matriz_propiedad_adicional",
2026-09-13T07:10:35.3708172Z         "expected": "MATRIZ_HUELLA",
2026-09-13T07:10:35.3708430Z         "actual": "MATRIZ_HUELLA"
2026-09-13T07:10:35.3708946Z       },
2026-09-13T07:10:35.3709139Z       {
2026-09-13T07:10:35.3709360Z         "id": "ME15_variante_conflictiva_repetida",
2026-09-13T07:10:35.3709684Z         "expected": "JSON_CLAVE_REPETIDA",
2026-09-13T07:10:35.3709966Z         "actual": "JSON_CLAVE_REPETIDA"
2026-09-13T07:10:35.3710221Z       }
2026-09-13T07:10:35.3710397Z     ]
2026-09-13T07:10:35.3710572Z   },
2026-09-13T07:10:35.3710761Z   "matrix_sensitivity": {
2026-09-13T07:10:35.3711004Z     "entrypoint": "API",
2026-09-13T07:10:35.3711249Z     "reviewed_control": "ACCEPTED",
2026-09-13T07:10:35.3711517Z     "directed_mutations": 104,
2026-09-13T07:10:35.3711758Z     "survivors": 0,
2026-09-13T07:10:35.3711969Z     "results": [
2026-09-13T07:10:35.3712347Z       {
2026-09-13T07:10:35.3712542Z         "treatment": "IDENTIDAD",
2026-09-13T07:10:35.3712798Z         "field": "operation",
2026-09-13T07:10:35.3713046Z         "expected": "MATRIZ_CONTENIDO",
2026-09-13T07:10:35.3713319Z         "actual": "MATRIZ_CONTENIDO"
2026-09-13T07:10:35.3713572Z       },
2026-09-13T07:10:35.3713751Z       {
2026-09-13T07:10:35.3713940Z         "treatment": "IDENTIDAD",
2026-09-13T07:10:35.3714188Z         "field": "contract",
2026-09-13T07:10:35.3714429Z         "expected": "MATRIZ_CONTENIDO",
2026-09-13T07:10:35.3714700Z         "actual": "MATRIZ_CONTENIDO"
2026-09-13T07:10:35.3714943Z       },
2026-09-13T07:10:35.3715120Z       {
2026-09-13T07:10:35.3715307Z         "treatment": "IDENTIDAD",
2026-09-13T07:10:35.3715551Z         "field": "available",
2026-09-13T07:10:35.3715791Z         "expected": "MATRIZ_CONTENIDO",
2026-09-13T07:10:35.3716054Z         "actual": "MATRIZ_CONTENIDO"
2026-09-13T07:10:35.3716291Z       },
2026-09-13T07:10:35.3716462Z       {
2026-09-13T07:10:35.3716651Z         "treatment": "IDENTIDAD",
2026-09-13T07:10:35.3716895Z         "field": "excluded",
2026-09-13T07:10:35.3717132Z         "expected": "MATRIZ_CONTENIDO",
2026-09-13T07:10:35.3717397Z         "actual": "MATRIZ_CONTENIDO"
2026-09-13T07:10:35.3717635Z       },
2026-09-13T07:10:35.3717929Z       {
2026-09-13T07:10:35.3718121Z         "treatment": "IDENTIDAD",
2026-09-13T07:10:35.3718369Z         "field": "responsible",
2026-09-13T07:10:35.3718853Z         "expected": "MATRIZ_CONTENIDO",
2026-09-13T07:10:35.3719154Z         "actual": "MATRIZ_CONTENIDO"
2026-09-13T07:10:35.3719398Z       },
2026-09-13T07:10:35.3719577Z       {
2026-09-13T07:10:35.3719770Z         "treatment": "IDENTIDAD",
2026-09-13T07:10:35.3720017Z         "field": "stage",
2026-09-13T07:10:35.3720256Z         "expected": "MATRIZ_CONTENIDO",
2026-09-13T07:10:35.3720523Z         "actual": "MATRIZ_CONTENIDO"
2026-09-13T07:10:35.3720763Z       },
2026-09-13T07:10:35.3720937Z       {
2026-09-13T07:10:35.3721127Z         "treatment": "IDENTIDAD",
2026-09-13T07:10:35.3721388Z         "field": "reentry_condition",
2026-09-13T07:10:35.3721653Z         "expected": "MATRIZ_CONTENIDO",
2026-09-13T07:10:35.3721919Z         "actual": "MATRIZ_CONTENIDO"
2026-09-13T07:10:35.3722159Z       },
2026-09-13T07:10:35.3722340Z       {
2026-09-13T07:10:35.3722531Z         "treatment": "IDENTIDAD",
2026-09-13T07:10:35.3722781Z         "field": "evidence",
2026-09-13T07:10:35.3723034Z         "expected": "MATRIZ_CONTENIDO",
2026-09-13T07:10:35.3723297Z         "actual": "MATRIZ_CONTENIDO"
2026-09-13T07:10:35.3723533Z       },
2026-09-13T07:10:35.3723709Z       {
2026-09-13T07:10:35.3723897Z         "treatment": "BYTES",
2026-09-13T07:10:35.3724145Z         "field": "operation",
2026-09-13T07:10:35.3724400Z         "expected": "MATRIZ_CONTENIDO",
2026-09-13T07:10:35.3724668Z         "actual": "MATRIZ_CONTENIDO"
2026-09-13T07:10:35.3724914Z       },
2026-09-13T07:10:35.3725091Z       {
2026-09-13T07:10:35.3725277Z         "treatment": "BYTES",
2026-09-13T07:10:35.3725522Z         "field": "contract",
2026-09-13T07:10:35.3725760Z         "expected": "MATRIZ_CONTENIDO",
2026-09-13T07:10:35.3726024Z         "actual": "MATRIZ_CONTENIDO"
2026-09-13T07:10:35.3726263Z       },
2026-09-13T07:10:35.3726439Z       {
2026-09-13T07:10:35.3726626Z         "treatment": "BYTES",
2026-09-13T07:10:35.3726858Z         "field": "available",
2026-09-13T07:10:35.3727098Z         "expected": "MATRIZ_CONTENIDO",
2026-09-13T07:10:35.3727364Z         "actual": "MATRIZ_CONTENIDO"
2026-09-13T07:10:35.3727602Z       },
2026-09-13T07:10:35.3727776Z       {
2026-09-13T07:10:35.3727962Z         "treatment": "BYTES",
2026-09-13T07:10:35.3728199Z         "field": "excluded",
2026-09-13T07:10:35.3728437Z         "expected": "MATRIZ_CONTENIDO",
2026-09-13T07:10:35.3728946Z         "actual": "MATRIZ_CONTENIDO"
2026-09-13T07:10:35.3729200Z       },
2026-09-13T07:10:35.3729376Z       {
2026-09-13T07:10:35.3729564Z         "treatment": "BYTES",
2026-09-13T07:10:35.3729800Z         "field": "responsible",
2026-09-13T07:10:35.3730186Z         "expected": "MATRIZ_CONTENIDO",
2026-09-13T07:10:35.3730448Z         "actual": "MATRIZ_CONTENIDO"
2026-09-13T07:10:35.3730689Z       },
2026-09-13T07:10:35.3730863Z       {
2026-09-13T07:10:35.3731050Z         "treatment": "BYTES",
2026-09-13T07:10:35.3731284Z         "field": "stage",
2026-09-13T07:10:35.3731514Z         "expected": "MATRIZ_CONTENIDO",
2026-09-13T07:10:35.3731775Z         "actual": "MATRIZ_CONTENIDO"
2026-09-13T07:10:35.3732015Z       },
2026-09-13T07:10:35.3732193Z       {
2026-09-13T07:10:35.3732379Z         "treatment": "BYTES",
2026-09-13T07:10:35.3732619Z         "field": "reentry_condition",
2026-09-13T07:10:35.3732884Z         "expected": "MATRIZ_CONTENIDO",
2026-09-13T07:10:35.3733153Z         "actual": "MATRIZ_CONTENIDO"
2026-09-13T07:10:35.3733397Z       },
2026-09-13T07:10:35.3733574Z       {
2026-09-13T07:10:35.3733764Z         "treatment": "BYTES",
2026-09-13T07:10:35.3733996Z         "field": "evidence",
2026-09-13T07:10:35.3734232Z         "expected": "MATRIZ_CONTENIDO",
2026-09-13T07:10:35.3734506Z         "actual": "MATRIZ_CONTENIDO"
2026-09-13T07:10:35.3734748Z       },
2026-09-13T07:10:35.3734922Z       {
2026-09-13T07:10:35.3735107Z         "treatment": "CONTEXTO",
2026-09-13T07:10:35.3735470Z         "field": "operation",
2026-09-13T07:10:35.3735713Z         "expected": "MATRIZ_CONTENIDO",
2026-09-13T07:10:35.3735976Z         "actual": "MATRIZ_CONTENIDO"
2026-09-13T07:10:35.3736213Z       },
2026-09-13T07:10:35.3736391Z       {
2026-09-13T07:10:35.3736573Z         "treatment": "CONTEXTO",
2026-09-13T07:10:35.3736812Z         "field": "contract",
2026-09-13T07:10:35.3737047Z         "expected": "MATRIZ_CONTENIDO",
2026-09-13T07:10:35.3737309Z         "actual": "MATRIZ_CONTENIDO"
2026-09-13T07:10:35.3737547Z       },
2026-09-13T07:10:35.3737720Z       {
2026-09-13T07:10:35.3737906Z         "treatment": "CONTEXTO",
2026-09-13T07:10:35.3738145Z         "field": "available",
2026-09-13T07:10:35.3738387Z         "expected": "MATRIZ_CONTENIDO",
2026-09-13T07:10:35.3738870Z         "actual": "MATRIZ_CONTENIDO"
2026-09-13T07:10:35.3739143Z       },
2026-09-13T07:10:35.3739325Z       {
2026-09-13T07:10:35.3739514Z         "treatment": "CONTEXTO",
2026-09-13T07:10:35.3739763Z         "field": "excluded",
2026-09-13T07:10:35.3740007Z         "expected": "MATRIZ_CONTENIDO",
2026-09-13T07:10:35.3740271Z         "actual": "MATRIZ_CONTENIDO"
2026-09-13T07:10:35.3740515Z       },
2026-09-13T07:10:35.3740695Z       {
2026-09-13T07:10:35.3740882Z         "treatment": "CONTEXTO",
2026-09-13T07:10:35.3741126Z         "field": "responsible",
2026-09-13T07:10:35.3741373Z         "expected": "MATRIZ_CONTENIDO",
2026-09-13T07:10:35.3741634Z         "actual": "MATRIZ_CONTENIDO"
2026-09-13T07:10:35.3741892Z       },
2026-09-13T07:10:35.3742067Z       {
2026-09-13T07:10:35.3742257Z         "treatment": "CONTEXTO",
2026-09-13T07:10:35.3742494Z         "field": "stage",
2026-09-13T07:10:35.3742728Z         "expected": "MATRIZ_CONTENIDO",
2026-09-13T07:10:35.3742995Z         "actual": "MATRIZ_CONTENIDO"
2026-09-13T07:10:35.3743240Z       },
2026-09-13T07:10:35.3743413Z       {
2026-09-13T07:10:35.3743598Z         "treatment": "CONTEXTO",
2026-09-13T07:10:35.3743848Z         "field": "reentry_condition",
2026-09-13T07:10:35.3744114Z         "expected": "MATRIZ_CONTENIDO",
2026-09-13T07:10:35.3744373Z         "actual": "MATRIZ_CONTENIDO"
2026-09-13T07:10:35.3744621Z       },
2026-09-13T07:10:35.3744799Z       {
2026-09-13T07:10:35.3744986Z         "treatment": "CONTEXTO",
2026-09-13T07:10:35.3745225Z         "field": "evidence",
2026-09-13T07:10:35.3745462Z         "expected": "MATRIZ_CONTENIDO",
2026-09-13T07:10:35.3745723Z         "actual": "MATRIZ_CONTENIDO"
2026-09-13T07:10:35.3745961Z       },
2026-09-13T07:10:35.3746133Z       {
2026-09-13T07:10:35.3746321Z         "treatment": "CLINICA",
2026-09-13T07:10:35.3746559Z         "field": "operation",
2026-09-13T07:10:35.3746803Z         "expected": "MATRIZ_CONTENIDO",
2026-09-13T07:10:35.3747069Z         "actual": "MATRIZ_CONTENIDO"
2026-09-13T07:10:35.3747437Z       },
2026-09-13T07:10:35.3747614Z       {
2026-09-13T07:10:35.3747798Z         "treatment": "CLINICA",
2026-09-13T07:10:35.3748033Z         "field": "contract",
2026-09-13T07:10:35.3748271Z         "expected": "MATRIZ_CONTENIDO",
2026-09-13T07:10:35.3748540Z         "actual": "MATRIZ_CONTENIDO"
2026-09-13T07:10:35.3748997Z       },
2026-09-13T07:10:35.3749176Z       {
2026-09-13T07:10:35.3749364Z         "treatment": "CLINICA",
2026-09-13T07:10:35.3749608Z         "field": "available",
2026-09-13T07:10:35.3749849Z         "expected": "MATRIZ_CONTENIDO",
2026-09-13T07:10:35.3750114Z         "actual": "MATRIZ_CONTENIDO"
2026-09-13T07:10:35.3750356Z       },
2026-09-13T07:10:35.3750531Z       {
2026-09-13T07:10:35.3750714Z         "treatment": "CLINICA",
2026-09-13T07:10:35.3750953Z         "field": "excluded",
2026-09-13T07:10:35.3751191Z         "expected": "MATRIZ_CONTENIDO",
2026-09-13T07:10:35.3751452Z         "actual": "MATRIZ_CONTENIDO"
2026-09-13T07:10:35.3751698Z       },
2026-09-13T07:10:35.3751875Z       {
2026-09-13T07:10:35.3752063Z         "treatment": "CLINICA",
2026-09-13T07:10:35.3752302Z         "field": "responsible",
2026-09-13T07:10:35.3752556Z         "expected": "MATRIZ_CONTENIDO",
2026-09-13T07:10:35.3752943Z         "actual": "MATRIZ_CONTENIDO"
2026-09-13T07:10:35.3753189Z       },
2026-09-13T07:10:35.3753367Z       {
2026-09-13T07:10:35.3753552Z         "treatment": "CLINICA",
2026-09-13T07:10:35.3753786Z         "field": "stage",
2026-09-13T07:10:35.3754018Z         "expected": "MATRIZ_CONTENIDO",
2026-09-13T07:10:35.3754278Z         "actual": "MATRIZ_CONTENIDO"
2026-09-13T07:10:35.3754515Z       },
2026-09-13T07:10:35.3754685Z       {
2026-09-13T07:10:35.3754868Z         "treatment": "CLINICA",
2026-09-13T07:10:35.3755111Z         "field": "reentry_condition",
2026-09-13T07:10:35.3755374Z         "expected": "MATRIZ_CONTENIDO",
2026-09-13T07:10:35.3755636Z         "actual": "MATRIZ_CONTENIDO"
2026-09-13T07:10:35.3755875Z       },
2026-09-13T07:10:35.3756057Z       {
2026-09-13T07:10:35.3756240Z         "treatment": "CLINICA",
2026-09-13T07:10:35.3756474Z         "field": "evidence",
2026-09-13T07:10:35.3756710Z         "expected": "MATRIZ_CONTENIDO",
2026-09-13T07:10:35.3756970Z         "actual": "MATRIZ_CONTENIDO"
2026-09-13T07:10:35.3757213Z       },
2026-09-13T07:10:35.3757388Z       {
2026-09-13T07:10:35.3757579Z         "treatment": "AUTORIDAD",
2026-09-13T07:10:35.3757831Z         "field": "operation",
2026-09-13T07:10:35.3758070Z         "expected": "MATRIZ_CONTENIDO",
2026-09-13T07:10:35.3758329Z         "actual": "MATRIZ_CONTENIDO"
2026-09-13T07:10:35.3758567Z       },
2026-09-13T07:10:35.3758946Z       {
2026-09-13T07:10:35.3759140Z         "treatment": "AUTORIDAD",
2026-09-13T07:10:35.3759385Z         "field": "contract",
2026-09-13T07:10:35.3759626Z         "expected": "MATRIZ_CONTENIDO",
2026-09-13T07:10:35.3759886Z         "actual": "MATRIZ_CONTENIDO"
2026-09-13T07:10:35.3760127Z       },
2026-09-13T07:10:35.3760300Z       {
2026-09-13T07:10:35.3760493Z         "treatment": "AUTORIDAD",
2026-09-13T07:10:35.3760743Z         "field": "available",
2026-09-13T07:10:35.3760985Z         "expected": "MATRIZ_CONTENIDO",
2026-09-13T07:10:35.3761255Z         "actual": "MATRIZ_CONTENIDO"
2026-09-13T07:10:35.3761501Z       },
2026-09-13T07:10:35.3761676Z       {
2026-09-13T07:10:35.3761865Z         "treatment": "AUTORIDAD",
2026-09-13T07:10:35.3762110Z         "field": "excluded",
2026-09-13T07:10:35.3762350Z         "expected": "MATRIZ_CONTENIDO",
2026-09-13T07:10:35.3762613Z         "actual": "MATRIZ_CONTENIDO"
2026-09-13T07:10:35.3762854Z       },
2026-09-13T07:10:35.3763029Z       {
2026-09-13T07:10:35.3763227Z         "treatment": "AUTORIDAD",
2026-09-13T07:10:35.3763472Z         "field": "responsible",
2026-09-13T07:10:35.3763715Z         "expected": "MATRIZ_CONTENIDO",
2026-09-13T07:10:35.3763976Z         "actual": "MATRIZ_CONTENIDO"
2026-09-13T07:10:35.3764215Z       },
2026-09-13T07:10:35.3764388Z       {
2026-09-13T07:10:35.3764574Z         "treatment": "AUTORIDAD",
2026-09-13T07:10:35.3764944Z         "field": "stage",
2026-09-13T07:10:35.3765175Z         "expected": "MATRIZ_CONTENIDO",
2026-09-13T07:10:35.3765435Z         "actual": "MATRIZ_CONTENIDO"
2026-09-13T07:10:35.3765680Z       },
2026-09-13T07:10:35.3765867Z       {
2026-09-13T07:10:35.3766058Z         "treatment": "AUTORIDAD",
2026-09-13T07:10:35.3766310Z         "field": "reentry_condition",
2026-09-13T07:10:35.3766576Z         "expected": "MATRIZ_CONTENIDO",
2026-09-13T07:10:35.3766839Z         "actual": "MATRIZ_CONTENIDO"
2026-09-13T07:10:35.3767080Z       },
2026-09-13T07:10:35.3767256Z       {
2026-09-13T07:10:35.3767442Z         "treatment": "AUTORIDAD",
2026-09-13T07:10:35.3767689Z         "field": "evidence",
2026-09-13T07:10:35.3767930Z         "expected": "MATRIZ_CONTENIDO",
2026-09-13T07:10:35.3768195Z         "actual": "MATRIZ_CONTENIDO"
2026-09-13T07:10:35.3768434Z       },
2026-09-13T07:10:35.3768786Z       {
2026-09-13T07:10:35.3769053Z         "treatment": "CRITICIDAD",
2026-09-13T07:10:35.3769318Z         "field": "operation",
2026-09-13T07:10:35.3769567Z         "expected": "MATRIZ_CONTENIDO",
2026-09-13T07:10:35.3769836Z         "actual": "MATRIZ_CONTENIDO"
2026-09-13T07:10:35.3770085Z       },
2026-09-13T07:10:35.3770407Z       {
2026-09-13T07:10:35.3770739Z         "treatment": "CRITICIDAD",
2026-09-13T07:10:35.3770994Z         "field": "contract",
2026-09-13T07:10:35.3771236Z         "expected": "MATRIZ_CONTENIDO",
2026-09-13T07:10:35.3771503Z         "actual": "MATRIZ_CONTENIDO"
2026-09-13T07:10:35.3771755Z       },
2026-09-13T07:10:35.3771934Z       {
2026-09-13T07:10:35.3772124Z         "treatment": "CRITICIDAD",
2026-09-13T07:10:35.3772376Z         "field": "available",
2026-09-13T07:10:35.3772623Z         "expected": "MATRIZ_CONTENIDO",
2026-09-13T07:10:35.3772887Z         "actual": "MATRIZ_CONTENIDO"
2026-09-13T07:10:35.3773126Z       },
2026-09-13T07:10:35.3773299Z       {
2026-09-13T07:10:35.3773491Z         "treatment": "CRITICIDAD",
2026-09-13T07:10:35.3773741Z         "field": "excluded",
2026-09-13T07:10:35.3773981Z         "expected": "MATRIZ_CONTENIDO",
2026-09-13T07:10:35.3774245Z         "actual": "MATRIZ_CONTENIDO"
2026-09-13T07:10:35.3774481Z       },
2026-09-13T07:10:35.3774654Z       {
2026-09-13T07:10:35.3774844Z         "treatment": "CRITICIDAD",
2026-09-13T07:10:35.3775093Z         "field": "responsible",
2026-09-13T07:10:35.3775339Z         "expected": "MATRIZ_CONTENIDO",
2026-09-13T07:10:35.3775601Z         "actual": "MATRIZ_CONTENIDO"
2026-09-13T07:10:35.3775840Z       },
2026-09-13T07:10:35.3776012Z       {
2026-09-13T07:10:35.3776198Z         "treatment": "CRITICIDAD",
2026-09-13T07:10:35.3776444Z         "field": "stage",
2026-09-13T07:10:35.3776684Z         "expected": "MATRIZ_CONTENIDO",
2026-09-13T07:10:35.3776956Z         "actual": "MATRIZ_CONTENIDO"
2026-09-13T07:10:35.3777195Z       },
2026-09-13T07:10:35.3777372Z       {
2026-09-13T07:10:35.3777565Z         "treatment": "CRITICIDAD",
2026-09-13T07:10:35.3777822Z         "field": "reentry_condition",
2026-09-13T07:10:35.3778096Z         "expected": "MATRIZ_CONTENIDO",
2026-09-13T07:10:35.3778360Z         "actual": "MATRIZ_CONTENIDO"
2026-09-13T07:10:35.3778605Z       },
2026-09-13T07:10:35.3778988Z       {
2026-09-13T07:10:35.3779188Z         "treatment": "CRITICIDAD",
2026-09-13T07:10:35.3779437Z         "field": "evidence",
2026-09-13T07:10:35.3779687Z         "expected": "MATRIZ_CONTENIDO",
2026-09-13T07:10:35.3779951Z         "actual": "MATRIZ_CONTENIDO"
2026-09-13T07:10:35.3780191Z       },
2026-09-13T07:10:35.3780366Z       {
2026-09-13T07:10:35.3780557Z         "treatment": "RESUMEN",
2026-09-13T07:10:35.3780809Z         "field": "operation",
2026-09-13T07:10:35.3781057Z         "expected": "MATRIZ_CONTENIDO",
2026-09-13T07:10:35.3781319Z         "actual": "MATRIZ_CONTENIDO"
2026-09-13T07:10:35.3781560Z       },
2026-09-13T07:10:35.3781736Z       {
2026-09-13T07:10:35.3781924Z         "treatment": "RESUMEN",
2026-09-13T07:10:35.3782161Z         "field": "contract",
2026-09-13T07:10:35.3782544Z         "expected": "MATRIZ_CONTENIDO",
2026-09-13T07:10:35.3782810Z         "actual": "MATRIZ_CONTENIDO"
2026-09-13T07:10:35.3783052Z       },
2026-09-13T07:10:35.3783228Z       {
2026-09-13T07:10:35.3783412Z         "treatment": "RESUMEN",
2026-09-13T07:10:35.3783657Z         "field": "available",
2026-09-13T07:10:35.3783897Z         "expected": "MATRIZ_CONTENIDO",
2026-09-13T07:10:35.3784158Z         "actual": "MATRIZ_CONTENIDO"
2026-09-13T07:10:35.3784398Z       },
2026-09-13T07:10:35.3784575Z       {
2026-09-13T07:10:35.3784758Z         "treatment": "RESUMEN",
2026-09-13T07:10:35.3784997Z         "field": "excluded",
2026-09-13T07:10:35.3785236Z         "expected": "MATRIZ_CONTENIDO",
2026-09-13T07:10:35.3785499Z         "actual": "MATRIZ_CONTENIDO"
2026-09-13T07:10:35.3785739Z       },
2026-09-13T07:10:35.3785915Z       {
2026-09-13T07:10:35.3786101Z         "treatment": "RESUMEN",
2026-09-13T07:10:35.3786342Z         "field": "responsible",
2026-09-13T07:10:35.3786590Z         "expected": "MATRIZ_CONTENIDO",
2026-09-13T07:10:35.3786862Z         "actual": "MATRIZ_CONTENIDO"
2026-09-13T07:10:35.3787106Z       },
2026-09-13T07:10:35.3787284Z       {
2026-09-13T07:10:35.3787469Z         "treatment": "RESUMEN",
2026-09-13T07:10:35.3800292Z         "field": "stage",
2026-09-13T07:10:35.3800960Z         "expected": "MATRIZ_CONTENIDO",
2026-09-13T07:10:35.3801358Z         "actual": "MATRIZ_CONTENIDO"
2026-09-13T07:10:35.3801628Z       },
2026-09-13T07:10:35.3801817Z       {
2026-09-13T07:10:35.3802016Z         "treatment": "RESUMEN",
2026-09-13T07:10:35.3802287Z         "field": "reentry_condition",
2026-09-13T07:10:35.3802572Z         "expected": "MATRIZ_CONTENIDO",
2026-09-13T07:10:35.3802847Z         "actual": "MATRIZ_CONTENIDO"
2026-09-13T07:10:35.3803093Z       },
2026-09-13T07:10:35.3803280Z       {
2026-09-13T07:10:35.3803485Z         "treatment": "RESUMEN",
2026-09-13T07:10:35.3803743Z         "field": "evidence",
2026-09-13T07:10:35.3803997Z         "expected": "MATRIZ_CONTENIDO",
2026-09-13T07:10:35.3804280Z         "actual": "MATRIZ_CONTENIDO"
2026-09-13T07:10:35.3804529Z       },
2026-09-13T07:10:35.3804714Z       {
2026-09-13T07:10:35.3804905Z         "treatment": "SALIDA",
2026-09-13T07:10:35.3805156Z         "field": "operation",
2026-09-13T07:10:35.3805423Z         "expected": "MATRIZ_CONTENIDO",
2026-09-13T07:10:35.3805695Z         "actual": "MATRIZ_CONTENIDO"
2026-09-13T07:10:35.3805940Z       },
2026-09-13T07:10:35.3806120Z       {
2026-09-13T07:10:35.3806320Z         "treatment": "SALIDA",
2026-09-13T07:10:35.3806555Z         "field": "contract",
2026-09-13T07:10:35.3806790Z         "expected": "MATRIZ_CONTENIDO",
2026-09-13T07:10:35.3807048Z         "actual": "MATRIZ_CONTENIDO"
2026-09-13T07:10:35.3807280Z       },
2026-09-13T07:10:35.3807454Z       {
2026-09-13T07:10:35.3807631Z         "treatment": "SALIDA",
2026-09-13T07:10:35.3807857Z         "field": "available",
2026-09-13T07:10:35.3808089Z         "expected": "MATRIZ_CONTENIDO",
2026-09-13T07:10:35.3808345Z         "actual": "MATRIZ_CONTENIDO"
2026-09-13T07:10:35.3808585Z       },
2026-09-13T07:10:35.3809044Z       {
2026-09-13T07:10:35.3809240Z         "treatment": "SALIDA",
2026-09-13T07:10:35.3809478Z         "field": "excluded",
2026-09-13T07:10:35.3809729Z         "expected": "MATRIZ_CONTENIDO",
2026-09-13T07:10:35.3809999Z         "actual": "MATRIZ_CONTENIDO"
2026-09-13T07:10:35.3810240Z       },
2026-09-13T07:10:35.3810419Z       {
2026-09-13T07:10:35.3810608Z         "treatment": "SALIDA",
2026-09-13T07:10:35.3810851Z         "field": "responsible",
2026-09-13T07:10:35.3811102Z         "expected": "MATRIZ_CONTENIDO",
2026-09-13T07:10:35.3811372Z         "actual": "MATRIZ_CONTENIDO"
2026-09-13T07:10:35.3811618Z       },
2026-09-13T07:10:35.3811796Z       {
2026-09-13T07:10:35.3811981Z         "treatment": "SALIDA",
2026-09-13T07:10:35.3812210Z         "field": "stage",
2026-09-13T07:10:35.3812478Z         "expected": "MATRIZ_CONTENIDO",
2026-09-13T07:10:35.3812743Z         "actual": "MATRIZ_CONTENIDO"
2026-09-13T07:10:35.3813133Z       },
2026-09-13T07:10:35.3813313Z       {
2026-09-13T07:10:35.3813499Z         "treatment": "SALIDA",
2026-09-13T07:10:35.3813738Z         "field": "reentry_condition",
2026-09-13T07:10:35.3814003Z         "expected": "MATRIZ_CONTENIDO",
2026-09-13T07:10:35.3814268Z         "actual": "MATRIZ_CONTENIDO"
2026-09-13T07:10:35.3814518Z       },
2026-09-13T07:10:35.3814693Z       {
2026-09-13T07:10:35.3814883Z         "treatment": "SALIDA",
2026-09-13T07:10:35.3815127Z         "field": "evidence",
2026-09-13T07:10:35.3815378Z         "expected": "MATRIZ_CONTENIDO",
2026-09-13T07:10:35.3815652Z         "actual": "MATRIZ_CONTENIDO"
2026-09-13T07:10:35.3815894Z       },
2026-09-13T07:10:35.3816073Z       {
2026-09-13T07:10:35.3816262Z         "treatment": "FALLO",
2026-09-13T07:10:35.3816501Z         "field": "operation",
2026-09-13T07:10:35.3816742Z         "expected": "MATRIZ_CONTENIDO",
2026-09-13T07:10:35.3817010Z         "actual": "MATRIZ_CONTENIDO"
2026-09-13T07:10:35.3817252Z       },
2026-09-13T07:10:35.3817433Z       {
2026-09-13T07:10:35.3817620Z         "treatment": "FALLO",
2026-09-13T07:10:35.3817853Z         "field": "contract",
2026-09-13T07:10:35.3818092Z         "expected": "MATRIZ_CONTENIDO",
2026-09-13T07:10:35.3818356Z         "actual": "MATRIZ_CONTENIDO"
2026-09-13T07:10:35.3818847Z       },
2026-09-13T07:10:35.3819044Z       {
2026-09-13T07:10:35.3819233Z         "treatment": "FALLO",
2026-09-13T07:10:35.3819464Z         "field": "available",
2026-09-13T07:10:35.3819703Z         "expected": "MATRIZ_CONTENIDO",
2026-09-13T07:10:35.3819979Z         "actual": "MATRIZ_CONTENIDO"
2026-09-13T07:10:35.3820219Z       },
2026-09-13T07:10:35.3820397Z       {
2026-09-13T07:10:35.3820581Z         "treatment": "FALLO",
2026-09-13T07:10:35.3820814Z         "field": "excluded",
2026-09-13T07:10:35.3821055Z         "expected": "MATRIZ_CONTENIDO",
2026-09-13T07:10:35.3821317Z         "actual": "MATRIZ_CONTENIDO"
2026-09-13T07:10:35.3821558Z       },
2026-09-13T07:10:35.3821737Z       {
2026-09-13T07:10:35.3821934Z         "treatment": "FALLO",
2026-09-13T07:10:35.3822184Z         "field": "responsible",
2026-09-13T07:10:35.3822442Z         "expected": "MATRIZ_CONTENIDO",
2026-09-13T07:10:35.3822715Z         "actual": "MATRIZ_CONTENIDO"
2026-09-13T07:10:35.3822955Z       },
2026-09-13T07:10:35.3823139Z       {
2026-09-13T07:10:35.3823330Z         "treatment": "FALLO",
2026-09-13T07:10:35.3823569Z         "field": "stage",
2026-09-13T07:10:35.3823807Z         "expected": "MATRIZ_CONTENIDO",
2026-09-13T07:10:35.3824072Z         "actual": "MATRIZ_CONTENIDO"
2026-09-13T07:10:35.3824313Z       },
2026-09-13T07:10:35.3824488Z       {
2026-09-13T07:10:35.3824674Z         "treatment": "FALLO",
2026-09-13T07:10:35.3824917Z         "field": "reentry_condition",
2026-09-13T07:10:35.3825185Z         "expected": "MATRIZ_CONTENIDO",
2026-09-13T07:10:35.3825444Z         "actual": "MATRIZ_CONTENIDO"
2026-09-13T07:10:35.3825682Z       },
2026-09-13T07:10:35.3825857Z       {
2026-09-13T07:10:35.3826040Z         "treatment": "FALLO",
2026-09-13T07:10:35.3826280Z         "field": "evidence",
2026-09-13T07:10:35.3826518Z         "expected": "MATRIZ_CONTENIDO",
2026-09-13T07:10:35.3826782Z         "actual": "MATRIZ_CONTENIDO"
2026-09-13T07:10:35.3827021Z       },
2026-09-13T07:10:35.3827199Z       {
2026-09-13T07:10:35.3827395Z         "treatment": "REPRODUCCION",
2026-09-13T07:10:35.3827649Z         "field": "operation",
2026-09-13T07:10:35.3827892Z         "expected": "MATRIZ_CONTENIDO",
2026-09-13T07:10:35.3828156Z         "actual": "MATRIZ_CONTENIDO"
2026-09-13T07:10:35.3828408Z       },
2026-09-13T07:10:35.3828586Z       {
2026-09-13T07:10:35.3828910Z         "treatment": "REPRODUCCION",
2026-09-13T07:10:35.3829175Z         "field": "contract",
2026-09-13T07:10:35.3829423Z         "expected": "MATRIZ_CONTENIDO",
2026-09-13T07:10:35.3829693Z         "actual": "MATRIZ_CONTENIDO"
2026-09-13T07:10:35.3829939Z       },
2026-09-13T07:10:35.3830115Z       {
2026-09-13T07:10:35.3830308Z         "treatment": "REPRODUCCION",
2026-09-13T07:10:35.3830694Z         "field": "available",
2026-09-13T07:10:35.3830936Z         "expected": "MATRIZ_CONTENIDO",
2026-09-13T07:10:35.3831200Z         "actual": "MATRIZ_CONTENIDO"
2026-09-13T07:10:35.3831441Z       },
2026-09-13T07:10:35.3831616Z       {
2026-09-13T07:10:35.3831809Z         "treatment": "REPRODUCCION",
2026-09-13T07:10:35.3832063Z         "field": "excluded",
2026-09-13T07:10:35.3832300Z         "expected": "MATRIZ_CONTENIDO",
2026-09-13T07:10:35.3832577Z         "actual": "MATRIZ_CONTENIDO"
2026-09-13T07:10:35.3832819Z       },
2026-09-13T07:10:35.3832994Z       {
2026-09-13T07:10:35.3833186Z         "treatment": "REPRODUCCION",
2026-09-13T07:10:35.3833443Z         "field": "responsible",
2026-09-13T07:10:35.3833692Z         "expected": "MATRIZ_CONTENIDO",
2026-09-13T07:10:35.3833954Z         "actual": "MATRIZ_CONTENIDO"
2026-09-13T07:10:35.3834192Z       },
2026-09-13T07:10:35.3834373Z       {
2026-09-13T07:10:35.3834573Z         "treatment": "REPRODUCCION",
2026-09-13T07:10:35.3834828Z         "field": "stage",
2026-09-13T07:10:35.3835065Z         "expected": "MATRIZ_CONTENIDO",
2026-09-13T07:10:35.3835328Z         "actual": "MATRIZ_CONTENIDO"
2026-09-13T07:10:35.3835568Z       },
2026-09-13T07:10:35.3835748Z       {
2026-09-13T07:10:35.3836056Z         "treatment": "REPRODUCCION",
2026-09-13T07:10:35.3836320Z         "field": "reentry_condition",
2026-09-13T07:10:35.3836583Z         "expected": "MATRIZ_CONTENIDO",
2026-09-13T07:10:35.3836842Z         "actual": "MATRIZ_CONTENIDO"
2026-09-13T07:10:35.3837082Z       },
2026-09-13T07:10:35.3837261Z       {
2026-09-13T07:10:35.3837451Z         "treatment": "REPRODUCCION",
2026-09-13T07:10:35.3837702Z         "field": "evidence",
2026-09-13T07:10:35.3837941Z         "expected": "MATRIZ_CONTENIDO",
2026-09-13T07:10:35.3838202Z         "actual": "MATRIZ_CONTENIDO"
2026-09-13T07:10:35.3838441Z       },
2026-09-13T07:10:35.3838726Z       {
2026-09-13T07:10:35.3838919Z         "treatment": "SOPORTE",
2026-09-13T07:10:35.3839159Z         "field": "operation",
2026-09-13T07:10:35.3839403Z         "expected": "MATRIZ_CONTENIDO",
2026-09-13T07:10:35.3839669Z         "actual": "MATRIZ_CONTENIDO"
2026-09-13T07:10:35.3839908Z       },
2026-09-13T07:10:35.3840087Z       {
2026-09-13T07:10:35.3840276Z         "treatment": "SOPORTE",
2026-09-13T07:10:35.3840520Z         "field": "contract",
2026-09-13T07:10:35.3840761Z         "expected": "MATRIZ_CONTENIDO",
2026-09-13T07:10:35.3841023Z         "actual": "MATRIZ_CONTENIDO"
2026-09-13T07:10:35.3841266Z       },
2026-09-13T07:10:35.3841443Z       {
2026-09-13T07:10:35.3841631Z         "treatment": "SOPORTE",
2026-09-13T07:10:35.3841869Z         "field": "available",
2026-09-13T07:10:35.3842111Z         "expected": "MATRIZ_CONTENIDO",
2026-09-13T07:10:35.3842373Z         "actual": "MATRIZ_CONTENIDO"
2026-09-13T07:10:35.3842620Z       },
2026-09-13T07:10:35.3842799Z       {
2026-09-13T07:10:35.3842991Z         "treatment": "SOPORTE",
2026-09-13T07:10:35.3843228Z         "field": "excluded",
2026-09-13T07:10:35.3843466Z         "expected": "MATRIZ_CONTENIDO",
2026-09-13T07:10:35.3843734Z         "actual": "MATRIZ_CONTENIDO"
2026-09-13T07:10:35.3843976Z       },
2026-09-13T07:10:35.3844154Z       {
2026-09-13T07:10:35.3844346Z         "treatment": "SOPORTE",
2026-09-13T07:10:35.3844589Z         "field": "responsible",
2026-09-13T07:10:35.3844837Z         "expected": "MATRIZ_CONTENIDO",
2026-09-13T07:10:35.3845098Z         "actual": "MATRIZ_CONTENIDO"
2026-09-13T07:10:35.3845343Z       },
2026-09-13T07:10:35.3845519Z       {
2026-09-13T07:10:35.3845707Z         "treatment": "SOPORTE",
2026-09-13T07:10:35.3845944Z         "field": "stage",
2026-09-13T07:10:35.3846176Z         "expected": "MATRIZ_CONTENIDO",
2026-09-13T07:10:35.3846439Z         "actual": "MATRIZ_CONTENIDO"
2026-09-13T07:10:35.3846681Z       },
2026-09-13T07:10:35.3846854Z       {
2026-09-13T07:10:35.3847039Z         "treatment": "SOPORTE",
2026-09-13T07:10:35.3847280Z         "field": "reentry_condition",
2026-09-13T07:10:35.3847544Z         "expected": "MATRIZ_CONTENIDO",
2026-09-13T07:10:35.3847933Z         "actual": "MATRIZ_CONTENIDO"
2026-09-13T07:10:35.3848172Z       },
2026-09-13T07:10:35.3848347Z       {
2026-09-13T07:10:35.3848534Z         "treatment": "SOPORTE",
2026-09-13T07:10:35.3849016Z         "field": "evidence",
2026-09-13T07:10:35.3849274Z         "expected": "MATRIZ_CONTENIDO",
2026-09-13T07:10:35.3849543Z         "actual": "MATRIZ_CONTENIDO"
2026-09-13T07:10:35.3849785Z       },
2026-09-13T07:10:35.3849963Z       {
2026-09-13T07:10:35.3850154Z         "treatment": "CONSTITUCION",
2026-09-13T07:10:35.3850405Z         "field": "operation",
2026-09-13T07:10:35.3850646Z         "expected": "MATRIZ_CONTENIDO",
2026-09-13T07:10:35.3850926Z         "actual": "MATRIZ_CONTENIDO"
2026-09-13T07:10:35.3851170Z       },
2026-09-13T07:10:35.3851348Z       {
2026-09-13T07:10:35.3851543Z         "treatment": "CONSTITUCION",
2026-09-13T07:10:35.3851800Z         "field": "contract",
2026-09-13T07:10:35.3852044Z         "expected": "MATRIZ_CONTENIDO",
2026-09-13T07:10:35.3852315Z         "actual": "MATRIZ_CONTENIDO"
2026-09-13T07:10:35.3852555Z       },
2026-09-13T07:10:35.3852732Z       {
2026-09-13T07:10:35.3852926Z         "treatment": "CONSTITUCION",
2026-09-13T07:10:35.3853179Z         "field": "available",
2026-09-13T07:10:35.3853552Z         "expected": "MATRIZ_CONTENIDO",
2026-09-13T07:10:35.3853820Z         "actual": "MATRIZ_CONTENIDO"
2026-09-13T07:10:35.3854059Z       },
2026-09-13T07:10:35.3854238Z       {
2026-09-13T07:10:35.3854428Z         "treatment": "CONSTITUCION",
2026-09-13T07:10:35.3854680Z         "field": "excluded",
2026-09-13T07:10:35.3854918Z         "expected": "MATRIZ_CONTENIDO",
2026-09-13T07:10:35.3855178Z         "actual": "MATRIZ_CONTENIDO"
2026-09-13T07:10:35.3855414Z       },
2026-09-13T07:10:35.3855587Z       {
2026-09-13T07:10:35.3855777Z         "treatment": "CONSTITUCION",
2026-09-13T07:10:35.3856033Z         "field": "responsible",
2026-09-13T07:10:35.3856283Z         "expected": "MATRIZ_CONTENIDO",
2026-09-13T07:10:35.3856542Z         "actual": "MATRIZ_CONTENIDO"
2026-09-13T07:10:35.3856785Z       },
2026-09-13T07:10:35.3856958Z       {
2026-09-13T07:10:35.3857147Z         "treatment": "CONSTITUCION",
2026-09-13T07:10:35.3857397Z         "field": "stage",
2026-09-13T07:10:35.3857629Z         "expected": "MATRIZ_CONTENIDO",
2026-09-13T07:10:35.3857895Z         "actual": "MATRIZ_CONTENIDO"
2026-09-13T07:10:35.3858132Z       },
2026-09-13T07:10:35.3858310Z       {
2026-09-13T07:10:35.3858500Z         "treatment": "CONSTITUCION",
2026-09-13T07:10:35.3858896Z         "field": "reentry_condition",
2026-09-13T07:10:35.3859161Z         "expected": "MATRIZ_CONTENIDO",
2026-09-13T07:10:35.3859424Z         "actual": "MATRIZ_CONTENIDO"
2026-09-13T07:10:35.3859661Z       },
2026-09-13T07:10:35.3859836Z       {
2026-09-13T07:10:35.3860027Z         "treatment": "CONSTITUCION",
2026-09-13T07:10:35.3860279Z         "field": "evidence",
2026-09-13T07:10:35.3860519Z         "expected": "MATRIZ_CONTENIDO",
2026-09-13T07:10:35.3860782Z         "actual": "MATRIZ_CONTENIDO"
2026-09-13T07:10:35.3861022Z       },
2026-09-13T07:10:35.3861197Z       {
2026-09-13T07:10:35.3861416Z         "treatment": "PERIMETRO",
2026-09-13T07:10:35.3861674Z         "field": "operation",
2026-09-13T07:10:35.3861926Z         "expected": "MATRIZ_CONTENIDO",
2026-09-13T07:10:35.3862193Z         "actual": "MATRIZ_CONTENIDO"
2026-09-13T07:10:35.3862436Z       },
2026-09-13T07:10:35.3862618Z       {
2026-09-13T07:10:35.3862816Z         "treatment": "PERIMETRO",
2026-09-13T07:10:35.3863070Z         "field": "contract",
2026-09-13T07:10:35.3863312Z         "expected": "MATRIZ_CONTENIDO",
2026-09-13T07:10:35.3863577Z         "actual": "MATRIZ_CONTENIDO"
2026-09-13T07:10:35.3863820Z       },
2026-09-13T07:10:35.3863999Z       {
2026-09-13T07:10:35.3864192Z         "treatment": "PERIMETRO",
2026-09-13T07:10:35.3864438Z         "field": "available",
2026-09-13T07:10:35.3864679Z         "expected": "MATRIZ_CONTENIDO",
2026-09-13T07:10:35.3864941Z         "actual": "MATRIZ_CONTENIDO"
2026-09-13T07:10:35.3865304Z       },
2026-09-13T07:10:35.3865481Z       {
2026-09-13T07:10:35.3865669Z         "treatment": "PERIMETRO",
2026-09-13T07:10:35.3865917Z         "field": "excluded",
2026-09-13T07:10:35.3866156Z         "expected": "MATRIZ_CONTENIDO",
2026-09-13T07:10:35.3866423Z         "actual": "MATRIZ_CONTENIDO"
2026-09-13T07:10:35.3866661Z       },
2026-09-13T07:10:35.3866843Z       {
2026-09-13T07:10:35.3867032Z         "treatment": "PERIMETRO",
2026-09-13T07:10:35.3867281Z         "field": "responsible",
2026-09-13T07:10:35.3867529Z         "expected": "MATRIZ_CONTENIDO",
2026-09-13T07:10:35.3867792Z         "actual": "MATRIZ_CONTENIDO"
2026-09-13T07:10:35.3868036Z       },
2026-09-13T07:10:35.3868211Z       {
2026-09-13T07:10:35.3868397Z         "treatment": "PERIMETRO",
2026-09-13T07:10:35.3868851Z         "field": "stage",
2026-09-13T07:10:35.3869104Z         "expected": "MATRIZ_CONTENIDO",
2026-09-13T07:10:35.3869367Z         "actual": "MATRIZ_CONTENIDO"
2026-09-13T07:10:35.3869609Z       },
2026-09-13T07:10:35.3869794Z       {
2026-09-13T07:10:35.3869984Z         "treatment": "PERIMETRO",
2026-09-13T07:10:35.3870243Z         "field": "reentry_condition",
2026-09-13T07:10:35.3870507Z         "expected": "MATRIZ_CONTENIDO",
2026-09-13T07:10:35.3870892Z         "actual": "MATRIZ_CONTENIDO"
2026-09-13T07:10:35.3871139Z       },
2026-09-13T07:10:35.3871316Z       {
2026-09-13T07:10:35.3871505Z         "treatment": "PERIMETRO",
2026-09-13T07:10:35.3871755Z         "field": "evidence",
2026-09-13T07:10:35.3871994Z         "expected": "MATRIZ_CONTENIDO",
2026-09-13T07:10:35.3872258Z         "actual": "MATRIZ_CONTENIDO"
2026-09-13T07:10:35.3872503Z       }
2026-09-13T07:10:35.3872677Z     ]
2026-09-13T07:10:35.3872858Z   }
2026-09-13T07:10:35.3873037Z }
2026-09-13T07:10:35.3902726Z ##[group]Run mkdir -p artifacts/r0-browser
2026-09-13T07:10:35.3903104Z [36;1mmkdir -p artifacts/r0-browser[0m
2026-09-13T07:10:35.3903427Z [36;1mpython tests/r0_wasm_browser_manifest.py \[0m
2026-09-13T07:10:35.3903799Z [36;1m  --native-bin rust/target/release/sv-native \[0m
2026-09-13T07:10:35.3904233Z [36;1m  --native-probe rust/target/release/examples/assembly_probe \[0m
2026-09-13T07:10:35.3904664Z [36;1m  --output artifacts/r0-browser/manifest.json \[0m
2026-09-13T07:10:35.3905103Z [36;1m  --source-head "1469b08272f5d5c10e406dfa77f76a4d11c3accc" \[0m
2026-09-13T07:10:35.3905543Z [36;1m  --base-head "8893707154e5fd6e623904a71345268339eb6550"[0m
2026-09-13T07:10:35.3906109Z [36;1mcp rust/target/wasm32-unknown-unknown/release/sv_wasm.wasm artifacts/r0-browser/sv_wasm.wasm[0m
2026-09-13T07:10:35.3941649Z shell: /usr/bin/bash -e {0}
2026-09-13T07:10:35.3941920Z ##[endgroup]
2026-09-13T07:10:35.7797760Z R0 browser manifest: 14 válidos y 106 inválidos
2026-09-13T07:10:35.7906835Z ##[group]Run CHROME=""
2026-09-13T07:10:35.7907164Z [36;1mCHROME=""[0m
2026-09-13T07:10:35.7907578Z [36;1mfor candidate in google-chrome google-chrome-stable chromium chromium-browser; do[0m
2026-09-13T07:10:35.7908101Z [36;1m  if command -v "$candidate" >/dev/null 2>&1; then[0m
2026-09-13T07:10:35.7908471Z [36;1m    CHROME="$(command -v "$candidate")"[0m
2026-09-13T07:10:35.7909056Z [36;1m    break[0m
2026-09-13T07:10:35.7909380Z [36;1m  fi[0m
2026-09-13T07:10:35.7909583Z [36;1mdone[0m
2026-09-13T07:10:35.7909798Z [36;1mif [ -z "$CHROME" ]; then[0m
2026-09-13T07:10:35.7910198Z [36;1m  echo "No hay navegador Chromium/Chrome disponible en el ejecutor" >&2[0m
2026-09-13T07:10:35.7910597Z [36;1m  exit 1[0m
2026-09-13T07:10:35.7910810Z [36;1mfi[0m
2026-09-13T07:10:35.7911127Z [36;1m"$CHROME" --version | tee artifacts/r0-browser/browser-version.txt[0m
2026-09-13T07:10:35.7911505Z [36;1m[0m
2026-09-13T07:10:35.7911915Z [36;1mpython -m http.server 8765 --bind 127.0.0.1 > artifacts/r0-browser/http-server.log 2>&1 &[0m
2026-09-13T07:10:35.7912694Z [36;1mSERVER_PID=$![0m
2026-09-13T07:10:35.7913020Z [36;1mtrap 'kill "$SERVER_PID" 2>/dev/null || true' EXIT[0m
2026-09-13T07:10:35.7913344Z [36;1m[0m
2026-09-13T07:10:35.7913533Z [36;1mREADY=0[0m
2026-09-13T07:10:35.7913931Z [36;1mfor _ in $(seq 1 40); do[0m
2026-09-13T07:10:35.7914356Z [36;1m  if curl -fsS http://127.0.0.1:8765/tests/r0_wasm_browser.html >/dev/null; then[0m
2026-09-13T07:10:35.7914946Z [36;1m    READY=1[0m
2026-09-13T07:10:35.7915182Z [36;1m    break[0m
2026-09-13T07:10:35.7915395Z [36;1m  fi[0m
2026-09-13T07:10:35.7915596Z [36;1m  sleep 0.25[0m
2026-09-13T07:10:35.7915810Z [36;1mdone[0m
2026-09-13T07:10:35.7916178Z [36;1mif [ "$READY" -ne 1 ]; then[0m
2026-09-13T07:10:35.7916524Z [36;1m  echo "Servidor HTTP de prueba no disponible" >&2[0m
2026-09-13T07:10:35.7916845Z [36;1m  exit 1[0m
2026-09-13T07:10:35.7917041Z [36;1mfi[0m
2026-09-13T07:10:35.7917375Z [36;1m[0m
2026-09-13T07:10:35.7917591Z [36;1m"$CHROME" \[0m
2026-09-13T07:10:35.7917816Z [36;1m  --headless=new \[0m
2026-09-13T07:10:35.7918053Z [36;1m  --no-sandbox \[0m
2026-09-13T07:10:35.7918307Z [36;1m  --disable-gpu \[0m
2026-09-13T07:10:35.7919058Z [36;1m  --disable-dev-shm-usage \[0m
2026-09-13T07:10:35.7919368Z [36;1m  --virtual-time-budget=30000 \[0m
2026-09-13T07:10:35.7919751Z [36;1m  --dump-dom \[0m
2026-09-13T07:10:35.7920120Z [36;1m  http://127.0.0.1:8765/tests/r0_wasm_browser.html \[0m
2026-09-13T07:10:35.7920512Z [36;1m  > artifacts/r0-browser/browser-parity-dom.html[0m
2026-09-13T07:10:35.7920891Z [36;1m[0m
2026-09-13T07:10:35.7921314Z [36;1mgrep -q 'data-status="pass"' artifacts/r0-browser/browser-parity-dom.html[0m
2026-09-13T07:10:35.7921853Z [36;1mgrep -q '"valid_ok":14' artifacts/r0-browser/browser-parity-dom.html[0m
2026-09-13T07:10:35.7922511Z [36;1mgrep -q '"invalid_ok":106' artifacts/r0-browser/browser-parity-dom.html[0m
2026-09-13T07:10:35.7923051Z [36;1mgrep -q '"closed_domains_ok":6' artifacts/r0-browser/browser-parity-dom.html[0m
2026-09-13T07:10:35.7923910Z [36;1mgrep -q '"sensitivity_ok":5' artifacts/r0-browser/browser-parity-dom.html[0m
2026-09-13T07:10:35.7924491Z [36;1mgrep -q '"bridge_ok":18' artifacts/r0-browser/browser-parity-dom.html[0m
2026-09-13T07:10:35.7925238Z [36;1mgrep -q '"horizon_ok":20' artifacts/r0-browser/browser-parity-dom.html[0m
2026-09-13T07:10:35.7926009Z [36;1mgrep -q '"domain_ok":24' artifacts/r0-browser/browser-parity-dom.html[0m
2026-09-13T07:10:35.7926734Z [36;1mgrep -q '"optional_ok":64' artifacts/r0-browser/browser-parity-dom.html[0m
2026-09-13T07:10:35.7927521Z [36;1mgrep -q '"ternarizer_ok":40' artifacts/r0-browser/browser-parity-dom.html[0m
2026-09-13T07:10:35.7962569Z shell: /usr/bin/bash -e {0}
2026-09-13T07:10:35.7962861Z ##[endgroup]
2026-09-13T07:10:35.8281642Z Google Chrome 152.0.7977.82 
2026-09-13T07:10:35.8430362Z curl: (7) Failed to connect to 127.0.0.1 port 8765 after 0 ms: Couldn't connect to server
2026-09-13T07:10:36.3269810Z [14607:14628:0913/071036.325766:ERROR:dbus/bus.cc:405] Failed to connect to the bus: Could not parse server address: Unknown address type (examples of valid types are "tcp" and on UNIX "unix")
2026-09-13T07:10:36.3272908Z [14607:14628:0913/071036.327059:ERROR:dbus/bus.cc:405] Failed to connect to the bus: Could not parse server address: Unknown address type (examples of valid types are "tcp" and on UNIX "unix")
2026-09-13T07:10:36.4193906Z [14607:14628:0913/071036.419194:ERROR:dbus/bus.cc:405] Failed to connect to the bus: Could not parse server address: Unknown address type (examples of valid types are "tcp" and on UNIX "unix")
2026-09-13T07:10:36.4620029Z [14607:14628:0913/071036.461495:ERROR:dbus/bus.cc:405] Failed to connect to the bus: Could not parse server address: Unknown address type (examples of valid types are "tcp" and on UNIX "unix")
2026-09-13T07:10:36.6924301Z [14607:14607:0913/071036.689351:ERROR:dbus/object_proxy.cc:572] Failed to call method: org.freedesktop.DBus.NameHasOwner: object_path= /org/freedesktop/DBus: unknown error type: 
2026-09-13T07:10:36.6930703Z [14607:14607:0913/071036.689405:ERROR:dbus/object_proxy.cc:572] Failed to call method: org.freedesktop.DBus.NameHasOwner: object_path= /org/freedesktop/DBus: unknown error type: 
2026-09-13T07:10:36.6935367Z [14607:14628:0913/071036.690452:ERROR:dbus/bus.cc:405] Failed to connect to the bus: Could not parse server address: Unknown address type (examples of valid types are "tcp" and on UNIX "unix")
2026-09-13T07:10:36.6940986Z [14607:14628:0913/071036.690468:ERROR:dbus/bus.cc:405] Failed to connect to the bus: Could not parse server address: Unknown address type (examples of valid types are "tcp" and on UNIX "unix")
2026-09-13T07:10:36.6945041Z [14607:14607:0913/071036.693155:ERROR:dbus/object_proxy.cc:572] Failed to call method: org.freedesktop.DBus.NameHasOwner: object_path= /org/freedesktop/DBus: unknown error type: 
2026-09-13T07:10:36.6987377Z [14607:14607:0913/071036.698575:ERROR:dbus/object_proxy.cc:572] Failed to call method: org.freedesktop.DBus.NameHasOwner: object_path= /org/freedesktop/DBus: unknown error type: 
2026-09-13T07:10:36.7593221Z [14607:14607:0913/071036.757265:ERROR:dbus/object_proxy.cc:572] Failed to call method: org.freedesktop.DBus.NameHasOwner: object_path= /org/freedesktop/DBus: unknown error type: 
2026-09-13T07:10:36.7610275Z [14607:14607:0913/071036.757731:ERROR:dbus/object_proxy.cc:572] Failed to call method: org.freedesktop.DBus.NameHasOwner: object_path= /org/freedesktop/DBus: unknown error type: 
2026-09-13T07:10:36.7623279Z [14607:14628:0913/071036.758642:ERROR:dbus/bus.cc:405] Failed to connect to the bus: Could not parse server address: Unknown address type (examples of valid types are "tcp" and on UNIX "unix")
2026-09-13T07:10:36.8042049Z [14607:14607:0913/071036.803929:ERROR:dbus/object_proxy.cc:572] Failed to call method: org.freedesktop.DBus.NameHasOwner: object_path= /org/freedesktop/DBus: unknown error type: 
2026-09-13T07:10:36.8087088Z [14607:14607:0913/071036.803990:ERROR:dbus/object_proxy.cc:572] Failed to call method: org.freedesktop.DBus.Properties.GetAll: object_path= /org/freedesktop/UPower/devices/DisplayDevice: org.freedesktop.DBus.Error.ServiceUnknown: The name org.freedesktop.UPower was not provided by any .service files
2026-09-13T07:10:36.8101483Z [14607:14628:0913/071036.804027:ERROR:dbus/bus.cc:405] Failed to connect to the bus: Could not parse server address: Unknown address type (examples of valid types are "tcp" and on UNIX "unix")
2026-09-13T07:10:36.8273858Z [14607:14607:0913/071036.827138:ERROR:dbus/object_proxy.cc:572] Failed to call method: org.freedesktop.DBus.NameHasOwner: object_path= /org/freedesktop/DBus: unknown error type: 
2026-09-13T07:10:36.8300091Z [14607:14628:0913/071036.827217:ERROR:dbus/bus.cc:405] Failed to connect to the bus: Could not parse server address: Unknown address type (examples of valid types are "tcp" and on UNIX "unix")
2026-09-13T07:10:36.8542633Z [14607:14607:0913/071036.849896:ERROR:dbus/object_proxy.cc:572] Failed to call method: org.freedesktop.DBus.NameHasOwner: object_path= /org/freedesktop/DBus: unknown error type: 
2026-09-13T07:10:37.5855653Z ##[group]Run CHROME=""
2026-09-13T07:10:37.5855990Z [36;1mCHROME=""[0m
2026-09-13T07:10:37.5856397Z [36;1mfor candidate in google-chrome google-chrome-stable chromium chromium-browser; do[0m
2026-09-13T07:10:37.5856928Z [36;1m  if command -v "$candidate" >/dev/null 2>&1; then[0m
2026-09-13T07:10:37.5857284Z [36;1m    CHROME="$(command -v "$candidate")"[0m
2026-09-13T07:10:37.5857587Z [36;1m    break[0m
2026-09-13T07:10:37.5857794Z [36;1m  fi[0m
2026-09-13T07:10:37.5857989Z [36;1mdone[0m
2026-09-13T07:10:37.5858192Z [36;1mtest -n "$CHROME"[0m
2026-09-13T07:10:37.5858631Z [36;1mpython -m http.server 8766 --bind 127.0.0.1 > artifacts/r0-browser/bindings-server.log 2>&1 &[0m
2026-09-13T07:10:37.5859652Z [36;1mSERVER_PID=$![0m
2026-09-13T07:10:37.5859949Z [36;1mtrap 'kill "$SERVER_PID" 2>/dev/null || true' EXIT[0m
2026-09-13T07:10:37.5860285Z [36;1mfor _ in $(seq 1 40); do[0m
2026-09-13T07:10:37.5860803Z [36;1m  if curl -fsS http://127.0.0.1:8766/tests/row7_bindings/browser.html >/dev/null; then break; fi[0m
2026-09-13T07:10:37.5861282Z [36;1m  sleep 0.25[0m
2026-09-13T07:10:37.5861498Z [36;1mdone[0m
2026-09-13T07:10:37.5862490Z [36;1m"$CHROME" --headless=new --no-sandbox --disable-gpu --disable-dev-shm-usage --virtual-time-budget=30000 --dump-dom http://127.0.0.1:8766/tests/row7_bindings/browser.html > artifacts/r0-browser/bindings-browser.html 2> artifacts/r0-browser/bindings-browser.log[0m
2026-09-13T07:10:37.5863732Z [36;1mpython - <<'PYCODE'[0m
2026-09-13T07:10:37.5864004Z [36;1mfrom pathlib import Path[0m
2026-09-13T07:10:37.5864298Z [36;1mfrom html.parser import HTMLParser[0m
2026-09-13T07:10:37.5864602Z [36;1mclass Result(HTMLParser):[0m
2026-09-13T07:10:37.5864863Z [36;1m    active=False[0m
2026-09-13T07:10:37.5865089Z [36;1m    text=''[0m
2026-09-13T07:10:37.5865339Z [36;1m    def handle_starttag(self, tag, attrs):[0m
2026-09-13T07:10:37.5865748Z [36;1m        if tag=='pre' and dict(attrs).get('id')=='result': self.active=True[0m
2026-09-13T07:10:37.5866163Z [36;1m    def handle_endtag(self, tag):[0m
2026-09-13T07:10:37.5866469Z [36;1m        if tag=='pre': self.active=False[0m
2026-09-13T07:10:37.5866782Z [36;1m    def handle_data(self, data):[0m
2026-09-13T07:10:37.5867084Z [36;1m        if self.active: self.text+=data[0m
2026-09-13T07:10:37.5867447Z [36;1mresult=Result()[0m
2026-09-13T07:10:37.5920958Z [36;1mresult.feed(Path('artifacts/r0-browser/bindings-browser.html').read_text())[0m
2026-09-13T07:10:37.5922089Z [36;1mexpected='CONFORME '+Path('artifacts/r0-browser/bindings-native.json').read_text().removesuffix('\n')[0m
2026-09-13T07:10:37.5922720Z [36;1massert result.text==expected, result.text[:2000][0m
2026-09-13T07:10:37.5923209Z [36;1mprint('LIG/0.1: nativo, WASI y navegador con identidad literal de resultados')[0m
2026-09-13T07:10:37.5923644Z [36;1mPYCODE[0m
2026-09-13T07:10:37.5959654Z shell: /usr/bin/bash -e {0}
2026-09-13T07:10:37.5959924Z ##[endgroup]
2026-09-13T07:10:37.6079985Z curl: (7) Failed to connect to 127.0.0.1 port 8766 after 0 ms: Couldn't connect to server
2026-09-13T07:10:38.9538398Z Traceback (most recent call last):
2026-09-13T07:10:38.9539160Z   File "<stdin>", line 15, in <module>
2026-09-13T07:10:38.9539660Z AssertionError: PENDIENTE
2026-09-13T07:10:38.9672545Z ##[error]Process completed with exit code 1.
2026-09-13T07:10:38.9754745Z Node 20 is being deprecated. This workflow is running with Node 24 by default. If you need to temporarily use Node 20, you can set the ACTIONS_ALLOW_USE_UNSECURE_NODE_VERSION=true environment variable. For more information see: https://github.blog/changelog/2025-09-19-deprecation-of-node-20-on-github-actions-runners/
2026-09-13T07:10:38.9756370Z ##[group]Run actions/upload-artifact@v4
2026-09-13T07:10:38.9756645Z with:
2026-09-13T07:10:38.9756863Z   name: r0-wasm-three-way-parity
2026-09-13T07:10:38.9757127Z   if-no-files-found: error
2026-09-13T07:10:38.9757368Z   retention-days: 90
2026-09-13T07:10:38.9759899Z   path: artifacts/manifiesto-sv/
rust/target/release/manifiesto-sv
rust/target/wasm32-wasip1/release/manifiesto-sv.wasm
artifacts/r0-wasm/
artifacts/r0-browser/
rust/target/release/sv-native
rust/target/release/examples/binding_probe
rust/target/release/examples/gh_binding_probe
rust/target/wasm32-wasip1/release/examples/gh_binding_probe.wasm
rust/target/wasm32-wasip1/release/examples/binding_probe.wasm
rust/target/release/examples/assembly_probe
rust/target/wasm32-wasip1/release/examples/assembly_probe.wasm
rust/target/wasm32-wasip1/release/sv-native.wasm
rust/target/wasm32-unknown-unknown/release/sv_wasm.wasm
rust/Cargo.lock

2026-09-13T07:10:38.9762310Z   compression-level: 6
2026-09-13T07:10:38.9762543Z   overwrite: false
2026-09-13T07:10:38.9762767Z   include-hidden-files: false
2026-09-13T07:10:38.9763016Z ##[endgroup]
2026-09-13T07:10:39.1425879Z (node:15004) [DEP0040] DeprecationWarning: The `punycode` module is deprecated. Please use a userland alternative instead.
2026-09-13T07:10:39.1427161Z (Use `node --trace-deprecation ...` to show where the warning was created)
2026-09-13T07:10:39.5209178Z Multiple search paths detected. Calculating the least common ancestor of all paths
2026-09-13T07:10:39.5214927Z The least common ancestor is /home/runner/work/SV-lenguaje-de-computacion/SV-lenguaje-de-computacion. This will be the root directory of the artifact
2026-09-13T07:10:39.5216835Z With the provided path, there will be 1505 files uploaded
2026-09-13T07:10:39.5221289Z Artifact name is valid!
2026-09-13T07:10:39.5222340Z Root directory input is valid!
2026-09-13T07:10:39.7538495Z Beginning upload of artifact content to blob storage
2026-09-13T07:10:40.7098152Z (node:15004) [DEP0169] DeprecationWarning: `url.parse()` behavior is not standardized and prone to errors that have security implications. Use the WHATWG URL API instead. CVEs are not issued for `url.parse()` vulnerabilities.
2026-09-13T07:10:41.0065380Z Uploaded bytes 3672281
2026-09-13T07:10:41.0396873Z Finished uploading artifact content to blob storage!
2026-09-13T07:10:41.0397853Z SHA256 digest of uploaded artifact zip is 74fd506999b10bc8a4857e6cf3c8cd21a3618eb12907b200f170eb05814479bc
2026-09-13T07:10:41.0399948Z Finalizing artifact upload
2026-09-13T07:10:41.2599513Z Artifact r0-wasm-three-way-parity.zip successfully finalized. Artifact ID 10312703750
2026-09-13T07:10:41.2601031Z Artifact r0-wasm-three-way-parity has been successfully uploaded! Final size is 3672281 bytes. Artifact ID is 10312703750
2026-09-13T07:10:41.2606965Z Artifact download URL: https://github.com/juantoniolloretegea/SV-lenguaje-de-computacion/actions/runs/34744520798/artifacts/10312703750
2026-09-13T07:10:41.2903590Z Node 20 is being deprecated. This workflow is running with Node 24 by default. If you need to temporarily use Node 20, you can set the ACTIONS_ALLOW_USE_UNSECURE_NODE_VERSION=true environment variable. For more information see: https://github.blog/changelog/2025-09-19-deprecation-of-node-20-on-github-actions-runners/
2026-09-13T07:10:41.2904911Z Post job cleanup.
2026-09-13T07:10:41.3706382Z [command]/usr/bin/git version
2026-09-13T07:10:41.3747304Z git version 2.55.0
2026-09-13T07:10:41.3815919Z Temporarily overriding HOME='/home/runner/work/_temp/09057187-d141-4254-a3bc-fe660b34d76b' before making global git config changes
2026-09-13T07:10:41.3817245Z Adding repository directory to the temporary git global config as a safe directory
2026-09-13T07:10:41.3821925Z [command]/usr/bin/git config --global --add safe.directory /home/runner/work/SV-lenguaje-de-computacion/SV-lenguaje-de-computacion
2026-09-13T07:10:41.3859073Z [command]/usr/bin/git config --local --name-only --get-regexp core\.sshCommand
2026-09-13T07:10:41.3901884Z [command]/usr/bin/git submodule foreach --recursive sh -c "git config --local --name-only --get-regexp 'core\.sshCommand' && git config --local --unset-all 'core.sshCommand' || :"
2026-09-13T07:10:41.4157380Z [command]/usr/bin/git config --local --name-only --get-regexp http\.https\:\/\/github\.com\/\.extraheader
2026-09-13T07:10:41.4185883Z http.https://github.com/.extraheader
2026-09-13T07:10:41.4197879Z [command]/usr/bin/git config --local --unset-all http.https://github.com/.extraheader
2026-09-13T07:10:41.4238373Z [command]/usr/bin/git submodule foreach --recursive sh -c "git config --local --name-only --get-regexp 'http\.https\:\/\/github\.com\/\.extraheader' && git config --local --unset-all 'http.https://github.com/.extraheader' || :"
2026-09-13T07:10:41.4506040Z [command]/usr/bin/git config --local --name-only --get-regexp ^includeIf\.gitdir:
2026-09-13T07:10:41.4543070Z [command]/usr/bin/git submodule foreach --recursive git config --local --show-origin --name-only --get-regexp remote.origin.url
2026-09-13T07:10:41.4928336Z Cleaning up orphan processes
2026-09-13T07:10:41.5210305Z ##[warning]Node.js 20 is deprecated. The following actions target Node.js 20 but are being forced to run on Node.js 24: actions/checkout@v4, actions/upload-artifact@v4. For more information see: https://github.blog/changelog/2025-09-19-deprecation-of-node-20-on-github-actions-runners/
