"repositorio","ambito","revision","ruta","bytes","git_blob_sha1","url"
"SV-lenguaje-de-computacion","tuberias-ia","2c400a1c53657690c1767ec294f5d8d5b61aa67a","docs/calidad/tuberias-ia/continuacion-15-09-2026/CONTROL_CONCILIACION_S39_REV38_20261005.rs","10465","e4784994582e172a8c1bfc82b864d66334156399","https://github.com/juantoniolloretegea/SV-lenguaje-de-computacion/blob/2c400a1c53657690c1767ec294f5d8d5b61aa67a/docs/calidad/tuberias-ia/continuacion-15-09-2026/CONTROL_CONCILIACION_S39_REV38_20261005.rs"
"SV-lenguaje-de-computacion","tuberias-ia","2c400a1c53657690c1767ec294f5d8d5b61aa67a","docs/calidad/tuberias-ia/continuacion-15-09-2026/CONTROL_CONTINUIDAD.rs","12121","b02e318b700697129d903881f2e6ca95a698cdf1","https://github.com/juantoniolloretegea/SV-lenguaje-de-computacion/blob/2c400a1c53657690c1767ec294f5d8d5b61aa67a/docs/calidad/tuberias-ia/continuacion-15-09-2026/CONTROL_CONTINUIDAD.rs"
"SV-lenguaje-de-computacion","tuberias-ia","2c400a1c53657690c1767ec294f5d8d5b61aa67a","docs/calidad/tuberias-ia/continuacion-15-09-2026/CONTROL_INCORPORACION_CALCULO_RUST_20261005.rs","11032","98afe82002cf7fef02523516314000d2c2b059ab","https://github.com/juantoniolloretegea/SV-lenguaje-de-computacion/blob/2c400a1c53657690c1767ec294f5d8d5b61aa67a/docs/calidad/tuberias-ia/continuacion-15-09-2026/CONTROL_INCORPORACION_CALCULO_RUST_20261005.rs"
"SV-lenguaje-de-computacion","tuberias-ia","2c400a1c53657690c1767ec294f5d8d5b61aa67a","docs/calidad/tuberias-ia/continuacion-15-09-2026/CONTROL_RECEPCION_AMD_ENCARGO_ZAI_20261006.rs","8197","c6ee54a525cbbd2f54081bf2157a091e9762be28","https://github.com/juantoniolloretegea/SV-lenguaje-de-computacion/blob/2c400a1c53657690c1767ec294f5d8d5b61aa67a/docs/calidad/tuberias-ia/continuacion-15-09-2026/CONTROL_RECEPCION_AMD_ENCARGO_ZAI_20261006.rs"
"SV-lenguaje-de-computacion","tuberias-ia","2c400a1c53657690c1767ec294f5d8d5b61aa67a","docs/calidad/tuberias-ia/continuacion-15-09-2026/CONTROL_RECEPCION_ESTUDIO_ZAI_20261006.rs","8859","ed79cc4296e9b3283a0e00902cbfa0c5bb58254c","https://github.com/juantoniolloretegea/SV-lenguaje-de-computacion/blob/2c400a1c53657690c1767ec294f5d8d5b61aa67a/docs/calidad/tuberias-ia/continuacion-15-09-2026/CONTROL_RECEPCION_ESTUDIO_ZAI_20261006.rs"
"SV-lenguaje-de-computacion","tuberias-ia","2c400a1c53657690c1767ec294f5d8d5b61aa67a","docs/calidad/tuberias-ia/continuacion-15-09-2026/COTEJO_RECEPCION_0E36549F.rs","7623","1940ef6b6f87855dbcbd1dca47728c23b6ca0a4c","https://github.com/juantoniolloretegea/SV-lenguaje-de-computacion/blob/2c400a1c53657690c1767ec294f5d8d5b61aa67a/docs/calidad/tuberias-ia/continuacion-15-09-2026/COTEJO_RECEPCION_0E36549F.rs"
"SV-lenguaje-de-computacion","tuberias-ia","2c400a1c53657690c1767ec294f5d8d5b61aa67a","docs/calidad/tuberias-ia/continuacion-15-09-2026/COTEJO_RECEPCION_ADENDA_04.rs","8293","8cf7849fd280b6333f5952486ebca361b9277fd6","https://github.com/juantoniolloretegea/SV-lenguaje-de-computacion/blob/2c400a1c53657690c1767ec294f5d8d5b61aa67a/docs/calidad/tuberias-ia/continuacion-15-09-2026/COTEJO_RECEPCION_ADENDA_04.rs"
"SV-lenguaje-de-computacion","tuberias-ia","2c400a1c53657690c1767ec294f5d8d5b61aa67a","docs/calidad/tuberias-ia/continuacion-15-09-2026/COTEJO_RECEPCION_LEYENDA_03.rs","7960","3cf7274345f816839922506fde9173ade80d5073","https://github.com/juantoniolloretegea/SV-lenguaje-de-computacion/blob/2c400a1c53657690c1767ec294f5d8d5b61aa67a/docs/calidad/tuberias-ia/continuacion-15-09-2026/COTEJO_RECEPCION_LEYENDA_03.rs"
"SV-lenguaje-de-computacion","tuberias-ia","2c400a1c53657690c1767ec294f5d8d5b61aa67a","docs/calidad/tuberias-ia/continuacion-15-09-2026/COTEJO_RECEPCION_LEYENDA_04.rs","8744","cb407ef23319fcd75508d2fdc11cfebcad7ea45f","https://github.com/juantoniolloretegea/SV-lenguaje-de-computacion/blob/2c400a1c53657690c1767ec294f5d8d5b61aa67a/docs/calidad/tuberias-ia/continuacion-15-09-2026/COTEJO_RECEPCION_LEYENDA_04.rs"
"SV-lenguaje-de-computacion","tuberias-ia","2c400a1c53657690c1767ec294f5d8d5b61aa67a","docs/calidad/tuberias-ia/continuacion-15-09-2026/COTEJO_RECEPCION_PARCHE_S32.rs","14880","4c5c89ec046bd973339371d09857c9976583793c","https://github.com/juantoniolloretegea/SV-lenguaje-de-computacion/blob/2c400a1c53657690c1767ec294f5d8d5b61aa67a/docs/calidad/tuberias-ia/continuacion-15-09-2026/COTEJO_RECEPCION_PARCHE_S32.rs"
"SV-lenguaje-de-computacion","tuberias-ia","2c400a1c53657690c1767ec294f5d8d5b61aa67a","docs/calidad/tuberias-ia/continuacion-15-09-2026/COTEJO_RECEPCION_REALIZACION_01.rs","8876","08d4fc28c5e73db041e470480d8782f2d76caca9","https://github.com/juantoniolloretegea/SV-lenguaje-de-computacion/blob/2c400a1c53657690c1767ec294f5d8d5b61aa67a/docs/calidad/tuberias-ia/continuacion-15-09-2026/COTEJO_RECEPCION_REALIZACION_01.rs"
"SV-lenguaje-de-computacion","tuberias-ia","2c400a1c53657690c1767ec294f5d8d5b61aa67a","docs/calidad/tuberias-ia/continuacion-15-09-2026/COTEJO_REVISION_SUSTANTIVA_S32.rs","15255","ed7118095190007489f8e4627f75dcbe64d587a4","https://github.com/juantoniolloretegea/SV-lenguaje-de-computacion/blob/2c400a1c53657690c1767ec294f5d8d5b61aa67a/docs/calidad/tuberias-ia/continuacion-15-09-2026/COTEJO_REVISION_SUSTANTIVA_S32.rs"
"SV-lenguaje-de-computacion","tuberias-ia","2c400a1c53657690c1767ec294f5d8d5b61aa67a","docs/calidad/tuberias-ia/continuacion-15-09-2026/COTEJO_S31_CONTENIDO_S6.rs","26355","2c51c47a21fd63ce2f397589ff3eab58e72b55c2","https://github.com/juantoniolloretegea/SV-lenguaje-de-computacion/blob/2c400a1c53657690c1767ec294f5d8d5b61aa67a/docs/calidad/tuberias-ia/continuacion-15-09-2026/COTEJO_S31_CONTENIDO_S6.rs"
"SV-lenguaje-de-computacion","tuberias-ia","2c400a1c53657690c1767ec294f5d8d5b61aa67a","docs/calidad/tuberias-ia/continuacion-15-09-2026/COTEJO_S31_RECEPCION_ZIP_S6.rs","10738","5e4100e2206c780e1473f1ab170cc8caffa2223c","https://github.com/juantoniolloretegea/SV-lenguaje-de-computacion/blob/2c400a1c53657690c1767ec294f5d8d5b61aa67a/docs/calidad/tuberias-ia/continuacion-15-09-2026/COTEJO_S31_RECEPCION_ZIP_S6.rs"
"SV-lenguaje-de-computacion","tuberias-ia","2c400a1c53657690c1767ec294f5d8d5b61aa67a","docs/calidad/tuberias-ia/continuacion-15-09-2026/COTEJO_S31.rs","41999","266053ea968cc53c63f1b397e0f17b48fe7c661c","https://github.com/juantoniolloretegea/SV-lenguaje-de-computacion/blob/2c400a1c53657690c1767ec294f5d8d5b61aa67a/docs/calidad/tuberias-ia/continuacion-15-09-2026/COTEJO_S31.rs"
"SV-lenguaje-de-computacion","tuberias-ia","2c400a1c53657690c1767ec294f5d8d5b61aa67a","docs/calidad/tuberias-ia/continuacion-15-09-2026/COTEJO_S32_DISENO.rs","15813","0ca77cb0e1c8f1473db055ebcf7850308be27e11","https://github.com/juantoniolloretegea/SV-lenguaje-de-computacion/blob/2c400a1c53657690c1767ec294f5d8d5b61aa67a/docs/calidad/tuberias-ia/continuacion-15-09-2026/COTEJO_S32_DISENO.rs"
"SV-lenguaje-de-computacion","tuberias-ia","2c400a1c53657690c1767ec294f5d8d5b61aa67a","docs/calidad/tuberias-ia/continuacion-15-09-2026/mapa/MAPA.html","3703604","24e25dbf1255ddf25d5f1e7eefa8d89d4b12ed3e","https://github.com/juantoniolloretegea/SV-lenguaje-de-computacion/blob/2c400a1c53657690c1767ec294f5d8d5b61aa67a/docs/calidad/tuberias-ia/continuacion-15-09-2026/mapa/MAPA.html"
"SV-lenguaje-de-computacion","tuberias-ia","2c400a1c53657690c1767ec294f5d8d5b61aa67a","docs/calidad/tuberias-ia/continuacion-15-09-2026/RECEPCION_ESTUDIO_ZAI_20261006.rs","5296","7e35b49adf50755f15652dc7834c3951e703546e","https://github.com/juantoniolloretegea/SV-lenguaje-de-computacion/blob/2c400a1c53657690c1767ec294f5d8d5b61aa67a/docs/calidad/tuberias-ia/continuacion-15-09-2026/RECEPCION_ESTUDIO_ZAI_20261006.rs"
"SV-lenguaje-de-computacion","tuberias-ia","2c400a1c53657690c1767ec294f5d8d5b61aa67a","docs/calidad/tuberias-ia/continuacion-15-09-2026/RECEPCION_LEYENDA_R1_CORREGIDO.rs","2139","ac7d80ae49c71c417699fa8a3763cb9b846fe589","https://github.com/juantoniolloretegea/SV-lenguaje-de-computacion/blob/2c400a1c53657690c1767ec294f5d8d5b61aa67a/docs/calidad/tuberias-ia/continuacion-15-09-2026/RECEPCION_LEYENDA_R1_CORREGIDO.rs"
"SV-lenguaje-de-computacion","tuberias-ia","2c400a1c53657690c1767ec294f5d8d5b61aa67a","docs/calidad/tuberias-ia/continuacion-15-09-2026/RECEPCION_R1_ORDEN.rs","951","ecd655c24d94bfe802bf2bbee05b391b6f296f2e","https://github.com/juantoniolloretegea/SV-lenguaje-de-computacion/blob/2c400a1c53657690c1767ec294f5d8d5b61aa67a/docs/calidad/tuberias-ia/continuacion-15-09-2026/RECEPCION_R1_ORDEN.rs"
"SV-lenguaje-de-computacion","tuberias-ia","2c400a1c53657690c1767ec294f5d8d5b61aa67a","docs/calidad/tuberias-ia/diagnosticos-de-recepcion-y-prueba-entre-modelos/cambios/rust/sv_core/src/audit_diagnostics.rs","6872","4e71a09d135549f0016917d93577a14e37f40782","https://github.com/juantoniolloretegea/SV-lenguaje-de-computacion/blob/2c400a1c53657690c1767ec294f5d8d5b61aa67a/docs/calidad/tuberias-ia/diagnosticos-de-recepcion-y-prueba-entre-modelos/cambios/rust/sv_core/src/audit_diagnostics.rs"
"SV-lenguaje-de-computacion","tuberias-ia","2c400a1c53657690c1767ec294f5d8d5b61aa67a","docs/calidad/tuberias-ia/diagnosticos-de-recepcion-y-prueba-entre-modelos/cambios/rust/sv_core/src/authority/transitions/reception.rs","5292","17616a66de8d26c09ad0578a0806bb7f60f22082","https://github.com/juantoniolloretegea/SV-lenguaje-de-computacion/blob/2c400a1c53657690c1767ec294f5d8d5b61aa67a/docs/calidad/tuberias-ia/diagnosticos-de-recepcion-y-prueba-entre-modelos/cambios/rust/sv_core/src/authority/transitions/reception.rs"
"SV-lenguaje-de-computacion","tuberias-ia","2c400a1c53657690c1767ec294f5d8d5b61aa67a","docs/calidad/tuberias-ia/diagnosticos-de-recepcion-y-prueba-entre-modelos/cambios/rust/sv_core/src/authority/transitions/reuse_tests/reception_tests.rs","8392","242a1e04e78353f154cb481a5caf4794ad807441","https://github.com/juantoniolloretegea/SV-lenguaje-de-computacion/blob/2c400a1c53657690c1767ec294f5d8d5b61aa67a/docs/calidad/tuberias-ia/diagnosticos-de-recepcion-y-prueba-entre-modelos/cambios/rust/sv_core/src/authority/transitions/reuse_tests/reception_tests.rs"
"SV-lenguaje-de-computacion","tuberias-ia","2c400a1c53657690c1767ec294f5d8d5b61aa67a","docs/calidad/tuberias-ia/diagnosticos-de-recepcion-y-prueba-entre-modelos/cambios/rust/sv_core/src/authority/transitions/reuse_tests/reception_tests/diagnostic_tests.rs","10460","9cf70186c518ec9a7063b9504b4c4a278a78b642","https://github.com/juantoniolloretegea/SV-lenguaje-de-computacion/blob/2c400a1c53657690c1767ec294f5d8d5b61aa67a/docs/calidad/tuberias-ia/diagnosticos-de-recepcion-y-prueba-entre-modelos/cambios/rust/sv_core/src/authority/transitions/reuse_tests/reception_tests/diagnostic_tests.rs"
"SV-lenguaje-de-computacion","tuberias-ia","2c400a1c53657690c1767ec294f5d8d5b61aa67a","docs/calidad/tuberias-ia/diagnosticos-de-recepcion-y-prueba-entre-modelos/cambios/rust/sv_core/src/lib.rs","17167","84debef4e0452c1e18d35ccd4f4ed97460674428","https://github.com/juantoniolloretegea/SV-lenguaje-de-computacion/blob/2c400a1c53657690c1767ec294f5d8d5b61aa67a/docs/calidad/tuberias-ia/diagnosticos-de-recepcion-y-prueba-entre-modelos/cambios/rust/sv_core/src/lib.rs"
"SV-lenguaje-de-computacion","tuberias-ia","2c400a1c53657690c1767ec294f5d8d5b61aa67a","docs/calidad/tuberias-ia/diagnosticos-de-recepcion-y-prueba-entre-modelos/cambios/rust/sv_core/src/requirements/observed.rs","6283","c19058d2d3b307980fa9ab3dbef655769a59484a","https://github.com/juantoniolloretegea/SV-lenguaje-de-computacion/blob/2c400a1c53657690c1767ec294f5d8d5b61aa67a/docs/calidad/tuberias-ia/diagnosticos-de-recepcion-y-prueba-entre-modelos/cambios/rust/sv_core/src/requirements/observed.rs"
"SV-lenguaje-de-computacion","tuberias-ia","2c400a1c53657690c1767ec294f5d8d5b61aa67a","docs/calidad/tuberias-ia/diagnosticos-de-recepcion-y-prueba-entre-modelos/clientes/no_desligar.rs","152","e636cfbda0147ec46d7a87afd29a78af64349a5f","https://github.com/juantoniolloretegea/SV-lenguaje-de-computacion/blob/2c400a1c53657690c1767ec294f5d8d5b61aa67a/docs/calidad/tuberias-ia/diagnosticos-de-recepcion-y-prueba-entre-modelos/clientes/no_desligar.rs"
"SV-lenguaje-de-computacion","tuberias-ia","2c400a1c53657690c1767ec294f5d8d5b61aa67a","docs/calidad/tuberias-ia/diagnosticos-de-recepcion-y-prueba-entre-modelos/clientes/no_instalar_diagnostico.rs","247","755524f6a3ddf800eddd47ed56040fb595cdece6","https://github.com/juantoniolloretegea/SV-lenguaje-de-computacion/blob/2c400a1c53657690c1767ec294f5d8d5b61aa67a/docs/calidad/tuberias-ia/diagnosticos-de-recepcion-y-prueba-entre-modelos/clientes/no_instalar_diagnostico.rs"
"SV-lenguaje-de-computacion","tuberias-ia","2c400a1c53657690c1767ec294f5d8d5b61aa67a","docs/calidad/tuberias-ia/diagnosticos-de-recepcion-y-prueba-entre-modelos/clientes/no_instalar.rs","654","9f4eff953756750c086671eeff02ca13474d44eb","https://github.com/juantoniolloretegea/SV-lenguaje-de-computacion/blob/2c400a1c53657690c1767ec294f5d8d5b61aa67a/docs/calidad/tuberias-ia/diagnosticos-de-recepcion-y-prueba-entre-modelos/clientes/no_instalar.rs"
"SV-lenguaje-de-computacion","tuberias-ia","2c400a1c53657690c1767ec294f5d8d5b61aa67a","docs/calidad/tuberias-ia/diagnosticos-de-recepcion-y-prueba-entre-modelos/clientes/no_premisa.rs","151","d4e77842c26a64c204fb7b25fc58f51d6b55c833","https://github.com/juantoniolloretegea/SV-lenguaje-de-computacion/blob/2c400a1c53657690c1767ec294f5d8d5b61aa67a/docs/calidad/tuberias-ia/diagnosticos-de-recepcion-y-prueba-entre-modelos/clientes/no_premisa.rs"
"SV-lenguaje-de-computacion","tuberias-ia","2c400a1c53657690c1767ec294f5d8d5b61aa67a","docs/calidad/tuberias-ia/diagnosticos-de-recepcion-y-prueba-entre-modelos/clientes/publico.rs","818","9f4a80b177213a14aff4d693868f3e90725b3b3e","https://github.com/juantoniolloretegea/SV-lenguaje-de-computacion/blob/2c400a1c53657690c1767ec294f5d8d5b61aa67a/docs/calidad/tuberias-ia/diagnosticos-de-recepcion-y-prueba-entre-modelos/clientes/publico.rs"
"SV-lenguaje-de-computacion","tuberias-ia","2c400a1c53657690c1767ec294f5d8d5b61aa67a","docs/calidad/tuberias-ia/diagnosticos-del-compilador-y-procedencia/cambios/rust/sv_core/src/compiler_diagnostics.rs","12612","5564f2b5684ddf56f72a72f5942816ef40ff7a28","https://github.com/juantoniolloretegea/SV-lenguaje-de-computacion/blob/2c400a1c53657690c1767ec294f5d8d5b61aa67a/docs/calidad/tuberias-ia/diagnosticos-del-compilador-y-procedencia/cambios/rust/sv_core/src/compiler_diagnostics.rs"
"SV-lenguaje-de-computacion","tuberias-ia","2c400a1c53657690c1767ec294f5d8d5b61aa67a","docs/calidad/tuberias-ia/diagnosticos-del-compilador-y-procedencia/cambios/rust/sv_core/src/frontend.rs","99404","f2ec5f89e7209d003b45ca04e8272e43ca4602db","https://github.com/juantoniolloretegea/SV-lenguaje-de-computacion/blob/2c400a1c53657690c1767ec294f5d8d5b61aa67a/docs/calidad/tuberias-ia/diagnosticos-del-compilador-y-procedencia/cambios/rust/sv_core/src/frontend.rs"
"SV-lenguaje-de-computacion","tuberias-ia","2c400a1c53657690c1767ec294f5d8d5b61aa67a","docs/calidad/tuberias-ia/diagnosticos-del-compilador-y-procedencia/cambios/rust/sv_core/src/lib.rs","15379","a01cebae64b86164fb1ef997b3b0b5987b8ea9c1","https://github.com/juantoniolloretegea/SV-lenguaje-de-computacion/blob/2c400a1c53657690c1767ec294f5d8d5b61aa67a/docs/calidad/tuberias-ia/diagnosticos-del-compilador-y-procedencia/cambios/rust/sv_core/src/lib.rs"
"SV-lenguaje-de-computacion","tuberias-ia","2c400a1c53657690c1767ec294f5d8d5b61aa67a","docs/calidad/tuberias-ia/diagnosticos-del-compilador-y-procedencia/cambios/rust/sv_core/src/wellformed.rs","41323","445cf132c5b4c7c1bce6b797d25d8e5be4fa9e48","https://github.com/juantoniolloretegea/SV-lenguaje-de-computacion/blob/2c400a1c53657690c1767ec294f5d8d5b61aa67a/docs/calidad/tuberias-ia/diagnosticos-del-compilador-y-procedencia/cambios/rust/sv_core/src/wellformed.rs"
"SV-lenguaje-de-computacion","tuberias-ia","2c400a1c53657690c1767ec294f5d8d5b61aa67a","docs/calidad/tuberias-ia/diagnosticos-del-compilador-y-procedencia/catalogo.rs","847","c6240b05e947de208d34fa7eaee43d0ffd886f59","https://github.com/juantoniolloretegea/SV-lenguaje-de-computacion/blob/2c400a1c53657690c1767ec294f5d8d5b61aa67a/docs/calidad/tuberias-ia/diagnosticos-del-compilador-y-procedencia/catalogo.rs"
"SV-lenguaje-de-computacion","tuberias-ia","2c400a1c53657690c1767ec294f5d8d5b61aa67a","docs/calidad/tuberias-ia/diagnosticos-del-compilador-y-procedencia/clientes/no_desligar.rs","152","e636cfbda0147ec46d7a87afd29a78af64349a5f","https://github.com/juantoniolloretegea/SV-lenguaje-de-computacion/blob/2c400a1c53657690c1767ec294f5d8d5b61aa67a/docs/calidad/tuberias-ia/diagnosticos-del-compilador-y-procedencia/clientes/no_desligar.rs"
"SV-lenguaje-de-computacion","tuberias-ia","2c400a1c53657690c1767ec294f5d8d5b61aa67a","docs/calidad/tuberias-ia/diagnosticos-del-compilador-y-procedencia/clientes/no_instalar_diagnostico.rs","247","755524f6a3ddf800eddd47ed56040fb595cdece6","https://github.com/juantoniolloretegea/SV-lenguaje-de-computacion/blob/2c400a1c53657690c1767ec294f5d8d5b61aa67a/docs/calidad/tuberias-ia/diagnosticos-del-compilador-y-procedencia/clientes/no_instalar_diagnostico.rs"
"SV-lenguaje-de-computacion","tuberias-ia","2c400a1c53657690c1767ec294f5d8d5b61aa67a","docs/calidad/tuberias-ia/diagnosticos-del-compilador-y-procedencia/clientes/no_instalar.rs","654","9f4eff953756750c086671eeff02ca13474d44eb","https://github.com/juantoniolloretegea/SV-lenguaje-de-computacion/blob/2c400a1c53657690c1767ec294f5d8d5b61aa67a/docs/calidad/tuberias-ia/diagnosticos-del-compilador-y-procedencia/clientes/no_instalar.rs"
"SV-lenguaje-de-computacion","tuberias-ia","2c400a1c53657690c1767ec294f5d8d5b61aa67a","docs/calidad/tuberias-ia/diagnosticos-del-compilador-y-procedencia/clientes/no_premisa.rs","151","d4e77842c26a64c204fb7b25fc58f51d6b55c833","https://github.com/juantoniolloretegea/SV-lenguaje-de-computacion/blob/2c400a1c53657690c1767ec294f5d8d5b61aa67a/docs/calidad/tuberias-ia/diagnosticos-del-compilador-y-procedencia/clientes/no_premisa.rs"
"SV-lenguaje-de-computacion","tuberias-ia","2c400a1c53657690c1767ec294f5d8d5b61aa67a","docs/calidad/tuberias-ia/diagnosticos-del-compilador-y-procedencia/clientes/publico.rs","818","9f4a80b177213a14aff4d693868f3e90725b3b3e","https://github.com/juantoniolloretegea/SV-lenguaje-de-computacion/blob/2c400a1c53657690c1767ec294f5d8d5b61aa67a/docs/calidad/tuberias-ia/diagnosticos-del-compilador-y-procedencia/clientes/publico.rs"
"SV-lenguaje-de-computacion","tuberias-ia","2c400a1c53657690c1767ec294f5d8d5b61aa67a","docs/calidad/tuberias-ia/diagnosticos-del-compilador-y-procedencia/corpus.rs","368","49b22cef29f5bc0fdb26b60f512cd9568b8fcf06","https://github.com/juantoniolloretegea/SV-lenguaje-de-computacion/blob/2c400a1c53657690c1767ec294f5d8d5b61aa67a/docs/calidad/tuberias-ia/diagnosticos-del-compilador-y-procedencia/corpus.rs"
"SV-lenguaje-de-computacion","tuberias-ia","2c400a1c53657690c1767ec294f5d8d5b61aa67a","docs/calidad/tuberias-ia/diagnosticos-del-compilador-y-procedencia/focal.rs","6559","351b04d4929edd5a0f4bdcca9fef89a8edbe42fd","https://github.com/juantoniolloretegea/SV-lenguaje-de-computacion/blob/2c400a1c53657690c1767ec294f5d8d5b61aa67a/docs/calidad/tuberias-ia/diagnosticos-del-compilador-y-procedencia/focal.rs"
"SV-lenguaje-de-computacion","tuberias-ia","2c400a1c53657690c1767ec294f5d8d5b61aa67a","docs/calidad/tuberias-ia/diagnosticos-del-compilador-y-procedencia/relacional.rs","1395","faf81ca1d18f26e117ebe7419bd28a4779739d2c","https://github.com/juantoniolloretegea/SV-lenguaje-de-computacion/blob/2c400a1c53657690c1767ec294f5d8d5b61aa67a/docs/calidad/tuberias-ia/diagnosticos-del-compilador-y-procedencia/relacional.rs"
"SV-lenguaje-de-computacion","tuberias-ia","2c400a1c53657690c1767ec294f5d8d5b61aa67a","docs/calidad/tuberias-ia/entrega-literal-desde-recibo/entrega.rs","4044","502b481662701e65da3a935f7a5592ba14d7adb1","https://github.com/juantoniolloretegea/SV-lenguaje-de-computacion/blob/2c400a1c53657690c1767ec294f5d8d5b61aa67a/docs/calidad/tuberias-ia/entrega-literal-desde-recibo/entrega.rs"
"SV-lenguaje-de-computacion","tuberias-ia","2c400a1c53657690c1767ec294f5d8d5b61aa67a","docs/calidad/tuberias-ia/es27-grok-002/comparar-rendimiento.mjs","4338","34c7b4750abe3e8313c3a4c854a522ba038c0816","https://github.com/juantoniolloretegea/SV-lenguaje-de-computacion/blob/2c400a1c53657690c1767ec294f5d8d5b61aa67a/docs/calidad/tuberias-ia/es27-grok-002/comparar-rendimiento.mjs"
"SV-lenguaje-de-computacion","tuberias-ia","2c400a1c53657690c1767ec294f5d8d5b61aa67a","docs/calidad/tuberias-ia/ie004/coste-r10/casos.rs","31761","66283714c8632616e5d9a5a6942b1e7e4fad4c6b","https://github.com/juantoniolloretegea/SV-lenguaje-de-computacion/blob/2c400a1c53657690c1767ec294f5d8d5b61aa67a/docs/calidad/tuberias-ia/ie004/coste-r10/casos.rs"
"SV-lenguaje-de-computacion","tuberias-ia","2c400a1c53657690c1767ec294f5d8d5b61aa67a","docs/calidad/tuberias-ia/ie004/coste-r10/comun.rs","6148","f8b076a1e9e49f41186e8eb35d36b5f74118eea4","https://github.com/juantoniolloretegea/SV-lenguaje-de-computacion/blob/2c400a1c53657690c1767ec294f5d8d5b61aa67a/docs/calidad/tuberias-ia/ie004/coste-r10/comun.rs"
"SV-lenguaje-de-computacion","tuberias-ia","2c400a1c53657690c1767ec294f5d8d5b61aa67a","docs/calidad/tuberias-ia/ie004/coste-r10/controles.rs","2080","788bb63625fe0d81baaf040066884c916155b06a","https://github.com/juantoniolloretegea/SV-lenguaje-de-computacion/blob/2c400a1c53657690c1767ec294f5d8d5b61aa67a/docs/calidad/tuberias-ia/ie004/coste-r10/controles.rs"
"SV-lenguaje-de-computacion","tuberias-ia","2c400a1c53657690c1767ec294f5d8d5b61aa67a","docs/calidad/tuberias-ia/ie004/coste-r10/ejecutar-controles.mjs","3427","3c3ead14499b15890fa76be66aa3b9e10d491175","https://github.com/juantoniolloretegea/SV-lenguaje-de-computacion/blob/2c400a1c53657690c1767ec294f5d8d5b61aa67a/docs/calidad/tuberias-ia/ie004/coste-r10/ejecutar-controles.mjs"
"SV-lenguaje-de-computacion","tuberias-ia","2c400a1c53657690c1767ec294f5d8d5b61aa67a","docs/calidad/tuberias-ia/ie004/coste-r10/ejecutar.mjs","5714","f1e054d8248a9187ca42f934f091e8e60d1d5ccb","https://github.com/juantoniolloretegea/SV-lenguaje-de-computacion/blob/2c400a1c53657690c1767ec294f5d8d5b61aa67a/docs/calidad/tuberias-ia/ie004/coste-r10/ejecutar.mjs"
"SV-lenguaje-de-computacion","tuberias-ia","2c400a1c53657690c1767ec294f5d8d5b61aa67a","docs/calidad/tuberias-ia/ie004/coste-r10/memo.rs","10672","ce477a12bf54c971593546500b46aa7995bb6409","https://github.com/juantoniolloretegea/SV-lenguaje-de-computacion/blob/2c400a1c53657690c1767ec294f5d8d5b61aa67a/docs/calidad/tuberias-ia/ie004/coste-r10/memo.rs"
"SV-lenguaje-de-computacion","tuberias-ia","2c400a1c53657690c1767ec294f5d8d5b61aa67a","docs/calidad/tuberias-ia/ie004/coste-r10/recuperar.mjs","1067","70881d4a800a8d364d9cb8bbeab2972fbc19d743","https://github.com/juantoniolloretegea/SV-lenguaje-de-computacion/blob/2c400a1c53657690c1767ec294f5d8d5b61aa67a/docs/calidad/tuberias-ia/ie004/coste-r10/recuperar.mjs"
"SV-lenguaje-de-computacion","tuberias-ia","2c400a1c53657690c1767ec294f5d8d5b61aa67a","docs/calidad/tuberias-ia/ie004/coste-r10/wasi.mjs","392","ff4d597388e69e88eac38cb8ef1eca53c2ca2f67","https://github.com/juantoniolloretegea/SV-lenguaje-de-computacion/blob/2c400a1c53657690c1767ec294f5d8d5b61aa67a/docs/calidad/tuberias-ia/ie004/coste-r10/wasi.mjs"
"SV-lenguaje-de-computacion","tuberias-ia","2c400a1c53657690c1767ec294f5d8d5b61aa67a","docs/calidad/tuberias-ia/ie004/fuentes/ejecutar.mjs","11144","0e700f1bd357b3ddc80ffdcf74bb053ca20c9e0e","https://github.com/juantoniolloretegea/SV-lenguaje-de-computacion/blob/2c400a1c53657690c1767ec294f5d8d5b61aa67a/docs/calidad/tuberias-ia/ie004/fuentes/ejecutar.mjs"
"SV-lenguaje-de-computacion","tuberias-ia","2c400a1c53657690c1767ec294f5d8d5b61aa67a","docs/calidad/tuberias-ia/ie004/fuentes/json-estricto.mjs","3129","747648bd0b079753dbf28f464e973eed11d17511","https://github.com/juantoniolloretegea/SV-lenguaje-de-computacion/blob/2c400a1c53657690c1767ec294f5d8d5b61aa67a/docs/calidad/tuberias-ia/ie004/fuentes/json-estricto.mjs"
"SV-lenguaje-de-computacion","tuberias-ia","2c400a1c53657690c1767ec294f5d8d5b61aa67a","docs/calidad/tuberias-ia/ie004/fuentes/receptor.rs","3927","a391d4abf21b09af0e22a72dd8e60a398d977de9","https://github.com/juantoniolloretegea/SV-lenguaje-de-computacion/blob/2c400a1c53657690c1767ec294f5d8d5b61aa67a/docs/calidad/tuberias-ia/ie004/fuentes/receptor.rs"
"SV-lenguaje-de-computacion","tuberias-ia","2c400a1c53657690c1767ec294f5d8d5b61aa67a","docs/calidad/tuberias-ia/ie004/fuentes/wasi.mjs","387","5794abcc2e6f1e7350e1fee1ce694accbc7d60c3","https://github.com/juantoniolloretegea/SV-lenguaje-de-computacion/blob/2c400a1c53657690c1767ec294f5d8d5b61aa67a/docs/calidad/tuberias-ia/ie004/fuentes/wasi.mjs"
"SV-lenguaje-de-computacion","tuberias-ia","2c400a1c53657690c1767ec294f5d8d5b61aa67a","docs/calidad/tuberias-ia/ie004/lote-g1/ejecutar.mjs","7687","94faff9b7ea052a939065ceb6928700f8f1ff2ad","https://github.com/juantoniolloretegea/SV-lenguaje-de-computacion/blob/2c400a1c53657690c1767ec294f5d8d5b61aa67a/docs/calidad/tuberias-ia/ie004/lote-g1/ejecutar.mjs"
"SV-lenguaje-de-computacion","tuberias-ia","2c400a1c53657690c1767ec294f5d8d5b61aa67a","docs/calidad/tuberias-ia/ie004/lote-g1/lib.rs","8924","29943dd5525ef6aa9ed486fadb20895690579822","https://github.com/juantoniolloretegea/SV-lenguaje-de-computacion/blob/2c400a1c53657690c1767ec294f5d8d5b61aa67a/docs/calidad/tuberias-ia/ie004/lote-g1/lib.rs"
"SV-lenguaje-de-computacion","tuberias-ia","2c400a1c53657690c1767ec294f5d8d5b61aa67a","docs/calidad/tuberias-ia/ie004/lote-g1/tests.rs","5776","1af0b2558d7ccb21ad58ad0b0afddbe699fa7a6a","https://github.com/juantoniolloretegea/SV-lenguaje-de-computacion/blob/2c400a1c53657690c1767ec294f5d8d5b61aa67a/docs/calidad/tuberias-ia/ie004/lote-g1/tests.rs"
"SV-lenguaje-de-computacion","tuberias-ia","2c400a1c53657690c1767ec294f5d8d5b61aa67a","docs/calidad/tuberias-ia/ie004/lote-p3/adaptador.rs","9351","1a4148bb03e58520917559522b6d178c8d637f78","https://github.com/juantoniolloretegea/SV-lenguaje-de-computacion/blob/2c400a1c53657690c1767ec294f5d8d5b61aa67a/docs/calidad/tuberias-ia/ie004/lote-p3/adaptador.rs"
"SV-lenguaje-de-computacion","tuberias-ia","2c400a1c53657690c1767ec294f5d8d5b61aa67a","docs/calidad/tuberias-ia/ie004/lote-p3/cerrar-evidencia.mjs","5796","8fa65c39f32838e68b86b48b2533b1c68bedf6ab","https://github.com/juantoniolloretegea/SV-lenguaje-de-computacion/blob/2c400a1c53657690c1767ec294f5d8d5b61aa67a/docs/calidad/tuberias-ia/ie004/lote-p3/cerrar-evidencia.mjs"
"SV-lenguaje-de-computacion","tuberias-ia","2c400a1c53657690c1767ec294f5d8d5b61aa67a","docs/calidad/tuberias-ia/ie004/lote-p3/corregir-conductor.mjs","4912","2b0485fcaed56dc794957d005b1b801d229d69a3","https://github.com/juantoniolloretegea/SV-lenguaje-de-computacion/blob/2c400a1c53657690c1767ec294f5d8d5b61aa67a/docs/calidad/tuberias-ia/ie004/lote-p3/corregir-conductor.mjs"
"SV-lenguaje-de-computacion","tuberias-ia","2c400a1c53657690c1767ec294f5d8d5b61aa67a","docs/calidad/tuberias-ia/ie004/lote-p3/ejecutar.mjs","9809","7dbbb64e7006498c1a69836b0ee88df5c28bac3b","https://github.com/juantoniolloretegea/SV-lenguaje-de-computacion/blob/2c400a1c53657690c1767ec294f5d8d5b61aa67a/docs/calidad/tuberias-ia/ie004/lote-p3/ejecutar.mjs"
"SV-lenguaje-de-computacion","tuberias-ia","2c400a1c53657690c1767ec294f5d8d5b61aa67a","docs/calidad/tuberias-ia/ie004/lote-p3/main.rs","447","571f203b89716bd304037c2b0618a6aedcd38f9e","https://github.com/juantoniolloretegea/SV-lenguaje-de-computacion/blob/2c400a1c53657690c1767ec294f5d8d5b61aa67a/docs/calidad/tuberias-ia/ie004/lote-p3/main.rs"
"SV-lenguaje-de-computacion","tuberias-ia","2c400a1c53657690c1767ec294f5d8d5b61aa67a","docs/calidad/tuberias-ia/ie004/lote-p3/preparar-correccion.mjs","4976","ed153875a007cdf2d031e63a2a842b2f35849207","https://github.com/juantoniolloretegea/SV-lenguaje-de-computacion/blob/2c400a1c53657690c1767ec294f5d8d5b61aa67a/docs/calidad/tuberias-ia/ie004/lote-p3/preparar-correccion.mjs"
"SV-lenguaje-de-computacion","tuberias-ia","2c400a1c53657690c1767ec294f5d8d5b61aa67a","docs/calidad/tuberias-ia/ie004/lote-p3/preparar.mjs","6798","a8c157a677570a8415019683c90a41458344c3cf","https://github.com/juantoniolloretegea/SV-lenguaje-de-computacion/blob/2c400a1c53657690c1767ec294f5d8d5b61aa67a/docs/calidad/tuberias-ia/ie004/lote-p3/preparar.mjs"
"SV-lenguaje-de-computacion","tuberias-ia","2c400a1c53657690c1767ec294f5d8d5b61aa67a","docs/calidad/tuberias-ia/ie004/lote-p3/recuperar-capturas.mjs","1618","e6b1549520dd8d97ea24bce4183cbe99d9797940","https://github.com/juantoniolloretegea/SV-lenguaje-de-computacion/blob/2c400a1c53657690c1767ec294f5d8d5b61aa67a/docs/calidad/tuberias-ia/ie004/lote-p3/recuperar-capturas.mjs"
"SV-lenguaje-de-computacion","tuberias-ia","2c400a1c53657690c1767ec294f5d8d5b61aa67a","docs/calidad/tuberias-ia/ie004/lote-p3/reproducir-completa-corregida.mjs","10021","8bc4e68b7deb1a04f3c7044654189ff7020dec76","https://github.com/juantoniolloretegea/SV-lenguaje-de-computacion/blob/2c400a1c53657690c1767ec294f5d8d5b61aa67a/docs/calidad/tuberias-ia/ie004/lote-p3/reproducir-completa-corregida.mjs"
"SV-lenguaje-de-computacion","tuberias-ia","2c400a1c53657690c1767ec294f5d8d5b61aa67a","docs/calidad/tuberias-ia/ie004/previo/ejecutar.mjs","10956","bf730a7fc0a9d192be36168e618004087cf349eb","https://github.com/juantoniolloretegea/SV-lenguaje-de-computacion/blob/2c400a1c53657690c1767ec294f5d8d5b61aa67a/docs/calidad/tuberias-ia/ie004/previo/ejecutar.mjs"
"SV-lenguaje-de-computacion","tuberias-ia","2c400a1c53657690c1767ec294f5d8d5b61aa67a","docs/calidad/tuberias-ia/ie004/recepcion-002/analizar-recepcion.mjs","5678","a6063841a2b88295a9a686f97c7a4df194928b74","https://github.com/juantoniolloretegea/SV-lenguaje-de-computacion/blob/2c400a1c53657690c1767ec294f5d8d5b61aa67a/docs/calidad/tuberias-ia/ie004/recepcion-002/analizar-recepcion.mjs"
"SV-lenguaje-de-computacion","tuberias-ia","2c400a1c53657690c1767ec294f5d8d5b61aa67a","docs/calidad/tuberias-ia/ie004/recepcion-av/casos_fijados.rs","8448","15e0231b7f1686c883c7fb3e93e9f403158e80af","https://github.com/juantoniolloretegea/SV-lenguaje-de-computacion/blob/2c400a1c53657690c1767ec294f5d8d5b61aa67a/docs/calidad/tuberias-ia/ie004/recepcion-av/casos_fijados.rs"
"SV-lenguaje-de-computacion","tuberias-ia","2c400a1c53657690c1767ec294f5d8d5b61aa67a","docs/calidad/tuberias-ia/ie004/recepcion-av/controles.rs","5823","7d9dd57ee117fda94017147ac10e8b2f9b1a79aa","https://github.com/juantoniolloretegea/SV-lenguaje-de-computacion/blob/2c400a1c53657690c1767ec294f5d8d5b61aa67a/docs/calidad/tuberias-ia/ie004/recepcion-av/controles.rs"
"SV-lenguaje-de-computacion","tuberias-ia","2c400a1c53657690c1767ec294f5d8d5b61aa67a","docs/calidad/tuberias-ia/ie004/recepcion-av/ejecutar.mjs","8693","d627c3a94f0205ce7a08a69f168f5d970fc4e94d","https://github.com/juantoniolloretegea/SV-lenguaje-de-computacion/blob/2c400a1c53657690c1767ec294f5d8d5b61aa67a/docs/calidad/tuberias-ia/ie004/recepcion-av/ejecutar.mjs"
"SV-lenguaje-de-computacion","tuberias-ia","2c400a1c53657690c1767ec294f5d8d5b61aa67a","docs/calidad/tuberias-ia/ie004/recepcion-av/FIJAR.mjs","1575","0deb2973fe3ded422d89aff4d21955387c189d4f","https://github.com/juantoniolloretegea/SV-lenguaje-de-computacion/blob/2c400a1c53657690c1767ec294f5d8d5b61aa67a/docs/calidad/tuberias-ia/ie004/recepcion-av/FIJAR.mjs"
"SV-lenguaje-de-computacion","tuberias-ia","2c400a1c53657690c1767ec294f5d8d5b61aa67a","docs/calidad/tuberias-ia/ie004/recepcion-av/json_estricto.rs","8552","e42c89dfa7484aae0f8fd3936968ff065ebf0cef","https://github.com/juantoniolloretegea/SV-lenguaje-de-computacion/blob/2c400a1c53657690c1767ec294f5d8d5b61aa67a/docs/calidad/tuberias-ia/ie004/recepcion-av/json_estricto.rs"
"SV-lenguaje-de-computacion","tuberias-ia","2c400a1c53657690c1767ec294f5d8d5b61aa67a","docs/calidad/tuberias-ia/ie004/recepcion-av/main.rs","5491","aa75aaea348073e3fbb3f55a0cd28661cf8883d1","https://github.com/juantoniolloretegea/SV-lenguaje-de-computacion/blob/2c400a1c53657690c1767ec294f5d8d5b61aa67a/docs/calidad/tuberias-ia/ie004/recepcion-av/main.rs"
"SV-lenguaje-de-computacion","tuberias-ia","2c400a1c53657690c1767ec294f5d8d5b61aa67a","docs/calidad/tuberias-ia/ie004/recepcion-av/preparar-controles.mjs","9636","e5ae48cb84b17ff23dda930f403b46937a84905e","https://github.com/juantoniolloretegea/SV-lenguaje-de-computacion/blob/2c400a1c53657690c1767ec294f5d8d5b61aa67a/docs/calidad/tuberias-ia/ie004/recepcion-av/preparar-controles.mjs"
"SV-lenguaje-de-computacion","tuberias-ia","2c400a1c53657690c1767ec294f5d8d5b61aa67a","docs/calidad/tuberias-ia/ie004/recepcion-av/recepcion_a.rs","8326","14c7c92468975cb1774cc02d9ecfe749a6dbee82","https://github.com/juantoniolloretegea/SV-lenguaje-de-computacion/blob/2c400a1c53657690c1767ec294f5d8d5b61aa67a/docs/calidad/tuberias-ia/ie004/recepcion-av/recepcion_a.rs"
"SV-lenguaje-de-computacion","tuberias-ia","2c400a1c53657690c1767ec294f5d8d5b61aa67a","docs/calidad/tuberias-ia/ie004/recepcion-av/recuperar-resultados.mjs","1591","55de750da48aff2847085e71ca14cad6a51bafc6","https://github.com/juantoniolloretegea/SV-lenguaje-de-computacion/blob/2c400a1c53657690c1767ec294f5d8d5b61aa67a/docs/calidad/tuberias-ia/ie004/recepcion-av/recuperar-resultados.mjs"
"SV-lenguaje-de-computacion","tuberias-ia","2c400a1c53657690c1767ec294f5d8d5b61aa67a","docs/calidad/tuberias-ia/ie004/recepcion-av/sha256.rs","3993","46f0e22a905db433c97ca26bd81ae06c84c60102","https://github.com/juantoniolloretegea/SV-lenguaje-de-computacion/blob/2c400a1c53657690c1767ec294f5d8d5b61aa67a/docs/calidad/tuberias-ia/ie004/recepcion-av/sha256.rs"
"SV-lenguaje-de-computacion","tuberias-ia","2c400a1c53657690c1767ec294f5d8d5b61aa67a","docs/calidad/tuberias-ia/ie004/recepcion-av/verificar_v.rs","7715","c07782f4e261ee90163eefa48241b1850507357d","https://github.com/juantoniolloretegea/SV-lenguaje-de-computacion/blob/2c400a1c53657690c1767ec294f5d8d5b61aa67a/docs/calidad/tuberias-ia/ie004/recepcion-av/verificar_v.rs"
"SV-lenguaje-de-computacion","tuberias-ia","2c400a1c53657690c1767ec294f5d8d5b61aa67a","docs/calidad/tuberias-ia/ie004/recepcion-av/wasi.mjs","408","36dd4fb04a4e21bda9b2b53ea7efc1b0b79f89ae","https://github.com/juantoniolloretegea/SV-lenguaje-de-computacion/blob/2c400a1c53657690c1767ec294f5d8d5b61aa67a/docs/calidad/tuberias-ia/ie004/recepcion-av/wasi.mjs"
"SV-lenguaje-de-computacion","tuberias-ia","2c400a1c53657690c1767ec294f5d8d5b61aa67a","docs/calidad/tuberias-ia/ie004/recepcion-compromiso-p3/sonda-rust/casos.rs","31761","66283714c8632616e5d9a5a6942b1e7e4fad4c6b","https://github.com/juantoniolloretegea/SV-lenguaje-de-computacion/blob/2c400a1c53657690c1767ec294f5d8d5b61aa67a/docs/calidad/tuberias-ia/ie004/recepcion-compromiso-p3/sonda-rust/casos.rs"
"SV-lenguaje-de-computacion","tuberias-ia","2c400a1c53657690c1767ec294f5d8d5b61aa67a","docs/calidad/tuberias-ia/ie004/recepcion-compromiso-p3/sonda-rust/ejecutar.mjs","6774","b298b0002b659ac8f233067628451d356ba0c64a","https://github.com/juantoniolloretegea/SV-lenguaje-de-computacion/blob/2c400a1c53657690c1767ec294f5d8d5b61aa67a/docs/calidad/tuberias-ia/ie004/recepcion-compromiso-p3/sonda-rust/ejecutar.mjs"
"SV-lenguaje-de-computacion","tuberias-ia","2c400a1c53657690c1767ec294f5d8d5b61aa67a","docs/calidad/tuberias-ia/ie004/recepcion-compromiso-p3/sonda-rust/sonda.rs","10406","5cc9eb34322de7bfc18db3efa2af39bf15322746","https://github.com/juantoniolloretegea/SV-lenguaje-de-computacion/blob/2c400a1c53657690c1767ec294f5d8d5b61aa67a/docs/calidad/tuberias-ia/ie004/recepcion-compromiso-p3/sonda-rust/sonda.rs"
"SV-lenguaje-de-computacion","tuberias-ia","2c400a1c53657690c1767ec294f5d8d5b61aa67a","docs/calidad/tuberias-ia/ie004/recepcion-compromiso-p3/sonda-rust/wasi.mjs","392","ff4d597388e69e88eac38cb8ef1eca53c2ca2f67","https://github.com/juantoniolloretegea/SV-lenguaje-de-computacion/blob/2c400a1c53657690c1767ec294f5d8d5b61aa67a/docs/calidad/tuberias-ia/ie004/recepcion-compromiso-p3/sonda-rust/wasi.mjs"
"SV-lenguaje-de-computacion","tuberias-ia","2c400a1c53657690c1767ec294f5d8d5b61aa67a","docs/calidad/tuberias-ia/ie004/recepcion-contexto-001/analizar-contexto.mjs","7805","a2be652c60540e595911ccc78b95b1753a40790f","https://github.com/juantoniolloretegea/SV-lenguaje-de-computacion/blob/2c400a1c53657690c1767ec294f5d8d5b61aa67a/docs/calidad/tuberias-ia/ie004/recepcion-contexto-001/analizar-contexto.mjs"
"SV-lenguaje-de-computacion","tuberias-ia","2c400a1c53657690c1767ec294f5d8d5b61aa67a","docs/calidad/tuberias-ia/ie004/recibo-g1/candidata/av.rs","3506","10aee223e5b65f02fa22e71c4abe9307a5939172","https://github.com/juantoniolloretegea/SV-lenguaje-de-computacion/blob/2c400a1c53657690c1767ec294f5d8d5b61aa67a/docs/calidad/tuberias-ia/ie004/recibo-g1/candidata/av.rs"
"SV-lenguaje-de-computacion","tuberias-ia","2c400a1c53657690c1767ec294f5d8d5b61aa67a","docs/calidad/tuberias-ia/ie004/recibo-g1/candidata/ejecutar.mjs","5924","4a06a7744fc8533f6f11bf39a9b75e1f2a6f74c4","https://github.com/juantoniolloretegea/SV-lenguaje-de-computacion/blob/2c400a1c53657690c1767ec294f5d8d5b61aa67a/docs/calidad/tuberias-ia/ie004/recibo-g1/candidata/ejecutar.mjs"
"SV-lenguaje-de-computacion","tuberias-ia","2c400a1c53657690c1767ec294f5d8d5b61aa67a","docs/calidad/tuberias-ia/ie004/recibo-g1/candidata/json_vista.rs","4148","ff917c2d9c32222f693717915b2943645818f273","https://github.com/juantoniolloretegea/SV-lenguaje-de-computacion/blob/2c400a1c53657690c1767ec294f5d8d5b61aa67a/docs/calidad/tuberias-ia/ie004/recibo-g1/candidata/json_vista.rs"
"SV-lenguaje-de-computacion","tuberias-ia","2c400a1c53657690c1767ec294f5d8d5b61aa67a","docs/calidad/tuberias-ia/ie004/recibo-g1/candidata/lib.rs","14944","f1f3967ee442df61a022ff99afb1d2c0512a433a","https://github.com/juantoniolloretegea/SV-lenguaje-de-computacion/blob/2c400a1c53657690c1767ec294f5d8d5b61aa67a/docs/calidad/tuberias-ia/ie004/recibo-g1/candidata/lib.rs"
"SV-lenguaje-de-computacion","tuberias-ia","2c400a1c53657690c1767ec294f5d8d5b61aa67a","docs/calidad/tuberias-ia/ie004/recibo-g1/candidata/tests.rs","9890","aa9e13bf42a5541542fec7b6ee2fdf1197d8fd50","https://github.com/juantoniolloretegea/SV-lenguaje-de-computacion/blob/2c400a1c53657690c1767ec294f5d8d5b61aa67a/docs/calidad/tuberias-ia/ie004/recibo-g1/candidata/tests.rs"
"SV-lenguaje-de-computacion","tuberias-ia","2c400a1c53657690c1767ec294f5d8d5b61aa67a","docs/calidad/tuberias-ia/ie004/recibo-g1/preparar-testigos.mjs","7762","1933e353092268490968e1fdfe9af73f59e5ba9d","https://github.com/juantoniolloretegea/SV-lenguaje-de-computacion/blob/2c400a1c53657690c1767ec294f5d8d5b61aa67a/docs/calidad/tuberias-ia/ie004/recibo-g1/preparar-testigos.mjs"
"SV-lenguaje-de-computacion","tuberias-ia","2c400a1c53657690c1767ec294f5d8d5b61aa67a","docs/calidad/tuberias-ia/ie004/semantica-a/casos_semanticos.rs","43222","b19904e9d136772cd85b889284ad34bd7d48bc4e","https://github.com/juantoniolloretegea/SV-lenguaje-de-computacion/blob/2c400a1c53657690c1767ec294f5d8d5b61aa67a/docs/calidad/tuberias-ia/ie004/semantica-a/casos_semanticos.rs"
"SV-lenguaje-de-computacion","tuberias-ia","2c400a1c53657690c1767ec294f5d8d5b61aa67a","docs/calidad/tuberias-ia/ie004/semantica-a/comprobar.rs","4968","baab107480db03799e9bd2cfce72686667bf14c8","https://github.com/juantoniolloretegea/SV-lenguaje-de-computacion/blob/2c400a1c53657690c1767ec294f5d8d5b61aa67a/docs/calidad/tuberias-ia/ie004/semantica-a/comprobar.rs"
"SV-lenguaje-de-computacion","tuberias-ia","2c400a1c53657690c1767ec294f5d8d5b61aa67a","docs/calidad/tuberias-ia/ie004/semantica-a/ejecutar.mjs","5880","b8ac7ec5500314982d761997d4a11c17a821626d","https://github.com/juantoniolloretegea/SV-lenguaje-de-computacion/blob/2c400a1c53657690c1767ec294f5d8d5b61aa67a/docs/calidad/tuberias-ia/ie004/semantica-a/ejecutar.mjs"
"SV-lenguaje-de-computacion","tuberias-ia","2c400a1c53657690c1767ec294f5d8d5b61aa67a","docs/calidad/tuberias-ia/ie004/semantica-a/gramatica.rs","2700","8817cd8b0f8b211078c4a749a0f60e2935e40bd4","https://github.com/juantoniolloretegea/SV-lenguaje-de-computacion/blob/2c400a1c53657690c1767ec294f5d8d5b61aa67a/docs/calidad/tuberias-ia/ie004/semantica-a/gramatica.rs"
"SV-lenguaje-de-computacion","tuberias-ia","2c400a1c53657690c1767ec294f5d8d5b61aa67a","docs/calidad/tuberias-ia/ie004/semantica-a/main.rs","1355","79eab4dacbb6d77f28db135c24eb1abb3bf7ce34","https://github.com/juantoniolloretegea/SV-lenguaje-de-computacion/blob/2c400a1c53657690c1767ec294f5d8d5b61aa67a/docs/calidad/tuberias-ia/ie004/semantica-a/main.rs"
"SV-lenguaje-de-computacion","tuberias-ia","2c400a1c53657690c1767ec294f5d8d5b61aa67a","docs/calidad/tuberias-ia/ie004/semantica-a/preparar-casos.mjs","6997","f98832c51a905bca35dc5d89d95b6b8f601b2a00","https://github.com/juantoniolloretegea/SV-lenguaje-de-computacion/blob/2c400a1c53657690c1767ec294f5d8d5b61aa67a/docs/calidad/tuberias-ia/ie004/semantica-a/preparar-casos.mjs"
"SV-lenguaje-de-computacion","tuberias-ia","2c400a1c53657690c1767ec294f5d8d5b61aa67a","docs/calidad/tuberias-ia/ie004/semantica-a/recuperar.mjs","1067","70881d4a800a8d364d9cb8bbeab2972fbc19d743","https://github.com/juantoniolloretegea/SV-lenguaje-de-computacion/blob/2c400a1c53657690c1767ec294f5d8d5b61aa67a/docs/calidad/tuberias-ia/ie004/semantica-a/recuperar.mjs"
"SV-lenguaje-de-computacion","tuberias-ia","2c400a1c53657690c1767ec294f5d8d5b61aa67a","docs/calidad/tuberias-ia/ie004/semantica-a/recursos.rs","5909","d86d90761d3193bfcc595500d78f5adf04e35947","https://github.com/juantoniolloretegea/SV-lenguaje-de-computacion/blob/2c400a1c53657690c1767ec294f5d8d5b61aa67a/docs/calidad/tuberias-ia/ie004/semantica-a/recursos.rs"
"SV-lenguaje-de-computacion","tuberias-ia","2c400a1c53657690c1767ec294f5d8d5b61aa67a","docs/calidad/tuberias-ia/ie004/semantica-a/regresion.rs","31761","66283714c8632616e5d9a5a6942b1e7e4fad4c6b","https://github.com/juantoniolloretegea/SV-lenguaje-de-computacion/blob/2c400a1c53657690c1767ec294f5d8d5b61aa67a/docs/calidad/tuberias-ia/ie004/semantica-a/regresion.rs"
"SV-lenguaje-de-computacion","tuberias-ia","2c400a1c53657690c1767ec294f5d8d5b61aa67a","docs/calidad/tuberias-ia/ie004/semantica-a/semantica.rs","11333","f7525cb680aef89699bde5fdc18637b40fe79bf1","https://github.com/juantoniolloretegea/SV-lenguaje-de-computacion/blob/2c400a1c53657690c1767ec294f5d8d5b61aa67a/docs/calidad/tuberias-ia/ie004/semantica-a/semantica.rs"
"SV-lenguaje-de-computacion","tuberias-ia","2c400a1c53657690c1767ec294f5d8d5b61aa67a","docs/calidad/tuberias-ia/ie004/semantica-a/servicio.rs","6256","2e364d7c8b8c59771a2bdfc6e96a7e1fce97c057","https://github.com/juantoniolloretegea/SV-lenguaje-de-computacion/blob/2c400a1c53657690c1767ec294f5d8d5b61aa67a/docs/calidad/tuberias-ia/ie004/semantica-a/servicio.rs"
"SV-lenguaje-de-computacion","tuberias-ia","2c400a1c53657690c1767ec294f5d8d5b61aa67a","docs/calidad/tuberias-ia/ie004/semantica-a/sintaxis.rs","9642","adfb23b01e0273601edb5416cc482557b0ca2f3b","https://github.com/juantoniolloretegea/SV-lenguaje-de-computacion/blob/2c400a1c53657690c1767ec294f5d8d5b61aa67a/docs/calidad/tuberias-ia/ie004/semantica-a/sintaxis.rs"
"SV-lenguaje-de-computacion","tuberias-ia","2c400a1c53657690c1767ec294f5d8d5b61aa67a","docs/calidad/tuberias-ia/ie004/semantica-a/wasi.mjs","392","ff4d597388e69e88eac38cb8ef1eca53c2ca2f67","https://github.com/juantoniolloretegea/SV-lenguaje-de-computacion/blob/2c400a1c53657690c1767ec294f5d8d5b61aa67a/docs/calidad/tuberias-ia/ie004/semantica-a/wasi.mjs"
"SV-lenguaje-de-computacion","tuberias-ia","2c400a1c53657690c1767ec294f5d8d5b61aa67a","docs/calidad/tuberias-ia/ie004/trazabilidad-142/completar-contraste.mjs","3789","02c5835fd76006b798bed43d7e259e438ba5a5e2","https://github.com/juantoniolloretegea/SV-lenguaje-de-computacion/blob/2c400a1c53657690c1767ec294f5d8d5b61aa67a/docs/calidad/tuberias-ia/ie004/trazabilidad-142/completar-contraste.mjs"
"SV-lenguaje-de-computacion","tuberias-ia","2c400a1c53657690c1767ec294f5d8d5b61aa67a","docs/calidad/tuberias-ia/ie004/trazabilidad-142/comprobar-evidencia-correccion-1.mjs","9499","6d0fb2315161c60c6124de9c000aedd5ec0e0903","https://github.com/juantoniolloretegea/SV-lenguaje-de-computacion/blob/2c400a1c53657690c1767ec294f5d8d5b61aa67a/docs/calidad/tuberias-ia/ie004/trazabilidad-142/comprobar-evidencia-correccion-1.mjs"
"SV-lenguaje-de-computacion","tuberias-ia","2c400a1c53657690c1767ec294f5d8d5b61aa67a","docs/calidad/tuberias-ia/ie004/trazabilidad-142/comprobar-evidencia-inicial.mjs","8815","96b4373f3a3f0cb4d531505fc726640707565166","https://github.com/juantoniolloretegea/SV-lenguaje-de-computacion/blob/2c400a1c53657690c1767ec294f5d8d5b61aa67a/docs/calidad/tuberias-ia/ie004/trazabilidad-142/comprobar-evidencia-inicial.mjs"
"SV-lenguaje-de-computacion","tuberias-ia","2c400a1c53657690c1767ec294f5d8d5b61aa67a","docs/calidad/tuberias-ia/ie004/trazabilidad-142/comprobar-evidencia.mjs","9524","190d5eac6284e37b3dca2416a64840b65f896eb9","https://github.com/juantoniolloretegea/SV-lenguaje-de-computacion/blob/2c400a1c53657690c1767ec294f5d8d5b61aa67a/docs/calidad/tuberias-ia/ie004/trazabilidad-142/comprobar-evidencia.mjs"
"SV-lenguaje-de-computacion","tuberias-ia","2c400a1c53657690c1767ec294f5d8d5b61aa67a","docs/calidad/tuberias-ia/integracion-adenda-ia-frame-y-catalogo-errores/s1-cobertura-independiente/codigo/base.rs","1796","7f49848f9ec2c74966131e1346c4c10d0454f4a8","https://github.com/juantoniolloretegea/SV-lenguaje-de-computacion/blob/2c400a1c53657690c1767ec294f5d8d5b61aa67a/docs/calidad/tuberias-ia/integracion-adenda-ia-frame-y-catalogo-errores/s1-cobertura-independiente/codigo/base.rs"
"SV-lenguaje-de-computacion","tuberias-ia","2c400a1c53657690c1767ec294f5d8d5b61aa67a","docs/calidad/tuberias-ia/integracion-adenda-ia-frame-y-catalogo-errores/s1-cobertura-independiente/codigo/cobertura.rs","2564","cb709058e940d28252ac15b3b6a3bdf3d69a2f43","https://github.com/juantoniolloretegea/SV-lenguaje-de-computacion/blob/2c400a1c53657690c1767ec294f5d8d5b61aa67a/docs/calidad/tuberias-ia/integracion-adenda-ia-frame-y-catalogo-errores/s1-cobertura-independiente/codigo/cobertura.rs"
"SV-lenguaje-de-computacion","tuberias-ia","2c400a1c53657690c1767ec294f5d8d5b61aa67a","docs/calidad/tuberias-ia/integracion-adenda-ia-frame-y-catalogo-errores/s1-cobertura-independiente/codigo/contraste.rs","5206","8c0aa4457cf71106353719e95a127a378a8e666b","https://github.com/juantoniolloretegea/SV-lenguaje-de-computacion/blob/2c400a1c53657690c1767ec294f5d8d5b61aa67a/docs/calidad/tuberias-ia/integracion-adenda-ia-frame-y-catalogo-errores/s1-cobertura-independiente/codigo/contraste.rs"
"SV-lenguaje-de-computacion","tuberias-ia","2c400a1c53657690c1767ec294f5d8d5b61aa67a","docs/calidad/tuberias-ia/integracion-adenda-ia-frame-y-catalogo-errores/s1-cobertura-independiente/codigo/diagnostico_ci07.rs","1253","a3b5b7d47e986f9d1e12c5fd164d63a040b7d610","https://github.com/juantoniolloretegea/SV-lenguaje-de-computacion/blob/2c400a1c53657690c1767ec294f5d8d5b61aa67a/docs/calidad/tuberias-ia/integracion-adenda-ia-frame-y-catalogo-errores/s1-cobertura-independiente/codigo/diagnostico_ci07.rs"
"SV-lenguaje-de-computacion","tuberias-ia","2c400a1c53657690c1767ec294f5d8d5b61aa67a","docs/calidad/tuberias-ia/integracion-adenda-ia-frame-y-catalogo-errores/s1-cobertura-independiente/codigo/forjar.rs","182","9bb4adced3ac9bb5d44816c5e27f3385614fa1d1","https://github.com/juantoniolloretegea/SV-lenguaje-de-computacion/blob/2c400a1c53657690c1767ec294f5d8d5b61aa67a/docs/calidad/tuberias-ia/integracion-adenda-ia-frame-y-catalogo-errores/s1-cobertura-independiente/codigo/forjar.rs"
"SV-lenguaje-de-computacion","tuberias-ia","2c400a1c53657690c1767ec294f5d8d5b61aa67a","docs/calidad/tuberias-ia/integracion-adenda-ia-frame-y-catalogo-errores/s1-cobertura-independiente/codigo/rangos_fijados.rs","74","f58f39a8edaa75f47f99f28e8b98e38eed845de9","https://github.com/juantoniolloretegea/SV-lenguaje-de-computacion/blob/2c400a1c53657690c1767ec294f5d8d5b61aa67a/docs/calidad/tuberias-ia/integracion-adenda-ia-frame-y-catalogo-errores/s1-cobertura-independiente/codigo/rangos_fijados.rs"
"SV-lenguaje-de-computacion","tuberias-ia","2c400a1c53657690c1767ec294f5d8d5b61aa67a","docs/calidad/tuberias-ia/integracion-adenda-ia-frame-y-catalogo-errores/s1-cobertura-independiente/intento-inicial/contraste.rs","5094","1bc636ee7e6ae6c7fb1b75ba5ffc2cef33891920","https://github.com/juantoniolloretegea/SV-lenguaje-de-computacion/blob/2c400a1c53657690c1767ec294f5d8d5b61aa67a/docs/calidad/tuberias-ia/integracion-adenda-ia-frame-y-catalogo-errores/s1-cobertura-independiente/intento-inicial/contraste.rs"
"SV-lenguaje-de-computacion","tuberias-ia","2c400a1c53657690c1767ec294f5d8d5b61aa67a","docs/calidad/tuberias-ia/integracion-adenda-ia-frame-y-catalogo-errores/s1-cobertura-independiente/sensibilidad/referencia-circular/cobertura.rs","2608","410838c0b8d84c16ba0492d3ac1babefe14e1b4f","https://github.com/juantoniolloretegea/SV-lenguaje-de-computacion/blob/2c400a1c53657690c1767ec294f5d8d5b61aa67a/docs/calidad/tuberias-ia/integracion-adenda-ia-frame-y-catalogo-errores/s1-cobertura-independiente/sensibilidad/referencia-circular/cobertura.rs"
"SV-lenguaje-de-computacion","tuberias-ia","2c400a1c53657690c1767ec294f5d8d5b61aa67a","docs/calidad/tuberias-ia/integracion-adenda-ia-frame-y-catalogo-errores/s1-cobertura-independiente/sensibilidad/referencia-circular/rangos_fijados.rs","74","f58f39a8edaa75f47f99f28e8b98e38eed845de9","https://github.com/juantoniolloretegea/SV-lenguaje-de-computacion/blob/2c400a1c53657690c1767ec294f5d8d5b61aa67a/docs/calidad/tuberias-ia/integracion-adenda-ia-frame-y-catalogo-errores/s1-cobertura-independiente/sensibilidad/referencia-circular/rangos_fijados.rs"
"SV-lenguaje-de-computacion","tuberias-ia","2c400a1c53657690c1767ec294f5d8d5b61aa67a","docs/calidad/tuberias-ia/integracion-adenda-ia-frame-y-catalogo-errores/s1-cobertura-independiente/sensibilidad/sin-obligacion/cobertura.rs","2551","dc8a8f33b6c7e88669918f55d7ecc3e6140ebe41","https://github.com/juantoniolloretegea/SV-lenguaje-de-computacion/blob/2c400a1c53657690c1767ec294f5d8d5b61aa67a/docs/calidad/tuberias-ia/integracion-adenda-ia-frame-y-catalogo-errores/s1-cobertura-independiente/sensibilidad/sin-obligacion/cobertura.rs"
"SV-lenguaje-de-computacion","tuberias-ia","2c400a1c53657690c1767ec294f5d8d5b61aa67a","docs/calidad/tuberias-ia/integracion-adenda-ia-frame-y-catalogo-errores/s1-cobertura-independiente/sensibilidad/sin-obligacion/rangos_fijados.rs","74","f58f39a8edaa75f47f99f28e8b98e38eed845de9","https://github.com/juantoniolloretegea/SV-lenguaje-de-computacion/blob/2c400a1c53657690c1767ec294f5d8d5b61aa67a/docs/calidad/tuberias-ia/integracion-adenda-ia-frame-y-catalogo-errores/s1-cobertura-independiente/sensibilidad/sin-obligacion/rangos_fijados.rs"
"SV-lenguaje-de-computacion","tuberias-ia","2c400a1c53657690c1767ec294f5d8d5b61aa67a","docs/calidad/tuberias-ia/integracion-adenda-ia-frame-y-catalogo-errores/s11-contexto-y-cobertura/codigo/contexto.rs","1294","584e4bf0011c88172f92f5f687c8cab5997db305","https://github.com/juantoniolloretegea/SV-lenguaje-de-computacion/blob/2c400a1c53657690c1767ec294f5d8d5b61aa67a/docs/calidad/tuberias-ia/integracion-adenda-ia-frame-y-catalogo-errores/s11-contexto-y-cobertura/codigo/contexto.rs"
"SV-lenguaje-de-computacion","tuberias-ia","2c400a1c53657690c1767ec294f5d8d5b61aa67a","docs/calidad/tuberias-ia/integracion-adenda-ia-frame-y-catalogo-errores/s11-contexto-y-cobertura/codigo/contraste.rs","6180","237d6cd00bd95769c6d34c8a0213f152734a306c","https://github.com/juantoniolloretegea/SV-lenguaje-de-computacion/blob/2c400a1c53657690c1767ec294f5d8d5b61aa67a/docs/calidad/tuberias-ia/integracion-adenda-ia-frame-y-catalogo-errores/s11-contexto-y-cobertura/codigo/contraste.rs"
"SV-lenguaje-de-computacion","tuberias-ia","2c400a1c53657690c1767ec294f5d8d5b61aa67a","docs/calidad/tuberias-ia/integracion-adenda-ia-frame-y-catalogo-errores/s11-contexto-y-cobertura/codigo/destino.rs","1305","bb9811c9f8bb7964419ea25bd508b62144203532","https://github.com/juantoniolloretegea/SV-lenguaje-de-computacion/blob/2c400a1c53657690c1767ec294f5d8d5b61aa67a/docs/calidad/tuberias-ia/integracion-adenda-ia-frame-y-catalogo-errores/s11-contexto-y-cobertura/codigo/destino.rs"
"SV-lenguaje-de-computacion","tuberias-ia","2c400a1c53657690c1767ec294f5d8d5b61aa67a","docs/calidad/tuberias-ia/integracion-adenda-ia-frame-y-catalogo-errores/s11-contexto-y-cobertura/sensibilidad/cobertura-sin-obligacion.rs","2551","34aaf782159cc3759532006621ea28cc730dc373","https://github.com/juantoniolloretegea/SV-lenguaje-de-computacion/blob/2c400a1c53657690c1767ec294f5d8d5b61aa67a/docs/calidad/tuberias-ia/integracion-adenda-ia-frame-y-catalogo-errores/s11-contexto-y-cobertura/sensibilidad/cobertura-sin-obligacion.rs"
"SV-lenguaje-de-computacion","tuberias-ia","2c400a1c53657690c1767ec294f5d8d5b61aa67a","docs/calidad/tuberias-ia/integracion-adenda-ia-frame-y-catalogo-errores/s11-contexto-y-cobertura/sensibilidad/contexto-sin-identidad.rs","1277","69ebde15c64b72c7b391eb067d963b998fa74aa0","https://github.com/juantoniolloretegea/SV-lenguaje-de-computacion/blob/2c400a1c53657690c1767ec294f5d8d5b61aa67a/docs/calidad/tuberias-ia/integracion-adenda-ia-frame-y-catalogo-errores/s11-contexto-y-cobertura/sensibilidad/contexto-sin-identidad.rs"
"SV-lenguaje-de-computacion","tuberias-ia","2c400a1c53657690c1767ec294f5d8d5b61aa67a","docs/calidad/tuberias-ia/integracion-adenda-ia-frame-y-catalogo-errores/s14-bases-y-reevaluacion/codigo/bases.rs","3776","8c7acc1c6491a393ac3b4644c2713315a82fc3ec","https://github.com/juantoniolloretegea/SV-lenguaje-de-computacion/blob/2c400a1c53657690c1767ec294f5d8d5b61aa67a/docs/calidad/tuberias-ia/integracion-adenda-ia-frame-y-catalogo-errores/s14-bases-y-reevaluacion/codigo/bases.rs"
"SV-lenguaje-de-computacion","tuberias-ia","2c400a1c53657690c1767ec294f5d8d5b61aa67a","docs/calidad/tuberias-ia/integracion-adenda-ia-frame-y-catalogo-errores/s14-bases-y-reevaluacion/codigo/contraste.rs","4314","a79e094aeb44200d8657aa4f77841fb4c2a7e6ec","https://github.com/juantoniolloretegea/SV-lenguaje-de-computacion/blob/2c400a1c53657690c1767ec294f5d8d5b61aa67a/docs/calidad/tuberias-ia/integracion-adenda-ia-frame-y-catalogo-errores/s14-bases-y-reevaluacion/codigo/contraste.rs"
"SV-lenguaje-de-computacion","tuberias-ia","2c400a1c53657690c1767ec294f5d8d5b61aa67a","docs/calidad/tuberias-ia/integracion-adenda-ia-frame-y-catalogo-errores/s15-causas-recepcion/codigo/contraste.rs","4512","60cbff7b6054a2641a15704a069aa8a81cef6c45","https://github.com/juantoniolloretegea/SV-lenguaje-de-computacion/blob/2c400a1c53657690c1767ec294f5d8d5b61aa67a/docs/calidad/tuberias-ia/integracion-adenda-ia-frame-y-catalogo-errores/s15-causas-recepcion/codigo/contraste.rs"
"SV-lenguaje-de-computacion","tuberias-ia","2c400a1c53657690c1767ec294f5d8d5b61aa67a","docs/calidad/tuberias-ia/integracion-adenda-ia-frame-y-catalogo-errores/s15-causas-recepcion/codigo/receptor.rs","3988","48aaab0ccfe80899bc144ef9df9a454d4fc43165","https://github.com/juantoniolloretegea/SV-lenguaje-de-computacion/blob/2c400a1c53657690c1767ec294f5d8d5b61aa67a/docs/calidad/tuberias-ia/integracion-adenda-ia-frame-y-catalogo-errores/s15-causas-recepcion/codigo/receptor.rs"
"SV-lenguaje-de-computacion","tuberias-ia","2c400a1c53657690c1767ec294f5d8d5b61aa67a","docs/calidad/tuberias-ia/integracion-adenda-ia-frame-y-catalogo-errores/s18-recorrido-conjunto/codigo/cliente_valido.rs","246","ffb4bebdbd26cf6f0394f1ce62ff6619fdbb912f","https://github.com/juantoniolloretegea/SV-lenguaje-de-computacion/blob/2c400a1c53657690c1767ec294f5d8d5b61aa67a/docs/calidad/tuberias-ia/integracion-adenda-ia-frame-y-catalogo-errores/s18-recorrido-conjunto/codigo/cliente_valido.rs"
"SV-lenguaje-de-computacion","tuberias-ia","2c400a1c53657690c1767ec294f5d8d5b61aa67a","docs/calidad/tuberias-ia/integracion-adenda-ia-frame-y-catalogo-errores/s18-recorrido-conjunto/codigo/contraste.rs","9482","b52a79473e9d2d89c12f24bf4206df044bde3e91","https://github.com/juantoniolloretegea/SV-lenguaje-de-computacion/blob/2c400a1c53657690c1767ec294f5d8d5b61aa67a/docs/calidad/tuberias-ia/integracion-adenda-ia-frame-y-catalogo-errores/s18-recorrido-conjunto/codigo/contraste.rs"
"SV-lenguaje-de-computacion","tuberias-ia","2c400a1c53657690c1767ec294f5d8d5b61aa67a","docs/calidad/tuberias-ia/integracion-adenda-ia-frame-y-catalogo-errores/s18-recorrido-conjunto/codigo/fabricar_entrega.rs","227","079b60cb22dc1034c29d23065d391f61d75ae656","https://github.com/juantoniolloretegea/SV-lenguaje-de-computacion/blob/2c400a1c53657690c1767ec294f5d8d5b61aa67a/docs/calidad/tuberias-ia/integracion-adenda-ia-frame-y-catalogo-errores/s18-recorrido-conjunto/codigo/fabricar_entrega.rs"
"SV-lenguaje-de-computacion","tuberias-ia","2c400a1c53657690c1767ec294f5d8d5b61aa67a","docs/calidad/tuberias-ia/integracion-adenda-ia-frame-y-catalogo-errores/s18-recorrido-conjunto/codigo/fabricar_referencia.rs","193","b1187f678bb1405eec22290efb468548717596a3","https://github.com/juantoniolloretegea/SV-lenguaje-de-computacion/blob/2c400a1c53657690c1767ec294f5d8d5b61aa67a/docs/calidad/tuberias-ia/integracion-adenda-ia-frame-y-catalogo-errores/s18-recorrido-conjunto/codigo/fabricar_referencia.rs"
"SV-lenguaje-de-computacion","tuberias-ia","2c400a1c53657690c1767ec294f5d8d5b61aa67a","docs/calidad/tuberias-ia/integracion-adenda-ia-frame-y-catalogo-errores/s18-recorrido-conjunto/codigo/recorrido.rs","14082","8b90677766d5c9a9c4cb15ebebec0da5991aab2c","https://github.com/juantoniolloretegea/SV-lenguaje-de-computacion/blob/2c400a1c53657690c1767ec294f5d8d5b61aa67a/docs/calidad/tuberias-ia/integracion-adenda-ia-frame-y-catalogo-errores/s18-recorrido-conjunto/codigo/recorrido.rs"
"SV-lenguaje-de-computacion","tuberias-ia","2c400a1c53657690c1767ec294f5d8d5b61aa67a","docs/calidad/tuberias-ia/integracion-adenda-ia-frame-y-catalogo-errores/s2-vigencia-causal/codigo/cobertura.rs","2564","d00052dc12caacfbae42b15bf73eed994191a341","https://github.com/juantoniolloretegea/SV-lenguaje-de-computacion/blob/2c400a1c53657690c1767ec294f5d8d5b61aa67a/docs/calidad/tuberias-ia/integracion-adenda-ia-frame-y-catalogo-errores/s2-vigencia-causal/codigo/cobertura.rs"
"SV-lenguaje-de-computacion","tuberias-ia","2c400a1c53657690c1767ec294f5d8d5b61aa67a","docs/calidad/tuberias-ia/integracion-adenda-ia-frame-y-catalogo-errores/s2-vigencia-causal/codigo/contraste.rs","7069","76087befdecd780858a8d19e24eeedd4f8c87ad7","https://github.com/juantoniolloretegea/SV-lenguaje-de-computacion/blob/2c400a1c53657690c1767ec294f5d8d5b61aa67a/docs/calidad/tuberias-ia/integracion-adenda-ia-frame-y-catalogo-errores/s2-vigencia-causal/codigo/contraste.rs"
"SV-lenguaje-de-computacion","tuberias-ia","2c400a1c53657690c1767ec294f5d8d5b61aa67a","docs/calidad/tuberias-ia/integracion-adenda-ia-frame-y-catalogo-errores/s2-vigencia-causal/codigo/rangos_fijados.rs","82","d692cb07c89daf6e2bc65c7c8e80567a703e404d","https://github.com/juantoniolloretegea/SV-lenguaje-de-computacion/blob/2c400a1c53657690c1767ec294f5d8d5b61aa67a/docs/calidad/tuberias-ia/integracion-adenda-ia-frame-y-catalogo-errores/s2-vigencia-causal/codigo/rangos_fijados.rs"
"SV-lenguaje-de-computacion","tuberias-ia","2c400a1c53657690c1767ec294f5d8d5b61aa67a","docs/calidad/tuberias-ia/integracion-adenda-ia-frame-y-catalogo-errores/s2-vigencia-causal/sensibilidad/sin-obligacion/cobertura.rs","2551","34aaf782159cc3759532006621ea28cc730dc373","https://github.com/juantoniolloretegea/SV-lenguaje-de-computacion/blob/2c400a1c53657690c1767ec294f5d8d5b61aa67a/docs/calidad/tuberias-ia/integracion-adenda-ia-frame-y-catalogo-errores/s2-vigencia-causal/sensibilidad/sin-obligacion/cobertura.rs"
"SV-lenguaje-de-computacion","tuberias-ia","2c400a1c53657690c1767ec294f5d8d5b61aa67a","docs/calidad/tuberias-ia/integracion-adenda-ia-frame-y-catalogo-errores/s2-vigencia-causal/sensibilidad/sin-obligacion/rangos_fijados.rs","82","d692cb07c89daf6e2bc65c7c8e80567a703e404d","https://github.com/juantoniolloretegea/SV-lenguaje-de-computacion/blob/2c400a1c53657690c1767ec294f5d8d5b61aa67a/docs/calidad/tuberias-ia/integracion-adenda-ia-frame-y-catalogo-errores/s2-vigencia-causal/sensibilidad/sin-obligacion/rangos_fijados.rs"
"SV-lenguaje-de-computacion","tuberias-ia","2c400a1c53657690c1767ec294f5d8d5b61aa67a","docs/calidad/tuberias-ia/integracion-adenda-ia-frame-y-catalogo-errores/s2-vigencia-causal/sensibilidad/sin-revocacion/servicio.rs","6253","3e53a210f6ffda6bafb16901233aa7e0f7004588","https://github.com/juantoniolloretegea/SV-lenguaje-de-computacion/blob/2c400a1c53657690c1767ec294f5d8d5b61aa67a/docs/calidad/tuberias-ia/integracion-adenda-ia-frame-y-catalogo-errores/s2-vigencia-causal/sensibilidad/sin-revocacion/servicio.rs"
"SV-lenguaje-de-computacion","tuberias-ia","2c400a1c53657690c1767ec294f5d8d5b61aa67a","docs/calidad/tuberias-ia/integracion-adenda-ia-frame-y-catalogo-errores/s2-vigencia-causal/sucesores/lote-g1/lib.rs","9340","95e3e917cfeecdfff70561bb20139562a79066c3","https://github.com/juantoniolloretegea/SV-lenguaje-de-computacion/blob/2c400a1c53657690c1767ec294f5d8d5b61aa67a/docs/calidad/tuberias-ia/integracion-adenda-ia-frame-y-catalogo-errores/s2-vigencia-causal/sucesores/lote-g1/lib.rs"
"SV-lenguaje-de-computacion","tuberias-ia","2c400a1c53657690c1767ec294f5d8d5b61aa67a","docs/calidad/tuberias-ia/integracion-adenda-ia-frame-y-catalogo-errores/s3-presentacion-y-negacion/codigo/contraste.rs","5549","c2ef13b464f23c87556b5de826f892424c13f548","https://github.com/juantoniolloretegea/SV-lenguaje-de-computacion/blob/2c400a1c53657690c1767ec294f5d8d5b61aa67a/docs/calidad/tuberias-ia/integracion-adenda-ia-frame-y-catalogo-errores/s3-presentacion-y-negacion/codigo/contraste.rs"
"SV-lenguaje-de-computacion","tuberias-ia","2c400a1c53657690c1767ec294f5d8d5b61aa67a","docs/calidad/tuberias-ia/integracion-adenda-ia-frame-y-catalogo-errores/s3-presentacion-y-negacion/codigo/destino.rs","1305","bb9811c9f8bb7964419ea25bd508b62144203532","https://github.com/juantoniolloretegea/SV-lenguaje-de-computacion/blob/2c400a1c53657690c1767ec294f5d8d5b61aa67a/docs/calidad/tuberias-ia/integracion-adenda-ia-frame-y-catalogo-errores/s3-presentacion-y-negacion/codigo/destino.rs"
"SV-lenguaje-de-computacion","tuberias-ia","2c400a1c53657690c1767ec294f5d8d5b61aa67a","docs/calidad/tuberias-ia/integracion-adenda-ia-frame-y-catalogo-errores/s3-presentacion-y-negacion/sensibilidad/contraste-observador-circular.rs","5545","32c4a9c7960e59b56dd5394607257bb98d35f113","https://github.com/juantoniolloretegea/SV-lenguaje-de-computacion/blob/2c400a1c53657690c1767ec294f5d8d5b61aa67a/docs/calidad/tuberias-ia/integracion-adenda-ia-frame-y-catalogo-errores/s3-presentacion-y-negacion/sensibilidad/contraste-observador-circular.rs"
"SV-lenguaje-de-computacion","tuberias-ia","2c400a1c53657690c1767ec294f5d8d5b61aa67a","docs/calidad/tuberias-ia/integracion-adenda-ia-frame-y-catalogo-errores/s3-presentacion-y-negacion/sensibilidad/presentacion-sin-comparacion.rs","2567","3b65f01dc5de0bca9b4fc311410f9fd525c6e495","https://github.com/juantoniolloretegea/SV-lenguaje-de-computacion/blob/2c400a1c53657690c1767ec294f5d8d5b61aa67a/docs/calidad/tuberias-ia/integracion-adenda-ia-frame-y-catalogo-errores/s3-presentacion-y-negacion/sensibilidad/presentacion-sin-comparacion.rs"
"SV-lenguaje-de-computacion","tuberias-ia","2c400a1c53657690c1767ec294f5d8d5b61aa67a","docs/calidad/tuberias-ia/intervalo-del-conjunto-de-estados/antecedente-158/catalogo.rs","847","c6240b05e947de208d34fa7eaee43d0ffd886f59","https://github.com/juantoniolloretegea/SV-lenguaje-de-computacion/blob/2c400a1c53657690c1767ec294f5d8d5b61aa67a/docs/calidad/tuberias-ia/intervalo-del-conjunto-de-estados/antecedente-158/catalogo.rs"
"SV-lenguaje-de-computacion","tuberias-ia","2c400a1c53657690c1767ec294f5d8d5b61aa67a","docs/calidad/tuberias-ia/intervalo-del-conjunto-de-estados/antecedente-158/clientes/no_desligar.rs","152","e636cfbda0147ec46d7a87afd29a78af64349a5f","https://github.com/juantoniolloretegea/SV-lenguaje-de-computacion/blob/2c400a1c53657690c1767ec294f5d8d5b61aa67a/docs/calidad/tuberias-ia/intervalo-del-conjunto-de-estados/antecedente-158/clientes/no_desligar.rs"
"SV-lenguaje-de-computacion","tuberias-ia","2c400a1c53657690c1767ec294f5d8d5b61aa67a","docs/calidad/tuberias-ia/intervalo-del-conjunto-de-estados/antecedente-158/clientes/no_instalar_diagnostico.rs","247","755524f6a3ddf800eddd47ed56040fb595cdece6","https://github.com/juantoniolloretegea/SV-lenguaje-de-computacion/blob/2c400a1c53657690c1767ec294f5d8d5b61aa67a/docs/calidad/tuberias-ia/intervalo-del-conjunto-de-estados/antecedente-158/clientes/no_instalar_diagnostico.rs"
"SV-lenguaje-de-computacion","tuberias-ia","2c400a1c53657690c1767ec294f5d8d5b61aa67a","docs/calidad/tuberias-ia/intervalo-del-conjunto-de-estados/antecedente-158/clientes/no_instalar.rs","654","9f4eff953756750c086671eeff02ca13474d44eb","https://github.com/juantoniolloretegea/SV-lenguaje-de-computacion/blob/2c400a1c53657690c1767ec294f5d8d5b61aa67a/docs/calidad/tuberias-ia/intervalo-del-conjunto-de-estados/antecedente-158/clientes/no_instalar.rs"
"SV-lenguaje-de-computacion","tuberias-ia","2c400a1c53657690c1767ec294f5d8d5b61aa67a","docs/calidad/tuberias-ia/intervalo-del-conjunto-de-estados/antecedente-158/clientes/no_premisa.rs","151","d4e77842c26a64c204fb7b25fc58f51d6b55c833","https://github.com/juantoniolloretegea/SV-lenguaje-de-computacion/blob/2c400a1c53657690c1767ec294f5d8d5b61aa67a/docs/calidad/tuberias-ia/intervalo-del-conjunto-de-estados/antecedente-158/clientes/no_premisa.rs"
"SV-lenguaje-de-computacion","tuberias-ia","2c400a1c53657690c1767ec294f5d8d5b61aa67a","docs/calidad/tuberias-ia/intervalo-del-conjunto-de-estados/antecedente-158/clientes/publico.rs","818","9f4a80b177213a14aff4d693868f3e90725b3b3e","https://github.com/juantoniolloretegea/SV-lenguaje-de-computacion/blob/2c400a1c53657690c1767ec294f5d8d5b61aa67a/docs/calidad/tuberias-ia/intervalo-del-conjunto-de-estados/antecedente-158/clientes/publico.rs"
"SV-lenguaje-de-computacion","tuberias-ia","2c400a1c53657690c1767ec294f5d8d5b61aa67a","docs/calidad/tuberias-ia/intervalo-del-conjunto-de-estados/antecedente-158/corpus.rs","368","49b22cef29f5bc0fdb26b60f512cd9568b8fcf06","https://github.com/juantoniolloretegea/SV-lenguaje-de-computacion/blob/2c400a1c53657690c1767ec294f5d8d5b61aa67a/docs/calidad/tuberias-ia/intervalo-del-conjunto-de-estados/antecedente-158/corpus.rs"
"SV-lenguaje-de-computacion","tuberias-ia","2c400a1c53657690c1767ec294f5d8d5b61aa67a","docs/calidad/tuberias-ia/intervalo-del-conjunto-de-estados/antecedente-158/focal.rs","6559","351b04d4929edd5a0f4bdcca9fef89a8edbe42fd","https://github.com/juantoniolloretegea/SV-lenguaje-de-computacion/blob/2c400a1c53657690c1767ec294f5d8d5b61aa67a/docs/calidad/tuberias-ia/intervalo-del-conjunto-de-estados/antecedente-158/focal.rs"
"SV-lenguaje-de-computacion","tuberias-ia","2c400a1c53657690c1767ec294f5d8d5b61aa67a","docs/calidad/tuberias-ia/intervalo-del-conjunto-de-estados/antecedente-158/relacional.rs","1395","faf81ca1d18f26e117ebe7419bd28a4779739d2c","https://github.com/juantoniolloretegea/SV-lenguaje-de-computacion/blob/2c400a1c53657690c1767ec294f5d8d5b61aa67a/docs/calidad/tuberias-ia/intervalo-del-conjunto-de-estados/antecedente-158/relacional.rs"
"SV-lenguaje-de-computacion","tuberias-ia","2c400a1c53657690c1767ec294f5d8d5b61aa67a","docs/calidad/tuberias-ia/intervalo-del-conjunto-de-estados/cambios/rust/sv_core/src/frontend.rs","101960","b42d8e06ee76ba2395c933a1e27a0e210c970073","https://github.com/juantoniolloretegea/SV-lenguaje-de-computacion/blob/2c400a1c53657690c1767ec294f5d8d5b61aa67a/docs/calidad/tuberias-ia/intervalo-del-conjunto-de-estados/cambios/rust/sv_core/src/frontend.rs"
"SV-lenguaje-de-computacion","tuberias-ia","2c400a1c53657690c1767ec294f5d8d5b61aa67a","docs/calidad/tuberias-ia/intervalo-del-conjunto-de-estados/catalogo.rs","878","91a271cef84188f0f4107eef7a3f3580e5a308d0","https://github.com/juantoniolloretegea/SV-lenguaje-de-computacion/blob/2c400a1c53657690c1767ec294f5d8d5b61aa67a/docs/calidad/tuberias-ia/intervalo-del-conjunto-de-estados/catalogo.rs"
"SV-lenguaje-de-computacion","tuberias-ia","2c400a1c53657690c1767ec294f5d8d5b61aa67a","docs/calidad/tuberias-ia/intervalo-del-conjunto-de-estados/focal_heredado_v2.rs","6628","230c862b267a612633cf4667ad13a83cf52d08c9","https://github.com/juantoniolloretegea/SV-lenguaje-de-computacion/blob/2c400a1c53657690c1767ec294f5d8d5b61aa67a/docs/calidad/tuberias-ia/intervalo-del-conjunto-de-estados/focal_heredado_v2.rs"
"SV-lenguaje-de-computacion","tuberias-ia","2c400a1c53657690c1767ec294f5d8d5b61aa67a","docs/calidad/tuberias-ia/intervalo-del-conjunto-de-estados/focal.rs","34827","2386e6e73c6e14225abeec8ad0334a6a8b3499bc","https://github.com/juantoniolloretegea/SV-lenguaje-de-computacion/blob/2c400a1c53657690c1767ec294f5d8d5b61aa67a/docs/calidad/tuberias-ia/intervalo-del-conjunto-de-estados/focal.rs"
"SV-lenguaje-de-computacion","tuberias-ia","2c400a1c53657690c1767ec294f5d8d5b61aa67a","docs/calidad/tuberias-ia/lectura-vinculada-a-invocacion/codigo/forjar.rs","97","7bf10697a34e95b19eb52c9ae753ae9a2f9441c7","https://github.com/juantoniolloretegea/SV-lenguaje-de-computacion/blob/2c400a1c53657690c1767ec294f5d8d5b61aa67a/docs/calidad/tuberias-ia/lectura-vinculada-a-invocacion/codigo/forjar.rs"
"SV-lenguaje-de-computacion","tuberias-ia","2c400a1c53657690c1767ec294f5d8d5b61aa67a","docs/calidad/tuberias-ia/lectura-vinculada-a-invocacion/codigo/lectura.rs","3639","c0f67ec1da1dc0319076fc7dad506843ae7de062","https://github.com/juantoniolloretegea/SV-lenguaje-de-computacion/blob/2c400a1c53657690c1767ec294f5d8d5b61aa67a/docs/calidad/tuberias-ia/lectura-vinculada-a-invocacion/codigo/lectura.rs"
"SV-lenguaje-de-computacion","tuberias-ia","2c400a1c53657690c1767ec294f5d8d5b61aa67a","docs/calidad/tuberias-ia/lectura-vinculada-a-invocacion/codigo/tests.rs","5352","ced3773395e52d97c6281d680029615b72c4cc7a","https://github.com/juantoniolloretegea/SV-lenguaje-de-computacion/blob/2c400a1c53657690c1767ec294f5d8d5b61aa67a/docs/calidad/tuberias-ia/lectura-vinculada-a-invocacion/codigo/tests.rs"
"SV-lenguaje-de-computacion","tuberias-ia","2c400a1c53657690c1767ec294f5d8d5b61aa67a","docs/calidad/tuberias-ia/lectura-vinculada-a-invocacion/codigo/vida.rs","263","095d757b1554e3ca520db3403f0d919c375a2c01","https://github.com/juantoniolloretegea/SV-lenguaje-de-computacion/blob/2c400a1c53657690c1767ec294f5d8d5b61aa67a/docs/calidad/tuberias-ia/lectura-vinculada-a-invocacion/codigo/vida.rs"
"SV-lenguaje-de-computacion","tuberias-ia","2c400a1c53657690c1767ec294f5d8d5b61aa67a","docs/calidad/tuberias-ia/paridad-imagen-celula-matematica/estudio-nucleo-agentes/bis-c01/verificar.mjs","3662","ca34ce766b275daaf4ed510ef8b668604f2a76f5","https://github.com/juantoniolloretegea/SV-lenguaje-de-computacion/blob/2c400a1c53657690c1767ec294f5d8d5b61aa67a/docs/calidad/tuberias-ia/paridad-imagen-celula-matematica/estudio-nucleo-agentes/bis-c01/verificar.mjs"
"SV-lenguaje-de-computacion","tuberias-ia","2c400a1c53657690c1767ec294f5d8d5b61aa67a","docs/calidad/tuberias-ia/paridad-imagen-celula-matematica/estudio-nucleo-agentes/bis-c12/administracion/preparar.js","18059","067316f293fd87a0a8c02b0b8121fe391ebdcfa2","https://github.com/juantoniolloretegea/SV-lenguaje-de-computacion/blob/2c400a1c53657690c1767ec294f5d8d5b61aa67a/docs/calidad/tuberias-ia/paridad-imagen-celula-matematica/estudio-nucleo-agentes/bis-c12/administracion/preparar.js"
"SV-lenguaje-de-computacion","tuberias-ia","2c400a1c53657690c1767ec294f5d8d5b61aa67a","docs/calidad/tuberias-ia/paridad-imagen-celula-matematica/estudio-nucleo-agentes/bis-c12/administracion/publicar.js","4561","e8364958cc312b712b96316cc9a13b781abcecb3","https://github.com/juantoniolloretegea/SV-lenguaje-de-computacion/blob/2c400a1c53657690c1767ec294f5d8d5b61aa67a/docs/calidad/tuberias-ia/paridad-imagen-celula-matematica/estudio-nucleo-agentes/bis-c12/administracion/publicar.js"
"SV-lenguaje-de-computacion","tuberias-ia","2c400a1c53657690c1767ec294f5d8d5b61aa67a","docs/calidad/tuberias-ia/paridad-imagen-celula-matematica/estudio-nucleo-agentes/bis-c12/administracion/registrar.js","6152","406a1252e7a300d4dc9a49367b34a08cbb37effa","https://github.com/juantoniolloretegea/SV-lenguaje-de-computacion/blob/2c400a1c53657690c1767ec294f5d8d5b61aa67a/docs/calidad/tuberias-ia/paridad-imagen-celula-matematica/estudio-nucleo-agentes/bis-c12/administracion/registrar.js"
"SV-lenguaje-de-computacion","tuberias-ia","2c400a1c53657690c1767ec294f5d8d5b61aa67a","docs/calidad/tuberias-ia/paridad-imagen-celula-matematica/estudio-nucleo-agentes/bis-c12/administracion/verificar.js","4626","b8ab392cd102790f866e853766507c6dc73c0e96","https://github.com/juantoniolloretegea/SV-lenguaje-de-computacion/blob/2c400a1c53657690c1767ec294f5d8d5b61aa67a/docs/calidad/tuberias-ia/paridad-imagen-celula-matematica/estudio-nucleo-agentes/bis-c12/administracion/verificar.js"
"SV-lenguaje-de-computacion","tuberias-ia","2c400a1c53657690c1767ec294f5d8d5b61aa67a","docs/calidad/tuberias-ia/paridad-imagen-celula-matematica/estudio-nucleo-agentes/bis-c12/entradas/constructor_interno.rs","113","f1e9fe6b75227d7654f360a8c4e4ef4646d5d07c","https://github.com/juantoniolloretegea/SV-lenguaje-de-computacion/blob/2c400a1c53657690c1767ec294f5d8d5b61aa67a/docs/calidad/tuberias-ia/paridad-imagen-celula-matematica/estudio-nucleo-agentes/bis-c12/entradas/constructor_interno.rs"
"SV-lenguaje-de-computacion","tuberias-ia","2c400a1c53657690c1767ec294f5d8d5b61aa67a","docs/calidad/tuberias-ia/paridad-imagen-celula-matematica/estudio-nucleo-agentes/bis-c12/entradas/ir_privada.rs","164","b0b5935240022457ad370cb1bb75385b750f24ff","https://github.com/juantoniolloretegea/SV-lenguaje-de-computacion/blob/2c400a1c53657690c1767ec294f5d8d5b61aa67a/docs/calidad/tuberias-ia/paridad-imagen-celula-matematica/estudio-nucleo-agentes/bis-c12/entradas/ir_privada.rs"
"SV-lenguaje-de-computacion","tuberias-ia","2c400a1c53657690c1767ec294f5d8d5b61aa67a","docs/calidad/tuberias-ia/paridad-imagen-celula-matematica/estudio-nucleo-agentes/bis04-extension-perfiles-recursos-v0_1/banco_raster_captor.rs","5450","ef1d0f195c5d382cd3cf659f5566b47c8079dd16","https://github.com/juantoniolloretegea/SV-lenguaje-de-computacion/blob/2c400a1c53657690c1767ec294f5d8d5b61aa67a/docs/calidad/tuberias-ia/paridad-imagen-celula-matematica/estudio-nucleo-agentes/bis04-extension-perfiles-recursos-v0_1/banco_raster_captor.rs"
"SV-lenguaje-de-computacion","tuberias-ia","2c400a1c53657690c1767ec294f5d8d5b61aa67a","docs/calidad/tuberias-ia/paridad-imagen-celula-matematica/estudio-nucleo-agentes/bis04-extension-perfiles-recursos-v0_1/banco_svg_consumo.rs","10202","e1426bd679a3df1a35d6682f0d20244fb090820e","https://github.com/juantoniolloretegea/SV-lenguaje-de-computacion/blob/2c400a1c53657690c1767ec294f5d8d5b61aa67a/docs/calidad/tuberias-ia/paridad-imagen-celula-matematica/estudio-nucleo-agentes/bis04-extension-perfiles-recursos-v0_1/banco_svg_consumo.rs"
"SV-lenguaje-de-computacion","tuberias-ia","2c400a1c53657690c1767ec294f5d8d5b61aa67a","docs/calidad/tuberias-ia/paridad-imagen-celula-matematica/estudio-nucleo-agentes/bis04-extension-perfiles-recursos-v0_1/consolidar_fronteras.rs","4554","a8af097bee2cb1754df0c6096ff468621efaa60a","https://github.com/juantoniolloretegea/SV-lenguaje-de-computacion/blob/2c400a1c53657690c1767ec294f5d8d5b61aa67a/docs/calidad/tuberias-ia/paridad-imagen-celula-matematica/estudio-nucleo-agentes/bis04-extension-perfiles-recursos-v0_1/consolidar_fronteras.rs"
"SV-lenguaje-de-computacion","tuberias-ia","2c400a1c53657690c1767ec294f5d8d5b61aa67a","docs/calidad/tuberias-ia/paridad-imagen-celula-matematica/estudio-nucleo-agentes/bis04-extension-perfiles-recursos-v0_1/consolidar_svg_consumo.rs","6364","6c223a3b15dd06d77ff00fdef1deaacdaca13f95","https://github.com/juantoniolloretegea/SV-lenguaje-de-computacion/blob/2c400a1c53657690c1767ec294f5d8d5b61aa67a/docs/calidad/tuberias-ia/paridad-imagen-celula-matematica/estudio-nucleo-agentes/bis04-extension-perfiles-recursos-v0_1/consolidar_svg_consumo.rs"
"SV-lenguaje-de-computacion","tuberias-ia","2c400a1c53657690c1767ec294f5d8d5b61aa67a","docs/calidad/tuberias-ia/paridad-imagen-celula-matematica/estudio-nucleo-agentes/bis04-extension-perfiles-recursos-v0_1/fronteras_salida.rs","9967","362c02893c0ba316ee07fff35e02866effcbc602","https://github.com/juantoniolloretegea/SV-lenguaje-de-computacion/blob/2c400a1c53657690c1767ec294f5d8d5b61aa67a/docs/calidad/tuberias-ia/paridad-imagen-celula-matematica/estudio-nucleo-agentes/bis04-extension-perfiles-recursos-v0_1/fronteras_salida.rs"
"SV-lenguaje-de-computacion","tuberias-ia","2c400a1c53657690c1767ec294f5d8d5b61aa67a","docs/calidad/tuberias-ia/paridad-imagen-celula-matematica/estudio-nucleo-agentes/bis04-extension-perfiles-recursos-v0_1/preparar_cotejo_publicacion.rs","2140","fd4211062a276db4804de891f914d3311581a935","https://github.com/juantoniolloretegea/SV-lenguaje-de-computacion/blob/2c400a1c53657690c1767ec294f5d8d5b61aa67a/docs/calidad/tuberias-ia/paridad-imagen-celula-matematica/estudio-nucleo-agentes/bis04-extension-perfiles-recursos-v0_1/preparar_cotejo_publicacion.rs"
"SV-lenguaje-de-computacion","tuberias-ia","2c400a1c53657690c1767ec294f5d8d5b61aa67a","docs/calidad/tuberias-ia/paridad-imagen-celula-matematica/estudio-nucleo-agentes/bis04-extension-perfiles-recursos-v0_1/preparar_fronteras_salida.rs","6870","5fdd59371a36b096cdceb963ae5ab623015b93ca","https://github.com/juantoniolloretegea/SV-lenguaje-de-computacion/blob/2c400a1c53657690c1767ec294f5d8d5b61aa67a/docs/calidad/tuberias-ia/paridad-imagen-celula-matematica/estudio-nucleo-agentes/bis04-extension-perfiles-recursos-v0_1/preparar_fronteras_salida.rs"
"SV-lenguaje-de-computacion","tuberias-ia","2c400a1c53657690c1767ec294f5d8d5b61aa67a","docs/calidad/tuberias-ia/paridad-imagen-celula-matematica/estudio-nucleo-agentes/bis04-extension-perfiles-recursos-v0_1/preparar_raster_captor.rs","3679","1f5b41901ad55595d8f4ec0264ea705a577ab4c6","https://github.com/juantoniolloretegea/SV-lenguaje-de-computacion/blob/2c400a1c53657690c1767ec294f5d8d5b61aa67a/docs/calidad/tuberias-ia/paridad-imagen-celula-matematica/estudio-nucleo-agentes/bis04-extension-perfiles-recursos-v0_1/preparar_raster_captor.rs"
"SV-lenguaje-de-computacion","tuberias-ia","2c400a1c53657690c1767ec294f5d8d5b61aa67a","docs/calidad/tuberias-ia/paridad-imagen-celula-matematica/estudio-nucleo-agentes/bis04-extension-perfiles-recursos-v0_1/preparar_svg_consumo.rs","7558","a63ba6b53064e94df8a0e09a5ac0a92feb4cbda9","https://github.com/juantoniolloretegea/SV-lenguaje-de-computacion/blob/2c400a1c53657690c1767ec294f5d8d5b61aa67a/docs/calidad/tuberias-ia/paridad-imagen-celula-matematica/estudio-nucleo-agentes/bis04-extension-perfiles-recursos-v0_1/preparar_svg_consumo.rs"
"SV-lenguaje-de-computacion","tuberias-ia","2c400a1c53657690c1767ec294f5d8d5b61aa67a","docs/calidad/tuberias-ia/paridad-imagen-celula-matematica/estudio-nucleo-agentes/bis04-extension-perfiles-recursos-v0_1/proyecto/Cargo.lock","340","58cf054b9e8bc88f6e5ee6a9ea26b23596e6b5e1","https://github.com/juantoniolloretegea/SV-lenguaje-de-computacion/blob/2c400a1c53657690c1767ec294f5d8d5b61aa67a/docs/calidad/tuberias-ia/paridad-imagen-celula-matematica/estudio-nucleo-agentes/bis04-extension-perfiles-recursos-v0_1/proyecto/Cargo.lock"
"SV-lenguaje-de-computacion","tuberias-ia","2c400a1c53657690c1767ec294f5d8d5b61aa67a","docs/calidad/tuberias-ia/paridad-imagen-celula-matematica/estudio-nucleo-agentes/bis04-extension-perfiles-recursos-v0_1/proyecto/Cargo.toml","172","f046bfd56a59e2ea6a17c8cf5efb5fa4bdf17a4e","https://github.com/juantoniolloretegea/SV-lenguaje-de-computacion/blob/2c400a1c53657690c1767ec294f5d8d5b61aa67a/docs/calidad/tuberias-ia/paridad-imagen-celula-matematica/estudio-nucleo-agentes/bis04-extension-perfiles-recursos-v0_1/proyecto/Cargo.toml"
"SV-lenguaje-de-computacion","tuberias-ia","2c400a1c53657690c1767ec294f5d8d5b61aa67a","docs/calidad/tuberias-ia/paridad-imagen-celula-matematica/estudio-nucleo-agentes/bis04-extension-perfiles-recursos-v0_1/proyecto/src/main.rs","9430","666ed0519864100142109657f44f141a29ae3e7a","https://github.com/juantoniolloretegea/SV-lenguaje-de-computacion/blob/2c400a1c53657690c1767ec294f5d8d5b61aa67a/docs/calidad/tuberias-ia/paridad-imagen-celula-matematica/estudio-nucleo-agentes/bis04-extension-perfiles-recursos-v0_1/proyecto/src/main.rs"
"SV-lenguaje-de-computacion","tuberias-ia","2c400a1c53657690c1767ec294f5d8d5b61aa67a","docs/calidad/tuberias-ia/paridad-imagen-celula-matematica/estudio-nucleo-agentes/bis04-extension-perfiles-recursos-v0_1/proyecto/src/observer.rs","4730","ea76c24b1785cb085506f94265d30ea3abf31193","https://github.com/juantoniolloretegea/SV-lenguaje-de-computacion/blob/2c400a1c53657690c1767ec294f5d8d5b61aa67a/docs/calidad/tuberias-ia/paridad-imagen-celula-matematica/estudio-nucleo-agentes/bis04-extension-perfiles-recursos-v0_1/proyecto/src/observer.rs"
"SV-lenguaje-de-computacion","tuberias-ia","2c400a1c53657690c1767ec294f5d8d5b61aa67a","docs/calidad/tuberias-ia/paridad-imagen-celula-matematica/estudio-nucleo-agentes/bis04-extension-perfiles-recursos-v0_1/registrar_ejecucion_fronteras.rs","3227","6be849f433d2ea704ad7b5a54873868bd3309d69","https://github.com/juantoniolloretegea/SV-lenguaje-de-computacion/blob/2c400a1c53657690c1767ec294f5d8d5b61aa67a/docs/calidad/tuberias-ia/paridad-imagen-celula-matematica/estudio-nucleo-agentes/bis04-extension-perfiles-recursos-v0_1/registrar_ejecucion_fronteras.rs"
"SV-lenguaje-de-computacion","tuberias-ia","2c400a1c53657690c1767ec294f5d8d5b61aa67a","docs/calidad/tuberias-ia/paridad-imagen-celula-matematica/estudio-nucleo-agentes/bis04-extension-perfiles-recursos-v0_1/registrar_fronteras_salida.rs","4649","2195271a646be29058e56175ef903a9b39089615","https://github.com/juantoniolloretegea/SV-lenguaje-de-computacion/blob/2c400a1c53657690c1767ec294f5d8d5b61aa67a/docs/calidad/tuberias-ia/paridad-imagen-celula-matematica/estudio-nucleo-agentes/bis04-extension-perfiles-recursos-v0_1/registrar_fronteras_salida.rs"
"SV-lenguaje-de-computacion","tuberias-ia","2c400a1c53657690c1767ec294f5d8d5b61aa67a","docs/calidad/tuberias-ia/paridad-imagen-celula-matematica/estudio-nucleo-agentes/bis04-extension-perfiles-recursos-v0_1/registrar_retp_fronteras.rs","1881","d448ae89cc4235a990656bec8397e2a9463e10cf","https://github.com/juantoniolloretegea/SV-lenguaje-de-computacion/blob/2c400a1c53657690c1767ec294f5d8d5b61aa67a/docs/calidad/tuberias-ia/paridad-imagen-celula-matematica/estudio-nucleo-agentes/bis04-extension-perfiles-recursos-v0_1/registrar_retp_fronteras.rs"
"SV-lenguaje-de-computacion","tuberias-ia","2c400a1c53657690c1767ec294f5d8d5b61aa67a","docs/calidad/tuberias-ia/paridad-imagen-celula-matematica/estudio-nucleo-agentes/bis04-extension-perfiles-recursos-v0_1/registrar_retp_raster.rs","1781","366e415e35f1b830ebbe4889b4aacb12761daa0c","https://github.com/juantoniolloretegea/SV-lenguaje-de-computacion/blob/2c400a1c53657690c1767ec294f5d8d5b61aa67a/docs/calidad/tuberias-ia/paridad-imagen-celula-matematica/estudio-nucleo-agentes/bis04-extension-perfiles-recursos-v0_1/registrar_retp_raster.rs"
"SV-lenguaje-de-computacion","tuberias-ia","2c400a1c53657690c1767ec294f5d8d5b61aa67a","docs/calidad/tuberias-ia/paridad-imagen-celula-matematica/estudio-nucleo-agentes/bis04-extension-perfiles-recursos-v0_1/registrar_retp_svg.rs","1781","90ca4ec15ceaa2a206f606c379989fade151938e","https://github.com/juantoniolloretegea/SV-lenguaje-de-computacion/blob/2c400a1c53657690c1767ec294f5d8d5b61aa67a/docs/calidad/tuberias-ia/paridad-imagen-celula-matematica/estudio-nucleo-agentes/bis04-extension-perfiles-recursos-v0_1/registrar_retp_svg.rs"
"SV-lenguaje-de-computacion","tuberias-ia","2c400a1c53657690c1767ec294f5d8d5b61aa67a","docs/calidad/tuberias-ia/paridad-imagen-celula-matematica/estudio-nucleo-agentes/bis04-extension-perfiles-recursos-v0_1/svg_consumo.rs","6195","c2ab3b719e51b03d406c98ce10ae421a6010a0b9","https://github.com/juantoniolloretegea/SV-lenguaje-de-computacion/blob/2c400a1c53657690c1767ec294f5d8d5b61aa67a/docs/calidad/tuberias-ia/paridad-imagen-celula-matematica/estudio-nucleo-agentes/bis04-extension-perfiles-recursos-v0_1/svg_consumo.rs"
"SV-lenguaje-de-computacion","tuberias-ia","2c400a1c53657690c1767ec294f5d8d5b61aa67a","docs/calidad/tuberias-ia/paridad-imagen-celula-matematica/estudio-nucleo-agentes/bis04-realizacion-i0205-v0_1/evidencias/lib-campana-01.rs","23085","1baa0ca829f24ce3ce36629c7e902a22a77ad7ba","https://github.com/juantoniolloretegea/SV-lenguaje-de-computacion/blob/2c400a1c53657690c1767ec294f5d8d5b61aa67a/docs/calidad/tuberias-ia/paridad-imagen-celula-matematica/estudio-nucleo-agentes/bis04-realizacion-i0205-v0_1/evidencias/lib-campana-01.rs"
"SV-lenguaje-de-computacion","tuberias-ia","2c400a1c53657690c1767ec294f5d8d5b61aa67a","docs/calidad/tuberias-ia/paridad-imagen-celula-matematica/estudio-nucleo-agentes/bis04-realizacion-i0205-v0_1/evidencias/main-build-02.rs","9403","42939f3cecdb8e9fa94dae3e1fe06e4637f2dc5b","https://github.com/juantoniolloretegea/SV-lenguaje-de-computacion/blob/2c400a1c53657690c1767ec294f5d8d5b61aa67a/docs/calidad/tuberias-ia/paridad-imagen-celula-matematica/estudio-nucleo-agentes/bis04-realizacion-i0205-v0_1/evidencias/main-build-02.rs"
"SV-lenguaje-de-computacion","tuberias-ia","2c400a1c53657690c1767ec294f5d8d5b61aa67a","docs/calidad/tuberias-ia/paridad-imagen-celula-matematica/estudio-nucleo-agentes/bis04-realizacion-i0205-v0_1/proyecto/Cargo.lock","235","dd524dd42962140a904e1890630b3399667a55f6","https://github.com/juantoniolloretegea/SV-lenguaje-de-computacion/blob/2c400a1c53657690c1767ec294f5d8d5b61aa67a/docs/calidad/tuberias-ia/paridad-imagen-celula-matematica/estudio-nucleo-agentes/bis04-realizacion-i0205-v0_1/proyecto/Cargo.lock"
"SV-lenguaje-de-computacion","tuberias-ia","2c400a1c53657690c1767ec294f5d8d5b61aa67a","docs/calidad/tuberias-ia/paridad-imagen-celula-matematica/estudio-nucleo-agentes/bis04-realizacion-i0205-v0_1/proyecto/Cargo.toml","146","6f448f9d931ff8e98bfb6d288cc392fbe5e1ad22","https://github.com/juantoniolloretegea/SV-lenguaje-de-computacion/blob/2c400a1c53657690c1767ec294f5d8d5b61aa67a/docs/calidad/tuberias-ia/paridad-imagen-celula-matematica/estudio-nucleo-agentes/bis04-realizacion-i0205-v0_1/proyecto/Cargo.toml"
"SV-lenguaje-de-computacion","tuberias-ia","2c400a1c53657690c1767ec294f5d8d5b61aa67a","docs/calidad/tuberias-ia/paridad-imagen-celula-matematica/estudio-nucleo-agentes/bis04-realizacion-i0205-v0_1/proyecto/src/json.rs","12749","5b4dbe05906f2e5f6e0aa774f61ec7fa603efca7","https://github.com/juantoniolloretegea/SV-lenguaje-de-computacion/blob/2c400a1c53657690c1767ec294f5d8d5b61aa67a/docs/calidad/tuberias-ia/paridad-imagen-celula-matematica/estudio-nucleo-agentes/bis04-realizacion-i0205-v0_1/proyecto/src/json.rs"
"SV-lenguaje-de-computacion","tuberias-ia","2c400a1c53657690c1767ec294f5d8d5b61aa67a","docs/calidad/tuberias-ia/paridad-imagen-celula-matematica/estudio-nucleo-agentes/bis04-realizacion-i0205-v0_1/proyecto/src/lib.rs","24379","88fd1d14bbbca1137c7c26f2fbb25d4a5e21cc42","https://github.com/juantoniolloretegea/SV-lenguaje-de-computacion/blob/2c400a1c53657690c1767ec294f5d8d5b61aa67a/docs/calidad/tuberias-ia/paridad-imagen-celula-matematica/estudio-nucleo-agentes/bis04-realizacion-i0205-v0_1/proyecto/src/lib.rs"
"SV-lenguaje-de-computacion","tuberias-ia","2c400a1c53657690c1767ec294f5d8d5b61aa67a","docs/calidad/tuberias-ia/paridad-imagen-celula-matematica/estudio-nucleo-agentes/bis04-realizacion-i0205-v0_1/proyecto/src/main.rs","14259","5089f555a8e01c08fcc0f7eca5f4a9e8346c326b","https://github.com/juantoniolloretegea/SV-lenguaje-de-computacion/blob/2c400a1c53657690c1767ec294f5d8d5b61aa67a/docs/calidad/tuberias-ia/paridad-imagen-celula-matematica/estudio-nucleo-agentes/bis04-realizacion-i0205-v0_1/proyecto/src/main.rs"
"SV-lenguaje-de-computacion","tuberias-ia","2c400a1c53657690c1767ec294f5d8d5b61aa67a","docs/calidad/tuberias-ia/paridad-imagen-celula-matematica/estudio-nucleo-agentes/bis04-realizacion-i0205-v0_1/proyecto/src/observer.rs","5167","d726ded2e5bd5fb796892adce1ab640896fc7ec7","https://github.com/juantoniolloretegea/SV-lenguaje-de-computacion/blob/2c400a1c53657690c1767ec294f5d8d5b61aa67a/docs/calidad/tuberias-ia/paridad-imagen-celula-matematica/estudio-nucleo-agentes/bis04-realizacion-i0205-v0_1/proyecto/src/observer.rs"
"SV-lenguaje-de-computacion","tuberias-ia","2c400a1c53657690c1767ec294f5d8d5b61aa67a","docs/calidad/tuberias-ia/paridad-imagen-celula-matematica/estudio-nucleo-agentes/bis04-realizacion-i0205-v0_1/proyecto/src/sha.rs","3720","f26908ad6447c5179cc18fa8434f3d1ae5c2fc02","https://github.com/juantoniolloretegea/SV-lenguaje-de-computacion/blob/2c400a1c53657690c1767ec294f5d8d5b61aa67a/docs/calidad/tuberias-ia/paridad-imagen-celula-matematica/estudio-nucleo-agentes/bis04-realizacion-i0205-v0_1/proyecto/src/sha.rs"
"SV-lenguaje-de-computacion","tuberias-ia","2c400a1c53657690c1767ec294f5d8d5b61aa67a","docs/calidad/tuberias-ia/paridad-imagen-celula-matematica/estudio-nucleo-agentes/bis04-realizacion-i0205-v0_1/sondas/ENC01.rs","99","17ffbe1db2dfb5ed3e1014ba2c840335435dffdc","https://github.com/juantoniolloretegea/SV-lenguaje-de-computacion/blob/2c400a1c53657690c1767ec294f5d8d5b61aa67a/docs/calidad/tuberias-ia/paridad-imagen-celula-matematica/estudio-nucleo-agentes/bis04-realizacion-i0205-v0_1/sondas/ENC01.rs"
"SV-lenguaje-de-computacion","tuberias-ia","2c400a1c53657690c1767ec294f5d8d5b61aa67a","docs/calidad/tuberias-ia/paridad-imagen-celula-matematica/estudio-nucleo-agentes/bis04-realizacion-i0205-v0_1/sondas/ENC02.rs","184","04c03f34a9aa8a9aa5f0d71eff8a076f52bbda66","https://github.com/juantoniolloretegea/SV-lenguaje-de-computacion/blob/2c400a1c53657690c1767ec294f5d8d5b61aa67a/docs/calidad/tuberias-ia/paridad-imagen-celula-matematica/estudio-nucleo-agentes/bis04-realizacion-i0205-v0_1/sondas/ENC02.rs"
"SV-lenguaje-de-computacion","tuberias-ia","2c400a1c53657690c1767ec294f5d8d5b61aa67a","docs/calidad/tuberias-ia/paridad-imagen-celula-matematica/estudio-nucleo-agentes/bis04-realizacion-i0205-v0_1/sondas/ENC03.rs","179","4a5e5fbd45adbc4c4899eeed1d562e8ce0cb02ce","https://github.com/juantoniolloretegea/SV-lenguaje-de-computacion/blob/2c400a1c53657690c1767ec294f5d8d5b61aa67a/docs/calidad/tuberias-ia/paridad-imagen-celula-matematica/estudio-nucleo-agentes/bis04-realizacion-i0205-v0_1/sondas/ENC03.rs"
"SV-lenguaje-de-computacion","tuberias-ia","2c400a1c53657690c1767ec294f5d8d5b61aa67a","docs/calidad/tuberias-ia/paridad-imagen-celula-matematica/estudio-nucleo-agentes/bis04-realizacion-i0205-v0_1/sondas/ENC04.rs","179","f608d08f37eb036072eb72877434edb0653d73dd","https://github.com/juantoniolloretegea/SV-lenguaje-de-computacion/blob/2c400a1c53657690c1767ec294f5d8d5b61aa67a/docs/calidad/tuberias-ia/paridad-imagen-celula-matematica/estudio-nucleo-agentes/bis04-realizacion-i0205-v0_1/sondas/ENC04.rs"
"SV-lenguaje-de-computacion","tuberias-ia","2c400a1c53657690c1767ec294f5d8d5b61aa67a","docs/calidad/tuberias-ia/paridad-imagen-celula-matematica/estudio-nucleo-agentes/bis04-realizacion-i0205-v0_1/sondas/ENC05.rs","169","39f26b19fed37cb3755bd1a5a24795de6a5efa82","https://github.com/juantoniolloretegea/SV-lenguaje-de-computacion/blob/2c400a1c53657690c1767ec294f5d8d5b61aa67a/docs/calidad/tuberias-ia/paridad-imagen-celula-matematica/estudio-nucleo-agentes/bis04-realizacion-i0205-v0_1/sondas/ENC05.rs"
"SV-lenguaje-de-computacion","tuberias-ia","2c400a1c53657690c1767ec294f5d8d5b61aa67a","docs/calidad/tuberias-ia/paridad-imagen-celula-matematica/estudio-nucleo-agentes/bis04-realizacion-i0205-v0_1/sondas/ENC06.rs","195","e932e140478717c91d3320764a82c75ba416e916","https://github.com/juantoniolloretegea/SV-lenguaje-de-computacion/blob/2c400a1c53657690c1767ec294f5d8d5b61aa67a/docs/calidad/tuberias-ia/paridad-imagen-celula-matematica/estudio-nucleo-agentes/bis04-realizacion-i0205-v0_1/sondas/ENC06.rs"
"SV-lenguaje-de-computacion","tuberias-ia","2c400a1c53657690c1767ec294f5d8d5b61aa67a","docs/calidad/tuberias-ia/paridad-imagen-celula-matematica/estudio-nucleo-agentes/bis04-realizacion-i0205-v0_1/sondas/ENC07.rs","160","30062473e3f3e51dfdc808561222b6197a1d1bf6","https://github.com/juantoniolloretegea/SV-lenguaje-de-computacion/blob/2c400a1c53657690c1767ec294f5d8d5b61aa67a/docs/calidad/tuberias-ia/paridad-imagen-celula-matematica/estudio-nucleo-agentes/bis04-realizacion-i0205-v0_1/sondas/ENC07.rs"
"SV-lenguaje-de-computacion","tuberias-ia","2c400a1c53657690c1767ec294f5d8d5b61aa67a","docs/calidad/tuberias-ia/paridad-imagen-celula-matematica/estudio-nucleo-agentes/bis04-realizacion-i0205-v0_1/sondas/ENC08.rs","186","aef30e987d16e64a49ae52497571e5c42c10f35d","https://github.com/juantoniolloretegea/SV-lenguaje-de-computacion/blob/2c400a1c53657690c1767ec294f5d8d5b61aa67a/docs/calidad/tuberias-ia/paridad-imagen-celula-matematica/estudio-nucleo-agentes/bis04-realizacion-i0205-v0_1/sondas/ENC08.rs"
"SV-lenguaje-de-computacion","tuberias-ia","2c400a1c53657690c1767ec294f5d8d5b61aa67a","docs/calidad/tuberias-ia/pertenencia-de-permisos-a-su-continuidad/conductores/coste.rs","567","06822e97eca638dd9db33583b5bc64898d70992f","https://github.com/juantoniolloretegea/SV-lenguaje-de-computacion/blob/2c400a1c53657690c1767ec294f5d8d5b61aa67a/docs/calidad/tuberias-ia/pertenencia-de-permisos-a-su-continuidad/conductores/coste.rs"
"SV-lenguaje-de-computacion","tuberias-ia","2c400a1c53657690c1767ec294f5d8d5b61aa67a","docs/calidad/tuberias-ia/pertenencia-de-permisos-a-su-continuidad/conductores/no_mutar.rs","166","4bd3f905370a5808ff0bc522436e3d08ef087789","https://github.com/juantoniolloretegea/SV-lenguaje-de-computacion/blob/2c400a1c53657690c1767ec294f5d8d5b61aa67a/docs/calidad/tuberias-ia/pertenencia-de-permisos-a-su-continuidad/conductores/no_mutar.rs"
"SV-lenguaje-de-computacion","tuberias-ia","2c400a1c53657690c1767ec294f5d8d5b61aa67a","docs/calidad/tuberias-ia/pertenencia-de-permisos-a-su-continuidad/SONDA_PREVIA.rs","2556","ed7b7c43c7159b15bb3706154164410da64bca42","https://github.com/juantoniolloretegea/SV-lenguaje-de-computacion/blob/2c400a1c53657690c1767ec294f5d8d5b61aa67a/docs/calidad/tuberias-ia/pertenencia-de-permisos-a-su-continuidad/SONDA_PREVIA.rs"
"SV-lenguaje-de-computacion","tuberias-ia","2c400a1c53657690c1767ec294f5d8d5b61aa67a","docs/calidad/tuberias-ia/presentacion-sin-perdida-de-contenido/presentacion.rs","2600","fdc91931aab2cf8c4e28f8ad3b7d2f824bc27085","https://github.com/juantoniolloretegea/SV-lenguaje-de-computacion/blob/2c400a1c53657690c1767ec294f5d8d5b61aa67a/docs/calidad/tuberias-ia/presentacion-sin-perdida-de-contenido/presentacion.rs"
"SV-lenguaje-de-computacion","tuberias-ia","2c400a1c53657690c1767ec294f5d8d5b61aa67a","docs/calidad/tuberias-ia/recepcion-gobernada-y-comprobacion-observada/clientes/no_desligar.rs","152","e636cfbda0147ec46d7a87afd29a78af64349a5f","https://github.com/juantoniolloretegea/SV-lenguaje-de-computacion/blob/2c400a1c53657690c1767ec294f5d8d5b61aa67a/docs/calidad/tuberias-ia/recepcion-gobernada-y-comprobacion-observada/clientes/no_desligar.rs"
"SV-lenguaje-de-computacion","tuberias-ia","2c400a1c53657690c1767ec294f5d8d5b61aa67a","docs/calidad/tuberias-ia/recepcion-gobernada-y-comprobacion-observada/clientes/no_instalar.rs","654","9f4eff953756750c086671eeff02ca13474d44eb","https://github.com/juantoniolloretegea/SV-lenguaje-de-computacion/blob/2c400a1c53657690c1767ec294f5d8d5b61aa67a/docs/calidad/tuberias-ia/recepcion-gobernada-y-comprobacion-observada/clientes/no_instalar.rs"
"SV-lenguaje-de-computacion","tuberias-ia","2c400a1c53657690c1767ec294f5d8d5b61aa67a","docs/calidad/tuberias-ia/recepcion-gobernada-y-comprobacion-observada/clientes/no_premisa.rs","151","d4e77842c26a64c204fb7b25fc58f51d6b55c833","https://github.com/juantoniolloretegea/SV-lenguaje-de-computacion/blob/2c400a1c53657690c1767ec294f5d8d5b61aa67a/docs/calidad/tuberias-ia/recepcion-gobernada-y-comprobacion-observada/clientes/no_premisa.rs"
"SV-lenguaje-de-computacion","tuberias-ia","2c400a1c53657690c1767ec294f5d8d5b61aa67a","docs/calidad/tuberias-ia/recepcion-gobernada-y-comprobacion-observada/clientes/publico.rs","818","9f4a80b177213a14aff4d693868f3e90725b3b3e","https://github.com/juantoniolloretegea/SV-lenguaje-de-computacion/blob/2c400a1c53657690c1767ec294f5d8d5b61aa67a/docs/calidad/tuberias-ia/recepcion-gobernada-y-comprobacion-observada/clientes/publico.rs"
"SV-lenguaje-de-computacion","tuberias-ia","2c400a1c53657690c1767ec294f5d8d5b61aa67a","docs/calidad/tuberias-ia/recuperacion-rust-s25/estado_rust.rs","3841","578e031b00d9704e5e375da23cac541e499699a8","https://github.com/juantoniolloretegea/SV-lenguaje-de-computacion/blob/2c400a1c53657690c1767ec294f5d8d5b61aa67a/docs/calidad/tuberias-ia/recuperacion-rust-s25/estado_rust.rs"
"SV-lenguaje-de-computacion","tuberias-ia","2c400a1c53657690c1767ec294f5d8d5b61aa67a","docs/calidad/tuberias-ia/recuperacion-rust-s25/registrar_rustup_s29.rs","5547","d890d808fe7ca5db20ae1df4da5a242cbe54acb8","https://github.com/juantoniolloretegea/SV-lenguaje-de-computacion/blob/2c400a1c53657690c1767ec294f5d8d5b61aa67a/docs/calidad/tuberias-ia/recuperacion-rust-s25/registrar_rustup_s29.rs"
"SV-lenguaje-de-computacion","tuberias-ia","2c400a1c53657690c1767ec294f5d8d5b61aa67a","docs/calidad/tuberias-ia/recuperacion-rust-s25/registrar_s29.rs","9184","e0f480dd3a1e6a613c2a896ad7282759f2542d9b","https://github.com/juantoniolloretegea/SV-lenguaje-de-computacion/blob/2c400a1c53657690c1767ec294f5d8d5b61aa67a/docs/calidad/tuberias-ia/recuperacion-rust-s25/registrar_s29.rs"
"SV-lenguaje-de-computacion","tuberias-ia","2c400a1c53657690c1767ec294f5d8d5b61aa67a","docs/calidad/tuberias-ia/recuperacion-rust-s25/sonda/Cargo.toml","98","2e723194562c870630900ff7f15fc0d22940e6da","https://github.com/juantoniolloretegea/SV-lenguaje-de-computacion/blob/2c400a1c53657690c1767ec294f5d8d5b61aa67a/docs/calidad/tuberias-ia/recuperacion-rust-s25/sonda/Cargo.toml"
"SV-lenguaje-de-computacion","tuberias-ia","2c400a1c53657690c1767ec294f5d8d5b61aa67a","docs/calidad/tuberias-ia/recuperacion-rust-s25/sonda/src/main.rs","386","88c49c8d1d5001b78676f64889ca7cb1a5dd33f5","https://github.com/juantoniolloretegea/SV-lenguaje-de-computacion/blob/2c400a1c53657690c1767ec294f5d8d5b61aa67a/docs/calidad/tuberias-ia/recuperacion-rust-s25/sonda/src/main.rs"
"SV-lenguaje-de-computacion","tuberias-ia","2c400a1c53657690c1767ec294f5d8d5b61aa67a","docs/calidad/tuberias-ia/recuperacion-rust-s25/sonda/type_error.rs","145","e73c5d0814647157e8c7bc0f4f20a83ff1e14027","https://github.com/juantoniolloretegea/SV-lenguaje-de-computacion/blob/2c400a1c53657690c1767ec294f5d8d5b61aa67a/docs/calidad/tuberias-ia/recuperacion-rust-s25/sonda/type_error.rs"
"SV-lenguaje-de-computacion","tuberias-ia","2c400a1c53657690c1767ec294f5d8d5b61aa67a","docs/calidad/tuberias-ia/ubicaciones-de-rechazos-compuestos/antecedente-158/catalogo.rs","847","c6240b05e947de208d34fa7eaee43d0ffd886f59","https://github.com/juantoniolloretegea/SV-lenguaje-de-computacion/blob/2c400a1c53657690c1767ec294f5d8d5b61aa67a/docs/calidad/tuberias-ia/ubicaciones-de-rechazos-compuestos/antecedente-158/catalogo.rs"
"SV-lenguaje-de-computacion","tuberias-ia","2c400a1c53657690c1767ec294f5d8d5b61aa67a","docs/calidad/tuberias-ia/ubicaciones-de-rechazos-compuestos/antecedente-158/clientes/no_desligar.rs","152","e636cfbda0147ec46d7a87afd29a78af64349a5f","https://github.com/juantoniolloretegea/SV-lenguaje-de-computacion/blob/2c400a1c53657690c1767ec294f5d8d5b61aa67a/docs/calidad/tuberias-ia/ubicaciones-de-rechazos-compuestos/antecedente-158/clientes/no_desligar.rs"
"SV-lenguaje-de-computacion","tuberias-ia","2c400a1c53657690c1767ec294f5d8d5b61aa67a","docs/calidad/tuberias-ia/ubicaciones-de-rechazos-compuestos/antecedente-158/clientes/no_instalar_diagnostico.rs","247","755524f6a3ddf800eddd47ed56040fb595cdece6","https://github.com/juantoniolloretegea/SV-lenguaje-de-computacion/blob/2c400a1c53657690c1767ec294f5d8d5b61aa67a/docs/calidad/tuberias-ia/ubicaciones-de-rechazos-compuestos/antecedente-158/clientes/no_instalar_diagnostico.rs"
"SV-lenguaje-de-computacion","tuberias-ia","2c400a1c53657690c1767ec294f5d8d5b61aa67a","docs/calidad/tuberias-ia/ubicaciones-de-rechazos-compuestos/antecedente-158/clientes/no_instalar.rs","654","9f4eff953756750c086671eeff02ca13474d44eb","https://github.com/juantoniolloretegea/SV-lenguaje-de-computacion/blob/2c400a1c53657690c1767ec294f5d8d5b61aa67a/docs/calidad/tuberias-ia/ubicaciones-de-rechazos-compuestos/antecedente-158/clientes/no_instalar.rs"
"SV-lenguaje-de-computacion","tuberias-ia","2c400a1c53657690c1767ec294f5d8d5b61aa67a","docs/calidad/tuberias-ia/ubicaciones-de-rechazos-compuestos/antecedente-158/clientes/no_premisa.rs","151","d4e77842c26a64c204fb7b25fc58f51d6b55c833","https://github.com/juantoniolloretegea/SV-lenguaje-de-computacion/blob/2c400a1c53657690c1767ec294f5d8d5b61aa67a/docs/calidad/tuberias-ia/ubicaciones-de-rechazos-compuestos/antecedente-158/clientes/no_premisa.rs"
"SV-lenguaje-de-computacion","tuberias-ia","2c400a1c53657690c1767ec294f5d8d5b61aa67a","docs/calidad/tuberias-ia/ubicaciones-de-rechazos-compuestos/antecedente-158/clientes/publico.rs","818","9f4a80b177213a14aff4d693868f3e90725b3b3e","https://github.com/juantoniolloretegea/SV-lenguaje-de-computacion/blob/2c400a1c53657690c1767ec294f5d8d5b61aa67a/docs/calidad/tuberias-ia/ubicaciones-de-rechazos-compuestos/antecedente-158/clientes/publico.rs"
"SV-lenguaje-de-computacion","tuberias-ia","2c400a1c53657690c1767ec294f5d8d5b61aa67a","docs/calidad/tuberias-ia/ubicaciones-de-rechazos-compuestos/antecedente-158/corpus.rs","368","49b22cef29f5bc0fdb26b60f512cd9568b8fcf06","https://github.com/juantoniolloretegea/SV-lenguaje-de-computacion/blob/2c400a1c53657690c1767ec294f5d8d5b61aa67a/docs/calidad/tuberias-ia/ubicaciones-de-rechazos-compuestos/antecedente-158/corpus.rs"
"SV-lenguaje-de-computacion","tuberias-ia","2c400a1c53657690c1767ec294f5d8d5b61aa67a","docs/calidad/tuberias-ia/ubicaciones-de-rechazos-compuestos/antecedente-158/focal.rs","6559","351b04d4929edd5a0f4bdcca9fef89a8edbe42fd","https://github.com/juantoniolloretegea/SV-lenguaje-de-computacion/blob/2c400a1c53657690c1767ec294f5d8d5b61aa67a/docs/calidad/tuberias-ia/ubicaciones-de-rechazos-compuestos/antecedente-158/focal.rs"
"SV-lenguaje-de-computacion","tuberias-ia","2c400a1c53657690c1767ec294f5d8d5b61aa67a","docs/calidad/tuberias-ia/ubicaciones-de-rechazos-compuestos/antecedente-158/relacional.rs","1395","faf81ca1d18f26e117ebe7419bd28a4779739d2c","https://github.com/juantoniolloretegea/SV-lenguaje-de-computacion/blob/2c400a1c53657690c1767ec294f5d8d5b61aa67a/docs/calidad/tuberias-ia/ubicaciones-de-rechazos-compuestos/antecedente-158/relacional.rs"
"SV-lenguaje-de-computacion","tuberias-ia","2c400a1c53657690c1767ec294f5d8d5b61aa67a","docs/calidad/tuberias-ia/ubicaciones-de-rechazos-compuestos/cambios/rust/sv_core/src/frontend.rs","101458","0dbcb781966f6b16dbafe4e26df9e65462177049","https://github.com/juantoniolloretegea/SV-lenguaje-de-computacion/blob/2c400a1c53657690c1767ec294f5d8d5b61aa67a/docs/calidad/tuberias-ia/ubicaciones-de-rechazos-compuestos/cambios/rust/sv_core/src/frontend.rs"
"SV-lenguaje-de-computacion","tuberias-ia","2c400a1c53657690c1767ec294f5d8d5b61aa67a","docs/calidad/tuberias-ia/ubicaciones-de-rechazos-compuestos/catalogo.rs","878","91a271cef84188f0f4107eef7a3f3580e5a308d0","https://github.com/juantoniolloretegea/SV-lenguaje-de-computacion/blob/2c400a1c53657690c1767ec294f5d8d5b61aa67a/docs/calidad/tuberias-ia/ubicaciones-de-rechazos-compuestos/catalogo.rs"
"SV-lenguaje-de-computacion","tuberias-ia","2c400a1c53657690c1767ec294f5d8d5b61aa67a","docs/calidad/tuberias-ia/ubicaciones-de-rechazos-compuestos/focal_heredado_v2.rs","6628","230c862b267a612633cf4667ad13a83cf52d08c9","https://github.com/juantoniolloretegea/SV-lenguaje-de-computacion/blob/2c400a1c53657690c1767ec294f5d8d5b61aa67a/docs/calidad/tuberias-ia/ubicaciones-de-rechazos-compuestos/focal_heredado_v2.rs"
"SV-lenguaje-de-computacion","tuberias-ia","2c400a1c53657690c1767ec294f5d8d5b61aa67a","docs/calidad/tuberias-ia/ubicaciones-de-rechazos-compuestos/focal.rs","21952","abccb511d7fb7bcab87a289e349ccafaff44a22d","https://github.com/juantoniolloretegea/SV-lenguaje-de-computacion/blob/2c400a1c53657690c1767ec294f5d8d5b61aa67a/docs/calidad/tuberias-ia/ubicaciones-de-rechazos-compuestos/focal.rs"
"SV-lenguaje-de-computacion","tuberias-ia","2c400a1c53657690c1767ec294f5d8d5b61aa67a","docs/calidad/tuberias-ia/ubicaciones-sintacticas-y-perfil-fuente/antecedente-158/catalogo.rs","847","c6240b05e947de208d34fa7eaee43d0ffd886f59","https://github.com/juantoniolloretegea/SV-lenguaje-de-computacion/blob/2c400a1c53657690c1767ec294f5d8d5b61aa67a/docs/calidad/tuberias-ia/ubicaciones-sintacticas-y-perfil-fuente/antecedente-158/catalogo.rs"
"SV-lenguaje-de-computacion","tuberias-ia","2c400a1c53657690c1767ec294f5d8d5b61aa67a","docs/calidad/tuberias-ia/ubicaciones-sintacticas-y-perfil-fuente/antecedente-158/clientes/no_desligar.rs","152","e636cfbda0147ec46d7a87afd29a78af64349a5f","https://github.com/juantoniolloretegea/SV-lenguaje-de-computacion/blob/2c400a1c53657690c1767ec294f5d8d5b61aa67a/docs/calidad/tuberias-ia/ubicaciones-sintacticas-y-perfil-fuente/antecedente-158/clientes/no_desligar.rs"
"SV-lenguaje-de-computacion","tuberias-ia","2c400a1c53657690c1767ec294f5d8d5b61aa67a","docs/calidad/tuberias-ia/ubicaciones-sintacticas-y-perfil-fuente/antecedente-158/clientes/no_instalar_diagnostico.rs","247","755524f6a3ddf800eddd47ed56040fb595cdece6","https://github.com/juantoniolloretegea/SV-lenguaje-de-computacion/blob/2c400a1c53657690c1767ec294f5d8d5b61aa67a/docs/calidad/tuberias-ia/ubicaciones-sintacticas-y-perfil-fuente/antecedente-158/clientes/no_instalar_diagnostico.rs"
"SV-lenguaje-de-computacion","tuberias-ia","2c400a1c53657690c1767ec294f5d8d5b61aa67a","docs/calidad/tuberias-ia/ubicaciones-sintacticas-y-perfil-fuente/antecedente-158/clientes/no_instalar.rs","654","9f4eff953756750c086671eeff02ca13474d44eb","https://github.com/juantoniolloretegea/SV-lenguaje-de-computacion/blob/2c400a1c53657690c1767ec294f5d8d5b61aa67a/docs/calidad/tuberias-ia/ubicaciones-sintacticas-y-perfil-fuente/antecedente-158/clientes/no_instalar.rs"
"SV-lenguaje-de-computacion","tuberias-ia","2c400a1c53657690c1767ec294f5d8d5b61aa67a","docs/calidad/tuberias-ia/ubicaciones-sintacticas-y-perfil-fuente/antecedente-158/clientes/no_premisa.rs","151","d4e77842c26a64c204fb7b25fc58f51d6b55c833","https://github.com/juantoniolloretegea/SV-lenguaje-de-computacion/blob/2c400a1c53657690c1767ec294f5d8d5b61aa67a/docs/calidad/tuberias-ia/ubicaciones-sintacticas-y-perfil-fuente/antecedente-158/clientes/no_premisa.rs"
"SV-lenguaje-de-computacion","tuberias-ia","2c400a1c53657690c1767ec294f5d8d5b61aa67a","docs/calidad/tuberias-ia/ubicaciones-sintacticas-y-perfil-fuente/antecedente-158/clientes/publico.rs","818","9f4a80b177213a14aff4d693868f3e90725b3b3e","https://github.com/juantoniolloretegea/SV-lenguaje-de-computacion/blob/2c400a1c53657690c1767ec294f5d8d5b61aa67a/docs/calidad/tuberias-ia/ubicaciones-sintacticas-y-perfil-fuente/antecedente-158/clientes/publico.rs"
"SV-lenguaje-de-computacion","tuberias-ia","2c400a1c53657690c1767ec294f5d8d5b61aa67a","docs/calidad/tuberias-ia/ubicaciones-sintacticas-y-perfil-fuente/antecedente-158/corpus.rs","368","49b22cef29f5bc0fdb26b60f512cd9568b8fcf06","https://github.com/juantoniolloretegea/SV-lenguaje-de-computacion/blob/2c400a1c53657690c1767ec294f5d8d5b61aa67a/docs/calidad/tuberias-ia/ubicaciones-sintacticas-y-perfil-fuente/antecedente-158/corpus.rs"
"SV-lenguaje-de-computacion","tuberias-ia","2c400a1c53657690c1767ec294f5d8d5b61aa67a","docs/calidad/tuberias-ia/ubicaciones-sintacticas-y-perfil-fuente/antecedente-158/focal.rs","6559","351b04d4929edd5a0f4bdcca9fef89a8edbe42fd","https://github.com/juantoniolloretegea/SV-lenguaje-de-computacion/blob/2c400a1c53657690c1767ec294f5d8d5b61aa67a/docs/calidad/tuberias-ia/ubicaciones-sintacticas-y-perfil-fuente/antecedente-158/focal.rs"
"SV-lenguaje-de-computacion","tuberias-ia","2c400a1c53657690c1767ec294f5d8d5b61aa67a","docs/calidad/tuberias-ia/ubicaciones-sintacticas-y-perfil-fuente/antecedente-158/relacional.rs","1395","faf81ca1d18f26e117ebe7419bd28a4779739d2c","https://github.com/juantoniolloretegea/SV-lenguaje-de-computacion/blob/2c400a1c53657690c1767ec294f5d8d5b61aa67a/docs/calidad/tuberias-ia/ubicaciones-sintacticas-y-perfil-fuente/antecedente-158/relacional.rs"
"SV-lenguaje-de-computacion","tuberias-ia","2c400a1c53657690c1767ec294f5d8d5b61aa67a","docs/calidad/tuberias-ia/ubicaciones-sintacticas-y-perfil-fuente/cambios/rust/sv_core/src/compiler_diagnostics.rs","13007","1eba5a01b623485af1d628287931432e69380731","https://github.com/juantoniolloretegea/SV-lenguaje-de-computacion/blob/2c400a1c53657690c1767ec294f5d8d5b61aa67a/docs/calidad/tuberias-ia/ubicaciones-sintacticas-y-perfil-fuente/cambios/rust/sv_core/src/compiler_diagnostics.rs"
"SV-lenguaje-de-computacion","tuberias-ia","2c400a1c53657690c1767ec294f5d8d5b61aa67a","docs/calidad/tuberias-ia/ubicaciones-sintacticas-y-perfil-fuente/cambios/rust/sv_core/src/frontend.rs","100692","8411beb55e8fa96bfb01dffcb6341db19a6a9ad4","https://github.com/juantoniolloretegea/SV-lenguaje-de-computacion/blob/2c400a1c53657690c1767ec294f5d8d5b61aa67a/docs/calidad/tuberias-ia/ubicaciones-sintacticas-y-perfil-fuente/cambios/rust/sv_core/src/frontend.rs"
"SV-lenguaje-de-computacion","tuberias-ia","2c400a1c53657690c1767ec294f5d8d5b61aa67a","docs/calidad/tuberias-ia/ubicaciones-sintacticas-y-perfil-fuente/catalogo.rs","1324","baf7842d4ec6b69ca33e90dea41d57f203796b14","https://github.com/juantoniolloretegea/SV-lenguaje-de-computacion/blob/2c400a1c53657690c1767ec294f5d8d5b61aa67a/docs/calidad/tuberias-ia/ubicaciones-sintacticas-y-perfil-fuente/catalogo.rs"
"SV-lenguaje-de-computacion","tuberias-ia","2c400a1c53657690c1767ec294f5d8d5b61aa67a","docs/calidad/tuberias-ia/ubicaciones-sintacticas-y-perfil-fuente/focal_heredado_v2.rs","6628","230c862b267a612633cf4667ad13a83cf52d08c9","https://github.com/juantoniolloretegea/SV-lenguaje-de-computacion/blob/2c400a1c53657690c1767ec294f5d8d5b61aa67a/docs/calidad/tuberias-ia/ubicaciones-sintacticas-y-perfil-fuente/focal_heredado_v2.rs"
"SV-lenguaje-de-computacion","tuberias-ia","2c400a1c53657690c1767ec294f5d8d5b61aa67a","docs/calidad/tuberias-ia/ubicaciones-sintacticas-y-perfil-fuente/focal.rs","5542","94cc40783b2ee393f8047c8177dd6d8ecc461655","https://github.com/juantoniolloretegea/SV-lenguaje-de-computacion/blob/2c400a1c53657690c1767ec294f5d8d5b61aa67a/docs/calidad/tuberias-ia/ubicaciones-sintacticas-y-perfil-fuente/focal.rs"
"SV-lenguaje-de-computacion","rust","2c400a1c53657690c1767ec294f5d8d5b61aa67a","rust/Cargo.lock","311","9eba07b981902719f97d61213f569fd675111f57","https://github.com/juantoniolloretegea/SV-lenguaje-de-computacion/blob/2c400a1c53657690c1767ec294f5d8d5b61aa67a/rust/Cargo.lock"
"SV-lenguaje-de-computacion","rust","2c400a1c53657690c1767ec294f5d8d5b61aa67a","rust/Cargo.toml","73","ebee1ea1135f28fa28f2d335f279170932f2e029","https://github.com/juantoniolloretegea/SV-lenguaje-de-computacion/blob/2c400a1c53657690c1767ec294f5d8d5b61aa67a/rust/Cargo.toml"
"SV-lenguaje-de-computacion","rust","2c400a1c53657690c1767ec294f5d8d5b61aa67a","rust/sv_core/Cargo.toml","244","d284864c44d0e36d022768131abf88c450b95eb6","https://github.com/juantoniolloretegea/SV-lenguaje-de-computacion/blob/2c400a1c53657690c1767ec294f5d8d5b61aa67a/rust/sv_core/Cargo.toml"
"SV-lenguaje-de-computacion","rust","2c400a1c53657690c1767ec294f5d8d5b61aa67a","rust/sv_core/examples/binding_probe_browser.rs","691","dbcb45298808828d94829a4322265cbfcd235fd0","https://github.com/juantoniolloretegea/SV-lenguaje-de-computacion/blob/2c400a1c53657690c1767ec294f5d8d5b61aa67a/rust/sv_core/examples/binding_probe_browser.rs"
"SV-lenguaje-de-computacion","rust","2c400a1c53657690c1767ec294f5d8d5b61aa67a","rust/sv_core/examples/binding_probe.rs","225","4451680bc5c0ee9ff068d4dfbacbc3a04998de46","https://github.com/juantoniolloretegea/SV-lenguaje-de-computacion/blob/2c400a1c53657690c1767ec294f5d8d5b61aa67a/rust/sv_core/examples/binding_probe.rs"
"SV-lenguaje-de-computacion","rust","2c400a1c53657690c1767ec294f5d8d5b61aa67a","rust/sv_core/examples/cyb_reception_probe.rs","123","9f51f7ef672c9830d193e6d496ca9d869ef5b560","https://github.com/juantoniolloretegea/SV-lenguaje-de-computacion/blob/2c400a1c53657690c1767ec294f5d8d5b61aa67a/rust/sv_core/examples/cyb_reception_probe.rs"
"SV-lenguaje-de-computacion","rust","2c400a1c53657690c1767ec294f5d8d5b61aa67a","rust/sv_core/examples/gh_binding_probe_browser.rs","685","e400ee6a809948590bbffe9276704ed92facd11c","https://github.com/juantoniolloretegea/SV-lenguaje-de-computacion/blob/2c400a1c53657690c1767ec294f5d8d5b61aa67a/rust/sv_core/examples/gh_binding_probe_browser.rs"
"SV-lenguaje-de-computacion","rust","2c400a1c53657690c1767ec294f5d8d5b61aa67a","rust/sv_core/examples/gh_binding_probe.rs","218","6b031259b380176373d722e87cc758a9d9c4c6f3","https://github.com/juantoniolloretegea/SV-lenguaje-de-computacion/blob/2c400a1c53657690c1767ec294f5d8d5b61aa67a/rust/sv_core/examples/gh_binding_probe.rs"
"SV-lenguaje-de-computacion","rust","2c400a1c53657690c1767ec294f5d8d5b61aa67a","rust/sv_core/examples/probe_assembly_2b.rs","1129","02a7570c68f30fa1777760913ad32d69238ce8a6","https://github.com/juantoniolloretegea/SV-lenguaje-de-computacion/blob/2c400a1c53657690c1767ec294f5d8d5b61aa67a/rust/sv_core/examples/probe_assembly_2b.rs"
"SV-lenguaje-de-computacion","rust","2c400a1c53657690c1767ec294f5d8d5b61aa67a","rust/sv_core/src/admissibility.rs","6775","1a962e20ebe23ecf01acc2d02536e8ab204334c8","https://github.com/juantoniolloretegea/SV-lenguaje-de-computacion/blob/2c400a1c53657690c1767ec294f5d8d5b61aa67a/rust/sv_core/src/admissibility.rs"
"SV-lenguaje-de-computacion","rust","2c400a1c53657690c1767ec294f5d8d5b61aa67a","rust/sv_core/src/authority.rs","18361","95a976d32444537ba4240cf7ad4375eca37ef064","https://github.com/juantoniolloretegea/SV-lenguaje-de-computacion/blob/2c400a1c53657690c1767ec294f5d8d5b61aa67a/rust/sv_core/src/authority.rs"
"SV-lenguaje-de-computacion","rust","2c400a1c53657690c1767ec294f5d8d5b61aa67a","rust/sv_core/src/authority/transitions.rs","54089","12afa2d2e49ae1cedbeef2d6a4e46edce9f641e4","https://github.com/juantoniolloretegea/SV-lenguaje-de-computacion/blob/2c400a1c53657690c1767ec294f5d8d5b61aa67a/rust/sv_core/src/authority/transitions.rs"
"SV-lenguaje-de-computacion","rust","2c400a1c53657690c1767ec294f5d8d5b61aa67a","rust/sv_core/src/authority/transitions/reuse_tests.rs","42971","55e1ab4d493bf3a6bd80fd1bea1878f0bec075e3","https://github.com/juantoniolloretegea/SV-lenguaje-de-computacion/blob/2c400a1c53657690c1767ec294f5d8d5b61aa67a/rust/sv_core/src/authority/transitions/reuse_tests.rs"
"SV-lenguaje-de-computacion","rust","2c400a1c53657690c1767ec294f5d8d5b61aa67a","rust/sv_core/src/bindings.rs","20680","6fb0971638d4ee72edab02d9e39bb52c53330041","https://github.com/juantoniolloretegea/SV-lenguaje-de-computacion/blob/2c400a1c53657690c1767ec294f5d8d5b61aa67a/rust/sv_core/src/bindings.rs"
"SV-lenguaje-de-computacion","rust","2c400a1c53657690c1767ec294f5d8d5b61aa67a","rust/sv_core/src/c03_tests.rs","5626","6a5f6c8fc25ddeaff4b54d94d7ea4d7028784de5","https://github.com/juantoniolloretegea/SV-lenguaje-de-computacion/blob/2c400a1c53657690c1767ec294f5d8d5b61aa67a/rust/sv_core/src/c03_tests.rs"
"SV-lenguaje-de-computacion","rust","2c400a1c53657690c1767ec294f5d8d5b61aa67a","rust/sv_core/src/context_wellformed.rs","7969","ee51d09f06694fb1a190de6f738686cb7d6397d7","https://github.com/juantoniolloretegea/SV-lenguaje-de-computacion/blob/2c400a1c53657690c1767ec294f5d8d5b61aa67a/rust/sv_core/src/context_wellformed.rs"
"SV-lenguaje-de-computacion","rust","2c400a1c53657690c1767ec294f5d8d5b61aa67a","rust/sv_core/src/control_tests.rs","2790","f06fdd6b3a68af2af8fc722afbda79c03916ef1d","https://github.com/juantoniolloretegea/SV-lenguaje-de-computacion/blob/2c400a1c53657690c1767ec294f5d8d5b61aa67a/rust/sv_core/src/control_tests.rs"
"SV-lenguaje-de-computacion","rust","2c400a1c53657690c1767ec294f5d8d5b61aa67a","rust/sv_core/src/control.rs","7812","08899b4dfb3a7e936b8649929619f57454248c42","https://github.com/juantoniolloretegea/SV-lenguaje-de-computacion/blob/2c400a1c53657690c1767ec294f5d8d5b61aa67a/rust/sv_core/src/control.rs"
"SV-lenguaje-de-computacion","rust","2c400a1c53657690c1767ec294f5d8d5b61aa67a","rust/sv_core/src/decision_trace.rs","30997","d3074524e0477e7c54728238119f7e54ded215c2","https://github.com/juantoniolloretegea/SV-lenguaje-de-computacion/blob/2c400a1c53657690c1767ec294f5d8d5b61aa67a/rust/sv_core/src/decision_trace.rs"
"SV-lenguaje-de-computacion","rust","2c400a1c53657690c1767ec294f5d8d5b61aa67a","rust/sv_core/src/equivalence.rs","16986","22903a491b3abe12749921b12c92b0319b7c225e","https://github.com/juantoniolloretegea/SV-lenguaje-de-computacion/blob/2c400a1c53657690c1767ec294f5d8d5b61aa67a/rust/sv_core/src/equivalence.rs"
"SV-lenguaje-de-computacion","rust","2c400a1c53657690c1767ec294f5d8d5b61aa67a","rust/sv_core/src/execution.rs","16865","01a4e7c5c0c4728c7a6c318a32a1d94cd464f1de","https://github.com/juantoniolloretegea/SV-lenguaje-de-computacion/blob/2c400a1c53657690c1767ec294f5d8d5b61aa67a/rust/sv_core/src/execution.rs"
"SV-lenguaje-de-computacion","rust","2c400a1c53657690c1767ec294f5d8d5b61aa67a","rust/sv_core/src/frame_tests.rs","9569","ec3202906af340830f762cc6dc44af1f9824e6e3","https://github.com/juantoniolloretegea/SV-lenguaje-de-computacion/blob/2c400a1c53657690c1767ec294f5d8d5b61aa67a/rust/sv_core/src/frame_tests.rs"
"SV-lenguaje-de-computacion","rust","2c400a1c53657690c1767ec294f5d8d5b61aa67a","rust/sv_core/src/frame.rs","13990","c0a94c175f563a0145d31965da71fd3b1b07c732","https://github.com/juantoniolloretegea/SV-lenguaje-de-computacion/blob/2c400a1c53657690c1767ec294f5d8d5b61aa67a/rust/sv_core/src/frame.rs"
"SV-lenguaje-de-computacion","rust","2c400a1c53657690c1767ec294f5d8d5b61aa67a","rust/sv_core/src/frontend.rs","97042","c73933b661f08c4d0123b8a22f436962b5481208","https://github.com/juantoniolloretegea/SV-lenguaje-de-computacion/blob/2c400a1c53657690c1767ec294f5d8d5b61aa67a/rust/sv_core/src/frontend.rs"
"SV-lenguaje-de-computacion","rust","2c400a1c53657690c1767ec294f5d8d5b61aa67a","rust/sv_core/src/grammar_conformance.rs","1655","c6a5c33154829aaaa67bfd4ad851d52acdeae22d","https://github.com/juantoniolloretegea/SV-lenguaje-de-computacion/blob/2c400a1c53657690c1767ec294f5d8d5b61aa67a/rust/sv_core/src/grammar_conformance.rs"
"SV-lenguaje-de-computacion","rust","2c400a1c53657690c1767ec294f5d8d5b61aa67a","rust/sv_core/src/identifier_profile.rs","3575","bb6ecbfa564ed60477f9ba9e82345cec945e10d1","https://github.com/juantoniolloretegea/SV-lenguaje-de-computacion/blob/2c400a1c53657690c1767ec294f5d8d5b61aa67a/rust/sv_core/src/identifier_profile.rs"
"SV-lenguaje-de-computacion","rust","2c400a1c53657690c1767ec294f5d8d5b61aa67a","rust/sv_core/src/ir_tests.rs","10238","e339664be237680d6874fd544b3bf1b99e50a93d","https://github.com/juantoniolloretegea/SV-lenguaje-de-computacion/blob/2c400a1c53657690c1767ec294f5d8d5b61aa67a/rust/sv_core/src/ir_tests.rs"
"SV-lenguaje-de-computacion","rust","2c400a1c53657690c1767ec294f5d8d5b61aa67a","rust/sv_core/src/ir.rs","12706","3f4ce9b8fe966bda77d72cb872d68a81297eb2b7","https://github.com/juantoniolloretegea/SV-lenguaje-de-computacion/blob/2c400a1c53657690c1767ec294f5d8d5b61aa67a/rust/sv_core/src/ir.rs"
"SV-lenguaje-de-computacion","rust","2c400a1c53657690c1767ec294f5d8d5b61aa67a","rust/sv_core/src/lib.rs","17191","fcdefa0c627499e8dfc1cb319acbdc8e5a404f90","https://github.com/juantoniolloretegea/SV-lenguaje-de-computacion/blob/2c400a1c53657690c1767ec294f5d8d5b61aa67a/rust/sv_core/src/lib.rs"
"SV-lenguaje-de-computacion","rust","2c400a1c53657690c1767ec294f5d8d5b61aa67a","rust/sv_core/src/manifiesto.rs","593","6e3fb9ee0d238421fa1f81514b79e0d7f9149a42","https://github.com/juantoniolloretegea/SV-lenguaje-de-computacion/blob/2c400a1c53657690c1767ec294f5d8d5b61aa67a/rust/sv_core/src/manifiesto.rs"
"SV-lenguaje-de-computacion","rust","2c400a1c53657690c1767ec294f5d8d5b61aa67a","rust/sv_core/src/mediation.rs","8245","f412fd1d3e62e5d723eac428f7df2aa0e89c4b3c","https://github.com/juantoniolloretegea/SV-lenguaje-de-computacion/blob/2c400a1c53657690c1767ec294f5d8d5b61aa67a/rust/sv_core/src/mediation.rs"
"SV-lenguaje-de-computacion","rust","2c400a1c53657690c1767ec294f5d8d5b61aa67a","rust/sv_core/src/nat.rs","2627","f97b63e4a59b255935a68c1dde322ee52a5df337","https://github.com/juantoniolloretegea/SV-lenguaje-de-computacion/blob/2c400a1c53657690c1767ec294f5d8d5b61aa67a/rust/sv_core/src/nat.rs"
"SV-lenguaje-de-computacion","rust","2c400a1c53657690c1767ec294f5d8d5b61aa67a","rust/sv_core/src/permission.rs","16094","980270a996ae02df66f26788b2ab32c077d7e30c","https://github.com/juantoniolloretegea/SV-lenguaje-de-computacion/blob/2c400a1c53657690c1767ec294f5d8d5b61aa67a/rust/sv_core/src/permission.rs"
"SV-lenguaje-de-computacion","rust","2c400a1c53657690c1767ec294f5d8d5b61aa67a","rust/sv_core/src/requirements_bridge.rs","22596","4cf19c2ce7af9954ceda45ccab8b0b549c695c29","https://github.com/juantoniolloretegea/SV-lenguaje-de-computacion/blob/2c400a1c53657690c1767ec294f5d8d5b61aa67a/rust/sv_core/src/requirements_bridge.rs"
"SV-lenguaje-de-computacion","rust","2c400a1c53657690c1767ec294f5d8d5b61aa67a","rust/sv_core/src/requirements_conflict.rs","19988","91fb4638389114a0cbc1af4152111fbddc451d82","https://github.com/juantoniolloretegea/SV-lenguaje-de-computacion/blob/2c400a1c53657690c1767ec294f5d8d5b61aa67a/rust/sv_core/src/requirements_conflict.rs"
"SV-lenguaje-de-computacion","rust","2c400a1c53657690c1767ec294f5d8d5b61aa67a","rust/sv_core/src/requirements_coverage.rs","24235","873b1dca748bfca597b11f8e7f32401ed7d7838e","https://github.com/juantoniolloretegea/SV-lenguaje-de-computacion/blob/2c400a1c53657690c1767ec294f5d8d5b61aa67a/rust/sv_core/src/requirements_coverage.rs"
"SV-lenguaje-de-computacion","rust","2c400a1c53657690c1767ec294f5d8d5b61aa67a","rust/sv_core/src/requirements_reuse.rs","26822","fffe1e4f9415f6ffef92585d20023bc84857d6af","https://github.com/juantoniolloretegea/SV-lenguaje-de-computacion/blob/2c400a1c53657690c1767ec294f5d8d5b61aa67a/rust/sv_core/src/requirements_reuse.rs"
"SV-lenguaje-de-computacion","rust","2c400a1c53657690c1767ec294f5d8d5b61aa67a","rust/sv_core/src/requirements.rs","26983","b74fe4f9f1b79dcc0209b9956e59b6ba5541fb1a","https://github.com/juantoniolloretegea/SV-lenguaje-de-computacion/blob/2c400a1c53657690c1767ec294f5d8d5b61aa67a/rust/sv_core/src/requirements.rs"
"SV-lenguaje-de-computacion","rust","2c400a1c53657690c1767ec294f5d8d5b61aa67a","rust/sv_core/src/requirements/initial.rs","24450","1f562fc4747876a123c3b24ee77a06e9bc5bfa4a","https://github.com/juantoniolloretegea/SV-lenguaje-de-computacion/blob/2c400a1c53657690c1767ec294f5d8d5b61aa67a/rust/sv_core/src/requirements/initial.rs"
"SV-lenguaje-de-computacion","rust","2c400a1c53657690c1767ec294f5d8d5b61aa67a","rust/sv_core/src/resolution_tests.rs","5897","6f0466888c87f9761ccfbe7aed10fae768fbad07","https://github.com/juantoniolloretegea/SV-lenguaje-de-computacion/blob/2c400a1c53657690c1767ec294f5d8d5b61aa67a/rust/sv_core/src/resolution_tests.rs"
"SV-lenguaje-de-computacion","rust","2c400a1c53657690c1767ec294f5d8d5b61aa67a","rust/sv_core/src/resolution.rs","8272","d7dd5954282ffbdc04b75caa2bc0031e6cf2a329","https://github.com/juantoniolloretegea/SV-lenguaje-de-computacion/blob/2c400a1c53657690c1767ec294f5d8d5b61aa67a/rust/sv_core/src/resolution.rs"
"SV-lenguaje-de-computacion","rust","2c400a1c53657690c1767ec294f5d8d5b61aa67a","rust/sv_core/src/transition_data_wellformed.rs","6003","4f38c7a5d51f9173444445c4b8e7f60187487697","https://github.com/juantoniolloretegea/SV-lenguaje-de-computacion/blob/2c400a1c53657690c1767ec294f5d8d5b61aa67a/rust/sv_core/src/transition_data_wellformed.rs"
"SV-lenguaje-de-computacion","rust","2c400a1c53657690c1767ec294f5d8d5b61aa67a","rust/sv_core/src/wellformed.rs","39971","c25236376dd087b70ce68c4c3978146f9e58e5c6","https://github.com/juantoniolloretegea/SV-lenguaje-de-computacion/blob/2c400a1c53657690c1767ec294f5d8d5b61aa67a/rust/sv_core/src/wellformed.rs"
"SV-lenguaje-de-computacion","rust","2c400a1c53657690c1767ec294f5d8d5b61aa67a","rust/sv_core/tests/admissibility_table_causal.rs","1404","3d38d75129da74cb747372dd5764a481c2d33774","https://github.com/juantoniolloretegea/SV-lenguaje-de-computacion/blob/2c400a1c53657690c1767ec294f5d8d5b61aa67a/rust/sv_core/tests/admissibility_table_causal.rs"
"SV-lenguaje-de-computacion","rust","2c400a1c53657690c1767ec294f5d8d5b61aa67a","rust/sv_core/tests/architecture_type_guards.rs","2516","3c0b982d1d7ce4fd22d9966fe37eab788cc1c7a5","https://github.com/juantoniolloretegea/SV-lenguaje-de-computacion/blob/2c400a1c53657690c1767ec294f5d8d5b61aa67a/rust/sv_core/tests/architecture_type_guards.rs"
"SV-lenguaje-de-computacion","rust","2c400a1c53657690c1767ec294f5d8d5b61aa67a","rust/sv_core/tests/bindings.rs","3160","bfaecf41799cfbfc44ae6bd0fb0ae5944f4cd377","https://github.com/juantoniolloretegea/SV-lenguaje-de-computacion/blob/2c400a1c53657690c1767ec294f5d8d5b61aa67a/rust/sv_core/tests/bindings.rs"
"SV-lenguaje-de-computacion","rust","2c400a1c53657690c1767ec294f5d8d5b61aa67a","rust/sv_core/tests/bridge_set.rs","1996","8351ec616fec0ff9cb40dbd0947a18b1cfb08368","https://github.com/juantoniolloretegea/SV-lenguaje-de-computacion/blob/2c400a1c53657690c1767ec294f5d8d5b61aa67a/rust/sv_core/tests/bridge_set.rs"
"SV-lenguaje-de-computacion","rust","2c400a1c53657690c1767ec294f5d8d5b61aa67a","rust/sv_core/tests/cell_geometry_native.rs","2661","7286ec1e1c0b03805e84fda0a98f56d1a97e5c2a","https://github.com/juantoniolloretegea/SV-lenguaje-de-computacion/blob/2c400a1c53657690c1767ec294f5d8d5b61aa67a/rust/sv_core/tests/cell_geometry_native.rs"
"SV-lenguaje-de-computacion","rust","2c400a1c53657690c1767ec294f5d8d5b61aa67a","rust/sv_core/tests/codomain_uniqueness.rs","2251","46480951c432331f08c612f47e529d25f478dfc0","https://github.com/juantoniolloretegea/SV-lenguaje-de-computacion/blob/2c400a1c53657690c1767ec294f5d8d5b61aa67a/rust/sv_core/tests/codomain_uniqueness.rs"
"SV-lenguaje-de-computacion","rust","2c400a1c53657690c1767ec294f5d8d5b61aa67a","rust/sv_core/tests/context_wellformed.rs","14736","765d6aaa176969f8970e07a7575b431446c6a9e2","https://github.com/juantoniolloretegea/SV-lenguaje-de-computacion/blob/2c400a1c53657690c1767ec294f5d8d5b61aa67a/rust/sv_core/tests/context_wellformed.rs"
"SV-lenguaje-de-computacion","rust","2c400a1c53657690c1767ec294f5d8d5b61aa67a","rust/sv_core/tests/cyb_authority_boundary.rs","6755","7271d852148aff5c9ec4a876bb759ccccd72f727","https://github.com/juantoniolloretegea/SV-lenguaje-de-computacion/blob/2c400a1c53657690c1767ec294f5d8d5b61aa67a/rust/sv_core/tests/cyb_authority_boundary.rs"
"SV-lenguaje-de-computacion","rust","2c400a1c53657690c1767ec294f5d8d5b61aa67a","rust/sv_core/tests/cyb_reception.rs","572","5d45e31d5640d9feb6f0e5d9656514fb2749d4ad","https://github.com/juantoniolloretegea/SV-lenguaje-de-computacion/blob/2c400a1c53657690c1767ec294f5d8d5b61aa67a/rust/sv_core/tests/cyb_reception.rs"
"SV-lenguaje-de-computacion","rust","2c400a1c53657690c1767ec294f5d8d5b61aa67a","rust/sv_core/tests/domain_parameters.rs","1848","d852c5f37e92fd8aa3adcaf6de8c45c9380473b3","https://github.com/juantoniolloretegea/SV-lenguaje-de-computacion/blob/2c400a1c53657690c1767ec294f5d8d5b61aa67a/rust/sv_core/tests/domain_parameters.rs"
"SV-lenguaje-de-computacion","rust","2c400a1c53657690c1767ec294f5d8d5b61aa67a","rust/sv_core/tests/gh_bindings.rs","553","f9cb85d7dd09e03b1dcb6693c6b79f2f16bcd10f","https://github.com/juantoniolloretegea/SV-lenguaje-de-computacion/blob/2c400a1c53657690c1767ec294f5d8d5b61aa67a/rust/sv_core/tests/gh_bindings.rs"
"SV-lenguaje-de-computacion","rust","2c400a1c53657690c1767ec294f5d8d5b61aa67a","rust/sv_core/tests/grammar_closed_domains.rs","3158","2c29dbc788c51e2fbbf0b162ab8115d51ee855fd","https://github.com/juantoniolloretegea/SV-lenguaje-de-computacion/blob/2c400a1c53657690c1767ec294f5d8d5b61aa67a/rust/sv_core/tests/grammar_closed_domains.rs"
"SV-lenguaje-de-computacion","rust","2c400a1c53657690c1767ec294f5d8d5b61aa67a","rust/sv_core/tests/horizon_architecture.rs","5406","0dc7bb3c08225e6ccd553711c1121e6463c2e556","https://github.com/juantoniolloretegea/SV-lenguaje-de-computacion/blob/2c400a1c53657690c1767ec294f5d8d5b61aa67a/rust/sv_core/tests/horizon_architecture.rs"
"SV-lenguaje-de-computacion","rust","2c400a1c53657690c1767ec294f5d8d5b61aa67a","rust/sv_core/tests/horizon_events.rs","2166","05145e06e8ba24346dde77e062ebdd883b4ad92d","https://github.com/juantoniolloretegea/SV-lenguaje-de-computacion/blob/2c400a1c53657690c1767ec294f5d8d5b61aa67a/rust/sv_core/tests/horizon_events.rs"
"SV-lenguaje-de-computacion","rust","2c400a1c53657690c1767ec294f5d8d5b61aa67a","rust/sv_core/tests/json_projection.rs","4094","31a9c316b390cc7e58ccfdf9379e848acef57dd5","https://github.com/juantoniolloretegea/SV-lenguaje-de-computacion/blob/2c400a1c53657690c1767ec294f5d8d5b61aa67a/rust/sv_core/tests/json_projection.rs"
"SV-lenguaje-de-computacion","rust","2c400a1c53657690c1767ec294f5d8d5b61aa67a","rust/sv_core/tests/optional_fields.rs","2144","dceef86c0b3e4510558aa7069874bf90e293618c","https://github.com/juantoniolloretegea/SV-lenguaje-de-computacion/blob/2c400a1c53657690c1767ec294f5d8d5b61aa67a/rust/sv_core/tests/optional_fields.rs"
"SV-lenguaje-de-computacion","rust","2c400a1c53657690c1767ec294f5d8d5b61aa67a","rust/sv_core/tests/output_semantics_totality.rs","4989","f55a2fc5ad05d906deb8bf39c22849e37f4b5452","https://github.com/juantoniolloretegea/SV-lenguaje-de-computacion/blob/2c400a1c53657690c1767ec294f5d8d5b61aa67a/rust/sv_core/tests/output_semantics_totality.rs"
"SV-lenguaje-de-computacion","rust","2c400a1c53657690c1767ec294f5d8d5b61aa67a","rust/sv_core/tests/projection_metadata_native.rs","2376","13231d08c7dd6da46843fe02cd622a0bfe84e44c","https://github.com/juantoniolloretegea/SV-lenguaje-de-computacion/blob/2c400a1c53657690c1767ec294f5d8d5b61aa67a/rust/sv_core/tests/projection_metadata_native.rs"
"SV-lenguaje-de-computacion","rust","2c400a1c53657690c1767ec294f5d8d5b61aa67a","rust/sv_core/tests/transition_data_wellformed.rs","6168","caf66ddd893ce952526e9a8832dd69ed3209318e","https://github.com/juantoniolloretegea/SV-lenguaje-de-computacion/blob/2c400a1c53657690c1767ec294f5d8d5b61aa67a/rust/sv_core/tests/transition_data_wellformed.rs"
"SV-lenguaje-de-computacion","rust","2c400a1c53657690c1767ec294f5d8d5b61aa67a","rust/sv_native/Cargo.toml","269","4bb8900f3e4639b1779bd2dd293fbe7cd7bb39e6","https://github.com/juantoniolloretegea/SV-lenguaje-de-computacion/blob/2c400a1c53657690c1767ec294f5d8d5b61aa67a/rust/sv_native/Cargo.toml"
"SV-lenguaje-de-computacion","rust","2c400a1c53657690c1767ec294f5d8d5b61aa67a","rust/sv_native/examples/assembly_probe.rs","1681","9cbc60c011b812946fd5751eddad49326323e0d0","https://github.com/juantoniolloretegea/SV-lenguaje-de-computacion/blob/2c400a1c53657690c1767ec294f5d8d5b61aa67a/rust/sv_native/examples/assembly_probe.rs"
"SV-lenguaje-de-computacion","rust","2c400a1c53657690c1767ec294f5d8d5b61aa67a","rust/sv_native/src/lib.rs","711","389f24f8d0ae7bac48ce4d3fce387e00537c9e93","https://github.com/juantoniolloretegea/SV-lenguaje-de-computacion/blob/2c400a1c53657690c1767ec294f5d8d5b61aa67a/rust/sv_native/src/lib.rs"
"SV-lenguaje-de-computacion","rust","2c400a1c53657690c1767ec294f5d8d5b61aa67a","rust/sv_native/src/main.rs","2408","8e225dcd225dab3d356c8d7ff53c2fd6ee12d261","https://github.com/juantoniolloretegea/SV-lenguaje-de-computacion/blob/2c400a1c53657690c1767ec294f5d8d5b61aa67a/rust/sv_native/src/main.rs"
"SV-lenguaje-de-computacion","rust","2c400a1c53657690c1767ec294f5d8d5b61aa67a","rust/sv_native/src/manifiesto_main.rs","367","6636cbafb11adf14c80e9254c0f09577b7e11d46","https://github.com/juantoniolloretegea/SV-lenguaje-de-computacion/blob/2c400a1c53657690c1767ec294f5d8d5b61aa67a/rust/sv_native/src/manifiesto_main.rs"
"SV-lenguaje-de-computacion","rust","2c400a1c53657690c1767ec294f5d8d5b61aa67a","rust/sv_wasm/Cargo.toml","187","8d16094b3eb3754eb1b7ffba7943761b0e34f161","https://github.com/juantoniolloretegea/SV-lenguaje-de-computacion/blob/2c400a1c53657690c1767ec294f5d8d5b61aa67a/rust/sv_wasm/Cargo.toml"
"SV-lenguaje-de-computacion","rust","2c400a1c53657690c1767ec294f5d8d5b61aa67a","rust/sv_wasm/src/lib.rs","9699","261d09ae73924b87531bb10c697b9d61caedcf54","https://github.com/juantoniolloretegea/SV-lenguaje-de-computacion/blob/2c400a1c53657690c1767ec294f5d8d5b61aa67a/rust/sv_wasm/src/lib.rs"
"SV-motor","ensayo-ia-y-observabilidad","02d5aee5fafe71105e2a451273adba888e87308a","laboratorio/ensayo-ia-y-observabilidad/Cargo.lock","41482","42e6bbdc01ba190c3dc887484bd85cb82270d9ee","https://github.com/juantoniolloretegea/SV-motor/blob/02d5aee5fafe71105e2a451273adba888e87308a/laboratorio/ensayo-ia-y-observabilidad/Cargo.lock"
"SV-motor","ensayo-ia-y-observabilidad","02d5aee5fafe71105e2a451273adba888e87308a","laboratorio/ensayo-ia-y-observabilidad/Cargo.toml","1368","43660a15d2e79e3deb3b0671f6587b5825a52f28","https://github.com/juantoniolloretegea/SV-motor/blob/02d5aee5fafe71105e2a451273adba888e87308a/laboratorio/ensayo-ia-y-observabilidad/Cargo.toml"
"SV-motor","ensayo-ia-y-observabilidad","02d5aee5fafe71105e2a451273adba888e87308a","laboratorio/ensayo-ia-y-observabilidad/conversacion-nativa/Cargo.lock","49410","4f73bfabc4874ddff9f6c2d2d41c4302e5c2399b","https://github.com/juantoniolloretegea/SV-motor/blob/02d5aee5fafe71105e2a451273adba888e87308a/laboratorio/ensayo-ia-y-observabilidad/conversacion-nativa/Cargo.lock"
"SV-motor","ensayo-ia-y-observabilidad","02d5aee5fafe71105e2a451273adba888e87308a","laboratorio/ensayo-ia-y-observabilidad/conversacion-nativa/Cargo.toml","1293","3c091a0e5da83c9e90cec1c3473aed9211a0fb97","https://github.com/juantoniolloretegea/SV-motor/blob/02d5aee5fafe71105e2a451273adba888e87308a/laboratorio/ensayo-ia-y-observabilidad/conversacion-nativa/Cargo.toml"
"SV-motor","ensayo-ia-y-observabilidad","02d5aee5fafe71105e2a451273adba888e87308a","laboratorio/ensayo-ia-y-observabilidad/conversacion-nativa/examples/comprobar_observabilidad.rs","5001","f96eca4a9b0d6fb4cf76cb9910591dc4593d0b8c","https://github.com/juantoniolloretegea/SV-motor/blob/02d5aee5fafe71105e2a451273adba888e87308a/laboratorio/ensayo-ia-y-observabilidad/conversacion-nativa/examples/comprobar_observabilidad.rs"
"SV-motor","ensayo-ia-y-observabilidad","02d5aee5fafe71105e2a451273adba888e87308a","laboratorio/ensayo-ia-y-observabilidad/conversacion-nativa/src/checks.rs","4785","f162e6466e6fe4a42023c6b9785a4bc431da6eeb","https://github.com/juantoniolloretegea/SV-motor/blob/02d5aee5fafe71105e2a451273adba888e87308a/laboratorio/ensayo-ia-y-observabilidad/conversacion-nativa/src/checks.rs"
"SV-motor","ensayo-ia-y-observabilidad","02d5aee5fafe71105e2a451273adba888e87308a","laboratorio/ensayo-ia-y-observabilidad/conversacion-nativa/src/comparison.rs","5518","dc827c25285a8b31d86732b3493c47453cea0a58","https://github.com/juantoniolloretegea/SV-motor/blob/02d5aee5fafe71105e2a451273adba888e87308a/laboratorio/ensayo-ia-y-observabilidad/conversacion-nativa/src/comparison.rs"
"SV-motor","ensayo-ia-y-observabilidad","02d5aee5fafe71105e2a451273adba888e87308a","laboratorio/ensayo-ia-y-observabilidad/conversacion-nativa/src/lifecycle.rs","4291","5846bb46b2f6de92c745923090112ab461e4be00","https://github.com/juantoniolloretegea/SV-motor/blob/02d5aee5fafe71105e2a451273adba888e87308a/laboratorio/ensayo-ia-y-observabilidad/conversacion-nativa/src/lifecycle.rs"
"SV-motor","ensayo-ia-y-observabilidad","02d5aee5fafe71105e2a451273adba888e87308a","laboratorio/ensayo-ia-y-observabilidad/conversacion-nativa/src/main.rs","25849","35419c4e7862e3a26facbed2f621e24eb61057e5","https://github.com/juantoniolloretegea/SV-motor/blob/02d5aee5fafe71105e2a451273adba888e87308a/laboratorio/ensayo-ia-y-observabilidad/conversacion-nativa/src/main.rs"
"SV-motor","ensayo-ia-y-observabilidad","02d5aee5fafe71105e2a451273adba888e87308a","laboratorio/ensayo-ia-y-observabilidad/conversacion-nativa/src/model.rs","5039","6f36a67f9c7b7ae0881f5712d790bdd43392b0eb","https://github.com/juantoniolloretegea/SV-motor/blob/02d5aee5fafe71105e2a451273adba888e87308a/laboratorio/ensayo-ia-y-observabilidad/conversacion-nativa/src/model.rs"
"SV-motor","ensayo-ia-y-observabilidad","02d5aee5fafe71105e2a451273adba888e87308a","laboratorio/ensayo-ia-y-observabilidad/conversacion-nativa/src/observation.rs","10938","3352bb74800015153fd6ec9e21775a47c05f9430","https://github.com/juantoniolloretegea/SV-motor/blob/02d5aee5fafe71105e2a451273adba888e87308a/laboratorio/ensayo-ia-y-observabilidad/conversacion-nativa/src/observation.rs"
"SV-motor","ensayo-ia-y-observabilidad","02d5aee5fafe71105e2a451273adba888e87308a","laboratorio/ensayo-ia-y-observabilidad/conversacion-nativa/src/store.rs","12834","2dfe443c7dd001507c4b3e6933e3d4e120dce89c","https://github.com/juantoniolloretegea/SV-motor/blob/02d5aee5fafe71105e2a451273adba888e87308a/laboratorio/ensayo-ia-y-observabilidad/conversacion-nativa/src/store.rs"
"SV-motor","ensayo-ia-y-observabilidad","02d5aee5fafe71105e2a451273adba888e87308a","laboratorio/ensayo-ia-y-observabilidad/conversacion-nativa/src/supervision.rs","6657","30a0b6be034c53e9ec155e6f0981cdf7c4936dd8","https://github.com/juantoniolloretegea/SV-motor/blob/02d5aee5fafe71105e2a451273adba888e87308a/laboratorio/ensayo-ia-y-observabilidad/conversacion-nativa/src/supervision.rs"
"SV-motor","ensayo-ia-y-observabilidad","02d5aee5fafe71105e2a451273adba888e87308a","laboratorio/ensayo-ia-y-observabilidad/conversacion-nativa/src/telemetry.rs","7234","8a2dd6ea019500e86752ef74711ad050427e334a","https://github.com/juantoniolloretegea/SV-motor/blob/02d5aee5fafe71105e2a451273adba888e87308a/laboratorio/ensayo-ia-y-observabilidad/conversacion-nativa/src/telemetry.rs"
"SV-motor","ensayo-ia-y-observabilidad","02d5aee5fafe71105e2a451273adba888e87308a","laboratorio/ensayo-ia-y-observabilidad/conversacion-nativa/tests/service.rs","9288","60e4451815a127ba4709c14d63fa928ee14306eb","https://github.com/juantoniolloretegea/SV-motor/blob/02d5aee5fafe71105e2a451273adba888e87308a/laboratorio/ensayo-ia-y-observabilidad/conversacion-nativa/tests/service.rs"
"SV-motor","ensayo-ia-y-observabilidad","02d5aee5fafe71105e2a451273adba888e87308a","laboratorio/ensayo-ia-y-observabilidad/conversacion-nativa/verificacion-0.1.2/comprobar_instalacion.rs","1675","188b72ff8b58281885b6be21122d9434825fab2b","https://github.com/juantoniolloretegea/SV-motor/blob/02d5aee5fafe71105e2a451273adba888e87308a/laboratorio/ensayo-ia-y-observabilidad/conversacion-nativa/verificacion-0.1.2/comprobar_instalacion.rs"
"SV-motor","ensayo-ia-y-observabilidad","02d5aee5fafe71105e2a451273adba888e87308a","laboratorio/ensayo-ia-y-observabilidad/conversacion-nativa/web/app.js","15258","87f04b625353027fcc067019bc89b21ecd2a6028","https://github.com/juantoniolloretegea/SV-motor/blob/02d5aee5fafe71105e2a451273adba888e87308a/laboratorio/ensayo-ia-y-observabilidad/conversacion-nativa/web/app.js"
"SV-motor","ensayo-ia-y-observabilidad","02d5aee5fafe71105e2a451273adba888e87308a","laboratorio/ensayo-ia-y-observabilidad/conversacion-nativa/web/index.html","6272","a426277a9045963496254ab0de1d6a61aae5a590","https://github.com/juantoniolloretegea/SV-motor/blob/02d5aee5fafe71105e2a451273adba888e87308a/laboratorio/ensayo-ia-y-observabilidad/conversacion-nativa/web/index.html"
"SV-motor","ensayo-ia-y-observabilidad","02d5aee5fafe71105e2a451273adba888e87308a","laboratorio/ensayo-ia-y-observabilidad/conversacion-nativa/web/style.css","6811","253a9adfbaa70de7f8bc99f20a2050f03891f541","https://github.com/juantoniolloretegea/SV-motor/blob/02d5aee5fafe71105e2a451273adba888e87308a/laboratorio/ensayo-ia-y-observabilidad/conversacion-nativa/web/style.css"
"SV-motor","ensayo-ia-y-observabilidad","02d5aee5fafe71105e2a451273adba888e87308a","laboratorio/ensayo-ia-y-observabilidad/entregas/0.1.3-beta.1/verificar_entrega.rs","2088","362d9cfaf704207fe00e78ebf4b0ee70d6d6cb3f","https://github.com/juantoniolloretegea/SV-motor/blob/02d5aee5fafe71105e2a451273adba888e87308a/laboratorio/ensayo-ia-y-observabilidad/entregas/0.1.3-beta.1/verificar_entrega.rs"
"SV-motor","ensayo-ia-y-observabilidad","02d5aee5fafe71105e2a451273adba888e87308a","laboratorio/ensayo-ia-y-observabilidad/inferencia/adaptador.rs","2436","f66ad5f961627ce2105298a08e79e7f4f48aaadc","https://github.com/juantoniolloretegea/SV-motor/blob/02d5aee5fafe71105e2a451273adba888e87308a/laboratorio/ensayo-ia-y-observabilidad/inferencia/adaptador.rs"
"SV-motor","ensayo-ia-y-observabilidad","02d5aee5fafe71105e2a451273adba888e87308a","laboratorio/ensayo-ia-y-observabilidad/inferencia/main.rs","2265","65d552662baee14d81cbb20c5768daf218f37423","https://github.com/juantoniolloretegea/SV-motor/blob/02d5aee5fafe71105e2a451273adba888e87308a/laboratorio/ensayo-ia-y-observabilidad/inferencia/main.rs"
"SV-motor","ensayo-ia-y-observabilidad","02d5aee5fafe71105e2a451273adba888e87308a","laboratorio/ensayo-ia-y-observabilidad/modelos-de-ia/acoplamientos-con-el-sv/03-api-directa/openai/gpt-6-astra/anexo-pdf-20261007/banco-nueve-preguntas/realizacion/localizadores.rs","4826","a00222a61cc191e4cce8544a9dc3c6bef50c4c3b","https://github.com/juantoniolloretegea/SV-motor/blob/02d5aee5fafe71105e2a451273adba888e87308a/laboratorio/ensayo-ia-y-observabilidad/modelos-de-ia/acoplamientos-con-el-sv/03-api-directa/openai/gpt-6-astra/anexo-pdf-20261007/banco-nueve-preguntas/realizacion/localizadores.rs"
"SV-motor","ensayo-ia-y-observabilidad","02d5aee5fafe71105e2a451273adba888e87308a","laboratorio/ensayo-ia-y-observabilidad/modelos-de-ia/acoplamientos-con-el-sv/03-api-directa/openai/gpt-6-astra/anexo-pdf-20261007/banco-nueve-preguntas/realizacion/main.rs","25919","da6a8ebc437d10ceb3f451e63415390a89a3b172","https://github.com/juantoniolloretegea/SV-motor/blob/02d5aee5fafe71105e2a451273adba888e87308a/laboratorio/ensayo-ia-y-observabilidad/modelos-de-ia/acoplamientos-con-el-sv/03-api-directa/openai/gpt-6-astra/anexo-pdf-20261007/banco-nueve-preguntas/realizacion/main.rs"
"SV-motor","ensayo-ia-y-observabilidad","02d5aee5fafe71105e2a451273adba888e87308a","laboratorio/ensayo-ia-y-observabilidad/modelos-de-ia/acoplamientos-con-el-sv/03-api-directa/openai/gpt-6-astra/anexo-pdf-20261007/banco-nueve-preguntas/realizacion/pdf.rs","21811","c9c754288c06b1e737b9d3e4133260daa77cfaaf","https://github.com/juantoniolloretegea/SV-motor/blob/02d5aee5fafe71105e2a451273adba888e87308a/laboratorio/ensayo-ia-y-observabilidad/modelos-de-ia/acoplamientos-con-el-sv/03-api-directa/openai/gpt-6-astra/anexo-pdf-20261007/banco-nueve-preguntas/realizacion/pdf.rs"
"SV-motor","ensayo-ia-y-observabilidad","02d5aee5fafe71105e2a451273adba888e87308a","laboratorio/ensayo-ia-y-observabilidad/modelos-de-ia/acoplamientos-con-el-sv/03-api-directa/openai/gpt-6-astra/anexo-pdf-20261007/banco-nueve-preguntas/realizacion/prueba.rs","647","6f97e1a80e1c9cbeda59364945deab84e107e9dd","https://github.com/juantoniolloretegea/SV-motor/blob/02d5aee5fafe71105e2a451273adba888e87308a/laboratorio/ensayo-ia-y-observabilidad/modelos-de-ia/acoplamientos-con-el-sv/03-api-directa/openai/gpt-6-astra/anexo-pdf-20261007/banco-nueve-preguntas/realizacion/prueba.rs"
"SV-motor","ensayo-ia-y-observabilidad","02d5aee5fafe71105e2a451273adba888e87308a","laboratorio/ensayo-ia-y-observabilidad/modelos-de-ia/acoplamientos-con-el-sv/03-api-directa/openai/gpt-6-astra/anexo-pdf-20261007/banco-nueve-preguntas/realizacion/sv-adjudicar-pdf.rs","5615","15d015c39f4069f6f0dfc39bdc3fd4b8ea8bf639","https://github.com/juantoniolloretegea/SV-motor/blob/02d5aee5fafe71105e2a451273adba888e87308a/laboratorio/ensayo-ia-y-observabilidad/modelos-de-ia/acoplamientos-con-el-sv/03-api-directa/openai/gpt-6-astra/anexo-pdf-20261007/banco-nueve-preguntas/realizacion/sv-adjudicar-pdf.rs"
"SV-motor","ensayo-ia-y-observabilidad","02d5aee5fafe71105e2a451273adba888e87308a","laboratorio/ensayo-ia-y-observabilidad/modelos-de-ia/acoplamientos-con-el-sv/03-api-directa/openai/gpt-6-astra/anexo-pdf-20261007/banco-nueve-preguntas/realizacion/sv-hitos-astra.rs","9437","87d5a0991a17deb92093cbfc6fea6443a32205ca","https://github.com/juantoniolloretegea/SV-motor/blob/02d5aee5fafe71105e2a451273adba888e87308a/laboratorio/ensayo-ia-y-observabilidad/modelos-de-ia/acoplamientos-con-el-sv/03-api-directa/openai/gpt-6-astra/anexo-pdf-20261007/banco-nueve-preguntas/realizacion/sv-hitos-astra.rs"
"SV-motor","ensayo-ia-y-observabilidad","02d5aee5fafe71105e2a451273adba888e87308a","laboratorio/ensayo-ia-y-observabilidad/modelos-de-ia/acoplamientos-con-el-sv/03-api-directa/openai/gpt-6-astra/anexo-pdf-20261007/banco-nueve-preguntas/realizacion/sv-revisar-citas-pdf.rs","6565","812ffed2c8b7505e887e99f3b7c0668d211e64a8","https://github.com/juantoniolloretegea/SV-motor/blob/02d5aee5fafe71105e2a451273adba888e87308a/laboratorio/ensayo-ia-y-observabilidad/modelos-de-ia/acoplamientos-con-el-sv/03-api-directa/openai/gpt-6-astra/anexo-pdf-20261007/banco-nueve-preguntas/realizacion/sv-revisar-citas-pdf.rs"
"SV-motor","ensayo-ia-y-observabilidad","02d5aee5fafe71105e2a451273adba888e87308a","laboratorio/ensayo-ia-y-observabilidad/modelos-de-ia/acoplamientos-con-el-sv/03-api-directa/openai/gpt-6-astra/anexo-pdf-20261007/banco-nueve-preguntas/visor/fuentes/Cargo.lock","70623","3de33d70f56b4bce5605fec85e7fbc4a2728b6b4","https://github.com/juantoniolloretegea/SV-motor/blob/02d5aee5fafe71105e2a451273adba888e87308a/laboratorio/ensayo-ia-y-observabilidad/modelos-de-ia/acoplamientos-con-el-sv/03-api-directa/openai/gpt-6-astra/anexo-pdf-20261007/banco-nueve-preguntas/visor/fuentes/Cargo.lock"
"SV-motor","ensayo-ia-y-observabilidad","02d5aee5fafe71105e2a451273adba888e87308a","laboratorio/ensayo-ia-y-observabilidad/modelos-de-ia/acoplamientos-con-el-sv/03-api-directa/openai/gpt-6-astra/anexo-pdf-20261007/banco-nueve-preguntas/visor/fuentes/Cargo.toml","712","e5971ce8003a6bb72129bb973853e00ee991a69b","https://github.com/juantoniolloretegea/SV-motor/blob/02d5aee5fafe71105e2a451273adba888e87308a/laboratorio/ensayo-ia-y-observabilidad/modelos-de-ia/acoplamientos-con-el-sv/03-api-directa/openai/gpt-6-astra/anexo-pdf-20261007/banco-nueve-preguntas/visor/fuentes/Cargo.toml"
"SV-motor","ensayo-ia-y-observabilidad","02d5aee5fafe71105e2a451273adba888e87308a","laboratorio/ensayo-ia-y-observabilidad/modelos-de-ia/acoplamientos-con-el-sv/03-api-directa/openai/gpt-6-astra/anexo-pdf-20261007/banco-nueve-preguntas/visor/fuentes/src/bin/derivar.rs","647","27ab2e57e69f7986b394efa749a3195058b2800c","https://github.com/juantoniolloretegea/SV-motor/blob/02d5aee5fafe71105e2a451273adba888e87308a/laboratorio/ensayo-ia-y-observabilidad/modelos-de-ia/acoplamientos-con-el-sv/03-api-directa/openai/gpt-6-astra/anexo-pdf-20261007/banco-nueve-preguntas/visor/fuentes/src/bin/derivar.rs"
"SV-motor","ensayo-ia-y-observabilidad","02d5aee5fafe71105e2a451273adba888e87308a","laboratorio/ensayo-ia-y-observabilidad/modelos-de-ia/acoplamientos-con-el-sv/03-api-directa/openai/gpt-6-astra/anexo-pdf-20261007/banco-nueve-preguntas/visor/fuentes/src/bin/empaquetar.rs","3486","1cb9f71eecb9f7274913646d59ebae787ff6b280","https://github.com/juantoniolloretegea/SV-motor/blob/02d5aee5fafe71105e2a451273adba888e87308a/laboratorio/ensayo-ia-y-observabilidad/modelos-de-ia/acoplamientos-con-el-sv/03-api-directa/openai/gpt-6-astra/anexo-pdf-20261007/banco-nueve-preguntas/visor/fuentes/src/bin/empaquetar.rs"
"SV-motor","ensayo-ia-y-observabilidad","02d5aee5fafe71105e2a451273adba888e87308a","laboratorio/ensayo-ia-y-observabilidad/modelos-de-ia/acoplamientos-con-el-sv/03-api-directa/openai/gpt-6-astra/anexo-pdf-20261007/banco-nueve-preguntas/visor/fuentes/src/bin/vista_local.rs","2275","2065c1e1ca603c210d4b4b8b4c5543ef09f68762","https://github.com/juantoniolloretegea/SV-motor/blob/02d5aee5fafe71105e2a451273adba888e87308a/laboratorio/ensayo-ia-y-observabilidad/modelos-de-ia/acoplamientos-con-el-sv/03-api-directa/openai/gpt-6-astra/anexo-pdf-20261007/banco-nueve-preguntas/visor/fuentes/src/bin/vista_local.rs"
"SV-motor","ensayo-ia-y-observabilidad","02d5aee5fafe71105e2a451273adba888e87308a","laboratorio/ensayo-ia-y-observabilidad/modelos-de-ia/acoplamientos-con-el-sv/03-api-directa/openai/gpt-6-astra/anexo-pdf-20261007/banco-nueve-preguntas/visor/fuentes/src/contrato.rs","12685","003521c43e32777f0d684c5c6d9676a1e4fbcfae","https://github.com/juantoniolloretegea/SV-motor/blob/02d5aee5fafe71105e2a451273adba888e87308a/laboratorio/ensayo-ia-y-observabilidad/modelos-de-ia/acoplamientos-con-el-sv/03-api-directa/openai/gpt-6-astra/anexo-pdf-20261007/banco-nueve-preguntas/visor/fuentes/src/contrato.rs"
"SV-motor","ensayo-ia-y-observabilidad","02d5aee5fafe71105e2a451273adba888e87308a","laboratorio/ensayo-ia-y-observabilidad/modelos-de-ia/acoplamientos-con-el-sv/03-api-directa/openai/gpt-6-astra/anexo-pdf-20261007/banco-nueve-preguntas/visor/fuentes/src/lib.rs","28060","ed32fcdbe314fd3e9dfcf57feda9660e15684627","https://github.com/juantoniolloretegea/SV-motor/blob/02d5aee5fafe71105e2a451273adba888e87308a/laboratorio/ensayo-ia-y-observabilidad/modelos-de-ia/acoplamientos-con-el-sv/03-api-directa/openai/gpt-6-astra/anexo-pdf-20261007/banco-nueve-preguntas/visor/fuentes/src/lib.rs"
"SV-motor","ensayo-ia-y-observabilidad","02d5aee5fafe71105e2a451273adba888e87308a","laboratorio/ensayo-ia-y-observabilidad/modelos-de-ia/acoplamientos-con-el-sv/03-api-directa/openai/gpt-6-astra/anexo-pdf-20261007/banco-nueve-preguntas/visor/fuentes/src/main.rs","439","babcb20eb778f42c841d447064295484f9559f28","https://github.com/juantoniolloretegea/SV-motor/blob/02d5aee5fafe71105e2a451273adba888e87308a/laboratorio/ensayo-ia-y-observabilidad/modelos-de-ia/acoplamientos-con-el-sv/03-api-directa/openai/gpt-6-astra/anexo-pdf-20261007/banco-nueve-preguntas/visor/fuentes/src/main.rs"
"SV-motor","ensayo-ia-y-observabilidad","02d5aee5fafe71105e2a451273adba888e87308a","laboratorio/ensayo-ia-y-observabilidad/modelos-de-ia/acoplamientos-con-el-sv/03-api-directa/openai/gpt-6-astra/anexo-pdf-20261007/banco-nueve-preguntas/visor/POLIGONO-EGUI.html","4015065","27a9ef94493601fe977e4916921af9753c626263","https://github.com/juantoniolloretegea/SV-motor/blob/02d5aee5fafe71105e2a451273adba888e87308a/laboratorio/ensayo-ia-y-observabilidad/modelos-de-ia/acoplamientos-con-el-sv/03-api-directa/openai/gpt-6-astra/anexo-pdf-20261007/banco-nueve-preguntas/visor/POLIGONO-EGUI.html"
"SV-motor","ensayo-ia-y-observabilidad","02d5aee5fafe71105e2a451273adba888e87308a","laboratorio/ensayo-ia-y-observabilidad/modelos-de-ia/acoplamientos-con-el-sv/03-api-directa/openai/gpt-6-astra/anexo-pdf-20261007/instrumento/Cargo.lock","18488","04e6687f1be0b95675796dee49d8cd9b11792696","https://github.com/juantoniolloretegea/SV-motor/blob/02d5aee5fafe71105e2a451273adba888e87308a/laboratorio/ensayo-ia-y-observabilidad/modelos-de-ia/acoplamientos-con-el-sv/03-api-directa/openai/gpt-6-astra/anexo-pdf-20261007/instrumento/Cargo.lock"
"SV-motor","ensayo-ia-y-observabilidad","02d5aee5fafe71105e2a451273adba888e87308a","laboratorio/ensayo-ia-y-observabilidad/modelos-de-ia/acoplamientos-con-el-sv/03-api-directa/openai/gpt-6-astra/anexo-pdf-20261007/instrumento/Cargo.toml","281","d0fc6c345891cde642d6772997309430e7dc9853","https://github.com/juantoniolloretegea/SV-motor/blob/02d5aee5fafe71105e2a451273adba888e87308a/laboratorio/ensayo-ia-y-observabilidad/modelos-de-ia/acoplamientos-con-el-sv/03-api-directa/openai/gpt-6-astra/anexo-pdf-20261007/instrumento/Cargo.toml"
"SV-motor","ensayo-ia-y-observabilidad","02d5aee5fafe71105e2a451273adba888e87308a","laboratorio/ensayo-ia-y-observabilidad/modelos-de-ia/acoplamientos-con-el-sv/03-api-directa/openai/gpt-6-astra/anexo-pdf-20261007/instrumento/dependencias/sv-instrumentacion/Cargo.toml","275","2b785415a67293f81c98a97aded9af7b709cce59","https://github.com/juantoniolloretegea/SV-motor/blob/02d5aee5fafe71105e2a451273adba888e87308a/laboratorio/ensayo-ia-y-observabilidad/modelos-de-ia/acoplamientos-con-el-sv/03-api-directa/openai/gpt-6-astra/anexo-pdf-20261007/instrumento/dependencias/sv-instrumentacion/Cargo.toml"
"SV-motor","ensayo-ia-y-observabilidad","02d5aee5fafe71105e2a451273adba888e87308a","laboratorio/ensayo-ia-y-observabilidad/modelos-de-ia/acoplamientos-con-el-sv/03-api-directa/openai/gpt-6-astra/anexo-pdf-20261007/instrumento/dependencias/sv-instrumentacion/src/lib.rs","23100","de0cb85e9ae5ee02a99dada453fd9eae55d1f2c4","https://github.com/juantoniolloretegea/SV-motor/blob/02d5aee5fafe71105e2a451273adba888e87308a/laboratorio/ensayo-ia-y-observabilidad/modelos-de-ia/acoplamientos-con-el-sv/03-api-directa/openai/gpt-6-astra/anexo-pdf-20261007/instrumento/dependencias/sv-instrumentacion/src/lib.rs"
"SV-motor","ensayo-ia-y-observabilidad","02d5aee5fafe71105e2a451273adba888e87308a","laboratorio/ensayo-ia-y-observabilidad/modelos-de-ia/acoplamientos-con-el-sv/03-api-directa/openai/gpt-6-astra/anexo-pdf-20261007/instrumento/src/estricto.rs","2718","fb83b1247487bb7111853163cf7e78b27cfc0b1a","https://github.com/juantoniolloretegea/SV-motor/blob/02d5aee5fafe71105e2a451273adba888e87308a/laboratorio/ensayo-ia-y-observabilidad/modelos-de-ia/acoplamientos-con-el-sv/03-api-directa/openai/gpt-6-astra/anexo-pdf-20261007/instrumento/src/estricto.rs"
"SV-motor","ensayo-ia-y-observabilidad","02d5aee5fafe71105e2a451273adba888e87308a","laboratorio/ensayo-ia-y-observabilidad/modelos-de-ia/acoplamientos-con-el-sv/03-api-directa/openai/gpt-6-astra/anexo-pdf-20261007/instrumento/src/lib.rs","15608","2333137f123302474aa840e8463a0a1c3d7a2257","https://github.com/juantoniolloretegea/SV-motor/blob/02d5aee5fafe71105e2a451273adba888e87308a/laboratorio/ensayo-ia-y-observabilidad/modelos-de-ia/acoplamientos-con-el-sv/03-api-directa/openai/gpt-6-astra/anexo-pdf-20261007/instrumento/src/lib.rs"
"SV-motor","ensayo-ia-y-observabilidad","02d5aee5fafe71105e2a451273adba888e87308a","laboratorio/ensayo-ia-y-observabilidad/modelos-de-ia/acoplamientos-con-el-sv/03-api-directa/openai/gpt-6-astra/anexo-pdf-20261007/instrumento/src/main.rs","17592","86b555eca280569e2242124cb7a9736b96430857","https://github.com/juantoniolloretegea/SV-motor/blob/02d5aee5fafe71105e2a451273adba888e87308a/laboratorio/ensayo-ia-y-observabilidad/modelos-de-ia/acoplamientos-con-el-sv/03-api-directa/openai/gpt-6-astra/anexo-pdf-20261007/instrumento/src/main.rs"
"SV-motor","ensayo-ia-y-observabilidad","02d5aee5fafe71105e2a451273adba888e87308a","laboratorio/ensayo-ia-y-observabilidad/modelos-de-ia/acoplamientos-con-el-sv/03-api-directa/openai/gpt-6-astra/catalogo-a0-20261007/FRAME.html","13268","bcae4b4ab313b06a0135c2293502ffa9d767753e","https://github.com/juantoniolloretegea/SV-motor/blob/02d5aee5fafe71105e2a451273adba888e87308a/laboratorio/ensayo-ia-y-observabilidad/modelos-de-ia/acoplamientos-con-el-sv/03-api-directa/openai/gpt-6-astra/catalogo-a0-20261007/FRAME.html"
"SV-motor","ensayo-ia-y-observabilidad","02d5aee5fafe71105e2a451273adba888e87308a","laboratorio/ensayo-ia-y-observabilidad/modelos-de-ia/acoplamientos-con-el-sv/03-api-directa/openai/gpt-6-astra/catalogo-a0-20261007/POLIGONO-EGUI.html","3663353","807ba86bf6bd4bfb7ffd5096950b639cd726138d","https://github.com/juantoniolloretegea/SV-motor/blob/02d5aee5fafe71105e2a451273adba888e87308a/laboratorio/ensayo-ia-y-observabilidad/modelos-de-ia/acoplamientos-con-el-sv/03-api-directa/openai/gpt-6-astra/catalogo-a0-20261007/POLIGONO-EGUI.html"
"SV-motor","ensayo-ia-y-observabilidad","02d5aee5fafe71105e2a451273adba888e87308a","laboratorio/ensayo-ia-y-observabilidad/modelos-de-ia/acoplamientos-con-el-sv/03-api-directa/openai/gpt-6-astra/catalogo-a0-20261007/realizacion-rust-preservada/Cargo.lock","56368","b747e384c030895d57186b07974fa51ca779e286","https://github.com/juantoniolloretegea/SV-motor/blob/02d5aee5fafe71105e2a451273adba888e87308a/laboratorio/ensayo-ia-y-observabilidad/modelos-de-ia/acoplamientos-con-el-sv/03-api-directa/openai/gpt-6-astra/catalogo-a0-20261007/realizacion-rust-preservada/Cargo.lock"
"SV-motor","ensayo-ia-y-observabilidad","02d5aee5fafe71105e2a451273adba888e87308a","laboratorio/ensayo-ia-y-observabilidad/modelos-de-ia/acoplamientos-con-el-sv/03-api-directa/openai/gpt-6-astra/catalogo-a0-20261007/realizacion-rust-preservada/Cargo.toml","696","c39c48bb80c0ca2f6bf22942dcb1d6047ed8b433","https://github.com/juantoniolloretegea/SV-motor/blob/02d5aee5fafe71105e2a451273adba888e87308a/laboratorio/ensayo-ia-y-observabilidad/modelos-de-ia/acoplamientos-con-el-sv/03-api-directa/openai/gpt-6-astra/catalogo-a0-20261007/realizacion-rust-preservada/Cargo.toml"
"SV-motor","ensayo-ia-y-observabilidad","02d5aee5fafe71105e2a451273adba888e87308a","laboratorio/ensayo-ia-y-observabilidad/modelos-de-ia/acoplamientos-con-el-sv/03-api-directa/openai/gpt-6-astra/catalogo-a0-20261007/realizacion-rust-preservada/instrumentacion.rs","23100","de0cb85e9ae5ee02a99dada453fd9eae55d1f2c4","https://github.com/juantoniolloretegea/SV-motor/blob/02d5aee5fafe71105e2a451273adba888e87308a/laboratorio/ensayo-ia-y-observabilidad/modelos-de-ia/acoplamientos-con-el-sv/03-api-directa/openai/gpt-6-astra/catalogo-a0-20261007/realizacion-rust-preservada/instrumentacion.rs"
"SV-motor","ensayo-ia-y-observabilidad","02d5aee5fafe71105e2a451273adba888e87308a","laboratorio/ensayo-ia-y-observabilidad/modelos-de-ia/acoplamientos-con-el-sv/03-api-directa/openai/gpt-6-astra/catalogo-a0-20261007/realizacion-rust-preservada/src/bin/sv-cotejo-astra.rs","7914","7b4ee985a4bb9ace3d093ab7044963a84838b2a8","https://github.com/juantoniolloretegea/SV-motor/blob/02d5aee5fafe71105e2a451273adba888e87308a/laboratorio/ensayo-ia-y-observabilidad/modelos-de-ia/acoplamientos-con-el-sv/03-api-directa/openai/gpt-6-astra/catalogo-a0-20261007/realizacion-rust-preservada/src/bin/sv-cotejo-astra.rs"
"SV-motor","ensayo-ia-y-observabilidad","02d5aee5fafe71105e2a451273adba888e87308a","laboratorio/ensayo-ia-y-observabilidad/modelos-de-ia/acoplamientos-con-el-sv/03-api-directa/openai/gpt-6-astra/catalogo-a0-20261007/realizacion-rust-preservada/src/bin/sv-cotejo-remisiones.rs","3456","0945a61783454b1f1c60e6b0d1a39dc7cca6983c","https://github.com/juantoniolloretegea/SV-motor/blob/02d5aee5fafe71105e2a451273adba888e87308a/laboratorio/ensayo-ia-y-observabilidad/modelos-de-ia/acoplamientos-con-el-sv/03-api-directa/openai/gpt-6-astra/catalogo-a0-20261007/realizacion-rust-preservada/src/bin/sv-cotejo-remisiones.rs"
"SV-motor","ensayo-ia-y-observabilidad","02d5aee5fafe71105e2a451273adba888e87308a","laboratorio/ensayo-ia-y-observabilidad/modelos-de-ia/acoplamientos-con-el-sv/03-api-directa/openai/gpt-6-astra/catalogo-a0-20261007/realizacion-rust-preservada/src/bin/sv-custodia-catalogo.rs","6295","a736676a02c16378a4d0b8f23768811ca5d77d1a","https://github.com/juantoniolloretegea/SV-motor/blob/02d5aee5fafe71105e2a451273adba888e87308a/laboratorio/ensayo-ia-y-observabilidad/modelos-de-ia/acoplamientos-con-el-sv/03-api-directa/openai/gpt-6-astra/catalogo-a0-20261007/realizacion-rust-preservada/src/bin/sv-custodia-catalogo.rs"
"SV-motor","ensayo-ia-y-observabilidad","02d5aee5fafe71105e2a451273adba888e87308a","laboratorio/ensayo-ia-y-observabilidad/modelos-de-ia/acoplamientos-con-el-sv/03-api-directa/openai/gpt-6-astra/catalogo-a0-20261007/realizacion-rust-preservada/src/bin/sv-custodia-tercera.rs","6322","027922c99bcdbf9713ae79f7834f316b3713372e","https://github.com/juantoniolloretegea/SV-motor/blob/02d5aee5fafe71105e2a451273adba888e87308a/laboratorio/ensayo-ia-y-observabilidad/modelos-de-ia/acoplamientos-con-el-sv/03-api-directa/openai/gpt-6-astra/catalogo-a0-20261007/realizacion-rust-preservada/src/bin/sv-custodia-tercera.rs"
"SV-motor","ensayo-ia-y-observabilidad","02d5aee5fafe71105e2a451273adba888e87308a","laboratorio/ensayo-ia-y-observabilidad/modelos-de-ia/acoplamientos-con-el-sv/03-api-directa/openai/gpt-6-astra/catalogo-a0-20261007/realizacion-rust-preservada/src/bin/sv-preparar-astra.rs","11995","a163a27f35b82c38f7a8eb394f97a1171ec218a1","https://github.com/juantoniolloretegea/SV-motor/blob/02d5aee5fafe71105e2a451273adba888e87308a/laboratorio/ensayo-ia-y-observabilidad/modelos-de-ia/acoplamientos-con-el-sv/03-api-directa/openai/gpt-6-astra/catalogo-a0-20261007/realizacion-rust-preservada/src/bin/sv-preparar-astra.rs"
"SV-motor","ensayo-ia-y-observabilidad","02d5aee5fafe71105e2a451273adba888e87308a","laboratorio/ensayo-ia-y-observabilidad/modelos-de-ia/acoplamientos-con-el-sv/03-api-directa/openai/gpt-6-astra/catalogo-a0-20261007/realizacion-rust-preservada/src/bin/sv-recebir-catalogo.rs","354","ef4daf034ddcffbc8133798629fe3c1823a9968c","https://github.com/juantoniolloretegea/SV-motor/blob/02d5aee5fafe71105e2a451273adba888e87308a/laboratorio/ensayo-ia-y-observabilidad/modelos-de-ia/acoplamientos-con-el-sv/03-api-directa/openai/gpt-6-astra/catalogo-a0-20261007/realizacion-rust-preservada/src/bin/sv-recebir-catalogo.rs"
"SV-motor","ensayo-ia-y-observabilidad","02d5aee5fafe71105e2a451273adba888e87308a","laboratorio/ensayo-ia-y-observabilidad/modelos-de-ia/acoplamientos-con-el-sv/03-api-directa/openai/gpt-6-astra/catalogo-a0-20261007/realizacion-rust-preservada/src/bin/sv-recepcion-entrega.rs","10747","bed4dd430bd285af0bad8b71f59fac197aa932e1","https://github.com/juantoniolloretegea/SV-motor/blob/02d5aee5fafe71105e2a451273adba888e87308a/laboratorio/ensayo-ia-y-observabilidad/modelos-de-ia/acoplamientos-con-el-sv/03-api-directa/openai/gpt-6-astra/catalogo-a0-20261007/realizacion-rust-preservada/src/bin/sv-recepcion-entrega.rs"
"SV-motor","ensayo-ia-y-observabilidad","02d5aee5fafe71105e2a451273adba888e87308a","laboratorio/ensayo-ia-y-observabilidad/modelos-de-ia/acoplamientos-con-el-sv/03-api-directa/openai/gpt-6-astra/catalogo-a0-20261007/realizacion-rust-preservada/src/bin/sv-recepcion-instrumentada.rs","7022","50459b85b1b3fca99a07c2c72a3afdcb2c8420d5","https://github.com/juantoniolloretegea/SV-motor/blob/02d5aee5fafe71105e2a451273adba888e87308a/laboratorio/ensayo-ia-y-observabilidad/modelos-de-ia/acoplamientos-con-el-sv/03-api-directa/openai/gpt-6-astra/catalogo-a0-20261007/realizacion-rust-preservada/src/bin/sv-recepcion-instrumentada.rs"
"SV-motor","ensayo-ia-y-observabilidad","02d5aee5fafe71105e2a451273adba888e87308a","laboratorio/ensayo-ia-y-observabilidad/modelos-de-ia/acoplamientos-con-el-sv/03-api-directa/openai/gpt-6-astra/catalogo-a0-20261007/realizacion-rust-preservada/src/catalogo/contrato.rs","2586","5061b0d85e90b9d378350c2f071aa229c066d98c","https://github.com/juantoniolloretegea/SV-motor/blob/02d5aee5fafe71105e2a451273adba888e87308a/laboratorio/ensayo-ia-y-observabilidad/modelos-de-ia/acoplamientos-con-el-sv/03-api-directa/openai/gpt-6-astra/catalogo-a0-20261007/realizacion-rust-preservada/src/catalogo/contrato.rs"
"SV-motor","ensayo-ia-y-observabilidad","02d5aee5fafe71105e2a451273adba888e87308a","laboratorio/ensayo-ia-y-observabilidad/modelos-de-ia/acoplamientos-con-el-sv/03-api-directa/openai/gpt-6-astra/catalogo-a0-20261007/realizacion-rust-preservada/src/catalogo/estricto.rs","2718","fb83b1247487bb7111853163cf7e78b27cfc0b1a","https://github.com/juantoniolloretegea/SV-motor/blob/02d5aee5fafe71105e2a451273adba888e87308a/laboratorio/ensayo-ia-y-observabilidad/modelos-de-ia/acoplamientos-con-el-sv/03-api-directa/openai/gpt-6-astra/catalogo-a0-20261007/realizacion-rust-preservada/src/catalogo/estricto.rs"
"SV-motor","ensayo-ia-y-observabilidad","02d5aee5fafe71105e2a451273adba888e87308a","laboratorio/ensayo-ia-y-observabilidad/modelos-de-ia/acoplamientos-con-el-sv/03-api-directa/openai/gpt-6-astra/catalogo-a0-20261007/realizacion-rust-preservada/src/catalogo/mod.rs","24551","40874b1e3e2c00814eee986b07abc4ea6a0cf40f","https://github.com/juantoniolloretegea/SV-motor/blob/02d5aee5fafe71105e2a451273adba888e87308a/laboratorio/ensayo-ia-y-observabilidad/modelos-de-ia/acoplamientos-con-el-sv/03-api-directa/openai/gpt-6-astra/catalogo-a0-20261007/realizacion-rust-preservada/src/catalogo/mod.rs"
"SV-motor","ensayo-ia-y-observabilidad","02d5aee5fafe71105e2a451273adba888e87308a","laboratorio/ensayo-ia-y-observabilidad/modelos-de-ia/acoplamientos-con-el-sv/03-api-directa/openai/gpt-6-astra/catalogo-a0-20261007/realizacion-rust-preservada/src/catalogo/recepcion.rs","5116","d01e9ca16c90076bf349509170267f3f546054e8","https://github.com/juantoniolloretegea/SV-motor/blob/02d5aee5fafe71105e2a451273adba888e87308a/laboratorio/ensayo-ia-y-observabilidad/modelos-de-ia/acoplamientos-con-el-sv/03-api-directa/openai/gpt-6-astra/catalogo-a0-20261007/realizacion-rust-preservada/src/catalogo/recepcion.rs"
"SV-motor","ensayo-ia-y-observabilidad","02d5aee5fafe71105e2a451273adba888e87308a","laboratorio/ensayo-ia-y-observabilidad/modelos-de-ia/acoplamientos-con-el-sv/03-api-directa/openai/gpt-6-astra/catalogo-a0-20261007/realizacion-rust-preservada/src/entrega.rs","13750","9ee2683dd8faeaead6d1d2d86f8a0e43b4e24edd","https://github.com/juantoniolloretegea/SV-motor/blob/02d5aee5fafe71105e2a451273adba888e87308a/laboratorio/ensayo-ia-y-observabilidad/modelos-de-ia/acoplamientos-con-el-sv/03-api-directa/openai/gpt-6-astra/catalogo-a0-20261007/realizacion-rust-preservada/src/entrega.rs"
"SV-motor","ensayo-ia-y-observabilidad","02d5aee5fafe71105e2a451273adba888e87308a","laboratorio/ensayo-ia-y-observabilidad/modelos-de-ia/acoplamientos-con-el-sv/03-api-directa/openai/gpt-6-astra/catalogo-a0-20261007/realizacion-rust-preservada/src/main.rs","25430","f9f8965b38fb9c2a7e838432dbf5153ff6e2acf2","https://github.com/juantoniolloretegea/SV-motor/blob/02d5aee5fafe71105e2a451273adba888e87308a/laboratorio/ensayo-ia-y-observabilidad/modelos-de-ia/acoplamientos-con-el-sv/03-api-directa/openai/gpt-6-astra/catalogo-a0-20261007/realizacion-rust-preservada/src/main.rs"
"SV-motor","ensayo-ia-y-observabilidad","02d5aee5fafe71105e2a451273adba888e87308a","laboratorio/ensayo-ia-y-observabilidad/modelos-de-ia/acoplamientos-con-el-sv/03-api-directa/openai/gpt-6-astra/catalogo-a0-20261007/realizacion-rust-preservada/src/prueba.rs","21879","3588d2b18e253e994bd5c17492863ed91c9b6f4b","https://github.com/juantoniolloretegea/SV-motor/blob/02d5aee5fafe71105e2a451273adba888e87308a/laboratorio/ensayo-ia-y-observabilidad/modelos-de-ia/acoplamientos-con-el-sv/03-api-directa/openai/gpt-6-astra/catalogo-a0-20261007/realizacion-rust-preservada/src/prueba.rs"
"SV-motor","ensayo-ia-y-observabilidad","02d5aee5fafe71105e2a451273adba888e87308a","laboratorio/ensayo-ia-y-observabilidad/modelos-de-ia/acoplamientos-con-el-sv/03-api-directa/openai/gpt-6-astra/catalogo-a0-20261007/realizacion-rust-preservada/src/respuesta.rs","4198","7708d268bd750189b802f174b86a312562669ab3","https://github.com/juantoniolloretegea/SV-motor/blob/02d5aee5fafe71105e2a451273adba888e87308a/laboratorio/ensayo-ia-y-observabilidad/modelos-de-ia/acoplamientos-con-el-sv/03-api-directa/openai/gpt-6-astra/catalogo-a0-20261007/realizacion-rust-preservada/src/respuesta.rs"
"SV-motor","ensayo-ia-y-observabilidad","02d5aee5fafe71105e2a451273adba888e87308a","laboratorio/ensayo-ia-y-observabilidad/modelos-de-ia/acoplamientos-con-el-sv/03-api-directa/openai/gpt-6-astra/catalogo-a0-20261007/visor-egui/Cargo.lock","70628","12e872f1c3b0f5f236c2312b72d311d4e7d402dc","https://github.com/juantoniolloretegea/SV-motor/blob/02d5aee5fafe71105e2a451273adba888e87308a/laboratorio/ensayo-ia-y-observabilidad/modelos-de-ia/acoplamientos-con-el-sv/03-api-directa/openai/gpt-6-astra/catalogo-a0-20261007/visor-egui/Cargo.lock"
"SV-motor","ensayo-ia-y-observabilidad","02d5aee5fafe71105e2a451273adba888e87308a","laboratorio/ensayo-ia-y-observabilidad/modelos-de-ia/acoplamientos-con-el-sv/03-api-directa/openai/gpt-6-astra/catalogo-a0-20261007/visor-egui/Cargo.toml","717","8bcbec70ec5d386fefc41d630e158889a3cc1f8c","https://github.com/juantoniolloretegea/SV-motor/blob/02d5aee5fafe71105e2a451273adba888e87308a/laboratorio/ensayo-ia-y-observabilidad/modelos-de-ia/acoplamientos-con-el-sv/03-api-directa/openai/gpt-6-astra/catalogo-a0-20261007/visor-egui/Cargo.toml"
"SV-motor","ensayo-ia-y-observabilidad","02d5aee5fafe71105e2a451273adba888e87308a","laboratorio/ensayo-ia-y-observabilidad/modelos-de-ia/acoplamientos-con-el-sv/03-api-directa/openai/gpt-6-astra/catalogo-a0-20261007/visor-egui/src/bin/empaquetar.rs","3375","e2740c9fa38ce82736f58bf2d4a2e1d6cb2edb56","https://github.com/juantoniolloretegea/SV-motor/blob/02d5aee5fafe71105e2a451273adba888e87308a/laboratorio/ensayo-ia-y-observabilidad/modelos-de-ia/acoplamientos-con-el-sv/03-api-directa/openai/gpt-6-astra/catalogo-a0-20261007/visor-egui/src/bin/empaquetar.rs"
"SV-motor","ensayo-ia-y-observabilidad","02d5aee5fafe71105e2a451273adba888e87308a","laboratorio/ensayo-ia-y-observabilidad/modelos-de-ia/acoplamientos-con-el-sv/03-api-directa/openai/gpt-6-astra/catalogo-a0-20261007/visor-egui/src/bin/vista_local.rs","2275","2065c1e1ca603c210d4b4b8b4c5543ef09f68762","https://github.com/juantoniolloretegea/SV-motor/blob/02d5aee5fafe71105e2a451273adba888e87308a/laboratorio/ensayo-ia-y-observabilidad/modelos-de-ia/acoplamientos-con-el-sv/03-api-directa/openai/gpt-6-astra/catalogo-a0-20261007/visor-egui/src/bin/vista_local.rs"
"SV-motor","ensayo-ia-y-observabilidad","02d5aee5fafe71105e2a451273adba888e87308a","laboratorio/ensayo-ia-y-observabilidad/modelos-de-ia/acoplamientos-con-el-sv/03-api-directa/openai/gpt-6-astra/catalogo-a0-20261007/visor-egui/src/lib.rs","15114","89ddba0b26ec2139348c258c3c8b50949cf302f2","https://github.com/juantoniolloretegea/SV-motor/blob/02d5aee5fafe71105e2a451273adba888e87308a/laboratorio/ensayo-ia-y-observabilidad/modelos-de-ia/acoplamientos-con-el-sv/03-api-directa/openai/gpt-6-astra/catalogo-a0-20261007/visor-egui/src/lib.rs"
"SV-motor","ensayo-ia-y-observabilidad","02d5aee5fafe71105e2a451273adba888e87308a","laboratorio/ensayo-ia-y-observabilidad/modelos-de-ia/acoplamientos-con-el-sv/03-api-directa/openai/gpt-6-astra/catalogo-a0-20261007/visor-egui/src/main.rs","434","4f3e5a65b081d74e3ec9054e373e9a0df836c26e","https://github.com/juantoniolloretegea/SV-motor/blob/02d5aee5fafe71105e2a451273adba888e87308a/laboratorio/ensayo-ia-y-observabilidad/modelos-de-ia/acoplamientos-con-el-sv/03-api-directa/openai/gpt-6-astra/catalogo-a0-20261007/visor-egui/src/main.rs"
"SV-motor","ensayo-ia-y-observabilidad","02d5aee5fafe71105e2a451273adba888e87308a","laboratorio/ensayo-ia-y-observabilidad/modelos-de-ia/acoplamientos-con-el-sv/03-api-directa/openai/gpt-6-astra/examen25-20261007/calculo-preservado-v1/evaluar.rs","7298","608e4084f6c62732786ee707ce0ad91aa25fd099","https://github.com/juantoniolloretegea/SV-motor/blob/02d5aee5fafe71105e2a451273adba888e87308a/laboratorio/ensayo-ia-y-observabilidad/modelos-de-ia/acoplamientos-con-el-sv/03-api-directa/openai/gpt-6-astra/examen25-20261007/calculo-preservado-v1/evaluar.rs"
"SV-motor","ensayo-ia-y-observabilidad","02d5aee5fafe71105e2a451273adba888e87308a","laboratorio/ensayo-ia-y-observabilidad/modelos-de-ia/acoplamientos-con-el-sv/03-api-directa/openai/gpt-6-astra/examen25-20261007/continuacion-r2/calculo-preservado-v1/evaluar.rs","7298","608e4084f6c62732786ee707ce0ad91aa25fd099","https://github.com/juantoniolloretegea/SV-motor/blob/02d5aee5fafe71105e2a451273adba888e87308a/laboratorio/ensayo-ia-y-observabilidad/modelos-de-ia/acoplamientos-con-el-sv/03-api-directa/openai/gpt-6-astra/examen25-20261007/continuacion-r2/calculo-preservado-v1/evaluar.rs"
"SV-motor","ensayo-ia-y-observabilidad","02d5aee5fafe71105e2a451273adba888e87308a","laboratorio/ensayo-ia-y-observabilidad/modelos-de-ia/acoplamientos-con-el-sv/03-api-directa/openai/gpt-6-astra/examen25-20261007/continuacion-r2/controlador-rust/contrato.rs","8067","1001e0d68caff39ca613738f6806a07a072a95b1","https://github.com/juantoniolloretegea/SV-motor/blob/02d5aee5fafe71105e2a451273adba888e87308a/laboratorio/ensayo-ia-y-observabilidad/modelos-de-ia/acoplamientos-con-el-sv/03-api-directa/openai/gpt-6-astra/examen25-20261007/continuacion-r2/controlador-rust/contrato.rs"
"SV-motor","ensayo-ia-y-observabilidad","02d5aee5fafe71105e2a451273adba888e87308a","laboratorio/ensayo-ia-y-observabilidad/modelos-de-ia/acoplamientos-con-el-sv/03-api-directa/openai/gpt-6-astra/examen25-20261007/continuacion-r2/controlador-rust/localizadores.rs","4020","72d8bed78d8f4eaf43bcd4cbee19226c3ede8a47","https://github.com/juantoniolloretegea/SV-motor/blob/02d5aee5fafe71105e2a451273adba888e87308a/laboratorio/ensayo-ia-y-observabilidad/modelos-de-ia/acoplamientos-con-el-sv/03-api-directa/openai/gpt-6-astra/examen25-20261007/continuacion-r2/controlador-rust/localizadores.rs"
"SV-motor","ensayo-ia-y-observabilidad","02d5aee5fafe71105e2a451273adba888e87308a","laboratorio/ensayo-ia-y-observabilidad/modelos-de-ia/acoplamientos-con-el-sv/03-api-directa/openai/gpt-6-astra/examen25-20261007/continuacion-r2/controlador-rust/main.rs","25958","5a050da148adf9447d51cbfe96cc8eadf2f8945d","https://github.com/juantoniolloretegea/SV-motor/blob/02d5aee5fafe71105e2a451273adba888e87308a/laboratorio/ensayo-ia-y-observabilidad/modelos-de-ia/acoplamientos-con-el-sv/03-api-directa/openai/gpt-6-astra/examen25-20261007/continuacion-r2/controlador-rust/main.rs"
"SV-motor","ensayo-ia-y-observabilidad","02d5aee5fafe71105e2a451273adba888e87308a","laboratorio/ensayo-ia-y-observabilidad/modelos-de-ia/acoplamientos-con-el-sv/03-api-directa/openai/gpt-6-astra/examen25-20261007/continuacion-r2/controlador-rust/pdf.rs","21476","4f04393d2f874ceffc9f1d186e4dd29baed2c422","https://github.com/juantoniolloretegea/SV-motor/blob/02d5aee5fafe71105e2a451273adba888e87308a/laboratorio/ensayo-ia-y-observabilidad/modelos-de-ia/acoplamientos-con-el-sv/03-api-directa/openai/gpt-6-astra/examen25-20261007/continuacion-r2/controlador-rust/pdf.rs"
"SV-motor","ensayo-ia-y-observabilidad","02d5aee5fafe71105e2a451273adba888e87308a","laboratorio/ensayo-ia-y-observabilidad/modelos-de-ia/acoplamientos-con-el-sv/03-api-directa/openai/gpt-6-astra/examen25-20261007/continuacion-r2/controlador-rust/prueba.rs","647","6f97e1a80e1c9cbeda59364945deab84e107e9dd","https://github.com/juantoniolloretegea/SV-motor/blob/02d5aee5fafe71105e2a451273adba888e87308a/laboratorio/ensayo-ia-y-observabilidad/modelos-de-ia/acoplamientos-con-el-sv/03-api-directa/openai/gpt-6-astra/examen25-20261007/continuacion-r2/controlador-rust/prueba.rs"
"SV-motor","ensayo-ia-y-observabilidad","02d5aee5fafe71105e2a451273adba888e87308a","laboratorio/ensayo-ia-y-observabilidad/modelos-de-ia/acoplamientos-con-el-sv/03-api-directa/openai/gpt-6-astra/examen25-20261007/continuacion-r2/controlador-rust/suministro.rs","16651","089218e58f98b52a0d512b4cd9355d5decfaaaef","https://github.com/juantoniolloretegea/SV-motor/blob/02d5aee5fafe71105e2a451273adba888e87308a/laboratorio/ensayo-ia-y-observabilidad/modelos-de-ia/acoplamientos-con-el-sv/03-api-directa/openai/gpt-6-astra/examen25-20261007/continuacion-r2/controlador-rust/suministro.rs"
"SV-motor","ensayo-ia-y-observabilidad","02d5aee5fafe71105e2a451273adba888e87308a","laboratorio/ensayo-ia-y-observabilidad/modelos-de-ia/acoplamientos-con-el-sv/03-api-directa/openai/gpt-6-astra/examen25-20261007/continuacion-r3/controlador-rust/contrato.rs","8067","1001e0d68caff39ca613738f6806a07a072a95b1","https://github.com/juantoniolloretegea/SV-motor/blob/02d5aee5fafe71105e2a451273adba888e87308a/laboratorio/ensayo-ia-y-observabilidad/modelos-de-ia/acoplamientos-con-el-sv/03-api-directa/openai/gpt-6-astra/examen25-20261007/continuacion-r3/controlador-rust/contrato.rs"
"SV-motor","ensayo-ia-y-observabilidad","02d5aee5fafe71105e2a451273adba888e87308a","laboratorio/ensayo-ia-y-observabilidad/modelos-de-ia/acoplamientos-con-el-sv/03-api-directa/openai/gpt-6-astra/examen25-20261007/continuacion-r3/controlador-rust/localizadores.rs","4020","72d8bed78d8f4eaf43bcd4cbee19226c3ede8a47","https://github.com/juantoniolloretegea/SV-motor/blob/02d5aee5fafe71105e2a451273adba888e87308a/laboratorio/ensayo-ia-y-observabilidad/modelos-de-ia/acoplamientos-con-el-sv/03-api-directa/openai/gpt-6-astra/examen25-20261007/continuacion-r3/controlador-rust/localizadores.rs"
"SV-motor","ensayo-ia-y-observabilidad","02d5aee5fafe71105e2a451273adba888e87308a","laboratorio/ensayo-ia-y-observabilidad/modelos-de-ia/acoplamientos-con-el-sv/03-api-directa/openai/gpt-6-astra/examen25-20261007/continuacion-r3/controlador-rust/main.rs","25972","9ffb2d82fc2c451417eaa3d44847027e2cfbf8db","https://github.com/juantoniolloretegea/SV-motor/blob/02d5aee5fafe71105e2a451273adba888e87308a/laboratorio/ensayo-ia-y-observabilidad/modelos-de-ia/acoplamientos-con-el-sv/03-api-directa/openai/gpt-6-astra/examen25-20261007/continuacion-r3/controlador-rust/main.rs"
"SV-motor","ensayo-ia-y-observabilidad","02d5aee5fafe71105e2a451273adba888e87308a","laboratorio/ensayo-ia-y-observabilidad/modelos-de-ia/acoplamientos-con-el-sv/03-api-directa/openai/gpt-6-astra/examen25-20261007/continuacion-r3/controlador-rust/pdf.rs","23704","46c237abebb3f99113d49438faeb1c85fef4aaab","https://github.com/juantoniolloretegea/SV-motor/blob/02d5aee5fafe71105e2a451273adba888e87308a/laboratorio/ensayo-ia-y-observabilidad/modelos-de-ia/acoplamientos-con-el-sv/03-api-directa/openai/gpt-6-astra/examen25-20261007/continuacion-r3/controlador-rust/pdf.rs"
"SV-motor","ensayo-ia-y-observabilidad","02d5aee5fafe71105e2a451273adba888e87308a","laboratorio/ensayo-ia-y-observabilidad/modelos-de-ia/acoplamientos-con-el-sv/03-api-directa/openai/gpt-6-astra/examen25-20261007/continuacion-r3/controlador-rust/prueba.rs","647","6f97e1a80e1c9cbeda59364945deab84e107e9dd","https://github.com/juantoniolloretegea/SV-motor/blob/02d5aee5fafe71105e2a451273adba888e87308a/laboratorio/ensayo-ia-y-observabilidad/modelos-de-ia/acoplamientos-con-el-sv/03-api-directa/openai/gpt-6-astra/examen25-20261007/continuacion-r3/controlador-rust/prueba.rs"
"SV-motor","ensayo-ia-y-observabilidad","02d5aee5fafe71105e2a451273adba888e87308a","laboratorio/ensayo-ia-y-observabilidad/modelos-de-ia/acoplamientos-con-el-sv/03-api-directa/openai/gpt-6-astra/examen25-20261007/continuacion-r3/controlador-rust/servicio.rs","1888","7906548b719bffdd81bdde7ac4901d9bc24cf0b1","https://github.com/juantoniolloretegea/SV-motor/blob/02d5aee5fafe71105e2a451273adba888e87308a/laboratorio/ensayo-ia-y-observabilidad/modelos-de-ia/acoplamientos-con-el-sv/03-api-directa/openai/gpt-6-astra/examen25-20261007/continuacion-r3/controlador-rust/servicio.rs"
"SV-motor","ensayo-ia-y-observabilidad","02d5aee5fafe71105e2a451273adba888e87308a","laboratorio/ensayo-ia-y-observabilidad/modelos-de-ia/acoplamientos-con-el-sv/03-api-directa/openai/gpt-6-astra/examen25-20261007/continuacion-r3/controlador-rust/suministro.rs","16651","089218e58f98b52a0d512b4cd9355d5decfaaaef","https://github.com/juantoniolloretegea/SV-motor/blob/02d5aee5fafe71105e2a451273adba888e87308a/laboratorio/ensayo-ia-y-observabilidad/modelos-de-ia/acoplamientos-con-el-sv/03-api-directa/openai/gpt-6-astra/examen25-20261007/continuacion-r3/controlador-rust/suministro.rs"
"SV-motor","ensayo-ia-y-observabilidad","02d5aee5fafe71105e2a451273adba888e87308a","laboratorio/ensayo-ia-y-observabilidad/modelos-de-ia/acoplamientos-con-el-sv/03-api-directa/openai/gpt-6-astra/examen25-20261007/controlador/contrato.rs","8067","1001e0d68caff39ca613738f6806a07a072a95b1","https://github.com/juantoniolloretegea/SV-motor/blob/02d5aee5fafe71105e2a451273adba888e87308a/laboratorio/ensayo-ia-y-observabilidad/modelos-de-ia/acoplamientos-con-el-sv/03-api-directa/openai/gpt-6-astra/examen25-20261007/controlador/contrato.rs"
"SV-motor","ensayo-ia-y-observabilidad","02d5aee5fafe71105e2a451273adba888e87308a","laboratorio/ensayo-ia-y-observabilidad/modelos-de-ia/acoplamientos-con-el-sv/03-api-directa/openai/gpt-6-astra/examen25-20261007/controlador/localizadores.rs","4020","72d8bed78d8f4eaf43bcd4cbee19226c3ede8a47","https://github.com/juantoniolloretegea/SV-motor/blob/02d5aee5fafe71105e2a451273adba888e87308a/laboratorio/ensayo-ia-y-observabilidad/modelos-de-ia/acoplamientos-con-el-sv/03-api-directa/openai/gpt-6-astra/examen25-20261007/controlador/localizadores.rs"
"SV-motor","ensayo-ia-y-observabilidad","02d5aee5fafe71105e2a451273adba888e87308a","laboratorio/ensayo-ia-y-observabilidad/modelos-de-ia/acoplamientos-con-el-sv/03-api-directa/openai/gpt-6-astra/examen25-20261007/controlador/main.rs","25958","5a050da148adf9447d51cbfe96cc8eadf2f8945d","https://github.com/juantoniolloretegea/SV-motor/blob/02d5aee5fafe71105e2a451273adba888e87308a/laboratorio/ensayo-ia-y-observabilidad/modelos-de-ia/acoplamientos-con-el-sv/03-api-directa/openai/gpt-6-astra/examen25-20261007/controlador/main.rs"
"SV-motor","ensayo-ia-y-observabilidad","02d5aee5fafe71105e2a451273adba888e87308a","laboratorio/ensayo-ia-y-observabilidad/modelos-de-ia/acoplamientos-con-el-sv/03-api-directa/openai/gpt-6-astra/examen25-20261007/controlador/pdf.rs","19034","48dab0278850da73e9f6a75d5550707ac290aa0d","https://github.com/juantoniolloretegea/SV-motor/blob/02d5aee5fafe71105e2a451273adba888e87308a/laboratorio/ensayo-ia-y-observabilidad/modelos-de-ia/acoplamientos-con-el-sv/03-api-directa/openai/gpt-6-astra/examen25-20261007/controlador/pdf.rs"
"SV-motor","ensayo-ia-y-observabilidad","02d5aee5fafe71105e2a451273adba888e87308a","laboratorio/ensayo-ia-y-observabilidad/modelos-de-ia/acoplamientos-con-el-sv/03-api-directa/openai/gpt-6-astra/examen25-20261007/controlador/prueba.rs","647","6f97e1a80e1c9cbeda59364945deab84e107e9dd","https://github.com/juantoniolloretegea/SV-motor/blob/02d5aee5fafe71105e2a451273adba888e87308a/laboratorio/ensayo-ia-y-observabilidad/modelos-de-ia/acoplamientos-con-el-sv/03-api-directa/openai/gpt-6-astra/examen25-20261007/controlador/prueba.rs"
"SV-motor","ensayo-ia-y-observabilidad","02d5aee5fafe71105e2a451273adba888e87308a","laboratorio/ensayo-ia-y-observabilidad/modelos-de-ia/acoplamientos-con-el-sv/03-api-directa/openai/gpt-6-astra/examen25-20261007/controlador/suministro.rs","16651","089218e58f98b52a0d512b4cd9355d5decfaaaef","https://github.com/juantoniolloretegea/SV-motor/blob/02d5aee5fafe71105e2a451273adba888e87308a/laboratorio/ensayo-ia-y-observabilidad/modelos-de-ia/acoplamientos-con-el-sv/03-api-directa/openai/gpt-6-astra/examen25-20261007/controlador/suministro.rs"
"SV-motor","ensayo-ia-y-observabilidad","02d5aee5fafe71105e2a451273adba888e87308a","laboratorio/ensayo-ia-y-observabilidad/modelos-de-ia/acoplamientos-con-el-sv/03-api-directa/openai/gpt-6-astra/examen25-20261007/resultado/realizacion/sv-adjudicar-examen25-conjunto.rs","9717","c1c70419fcb2991e48711c6e9fa41efc85b6da12","https://github.com/juantoniolloretegea/SV-motor/blob/02d5aee5fafe71105e2a451273adba888e87308a/laboratorio/ensayo-ia-y-observabilidad/modelos-de-ia/acoplamientos-con-el-sv/03-api-directa/openai/gpt-6-astra/examen25-20261007/resultado/realizacion/sv-adjudicar-examen25-conjunto.rs"
"SV-motor","ensayo-ia-y-observabilidad","02d5aee5fafe71105e2a451273adba888e87308a","laboratorio/ensayo-ia-y-observabilidad/modelos-de-ia/acoplamientos-con-el-sv/03-api-directa/openai/gpt-6-astra/examen25-20261007/resultado/realizacion/sv-metricas-examen25-conjunto.rs","6583","4bff5eb8ed9c203d0cc6757cb19e60fdf2d14587","https://github.com/juantoniolloretegea/SV-motor/blob/02d5aee5fafe71105e2a451273adba888e87308a/laboratorio/ensayo-ia-y-observabilidad/modelos-de-ia/acoplamientos-con-el-sv/03-api-directa/openai/gpt-6-astra/examen25-20261007/resultado/realizacion/sv-metricas-examen25-conjunto.rs"
"SV-motor","ensayo-ia-y-observabilidad","02d5aee5fafe71105e2a451273adba888e87308a","laboratorio/ensayo-ia-y-observabilidad/modelos-de-ia/acoplamientos-con-el-sv/03-api-directa/openai/gpt-6-astra/examen25-20261007/resultado/realizacion/sv-recibir-examen25-conjunto/main.rs","5930","3bba72ab86d33b3b404f6cad851fcf9cb6bb3fd2","https://github.com/juantoniolloretegea/SV-motor/blob/02d5aee5fafe71105e2a451273adba888e87308a/laboratorio/ensayo-ia-y-observabilidad/modelos-de-ia/acoplamientos-con-el-sv/03-api-directa/openai/gpt-6-astra/examen25-20261007/resultado/realizacion/sv-recibir-examen25-conjunto/main.rs"
"SV-motor","ensayo-ia-y-observabilidad","02d5aee5fafe71105e2a451273adba888e87308a","laboratorio/ensayo-ia-y-observabilidad/modelos-de-ia/acoplamientos-con-el-sv/03-api-directa/openai/gpt-6-astra/examen25-20261007/resultado/realizacion/sv-resumen-examen25.rs","2503","1238e08490fc25cf974817f7c3a3f7e19f400edd","https://github.com/juantoniolloretegea/SV-motor/blob/02d5aee5fafe71105e2a451273adba888e87308a/laboratorio/ensayo-ia-y-observabilidad/modelos-de-ia/acoplamientos-con-el-sv/03-api-directa/openai/gpt-6-astra/examen25-20261007/resultado/realizacion/sv-resumen-examen25.rs"
"SV-motor","ensayo-ia-y-observabilidad","02d5aee5fafe71105e2a451273adba888e87308a","laboratorio/ensayo-ia-y-observabilidad/modelos-de-ia/acoplamientos-con-el-sv/03-api-directa/openai/gpt-6-astra/examen25-20261007/resultado/realizacion/sv-servicio-examen25.rs","5324","c6ebbb4b12c1772f87f1f069ae3335efc8ba2447","https://github.com/juantoniolloretegea/SV-motor/blob/02d5aee5fafe71105e2a451273adba888e87308a/laboratorio/ensayo-ia-y-observabilidad/modelos-de-ia/acoplamientos-con-el-sv/03-api-directa/openai/gpt-6-astra/examen25-20261007/resultado/realizacion/sv-servicio-examen25.rs"
"SV-motor","ensayo-ia-y-observabilidad","02d5aee5fafe71105e2a451273adba888e87308a","laboratorio/ensayo-ia-y-observabilidad/modelos-de-ia/acoplamientos-con-el-sv/03-api-directa/openai/gpt-6-astra/examen25-20261007/resultado/visor/Cargo.lock","70623","2974f6beb0ebb1b78a43f4139d5c761dc163f054","https://github.com/juantoniolloretegea/SV-motor/blob/02d5aee5fafe71105e2a451273adba888e87308a/laboratorio/ensayo-ia-y-observabilidad/modelos-de-ia/acoplamientos-con-el-sv/03-api-directa/openai/gpt-6-astra/examen25-20261007/resultado/visor/Cargo.lock"
"SV-motor","ensayo-ia-y-observabilidad","02d5aee5fafe71105e2a451273adba888e87308a","laboratorio/ensayo-ia-y-observabilidad/modelos-de-ia/acoplamientos-con-el-sv/03-api-directa/openai/gpt-6-astra/examen25-20261007/resultado/visor/Cargo.toml","712","77e72f90b46fe70b6e9ad8c1b96b853eea513235","https://github.com/juantoniolloretegea/SV-motor/blob/02d5aee5fafe71105e2a451273adba888e87308a/laboratorio/ensayo-ia-y-observabilidad/modelos-de-ia/acoplamientos-con-el-sv/03-api-directa/openai/gpt-6-astra/examen25-20261007/resultado/visor/Cargo.toml"
"SV-motor","ensayo-ia-y-observabilidad","02d5aee5fafe71105e2a451273adba888e87308a","laboratorio/ensayo-ia-y-observabilidad/modelos-de-ia/acoplamientos-con-el-sv/03-api-directa/openai/gpt-6-astra/examen25-20261007/resultado/visor/src/bin/derivar.rs","647","27ab2e57e69f7986b394efa749a3195058b2800c","https://github.com/juantoniolloretegea/SV-motor/blob/02d5aee5fafe71105e2a451273adba888e87308a/laboratorio/ensayo-ia-y-observabilidad/modelos-de-ia/acoplamientos-con-el-sv/03-api-directa/openai/gpt-6-astra/examen25-20261007/resultado/visor/src/bin/derivar.rs"
"SV-motor","ensayo-ia-y-observabilidad","02d5aee5fafe71105e2a451273adba888e87308a","laboratorio/ensayo-ia-y-observabilidad/modelos-de-ia/acoplamientos-con-el-sv/03-api-directa/openai/gpt-6-astra/examen25-20261007/resultado/visor/src/bin/empaquetar.rs","3502","111f176ced3eb62b0e49b953e8022379588da78c","https://github.com/juantoniolloretegea/SV-motor/blob/02d5aee5fafe71105e2a451273adba888e87308a/laboratorio/ensayo-ia-y-observabilidad/modelos-de-ia/acoplamientos-con-el-sv/03-api-directa/openai/gpt-6-astra/examen25-20261007/resultado/visor/src/bin/empaquetar.rs"
"SV-motor","ensayo-ia-y-observabilidad","02d5aee5fafe71105e2a451273adba888e87308a","laboratorio/ensayo-ia-y-observabilidad/modelos-de-ia/acoplamientos-con-el-sv/03-api-directa/openai/gpt-6-astra/examen25-20261007/resultado/visor/src/bin/vista_local.rs","2275","2065c1e1ca603c210d4b4b8b4c5543ef09f68762","https://github.com/juantoniolloretegea/SV-motor/blob/02d5aee5fafe71105e2a451273adba888e87308a/laboratorio/ensayo-ia-y-observabilidad/modelos-de-ia/acoplamientos-con-el-sv/03-api-directa/openai/gpt-6-astra/examen25-20261007/resultado/visor/src/bin/vista_local.rs"
"SV-motor","ensayo-ia-y-observabilidad","02d5aee5fafe71105e2a451273adba888e87308a","laboratorio/ensayo-ia-y-observabilidad/modelos-de-ia/acoplamientos-con-el-sv/03-api-directa/openai/gpt-6-astra/examen25-20261007/resultado/visor/src/contrato.rs","13730","a82a96fc2d6f9871ad468fffe70d679eb3325dbc","https://github.com/juantoniolloretegea/SV-motor/blob/02d5aee5fafe71105e2a451273adba888e87308a/laboratorio/ensayo-ia-y-observabilidad/modelos-de-ia/acoplamientos-con-el-sv/03-api-directa/openai/gpt-6-astra/examen25-20261007/resultado/visor/src/contrato.rs"
"SV-motor","ensayo-ia-y-observabilidad","02d5aee5fafe71105e2a451273adba888e87308a","laboratorio/ensayo-ia-y-observabilidad/modelos-de-ia/acoplamientos-con-el-sv/03-api-directa/openai/gpt-6-astra/examen25-20261007/resultado/visor/src/lib.rs","29030","06cab5df767e37c09ef46dff65890c6dfb5ea7ad","https://github.com/juantoniolloretegea/SV-motor/blob/02d5aee5fafe71105e2a451273adba888e87308a/laboratorio/ensayo-ia-y-observabilidad/modelos-de-ia/acoplamientos-con-el-sv/03-api-directa/openai/gpt-6-astra/examen25-20261007/resultado/visor/src/lib.rs"
"SV-motor","ensayo-ia-y-observabilidad","02d5aee5fafe71105e2a451273adba888e87308a","laboratorio/ensayo-ia-y-observabilidad/modelos-de-ia/acoplamientos-con-el-sv/03-api-directa/openai/gpt-6-astra/examen25-20261007/resultado/visor/src/main.rs","439","babcb20eb778f42c841d447064295484f9559f28","https://github.com/juantoniolloretegea/SV-motor/blob/02d5aee5fafe71105e2a451273adba888e87308a/laboratorio/ensayo-ia-y-observabilidad/modelos-de-ia/acoplamientos-con-el-sv/03-api-directa/openai/gpt-6-astra/examen25-20261007/resultado/visor/src/main.rs"
"SV-motor","ensayo-ia-y-observabilidad","02d5aee5fafe71105e2a451273adba888e87308a","laboratorio/ensayo-ia-y-observabilidad/modelos-de-ia/acoplamientos-con-el-sv/03-api-directa/openai/gpt-6-astra/examen25-20261007/resultado/web/POLIGONO-EGUI.html","4231728","a246c65eeba5aeabdef7f9e673885e2c77d1992a","https://github.com/juantoniolloretegea/SV-motor/blob/02d5aee5fafe71105e2a451273adba888e87308a/laboratorio/ensayo-ia-y-observabilidad/modelos-de-ia/acoplamientos-con-el-sv/03-api-directa/openai/gpt-6-astra/examen25-20261007/resultado/web/POLIGONO-EGUI.html"
"SV-motor","ensayo-ia-y-observabilidad","02d5aee5fafe71105e2a451273adba888e87308a","laboratorio/ensayo-ia-y-observabilidad/modelos-de-ia/acoplamientos-con-el-sv/03-api-directa/openai/gpt-6-astra/prueba-conexion-20261006/cliente-ejecutado/main.rs","24793","052b2003a2ba8cb420fef33e03ed687ff8544690","https://github.com/juantoniolloretegea/SV-motor/blob/02d5aee5fafe71105e2a451273adba888e87308a/laboratorio/ensayo-ia-y-observabilidad/modelos-de-ia/acoplamientos-con-el-sv/03-api-directa/openai/gpt-6-astra/prueba-conexion-20261006/cliente-ejecutado/main.rs"
"SV-motor","ensayo-ia-y-observabilidad","02d5aee5fafe71105e2a451273adba888e87308a","laboratorio/ensayo-ia-y-observabilidad/modelos-de-ia/acoplamientos-con-el-sv/03-api-directa/openai/gpt-6-astra/prueba-conexion-20261006/cliente-ejecutado/prueba.rs","11659","bb499e2edb2f6f164912d2d7c1646ccad955e363","https://github.com/juantoniolloretegea/SV-motor/blob/02d5aee5fafe71105e2a451273adba888e87308a/laboratorio/ensayo-ia-y-observabilidad/modelos-de-ia/acoplamientos-con-el-sv/03-api-directa/openai/gpt-6-astra/prueba-conexion-20261006/cliente-ejecutado/prueba.rs"
"SV-motor","ensayo-ia-y-observabilidad","02d5aee5fafe71105e2a451273adba888e87308a","laboratorio/ensayo-ia-y-observabilidad/modelos-de-ia/acoplamientos-con-el-sv/03-api-directa/openai/gpt-6-astra/prueba-conexion-20261006/con-creditos/cliente-ejecutado/main.rs","24855","488f607f39d06a931a3754bbe7ddaef08b5ccd7a","https://github.com/juantoniolloretegea/SV-motor/blob/02d5aee5fafe71105e2a451273adba888e87308a/laboratorio/ensayo-ia-y-observabilidad/modelos-de-ia/acoplamientos-con-el-sv/03-api-directa/openai/gpt-6-astra/prueba-conexion-20261006/con-creditos/cliente-ejecutado/main.rs"
"SV-motor","ensayo-ia-y-observabilidad","02d5aee5fafe71105e2a451273adba888e87308a","laboratorio/ensayo-ia-y-observabilidad/modelos-de-ia/acoplamientos-con-el-sv/03-api-directa/openai/gpt-6-astra/prueba-conexion-20261006/con-creditos/cliente-ejecutado/prueba.rs","12309","c8be36fbe0bdd55e4a27fb38dd0f1960c8eaa86f","https://github.com/juantoniolloretegea/SV-motor/blob/02d5aee5fafe71105e2a451273adba888e87308a/laboratorio/ensayo-ia-y-observabilidad/modelos-de-ia/acoplamientos-con-el-sv/03-api-directa/openai/gpt-6-astra/prueba-conexion-20261006/con-creditos/cliente-ejecutado/prueba.rs"
"SV-motor","ensayo-ia-y-observabilidad","02d5aee5fafe71105e2a451273adba888e87308a","laboratorio/ensayo-ia-y-observabilidad/modelos-de-ia/acoplamientos-con-el-sv/03-api-directa/openai/gpt-6-astra/prueba-conexion-20261006/con-creditos/RESULTADO-COTEJADO.html","1267","3f73b9ac78343389876414de6a7f0dccf92c75ed","https://github.com/juantoniolloretegea/SV-motor/blob/02d5aee5fafe71105e2a451273adba888e87308a/laboratorio/ensayo-ia-y-observabilidad/modelos-de-ia/acoplamientos-con-el-sv/03-api-directa/openai/gpt-6-astra/prueba-conexion-20261006/con-creditos/RESULTADO-COTEJADO.html"
"SV-motor","ensayo-ia-y-observabilidad","02d5aee5fafe71105e2a451273adba888e87308a","laboratorio/ensayo-ia-y-observabilidad/modelos-de-ia/acoplamientos-con-el-sv/03-api-directa/openai/gpt-6-astra/prueba-conexion-20261006/con-creditos/resultado.html","2583","b1ed479ce1667e30e36523b54b05333b3e0366f0","https://github.com/juantoniolloretegea/SV-motor/blob/02d5aee5fafe71105e2a451273adba888e87308a/laboratorio/ensayo-ia-y-observabilidad/modelos-de-ia/acoplamientos-con-el-sv/03-api-directa/openai/gpt-6-astra/prueba-conexion-20261006/con-creditos/resultado.html"
"SV-motor","ensayo-ia-y-observabilidad","02d5aee5fafe71105e2a451273adba888e87308a","laboratorio/ensayo-ia-y-observabilidad/modelos-de-ia/acoplamientos-con-el-sv/03-api-directa/openai/gpt-6-astra/prueba-conexion-20261006/resultado.html","1018","f2ded6613ccc889b1e3c24f282c8f386da976f4b","https://github.com/juantoniolloretegea/SV-motor/blob/02d5aee5fafe71105e2a451273adba888e87308a/laboratorio/ensayo-ia-y-observabilidad/modelos-de-ia/acoplamientos-con-el-sv/03-api-directa/openai/gpt-6-astra/prueba-conexion-20261006/resultado.html"
"SV-motor","ensayo-ia-y-observabilidad","02d5aee5fafe71105e2a451273adba888e87308a","laboratorio/ensayo-ia-y-observabilidad/modelos-de-ia/acoplamientos-con-el-sv/03-api-directa/openai/gpt-6-astra/prueba-entrega-20261006/cliente-ejecutado/Cargo.lock","56368","b747e384c030895d57186b07974fa51ca779e286","https://github.com/juantoniolloretegea/SV-motor/blob/02d5aee5fafe71105e2a451273adba888e87308a/laboratorio/ensayo-ia-y-observabilidad/modelos-de-ia/acoplamientos-con-el-sv/03-api-directa/openai/gpt-6-astra/prueba-entrega-20261006/cliente-ejecutado/Cargo.lock"
"SV-motor","ensayo-ia-y-observabilidad","02d5aee5fafe71105e2a451273adba888e87308a","laboratorio/ensayo-ia-y-observabilidad/modelos-de-ia/acoplamientos-con-el-sv/03-api-directa/openai/gpt-6-astra/prueba-entrega-20261006/cliente-ejecutado/Cargo.toml","696","c39c48bb80c0ca2f6bf22942dcb1d6047ed8b433","https://github.com/juantoniolloretegea/SV-motor/blob/02d5aee5fafe71105e2a451273adba888e87308a/laboratorio/ensayo-ia-y-observabilidad/modelos-de-ia/acoplamientos-con-el-sv/03-api-directa/openai/gpt-6-astra/prueba-entrega-20261006/cliente-ejecutado/Cargo.toml"
"SV-motor","ensayo-ia-y-observabilidad","02d5aee5fafe71105e2a451273adba888e87308a","laboratorio/ensayo-ia-y-observabilidad/modelos-de-ia/acoplamientos-con-el-sv/03-api-directa/openai/gpt-6-astra/prueba-entrega-20261006/cliente-ejecutado/entrega.rs","13750","9ee2683dd8faeaead6d1d2d86f8a0e43b4e24edd","https://github.com/juantoniolloretegea/SV-motor/blob/02d5aee5fafe71105e2a451273adba888e87308a/laboratorio/ensayo-ia-y-observabilidad/modelos-de-ia/acoplamientos-con-el-sv/03-api-directa/openai/gpt-6-astra/prueba-entrega-20261006/cliente-ejecutado/entrega.rs"
"SV-motor","ensayo-ia-y-observabilidad","02d5aee5fafe71105e2a451273adba888e87308a","laboratorio/ensayo-ia-y-observabilidad/modelos-de-ia/acoplamientos-con-el-sv/03-api-directa/openai/gpt-6-astra/prueba-entrega-20261006/cliente-ejecutado/instrumentacion-Cargo.toml","275","2b785415a67293f81c98a97aded9af7b709cce59","https://github.com/juantoniolloretegea/SV-motor/blob/02d5aee5fafe71105e2a451273adba888e87308a/laboratorio/ensayo-ia-y-observabilidad/modelos-de-ia/acoplamientos-con-el-sv/03-api-directa/openai/gpt-6-astra/prueba-entrega-20261006/cliente-ejecutado/instrumentacion-Cargo.toml"
"SV-motor","ensayo-ia-y-observabilidad","02d5aee5fafe71105e2a451273adba888e87308a","laboratorio/ensayo-ia-y-observabilidad/modelos-de-ia/acoplamientos-con-el-sv/03-api-directa/openai/gpt-6-astra/prueba-entrega-20261006/cliente-ejecutado/instrumentacion.rs","22803","af543ff39ef69d0c2084b064659f86f7af9af6d9","https://github.com/juantoniolloretegea/SV-motor/blob/02d5aee5fafe71105e2a451273adba888e87308a/laboratorio/ensayo-ia-y-observabilidad/modelos-de-ia/acoplamientos-con-el-sv/03-api-directa/openai/gpt-6-astra/prueba-entrega-20261006/cliente-ejecutado/instrumentacion.rs"
"SV-motor","ensayo-ia-y-observabilidad","02d5aee5fafe71105e2a451273adba888e87308a","laboratorio/ensayo-ia-y-observabilidad/modelos-de-ia/acoplamientos-con-el-sv/03-api-directa/openai/gpt-6-astra/prueba-entrega-20261006/cliente-ejecutado/main.rs","25331","9496ede047a6184e9a0d682984ef9ce22ada661c","https://github.com/juantoniolloretegea/SV-motor/blob/02d5aee5fafe71105e2a451273adba888e87308a/laboratorio/ensayo-ia-y-observabilidad/modelos-de-ia/acoplamientos-con-el-sv/03-api-directa/openai/gpt-6-astra/prueba-entrega-20261006/cliente-ejecutado/main.rs"
"SV-motor","ensayo-ia-y-observabilidad","02d5aee5fafe71105e2a451273adba888e87308a","laboratorio/ensayo-ia-y-observabilidad/modelos-de-ia/acoplamientos-con-el-sv/03-api-directa/openai/gpt-6-astra/prueba-entrega-20261006/cliente-ejecutado/prueba.rs","21497","e87c55c47ea28186e40b4d3b1ac409b5126183b5","https://github.com/juantoniolloretegea/SV-motor/blob/02d5aee5fafe71105e2a451273adba888e87308a/laboratorio/ensayo-ia-y-observabilidad/modelos-de-ia/acoplamientos-con-el-sv/03-api-directa/openai/gpt-6-astra/prueba-entrega-20261006/cliente-ejecutado/prueba.rs"
"SV-motor","ensayo-ia-y-observabilidad","02d5aee5fafe71105e2a451273adba888e87308a","laboratorio/ensayo-ia-y-observabilidad/modelos-de-ia/acoplamientos-con-el-sv/03-api-directa/openai/gpt-6-astra/prueba-entrega-20261006/cliente-ejecutado/respuesta.rs","4198","7708d268bd750189b802f174b86a312562669ab3","https://github.com/juantoniolloretegea/SV-motor/blob/02d5aee5fafe71105e2a451273adba888e87308a/laboratorio/ensayo-ia-y-observabilidad/modelos-de-ia/acoplamientos-con-el-sv/03-api-directa/openai/gpt-6-astra/prueba-entrega-20261006/cliente-ejecutado/respuesta.rs"
"SV-motor","ensayo-ia-y-observabilidad","02d5aee5fafe71105e2a451273adba888e87308a","laboratorio/ensayo-ia-y-observabilidad/modelos-de-ia/acoplamientos-con-el-sv/03-api-directa/openai/gpt-6-astra/prueba-entrega-20261006/resultado-revisado.html","204043","395b35f849d75f4fa8c1f5ab8271639c012782da","https://github.com/juantoniolloretegea/SV-motor/blob/02d5aee5fafe71105e2a451273adba888e87308a/laboratorio/ensayo-ia-y-observabilidad/modelos-de-ia/acoplamientos-con-el-sv/03-api-directa/openai/gpt-6-astra/prueba-entrega-20261006/resultado-revisado.html"
"SV-motor","ensayo-ia-y-observabilidad","02d5aee5fafe71105e2a451273adba888e87308a","laboratorio/ensayo-ia-y-observabilidad/modelos-de-ia/acoplamientos-con-el-sv/03-api-directa/openai/gpt-6-astra/prueba-entrega-20261006/resultado.html","203568","3906e0510e6ef1a933b1b2ae01b12441bcb8a83d","https://github.com/juantoniolloretegea/SV-motor/blob/02d5aee5fafe71105e2a451273adba888e87308a/laboratorio/ensayo-ia-y-observabilidad/modelos-de-ia/acoplamientos-con-el-sv/03-api-directa/openai/gpt-6-astra/prueba-entrega-20261006/resultado.html"
"SV-motor","ensayo-ia-y-observabilidad","02d5aee5fafe71105e2a451273adba888e87308a","laboratorio/ensayo-ia-y-observabilidad/modelos-de-ia/acoplamientos-con-el-sv/03-api-directa/openai/gpt-6-astra/prueba-instrumentada-20261006/cliente-ejecutado/Cargo.lock","56368","b747e384c030895d57186b07974fa51ca779e286","https://github.com/juantoniolloretegea/SV-motor/blob/02d5aee5fafe71105e2a451273adba888e87308a/laboratorio/ensayo-ia-y-observabilidad/modelos-de-ia/acoplamientos-con-el-sv/03-api-directa/openai/gpt-6-astra/prueba-instrumentada-20261006/cliente-ejecutado/Cargo.lock"
"SV-motor","ensayo-ia-y-observabilidad","02d5aee5fafe71105e2a451273adba888e87308a","laboratorio/ensayo-ia-y-observabilidad/modelos-de-ia/acoplamientos-con-el-sv/03-api-directa/openai/gpt-6-astra/prueba-instrumentada-20261006/cliente-ejecutado/Cargo.toml","696","c39c48bb80c0ca2f6bf22942dcb1d6047ed8b433","https://github.com/juantoniolloretegea/SV-motor/blob/02d5aee5fafe71105e2a451273adba888e87308a/laboratorio/ensayo-ia-y-observabilidad/modelos-de-ia/acoplamientos-con-el-sv/03-api-directa/openai/gpt-6-astra/prueba-instrumentada-20261006/cliente-ejecutado/Cargo.toml"
"SV-motor","ensayo-ia-y-observabilidad","02d5aee5fafe71105e2a451273adba888e87308a","laboratorio/ensayo-ia-y-observabilidad/modelos-de-ia/acoplamientos-con-el-sv/03-api-directa/openai/gpt-6-astra/prueba-instrumentada-20261006/cliente-ejecutado/instrumentacion-Cargo.toml","275","2b785415a67293f81c98a97aded9af7b709cce59","https://github.com/juantoniolloretegea/SV-motor/blob/02d5aee5fafe71105e2a451273adba888e87308a/laboratorio/ensayo-ia-y-observabilidad/modelos-de-ia/acoplamientos-con-el-sv/03-api-directa/openai/gpt-6-astra/prueba-instrumentada-20261006/cliente-ejecutado/instrumentacion-Cargo.toml"
"SV-motor","ensayo-ia-y-observabilidad","02d5aee5fafe71105e2a451273adba888e87308a","laboratorio/ensayo-ia-y-observabilidad/modelos-de-ia/acoplamientos-con-el-sv/03-api-directa/openai/gpt-6-astra/prueba-instrumentada-20261006/cliente-ejecutado/instrumentacion.rs","22803","af543ff39ef69d0c2084b064659f86f7af9af6d9","https://github.com/juantoniolloretegea/SV-motor/blob/02d5aee5fafe71105e2a451273adba888e87308a/laboratorio/ensayo-ia-y-observabilidad/modelos-de-ia/acoplamientos-con-el-sv/03-api-directa/openai/gpt-6-astra/prueba-instrumentada-20261006/cliente-ejecutado/instrumentacion.rs"
"SV-motor","ensayo-ia-y-observabilidad","02d5aee5fafe71105e2a451273adba888e87308a","laboratorio/ensayo-ia-y-observabilidad/modelos-de-ia/acoplamientos-con-el-sv/03-api-directa/openai/gpt-6-astra/prueba-instrumentada-20261006/cliente-ejecutado/main.rs","25318","0ed5eb4061a86b787729780f68f858779cea1d9e","https://github.com/juantoniolloretegea/SV-motor/blob/02d5aee5fafe71105e2a451273adba888e87308a/laboratorio/ensayo-ia-y-observabilidad/modelos-de-ia/acoplamientos-con-el-sv/03-api-directa/openai/gpt-6-astra/prueba-instrumentada-20261006/cliente-ejecutado/main.rs"
"SV-motor","ensayo-ia-y-observabilidad","02d5aee5fafe71105e2a451273adba888e87308a","laboratorio/ensayo-ia-y-observabilidad/modelos-de-ia/acoplamientos-con-el-sv/03-api-directa/openai/gpt-6-astra/prueba-instrumentada-20261006/cliente-ejecutado/prueba.rs","16812","269b3923b6bfa3ac3fec0bed0e45dc47e889aa01","https://github.com/juantoniolloretegea/SV-motor/blob/02d5aee5fafe71105e2a451273adba888e87308a/laboratorio/ensayo-ia-y-observabilidad/modelos-de-ia/acoplamientos-con-el-sv/03-api-directa/openai/gpt-6-astra/prueba-instrumentada-20261006/cliente-ejecutado/prueba.rs"
"SV-motor","ensayo-ia-y-observabilidad","02d5aee5fafe71105e2a451273adba888e87308a","laboratorio/ensayo-ia-y-observabilidad/modelos-de-ia/acoplamientos-con-el-sv/03-api-directa/openai/gpt-6-astra/prueba-instrumentada-20261006/cliente-ejecutado/respuesta.rs","4198","7708d268bd750189b802f174b86a312562669ab3","https://github.com/juantoniolloretegea/SV-motor/blob/02d5aee5fafe71105e2a451273adba888e87308a/laboratorio/ensayo-ia-y-observabilidad/modelos-de-ia/acoplamientos-con-el-sv/03-api-directa/openai/gpt-6-astra/prueba-instrumentada-20261006/cliente-ejecutado/respuesta.rs"
"SV-motor","ensayo-ia-y-observabilidad","02d5aee5fafe71105e2a451273adba888e87308a","laboratorio/ensayo-ia-y-observabilidad/modelos-de-ia/acoplamientos-con-el-sv/03-api-directa/openai/gpt-6-astra/prueba-instrumentada-20261006/resultado.html","20943","00b73fe08511a2822a0a7567e9c6e378ebaf552d","https://github.com/juantoniolloretegea/SV-motor/blob/02d5aee5fafe71105e2a451273adba888e87308a/laboratorio/ensayo-ia-y-observabilidad/modelos-de-ia/acoplamientos-con-el-sv/03-api-directa/openai/gpt-6-astra/prueba-instrumentada-20261006/resultado.html"
"SV-motor","ensayo-ia-y-observabilidad","02d5aee5fafe71105e2a451273adba888e87308a","laboratorio/ensayo-ia-y-observabilidad/modelos-de-ia/acoplamientos-con-el-sv/03-api-directa/openai/gpt-6-astra/revision-doble-20261007/realizacion/contrato.rs","8144","52fc24abdb74e1b77ef4d99b69ee4e3b9d9b3335","https://github.com/juantoniolloretegea/SV-motor/blob/02d5aee5fafe71105e2a451273adba888e87308a/laboratorio/ensayo-ia-y-observabilidad/modelos-de-ia/acoplamientos-con-el-sv/03-api-directa/openai/gpt-6-astra/revision-doble-20261007/realizacion/contrato.rs"
"SV-motor","ensayo-ia-y-observabilidad","02d5aee5fafe71105e2a451273adba888e87308a","laboratorio/ensayo-ia-y-observabilidad/modelos-de-ia/acoplamientos-con-el-sv/03-api-directa/openai/gpt-6-astra/revision-doble-20261007/realizacion/localizadores.rs","4826","a00222a61cc191e4cce8544a9dc3c6bef50c4c3b","https://github.com/juantoniolloretegea/SV-motor/blob/02d5aee5fafe71105e2a451273adba888e87308a/laboratorio/ensayo-ia-y-observabilidad/modelos-de-ia/acoplamientos-con-el-sv/03-api-directa/openai/gpt-6-astra/revision-doble-20261007/realizacion/localizadores.rs"
"SV-motor","ensayo-ia-y-observabilidad","02d5aee5fafe71105e2a451273adba888e87308a","laboratorio/ensayo-ia-y-observabilidad/modelos-de-ia/acoplamientos-con-el-sv/03-api-directa/openai/gpt-6-astra/revision-doble-20261007/realizacion/main.rs","25933","74503c758c32c31328edb82b49654dc53dfd9811","https://github.com/juantoniolloretegea/SV-motor/blob/02d5aee5fafe71105e2a451273adba888e87308a/laboratorio/ensayo-ia-y-observabilidad/modelos-de-ia/acoplamientos-con-el-sv/03-api-directa/openai/gpt-6-astra/revision-doble-20261007/realizacion/main.rs"
"SV-motor","ensayo-ia-y-observabilidad","02d5aee5fafe71105e2a451273adba888e87308a","laboratorio/ensayo-ia-y-observabilidad/modelos-de-ia/acoplamientos-con-el-sv/03-api-directa/openai/gpt-6-astra/revision-doble-20261007/realizacion/pdf.rs","23751","50fa71363b7639aa47cba2010ff44efc028347a0","https://github.com/juantoniolloretegea/SV-motor/blob/02d5aee5fafe71105e2a451273adba888e87308a/laboratorio/ensayo-ia-y-observabilidad/modelos-de-ia/acoplamientos-con-el-sv/03-api-directa/openai/gpt-6-astra/revision-doble-20261007/realizacion/pdf.rs"
"SV-motor","ensayo-ia-y-observabilidad","02d5aee5fafe71105e2a451273adba888e87308a","laboratorio/ensayo-ia-y-observabilidad/modelos-de-ia/acoplamientos-con-el-sv/03-api-directa/openai/gpt-6-astra/revision-doble-20261007/realizacion/prueba.rs","647","6f97e1a80e1c9cbeda59364945deab84e107e9dd","https://github.com/juantoniolloretegea/SV-motor/blob/02d5aee5fafe71105e2a451273adba888e87308a/laboratorio/ensayo-ia-y-observabilidad/modelos-de-ia/acoplamientos-con-el-sv/03-api-directa/openai/gpt-6-astra/revision-doble-20261007/realizacion/prueba.rs"
"SV-motor","ensayo-ia-y-observabilidad","02d5aee5fafe71105e2a451273adba888e87308a","laboratorio/ensayo-ia-y-observabilidad/modelos-de-ia/acoplamientos-con-el-sv/03-api-directa/openai/gpt-6-astra/revision-doble-20261007/realizacion/sv-adjudicar-doble.rs","9213","3c6e237771b5d75d3d132e4e26ea6022f920798c","https://github.com/juantoniolloretegea/SV-motor/blob/02d5aee5fafe71105e2a451273adba888e87308a/laboratorio/ensayo-ia-y-observabilidad/modelos-de-ia/acoplamientos-con-el-sv/03-api-directa/openai/gpt-6-astra/revision-doble-20261007/realizacion/sv-adjudicar-doble.rs"
"SV-motor","ensayo-ia-y-observabilidad","02d5aee5fafe71105e2a451273adba888e87308a","laboratorio/ensayo-ia-y-observabilidad/modelos-de-ia/acoplamientos-con-el-sv/03-api-directa/openai/gpt-6-astra/revision-doble-20261007/realizacion/sv-metricas-doble.rs","6604","3c9383c7b34dce65846473752b5fb7f139e636f3","https://github.com/juantoniolloretegea/SV-motor/blob/02d5aee5fafe71105e2a451273adba888e87308a/laboratorio/ensayo-ia-y-observabilidad/modelos-de-ia/acoplamientos-con-el-sv/03-api-directa/openai/gpt-6-astra/revision-doble-20261007/realizacion/sv-metricas-doble.rs"
"SV-motor","ensayo-ia-y-observabilidad","02d5aee5fafe71105e2a451273adba888e87308a","laboratorio/ensayo-ia-y-observabilidad/modelos-de-ia/acoplamientos-con-el-sv/03-api-directa/openai/gpt-6-astra/revision-doble-20261007/realizacion/sv-resumen-doble.rs","2305","86252187f241488d1f818d1b4d48a85205e5a8f6","https://github.com/juantoniolloretegea/SV-motor/blob/02d5aee5fafe71105e2a451273adba888e87308a/laboratorio/ensayo-ia-y-observabilidad/modelos-de-ia/acoplamientos-con-el-sv/03-api-directa/openai/gpt-6-astra/revision-doble-20261007/realizacion/sv-resumen-doble.rs"
"SV-motor","ensayo-ia-y-observabilidad","02d5aee5fafe71105e2a451273adba888e87308a","laboratorio/ensayo-ia-y-observabilidad/modelos-de-ia/acoplamientos-con-el-sv/03-api-directa/openai/gpt-6-astra/revision-doble-20261007/visor/Cargo.lock","70623","3ce94f138fcce0c89393ec634d515c36d9742cd1","https://github.com/juantoniolloretegea/SV-motor/blob/02d5aee5fafe71105e2a451273adba888e87308a/laboratorio/ensayo-ia-y-observabilidad/modelos-de-ia/acoplamientos-con-el-sv/03-api-directa/openai/gpt-6-astra/revision-doble-20261007/visor/Cargo.lock"
"SV-motor","ensayo-ia-y-observabilidad","02d5aee5fafe71105e2a451273adba888e87308a","laboratorio/ensayo-ia-y-observabilidad/modelos-de-ia/acoplamientos-con-el-sv/03-api-directa/openai/gpt-6-astra/revision-doble-20261007/visor/Cargo.toml","712","29f4c1a8a4de32252f53915e031d054b6937f4e7","https://github.com/juantoniolloretegea/SV-motor/blob/02d5aee5fafe71105e2a451273adba888e87308a/laboratorio/ensayo-ia-y-observabilidad/modelos-de-ia/acoplamientos-con-el-sv/03-api-directa/openai/gpt-6-astra/revision-doble-20261007/visor/Cargo.toml"
"SV-motor","ensayo-ia-y-observabilidad","02d5aee5fafe71105e2a451273adba888e87308a","laboratorio/ensayo-ia-y-observabilidad/modelos-de-ia/acoplamientos-con-el-sv/03-api-directa/openai/gpt-6-astra/revision-doble-20261007/visor/src/bin/derivar.rs","647","27ab2e57e69f7986b394efa749a3195058b2800c","https://github.com/juantoniolloretegea/SV-motor/blob/02d5aee5fafe71105e2a451273adba888e87308a/laboratorio/ensayo-ia-y-observabilidad/modelos-de-ia/acoplamientos-con-el-sv/03-api-directa/openai/gpt-6-astra/revision-doble-20261007/visor/src/bin/derivar.rs"
"SV-motor","ensayo-ia-y-observabilidad","02d5aee5fafe71105e2a451273adba888e87308a","laboratorio/ensayo-ia-y-observabilidad/modelos-de-ia/acoplamientos-con-el-sv/03-api-directa/openai/gpt-6-astra/revision-doble-20261007/visor/src/bin/empaquetar.rs","3506","e1140ab80eeeb57741964c7eb348545440645f90","https://github.com/juantoniolloretegea/SV-motor/blob/02d5aee5fafe71105e2a451273adba888e87308a/laboratorio/ensayo-ia-y-observabilidad/modelos-de-ia/acoplamientos-con-el-sv/03-api-directa/openai/gpt-6-astra/revision-doble-20261007/visor/src/bin/empaquetar.rs"
"SV-motor","ensayo-ia-y-observabilidad","02d5aee5fafe71105e2a451273adba888e87308a","laboratorio/ensayo-ia-y-observabilidad/modelos-de-ia/acoplamientos-con-el-sv/03-api-directa/openai/gpt-6-astra/revision-doble-20261007/visor/src/bin/vista_local.rs","2275","2065c1e1ca603c210d4b4b8b4c5543ef09f68762","https://github.com/juantoniolloretegea/SV-motor/blob/02d5aee5fafe71105e2a451273adba888e87308a/laboratorio/ensayo-ia-y-observabilidad/modelos-de-ia/acoplamientos-con-el-sv/03-api-directa/openai/gpt-6-astra/revision-doble-20261007/visor/src/bin/vista_local.rs"
"SV-motor","ensayo-ia-y-observabilidad","02d5aee5fafe71105e2a451273adba888e87308a","laboratorio/ensayo-ia-y-observabilidad/modelos-de-ia/acoplamientos-con-el-sv/03-api-directa/openai/gpt-6-astra/revision-doble-20261007/visor/src/contrato.rs","13203","cd2a19a93be0888ee8dde913e5d23db7d37cd17f","https://github.com/juantoniolloretegea/SV-motor/blob/02d5aee5fafe71105e2a451273adba888e87308a/laboratorio/ensayo-ia-y-observabilidad/modelos-de-ia/acoplamientos-con-el-sv/03-api-directa/openai/gpt-6-astra/revision-doble-20261007/visor/src/contrato.rs"
"SV-motor","ensayo-ia-y-observabilidad","02d5aee5fafe71105e2a451273adba888e87308a","laboratorio/ensayo-ia-y-observabilidad/modelos-de-ia/acoplamientos-con-el-sv/03-api-directa/openai/gpt-6-astra/revision-doble-20261007/visor/src/lib.rs","28471","624444e7d95e4d023cb3f74d11a1e33c70d6b92f","https://github.com/juantoniolloretegea/SV-motor/blob/02d5aee5fafe71105e2a451273adba888e87308a/laboratorio/ensayo-ia-y-observabilidad/modelos-de-ia/acoplamientos-con-el-sv/03-api-directa/openai/gpt-6-astra/revision-doble-20261007/visor/src/lib.rs"
"SV-motor","ensayo-ia-y-observabilidad","02d5aee5fafe71105e2a451273adba888e87308a","laboratorio/ensayo-ia-y-observabilidad/modelos-de-ia/acoplamientos-con-el-sv/03-api-directa/openai/gpt-6-astra/revision-doble-20261007/visor/src/main.rs","439","babcb20eb778f42c841d447064295484f9559f28","https://github.com/juantoniolloretegea/SV-motor/blob/02d5aee5fafe71105e2a451273adba888e87308a/laboratorio/ensayo-ia-y-observabilidad/modelos-de-ia/acoplamientos-con-el-sv/03-api-directa/openai/gpt-6-astra/revision-doble-20261007/visor/src/main.rs"
"SV-motor","ensayo-ia-y-observabilidad","02d5aee5fafe71105e2a451273adba888e87308a","laboratorio/ensayo-ia-y-observabilidad/modelos-de-ia/acoplamientos-con-el-sv/03-api-directa/openai/gpt-6-astra/revision-doble-20261007/web/POLIGONO-EGUI.html","4036589","58391f7ced7dc739a9cac2e596aff357cc7a9323","https://github.com/juantoniolloretegea/SV-motor/blob/02d5aee5fafe71105e2a451273adba888e87308a/laboratorio/ensayo-ia-y-observabilidad/modelos-de-ia/acoplamientos-con-el-sv/03-api-directa/openai/gpt-6-astra/revision-doble-20261007/web/POLIGONO-EGUI.html"
"SV-motor","ensayo-ia-y-observabilidad","02d5aee5fafe71105e2a451273adba888e87308a","laboratorio/ensayo-ia-y-observabilidad/modelos-de-ia/acoplamientos-con-el-sv/03-api-directa/openai/gpt-6.1-sol/acceso/Cargo.lock","56368","b747e384c030895d57186b07974fa51ca779e286","https://github.com/juantoniolloretegea/SV-motor/blob/02d5aee5fafe71105e2a451273adba888e87308a/laboratorio/ensayo-ia-y-observabilidad/modelos-de-ia/acoplamientos-con-el-sv/03-api-directa/openai/gpt-6.1-sol/acceso/Cargo.lock"
"SV-motor","ensayo-ia-y-observabilidad","02d5aee5fafe71105e2a451273adba888e87308a","laboratorio/ensayo-ia-y-observabilidad/modelos-de-ia/acoplamientos-con-el-sv/03-api-directa/openai/gpt-6.1-sol/acceso/Cargo.toml","696","c39c48bb80c0ca2f6bf22942dcb1d6047ed8b433","https://github.com/juantoniolloretegea/SV-motor/blob/02d5aee5fafe71105e2a451273adba888e87308a/laboratorio/ensayo-ia-y-observabilidad/modelos-de-ia/acoplamientos-con-el-sv/03-api-directa/openai/gpt-6.1-sol/acceso/Cargo.toml"
"SV-motor","ensayo-ia-y-observabilidad","02d5aee5fafe71105e2a451273adba888e87308a","laboratorio/ensayo-ia-y-observabilidad/modelos-de-ia/acoplamientos-con-el-sv/03-api-directa/openai/gpt-6.1-sol/acceso/src/bin/astra-examen25-r2/contrato.rs","8067","1001e0d68caff39ca613738f6806a07a072a95b1","https://github.com/juantoniolloretegea/SV-motor/blob/02d5aee5fafe71105e2a451273adba888e87308a/laboratorio/ensayo-ia-y-observabilidad/modelos-de-ia/acoplamientos-con-el-sv/03-api-directa/openai/gpt-6.1-sol/acceso/src/bin/astra-examen25-r2/contrato.rs"
"SV-motor","ensayo-ia-y-observabilidad","02d5aee5fafe71105e2a451273adba888e87308a","laboratorio/ensayo-ia-y-observabilidad/modelos-de-ia/acoplamientos-con-el-sv/03-api-directa/openai/gpt-6.1-sol/acceso/src/bin/astra-examen25-r2/localizadores.rs","4020","72d8bed78d8f4eaf43bcd4cbee19226c3ede8a47","https://github.com/juantoniolloretegea/SV-motor/blob/02d5aee5fafe71105e2a451273adba888e87308a/laboratorio/ensayo-ia-y-observabilidad/modelos-de-ia/acoplamientos-con-el-sv/03-api-directa/openai/gpt-6.1-sol/acceso/src/bin/astra-examen25-r2/localizadores.rs"
"SV-motor","ensayo-ia-y-observabilidad","02d5aee5fafe71105e2a451273adba888e87308a","laboratorio/ensayo-ia-y-observabilidad/modelos-de-ia/acoplamientos-con-el-sv/03-api-directa/openai/gpt-6.1-sol/acceso/src/bin/astra-examen25-r2/main.rs","25958","5a050da148adf9447d51cbfe96cc8eadf2f8945d","https://github.com/juantoniolloretegea/SV-motor/blob/02d5aee5fafe71105e2a451273adba888e87308a/laboratorio/ensayo-ia-y-observabilidad/modelos-de-ia/acoplamientos-con-el-sv/03-api-directa/openai/gpt-6.1-sol/acceso/src/bin/astra-examen25-r2/main.rs"
"SV-motor","ensayo-ia-y-observabilidad","02d5aee5fafe71105e2a451273adba888e87308a","laboratorio/ensayo-ia-y-observabilidad/modelos-de-ia/acoplamientos-con-el-sv/03-api-directa/openai/gpt-6.1-sol/acceso/src/bin/astra-examen25-r2/pdf.rs","21476","4f04393d2f874ceffc9f1d186e4dd29baed2c422","https://github.com/juantoniolloretegea/SV-motor/blob/02d5aee5fafe71105e2a451273adba888e87308a/laboratorio/ensayo-ia-y-observabilidad/modelos-de-ia/acoplamientos-con-el-sv/03-api-directa/openai/gpt-6.1-sol/acceso/src/bin/astra-examen25-r2/pdf.rs"
"SV-motor","ensayo-ia-y-observabilidad","02d5aee5fafe71105e2a451273adba888e87308a","laboratorio/ensayo-ia-y-observabilidad/modelos-de-ia/acoplamientos-con-el-sv/03-api-directa/openai/gpt-6.1-sol/acceso/src/bin/astra-examen25-r2/prueba.rs","647","6f97e1a80e1c9cbeda59364945deab84e107e9dd","https://github.com/juantoniolloretegea/SV-motor/blob/02d5aee5fafe71105e2a451273adba888e87308a/laboratorio/ensayo-ia-y-observabilidad/modelos-de-ia/acoplamientos-con-el-sv/03-api-directa/openai/gpt-6.1-sol/acceso/src/bin/astra-examen25-r2/prueba.rs"
"SV-motor","ensayo-ia-y-observabilidad","02d5aee5fafe71105e2a451273adba888e87308a","laboratorio/ensayo-ia-y-observabilidad/modelos-de-ia/acoplamientos-con-el-sv/03-api-directa/openai/gpt-6.1-sol/acceso/src/bin/astra-examen25-r2/suministro.rs","16601","1425a680f60ee5929a993e53df9c9a4204cf580e","https://github.com/juantoniolloretegea/SV-motor/blob/02d5aee5fafe71105e2a451273adba888e87308a/laboratorio/ensayo-ia-y-observabilidad/modelos-de-ia/acoplamientos-con-el-sv/03-api-directa/openai/gpt-6.1-sol/acceso/src/bin/astra-examen25-r2/suministro.rs"
"SV-motor","ensayo-ia-y-observabilidad","02d5aee5fafe71105e2a451273adba888e87308a","laboratorio/ensayo-ia-y-observabilidad/modelos-de-ia/acoplamientos-con-el-sv/03-api-directa/openai/gpt-6.1-sol/acceso/src/bin/astra-examen25-r3/contrato.rs","8067","1001e0d68caff39ca613738f6806a07a072a95b1","https://github.com/juantoniolloretegea/SV-motor/blob/02d5aee5fafe71105e2a451273adba888e87308a/laboratorio/ensayo-ia-y-observabilidad/modelos-de-ia/acoplamientos-con-el-sv/03-api-directa/openai/gpt-6.1-sol/acceso/src/bin/astra-examen25-r3/contrato.rs"
"SV-motor","ensayo-ia-y-observabilidad","02d5aee5fafe71105e2a451273adba888e87308a","laboratorio/ensayo-ia-y-observabilidad/modelos-de-ia/acoplamientos-con-el-sv/03-api-directa/openai/gpt-6.1-sol/acceso/src/bin/astra-examen25-r3/localizadores.rs","4020","72d8bed78d8f4eaf43bcd4cbee19226c3ede8a47","https://github.com/juantoniolloretegea/SV-motor/blob/02d5aee5fafe71105e2a451273adba888e87308a/laboratorio/ensayo-ia-y-observabilidad/modelos-de-ia/acoplamientos-con-el-sv/03-api-directa/openai/gpt-6.1-sol/acceso/src/bin/astra-examen25-r3/localizadores.rs"
"SV-motor","ensayo-ia-y-observabilidad","02d5aee5fafe71105e2a451273adba888e87308a","laboratorio/ensayo-ia-y-observabilidad/modelos-de-ia/acoplamientos-con-el-sv/03-api-directa/openai/gpt-6.1-sol/acceso/src/bin/astra-examen25-r3/main.rs","25972","9ffb2d82fc2c451417eaa3d44847027e2cfbf8db","https://github.com/juantoniolloretegea/SV-motor/blob/02d5aee5fafe71105e2a451273adba888e87308a/laboratorio/ensayo-ia-y-observabilidad/modelos-de-ia/acoplamientos-con-el-sv/03-api-directa/openai/gpt-6.1-sol/acceso/src/bin/astra-examen25-r3/main.rs"
"SV-motor","ensayo-ia-y-observabilidad","02d5aee5fafe71105e2a451273adba888e87308a","laboratorio/ensayo-ia-y-observabilidad/modelos-de-ia/acoplamientos-con-el-sv/03-api-directa/openai/gpt-6.1-sol/acceso/src/bin/astra-examen25-r3/pdf.rs","23704","46c237abebb3f99113d49438faeb1c85fef4aaab","https://github.com/juantoniolloretegea/SV-motor/blob/02d5aee5fafe71105e2a451273adba888e87308a/laboratorio/ensayo-ia-y-observabilidad/modelos-de-ia/acoplamientos-con-el-sv/03-api-directa/openai/gpt-6.1-sol/acceso/src/bin/astra-examen25-r3/pdf.rs"
"SV-motor","ensayo-ia-y-observabilidad","02d5aee5fafe71105e2a451273adba888e87308a","laboratorio/ensayo-ia-y-observabilidad/modelos-de-ia/acoplamientos-con-el-sv/03-api-directa/openai/gpt-6.1-sol/acceso/src/bin/astra-examen25-r3/prueba.rs","647","6f97e1a80e1c9cbeda59364945deab84e107e9dd","https://github.com/juantoniolloretegea/SV-motor/blob/02d5aee5fafe71105e2a451273adba888e87308a/laboratorio/ensayo-ia-y-observabilidad/modelos-de-ia/acoplamientos-con-el-sv/03-api-directa/openai/gpt-6.1-sol/acceso/src/bin/astra-examen25-r3/prueba.rs"
"SV-motor","ensayo-ia-y-observabilidad","02d5aee5fafe71105e2a451273adba888e87308a","laboratorio/ensayo-ia-y-observabilidad/modelos-de-ia/acoplamientos-con-el-sv/03-api-directa/openai/gpt-6.1-sol/acceso/src/bin/astra-examen25-r3/servicio.rs","1888","7906548b719bffdd81bdde7ac4901d9bc24cf0b1","https://github.com/juantoniolloretegea/SV-motor/blob/02d5aee5fafe71105e2a451273adba888e87308a/laboratorio/ensayo-ia-y-observabilidad/modelos-de-ia/acoplamientos-con-el-sv/03-api-directa/openai/gpt-6.1-sol/acceso/src/bin/astra-examen25-r3/servicio.rs"
"SV-motor","ensayo-ia-y-observabilidad","02d5aee5fafe71105e2a451273adba888e87308a","laboratorio/ensayo-ia-y-observabilidad/modelos-de-ia/acoplamientos-con-el-sv/03-api-directa/openai/gpt-6.1-sol/acceso/src/bin/astra-examen25-r3/suministro.rs","16601","1425a680f60ee5929a993e53df9c9a4204cf580e","https://github.com/juantoniolloretegea/SV-motor/blob/02d5aee5fafe71105e2a451273adba888e87308a/laboratorio/ensayo-ia-y-observabilidad/modelos-de-ia/acoplamientos-con-el-sv/03-api-directa/openai/gpt-6.1-sol/acceso/src/bin/astra-examen25-r3/suministro.rs"
"SV-motor","ensayo-ia-y-observabilidad","02d5aee5fafe71105e2a451273adba888e87308a","laboratorio/ensayo-ia-y-observabilidad/modelos-de-ia/acoplamientos-con-el-sv/03-api-directa/openai/gpt-6.1-sol/acceso/src/bin/astra-examen25/contrato.rs","8067","1001e0d68caff39ca613738f6806a07a072a95b1","https://github.com/juantoniolloretegea/SV-motor/blob/02d5aee5fafe71105e2a451273adba888e87308a/laboratorio/ensayo-ia-y-observabilidad/modelos-de-ia/acoplamientos-con-el-sv/03-api-directa/openai/gpt-6.1-sol/acceso/src/bin/astra-examen25/contrato.rs"
"SV-motor","ensayo-ia-y-observabilidad","02d5aee5fafe71105e2a451273adba888e87308a","laboratorio/ensayo-ia-y-observabilidad/modelos-de-ia/acoplamientos-con-el-sv/03-api-directa/openai/gpt-6.1-sol/acceso/src/bin/astra-examen25/localizadores.rs","4020","72d8bed78d8f4eaf43bcd4cbee19226c3ede8a47","https://github.com/juantoniolloretegea/SV-motor/blob/02d5aee5fafe71105e2a451273adba888e87308a/laboratorio/ensayo-ia-y-observabilidad/modelos-de-ia/acoplamientos-con-el-sv/03-api-directa/openai/gpt-6.1-sol/acceso/src/bin/astra-examen25/localizadores.rs"
"SV-motor","ensayo-ia-y-observabilidad","02d5aee5fafe71105e2a451273adba888e87308a","laboratorio/ensayo-ia-y-observabilidad/modelos-de-ia/acoplamientos-con-el-sv/03-api-directa/openai/gpt-6.1-sol/acceso/src/bin/astra-examen25/main.rs","25958","5a050da148adf9447d51cbfe96cc8eadf2f8945d","https://github.com/juantoniolloretegea/SV-motor/blob/02d5aee5fafe71105e2a451273adba888e87308a/laboratorio/ensayo-ia-y-observabilidad/modelos-de-ia/acoplamientos-con-el-sv/03-api-directa/openai/gpt-6.1-sol/acceso/src/bin/astra-examen25/main.rs"
"SV-motor","ensayo-ia-y-observabilidad","02d5aee5fafe71105e2a451273adba888e87308a","laboratorio/ensayo-ia-y-observabilidad/modelos-de-ia/acoplamientos-con-el-sv/03-api-directa/openai/gpt-6.1-sol/acceso/src/bin/astra-examen25/pdf.rs","19034","48dab0278850da73e9f6a75d5550707ac290aa0d","https://github.com/juantoniolloretegea/SV-motor/blob/02d5aee5fafe71105e2a451273adba888e87308a/laboratorio/ensayo-ia-y-observabilidad/modelos-de-ia/acoplamientos-con-el-sv/03-api-directa/openai/gpt-6.1-sol/acceso/src/bin/astra-examen25/pdf.rs"
"SV-motor","ensayo-ia-y-observabilidad","02d5aee5fafe71105e2a451273adba888e87308a","laboratorio/ensayo-ia-y-observabilidad/modelos-de-ia/acoplamientos-con-el-sv/03-api-directa/openai/gpt-6.1-sol/acceso/src/bin/astra-examen25/prueba.rs","647","6f97e1a80e1c9cbeda59364945deab84e107e9dd","https://github.com/juantoniolloretegea/SV-motor/blob/02d5aee5fafe71105e2a451273adba888e87308a/laboratorio/ensayo-ia-y-observabilidad/modelos-de-ia/acoplamientos-con-el-sv/03-api-directa/openai/gpt-6.1-sol/acceso/src/bin/astra-examen25/prueba.rs"
"SV-motor","ensayo-ia-y-observabilidad","02d5aee5fafe71105e2a451273adba888e87308a","laboratorio/ensayo-ia-y-observabilidad/modelos-de-ia/acoplamientos-con-el-sv/03-api-directa/openai/gpt-6.1-sol/acceso/src/bin/astra-examen25/suministro.rs","16601","1425a680f60ee5929a993e53df9c9a4204cf580e","https://github.com/juantoniolloretegea/SV-motor/blob/02d5aee5fafe71105e2a451273adba888e87308a/laboratorio/ensayo-ia-y-observabilidad/modelos-de-ia/acoplamientos-con-el-sv/03-api-directa/openai/gpt-6.1-sol/acceso/src/bin/astra-examen25/suministro.rs"
"SV-motor","ensayo-ia-y-observabilidad","02d5aee5fafe71105e2a451273adba888e87308a","laboratorio/ensayo-ia-y-observabilidad/modelos-de-ia/acoplamientos-con-el-sv/03-api-directa/openai/gpt-6.1-sol/acceso/src/bin/astra-pdf-banco/localizadores.rs","4826","a00222a61cc191e4cce8544a9dc3c6bef50c4c3b","https://github.com/juantoniolloretegea/SV-motor/blob/02d5aee5fafe71105e2a451273adba888e87308a/laboratorio/ensayo-ia-y-observabilidad/modelos-de-ia/acoplamientos-con-el-sv/03-api-directa/openai/gpt-6.1-sol/acceso/src/bin/astra-pdf-banco/localizadores.rs"
"SV-motor","ensayo-ia-y-observabilidad","02d5aee5fafe71105e2a451273adba888e87308a","laboratorio/ensayo-ia-y-observabilidad/modelos-de-ia/acoplamientos-con-el-sv/03-api-directa/openai/gpt-6.1-sol/acceso/src/bin/astra-pdf-banco/main.rs","25919","da6a8ebc437d10ceb3f451e63415390a89a3b172","https://github.com/juantoniolloretegea/SV-motor/blob/02d5aee5fafe71105e2a451273adba888e87308a/laboratorio/ensayo-ia-y-observabilidad/modelos-de-ia/acoplamientos-con-el-sv/03-api-directa/openai/gpt-6.1-sol/acceso/src/bin/astra-pdf-banco/main.rs"
"SV-motor","ensayo-ia-y-observabilidad","02d5aee5fafe71105e2a451273adba888e87308a","laboratorio/ensayo-ia-y-observabilidad/modelos-de-ia/acoplamientos-con-el-sv/03-api-directa/openai/gpt-6.1-sol/acceso/src/bin/astra-pdf-banco/pdf.rs","21811","c9c754288c06b1e737b9d3e4133260daa77cfaaf","https://github.com/juantoniolloretegea/SV-motor/blob/02d5aee5fafe71105e2a451273adba888e87308a/laboratorio/ensayo-ia-y-observabilidad/modelos-de-ia/acoplamientos-con-el-sv/03-api-directa/openai/gpt-6.1-sol/acceso/src/bin/astra-pdf-banco/pdf.rs"
"SV-motor","ensayo-ia-y-observabilidad","02d5aee5fafe71105e2a451273adba888e87308a","laboratorio/ensayo-ia-y-observabilidad/modelos-de-ia/acoplamientos-con-el-sv/03-api-directa/openai/gpt-6.1-sol/acceso/src/bin/astra-pdf-banco/prueba.rs","647","6f97e1a80e1c9cbeda59364945deab84e107e9dd","https://github.com/juantoniolloretegea/SV-motor/blob/02d5aee5fafe71105e2a451273adba888e87308a/laboratorio/ensayo-ia-y-observabilidad/modelos-de-ia/acoplamientos-con-el-sv/03-api-directa/openai/gpt-6.1-sol/acceso/src/bin/astra-pdf-banco/prueba.rs"
"SV-motor","ensayo-ia-y-observabilidad","02d5aee5fafe71105e2a451273adba888e87308a","laboratorio/ensayo-ia-y-observabilidad/modelos-de-ia/acoplamientos-con-el-sv/03-api-directa/openai/gpt-6.1-sol/acceso/src/bin/astra-pdf-doble/contrato.rs","8144","52fc24abdb74e1b77ef4d99b69ee4e3b9d9b3335","https://github.com/juantoniolloretegea/SV-motor/blob/02d5aee5fafe71105e2a451273adba888e87308a/laboratorio/ensayo-ia-y-observabilidad/modelos-de-ia/acoplamientos-con-el-sv/03-api-directa/openai/gpt-6.1-sol/acceso/src/bin/astra-pdf-doble/contrato.rs"
"SV-motor","ensayo-ia-y-observabilidad","02d5aee5fafe71105e2a451273adba888e87308a","laboratorio/ensayo-ia-y-observabilidad/modelos-de-ia/acoplamientos-con-el-sv/03-api-directa/openai/gpt-6.1-sol/acceso/src/bin/astra-pdf-doble/localizadores.rs","4826","a00222a61cc191e4cce8544a9dc3c6bef50c4c3b","https://github.com/juantoniolloretegea/SV-motor/blob/02d5aee5fafe71105e2a451273adba888e87308a/laboratorio/ensayo-ia-y-observabilidad/modelos-de-ia/acoplamientos-con-el-sv/03-api-directa/openai/gpt-6.1-sol/acceso/src/bin/astra-pdf-doble/localizadores.rs"
"SV-motor","ensayo-ia-y-observabilidad","02d5aee5fafe71105e2a451273adba888e87308a","laboratorio/ensayo-ia-y-observabilidad/modelos-de-ia/acoplamientos-con-el-sv/03-api-directa/openai/gpt-6.1-sol/acceso/src/bin/astra-pdf-doble/main.rs","25933","74503c758c32c31328edb82b49654dc53dfd9811","https://github.com/juantoniolloretegea/SV-motor/blob/02d5aee5fafe71105e2a451273adba888e87308a/laboratorio/ensayo-ia-y-observabilidad/modelos-de-ia/acoplamientos-con-el-sv/03-api-directa/openai/gpt-6.1-sol/acceso/src/bin/astra-pdf-doble/main.rs"
"SV-motor","ensayo-ia-y-observabilidad","02d5aee5fafe71105e2a451273adba888e87308a","laboratorio/ensayo-ia-y-observabilidad/modelos-de-ia/acoplamientos-con-el-sv/03-api-directa/openai/gpt-6.1-sol/acceso/src/bin/astra-pdf-doble/pdf.rs","23751","50fa71363b7639aa47cba2010ff44efc028347a0","https://github.com/juantoniolloretegea/SV-motor/blob/02d5aee5fafe71105e2a451273adba888e87308a/laboratorio/ensayo-ia-y-observabilidad/modelos-de-ia/acoplamientos-con-el-sv/03-api-directa/openai/gpt-6.1-sol/acceso/src/bin/astra-pdf-doble/pdf.rs"
"SV-motor","ensayo-ia-y-observabilidad","02d5aee5fafe71105e2a451273adba888e87308a","laboratorio/ensayo-ia-y-observabilidad/modelos-de-ia/acoplamientos-con-el-sv/03-api-directa/openai/gpt-6.1-sol/acceso/src/bin/astra-pdf-doble/prueba.rs","647","6f97e1a80e1c9cbeda59364945deab84e107e9dd","https://github.com/juantoniolloretegea/SV-motor/blob/02d5aee5fafe71105e2a451273adba888e87308a/laboratorio/ensayo-ia-y-observabilidad/modelos-de-ia/acoplamientos-con-el-sv/03-api-directa/openai/gpt-6.1-sol/acceso/src/bin/astra-pdf-doble/prueba.rs"
"SV-motor","ensayo-ia-y-observabilidad","02d5aee5fafe71105e2a451273adba888e87308a","laboratorio/ensayo-ia-y-observabilidad/modelos-de-ia/acoplamientos-con-el-sv/03-api-directa/openai/gpt-6.1-sol/acceso/src/bin/cotejar-pdf06.rs","9802","74d73eefa490e567c81aeab50566eb9e8d6da9ec","https://github.com/juantoniolloretegea/SV-motor/blob/02d5aee5fafe71105e2a451273adba888e87308a/laboratorio/ensayo-ia-y-observabilidad/modelos-de-ia/acoplamientos-con-el-sv/03-api-directa/openai/gpt-6.1-sol/acceso/src/bin/cotejar-pdf06.rs"
"SV-motor","ensayo-ia-y-observabilidad","02d5aee5fafe71105e2a451273adba888e87308a","laboratorio/ensayo-ia-y-observabilidad/modelos-de-ia/acoplamientos-con-el-sv/03-api-directa/openai/gpt-6.1-sol/acceso/src/bin/sv-adjudicar-catalogo.rs","1116","51560bf69dbb265806bb2216e7069752d4964cfe","https://github.com/juantoniolloretegea/SV-motor/blob/02d5aee5fafe71105e2a451273adba888e87308a/laboratorio/ensayo-ia-y-observabilidad/modelos-de-ia/acoplamientos-con-el-sv/03-api-directa/openai/gpt-6.1-sol/acceso/src/bin/sv-adjudicar-catalogo.rs"
"SV-motor","ensayo-ia-y-observabilidad","02d5aee5fafe71105e2a451273adba888e87308a","laboratorio/ensayo-ia-y-observabilidad/modelos-de-ia/acoplamientos-con-el-sv/03-api-directa/openai/gpt-6.1-sol/acceso/src/bin/sv-adjudicar-doble.rs","9163","e00b0b9a18808e4c7b6681c40cdc0f95b4e741f6","https://github.com/juantoniolloretegea/SV-motor/blob/02d5aee5fafe71105e2a451273adba888e87308a/laboratorio/ensayo-ia-y-observabilidad/modelos-de-ia/acoplamientos-con-el-sv/03-api-directa/openai/gpt-6.1-sol/acceso/src/bin/sv-adjudicar-doble.rs"
"SV-motor","ensayo-ia-y-observabilidad","02d5aee5fafe71105e2a451273adba888e87308a","laboratorio/ensayo-ia-y-observabilidad/modelos-de-ia/acoplamientos-con-el-sv/03-api-directa/openai/gpt-6.1-sol/acceso/src/bin/sv-adjudicar-examen25-conjunto.rs","9717","c1c70419fcb2991e48711c6e9fa41efc85b6da12","https://github.com/juantoniolloretegea/SV-motor/blob/02d5aee5fafe71105e2a451273adba888e87308a/laboratorio/ensayo-ia-y-observabilidad/modelos-de-ia/acoplamientos-con-el-sv/03-api-directa/openai/gpt-6.1-sol/acceso/src/bin/sv-adjudicar-examen25-conjunto.rs"
"SV-motor","ensayo-ia-y-observabilidad","02d5aee5fafe71105e2a451273adba888e87308a","laboratorio/ensayo-ia-y-observabilidad/modelos-de-ia/acoplamientos-con-el-sv/03-api-directa/openai/gpt-6.1-sol/acceso/src/bin/sv-adjudicar-examen25.rs","9577","3978501318c7ff621dcb19a9f54a317dbb183efd","https://github.com/juantoniolloretegea/SV-motor/blob/02d5aee5fafe71105e2a451273adba888e87308a/laboratorio/ensayo-ia-y-observabilidad/modelos-de-ia/acoplamientos-con-el-sv/03-api-directa/openai/gpt-6.1-sol/acceso/src/bin/sv-adjudicar-examen25.rs"
"SV-motor","ensayo-ia-y-observabilidad","02d5aee5fafe71105e2a451273adba888e87308a","laboratorio/ensayo-ia-y-observabilidad/modelos-de-ia/acoplamientos-con-el-sv/03-api-directa/openai/gpt-6.1-sol/acceso/src/bin/sv-adjudicar-pdf.rs","5565","d10b473724f9e69884b23712cb027669bd9a50af","https://github.com/juantoniolloretegea/SV-motor/blob/02d5aee5fafe71105e2a451273adba888e87308a/laboratorio/ensayo-ia-y-observabilidad/modelos-de-ia/acoplamientos-con-el-sv/03-api-directa/openai/gpt-6.1-sol/acceso/src/bin/sv-adjudicar-pdf.rs"
"SV-motor","ensayo-ia-y-observabilidad","02d5aee5fafe71105e2a451273adba888e87308a","laboratorio/ensayo-ia-y-observabilidad/modelos-de-ia/acoplamientos-con-el-sv/03-api-directa/openai/gpt-6.1-sol/acceso/src/bin/sv-cerrar-catalogo.rs","12151","f4fc21ca4bf94a4e8a77f3d1009486111dad6695","https://github.com/juantoniolloretegea/SV-motor/blob/02d5aee5fafe71105e2a451273adba888e87308a/laboratorio/ensayo-ia-y-observabilidad/modelos-de-ia/acoplamientos-con-el-sv/03-api-directa/openai/gpt-6.1-sol/acceso/src/bin/sv-cerrar-catalogo.rs"
"SV-motor","ensayo-ia-y-observabilidad","02d5aee5fafe71105e2a451273adba888e87308a","laboratorio/ensayo-ia-y-observabilidad/modelos-de-ia/acoplamientos-con-el-sv/03-api-directa/openai/gpt-6.1-sol/acceso/src/bin/sv-cotejar-publicacion.rs","1872","369168292b454dacabd408029da6b222f10aed53","https://github.com/juantoniolloretegea/SV-motor/blob/02d5aee5fafe71105e2a451273adba888e87308a/laboratorio/ensayo-ia-y-observabilidad/modelos-de-ia/acoplamientos-con-el-sv/03-api-directa/openai/gpt-6.1-sol/acceso/src/bin/sv-cotejar-publicacion.rs"
"SV-motor","ensayo-ia-y-observabilidad","02d5aee5fafe71105e2a451273adba888e87308a","laboratorio/ensayo-ia-y-observabilidad/modelos-de-ia/acoplamientos-con-el-sv/03-api-directa/openai/gpt-6.1-sol/acceso/src/bin/sv-cotejo-astra.rs","7914","7b4ee985a4bb9ace3d093ab7044963a84838b2a8","https://github.com/juantoniolloretegea/SV-motor/blob/02d5aee5fafe71105e2a451273adba888e87308a/laboratorio/ensayo-ia-y-observabilidad/modelos-de-ia/acoplamientos-con-el-sv/03-api-directa/openai/gpt-6.1-sol/acceso/src/bin/sv-cotejo-astra.rs"
"SV-motor","ensayo-ia-y-observabilidad","02d5aee5fafe71105e2a451273adba888e87308a","laboratorio/ensayo-ia-y-observabilidad/modelos-de-ia/acoplamientos-con-el-sv/03-api-directa/openai/gpt-6.1-sol/acceso/src/bin/sv-cotejo-remisiones.rs","3456","0945a61783454b1f1c60e6b0d1a39dc7cca6983c","https://github.com/juantoniolloretegea/SV-motor/blob/02d5aee5fafe71105e2a451273adba888e87308a/laboratorio/ensayo-ia-y-observabilidad/modelos-de-ia/acoplamientos-con-el-sv/03-api-directa/openai/gpt-6.1-sol/acceso/src/bin/sv-cotejo-remisiones.rs"
"SV-motor","ensayo-ia-y-observabilidad","02d5aee5fafe71105e2a451273adba888e87308a","laboratorio/ensayo-ia-y-observabilidad/modelos-de-ia/acoplamientos-con-el-sv/03-api-directa/openai/gpt-6.1-sol/acceso/src/bin/sv-custodia-catalogo.rs","6295","a736676a02c16378a4d0b8f23768811ca5d77d1a","https://github.com/juantoniolloretegea/SV-motor/blob/02d5aee5fafe71105e2a451273adba888e87308a/laboratorio/ensayo-ia-y-observabilidad/modelos-de-ia/acoplamientos-con-el-sv/03-api-directa/openai/gpt-6.1-sol/acceso/src/bin/sv-custodia-catalogo.rs"
"SV-motor","ensayo-ia-y-observabilidad","02d5aee5fafe71105e2a451273adba888e87308a","laboratorio/ensayo-ia-y-observabilidad/modelos-de-ia/acoplamientos-con-el-sv/03-api-directa/openai/gpt-6.1-sol/acceso/src/bin/sv-custodia-tercera.rs","6322","027922c99bcdbf9713ae79f7834f316b3713372e","https://github.com/juantoniolloretegea/SV-motor/blob/02d5aee5fafe71105e2a451273adba888e87308a/laboratorio/ensayo-ia-y-observabilidad/modelos-de-ia/acoplamientos-con-el-sv/03-api-directa/openai/gpt-6.1-sol/acceso/src/bin/sv-custodia-tercera.rs"
"SV-motor","ensayo-ia-y-observabilidad","02d5aee5fafe71105e2a451273adba888e87308a","laboratorio/ensayo-ia-y-observabilidad/modelos-de-ia/acoplamientos-con-el-sv/03-api-directa/openai/gpt-6.1-sol/acceso/src/bin/sv-hitos-astra.rs","9387","e4a0ec14e96053ae562fdf7ae99084fd280d0264","https://github.com/juantoniolloretegea/SV-motor/blob/02d5aee5fafe71105e2a451273adba888e87308a/laboratorio/ensayo-ia-y-observabilidad/modelos-de-ia/acoplamientos-con-el-sv/03-api-directa/openai/gpt-6.1-sol/acceso/src/bin/sv-hitos-astra.rs"
"SV-motor","ensayo-ia-y-observabilidad","02d5aee5fafe71105e2a451273adba888e87308a","laboratorio/ensayo-ia-y-observabilidad/modelos-de-ia/acoplamientos-con-el-sv/03-api-directa/openai/gpt-6.1-sol/acceso/src/bin/sv-incidencia-examen25.rs","2434","f5cb3834f08d02fc6ebebc2100ba4437659ad1e6","https://github.com/juantoniolloretegea/SV-motor/blob/02d5aee5fafe71105e2a451273adba888e87308a/laboratorio/ensayo-ia-y-observabilidad/modelos-de-ia/acoplamientos-con-el-sv/03-api-directa/openai/gpt-6.1-sol/acceso/src/bin/sv-incidencia-examen25.rs"
"SV-motor","ensayo-ia-y-observabilidad","02d5aee5fafe71105e2a451273adba888e87308a","laboratorio/ensayo-ia-y-observabilidad/modelos-de-ia/acoplamientos-con-el-sv/03-api-directa/openai/gpt-6.1-sol/acceso/src/bin/sv-incidencia-servicio-openai.rs","3960","18d4ab0c52dfc042fc79df1924f4df661a8288e7","https://github.com/juantoniolloretegea/SV-motor/blob/02d5aee5fafe71105e2a451273adba888e87308a/laboratorio/ensayo-ia-y-observabilidad/modelos-de-ia/acoplamientos-con-el-sv/03-api-directa/openai/gpt-6.1-sol/acceso/src/bin/sv-incidencia-servicio-openai.rs"
"SV-motor","ensayo-ia-y-observabilidad","02d5aee5fafe71105e2a451273adba888e87308a","laboratorio/ensayo-ia-y-observabilidad/modelos-de-ia/acoplamientos-con-el-sv/03-api-directa/openai/gpt-6.1-sol/acceso/src/bin/sv-metricas-doble.rs","6554","3b1e5a893050fb88571f82077fca99f67d4defa9","https://github.com/juantoniolloretegea/SV-motor/blob/02d5aee5fafe71105e2a451273adba888e87308a/laboratorio/ensayo-ia-y-observabilidad/modelos-de-ia/acoplamientos-con-el-sv/03-api-directa/openai/gpt-6.1-sol/acceso/src/bin/sv-metricas-doble.rs"
"SV-motor","ensayo-ia-y-observabilidad","02d5aee5fafe71105e2a451273adba888e87308a","laboratorio/ensayo-ia-y-observabilidad/modelos-de-ia/acoplamientos-con-el-sv/03-api-directa/openai/gpt-6.1-sol/acceso/src/bin/sv-metricas-examen25-conjunto.rs","6583","4bff5eb8ed9c203d0cc6757cb19e60fdf2d14587","https://github.com/juantoniolloretegea/SV-motor/blob/02d5aee5fafe71105e2a451273adba888e87308a/laboratorio/ensayo-ia-y-observabilidad/modelos-de-ia/acoplamientos-con-el-sv/03-api-directa/openai/gpt-6.1-sol/acceso/src/bin/sv-metricas-examen25-conjunto.rs"
"SV-motor","ensayo-ia-y-observabilidad","02d5aee5fafe71105e2a451273adba888e87308a","laboratorio/ensayo-ia-y-observabilidad/modelos-de-ia/acoplamientos-con-el-sv/03-api-directa/openai/gpt-6.1-sol/acceso/src/bin/sv-metricas-examen25.rs","6554","ba335170416762acd675678eae26d899422eaa63","https://github.com/juantoniolloretegea/SV-motor/blob/02d5aee5fafe71105e2a451273adba888e87308a/laboratorio/ensayo-ia-y-observabilidad/modelos-de-ia/acoplamientos-con-el-sv/03-api-directa/openai/gpt-6.1-sol/acceso/src/bin/sv-metricas-examen25.rs"
"SV-motor","ensayo-ia-y-observabilidad","02d5aee5fafe71105e2a451273adba888e87308a","laboratorio/ensayo-ia-y-observabilidad/modelos-de-ia/acoplamientos-con-el-sv/03-api-directa/openai/gpt-6.1-sol/acceso/src/bin/sv-preparar-astra.rs","11995","a163a27f35b82c38f7a8eb394f97a1171ec218a1","https://github.com/juantoniolloretegea/SV-motor/blob/02d5aee5fafe71105e2a451273adba888e87308a/laboratorio/ensayo-ia-y-observabilidad/modelos-de-ia/acoplamientos-con-el-sv/03-api-directa/openai/gpt-6.1-sol/acceso/src/bin/sv-preparar-astra.rs"
"SV-motor","ensayo-ia-y-observabilidad","02d5aee5fafe71105e2a451273adba888e87308a","laboratorio/ensayo-ia-y-observabilidad/modelos-de-ia/acoplamientos-con-el-sv/03-api-directa/openai/gpt-6.1-sol/acceso/src/bin/sv-recebir-catalogo.rs","354","ef4daf034ddcffbc8133798629fe3c1823a9968c","https://github.com/juantoniolloretegea/SV-motor/blob/02d5aee5fafe71105e2a451273adba888e87308a/laboratorio/ensayo-ia-y-observabilidad/modelos-de-ia/acoplamientos-con-el-sv/03-api-directa/openai/gpt-6.1-sol/acceso/src/bin/sv-recebir-catalogo.rs"
"SV-motor","ensayo-ia-y-observabilidad","02d5aee5fafe71105e2a451273adba888e87308a","laboratorio/ensayo-ia-y-observabilidad/modelos-de-ia/acoplamientos-con-el-sv/03-api-directa/openai/gpt-6.1-sol/acceso/src/bin/sv-recepcion-entrega.rs","10747","bed4dd430bd285af0bad8b71f59fac197aa932e1","https://github.com/juantoniolloretegea/SV-motor/blob/02d5aee5fafe71105e2a451273adba888e87308a/laboratorio/ensayo-ia-y-observabilidad/modelos-de-ia/acoplamientos-con-el-sv/03-api-directa/openai/gpt-6.1-sol/acceso/src/bin/sv-recepcion-entrega.rs"
"SV-motor","ensayo-ia-y-observabilidad","02d5aee5fafe71105e2a451273adba888e87308a","laboratorio/ensayo-ia-y-observabilidad/modelos-de-ia/acoplamientos-con-el-sv/03-api-directa/openai/gpt-6.1-sol/acceso/src/bin/sv-recepcion-instrumentada.rs","7022","50459b85b1b3fca99a07c2c72a3afdcb2c8420d5","https://github.com/juantoniolloretegea/SV-motor/blob/02d5aee5fafe71105e2a451273adba888e87308a/laboratorio/ensayo-ia-y-observabilidad/modelos-de-ia/acoplamientos-con-el-sv/03-api-directa/openai/gpt-6.1-sol/acceso/src/bin/sv-recepcion-instrumentada.rs"
"SV-motor","ensayo-ia-y-observabilidad","02d5aee5fafe71105e2a451273adba888e87308a","laboratorio/ensayo-ia-y-observabilidad/modelos-de-ia/acoplamientos-con-el-sv/03-api-directa/openai/gpt-6.1-sol/acceso/src/bin/sv-recibir-examen25-conjunto/main.rs","5930","3bba72ab86d33b3b404f6cad851fcf9cb6bb3fd2","https://github.com/juantoniolloretegea/SV-motor/blob/02d5aee5fafe71105e2a451273adba888e87308a/laboratorio/ensayo-ia-y-observabilidad/modelos-de-ia/acoplamientos-con-el-sv/03-api-directa/openai/gpt-6.1-sol/acceso/src/bin/sv-recibir-examen25-conjunto/main.rs"
"SV-motor","ensayo-ia-y-observabilidad","02d5aee5fafe71105e2a451273adba888e87308a","laboratorio/ensayo-ia-y-observabilidad/modelos-de-ia/acoplamientos-con-el-sv/03-api-directa/openai/gpt-6.1-sol/acceso/src/bin/sv-recibir-examen25-parcial/main.rs","5908","50281f88257747033a0ffa9a86b3eae2d8334d7a","https://github.com/juantoniolloretegea/SV-motor/blob/02d5aee5fafe71105e2a451273adba888e87308a/laboratorio/ensayo-ia-y-observabilidad/modelos-de-ia/acoplamientos-con-el-sv/03-api-directa/openai/gpt-6.1-sol/acceso/src/bin/sv-recibir-examen25-parcial/main.rs"
"SV-motor","ensayo-ia-y-observabilidad","02d5aee5fafe71105e2a451273adba888e87308a","laboratorio/ensayo-ia-y-observabilidad/modelos-de-ia/acoplamientos-con-el-sv/03-api-directa/openai/gpt-6.1-sol/acceso/src/bin/sv-resumen-doble.rs","2305","86252187f241488d1f818d1b4d48a85205e5a8f6","https://github.com/juantoniolloretegea/SV-motor/blob/02d5aee5fafe71105e2a451273adba888e87308a/laboratorio/ensayo-ia-y-observabilidad/modelos-de-ia/acoplamientos-con-el-sv/03-api-directa/openai/gpt-6.1-sol/acceso/src/bin/sv-resumen-doble.rs"
"SV-motor","ensayo-ia-y-observabilidad","02d5aee5fafe71105e2a451273adba888e87308a","laboratorio/ensayo-ia-y-observabilidad/modelos-de-ia/acoplamientos-con-el-sv/03-api-directa/openai/gpt-6.1-sol/acceso/src/bin/sv-resumen-examen25.rs","2503","1238e08490fc25cf974817f7c3a3f7e19f400edd","https://github.com/juantoniolloretegea/SV-motor/blob/02d5aee5fafe71105e2a451273adba888e87308a/laboratorio/ensayo-ia-y-observabilidad/modelos-de-ia/acoplamientos-con-el-sv/03-api-directa/openai/gpt-6.1-sol/acceso/src/bin/sv-resumen-examen25.rs"
"SV-motor","ensayo-ia-y-observabilidad","02d5aee5fafe71105e2a451273adba888e87308a","laboratorio/ensayo-ia-y-observabilidad/modelos-de-ia/acoplamientos-con-el-sv/03-api-directa/openai/gpt-6.1-sol/acceso/src/bin/sv-revisar-citas-pdf.rs","6515","42b233f4e3b097e1e01307c1657b7f1aeccfb281","https://github.com/juantoniolloretegea/SV-motor/blob/02d5aee5fafe71105e2a451273adba888e87308a/laboratorio/ensayo-ia-y-observabilidad/modelos-de-ia/acoplamientos-con-el-sv/03-api-directa/openai/gpt-6.1-sol/acceso/src/bin/sv-revisar-citas-pdf.rs"
"SV-motor","ensayo-ia-y-observabilidad","02d5aee5fafe71105e2a451273adba888e87308a","laboratorio/ensayo-ia-y-observabilidad/modelos-de-ia/acoplamientos-con-el-sv/03-api-directa/openai/gpt-6.1-sol/acceso/src/bin/sv-servicio-examen25.rs","5324","c6ebbb4b12c1772f87f1f069ae3335efc8ba2447","https://github.com/juantoniolloretegea/SV-motor/blob/02d5aee5fafe71105e2a451273adba888e87308a/laboratorio/ensayo-ia-y-observabilidad/modelos-de-ia/acoplamientos-con-el-sv/03-api-directa/openai/gpt-6.1-sol/acceso/src/bin/sv-servicio-examen25.rs"
"SV-motor","ensayo-ia-y-observabilidad","02d5aee5fafe71105e2a451273adba888e87308a","laboratorio/ensayo-ia-y-observabilidad/modelos-de-ia/acoplamientos-con-el-sv/03-api-directa/openai/gpt-6.1-sol/acceso/src/bin/sv-verificar-paquetes.rs","1512","ca0016e76176fefd54c63c644428d052e6514508","https://github.com/juantoniolloretegea/SV-motor/blob/02d5aee5fafe71105e2a451273adba888e87308a/laboratorio/ensayo-ia-y-observabilidad/modelos-de-ia/acoplamientos-con-el-sv/03-api-directa/openai/gpt-6.1-sol/acceso/src/bin/sv-verificar-paquetes.rs"
"SV-motor","ensayo-ia-y-observabilidad","02d5aee5fafe71105e2a451273adba888e87308a","laboratorio/ensayo-ia-y-observabilidad/modelos-de-ia/acoplamientos-con-el-sv/03-api-directa/openai/gpt-6.1-sol/acceso/src/catalogo/contrato.rs","2586","5061b0d85e90b9d378350c2f071aa229c066d98c","https://github.com/juantoniolloretegea/SV-motor/blob/02d5aee5fafe71105e2a451273adba888e87308a/laboratorio/ensayo-ia-y-observabilidad/modelos-de-ia/acoplamientos-con-el-sv/03-api-directa/openai/gpt-6.1-sol/acceso/src/catalogo/contrato.rs"
"SV-motor","ensayo-ia-y-observabilidad","02d5aee5fafe71105e2a451273adba888e87308a","laboratorio/ensayo-ia-y-observabilidad/modelos-de-ia/acoplamientos-con-el-sv/03-api-directa/openai/gpt-6.1-sol/acceso/src/catalogo/estricto.rs","2718","fb83b1247487bb7111853163cf7e78b27cfc0b1a","https://github.com/juantoniolloretegea/SV-motor/blob/02d5aee5fafe71105e2a451273adba888e87308a/laboratorio/ensayo-ia-y-observabilidad/modelos-de-ia/acoplamientos-con-el-sv/03-api-directa/openai/gpt-6.1-sol/acceso/src/catalogo/estricto.rs"
"SV-motor","ensayo-ia-y-observabilidad","02d5aee5fafe71105e2a451273adba888e87308a","laboratorio/ensayo-ia-y-observabilidad/modelos-de-ia/acoplamientos-con-el-sv/03-api-directa/openai/gpt-6.1-sol/acceso/src/catalogo/mod.rs","24601","e5c5c2da22da0f144d12e2a457b763aed22ed188","https://github.com/juantoniolloretegea/SV-motor/blob/02d5aee5fafe71105e2a451273adba888e87308a/laboratorio/ensayo-ia-y-observabilidad/modelos-de-ia/acoplamientos-con-el-sv/03-api-directa/openai/gpt-6.1-sol/acceso/src/catalogo/mod.rs"
"SV-motor","ensayo-ia-y-observabilidad","02d5aee5fafe71105e2a451273adba888e87308a","laboratorio/ensayo-ia-y-observabilidad/modelos-de-ia/acoplamientos-con-el-sv/03-api-directa/openai/gpt-6.1-sol/acceso/src/catalogo/puntuacion.rs","11149","ad60e539d26b1041215551a13ee10dbd7af1c40c","https://github.com/juantoniolloretegea/SV-motor/blob/02d5aee5fafe71105e2a451273adba888e87308a/laboratorio/ensayo-ia-y-observabilidad/modelos-de-ia/acoplamientos-con-el-sv/03-api-directa/openai/gpt-6.1-sol/acceso/src/catalogo/puntuacion.rs"
"SV-motor","ensayo-ia-y-observabilidad","02d5aee5fafe71105e2a451273adba888e87308a","laboratorio/ensayo-ia-y-observabilidad/modelos-de-ia/acoplamientos-con-el-sv/03-api-directa/openai/gpt-6.1-sol/acceso/src/catalogo/recepcion.rs","5116","d01e9ca16c90076bf349509170267f3f546054e8","https://github.com/juantoniolloretegea/SV-motor/blob/02d5aee5fafe71105e2a451273adba888e87308a/laboratorio/ensayo-ia-y-observabilidad/modelos-de-ia/acoplamientos-con-el-sv/03-api-directa/openai/gpt-6.1-sol/acceso/src/catalogo/recepcion.rs"
"SV-motor","ensayo-ia-y-observabilidad","02d5aee5fafe71105e2a451273adba888e87308a","laboratorio/ensayo-ia-y-observabilidad/modelos-de-ia/acoplamientos-con-el-sv/03-api-directa/openai/gpt-6.1-sol/acceso/src/entrega.rs","13750","9ee2683dd8faeaead6d1d2d86f8a0e43b4e24edd","https://github.com/juantoniolloretegea/SV-motor/blob/02d5aee5fafe71105e2a451273adba888e87308a/laboratorio/ensayo-ia-y-observabilidad/modelos-de-ia/acoplamientos-con-el-sv/03-api-directa/openai/gpt-6.1-sol/acceso/src/entrega.rs"
"SV-motor","ensayo-ia-y-observabilidad","02d5aee5fafe71105e2a451273adba888e87308a","laboratorio/ensayo-ia-y-observabilidad/modelos-de-ia/acoplamientos-con-el-sv/03-api-directa/openai/gpt-6.1-sol/acceso/src/main.rs","25892","89c95dec89aa3854e53be34e84497c291930b8a5","https://github.com/juantoniolloretegea/SV-motor/blob/02d5aee5fafe71105e2a451273adba888e87308a/laboratorio/ensayo-ia-y-observabilidad/modelos-de-ia/acoplamientos-con-el-sv/03-api-directa/openai/gpt-6.1-sol/acceso/src/main.rs"
"SV-motor","ensayo-ia-y-observabilidad","02d5aee5fafe71105e2a451273adba888e87308a","laboratorio/ensayo-ia-y-observabilidad/modelos-de-ia/acoplamientos-con-el-sv/03-api-directa/openai/gpt-6.1-sol/acceso/src/pdf.rs","21423","54193222755320ef34ea9d7a4ce84bdcc24b9b03","https://github.com/juantoniolloretegea/SV-motor/blob/02d5aee5fafe71105e2a451273adba888e87308a/laboratorio/ensayo-ia-y-observabilidad/modelos-de-ia/acoplamientos-con-el-sv/03-api-directa/openai/gpt-6.1-sol/acceso/src/pdf.rs"
"SV-motor","ensayo-ia-y-observabilidad","02d5aee5fafe71105e2a451273adba888e87308a","laboratorio/ensayo-ia-y-observabilidad/modelos-de-ia/acoplamientos-con-el-sv/03-api-directa/openai/gpt-6.1-sol/acceso/src/prueba.rs","22185","b70b23ce539daf1fccc8a4331ce0ab6c805a715e","https://github.com/juantoniolloretegea/SV-motor/blob/02d5aee5fafe71105e2a451273adba888e87308a/laboratorio/ensayo-ia-y-observabilidad/modelos-de-ia/acoplamientos-con-el-sv/03-api-directa/openai/gpt-6.1-sol/acceso/src/prueba.rs"
"SV-motor","ensayo-ia-y-observabilidad","02d5aee5fafe71105e2a451273adba888e87308a","laboratorio/ensayo-ia-y-observabilidad/modelos-de-ia/acoplamientos-con-el-sv/03-api-directa/openai/gpt-6.1-sol/acceso/src/respuesta.rs","4198","7708d268bd750189b802f174b86a312562669ab3","https://github.com/juantoniolloretegea/SV-motor/blob/02d5aee5fafe71105e2a451273adba888e87308a/laboratorio/ensayo-ia-y-observabilidad/modelos-de-ia/acoplamientos-con-el-sv/03-api-directa/openai/gpt-6.1-sol/acceso/src/respuesta.rs"
"SV-motor","ensayo-ia-y-observabilidad","02d5aee5fafe71105e2a451273adba888e87308a","laboratorio/ensayo-ia-y-observabilidad/modelos-de-ia/acoplamientos-con-el-sv/instrumentacion-rust/Cargo.lock","18346","3b38386e21c97cff9c7a122d7ac720acf0b14a19","https://github.com/juantoniolloretegea/SV-motor/blob/02d5aee5fafe71105e2a451273adba888e87308a/laboratorio/ensayo-ia-y-observabilidad/modelos-de-ia/acoplamientos-con-el-sv/instrumentacion-rust/Cargo.lock"
"SV-motor","ensayo-ia-y-observabilidad","02d5aee5fafe71105e2a451273adba888e87308a","laboratorio/ensayo-ia-y-observabilidad/modelos-de-ia/acoplamientos-con-el-sv/instrumentacion-rust/Cargo.toml","275","2b785415a67293f81c98a97aded9af7b709cce59","https://github.com/juantoniolloretegea/SV-motor/blob/02d5aee5fafe71105e2a451273adba888e87308a/laboratorio/ensayo-ia-y-observabilidad/modelos-de-ia/acoplamientos-con-el-sv/instrumentacion-rust/Cargo.toml"
"SV-motor","ensayo-ia-y-observabilidad","02d5aee5fafe71105e2a451273adba888e87308a","laboratorio/ensayo-ia-y-observabilidad/modelos-de-ia/acoplamientos-con-el-sv/instrumentacion-rust/src/lib.rs","23100","de0cb85e9ae5ee02a99dada453fd9eae55d1f2c4","https://github.com/juantoniolloretegea/SV-motor/blob/02d5aee5fafe71105e2a451273adba888e87308a/laboratorio/ensayo-ia-y-observabilidad/modelos-de-ia/acoplamientos-con-el-sv/instrumentacion-rust/src/lib.rs"
"SV-motor","ensayo-ia-y-observabilidad","02d5aee5fafe71105e2a451273adba888e87308a","laboratorio/ensayo-ia-y-observabilidad/modelos-de-ia/criterio-puntuacion-20261001/calcular.rs","3812","7527615e64ea03ba1d9d92c606d9d1eff64d8804","https://github.com/juantoniolloretegea/SV-motor/blob/02d5aee5fafe71105e2a451273adba888e87308a/laboratorio/ensayo-ia-y-observabilidad/modelos-de-ia/criterio-puntuacion-20261001/calcular.rs"
"SV-motor","ensayo-ia-y-observabilidad","02d5aee5fafe71105e2a451273adba888e87308a","laboratorio/ensayo-ia-y-observabilidad/modelos-de-ia/model-context-protocol/0.1.0/sv-mcp-documental-0.1.0/Cargo.lock","16718","14fc38a8a93d13bf8401378e71fff146b5b7d166","https://github.com/juantoniolloretegea/SV-motor/blob/02d5aee5fafe71105e2a451273adba888e87308a/laboratorio/ensayo-ia-y-observabilidad/modelos-de-ia/model-context-protocol/0.1.0/sv-mcp-documental-0.1.0/Cargo.lock"
"SV-motor","ensayo-ia-y-observabilidad","02d5aee5fafe71105e2a451273adba888e87308a","laboratorio/ensayo-ia-y-observabilidad/modelos-de-ia/model-context-protocol/0.1.0/sv-mcp-documental-0.1.0/Cargo.toml","298","afda601f0d8658d82ae8ac3d57ce975b2052c85b","https://github.com/juantoniolloretegea/SV-motor/blob/02d5aee5fafe71105e2a451273adba888e87308a/laboratorio/ensayo-ia-y-observabilidad/modelos-de-ia/model-context-protocol/0.1.0/sv-mcp-documental-0.1.0/Cargo.toml"
"SV-motor","ensayo-ia-y-observabilidad","02d5aee5fafe71105e2a451273adba888e87308a","laboratorio/ensayo-ia-y-observabilidad/modelos-de-ia/model-context-protocol/0.1.0/sv-mcp-documental-0.1.0/fuentes/pdq.html","88147","a79446c898598b5e88223c4127a5c83801421804","https://github.com/juantoniolloretegea/SV-motor/blob/02d5aee5fafe71105e2a451273adba888e87308a/laboratorio/ensayo-ia-y-observabilidad/modelos-de-ia/model-context-protocol/0.1.0/sv-mcp-documental-0.1.0/fuentes/pdq.html"
"SV-motor","ensayo-ia-y-observabilidad","02d5aee5fafe71105e2a451273adba888e87308a","laboratorio/ensayo-ia-y-observabilidad/modelos-de-ia/model-context-protocol/0.1.0/sv-mcp-documental-0.1.0/rust-toolchain.toml","52","f6897ea2c391879f5781b080c683671b5b14a778","https://github.com/juantoniolloretegea/SV-motor/blob/02d5aee5fafe71105e2a451273adba888e87308a/laboratorio/ensayo-ia-y-observabilidad/modelos-de-ia/model-context-protocol/0.1.0/sv-mcp-documental-0.1.0/rust-toolchain.toml"
"SV-motor","ensayo-ia-y-observabilidad","02d5aee5fafe71105e2a451273adba888e87308a","laboratorio/ensayo-ia-y-observabilidad/modelos-de-ia/model-context-protocol/0.1.0/sv-mcp-documental-0.1.0/src/bin/comprobar-mcp.rs","5579","559290b479027557d688fc0e26ec936cb1addd60","https://github.com/juantoniolloretegea/SV-motor/blob/02d5aee5fafe71105e2a451273adba888e87308a/laboratorio/ensayo-ia-y-observabilidad/modelos-de-ia/model-context-protocol/0.1.0/sv-mcp-documental-0.1.0/src/bin/comprobar-mcp.rs"
"SV-motor","ensayo-ia-y-observabilidad","02d5aee5fafe71105e2a451273adba888e87308a","laboratorio/ensayo-ia-y-observabilidad/modelos-de-ia/model-context-protocol/0.1.0/sv-mcp-documental-0.1.0/src/bin/importar-pdq.rs","3202","515bc1fbf5ad3f3c1b8413fb650bfac2568a4aac","https://github.com/juantoniolloretegea/SV-motor/blob/02d5aee5fafe71105e2a451273adba888e87308a/laboratorio/ensayo-ia-y-observabilidad/modelos-de-ia/model-context-protocol/0.1.0/sv-mcp-documental-0.1.0/src/bin/importar-pdq.rs"
"SV-motor","ensayo-ia-y-observabilidad","02d5aee5fafe71105e2a451273adba888e87308a","laboratorio/ensayo-ia-y-observabilidad/modelos-de-ia/model-context-protocol/0.1.0/sv-mcp-documental-0.1.0/src/lib.rs","13736","5f75f67a37fc676b3e4badcffc5e4aef8c5d803a","https://github.com/juantoniolloretegea/SV-motor/blob/02d5aee5fafe71105e2a451273adba888e87308a/laboratorio/ensayo-ia-y-observabilidad/modelos-de-ia/model-context-protocol/0.1.0/sv-mcp-documental-0.1.0/src/lib.rs"
"SV-motor","ensayo-ia-y-observabilidad","02d5aee5fafe71105e2a451273adba888e87308a","laboratorio/ensayo-ia-y-observabilidad/modelos-de-ia/model-context-protocol/0.1.0/sv-mcp-documental-0.1.0/src/main.rs","2877","87d2aef611b8099a559fa7eca5093a0ea26658e4","https://github.com/juantoniolloretegea/SV-motor/blob/02d5aee5fafe71105e2a451273adba888e87308a/laboratorio/ensayo-ia-y-observabilidad/modelos-de-ia/model-context-protocol/0.1.0/sv-mcp-documental-0.1.0/src/main.rs"
"SV-motor","ensayo-ia-y-observabilidad","02d5aee5fafe71105e2a451273adba888e87308a","laboratorio/ensayo-ia-y-observabilidad/modelos-de-ia/model-context-protocol/0.1.0/sv-mcp-documental-0.1.0/tests/protocolo.rs","5449","cfbd97bb0629d9824bed06583b63fc77743c2840","https://github.com/juantoniolloretegea/SV-motor/blob/02d5aee5fafe71105e2a451273adba888e87308a/laboratorio/ensayo-ia-y-observabilidad/modelos-de-ia/model-context-protocol/0.1.0/sv-mcp-documental-0.1.0/tests/protocolo.rs"
"SV-motor","ensayo-ia-y-observabilidad","02d5aee5fafe71105e2a451273adba888e87308a","laboratorio/ensayo-ia-y-observabilidad/modelos-de-ia/model-context-protocol/0.1.1/Cargo.lock","38132","63a67ecefdb4449eff6f1dcfef943dcbbf0f603a","https://github.com/juantoniolloretegea/SV-motor/blob/02d5aee5fafe71105e2a451273adba888e87308a/laboratorio/ensayo-ia-y-observabilidad/modelos-de-ia/model-context-protocol/0.1.1/Cargo.lock"
"SV-motor","ensayo-ia-y-observabilidad","02d5aee5fafe71105e2a451273adba888e87308a","laboratorio/ensayo-ia-y-observabilidad/modelos-de-ia/model-context-protocol/0.1.1/Cargo.toml","485","b159853566ae1aa08fba300d0ede4516173c8546","https://github.com/juantoniolloretegea/SV-motor/blob/02d5aee5fafe71105e2a451273adba888e87308a/laboratorio/ensayo-ia-y-observabilidad/modelos-de-ia/model-context-protocol/0.1.1/Cargo.toml"
"SV-motor","ensayo-ia-y-observabilidad","02d5aee5fafe71105e2a451273adba888e87308a","laboratorio/ensayo-ia-y-observabilidad/modelos-de-ia/model-context-protocol/0.1.1/rust-toolchain.toml","52","f6897ea2c391879f5781b080c683671b5b14a778","https://github.com/juantoniolloretegea/SV-motor/blob/02d5aee5fafe71105e2a451273adba888e87308a/laboratorio/ensayo-ia-y-observabilidad/modelos-de-ia/model-context-protocol/0.1.1/rust-toolchain.toml"
"SV-motor","ensayo-ia-y-observabilidad","02d5aee5fafe71105e2a451273adba888e87308a","laboratorio/ensayo-ia-y-observabilidad/modelos-de-ia/model-context-protocol/0.1.1/src/aislamiento.rs","1666","11de870e8d55a95c45e1eae184871f6814208078","https://github.com/juantoniolloretegea/SV-motor/blob/02d5aee5fafe71105e2a451273adba888e87308a/laboratorio/ensayo-ia-y-observabilidad/modelos-de-ia/model-context-protocol/0.1.1/src/aislamiento.rs"
"SV-motor","ensayo-ia-y-observabilidad","02d5aee5fafe71105e2a451273adba888e87308a","laboratorio/ensayo-ia-y-observabilidad/modelos-de-ia/model-context-protocol/0.1.1/src/bin/comprobaciones-extra.rs","2246","8115a18c215ef577483fb8b644901ce2f4e24bcc","https://github.com/juantoniolloretegea/SV-motor/blob/02d5aee5fafe71105e2a451273adba888e87308a/laboratorio/ensayo-ia-y-observabilidad/modelos-de-ia/model-context-protocol/0.1.1/src/bin/comprobaciones-extra.rs"
"SV-motor","ensayo-ia-y-observabilidad","02d5aee5fafe71105e2a451273adba888e87308a","laboratorio/ensayo-ia-y-observabilidad/modelos-de-ia/model-context-protocol/0.1.1/src/bin/comprobar-mcp.rs","5579","559290b479027557d688fc0e26ec936cb1addd60","https://github.com/juantoniolloretegea/SV-motor/blob/02d5aee5fafe71105e2a451273adba888e87308a/laboratorio/ensayo-ia-y-observabilidad/modelos-de-ia/model-context-protocol/0.1.1/src/bin/comprobar-mcp.rs"
"SV-motor","ensayo-ia-y-observabilidad","02d5aee5fafe71105e2a451273adba888e87308a","laboratorio/ensayo-ia-y-observabilidad/modelos-de-ia/model-context-protocol/0.1.1/src/bin/empaquetar.rs","1135","25b5755b21d7b295437791d7888c252a8cb7508b","https://github.com/juantoniolloretegea/SV-motor/blob/02d5aee5fafe71105e2a451273adba888e87308a/laboratorio/ensayo-ia-y-observabilidad/modelos-de-ia/model-context-protocol/0.1.1/src/bin/empaquetar.rs"
"SV-motor","ensayo-ia-y-observabilidad","02d5aee5fafe71105e2a451273adba888e87308a","laboratorio/ensayo-ia-y-observabilidad/modelos-de-ia/model-context-protocol/0.1.1/src/bin/ensayo-local.rs","9772","436672aae29135c4aad2520ad61b37503f40377e","https://github.com/juantoniolloretegea/SV-motor/blob/02d5aee5fafe71105e2a451273adba888e87308a/laboratorio/ensayo-ia-y-observabilidad/modelos-de-ia/model-context-protocol/0.1.1/src/bin/ensayo-local.rs"
"SV-motor","ensayo-ia-y-observabilidad","02d5aee5fafe71105e2a451273adba888e87308a","laboratorio/ensayo-ia-y-observabilidad/modelos-de-ia/model-context-protocol/0.1.1/src/bin/importar-pdq.rs","3202","515bc1fbf5ad3f3c1b8413fb650bfac2568a4aac","https://github.com/juantoniolloretegea/SV-motor/blob/02d5aee5fafe71105e2a451273adba888e87308a/laboratorio/ensayo-ia-y-observabilidad/modelos-de-ia/model-context-protocol/0.1.1/src/bin/importar-pdq.rs"
"SV-motor","ensayo-ia-y-observabilidad","02d5aee5fafe71105e2a451273adba888e87308a","laboratorio/ensayo-ia-y-observabilidad/modelos-de-ia/model-context-protocol/0.1.1/src/bin/inventariar.rs","2087","333d7c9463b720dac48debc75f62601e4f38eb86","https://github.com/juantoniolloretegea/SV-motor/blob/02d5aee5fafe71105e2a451273adba888e87308a/laboratorio/ensayo-ia-y-observabilidad/modelos-de-ia/model-context-protocol/0.1.1/src/bin/inventariar.rs"
"SV-motor","ensayo-ia-y-observabilidad","02d5aee5fafe71105e2a451273adba888e87308a","laboratorio/ensayo-ia-y-observabilidad/modelos-de-ia/model-context-protocol/0.1.1/src/bin/observar.rs","707","6df6f54375684a0ac9a56a827708bd8e922567ee","https://github.com/juantoniolloretegea/SV-motor/blob/02d5aee5fafe71105e2a451273adba888e87308a/laboratorio/ensayo-ia-y-observabilidad/modelos-de-ia/model-context-protocol/0.1.1/src/bin/observar.rs"
"SV-motor","ensayo-ia-y-observabilidad","02d5aee5fafe71105e2a451273adba888e87308a","laboratorio/ensayo-ia-y-observabilidad/modelos-de-ia/model-context-protocol/0.1.1/src/bin/prueba-cliente.rs","2955","0043b9e562bc11ea1625cd5d0c34a6eb680888ac","https://github.com/juantoniolloretegea/SV-motor/blob/02d5aee5fafe71105e2a451273adba888e87308a/laboratorio/ensayo-ia-y-observabilidad/modelos-de-ia/model-context-protocol/0.1.1/src/bin/prueba-cliente.rs"
"SV-motor","ensayo-ia-y-observabilidad","02d5aee5fafe71105e2a451273adba888e87308a","laboratorio/ensayo-ia-y-observabilidad/modelos-de-ia/model-context-protocol/0.1.1/src/custodia.rs","8939","0782c238efa3983ec04c05590e181fcdb9bea6dc","https://github.com/juantoniolloretegea/SV-motor/blob/02d5aee5fafe71105e2a451273adba888e87308a/laboratorio/ensayo-ia-y-observabilidad/modelos-de-ia/model-context-protocol/0.1.1/src/custodia.rs"
"SV-motor","ensayo-ia-y-observabilidad","02d5aee5fafe71105e2a451273adba888e87308a","laboratorio/ensayo-ia-y-observabilidad/modelos-de-ia/model-context-protocol/0.1.1/src/lib.rs","17104","c1e3876d5ca1d5ce98769552a4ab8b46ee3473f8","https://github.com/juantoniolloretegea/SV-motor/blob/02d5aee5fafe71105e2a451273adba888e87308a/laboratorio/ensayo-ia-y-observabilidad/modelos-de-ia/model-context-protocol/0.1.1/src/lib.rs"
"SV-motor","ensayo-ia-y-observabilidad","02d5aee5fafe71105e2a451273adba888e87308a","laboratorio/ensayo-ia-y-observabilidad/modelos-de-ia/model-context-protocol/0.1.1/src/main.rs","3072","d06b6ea5f0a2d54c1f48bf78f5b7f344acd165e0","https://github.com/juantoniolloretegea/SV-motor/blob/02d5aee5fafe71105e2a451273adba888e87308a/laboratorio/ensayo-ia-y-observabilidad/modelos-de-ia/model-context-protocol/0.1.1/src/main.rs"
"SV-motor","ensayo-ia-y-observabilidad","02d5aee5fafe71105e2a451273adba888e87308a","laboratorio/ensayo-ia-y-observabilidad/modelos-de-ia/model-context-protocol/0.1.1/tests/protocolo.rs","5449","cfbd97bb0629d9824bed06583b63fc77743c2840","https://github.com/juantoniolloretegea/SV-motor/blob/02d5aee5fafe71105e2a451273adba888e87308a/laboratorio/ensayo-ia-y-observabilidad/modelos-de-ia/model-context-protocol/0.1.1/tests/protocolo.rs"
"SV-motor","ensayo-ia-y-observabilidad","02d5aee5fafe71105e2a451273adba888e87308a","laboratorio/ensayo-ia-y-observabilidad/modelos-de-ia/model-context-protocol/0.1.2/Cargo.lock","38132","cd7097753d1abea01d84aca48dcad7dacb35d602","https://github.com/juantoniolloretegea/SV-motor/blob/02d5aee5fafe71105e2a451273adba888e87308a/laboratorio/ensayo-ia-y-observabilidad/modelos-de-ia/model-context-protocol/0.1.2/Cargo.lock"
"SV-motor","ensayo-ia-y-observabilidad","02d5aee5fafe71105e2a451273adba888e87308a","laboratorio/ensayo-ia-y-observabilidad/modelos-de-ia/model-context-protocol/0.1.2/Cargo.toml","485","b55109e9f7cf5e3af3bac0fc0bb7a35bd9ca731a","https://github.com/juantoniolloretegea/SV-motor/blob/02d5aee5fafe71105e2a451273adba888e87308a/laboratorio/ensayo-ia-y-observabilidad/modelos-de-ia/model-context-protocol/0.1.2/Cargo.toml"
"SV-motor","ensayo-ia-y-observabilidad","02d5aee5fafe71105e2a451273adba888e87308a","laboratorio/ensayo-ia-y-observabilidad/modelos-de-ia/model-context-protocol/0.1.2/rust-toolchain.toml","52","f6897ea2c391879f5781b080c683671b5b14a778","https://github.com/juantoniolloretegea/SV-motor/blob/02d5aee5fafe71105e2a451273adba888e87308a/laboratorio/ensayo-ia-y-observabilidad/modelos-de-ia/model-context-protocol/0.1.2/rust-toolchain.toml"
"SV-motor","ensayo-ia-y-observabilidad","02d5aee5fafe71105e2a451273adba888e87308a","laboratorio/ensayo-ia-y-observabilidad/modelos-de-ia/model-context-protocol/0.1.2/src/aislamiento.rs","1666","11de870e8d55a95c45e1eae184871f6814208078","https://github.com/juantoniolloretegea/SV-motor/blob/02d5aee5fafe71105e2a451273adba888e87308a/laboratorio/ensayo-ia-y-observabilidad/modelos-de-ia/model-context-protocol/0.1.2/src/aislamiento.rs"
"SV-motor","ensayo-ia-y-observabilidad","02d5aee5fafe71105e2a451273adba888e87308a","laboratorio/ensayo-ia-y-observabilidad/modelos-de-ia/model-context-protocol/0.1.2/src/bin/cliente-minimo.rs","9726","326350dbca0c8883928bf863e9b3546e91f86a69","https://github.com/juantoniolloretegea/SV-motor/blob/02d5aee5fafe71105e2a451273adba888e87308a/laboratorio/ensayo-ia-y-observabilidad/modelos-de-ia/model-context-protocol/0.1.2/src/bin/cliente-minimo.rs"
"SV-motor","ensayo-ia-y-observabilidad","02d5aee5fafe71105e2a451273adba888e87308a","laboratorio/ensayo-ia-y-observabilidad/modelos-de-ia/model-context-protocol/0.1.2/src/bin/observar-minimo.rs","716","a6273f5d1323451b30f22222a7ff813d8f803228","https://github.com/juantoniolloretegea/SV-motor/blob/02d5aee5fafe71105e2a451273adba888e87308a/laboratorio/ensayo-ia-y-observabilidad/modelos-de-ia/model-context-protocol/0.1.2/src/bin/observar-minimo.rs"
"SV-motor","ensayo-ia-y-observabilidad","02d5aee5fafe71105e2a451273adba888e87308a","laboratorio/ensayo-ia-y-observabilidad/modelos-de-ia/model-context-protocol/0.1.2/src/custodia.rs","8939","0782c238efa3983ec04c05590e181fcdb9bea6dc","https://github.com/juantoniolloretegea/SV-motor/blob/02d5aee5fafe71105e2a451273adba888e87308a/laboratorio/ensayo-ia-y-observabilidad/modelos-de-ia/model-context-protocol/0.1.2/src/custodia.rs"
"SV-motor","ensayo-ia-y-observabilidad","02d5aee5fafe71105e2a451273adba888e87308a","laboratorio/ensayo-ia-y-observabilidad/modelos-de-ia/model-context-protocol/0.1.2/src/lib.rs","17126","3ed9b3b667e999217ae302e5dfd5990494c44574","https://github.com/juantoniolloretegea/SV-motor/blob/02d5aee5fafe71105e2a451273adba888e87308a/laboratorio/ensayo-ia-y-observabilidad/modelos-de-ia/model-context-protocol/0.1.2/src/lib.rs"
"SV-motor","ensayo-ia-y-observabilidad","02d5aee5fafe71105e2a451273adba888e87308a","laboratorio/ensayo-ia-y-observabilidad/modelos-de-ia/model-context-protocol/0.1.2/src/main.rs","3072","d06b6ea5f0a2d54c1f48bf78f5b7f344acd165e0","https://github.com/juantoniolloretegea/SV-motor/blob/02d5aee5fafe71105e2a451273adba888e87308a/laboratorio/ensayo-ia-y-observabilidad/modelos-de-ia/model-context-protocol/0.1.2/src/main.rs"
"SV-motor","ensayo-ia-y-observabilidad","02d5aee5fafe71105e2a451273adba888e87308a","laboratorio/ensayo-ia-y-observabilidad/modelos-de-ia/model-context-protocol/0.1.2/src/supervision.rs","1931","c7307fe8b5591f7a51bea3ea7915908a8bdc2e1f","https://github.com/juantoniolloretegea/SV-motor/blob/02d5aee5fafe71105e2a451273adba888e87308a/laboratorio/ensayo-ia-y-observabilidad/modelos-de-ia/model-context-protocol/0.1.2/src/supervision.rs"
"SV-motor","ensayo-ia-y-observabilidad","02d5aee5fafe71105e2a451273adba888e87308a","laboratorio/ensayo-ia-y-observabilidad/modelos-de-ia/model-context-protocol/0.1.2/tests/protocolo.rs","5449","cfbd97bb0629d9824bed06583b63fc77743c2840","https://github.com/juantoniolloretegea/SV-motor/blob/02d5aee5fafe71105e2a451273adba888e87308a/laboratorio/ensayo-ia-y-observabilidad/modelos-de-ia/model-context-protocol/0.1.2/tests/protocolo.rs"
"SV-motor","ensayo-ia-y-observabilidad","02d5aee5fafe71105e2a451273adba888e87308a","laboratorio/ensayo-ia-y-observabilidad/modelos-de-ia/model-context-protocol/0.1.3/Cargo.lock","38132","182f423bb7c16f3a416185048d58c4db1f86e46f","https://github.com/juantoniolloretegea/SV-motor/blob/02d5aee5fafe71105e2a451273adba888e87308a/laboratorio/ensayo-ia-y-observabilidad/modelos-de-ia/model-context-protocol/0.1.3/Cargo.lock"
"SV-motor","ensayo-ia-y-observabilidad","02d5aee5fafe71105e2a451273adba888e87308a","laboratorio/ensayo-ia-y-observabilidad/modelos-de-ia/model-context-protocol/0.1.3/Cargo.toml","484","00beb83c17943de6a6048b73b2a296cdb427e22a","https://github.com/juantoniolloretegea/SV-motor/blob/02d5aee5fafe71105e2a451273adba888e87308a/laboratorio/ensayo-ia-y-observabilidad/modelos-de-ia/model-context-protocol/0.1.3/Cargo.toml"
"SV-motor","ensayo-ia-y-observabilidad","02d5aee5fafe71105e2a451273adba888e87308a","laboratorio/ensayo-ia-y-observabilidad/modelos-de-ia/model-context-protocol/0.1.3/examples/preparar-custodia.rs","2311","b4c4882435150c4b1290aa6ccf9aec299762cf1f","https://github.com/juantoniolloretegea/SV-motor/blob/02d5aee5fafe71105e2a451273adba888e87308a/laboratorio/ensayo-ia-y-observabilidad/modelos-de-ia/model-context-protocol/0.1.3/examples/preparar-custodia.rs"
"SV-motor","ensayo-ia-y-observabilidad","02d5aee5fafe71105e2a451273adba888e87308a","laboratorio/ensayo-ia-y-observabilidad/modelos-de-ia/model-context-protocol/0.1.3/rust-toolchain.toml","51","f2c0da8b00dad23b818d5ad981f8e43a126e6eef","https://github.com/juantoniolloretegea/SV-motor/blob/02d5aee5fafe71105e2a451273adba888e87308a/laboratorio/ensayo-ia-y-observabilidad/modelos-de-ia/model-context-protocol/0.1.3/rust-toolchain.toml"
"SV-motor","ensayo-ia-y-observabilidad","02d5aee5fafe71105e2a451273adba888e87308a","laboratorio/ensayo-ia-y-observabilidad/modelos-de-ia/model-context-protocol/0.1.3/src/aislamiento.rs","1666","11de870e8d55a95c45e1eae184871f6814208078","https://github.com/juantoniolloretegea/SV-motor/blob/02d5aee5fafe71105e2a451273adba888e87308a/laboratorio/ensayo-ia-y-observabilidad/modelos-de-ia/model-context-protocol/0.1.3/src/aislamiento.rs"
"SV-motor","ensayo-ia-y-observabilidad","02d5aee5fafe71105e2a451273adba888e87308a","laboratorio/ensayo-ia-y-observabilidad/modelos-de-ia/model-context-protocol/0.1.3/src/auditoria.rs","6048","355ab706a1b00467d64ff9cc4df384e1cc0f8200","https://github.com/juantoniolloretegea/SV-motor/blob/02d5aee5fafe71105e2a451273adba888e87308a/laboratorio/ensayo-ia-y-observabilidad/modelos-de-ia/model-context-protocol/0.1.3/src/auditoria.rs"
"SV-motor","ensayo-ia-y-observabilidad","02d5aee5fafe71105e2a451273adba888e87308a","laboratorio/ensayo-ia-y-observabilidad/modelos-de-ia/model-context-protocol/0.1.3/src/bin/cliente-minimo.rs","9726","326350dbca0c8883928bf863e9b3546e91f86a69","https://github.com/juantoniolloretegea/SV-motor/blob/02d5aee5fafe71105e2a451273adba888e87308a/laboratorio/ensayo-ia-y-observabilidad/modelos-de-ia/model-context-protocol/0.1.3/src/bin/cliente-minimo.rs"
"SV-motor","ensayo-ia-y-observabilidad","02d5aee5fafe71105e2a451273adba888e87308a","laboratorio/ensayo-ia-y-observabilidad/modelos-de-ia/model-context-protocol/0.1.3/src/bin/observar-minimo.rs","716","a6273f5d1323451b30f22222a7ff813d8f803228","https://github.com/juantoniolloretegea/SV-motor/blob/02d5aee5fafe71105e2a451273adba888e87308a/laboratorio/ensayo-ia-y-observabilidad/modelos-de-ia/model-context-protocol/0.1.3/src/bin/observar-minimo.rs"
"SV-motor","ensayo-ia-y-observabilidad","02d5aee5fafe71105e2a451273adba888e87308a","laboratorio/ensayo-ia-y-observabilidad/modelos-de-ia/model-context-protocol/0.1.3/src/bin/verificar-diario.rs","609","e73741548264685329822e64fa284067ba30e4ff","https://github.com/juantoniolloretegea/SV-motor/blob/02d5aee5fafe71105e2a451273adba888e87308a/laboratorio/ensayo-ia-y-observabilidad/modelos-de-ia/model-context-protocol/0.1.3/src/bin/verificar-diario.rs"
"SV-motor","ensayo-ia-y-observabilidad","02d5aee5fafe71105e2a451273adba888e87308a","laboratorio/ensayo-ia-y-observabilidad/modelos-de-ia/model-context-protocol/0.1.3/src/custodia.rs","8939","0782c238efa3983ec04c05590e181fcdb9bea6dc","https://github.com/juantoniolloretegea/SV-motor/blob/02d5aee5fafe71105e2a451273adba888e87308a/laboratorio/ensayo-ia-y-observabilidad/modelos-de-ia/model-context-protocol/0.1.3/src/custodia.rs"
"SV-motor","ensayo-ia-y-observabilidad","02d5aee5fafe71105e2a451273adba888e87308a","laboratorio/ensayo-ia-y-observabilidad/modelos-de-ia/model-context-protocol/0.1.3/src/lib.rs","19786","6368323d0a12e97d55de6a81c6ab145baf937539","https://github.com/juantoniolloretegea/SV-motor/blob/02d5aee5fafe71105e2a451273adba888e87308a/laboratorio/ensayo-ia-y-observabilidad/modelos-de-ia/model-context-protocol/0.1.3/src/lib.rs"
"SV-motor","ensayo-ia-y-observabilidad","02d5aee5fafe71105e2a451273adba888e87308a","laboratorio/ensayo-ia-y-observabilidad/modelos-de-ia/model-context-protocol/0.1.3/src/main.rs","3372","9d872ce2ac3a6b1d43479f1b6b34b9407d3043a2","https://github.com/juantoniolloretegea/SV-motor/blob/02d5aee5fafe71105e2a451273adba888e87308a/laboratorio/ensayo-ia-y-observabilidad/modelos-de-ia/model-context-protocol/0.1.3/src/main.rs"
"SV-motor","ensayo-ia-y-observabilidad","02d5aee5fafe71105e2a451273adba888e87308a","laboratorio/ensayo-ia-y-observabilidad/modelos-de-ia/model-context-protocol/0.1.3/src/supervision.rs","1931","c7307fe8b5591f7a51bea3ea7915908a8bdc2e1f","https://github.com/juantoniolloretegea/SV-motor/blob/02d5aee5fafe71105e2a451273adba888e87308a/laboratorio/ensayo-ia-y-observabilidad/modelos-de-ia/model-context-protocol/0.1.3/src/supervision.rs"
"SV-motor","ensayo-ia-y-observabilidad","02d5aee5fafe71105e2a451273adba888e87308a","laboratorio/ensayo-ia-y-observabilidad/modelos-de-ia/model-context-protocol/0.1.3/tests/auditoria.rs","7367","6814bedd71031ad733371abeb5e08edc7e53ab8e","https://github.com/juantoniolloretegea/SV-motor/blob/02d5aee5fafe71105e2a451273adba888e87308a/laboratorio/ensayo-ia-y-observabilidad/modelos-de-ia/model-context-protocol/0.1.3/tests/auditoria.rs"
"SV-motor","ensayo-ia-y-observabilidad","02d5aee5fafe71105e2a451273adba888e87308a","laboratorio/ensayo-ia-y-observabilidad/modelos-de-ia/model-context-protocol/0.1.3/tests/protocolo.rs","8283","27219d3c261dd0809605a127f60d774f140af3a9","https://github.com/juantoniolloretegea/SV-motor/blob/02d5aee5fafe71105e2a451273adba888e87308a/laboratorio/ensayo-ia-y-observabilidad/modelos-de-ia/model-context-protocol/0.1.3/tests/protocolo.rs"
"SV-motor","ensayo-ia-y-observabilidad","02d5aee5fafe71105e2a451273adba888e87308a","laboratorio/ensayo-ia-y-observabilidad/modelos-de-ia/model-context-protocol/0.1.4-pdf-preparacion/lector/Cargo.lock","18682","a2726fd0910ee828d22c3a5cdc1cbd613591c879","https://github.com/juantoniolloretegea/SV-motor/blob/02d5aee5fafe71105e2a451273adba888e87308a/laboratorio/ensayo-ia-y-observabilidad/modelos-de-ia/model-context-protocol/0.1.4-pdf-preparacion/lector/Cargo.lock"
"SV-motor","ensayo-ia-y-observabilidad","02d5aee5fafe71105e2a451273adba888e87308a","laboratorio/ensayo-ia-y-observabilidad/modelos-de-ia/model-context-protocol/0.1.4-pdf-preparacion/lector/Cargo.toml","462","8624b5c9fe1300ae130cb7e1a78836664a28fb75","https://github.com/juantoniolloretegea/SV-motor/blob/02d5aee5fafe71105e2a451273adba888e87308a/laboratorio/ensayo-ia-y-observabilidad/modelos-de-ia/model-context-protocol/0.1.4-pdf-preparacion/lector/Cargo.toml"
"SV-motor","ensayo-ia-y-observabilidad","02d5aee5fafe71105e2a451273adba888e87308a","laboratorio/ensayo-ia-y-observabilidad/modelos-de-ia/model-context-protocol/0.1.4-pdf-preparacion/lector/src/bin/contrastar-cobertura.rs","1601","4716e15a5aa6d4543b512c1176174eb9cb63b455","https://github.com/juantoniolloretegea/SV-motor/blob/02d5aee5fafe71105e2a451273adba888e87308a/laboratorio/ensayo-ia-y-observabilidad/modelos-de-ia/model-context-protocol/0.1.4-pdf-preparacion/lector/src/bin/contrastar-cobertura.rs"
"SV-motor","ensayo-ia-y-observabilidad","02d5aee5fafe71105e2a451273adba888e87308a","laboratorio/ensayo-ia-y-observabilidad/modelos-de-ia/model-context-protocol/0.1.4-pdf-preparacion/lector/src/bin/contrastar-extractores.rs","605","d5ef46528f5c2c2356e5de30e09c69852b94680b","https://github.com/juantoniolloretegea/SV-motor/blob/02d5aee5fafe71105e2a451273adba888e87308a/laboratorio/ensayo-ia-y-observabilidad/modelos-de-ia/model-context-protocol/0.1.4-pdf-preparacion/lector/src/bin/contrastar-extractores.rs"
"SV-motor","ensayo-ia-y-observabilidad","02d5aee5fafe71105e2a451273adba888e87308a","laboratorio/ensayo-ia-y-observabilidad/modelos-de-ia/model-context-protocol/0.1.4-pdf-preparacion/lector/src/bin/cotejar-custodia.rs","1387","1683a16e8c0ccf820c8f92bd3ada4aac335d569d","https://github.com/juantoniolloretegea/SV-motor/blob/02d5aee5fafe71105e2a451273adba888e87308a/laboratorio/ensayo-ia-y-observabilidad/modelos-de-ia/model-context-protocol/0.1.4-pdf-preparacion/lector/src/bin/cotejar-custodia.rs"
"SV-motor","ensayo-ia-y-observabilidad","02d5aee5fafe71105e2a451273adba888e87308a","laboratorio/ensayo-ia-y-observabilidad/modelos-de-ia/model-context-protocol/0.1.4-pdf-preparacion/lector/src/bin/extraer-pdf.rs","615","88adc26a99bda1b8cfcb84625a4fb37e8018f21c","https://github.com/juantoniolloretegea/SV-motor/blob/02d5aee5fafe71105e2a451273adba888e87308a/laboratorio/ensayo-ia-y-observabilidad/modelos-de-ia/model-context-protocol/0.1.4-pdf-preparacion/lector/src/bin/extraer-pdf.rs"
"SV-motor","ensayo-ia-y-observabilidad","02d5aee5fafe71105e2a451273adba888e87308a","laboratorio/ensayo-ia-y-observabilidad/modelos-de-ia/model-context-protocol/0.1.4-pdf-preparacion/lector/src/bin/inspeccionar-fuentes.rs","630","90b895015774c8a024881e5318b141db8157690d","https://github.com/juantoniolloretegea/SV-motor/blob/02d5aee5fafe71105e2a451273adba888e87308a/laboratorio/ensayo-ia-y-observabilidad/modelos-de-ia/model-context-protocol/0.1.4-pdf-preparacion/lector/src/bin/inspeccionar-fuentes.rs"
"SV-motor","ensayo-ia-y-observabilidad","02d5aee5fafe71105e2a451273adba888e87308a","laboratorio/ensayo-ia-y-observabilidad/modelos-de-ia/model-context-protocol/0.1.4-pdf-preparacion/lector/src/lib.rs","5501","f052d0a22d22756b8a176cc4768d9c94145ee540","https://github.com/juantoniolloretegea/SV-motor/blob/02d5aee5fafe71105e2a451273adba888e87308a/laboratorio/ensayo-ia-y-observabilidad/modelos-de-ia/model-context-protocol/0.1.4-pdf-preparacion/lector/src/lib.rs"
"SV-motor","ensayo-ia-y-observabilidad","02d5aee5fafe71105e2a451273adba888e87308a","laboratorio/ensayo-ia-y-observabilidad/modelos-de-ia/model-context-protocol/0.1.4-pdf-preparacion/lector/tests/extraccion.rs","3478","c3508cb156eda00bebce4538114c75a501c3e948","https://github.com/juantoniolloretegea/SV-motor/blob/02d5aee5fafe71105e2a451273adba888e87308a/laboratorio/ensayo-ia-y-observabilidad/modelos-de-ia/model-context-protocol/0.1.4-pdf-preparacion/lector/tests/extraccion.rs"
"SV-motor","ensayo-ia-y-observabilidad","02d5aee5fafe71105e2a451273adba888e87308a","laboratorio/ensayo-ia-y-observabilidad/modelos-de-ia/model-context-protocol/0.1.4-pdf-preparacion/lector/vendor/pdf-extract/Cargo.toml","835","bed0a74545ffc5e19da675a63a4ad1a220b440ab","https://github.com/juantoniolloretegea/SV-motor/blob/02d5aee5fafe71105e2a451273adba888e87308a/laboratorio/ensayo-ia-y-observabilidad/modelos-de-ia/model-context-protocol/0.1.4-pdf-preparacion/lector/vendor/pdf-extract/Cargo.toml"
"SV-motor","ensayo-ia-y-observabilidad","02d5aee5fafe71105e2a451273adba888e87308a","laboratorio/ensayo-ia-y-observabilidad/modelos-de-ia/model-context-protocol/0.1.4-pdf-preparacion/lector/vendor/pdf-extract/src/core_fonts.rs","99895","856b4eb8fe6393edad1c81072491956e6e8904a8","https://github.com/juantoniolloretegea/SV-motor/blob/02d5aee5fafe71105e2a451273adba888e87308a/laboratorio/ensayo-ia-y-observabilidad/modelos-de-ia/model-context-protocol/0.1.4-pdf-preparacion/lector/vendor/pdf-extract/src/core_fonts.rs"
"SV-motor","ensayo-ia-y-observabilidad","02d5aee5fafe71105e2a451273adba888e87308a","laboratorio/ensayo-ia-y-observabilidad/modelos-de-ia/model-context-protocol/0.1.4-pdf-preparacion/lector/vendor/pdf-extract/src/encodings.rs","28990","9988870f328026b76ce4d390cc9aa0f02463a428","https://github.com/juantoniolloretegea/SV-motor/blob/02d5aee5fafe71105e2a451273adba888e87308a/laboratorio/ensayo-ia-y-observabilidad/modelos-de-ia/model-context-protocol/0.1.4-pdf-preparacion/lector/vendor/pdf-extract/src/encodings.rs"
"SV-motor","ensayo-ia-y-observabilidad","02d5aee5fafe71105e2a451273adba888e87308a","laboratorio/ensayo-ia-y-observabilidad/modelos-de-ia/model-context-protocol/0.1.4-pdf-preparacion/lector/vendor/pdf-extract/src/glyphnames.rs","121379","986d97e302f8745adc429b92a780ea91fa401e22","https://github.com/juantoniolloretegea/SV-motor/blob/02d5aee5fafe71105e2a451273adba888e87308a/laboratorio/ensayo-ia-y-observabilidad/modelos-de-ia/model-context-protocol/0.1.4-pdf-preparacion/lector/vendor/pdf-extract/src/glyphnames.rs"
"SV-motor","ensayo-ia-y-observabilidad","02d5aee5fafe71105e2a451273adba888e87308a","laboratorio/ensayo-ia-y-observabilidad/modelos-de-ia/model-context-protocol/0.1.4-pdf-preparacion/lector/vendor/pdf-extract/src/lib.rs","99254","26a545c569682854329856e7cced019017b6a726","https://github.com/juantoniolloretegea/SV-motor/blob/02d5aee5fafe71105e2a451273adba888e87308a/laboratorio/ensayo-ia-y-observabilidad/modelos-de-ia/model-context-protocol/0.1.4-pdf-preparacion/lector/vendor/pdf-extract/src/lib.rs"
"SV-motor","ensayo-ia-y-observabilidad","02d5aee5fafe71105e2a451273adba888e87308a","laboratorio/ensayo-ia-y-observabilidad/modelos-de-ia/model-context-protocol/0.1.4-pdf-preparacion/lector/vendor/pdf-extract/src/zapfglyphnames.rs","5357","ab1c3e36aedae717658a7a0bf2113f238e1f928b","https://github.com/juantoniolloretegea/SV-motor/blob/02d5aee5fafe71105e2a451273adba888e87308a/laboratorio/ensayo-ia-y-observabilidad/modelos-de-ia/model-context-protocol/0.1.4-pdf-preparacion/lector/vendor/pdf-extract/src/zapfglyphnames.rs"
"SV-motor","ensayo-ia-y-observabilidad","02d5aee5fafe71105e2a451273adba888e87308a","laboratorio/ensayo-ia-y-observabilidad/modelos-de-ia/model-context-protocol/0.1.4-pdf-preparacion/mcp-documental-0.1.4-pdf/Cargo.lock","50621","6e14369aa83c6aecd905191bcafe36474f540863","https://github.com/juantoniolloretegea/SV-motor/blob/02d5aee5fafe71105e2a451273adba888e87308a/laboratorio/ensayo-ia-y-observabilidad/modelos-de-ia/model-context-protocol/0.1.4-pdf-preparacion/mcp-documental-0.1.4-pdf/Cargo.lock"
"SV-motor","ensayo-ia-y-observabilidad","02d5aee5fafe71105e2a451273adba888e87308a","laboratorio/ensayo-ia-y-observabilidad/modelos-de-ia/model-context-protocol/0.1.4-pdf-preparacion/mcp-documental-0.1.4-pdf/Cargo.toml","533","84fc585ea667b134f73ace4a1ee84ddc78a3f939","https://github.com/juantoniolloretegea/SV-motor/blob/02d5aee5fafe71105e2a451273adba888e87308a/laboratorio/ensayo-ia-y-observabilidad/modelos-de-ia/model-context-protocol/0.1.4-pdf-preparacion/mcp-documental-0.1.4-pdf/Cargo.toml"
"SV-motor","ensayo-ia-y-observabilidad","02d5aee5fafe71105e2a451273adba888e87308a","laboratorio/ensayo-ia-y-observabilidad/modelos-de-ia/model-context-protocol/0.1.4-pdf-preparacion/mcp-documental-0.1.4-pdf/src/aislamiento.rs","1666","11de870e8d55a95c45e1eae184871f6814208078","https://github.com/juantoniolloretegea/SV-motor/blob/02d5aee5fafe71105e2a451273adba888e87308a/laboratorio/ensayo-ia-y-observabilidad/modelos-de-ia/model-context-protocol/0.1.4-pdf-preparacion/mcp-documental-0.1.4-pdf/src/aislamiento.rs"
"SV-motor","ensayo-ia-y-observabilidad","02d5aee5fafe71105e2a451273adba888e87308a","laboratorio/ensayo-ia-y-observabilidad/modelos-de-ia/model-context-protocol/0.1.4-pdf-preparacion/mcp-documental-0.1.4-pdf/src/auditoria.rs","6048","355ab706a1b00467d64ff9cc4df384e1cc0f8200","https://github.com/juantoniolloretegea/SV-motor/blob/02d5aee5fafe71105e2a451273adba888e87308a/laboratorio/ensayo-ia-y-observabilidad/modelos-de-ia/model-context-protocol/0.1.4-pdf-preparacion/mcp-documental-0.1.4-pdf/src/auditoria.rs"
"SV-motor","ensayo-ia-y-observabilidad","02d5aee5fafe71105e2a451273adba888e87308a","laboratorio/ensayo-ia-y-observabilidad/modelos-de-ia/model-context-protocol/0.1.4-pdf-preparacion/mcp-documental-0.1.4-pdf/src/bin/cliente-minimo.rs","9726","326350dbca0c8883928bf863e9b3546e91f86a69","https://github.com/juantoniolloretegea/SV-motor/blob/02d5aee5fafe71105e2a451273adba888e87308a/laboratorio/ensayo-ia-y-observabilidad/modelos-de-ia/model-context-protocol/0.1.4-pdf-preparacion/mcp-documental-0.1.4-pdf/src/bin/cliente-minimo.rs"
"SV-motor","ensayo-ia-y-observabilidad","02d5aee5fafe71105e2a451273adba888e87308a","laboratorio/ensayo-ia-y-observabilidad/modelos-de-ia/model-context-protocol/0.1.4-pdf-preparacion/mcp-documental-0.1.4-pdf/src/bin/observar-minimo.rs","716","a6273f5d1323451b30f22222a7ff813d8f803228","https://github.com/juantoniolloretegea/SV-motor/blob/02d5aee5fafe71105e2a451273adba888e87308a/laboratorio/ensayo-ia-y-observabilidad/modelos-de-ia/model-context-protocol/0.1.4-pdf-preparacion/mcp-documental-0.1.4-pdf/src/bin/observar-minimo.rs"
"SV-motor","ensayo-ia-y-observabilidad","02d5aee5fafe71105e2a451273adba888e87308a","laboratorio/ensayo-ia-y-observabilidad/modelos-de-ia/model-context-protocol/0.1.4-pdf-preparacion/mcp-documental-0.1.4-pdf/src/bin/preparar-pdf.rs","3060","c3e224462397510ad64c2a145865d4ddf46e62a9","https://github.com/juantoniolloretegea/SV-motor/blob/02d5aee5fafe71105e2a451273adba888e87308a/laboratorio/ensayo-ia-y-observabilidad/modelos-de-ia/model-context-protocol/0.1.4-pdf-preparacion/mcp-documental-0.1.4-pdf/src/bin/preparar-pdf.rs"
"SV-motor","ensayo-ia-y-observabilidad","02d5aee5fafe71105e2a451273adba888e87308a","laboratorio/ensayo-ia-y-observabilidad/modelos-de-ia/model-context-protocol/0.1.4-pdf-preparacion/mcp-documental-0.1.4-pdf/src/bin/verificar-diario.rs","1267","bcdd16d36076b92f3dfb055dc99797b74cb40560","https://github.com/juantoniolloretegea/SV-motor/blob/02d5aee5fafe71105e2a451273adba888e87308a/laboratorio/ensayo-ia-y-observabilidad/modelos-de-ia/model-context-protocol/0.1.4-pdf-preparacion/mcp-documental-0.1.4-pdf/src/bin/verificar-diario.rs"
"SV-motor","ensayo-ia-y-observabilidad","02d5aee5fafe71105e2a451273adba888e87308a","laboratorio/ensayo-ia-y-observabilidad/modelos-de-ia/model-context-protocol/0.1.4-pdf-preparacion/mcp-documental-0.1.4-pdf/src/custodia.rs","8939","0782c238efa3983ec04c05590e181fcdb9bea6dc","https://github.com/juantoniolloretegea/SV-motor/blob/02d5aee5fafe71105e2a451273adba888e87308a/laboratorio/ensayo-ia-y-observabilidad/modelos-de-ia/model-context-protocol/0.1.4-pdf-preparacion/mcp-documental-0.1.4-pdf/src/custodia.rs"
"SV-motor","ensayo-ia-y-observabilidad","02d5aee5fafe71105e2a451273adba888e87308a","laboratorio/ensayo-ia-y-observabilidad/modelos-de-ia/model-context-protocol/0.1.4-pdf-preparacion/mcp-documental-0.1.4-pdf/src/lib.rs","21993","71b0e306b5f32f5c9f8906c30bdf91b3787c0e70","https://github.com/juantoniolloretegea/SV-motor/blob/02d5aee5fafe71105e2a451273adba888e87308a/laboratorio/ensayo-ia-y-observabilidad/modelos-de-ia/model-context-protocol/0.1.4-pdf-preparacion/mcp-documental-0.1.4-pdf/src/lib.rs"
"SV-motor","ensayo-ia-y-observabilidad","02d5aee5fafe71105e2a451273adba888e87308a","laboratorio/ensayo-ia-y-observabilidad/modelos-de-ia/model-context-protocol/0.1.4-pdf-preparacion/mcp-documental-0.1.4-pdf/src/main.rs","3840","471acb5c33640bd5e56b5e9d8779e5197acf2de4","https://github.com/juantoniolloretegea/SV-motor/blob/02d5aee5fafe71105e2a451273adba888e87308a/laboratorio/ensayo-ia-y-observabilidad/modelos-de-ia/model-context-protocol/0.1.4-pdf-preparacion/mcp-documental-0.1.4-pdf/src/main.rs"
"SV-motor","ensayo-ia-y-observabilidad","02d5aee5fafe71105e2a451273adba888e87308a","laboratorio/ensayo-ia-y-observabilidad/modelos-de-ia/model-context-protocol/0.1.4-pdf-preparacion/mcp-documental-0.1.4-pdf/src/supervision.rs","1931","c7307fe8b5591f7a51bea3ea7915908a8bdc2e1f","https://github.com/juantoniolloretegea/SV-motor/blob/02d5aee5fafe71105e2a451273adba888e87308a/laboratorio/ensayo-ia-y-observabilidad/modelos-de-ia/model-context-protocol/0.1.4-pdf-preparacion/mcp-documental-0.1.4-pdf/src/supervision.rs"
"SV-motor","ensayo-ia-y-observabilidad","02d5aee5fafe71105e2a451273adba888e87308a","laboratorio/ensayo-ia-y-observabilidad/modelos-de-ia/model-context-protocol/0.1.4-pdf-preparacion/mcp-documental-0.1.4-pdf/tests/auditoria.rs","7367","6814bedd71031ad733371abeb5e08edc7e53ab8e","https://github.com/juantoniolloretegea/SV-motor/blob/02d5aee5fafe71105e2a451273adba888e87308a/laboratorio/ensayo-ia-y-observabilidad/modelos-de-ia/model-context-protocol/0.1.4-pdf-preparacion/mcp-documental-0.1.4-pdf/tests/auditoria.rs"
"SV-motor","ensayo-ia-y-observabilidad","02d5aee5fafe71105e2a451273adba888e87308a","laboratorio/ensayo-ia-y-observabilidad/modelos-de-ia/model-context-protocol/0.1.4-pdf-preparacion/mcp-documental-0.1.4-pdf/tests/pdf.rs","7278","812ee8855d9db59a7a80ccaa07a20d65ceba932c","https://github.com/juantoniolloretegea/SV-motor/blob/02d5aee5fafe71105e2a451273adba888e87308a/laboratorio/ensayo-ia-y-observabilidad/modelos-de-ia/model-context-protocol/0.1.4-pdf-preparacion/mcp-documental-0.1.4-pdf/tests/pdf.rs"
"SV-motor","ensayo-ia-y-observabilidad","02d5aee5fafe71105e2a451273adba888e87308a","laboratorio/ensayo-ia-y-observabilidad/modelos-de-ia/model-context-protocol/0.1.4-pdf-preparacion/mcp-documental-0.1.4-pdf/tests/protocolo.rs","8283","27219d3c261dd0809605a127f60d774f140af3a9","https://github.com/juantoniolloretegea/SV-motor/blob/02d5aee5fafe71105e2a451273adba888e87308a/laboratorio/ensayo-ia-y-observabilidad/modelos-de-ia/model-context-protocol/0.1.4-pdf-preparacion/mcp-documental-0.1.4-pdf/tests/protocolo.rs"
"SV-motor","ensayo-ia-y-observabilidad","02d5aee5fafe71105e2a451273adba888e87308a","laboratorio/ensayo-ia-y-observabilidad/modelos-de-ia/model-context-protocol/literatura-tricoleucemia/verificador-custodia-20261003/Cargo.lock","4877","ac6afd681a67f66e37f4b0acf85f8bf0c14c26fd","https://github.com/juantoniolloretegea/SV-motor/blob/02d5aee5fafe71105e2a451273adba888e87308a/laboratorio/ensayo-ia-y-observabilidad/modelos-de-ia/model-context-protocol/literatura-tricoleucemia/verificador-custodia-20261003/Cargo.lock"
"SV-motor","ensayo-ia-y-observabilidad","02d5aee5fafe71105e2a451273adba888e87308a","laboratorio/ensayo-ia-y-observabilidad/modelos-de-ia/model-context-protocol/literatura-tricoleucemia/verificador-custodia-20261003/Cargo.toml","161","fb7f5fc120d4e9f3598df83f4e9cddf02d7a6ac5","https://github.com/juantoniolloretegea/SV-motor/blob/02d5aee5fafe71105e2a451273adba888e87308a/laboratorio/ensayo-ia-y-observabilidad/modelos-de-ia/model-context-protocol/literatura-tricoleucemia/verificador-custodia-20261003/Cargo.toml"
"SV-motor","ensayo-ia-y-observabilidad","02d5aee5fafe71105e2a451273adba888e87308a","laboratorio/ensayo-ia-y-observabilidad/modelos-de-ia/model-context-protocol/literatura-tricoleucemia/verificador-custodia-20261003/src/main.rs","2641","c16177a6ae2f2828a3ff7173ac3a4683d320bdf3","https://github.com/juantoniolloretegea/SV-motor/blob/02d5aee5fafe71105e2a451273adba888e87308a/laboratorio/ensayo-ia-y-observabilidad/modelos-de-ia/model-context-protocol/literatura-tricoleucemia/verificador-custodia-20261003/src/main.rs"
"SV-motor","ensayo-ia-y-observabilidad","02d5aee5fafe71105e2a451273adba888e87308a","laboratorio/ensayo-ia-y-observabilidad/modelos-de-ia/openai/gpt-oss-120b/prueba-playground/ensayo-1/cotejo-rust/Cargo.lock","4864","6d023df7cec336ff4152eac3601984a1564a84c9","https://github.com/juantoniolloretegea/SV-motor/blob/02d5aee5fafe71105e2a451273adba888e87308a/laboratorio/ensayo-ia-y-observabilidad/modelos-de-ia/openai/gpt-oss-120b/prueba-playground/ensayo-1/cotejo-rust/Cargo.lock"
"SV-motor","ensayo-ia-y-observabilidad","02d5aee5fafe71105e2a451273adba888e87308a","laboratorio/ensayo-ia-y-observabilidad/modelos-de-ia/openai/gpt-oss-120b/prueba-playground/ensayo-1/cotejo-rust/Cargo.toml","221","559f79dfa54045bb028161f75734fea28506edb0","https://github.com/juantoniolloretegea/SV-motor/blob/02d5aee5fafe71105e2a451273adba888e87308a/laboratorio/ensayo-ia-y-observabilidad/modelos-de-ia/openai/gpt-oss-120b/prueba-playground/ensayo-1/cotejo-rust/Cargo.toml"
"SV-motor","ensayo-ia-y-observabilidad","02d5aee5fafe71105e2a451273adba888e87308a","laboratorio/ensayo-ia-y-observabilidad/modelos-de-ia/openai/gpt-oss-120b/prueba-playground/ensayo-1/cotejo-rust/comprobar.rs","3049","735e88ca24b0c9cf5f4354fc4df8440fd002d981","https://github.com/juantoniolloretegea/SV-motor/blob/02d5aee5fafe71105e2a451273adba888e87308a/laboratorio/ensayo-ia-y-observabilidad/modelos-de-ia/openai/gpt-oss-120b/prueba-playground/ensayo-1/cotejo-rust/comprobar.rs"
"SV-motor","ensayo-ia-y-observabilidad","02d5aee5fafe71105e2a451273adba888e87308a","laboratorio/ensayo-ia-y-observabilidad/modelos-de-ia/openai/gpt-oss-120b/prueba-playground/ensayo-1/SALIDA-01-DOM.html","5146","943aec05cd8dd21c3af7477b44fa2cd735e4f771","https://github.com/juantoniolloretegea/SV-motor/blob/02d5aee5fafe71105e2a451273adba888e87308a/laboratorio/ensayo-ia-y-observabilidad/modelos-de-ia/openai/gpt-oss-120b/prueba-playground/ensayo-1/SALIDA-01-DOM.html"
"SV-motor","ensayo-ia-y-observabilidad","02d5aee5fafe71105e2a451273adba888e87308a","laboratorio/ensayo-ia-y-observabilidad/modelos-de-ia/openai/gpt-oss-20b/controlador-nativo/Cargo.lock","4879","a692bc730b8a99c83eee3b7c45e3b835a788525a","https://github.com/juantoniolloretegea/SV-motor/blob/02d5aee5fafe71105e2a451273adba888e87308a/laboratorio/ensayo-ia-y-observabilidad/modelos-de-ia/openai/gpt-oss-20b/controlador-nativo/Cargo.lock"
"SV-motor","ensayo-ia-y-observabilidad","02d5aee5fafe71105e2a451273adba888e87308a","laboratorio/ensayo-ia-y-observabilidad/modelos-de-ia/openai/gpt-oss-20b/controlador-nativo/Cargo.toml","278","1a88c9339ac0a42d5ea6ef17d499acad50e4938e","https://github.com/juantoniolloretegea/SV-motor/blob/02d5aee5fafe71105e2a451273adba888e87308a/laboratorio/ensayo-ia-y-observabilidad/modelos-de-ia/openai/gpt-oss-20b/controlador-nativo/Cargo.toml"
"SV-motor","ensayo-ia-y-observabilidad","02d5aee5fafe71105e2a451273adba888e87308a","laboratorio/ensayo-ia-y-observabilidad/modelos-de-ia/openai/gpt-oss-20b/controlador-nativo/src/lib.rs","23097","461be91516f13c90e48f1f0f18c26231057b86a8","https://github.com/juantoniolloretegea/SV-motor/blob/02d5aee5fafe71105e2a451273adba888e87308a/laboratorio/ensayo-ia-y-observabilidad/modelos-de-ia/openai/gpt-oss-20b/controlador-nativo/src/lib.rs"
"SV-motor","ensayo-ia-y-observabilidad","02d5aee5fafe71105e2a451273adba888e87308a","laboratorio/ensayo-ia-y-observabilidad/modelos-de-ia/openai/gpt-oss-20b/controlador-nativo/src/main.rs","3001","9cd1c5756bd04291346f1aaea91bbf5e098dd498","https://github.com/juantoniolloretegea/SV-motor/blob/02d5aee5fafe71105e2a451273adba888e87308a/laboratorio/ensayo-ia-y-observabilidad/modelos-de-ia/openai/gpt-oss-20b/controlador-nativo/src/main.rs"
"SV-motor","ensayo-ia-y-observabilidad","02d5aee5fafe71105e2a451273adba888e87308a","laboratorio/ensayo-ia-y-observabilidad/modelos-de-ia/openai/gpt-oss-20b/controlador-nativo/src/resources.rs","5384","3798f122375e8d5e45c20be623a8552dfe22341e","https://github.com/juantoniolloretegea/SV-motor/blob/02d5aee5fafe71105e2a451273adba888e87308a/laboratorio/ensayo-ia-y-observabilidad/modelos-de-ia/openai/gpt-oss-20b/controlador-nativo/src/resources.rs"
"SV-motor","ensayo-ia-y-observabilidad","02d5aee5fafe71105e2a451273adba888e87308a","laboratorio/ensayo-ia-y-observabilidad/modelos-de-ia/openai/gpt-oss-20b/controlador-nativo/src/tests.rs","11512","ae8089f474fb45a082db955b21cb7d564df64643","https://github.com/juantoniolloretegea/SV-motor/blob/02d5aee5fafe71105e2a451273adba888e87308a/laboratorio/ensayo-ia-y-observabilidad/modelos-de-ia/openai/gpt-oss-20b/controlador-nativo/src/tests.rs"
"SV-motor","ensayo-ia-y-observabilidad","02d5aee5fafe71105e2a451273adba888e87308a","laboratorio/ensayo-ia-y-observabilidad/modelos-de-ia/openai/gpt-oss-20b/conversacion/Cargo.lock","31515","a59ae72f9d895de3e6056079944db14533fdd1e6","https://github.com/juantoniolloretegea/SV-motor/blob/02d5aee5fafe71105e2a451273adba888e87308a/laboratorio/ensayo-ia-y-observabilidad/modelos-de-ia/openai/gpt-oss-20b/conversacion/Cargo.lock"
"SV-motor","ensayo-ia-y-observabilidad","02d5aee5fafe71105e2a451273adba888e87308a","laboratorio/ensayo-ia-y-observabilidad/modelos-de-ia/openai/gpt-oss-20b/conversacion/Cargo.toml","1005","c19bf4867d7c755670d011504b07dc7b11e85b65","https://github.com/juantoniolloretegea/SV-motor/blob/02d5aee5fafe71105e2a451273adba888e87308a/laboratorio/ensayo-ia-y-observabilidad/modelos-de-ia/openai/gpt-oss-20b/conversacion/Cargo.toml"
"SV-motor","ensayo-ia-y-observabilidad","02d5aee5fafe71105e2a451273adba888e87308a","laboratorio/ensayo-ia-y-observabilidad/modelos-de-ia/openai/gpt-oss-20b/conversacion/src/bin/auditar-documental.rs","2706","5f45704d0297bb9d971e33056fecb0a2f9b96725","https://github.com/juantoniolloretegea/SV-motor/blob/02d5aee5fafe71105e2a451273adba888e87308a/laboratorio/ensayo-ia-y-observabilidad/modelos-de-ia/openai/gpt-oss-20b/conversacion/src/bin/auditar-documental.rs"
"SV-motor","ensayo-ia-y-observabilidad","02d5aee5fafe71105e2a451273adba888e87308a","laboratorio/ensayo-ia-y-observabilidad/modelos-de-ia/openai/gpt-oss-20b/conversacion/src/bin/auditar-trazas.rs","1849","764ea4e7426aca93818b453a498a5a4bcb37ae15","https://github.com/juantoniolloretegea/SV-motor/blob/02d5aee5fafe71105e2a451273adba888e87308a/laboratorio/ensayo-ia-y-observabilidad/modelos-de-ia/openai/gpt-oss-20b/conversacion/src/bin/auditar-trazas.rs"
"SV-motor","ensayo-ia-y-observabilidad","02d5aee5fafe71105e2a451273adba888e87308a","laboratorio/ensayo-ia-y-observabilidad/modelos-de-ia/openai/gpt-oss-20b/conversacion/src/bin/ensayo-comparativo.rs","7194","3883214173c4273d2710964023e6b71bccd54511","https://github.com/juantoniolloretegea/SV-motor/blob/02d5aee5fafe71105e2a451273adba888e87308a/laboratorio/ensayo-ia-y-observabilidad/modelos-de-ia/openai/gpt-oss-20b/conversacion/src/bin/ensayo-comparativo.rs"
"SV-motor","ensayo-ia-y-observabilidad","02d5aee5fafe71105e2a451273adba888e87308a","laboratorio/ensayo-ia-y-observabilidad/modelos-de-ia/openai/gpt-oss-20b/conversacion/src/bin/ensayo-dialogo.rs","6934","3c5526719c2471b63f9a5b46dd488ddd3d540d4e","https://github.com/juantoniolloretegea/SV-motor/blob/02d5aee5fafe71105e2a451273adba888e87308a/laboratorio/ensayo-ia-y-observabilidad/modelos-de-ia/openai/gpt-oss-20b/conversacion/src/bin/ensayo-dialogo.rs"
"SV-motor","ensayo-ia-y-observabilidad","02d5aee5fafe71105e2a451273adba888e87308a","laboratorio/ensayo-ia-y-observabilidad/modelos-de-ia/openai/gpt-oss-20b/conversacion/src/bin/ensayo-documental.rs","5063","c6293e951002ebfeeba4bfd1bef0e318b905c2a8","https://github.com/juantoniolloretegea/SV-motor/blob/02d5aee5fafe71105e2a451273adba888e87308a/laboratorio/ensayo-ia-y-observabilidad/modelos-de-ia/openai/gpt-oss-20b/conversacion/src/bin/ensayo-documental.rs"
"SV-motor","ensayo-ia-y-observabilidad","02d5aee5fafe71105e2a451273adba888e87308a","laboratorio/ensayo-ia-y-observabilidad/modelos-de-ia/openai/gpt-oss-20b/conversacion/src/bin/inspeccionar-tokenizador.rs","958","30254793275830f2d65dec40dd99f419a60edae1","https://github.com/juantoniolloretegea/SV-motor/blob/02d5aee5fafe71105e2a451273adba888e87308a/laboratorio/ensayo-ia-y-observabilidad/modelos-de-ia/openai/gpt-oss-20b/conversacion/src/bin/inspeccionar-tokenizador.rs"
"SV-motor","ensayo-ia-y-observabilidad","02d5aee5fafe71105e2a451273adba888e87308a","laboratorio/ensayo-ia-y-observabilidad/modelos-de-ia/openai/gpt-oss-20b/conversacion/src/bin/resumir-comparacion.rs","4691","c91d71072e47915306e75eb374d6c307250c2fd4","https://github.com/juantoniolloretegea/SV-motor/blob/02d5aee5fafe71105e2a451273adba888e87308a/laboratorio/ensayo-ia-y-observabilidad/modelos-de-ia/openai/gpt-oss-20b/conversacion/src/bin/resumir-comparacion.rs"
"SV-motor","ensayo-ia-y-observabilidad","02d5aee5fafe71105e2a451273adba888e87308a","laboratorio/ensayo-ia-y-observabilidad/modelos-de-ia/openai/gpt-oss-20b/conversacion/src/checks.rs","6334","5b75dc3d28a3982a86b367ceac64e98216fbe84c","https://github.com/juantoniolloretegea/SV-motor/blob/02d5aee5fafe71105e2a451273adba888e87308a/laboratorio/ensayo-ia-y-observabilidad/modelos-de-ia/openai/gpt-oss-20b/conversacion/src/checks.rs"
"SV-motor","ensayo-ia-y-observabilidad","02d5aee5fafe71105e2a451273adba888e87308a","laboratorio/ensayo-ia-y-observabilidad/modelos-de-ia/openai/gpt-oss-20b/conversacion/src/comparison.rs","11184","a6cd6734ab529d0b22e931dc9a3f91ece0170eca","https://github.com/juantoniolloretegea/SV-motor/blob/02d5aee5fafe71105e2a451273adba888e87308a/laboratorio/ensayo-ia-y-observabilidad/modelos-de-ia/openai/gpt-oss-20b/conversacion/src/comparison.rs"
"SV-motor","ensayo-ia-y-observabilidad","02d5aee5fafe71105e2a451273adba888e87308a","laboratorio/ensayo-ia-y-observabilidad/modelos-de-ia/openai/gpt-oss-20b/conversacion/src/lifecycle.rs","4332","544f93664f016f744ec98d678596df8a7ec0b03f","https://github.com/juantoniolloretegea/SV-motor/blob/02d5aee5fafe71105e2a451273adba888e87308a/laboratorio/ensayo-ia-y-observabilidad/modelos-de-ia/openai/gpt-oss-20b/conversacion/src/lifecycle.rs"
"SV-motor","ensayo-ia-y-observabilidad","02d5aee5fafe71105e2a451273adba888e87308a","laboratorio/ensayo-ia-y-observabilidad/modelos-de-ia/openai/gpt-oss-20b/conversacion/src/main.rs","26825","c529035eb592cfd835e3c6176f426414c551fdca","https://github.com/juantoniolloretegea/SV-motor/blob/02d5aee5fafe71105e2a451273adba888e87308a/laboratorio/ensayo-ia-y-observabilidad/modelos-de-ia/openai/gpt-oss-20b/conversacion/src/main.rs"
"SV-motor","ensayo-ia-y-observabilidad","02d5aee5fafe71105e2a451273adba888e87308a","laboratorio/ensayo-ia-y-observabilidad/modelos-de-ia/openai/gpt-oss-20b/conversacion/src/model.rs","5417","48b13c585b4b7007f1f68e6719d73dd38c6e78ff","https://github.com/juantoniolloretegea/SV-motor/blob/02d5aee5fafe71105e2a451273adba888e87308a/laboratorio/ensayo-ia-y-observabilidad/modelos-de-ia/openai/gpt-oss-20b/conversacion/src/model.rs"
"SV-motor","ensayo-ia-y-observabilidad","02d5aee5fafe71105e2a451273adba888e87308a","laboratorio/ensayo-ia-y-observabilidad/modelos-de-ia/openai/gpt-oss-20b/conversacion/src/observation.rs","11725","efa6840f2c74fc8b1b854badbbf409d1a67b0a07","https://github.com/juantoniolloretegea/SV-motor/blob/02d5aee5fafe71105e2a451273adba888e87308a/laboratorio/ensayo-ia-y-observabilidad/modelos-de-ia/openai/gpt-oss-20b/conversacion/src/observation.rs"
"SV-motor","ensayo-ia-y-observabilidad","02d5aee5fafe71105e2a451273adba888e87308a","laboratorio/ensayo-ia-y-observabilidad/modelos-de-ia/openai/gpt-oss-20b/conversacion/src/store.rs","12835","94a5178a47f896205daad2b4c34c7c9c7ee445fa","https://github.com/juantoniolloretegea/SV-motor/blob/02d5aee5fafe71105e2a451273adba888e87308a/laboratorio/ensayo-ia-y-observabilidad/modelos-de-ia/openai/gpt-oss-20b/conversacion/src/store.rs"
"SV-motor","ensayo-ia-y-observabilidad","02d5aee5fafe71105e2a451273adba888e87308a","laboratorio/ensayo-ia-y-observabilidad/modelos-de-ia/openai/gpt-oss-20b/conversacion/src/supervision.rs","7010","d6b205021db6f457889a6318ed46a7914f55b3ef","https://github.com/juantoniolloretegea/SV-motor/blob/02d5aee5fafe71105e2a451273adba888e87308a/laboratorio/ensayo-ia-y-observabilidad/modelos-de-ia/openai/gpt-oss-20b/conversacion/src/supervision.rs"
"SV-motor","ensayo-ia-y-observabilidad","02d5aee5fafe71105e2a451273adba888e87308a","laboratorio/ensayo-ia-y-observabilidad/modelos-de-ia/openai/gpt-oss-20b/conversacion/src/telemetry.rs","10428","bbfa67559a151de58f9859bbd1541fed05e8d0cd","https://github.com/juantoniolloretegea/SV-motor/blob/02d5aee5fafe71105e2a451273adba888e87308a/laboratorio/ensayo-ia-y-observabilidad/modelos-de-ia/openai/gpt-oss-20b/conversacion/src/telemetry.rs"
"SV-motor","ensayo-ia-y-observabilidad","02d5aee5fafe71105e2a451273adba888e87308a","laboratorio/ensayo-ia-y-observabilidad/modelos-de-ia/openai/gpt-oss-20b/conversacion/src/tokenization.rs","3118","c3a035631ca69f007fb77a28498e2047d2ceeea7","https://github.com/juantoniolloretegea/SV-motor/blob/02d5aee5fafe71105e2a451273adba888e87308a/laboratorio/ensayo-ia-y-observabilidad/modelos-de-ia/openai/gpt-oss-20b/conversacion/src/tokenization.rs"
"SV-motor","ensayo-ia-y-observabilidad","02d5aee5fafe71105e2a451273adba888e87308a","laboratorio/ensayo-ia-y-observabilidad/modelos-de-ia/openai/gpt-oss-20b/conversacion/tests/service.rs","9293","337471f0aa6b4373c55ae7e92c4f4b05fb7d15d3","https://github.com/juantoniolloretegea/SV-motor/blob/02d5aee5fafe71105e2a451273adba888e87308a/laboratorio/ensayo-ia-y-observabilidad/modelos-de-ia/openai/gpt-oss-20b/conversacion/tests/service.rs"
"SV-motor","ensayo-ia-y-observabilidad","02d5aee5fafe71105e2a451273adba888e87308a","laboratorio/ensayo-ia-y-observabilidad/modelos-de-ia/openai/gpt-oss-20b/conversacion/web/app.js","16052","a9e9eaea348a94e0a9798de16c30ed340488ea10","https://github.com/juantoniolloretegea/SV-motor/blob/02d5aee5fafe71105e2a451273adba888e87308a/laboratorio/ensayo-ia-y-observabilidad/modelos-de-ia/openai/gpt-oss-20b/conversacion/web/app.js"
"SV-motor","ensayo-ia-y-observabilidad","02d5aee5fafe71105e2a451273adba888e87308a","laboratorio/ensayo-ia-y-observabilidad/modelos-de-ia/openai/gpt-oss-20b/conversacion/web/index.html","7102","b669008c9691cb0f70a3202c95ccc6bd0e0cd707","https://github.com/juantoniolloretegea/SV-motor/blob/02d5aee5fafe71105e2a451273adba888e87308a/laboratorio/ensayo-ia-y-observabilidad/modelos-de-ia/openai/gpt-oss-20b/conversacion/web/index.html"
"SV-motor","ensayo-ia-y-observabilidad","02d5aee5fafe71105e2a451273adba888e87308a","laboratorio/ensayo-ia-y-observabilidad/modelos-de-ia/openai/gpt-oss-20b/conversacion/web/style.css","6812","c0750799bb0a478addb23d5d05af3403f9bfd2c3","https://github.com/juantoniolloretegea/SV-motor/blob/02d5aee5fafe71105e2a451273adba888e87308a/laboratorio/ensayo-ia-y-observabilidad/modelos-de-ia/openai/gpt-oss-20b/conversacion/web/style.css"
"SV-motor","ensayo-ia-y-observabilidad","02d5aee5fafe71105e2a451273adba888e87308a","laboratorio/ensayo-ia-y-observabilidad/modelos-de-ia/openai/gpt-oss-20b/distribucion/0.2.4-beta.1/auditar-cierre-hcl.rs","5915","293bc7e3582d40084eb7d657a7824de65462d341","https://github.com/juantoniolloretegea/SV-motor/blob/02d5aee5fafe71105e2a451273adba888e87308a/laboratorio/ensayo-ia-y-observabilidad/modelos-de-ia/openai/gpt-oss-20b/distribucion/0.2.4-beta.1/auditar-cierre-hcl.rs"
"SV-motor","ensayo-ia-y-observabilidad","02d5aee5fafe71105e2a451273adba888e87308a","laboratorio/ensayo-ia-y-observabilidad/modelos-de-ia/openai/gpt-oss-20b/distribucion/0.2.4-beta.1/recibir-documental-12.rs","5234","81a67558b96a15bac4c61608cefe8ffeef1a4e2d","https://github.com/juantoniolloretegea/SV-motor/blob/02d5aee5fafe71105e2a451273adba888e87308a/laboratorio/ensayo-ia-y-observabilidad/modelos-de-ia/openai/gpt-oss-20b/distribucion/0.2.4-beta.1/recibir-documental-12.rs"
"SV-motor","ensayo-ia-y-observabilidad","02d5aee5fafe71105e2a451273adba888e87308a","laboratorio/ensayo-ia-y-observabilidad/modelos-de-ia/openai/gpt-oss-20b/resultados/continuacion-2026-09-23/analizar-correccion.rs","2129","04f995a8b86fc9e22de0bd28b50572a6a2e3cbf1","https://github.com/juantoniolloretegea/SV-motor/blob/02d5aee5fafe71105e2a451273adba888e87308a/laboratorio/ensayo-ia-y-observabilidad/modelos-de-ia/openai/gpt-oss-20b/resultados/continuacion-2026-09-23/analizar-correccion.rs"
"SV-motor","ensayo-ia-y-observabilidad","02d5aee5fafe71105e2a451273adba888e87308a","laboratorio/ensayo-ia-y-observabilidad/modelos-de-ia/openai/gpt-oss-20b/resultados/continuacion-2026-09-23/analizar-evidencias.rs","1557","1dab47b2c2169ce0572073171f926843812a3337","https://github.com/juantoniolloretegea/SV-motor/blob/02d5aee5fafe71105e2a451273adba888e87308a/laboratorio/ensayo-ia-y-observabilidad/modelos-de-ia/openai/gpt-oss-20b/resultados/continuacion-2026-09-23/analizar-evidencias.rs"
"SV-motor","ensayo-ia-y-observabilidad","02d5aee5fafe71105e2a451273adba888e87308a","laboratorio/ensayo-ia-y-observabilidad/modelos-de-ia/openai/gpt-oss-20b/resultados/demo-ensayo1-20261003/realizacion-rust/Cargo.lock","4864","6d023df7cec336ff4152eac3601984a1564a84c9","https://github.com/juantoniolloretegea/SV-motor/blob/02d5aee5fafe71105e2a451273adba888e87308a/laboratorio/ensayo-ia-y-observabilidad/modelos-de-ia/openai/gpt-oss-20b/resultados/demo-ensayo1-20261003/realizacion-rust/Cargo.lock"
"SV-motor","ensayo-ia-y-observabilidad","02d5aee5fafe71105e2a451273adba888e87308a","laboratorio/ensayo-ia-y-observabilidad/modelos-de-ia/openai/gpt-oss-20b/resultados/demo-ensayo1-20261003/realizacion-rust/Cargo.toml","171","c735ee7c2406860c55d557b41a29966fde66ddea","https://github.com/juantoniolloretegea/SV-motor/blob/02d5aee5fafe71105e2a451273adba888e87308a/laboratorio/ensayo-ia-y-observabilidad/modelos-de-ia/openai/gpt-oss-20b/resultados/demo-ensayo1-20261003/realizacion-rust/Cargo.toml"
"SV-motor","ensayo-ia-y-observabilidad","02d5aee5fafe71105e2a451273adba888e87308a","laboratorio/ensayo-ia-y-observabilidad/modelos-de-ia/openai/gpt-oss-20b/resultados/demo-ensayo1-20261003/realizacion-rust/cotejo-rust/Cargo.lock","4864","6d023df7cec336ff4152eac3601984a1564a84c9","https://github.com/juantoniolloretegea/SV-motor/blob/02d5aee5fafe71105e2a451273adba888e87308a/laboratorio/ensayo-ia-y-observabilidad/modelos-de-ia/openai/gpt-oss-20b/resultados/demo-ensayo1-20261003/realizacion-rust/cotejo-rust/Cargo.lock"
"SV-motor","ensayo-ia-y-observabilidad","02d5aee5fafe71105e2a451273adba888e87308a","laboratorio/ensayo-ia-y-observabilidad/modelos-de-ia/openai/gpt-oss-20b/resultados/demo-ensayo1-20261003/realizacion-rust/cotejo-rust/Cargo.toml","221","559f79dfa54045bb028161f75734fea28506edb0","https://github.com/juantoniolloretegea/SV-motor/blob/02d5aee5fafe71105e2a451273adba888e87308a/laboratorio/ensayo-ia-y-observabilidad/modelos-de-ia/openai/gpt-oss-20b/resultados/demo-ensayo1-20261003/realizacion-rust/cotejo-rust/Cargo.toml"
"SV-motor","ensayo-ia-y-observabilidad","02d5aee5fafe71105e2a451273adba888e87308a","laboratorio/ensayo-ia-y-observabilidad/modelos-de-ia/openai/gpt-oss-20b/resultados/demo-ensayo1-20261003/realizacion-rust/cotejo-rust/comprobar.rs","3049","735e88ca24b0c9cf5f4354fc4df8440fd002d981","https://github.com/juantoniolloretegea/SV-motor/blob/02d5aee5fafe71105e2a451273adba888e87308a/laboratorio/ensayo-ia-y-observabilidad/modelos-de-ia/openai/gpt-oss-20b/resultados/demo-ensayo1-20261003/realizacion-rust/cotejo-rust/comprobar.rs"
"SV-motor","ensayo-ia-y-observabilidad","02d5aee5fafe71105e2a451273adba888e87308a","laboratorio/ensayo-ia-y-observabilidad/modelos-de-ia/openai/gpt-oss-20b/resultados/demo-ensayo1-20261003/realizacion-rust/src/main.rs","12172","f2bd270aca2ff51c98ac746431f3520526388719","https://github.com/juantoniolloretegea/SV-motor/blob/02d5aee5fafe71105e2a451273adba888e87308a/laboratorio/ensayo-ia-y-observabilidad/modelos-de-ia/openai/gpt-oss-20b/resultados/demo-ensayo1-20261003/realizacion-rust/src/main.rs"
"SV-motor","ensayo-ia-y-observabilidad","02d5aee5fafe71105e2a451273adba888e87308a","laboratorio/ensayo-ia-y-observabilidad/modelos-de-ia/openai/gpt-oss-20b/resultados/gguf-2026-09-23/controlador-bf16/Cargo.lock","4879","1b35bcd732040e296ef5059d0c7bb7f1aa187b66","https://github.com/juantoniolloretegea/SV-motor/blob/02d5aee5fafe71105e2a451273adba888e87308a/laboratorio/ensayo-ia-y-observabilidad/modelos-de-ia/openai/gpt-oss-20b/resultados/gguf-2026-09-23/controlador-bf16/Cargo.lock"
"SV-motor","ensayo-ia-y-observabilidad","02d5aee5fafe71105e2a451273adba888e87308a","laboratorio/ensayo-ia-y-observabilidad/modelos-de-ia/openai/gpt-oss-20b/resultados/gguf-2026-09-23/controlador-bf16/Cargo.toml","278","ff7a13a85486e290d7f32d227c691a318eeb46f8","https://github.com/juantoniolloretegea/SV-motor/blob/02d5aee5fafe71105e2a451273adba888e87308a/laboratorio/ensayo-ia-y-observabilidad/modelos-de-ia/openai/gpt-oss-20b/resultados/gguf-2026-09-23/controlador-bf16/Cargo.toml"
"SV-motor","ensayo-ia-y-observabilidad","02d5aee5fafe71105e2a451273adba888e87308a","laboratorio/ensayo-ia-y-observabilidad/modelos-de-ia/openai/gpt-oss-20b/resultados/gguf-2026-09-23/controlador-bf16/src/lib.rs","24551","7ec323825ddfd806c27406c3d055d6ce19db5641","https://github.com/juantoniolloretegea/SV-motor/blob/02d5aee5fafe71105e2a451273adba888e87308a/laboratorio/ensayo-ia-y-observabilidad/modelos-de-ia/openai/gpt-oss-20b/resultados/gguf-2026-09-23/controlador-bf16/src/lib.rs"
"SV-motor","ensayo-ia-y-observabilidad","02d5aee5fafe71105e2a451273adba888e87308a","laboratorio/ensayo-ia-y-observabilidad/modelos-de-ia/openai/gpt-oss-20b/resultados/gguf-2026-09-23/controlador-bf16/src/main.rs","3002","e83d0e1dad1d66223f12a7f3bd129f7fa9b2145b","https://github.com/juantoniolloretegea/SV-motor/blob/02d5aee5fafe71105e2a451273adba888e87308a/laboratorio/ensayo-ia-y-observabilidad/modelos-de-ia/openai/gpt-oss-20b/resultados/gguf-2026-09-23/controlador-bf16/src/main.rs"
"SV-motor","ensayo-ia-y-observabilidad","02d5aee5fafe71105e2a451273adba888e87308a","laboratorio/ensayo-ia-y-observabilidad/modelos-de-ia/openai/gpt-oss-20b/resultados/gguf-2026-09-23/controlador-bf16/src/resources.rs","5385","b613532623071b99edd028885d28ff45e11379c5","https://github.com/juantoniolloretegea/SV-motor/blob/02d5aee5fafe71105e2a451273adba888e87308a/laboratorio/ensayo-ia-y-observabilidad/modelos-de-ia/openai/gpt-oss-20b/resultados/gguf-2026-09-23/controlador-bf16/src/resources.rs"
"SV-motor","ensayo-ia-y-observabilidad","02d5aee5fafe71105e2a451273adba888e87308a","laboratorio/ensayo-ia-y-observabilidad/modelos-de-ia/openai/gpt-oss-20b/resultados/gguf-2026-09-23/controlador-bf16/src/tests.rs","1004","a9632a654bc83be7fbe35ae4a48aa86314f8e464","https://github.com/juantoniolloretegea/SV-motor/blob/02d5aee5fafe71105e2a451273adba888e87308a/laboratorio/ensayo-ia-y-observabilidad/modelos-de-ia/openai/gpt-oss-20b/resultados/gguf-2026-09-23/controlador-bf16/src/tests.rs"
"SV-motor","ensayo-ia-y-observabilidad","02d5aee5fafe71105e2a451273adba888e87308a","laboratorio/ensayo-ia-y-observabilidad/modelos-de-ia/openai/gpt-oss-20b/resultados/gguf-2026-09-23/controlador-f32/Cargo.lock","4879","6ff0d7469fac7eced76052697978961209dad511","https://github.com/juantoniolloretegea/SV-motor/blob/02d5aee5fafe71105e2a451273adba888e87308a/laboratorio/ensayo-ia-y-observabilidad/modelos-de-ia/openai/gpt-oss-20b/resultados/gguf-2026-09-23/controlador-f32/Cargo.lock"
"SV-motor","ensayo-ia-y-observabilidad","02d5aee5fafe71105e2a451273adba888e87308a","laboratorio/ensayo-ia-y-observabilidad/modelos-de-ia/openai/gpt-oss-20b/resultados/gguf-2026-09-23/controlador-f32/Cargo.toml","278","5268d261d40a107fdffc335e9d175bad5549d91f","https://github.com/juantoniolloretegea/SV-motor/blob/02d5aee5fafe71105e2a451273adba888e87308a/laboratorio/ensayo-ia-y-observabilidad/modelos-de-ia/openai/gpt-oss-20b/resultados/gguf-2026-09-23/controlador-f32/Cargo.toml"
"SV-motor","ensayo-ia-y-observabilidad","02d5aee5fafe71105e2a451273adba888e87308a","laboratorio/ensayo-ia-y-observabilidad/modelos-de-ia/openai/gpt-oss-20b/resultados/gguf-2026-09-23/controlador-f32/src/lib.rs","24582","cbc30d0208082c1de189c1a5f4ab755a57f650e1","https://github.com/juantoniolloretegea/SV-motor/blob/02d5aee5fafe71105e2a451273adba888e87308a/laboratorio/ensayo-ia-y-observabilidad/modelos-de-ia/openai/gpt-oss-20b/resultados/gguf-2026-09-23/controlador-f32/src/lib.rs"
"SV-motor","ensayo-ia-y-observabilidad","02d5aee5fafe71105e2a451273adba888e87308a","laboratorio/ensayo-ia-y-observabilidad/modelos-de-ia/openai/gpt-oss-20b/resultados/gguf-2026-09-23/controlador-f32/src/main.rs","3002","e83d0e1dad1d66223f12a7f3bd129f7fa9b2145b","https://github.com/juantoniolloretegea/SV-motor/blob/02d5aee5fafe71105e2a451273adba888e87308a/laboratorio/ensayo-ia-y-observabilidad/modelos-de-ia/openai/gpt-oss-20b/resultados/gguf-2026-09-23/controlador-f32/src/main.rs"
"SV-motor","ensayo-ia-y-observabilidad","02d5aee5fafe71105e2a451273adba888e87308a","laboratorio/ensayo-ia-y-observabilidad/modelos-de-ia/openai/gpt-oss-20b/resultados/gguf-2026-09-23/controlador-f32/src/resources.rs","5385","b613532623071b99edd028885d28ff45e11379c5","https://github.com/juantoniolloretegea/SV-motor/blob/02d5aee5fafe71105e2a451273adba888e87308a/laboratorio/ensayo-ia-y-observabilidad/modelos-de-ia/openai/gpt-oss-20b/resultados/gguf-2026-09-23/controlador-f32/src/resources.rs"
"SV-motor","ensayo-ia-y-observabilidad","02d5aee5fafe71105e2a451273adba888e87308a","laboratorio/ensayo-ia-y-observabilidad/modelos-de-ia/openai/gpt-oss-20b/resultados/gguf-2026-09-23/controlador-f32/src/tests.rs","1004","a9632a654bc83be7fbe35ae4a48aa86314f8e464","https://github.com/juantoniolloretegea/SV-motor/blob/02d5aee5fafe71105e2a451273adba888e87308a/laboratorio/ensayo-ia-y-observabilidad/modelos-de-ia/openai/gpt-oss-20b/resultados/gguf-2026-09-23/controlador-f32/src/tests.rs"
"SV-motor","ensayo-ia-y-observabilidad","02d5aee5fafe71105e2a451273adba888e87308a","laboratorio/ensayo-ia-y-observabilidad/modelos-de-ia/openai/gpt-oss-20b/resultados/gguf-2026-09-23/descarga/Cargo.lock","18124","dd9914a2e9e2552a978a49323f4b4c2eea4ea96f","https://github.com/juantoniolloretegea/SV-motor/blob/02d5aee5fafe71105e2a451273adba888e87308a/laboratorio/ensayo-ia-y-observabilidad/modelos-de-ia/openai/gpt-oss-20b/resultados/gguf-2026-09-23/descarga/Cargo.lock"
"SV-motor","ensayo-ia-y-observabilidad","02d5aee5fafe71105e2a451273adba888e87308a","laboratorio/ensayo-ia-y-observabilidad/modelos-de-ia/openai/gpt-oss-20b/resultados/gguf-2026-09-23/descarga/Cargo.toml","285","bca18add5864247f95c0f8b3bb8dd73fea9f40c9","https://github.com/juantoniolloretegea/SV-motor/blob/02d5aee5fafe71105e2a451273adba888e87308a/laboratorio/ensayo-ia-y-observabilidad/modelos-de-ia/openai/gpt-oss-20b/resultados/gguf-2026-09-23/descarga/Cargo.toml"
"SV-motor","ensayo-ia-y-observabilidad","02d5aee5fafe71105e2a451273adba888e87308a","laboratorio/ensayo-ia-y-observabilidad/modelos-de-ia/openai/gpt-oss-20b/resultados/gguf-2026-09-23/descarga/src/main.rs","2763","24e9add70df93f1e6f02cbb22e4a5b955092f5f2","https://github.com/juantoniolloretegea/SV-motor/blob/02d5aee5fafe71105e2a451273adba888e87308a/laboratorio/ensayo-ia-y-observabilidad/modelos-de-ia/openai/gpt-oss-20b/resultados/gguf-2026-09-23/descarga/src/main.rs"
"SV-motor","ensayo-ia-y-observabilidad","02d5aee5fafe71105e2a451273adba888e87308a","laboratorio/ensayo-ia-y-observabilidad/modelos-de-ia/openai/gpt-oss-20b/resultados/gguf-2026-09-23/gguf-inspector.rs","1631","ec5157a94e984286d5e30b3db190ba1f410d3c42","https://github.com/juantoniolloretegea/SV-motor/blob/02d5aee5fafe71105e2a451273adba888e87308a/laboratorio/ensayo-ia-y-observabilidad/modelos-de-ia/openai/gpt-oss-20b/resultados/gguf-2026-09-23/gguf-inspector.rs"
"SV-motor","ensayo-ia-y-observabilidad","02d5aee5fafe71105e2a451273adba888e87308a","laboratorio/ensayo-ia-y-observabilidad/modelos-de-ia/openai/gpt-oss-20b/resultados/mxfp4-2026-09-23/resumir-intento.rs","1634","a5170ae1d6faeca64b5a9a14421aab5ed531ac90","https://github.com/juantoniolloretegea/SV-motor/blob/02d5aee5fafe71105e2a451273adba888e87308a/laboratorio/ensayo-ia-y-observabilidad/modelos-de-ia/openai/gpt-oss-20b/resultados/mxfp4-2026-09-23/resumir-intento.rs"
"SV-motor","ensayo-ia-y-observabilidad","02d5aee5fafe71105e2a451273adba888e87308a","laboratorio/ensayo-ia-y-observabilidad/modelos-de-ia/openai/gpt-oss-20b/resultados/onecloud-2026-09-24/evidencias/controlador-admision-revisada/Cargo.lock","4879","7cd88c78e49e5bad33cad3b008232a77c5948196","https://github.com/juantoniolloretegea/SV-motor/blob/02d5aee5fafe71105e2a451273adba888e87308a/laboratorio/ensayo-ia-y-observabilidad/modelos-de-ia/openai/gpt-oss-20b/resultados/onecloud-2026-09-24/evidencias/controlador-admision-revisada/Cargo.lock"
"SV-motor","ensayo-ia-y-observabilidad","02d5aee5fafe71105e2a451273adba888e87308a","laboratorio/ensayo-ia-y-observabilidad/modelos-de-ia/openai/gpt-oss-20b/resultados/onecloud-2026-09-24/evidencias/controlador-admision-revisada/Cargo.toml","346","b4fdf2d2bb560f55e6fd29913a08c84cb290a2ca","https://github.com/juantoniolloretegea/SV-motor/blob/02d5aee5fafe71105e2a451273adba888e87308a/laboratorio/ensayo-ia-y-observabilidad/modelos-de-ia/openai/gpt-oss-20b/resultados/onecloud-2026-09-24/evidencias/controlador-admision-revisada/Cargo.toml"
"SV-motor","ensayo-ia-y-observabilidad","02d5aee5fafe71105e2a451273adba888e87308a","laboratorio/ensayo-ia-y-observabilidad/modelos-de-ia/openai/gpt-oss-20b/resultados/onecloud-2026-09-24/evidencias/controlador-admision-revisada/src/bin/auditoria_memoria.rs","2164","5ae3d567d13d058c9ad6e7268ef8db45b73dfa8f","https://github.com/juantoniolloretegea/SV-motor/blob/02d5aee5fafe71105e2a451273adba888e87308a/laboratorio/ensayo-ia-y-observabilidad/modelos-de-ia/openai/gpt-oss-20b/resultados/onecloud-2026-09-24/evidencias/controlador-admision-revisada/src/bin/auditoria_memoria.rs"
"SV-motor","ensayo-ia-y-observabilidad","02d5aee5fafe71105e2a451273adba888e87308a","laboratorio/ensayo-ia-y-observabilidad/modelos-de-ia/openai/gpt-oss-20b/resultados/onecloud-2026-09-24/evidencias/controlador-admision-revisada/src/lib.rs","24773","6c3388e0c1c9894260de7efa4defc4910b0da0b0","https://github.com/juantoniolloretegea/SV-motor/blob/02d5aee5fafe71105e2a451273adba888e87308a/laboratorio/ensayo-ia-y-observabilidad/modelos-de-ia/openai/gpt-oss-20b/resultados/onecloud-2026-09-24/evidencias/controlador-admision-revisada/src/lib.rs"
"SV-motor","ensayo-ia-y-observabilidad","02d5aee5fafe71105e2a451273adba888e87308a","laboratorio/ensayo-ia-y-observabilidad/modelos-de-ia/openai/gpt-oss-20b/resultados/onecloud-2026-09-24/evidencias/controlador-admision-revisada/src/main.rs","3002","eb19b768caad1ce7f7be7281176be770e564e483","https://github.com/juantoniolloretegea/SV-motor/blob/02d5aee5fafe71105e2a451273adba888e87308a/laboratorio/ensayo-ia-y-observabilidad/modelos-de-ia/openai/gpt-oss-20b/resultados/onecloud-2026-09-24/evidencias/controlador-admision-revisada/src/main.rs"
"SV-motor","ensayo-ia-y-observabilidad","02d5aee5fafe71105e2a451273adba888e87308a","laboratorio/ensayo-ia-y-observabilidad/modelos-de-ia/openai/gpt-oss-20b/resultados/onecloud-2026-09-24/evidencias/controlador-admision-revisada/src/resources.rs","5385","b613532623071b99edd028885d28ff45e11379c5","https://github.com/juantoniolloretegea/SV-motor/blob/02d5aee5fafe71105e2a451273adba888e87308a/laboratorio/ensayo-ia-y-observabilidad/modelos-de-ia/openai/gpt-oss-20b/resultados/onecloud-2026-09-24/evidencias/controlador-admision-revisada/src/resources.rs"
"SV-motor","ensayo-ia-y-observabilidad","02d5aee5fafe71105e2a451273adba888e87308a","laboratorio/ensayo-ia-y-observabilidad/modelos-de-ia/openai/gpt-oss-20b/resultados/onecloud-2026-09-24/evidencias/controlador-admision-revisada/src/tests.rs","1004","a9632a654bc83be7fbe35ae4a48aa86314f8e464","https://github.com/juantoniolloretegea/SV-motor/blob/02d5aee5fafe71105e2a451273adba888e87308a/laboratorio/ensayo-ia-y-observabilidad/modelos-de-ia/openai/gpt-oss-20b/resultados/onecloud-2026-09-24/evidencias/controlador-admision-revisada/src/tests.rs"
"SV-motor","ensayo-ia-y-observabilidad","02d5aee5fafe71105e2a451273adba888e87308a","laboratorio/ensayo-ia-y-observabilidad/modelos-de-ia/openai/gpt-oss-20b/resultados/onecloud-2026-09-24/evidencias/controlador-referencia-oc02/Cargo.lock","4879","7cd88c78e49e5bad33cad3b008232a77c5948196","https://github.com/juantoniolloretegea/SV-motor/blob/02d5aee5fafe71105e2a451273adba888e87308a/laboratorio/ensayo-ia-y-observabilidad/modelos-de-ia/openai/gpt-oss-20b/resultados/onecloud-2026-09-24/evidencias/controlador-referencia-oc02/Cargo.lock"
"SV-motor","ensayo-ia-y-observabilidad","02d5aee5fafe71105e2a451273adba888e87308a","laboratorio/ensayo-ia-y-observabilidad/modelos-de-ia/openai/gpt-oss-20b/resultados/onecloud-2026-09-24/evidencias/controlador-referencia-oc02/Cargo.toml","346","b4fdf2d2bb560f55e6fd29913a08c84cb290a2ca","https://github.com/juantoniolloretegea/SV-motor/blob/02d5aee5fafe71105e2a451273adba888e87308a/laboratorio/ensayo-ia-y-observabilidad/modelos-de-ia/openai/gpt-oss-20b/resultados/onecloud-2026-09-24/evidencias/controlador-referencia-oc02/Cargo.toml"
"SV-motor","ensayo-ia-y-observabilidad","02d5aee5fafe71105e2a451273adba888e87308a","laboratorio/ensayo-ia-y-observabilidad/modelos-de-ia/openai/gpt-oss-20b/resultados/onecloud-2026-09-24/evidencias/controlador-referencia-oc02/src/bin/auditoria_memoria.rs","2164","5ae3d567d13d058c9ad6e7268ef8db45b73dfa8f","https://github.com/juantoniolloretegea/SV-motor/blob/02d5aee5fafe71105e2a451273adba888e87308a/laboratorio/ensayo-ia-y-observabilidad/modelos-de-ia/openai/gpt-oss-20b/resultados/onecloud-2026-09-24/evidencias/controlador-referencia-oc02/src/bin/auditoria_memoria.rs"
"SV-motor","ensayo-ia-y-observabilidad","02d5aee5fafe71105e2a451273adba888e87308a","laboratorio/ensayo-ia-y-observabilidad/modelos-de-ia/openai/gpt-oss-20b/resultados/onecloud-2026-09-24/evidencias/controlador-referencia-oc02/src/lib.rs","24754","4336f441798cc1873ac2ea4a9d1ba91afe994b9a","https://github.com/juantoniolloretegea/SV-motor/blob/02d5aee5fafe71105e2a451273adba888e87308a/laboratorio/ensayo-ia-y-observabilidad/modelos-de-ia/openai/gpt-oss-20b/resultados/onecloud-2026-09-24/evidencias/controlador-referencia-oc02/src/lib.rs"
"SV-motor","ensayo-ia-y-observabilidad","02d5aee5fafe71105e2a451273adba888e87308a","laboratorio/ensayo-ia-y-observabilidad/modelos-de-ia/openai/gpt-oss-20b/resultados/onecloud-2026-09-24/evidencias/controlador-referencia-oc02/src/main.rs","3002","e83d0e1dad1d66223f12a7f3bd129f7fa9b2145b","https://github.com/juantoniolloretegea/SV-motor/blob/02d5aee5fafe71105e2a451273adba888e87308a/laboratorio/ensayo-ia-y-observabilidad/modelos-de-ia/openai/gpt-oss-20b/resultados/onecloud-2026-09-24/evidencias/controlador-referencia-oc02/src/main.rs"
"SV-motor","ensayo-ia-y-observabilidad","02d5aee5fafe71105e2a451273adba888e87308a","laboratorio/ensayo-ia-y-observabilidad/modelos-de-ia/openai/gpt-oss-20b/resultados/onecloud-2026-09-24/evidencias/controlador-referencia-oc02/src/resources.rs","5385","b613532623071b99edd028885d28ff45e11379c5","https://github.com/juantoniolloretegea/SV-motor/blob/02d5aee5fafe71105e2a451273adba888e87308a/laboratorio/ensayo-ia-y-observabilidad/modelos-de-ia/openai/gpt-oss-20b/resultados/onecloud-2026-09-24/evidencias/controlador-referencia-oc02/src/resources.rs"
"SV-motor","ensayo-ia-y-observabilidad","02d5aee5fafe71105e2a451273adba888e87308a","laboratorio/ensayo-ia-y-observabilidad/modelos-de-ia/openai/gpt-oss-20b/resultados/onecloud-2026-09-24/evidencias/controlador-referencia-oc02/src/tests.rs","1004","a9632a654bc83be7fbe35ae4a48aa86314f8e464","https://github.com/juantoniolloretegea/SV-motor/blob/02d5aee5fafe71105e2a451273adba888e87308a/laboratorio/ensayo-ia-y-observabilidad/modelos-de-ia/openai/gpt-oss-20b/resultados/onecloud-2026-09-24/evidencias/controlador-referencia-oc02/src/tests.rs"
"SV-motor","ensayo-ia-y-observabilidad","02d5aee5fafe71105e2a451273adba888e87308a","laboratorio/ensayo-ia-y-observabilidad/modelos-de-ia/openai/gpt-oss-20b/resultados/onecloud-2026-09-24/optimizacion/controlador-residente/Cargo.lock","4878","727d60a9b16e60298bc76a8347dfc65b9cfe8487","https://github.com/juantoniolloretegea/SV-motor/blob/02d5aee5fafe71105e2a451273adba888e87308a/laboratorio/ensayo-ia-y-observabilidad/modelos-de-ia/openai/gpt-oss-20b/resultados/onecloud-2026-09-24/optimizacion/controlador-residente/Cargo.lock"
"SV-motor","ensayo-ia-y-observabilidad","02d5aee5fafe71105e2a451273adba888e87308a","laboratorio/ensayo-ia-y-observabilidad/modelos-de-ia/openai/gpt-oss-20b/resultados/onecloud-2026-09-24/optimizacion/controlador-residente/Cargo.toml","403","77c446e5754dbf99b96eae62d0656ef67b4d7598","https://github.com/juantoniolloretegea/SV-motor/blob/02d5aee5fafe71105e2a451273adba888e87308a/laboratorio/ensayo-ia-y-observabilidad/modelos-de-ia/openai/gpt-oss-20b/resultados/onecloud-2026-09-24/optimizacion/controlador-residente/Cargo.toml"
"SV-motor","ensayo-ia-y-observabilidad","02d5aee5fafe71105e2a451273adba888e87308a","laboratorio/ensayo-ia-y-observabilidad/modelos-de-ia/openai/gpt-oss-20b/resultados/onecloud-2026-09-24/optimizacion/controlador-residente/src/bin/auditar_campana.rs","3678","82faf2c7fcb48e3927df2152a9ea100003d73493","https://github.com/juantoniolloretegea/SV-motor/blob/02d5aee5fafe71105e2a451273adba888e87308a/laboratorio/ensayo-ia-y-observabilidad/modelos-de-ia/openai/gpt-oss-20b/resultados/onecloud-2026-09-24/optimizacion/controlador-residente/src/bin/auditar_campana.rs"
"SV-motor","ensayo-ia-y-observabilidad","02d5aee5fafe71105e2a451273adba888e87308a","laboratorio/ensayo-ia-y-observabilidad/modelos-de-ia/openai/gpt-oss-20b/resultados/onecloud-2026-09-24/optimizacion/controlador-residente/src/bin/auditoria_memoria.rs","2164","5ae3d567d13d058c9ad6e7268ef8db45b73dfa8f","https://github.com/juantoniolloretegea/SV-motor/blob/02d5aee5fafe71105e2a451273adba888e87308a/laboratorio/ensayo-ia-y-observabilidad/modelos-de-ia/openai/gpt-oss-20b/resultados/onecloud-2026-09-24/optimizacion/controlador-residente/src/bin/auditoria_memoria.rs"
"SV-motor","ensayo-ia-y-observabilidad","02d5aee5fafe71105e2a451273adba888e87308a","laboratorio/ensayo-ia-y-observabilidad/modelos-de-ia/openai/gpt-oss-20b/resultados/onecloud-2026-09-24/optimizacion/controlador-residente/src/bin/resumen.rs","1628","826354fe486b0080b595bbe273e2d8303ce9c037","https://github.com/juantoniolloretegea/SV-motor/blob/02d5aee5fafe71105e2a451273adba888e87308a/laboratorio/ensayo-ia-y-observabilidad/modelos-de-ia/openai/gpt-oss-20b/resultados/onecloud-2026-09-24/optimizacion/controlador-residente/src/bin/resumen.rs"
"SV-motor","ensayo-ia-y-observabilidad","02d5aee5fafe71105e2a451273adba888e87308a","laboratorio/ensayo-ia-y-observabilidad/modelos-de-ia/openai/gpt-oss-20b/resultados/onecloud-2026-09-24/optimizacion/controlador-residente/src/lib.rs","26820","771fde62b177e810c00aa63216df7a267f79c3b4","https://github.com/juantoniolloretegea/SV-motor/blob/02d5aee5fafe71105e2a451273adba888e87308a/laboratorio/ensayo-ia-y-observabilidad/modelos-de-ia/openai/gpt-oss-20b/resultados/onecloud-2026-09-24/optimizacion/controlador-residente/src/lib.rs"
"SV-motor","ensayo-ia-y-observabilidad","02d5aee5fafe71105e2a451273adba888e87308a","laboratorio/ensayo-ia-y-observabilidad/modelos-de-ia/openai/gpt-oss-20b/resultados/onecloud-2026-09-24/optimizacion/controlador-residente/src/main.rs","3601","e398ad69d9c35f2dded9e5634d5dcd29a1f22507","https://github.com/juantoniolloretegea/SV-motor/blob/02d5aee5fafe71105e2a451273adba888e87308a/laboratorio/ensayo-ia-y-observabilidad/modelos-de-ia/openai/gpt-oss-20b/resultados/onecloud-2026-09-24/optimizacion/controlador-residente/src/main.rs"
"SV-motor","ensayo-ia-y-observabilidad","02d5aee5fafe71105e2a451273adba888e87308a","laboratorio/ensayo-ia-y-observabilidad/modelos-de-ia/openai/gpt-oss-20b/resultados/onecloud-2026-09-24/optimizacion/controlador-residente/src/resources.rs","5385","b613532623071b99edd028885d28ff45e11379c5","https://github.com/juantoniolloretegea/SV-motor/blob/02d5aee5fafe71105e2a451273adba888e87308a/laboratorio/ensayo-ia-y-observabilidad/modelos-de-ia/openai/gpt-oss-20b/resultados/onecloud-2026-09-24/optimizacion/controlador-residente/src/resources.rs"
"SV-motor","ensayo-ia-y-observabilidad","02d5aee5fafe71105e2a451273adba888e87308a","laboratorio/ensayo-ia-y-observabilidad/modelos-de-ia/openai/gpt-oss-20b/resultados/onecloud-2026-09-24/optimizacion/controlador-residente/src/tests.rs","1004","a9632a654bc83be7fbe35ae4a48aa86314f8e464","https://github.com/juantoniolloretegea/SV-motor/blob/02d5aee5fafe71105e2a451273adba888e87308a/laboratorio/ensayo-ia-y-observabilidad/modelos-de-ia/openai/gpt-oss-20b/resultados/onecloud-2026-09-24/optimizacion/controlador-residente/src/tests.rs"
"SV-motor","ensayo-ia-y-observabilidad","02d5aee5fafe71105e2a451273adba888e87308a","laboratorio/ensayo-ia-y-observabilidad/modelos-de-ia/openai/gpt-oss-20b/resultados/onecloud-2026-09-24/optimizacion/funcion_paralela.rs","4584","5a3ff255f73cf827c7f7df0f0435ee0a9789b0a7","https://github.com/juantoniolloretegea/SV-motor/blob/02d5aee5fafe71105e2a451273adba888e87308a/laboratorio/ensayo-ia-y-observabilidad/modelos-de-ia/openai/gpt-oss-20b/resultados/onecloud-2026-09-24/optimizacion/funcion_paralela.rs"
"SV-motor","ensayo-ia-y-observabilidad","02d5aee5fafe71105e2a451273adba888e87308a","laboratorio/ensayo-ia-y-observabilidad/modelos-de-ia/openai/gpt-oss-20b/resultados/onecloud-2026-09-24/optimizacion/MOTOR_INSTRUMENTADO.rs","49533","e43d8d2e5cc9830cb3fdd3bc7f91a9b84f857e43","https://github.com/juantoniolloretegea/SV-motor/blob/02d5aee5fafe71105e2a451273adba888e87308a/laboratorio/ensayo-ia-y-observabilidad/modelos-de-ia/openai/gpt-oss-20b/resultados/onecloud-2026-09-24/optimizacion/MOTOR_INSTRUMENTADO.rs"
"SV-motor","ensayo-ia-y-observabilidad","02d5aee5fafe71105e2a451273adba888e87308a","laboratorio/ensayo-ia-y-observabilidad/modelos-de-ia/openai/gpt-oss-20b/resultados/onecloud-2026-09-24/optimizacion/pruebas_paralelas.rs","1965","2221eeb9af891881a5251ed48f08069932dc1a5f","https://github.com/juantoniolloretegea/SV-motor/blob/02d5aee5fafe71105e2a451273adba888e87308a/laboratorio/ensayo-ia-y-observabilidad/modelos-de-ia/openai/gpt-oss-20b/resultados/onecloud-2026-09-24/optimizacion/pruebas_paralelas.rs"
"SV-motor","ensayo-ia-y-observabilidad","02d5aee5fafe71105e2a451273adba888e87308a","laboratorio/ensayo-ia-y-observabilidad/modelos-de-ia/openai/gpt-oss-20b/resultados/onecloud-2026-09-24/optimizacion/resumen.rs","1628","826354fe486b0080b595bbe273e2d8303ce9c037","https://github.com/juantoniolloretegea/SV-motor/blob/02d5aee5fafe71105e2a451273adba888e87308a/laboratorio/ensayo-ia-y-observabilidad/modelos-de-ia/openai/gpt-oss-20b/resultados/onecloud-2026-09-24/optimizacion/resumen.rs"
"SV-motor","ensayo-ia-y-observabilidad","02d5aee5fafe71105e2a451273adba888e87308a","laboratorio/ensayo-ia-y-observabilidad/modelos-de-ia/openai/gpt-oss-20b/resultados/ventana-acotada-2026-09-23/candidata-0.1.11/Cargo.lock","4879","7d75dba1631d274592887489ebfb964addc83689","https://github.com/juantoniolloretegea/SV-motor/blob/02d5aee5fafe71105e2a451273adba888e87308a/laboratorio/ensayo-ia-y-observabilidad/modelos-de-ia/openai/gpt-oss-20b/resultados/ventana-acotada-2026-09-23/candidata-0.1.11/Cargo.lock"
"SV-motor","ensayo-ia-y-observabilidad","02d5aee5fafe71105e2a451273adba888e87308a","laboratorio/ensayo-ia-y-observabilidad/modelos-de-ia/openai/gpt-oss-20b/resultados/ventana-acotada-2026-09-23/candidata-0.1.11/Cargo.toml","278","4eb8b618b33d76b6929c0e44e1873c3d55b27665","https://github.com/juantoniolloretegea/SV-motor/blob/02d5aee5fafe71105e2a451273adba888e87308a/laboratorio/ensayo-ia-y-observabilidad/modelos-de-ia/openai/gpt-oss-20b/resultados/ventana-acotada-2026-09-23/candidata-0.1.11/Cargo.toml"
"SV-motor","ensayo-ia-y-observabilidad","02d5aee5fafe71105e2a451273adba888e87308a","laboratorio/ensayo-ia-y-observabilidad/modelos-de-ia/openai/gpt-oss-20b/resultados/ventana-acotada-2026-09-23/candidata-0.1.11/src/lib.rs","23750","998e01ab84ff964763de5a166dd4512a773063f7","https://github.com/juantoniolloretegea/SV-motor/blob/02d5aee5fafe71105e2a451273adba888e87308a/laboratorio/ensayo-ia-y-observabilidad/modelos-de-ia/openai/gpt-oss-20b/resultados/ventana-acotada-2026-09-23/candidata-0.1.11/src/lib.rs"
"SV-motor","ensayo-ia-y-observabilidad","02d5aee5fafe71105e2a451273adba888e87308a","laboratorio/ensayo-ia-y-observabilidad/modelos-de-ia/openai/gpt-oss-20b/resultados/ventana-acotada-2026-09-23/candidata-0.1.11/src/main.rs","3001","9cd1c5756bd04291346f1aaea91bbf5e098dd498","https://github.com/juantoniolloretegea/SV-motor/blob/02d5aee5fafe71105e2a451273adba888e87308a/laboratorio/ensayo-ia-y-observabilidad/modelos-de-ia/openai/gpt-oss-20b/resultados/ventana-acotada-2026-09-23/candidata-0.1.11/src/main.rs"
"SV-motor","ensayo-ia-y-observabilidad","02d5aee5fafe71105e2a451273adba888e87308a","laboratorio/ensayo-ia-y-observabilidad/modelos-de-ia/openai/gpt-oss-20b/resultados/ventana-acotada-2026-09-23/candidata-0.1.11/src/resources.rs","5384","3798f122375e8d5e45c20be623a8552dfe22341e","https://github.com/juantoniolloretegea/SV-motor/blob/02d5aee5fafe71105e2a451273adba888e87308a/laboratorio/ensayo-ia-y-observabilidad/modelos-de-ia/openai/gpt-oss-20b/resultados/ventana-acotada-2026-09-23/candidata-0.1.11/src/resources.rs"
"SV-motor","ensayo-ia-y-observabilidad","02d5aee5fafe71105e2a451273adba888e87308a","laboratorio/ensayo-ia-y-observabilidad/modelos-de-ia/openai/gpt-oss-20b/resultados/ventana-acotada-2026-09-23/candidata-0.1.11/src/tests.rs","11512","ae8089f474fb45a082db955b21cb7d564df64643","https://github.com/juantoniolloretegea/SV-motor/blob/02d5aee5fafe71105e2a451273adba888e87308a/laboratorio/ensayo-ia-y-observabilidad/modelos-de-ia/openai/gpt-oss-20b/resultados/ventana-acotada-2026-09-23/candidata-0.1.11/src/tests.rs"
"SV-motor","ensayo-ia-y-observabilidad","02d5aee5fafe71105e2a451273adba888e87308a","laboratorio/ensayo-ia-y-observabilidad/modelos-de-ia/openai/gpt-oss-safeguard-120b/ensayos-reiterados-adversariales-y-aprendizaje/realizacion-rust/A1/auditoria.rs","7570","8761168c40a280dbaf39b7668225edbbc0f74652","https://github.com/juantoniolloretegea/SV-motor/blob/02d5aee5fafe71105e2a451273adba888e87308a/laboratorio/ensayo-ia-y-observabilidad/modelos-de-ia/openai/gpt-oss-safeguard-120b/ensayos-reiterados-adversariales-y-aprendizaje/realizacion-rust/A1/auditoria.rs"
"SV-motor","ensayo-ia-y-observabilidad","02d5aee5fafe71105e2a451273adba888e87308a","laboratorio/ensayo-ia-y-observabilidad/modelos-de-ia/openai/gpt-oss-safeguard-120b/ensayos-reiterados-adversariales-y-aprendizaje/realizacion-rust/A1/conductor.rs","20166","3864cd6e09583ff791f1d56d787bba0c4490eed3","https://github.com/juantoniolloretegea/SV-motor/blob/02d5aee5fafe71105e2a451273adba888e87308a/laboratorio/ensayo-ia-y-observabilidad/modelos-de-ia/openai/gpt-oss-safeguard-120b/ensayos-reiterados-adversariales-y-aprendizaje/realizacion-rust/A1/conductor.rs"
"SV-motor","ensayo-ia-y-observabilidad","02d5aee5fafe71105e2a451273adba888e87308a","laboratorio/ensayo-ia-y-observabilidad/modelos-de-ia/openai/gpt-oss-safeguard-120b/ensayos-reiterados-adversariales-y-aprendizaje/realizacion-rust/A1/custodio.rs","26547","4ed922ff67e73ab69f273d00a78d41678fd38c4a","https://github.com/juantoniolloretegea/SV-motor/blob/02d5aee5fafe71105e2a451273adba888e87308a/laboratorio/ensayo-ia-y-observabilidad/modelos-de-ia/openai/gpt-oss-safeguard-120b/ensayos-reiterados-adversariales-y-aprendizaje/realizacion-rust/A1/custodio.rs"
"SV-motor","ensayo-ia-y-observabilidad","02d5aee5fafe71105e2a451273adba888e87308a","laboratorio/ensayo-ia-y-observabilidad/modelos-de-ia/openai/gpt-oss-safeguard-120b/ensayos-reiterados-adversariales-y-aprendizaje/realizacion-rust/A1/gestion.rs","5040","5acc3e05906a368b470f8a596632b9abf4e328a2","https://github.com/juantoniolloretegea/SV-motor/blob/02d5aee5fafe71105e2a451273adba888e87308a/laboratorio/ensayo-ia-y-observabilidad/modelos-de-ia/openai/gpt-oss-safeguard-120b/ensayos-reiterados-adversariales-y-aprendizaje/realizacion-rust/A1/gestion.rs"
"SV-motor","ensayo-ia-y-observabilidad","02d5aee5fafe71105e2a451273adba888e87308a","laboratorio/ensayo-ia-y-observabilidad/modelos-de-ia/openai/gpt-oss-safeguard-120b/ensayos-reiterados-adversariales-y-aprendizaje/realizacion-rust/A1/verificador.rs","8353","368dc80f902b148f05c8d2e95c3bb808561a5549","https://github.com/juantoniolloretegea/SV-motor/blob/02d5aee5fafe71105e2a451273adba888e87308a/laboratorio/ensayo-ia-y-observabilidad/modelos-de-ia/openai/gpt-oss-safeguard-120b/ensayos-reiterados-adversariales-y-aprendizaje/realizacion-rust/A1/verificador.rs"
"SV-motor","ensayo-ia-y-observabilidad","02d5aee5fafe71105e2a451273adba888e87308a","laboratorio/ensayo-ia-y-observabilidad/modelos-de-ia/openai/gpt-oss-safeguard-120b/ensayos-reiterados-adversariales-y-aprendizaje/realizacion-rust/A2/conductor.rs","20166","1370c0aa1006e0aac8f6836eaa5d6b6151933a29","https://github.com/juantoniolloretegea/SV-motor/blob/02d5aee5fafe71105e2a451273adba888e87308a/laboratorio/ensayo-ia-y-observabilidad/modelos-de-ia/openai/gpt-oss-safeguard-120b/ensayos-reiterados-adversariales-y-aprendizaje/realizacion-rust/A2/conductor.rs"
"SV-motor","ensayo-ia-y-observabilidad","02d5aee5fafe71105e2a451273adba888e87308a","laboratorio/ensayo-ia-y-observabilidad/modelos-de-ia/openai/gpt-oss-safeguard-120b/ensayos-reiterados-adversariales-y-aprendizaje/realizacion-rust/A2/custodio.rs","26547","218829fc8e0636d9b81ffd35cb81cfcb1e22628d","https://github.com/juantoniolloretegea/SV-motor/blob/02d5aee5fafe71105e2a451273adba888e87308a/laboratorio/ensayo-ia-y-observabilidad/modelos-de-ia/openai/gpt-oss-safeguard-120b/ensayos-reiterados-adversariales-y-aprendizaje/realizacion-rust/A2/custodio.rs"
"SV-motor","ensayo-ia-y-observabilidad","02d5aee5fafe71105e2a451273adba888e87308a","laboratorio/ensayo-ia-y-observabilidad/modelos-de-ia/openai/gpt-oss-safeguard-120b/ensayos-reiterados-adversariales-y-aprendizaje/realizacion-rust/A2/preparar_a2.rs","6776","732d875f3fbefde930f6ef67e069b0b9f3a0e060","https://github.com/juantoniolloretegea/SV-motor/blob/02d5aee5fafe71105e2a451273adba888e87308a/laboratorio/ensayo-ia-y-observabilidad/modelos-de-ia/openai/gpt-oss-safeguard-120b/ensayos-reiterados-adversariales-y-aprendizaje/realizacion-rust/A2/preparar_a2.rs"
"SV-motor","ensayo-ia-y-observabilidad","02d5aee5fafe71105e2a451273adba888e87308a","laboratorio/ensayo-ia-y-observabilidad/modelos-de-ia/openai/gpt-oss-safeguard-120b/ensayos-reiterados-adversariales-y-aprendizaje/realizacion-rust/A2/verificador.rs","8353","fe56d185b698ce84c7e5ff35e98079e415c5e029","https://github.com/juantoniolloretegea/SV-motor/blob/02d5aee5fafe71105e2a451273adba888e87308a/laboratorio/ensayo-ia-y-observabilidad/modelos-de-ia/openai/gpt-oss-safeguard-120b/ensayos-reiterados-adversariales-y-aprendizaje/realizacion-rust/A2/verificador.rs"
"SV-motor","ensayo-ia-y-observabilidad","02d5aee5fafe71105e2a451273adba888e87308a","laboratorio/ensayo-ia-y-observabilidad/modelos-de-ia/openai/gpt-oss-safeguard-120b/ensayos-reiterados-adversariales-y-aprendizaje/realizacion-rust/A3/conductor.rs","20247","e0a24ce84ea5d3e01e70ab4fdda8c679802506a1","https://github.com/juantoniolloretegea/SV-motor/blob/02d5aee5fafe71105e2a451273adba888e87308a/laboratorio/ensayo-ia-y-observabilidad/modelos-de-ia/openai/gpt-oss-safeguard-120b/ensayos-reiterados-adversariales-y-aprendizaje/realizacion-rust/A3/conductor.rs"
"SV-motor","ensayo-ia-y-observabilidad","02d5aee5fafe71105e2a451273adba888e87308a","laboratorio/ensayo-ia-y-observabilidad/modelos-de-ia/openai/gpt-oss-safeguard-120b/ensayos-reiterados-adversariales-y-aprendizaje/realizacion-rust/A3/custodio.rs","26547","59dffde96ebe44b06c58aabc839c15cdbe3d92a8","https://github.com/juantoniolloretegea/SV-motor/blob/02d5aee5fafe71105e2a451273adba888e87308a/laboratorio/ensayo-ia-y-observabilidad/modelos-de-ia/openai/gpt-oss-safeguard-120b/ensayos-reiterados-adversariales-y-aprendizaje/realizacion-rust/A3/custodio.rs"
"SV-motor","ensayo-ia-y-observabilidad","02d5aee5fafe71105e2a451273adba888e87308a","laboratorio/ensayo-ia-y-observabilidad/modelos-de-ia/openai/gpt-oss-safeguard-120b/ensayos-reiterados-adversariales-y-aprendizaje/realizacion-rust/A3/fijar_entradas.rs","3182","06159e3f38fe9e3c04cbb69180613e9d28627127","https://github.com/juantoniolloretegea/SV-motor/blob/02d5aee5fafe71105e2a451273adba888e87308a/laboratorio/ensayo-ia-y-observabilidad/modelos-de-ia/openai/gpt-oss-safeguard-120b/ensayos-reiterados-adversariales-y-aprendizaje/realizacion-rust/A3/fijar_entradas.rs"
"SV-motor","ensayo-ia-y-observabilidad","02d5aee5fafe71105e2a451273adba888e87308a","laboratorio/ensayo-ia-y-observabilidad/modelos-de-ia/openai/gpt-oss-safeguard-120b/ensayos-reiterados-adversariales-y-aprendizaje/realizacion-rust/A3/preparar_a3.rs","8751","152f6fa5312954bf8469d1dd33c21c99a58127e0","https://github.com/juantoniolloretegea/SV-motor/blob/02d5aee5fafe71105e2a451273adba888e87308a/laboratorio/ensayo-ia-y-observabilidad/modelos-de-ia/openai/gpt-oss-safeguard-120b/ensayos-reiterados-adversariales-y-aprendizaje/realizacion-rust/A3/preparar_a3.rs"
"SV-motor","ensayo-ia-y-observabilidad","02d5aee5fafe71105e2a451273adba888e87308a","laboratorio/ensayo-ia-y-observabilidad/modelos-de-ia/openai/gpt-oss-safeguard-120b/ensayos-reiterados-adversariales-y-aprendizaje/realizacion-rust/A3/verificador.rs","8417","46eb16c92ba7cb0ff9a9a79a066419294889aea4","https://github.com/juantoniolloretegea/SV-motor/blob/02d5aee5fafe71105e2a451273adba888e87308a/laboratorio/ensayo-ia-y-observabilidad/modelos-de-ia/openai/gpt-oss-safeguard-120b/ensayos-reiterados-adversariales-y-aprendizaje/realizacion-rust/A3/verificador.rs"
"SV-motor","ensayo-ia-y-observabilidad","02d5aee5fafe71105e2a451273adba888e87308a","laboratorio/ensayo-ia-y-observabilidad/modelos-de-ia/openai/gpt-oss-safeguard-120b/ensayos-reiterados-adversariales-y-aprendizaje/realizacion-rust/conductor/Cargo.toml","792","144e973a975c0f22440681ecec2a2f8d50084102","https://github.com/juantoniolloretegea/SV-motor/blob/02d5aee5fafe71105e2a451273adba888e87308a/laboratorio/ensayo-ia-y-observabilidad/modelos-de-ia/openai/gpt-oss-safeguard-120b/ensayos-reiterados-adversariales-y-aprendizaje/realizacion-rust/conductor/Cargo.toml"
"SV-motor","ensayo-ia-y-observabilidad","02d5aee5fafe71105e2a451273adba888e87308a","laboratorio/ensayo-ia-y-observabilidad/modelos-de-ia/openai/gpt-oss-safeguard-120b/ensayos-reiterados-adversariales-y-aprendizaje/realizacion-rust/conductor/src/main.rs","20163","66d5801c677732b4258689b437371b89135a763d","https://github.com/juantoniolloretegea/SV-motor/blob/02d5aee5fafe71105e2a451273adba888e87308a/laboratorio/ensayo-ia-y-observabilidad/modelos-de-ia/openai/gpt-oss-safeguard-120b/ensayos-reiterados-adversariales-y-aprendizaje/realizacion-rust/conductor/src/main.rs"
"SV-motor","ensayo-ia-y-observabilidad","02d5aee5fafe71105e2a451273adba888e87308a","laboratorio/ensayo-ia-y-observabilidad/modelos-de-ia/openai/gpt-oss-safeguard-120b/ensayos-reiterados-adversariales-y-aprendizaje/realizacion-rust/custodio/Cargo.toml","203","0a5eea86f82a7fb7c8871ff8c34b5e7614a55c4e","https://github.com/juantoniolloretegea/SV-motor/blob/02d5aee5fafe71105e2a451273adba888e87308a/laboratorio/ensayo-ia-y-observabilidad/modelos-de-ia/openai/gpt-oss-safeguard-120b/ensayos-reiterados-adversariales-y-aprendizaje/realizacion-rust/custodio/Cargo.toml"
"SV-motor","ensayo-ia-y-observabilidad","02d5aee5fafe71105e2a451273adba888e87308a","laboratorio/ensayo-ia-y-observabilidad/modelos-de-ia/openai/gpt-oss-safeguard-120b/ensayos-reiterados-adversariales-y-aprendizaje/realizacion-rust/custodio/src/main.rs","26541","11262b49a61ba5b8a41f7a754f23194f1c6ca340","https://github.com/juantoniolloretegea/SV-motor/blob/02d5aee5fafe71105e2a451273adba888e87308a/laboratorio/ensayo-ia-y-observabilidad/modelos-de-ia/openai/gpt-oss-safeguard-120b/ensayos-reiterados-adversariales-y-aprendizaje/realizacion-rust/custodio/src/main.rs"
"SV-motor","ensayo-ia-y-observabilidad","02d5aee5fafe71105e2a451273adba888e87308a","laboratorio/ensayo-ia-y-observabilidad/modelos-de-ia/openai/gpt-oss-safeguard-120b/ensayos-reiterados-adversariales-y-aprendizaje/realizacion-rust/evaluacion/evaluar_a0.rs","4185","80a6d098d07b64d86c1458a8ff61e0573400887e","https://github.com/juantoniolloretegea/SV-motor/blob/02d5aee5fafe71105e2a451273adba888e87308a/laboratorio/ensayo-ia-y-observabilidad/modelos-de-ia/openai/gpt-oss-safeguard-120b/ensayos-reiterados-adversariales-y-aprendizaje/realizacion-rust/evaluacion/evaluar_a0.rs"
"SV-motor","ensayo-ia-y-observabilidad","02d5aee5fafe71105e2a451273adba888e87308a","laboratorio/ensayo-ia-y-observabilidad/modelos-de-ia/openai/gpt-oss-safeguard-120b/ensayos-reiterados-adversariales-y-aprendizaje/realizacion-rust/evaluacion/evaluar_a1.rs","6288","a40086bbe2051588fdce25cbf77eca71d29fead0","https://github.com/juantoniolloretegea/SV-motor/blob/02d5aee5fafe71105e2a451273adba888e87308a/laboratorio/ensayo-ia-y-observabilidad/modelos-de-ia/openai/gpt-oss-safeguard-120b/ensayos-reiterados-adversariales-y-aprendizaje/realizacion-rust/evaluacion/evaluar_a1.rs"
"SV-motor","ensayo-ia-y-observabilidad","02d5aee5fafe71105e2a451273adba888e87308a","laboratorio/ensayo-ia-y-observabilidad/modelos-de-ia/openai/gpt-oss-safeguard-120b/ensayos-reiterados-adversariales-y-aprendizaje/realizacion-rust/evaluacion/evaluar_a2.rs","6288","c9ab3d8cf079c8f10def6912fa75e756f8ef793e","https://github.com/juantoniolloretegea/SV-motor/blob/02d5aee5fafe71105e2a451273adba888e87308a/laboratorio/ensayo-ia-y-observabilidad/modelos-de-ia/openai/gpt-oss-safeguard-120b/ensayos-reiterados-adversariales-y-aprendizaje/realizacion-rust/evaluacion/evaluar_a2.rs"
"SV-motor","ensayo-ia-y-observabilidad","02d5aee5fafe71105e2a451273adba888e87308a","laboratorio/ensayo-ia-y-observabilidad/modelos-de-ia/openai/gpt-oss-safeguard-120b/ensayos-reiterados-adversariales-y-aprendizaje/realizacion-rust/instrumentacion/Cargo.toml","215","f50d40102a07405fc93993367b98ffba1c507fd3","https://github.com/juantoniolloretegea/SV-motor/blob/02d5aee5fafe71105e2a451273adba888e87308a/laboratorio/ensayo-ia-y-observabilidad/modelos-de-ia/openai/gpt-oss-safeguard-120b/ensayos-reiterados-adversariales-y-aprendizaje/realizacion-rust/instrumentacion/Cargo.toml"
"SV-motor","ensayo-ia-y-observabilidad","02d5aee5fafe71105e2a451273adba888e87308a","laboratorio/ensayo-ia-y-observabilidad/modelos-de-ia/openai/gpt-oss-safeguard-120b/ensayos-reiterados-adversariales-y-aprendizaje/realizacion-rust/instrumentacion/src/auditoria.rs","7570","8761168c40a280dbaf39b7668225edbbc0f74652","https://github.com/juantoniolloretegea/SV-motor/blob/02d5aee5fafe71105e2a451273adba888e87308a/laboratorio/ensayo-ia-y-observabilidad/modelos-de-ia/openai/gpt-oss-safeguard-120b/ensayos-reiterados-adversariales-y-aprendizaje/realizacion-rust/instrumentacion/src/auditoria.rs"
"SV-motor","ensayo-ia-y-observabilidad","02d5aee5fafe71105e2a451273adba888e87308a","laboratorio/ensayo-ia-y-observabilidad/modelos-de-ia/openai/gpt-oss-safeguard-120b/ensayos-reiterados-adversariales-y-aprendizaje/realizacion-rust/instrumentacion/src/bin/fijar_entradas.rs","3182","81b88734c17509119e193da639dfdbcd82963a08","https://github.com/juantoniolloretegea/SV-motor/blob/02d5aee5fafe71105e2a451273adba888e87308a/laboratorio/ensayo-ia-y-observabilidad/modelos-de-ia/openai/gpt-oss-safeguard-120b/ensayos-reiterados-adversariales-y-aprendizaje/realizacion-rust/instrumentacion/src/bin/fijar_entradas.rs"
"SV-motor","ensayo-ia-y-observabilidad","02d5aee5fafe71105e2a451273adba888e87308a","laboratorio/ensayo-ia-y-observabilidad/modelos-de-ia/openai/gpt-oss-safeguard-120b/ensayos-reiterados-adversariales-y-aprendizaje/realizacion-rust/instrumentacion/src/ciclo.rs","11054","5564936bf3ff75302c60c3715c98fb249c249594","https://github.com/juantoniolloretegea/SV-motor/blob/02d5aee5fafe71105e2a451273adba888e87308a/laboratorio/ensayo-ia-y-observabilidad/modelos-de-ia/openai/gpt-oss-safeguard-120b/ensayos-reiterados-adversariales-y-aprendizaje/realizacion-rust/instrumentacion/src/ciclo.rs"
"SV-motor","ensayo-ia-y-observabilidad","02d5aee5fafe71105e2a451273adba888e87308a","laboratorio/ensayo-ia-y-observabilidad/modelos-de-ia/openai/gpt-oss-safeguard-120b/ensayos-reiterados-adversariales-y-aprendizaje/realizacion-rust/instrumentacion/src/lib.rs","7078","03c571f6874f0f4278d2d700716a289afc3cbbe3","https://github.com/juantoniolloretegea/SV-motor/blob/02d5aee5fafe71105e2a451273adba888e87308a/laboratorio/ensayo-ia-y-observabilidad/modelos-de-ia/openai/gpt-oss-safeguard-120b/ensayos-reiterados-adversariales-y-aprendizaje/realizacion-rust/instrumentacion/src/lib.rs"
"SV-motor","ensayo-ia-y-observabilidad","02d5aee5fafe71105e2a451273adba888e87308a","laboratorio/ensayo-ia-y-observabilidad/modelos-de-ia/openai/gpt-oss-safeguard-120b/ensayos-reiterados-adversariales-y-aprendizaje/realizacion-rust/instrumentacion/src/ligaduras.rs","6363","286390045bcbde1b1667380acecf254d1f8b0db9","https://github.com/juantoniolloretegea/SV-motor/blob/02d5aee5fafe71105e2a451273adba888e87308a/laboratorio/ensayo-ia-y-observabilidad/modelos-de-ia/openai/gpt-oss-safeguard-120b/ensayos-reiterados-adversariales-y-aprendizaje/realizacion-rust/instrumentacion/src/ligaduras.rs"
"SV-motor","ensayo-ia-y-observabilidad","02d5aee5fafe71105e2a451273adba888e87308a","laboratorio/ensayo-ia-y-observabilidad/modelos-de-ia/openai/gpt-oss-safeguard-120b/ensayos-reiterados-adversariales-y-aprendizaje/realizacion-rust/instrumentacion/src/retroalimentacion.rs","5323","b0b2d5abb9ab0ad24b96c5f05dc1c7b63d6e8b66","https://github.com/juantoniolloretegea/SV-motor/blob/02d5aee5fafe71105e2a451273adba888e87308a/laboratorio/ensayo-ia-y-observabilidad/modelos-de-ia/openai/gpt-oss-safeguard-120b/ensayos-reiterados-adversariales-y-aprendizaje/realizacion-rust/instrumentacion/src/retroalimentacion.rs"
"SV-motor","ensayo-ia-y-observabilidad","02d5aee5fafe71105e2a451273adba888e87308a","laboratorio/ensayo-ia-y-observabilidad/modelos-de-ia/openai/gpt-oss-safeguard-120b/ensayos-reiterados-adversariales-y-aprendizaje/realizacion-rust/preservacion-v1-20261007/A1/conductor/Cargo.toml","795","6d24709f2e2878044fc206ef457fd374691ffe38","https://github.com/juantoniolloretegea/SV-motor/blob/02d5aee5fafe71105e2a451273adba888e87308a/laboratorio/ensayo-ia-y-observabilidad/modelos-de-ia/openai/gpt-oss-safeguard-120b/ensayos-reiterados-adversariales-y-aprendizaje/realizacion-rust/preservacion-v1-20261007/A1/conductor/Cargo.toml"
"SV-motor","ensayo-ia-y-observabilidad","02d5aee5fafe71105e2a451273adba888e87308a","laboratorio/ensayo-ia-y-observabilidad/modelos-de-ia/openai/gpt-oss-safeguard-120b/ensayos-reiterados-adversariales-y-aprendizaje/realizacion-rust/preservacion-v1-20261007/A1/conductor/src/main.rs","20166","3864cd6e09583ff791f1d56d787bba0c4490eed3","https://github.com/juantoniolloretegea/SV-motor/blob/02d5aee5fafe71105e2a451273adba888e87308a/laboratorio/ensayo-ia-y-observabilidad/modelos-de-ia/openai/gpt-oss-safeguard-120b/ensayos-reiterados-adversariales-y-aprendizaje/realizacion-rust/preservacion-v1-20261007/A1/conductor/src/main.rs"
"SV-motor","ensayo-ia-y-observabilidad","02d5aee5fafe71105e2a451273adba888e87308a","laboratorio/ensayo-ia-y-observabilidad/modelos-de-ia/openai/gpt-oss-safeguard-120b/ensayos-reiterados-adversariales-y-aprendizaje/realizacion-rust/preservacion-v1-20261007/A1/conductor/src/origen.rs","20264","ca065a77f9969119a369742a0f7dea979553bb77","https://github.com/juantoniolloretegea/SV-motor/blob/02d5aee5fafe71105e2a451273adba888e87308a/laboratorio/ensayo-ia-y-observabilidad/modelos-de-ia/openai/gpt-oss-safeguard-120b/ensayos-reiterados-adversariales-y-aprendizaje/realizacion-rust/preservacion-v1-20261007/A1/conductor/src/origen.rs"
"SV-motor","ensayo-ia-y-observabilidad","02d5aee5fafe71105e2a451273adba888e87308a","laboratorio/ensayo-ia-y-observabilidad/modelos-de-ia/openai/gpt-oss-safeguard-120b/ensayos-reiterados-adversariales-y-aprendizaje/realizacion-rust/preservacion-v1-20261007/A1/custodio/Cargo.toml","206","652db8ca996edf86e8012085d32b5772db4e6c81","https://github.com/juantoniolloretegea/SV-motor/blob/02d5aee5fafe71105e2a451273adba888e87308a/laboratorio/ensayo-ia-y-observabilidad/modelos-de-ia/openai/gpt-oss-safeguard-120b/ensayos-reiterados-adversariales-y-aprendizaje/realizacion-rust/preservacion-v1-20261007/A1/custodio/Cargo.toml"
"SV-motor","ensayo-ia-y-observabilidad","02d5aee5fafe71105e2a451273adba888e87308a","laboratorio/ensayo-ia-y-observabilidad/modelos-de-ia/openai/gpt-oss-safeguard-120b/ensayos-reiterados-adversariales-y-aprendizaje/realizacion-rust/preservacion-v1-20261007/A1/custodio/src/main.rs","26547","4ed922ff67e73ab69f273d00a78d41678fd38c4a","https://github.com/juantoniolloretegea/SV-motor/blob/02d5aee5fafe71105e2a451273adba888e87308a/laboratorio/ensayo-ia-y-observabilidad/modelos-de-ia/openai/gpt-oss-safeguard-120b/ensayos-reiterados-adversariales-y-aprendizaje/realizacion-rust/preservacion-v1-20261007/A1/custodio/src/main.rs"
"SV-motor","ensayo-ia-y-observabilidad","02d5aee5fafe71105e2a451273adba888e87308a","laboratorio/ensayo-ia-y-observabilidad/modelos-de-ia/openai/gpt-oss-safeguard-120b/ensayos-reiterados-adversariales-y-aprendizaje/realizacion-rust/preservacion-v1-20261007/A1/custodio/src/origen.rs","24463","30715d86c6a9e5b1c048b548b5129eb422376e4d","https://github.com/juantoniolloretegea/SV-motor/blob/02d5aee5fafe71105e2a451273adba888e87308a/laboratorio/ensayo-ia-y-observabilidad/modelos-de-ia/openai/gpt-oss-safeguard-120b/ensayos-reiterados-adversariales-y-aprendizaje/realizacion-rust/preservacion-v1-20261007/A1/custodio/src/origen.rs"
"SV-motor","ensayo-ia-y-observabilidad","02d5aee5fafe71105e2a451273adba888e87308a","laboratorio/ensayo-ia-y-observabilidad/modelos-de-ia/openai/gpt-oss-safeguard-120b/ensayos-reiterados-adversariales-y-aprendizaje/realizacion-rust/preservacion-v1-20261007/A1/gestion/Cargo.toml","149","c3bc428c0c1f7426ff448fa8ec0c60ae5a6e30f9","https://github.com/juantoniolloretegea/SV-motor/blob/02d5aee5fafe71105e2a451273adba888e87308a/laboratorio/ensayo-ia-y-observabilidad/modelos-de-ia/openai/gpt-oss-safeguard-120b/ensayos-reiterados-adversariales-y-aprendizaje/realizacion-rust/preservacion-v1-20261007/A1/gestion/Cargo.toml"
"SV-motor","ensayo-ia-y-observabilidad","02d5aee5fafe71105e2a451273adba888e87308a","laboratorio/ensayo-ia-y-observabilidad/modelos-de-ia/openai/gpt-oss-safeguard-120b/ensayos-reiterados-adversariales-y-aprendizaje/realizacion-rust/preservacion-v1-20261007/A1/gestion/src/auditoria.rs","7570","8761168c40a280dbaf39b7668225edbbc0f74652","https://github.com/juantoniolloretegea/SV-motor/blob/02d5aee5fafe71105e2a451273adba888e87308a/laboratorio/ensayo-ia-y-observabilidad/modelos-de-ia/openai/gpt-oss-safeguard-120b/ensayos-reiterados-adversariales-y-aprendizaje/realizacion-rust/preservacion-v1-20261007/A1/gestion/src/auditoria.rs"
"SV-motor","ensayo-ia-y-observabilidad","02d5aee5fafe71105e2a451273adba888e87308a","laboratorio/ensayo-ia-y-observabilidad/modelos-de-ia/openai/gpt-oss-safeguard-120b/ensayos-reiterados-adversariales-y-aprendizaje/realizacion-rust/preservacion-v1-20261007/A1/gestion/src/main.rs","5040","5acc3e05906a368b470f8a596632b9abf4e328a2","https://github.com/juantoniolloretegea/SV-motor/blob/02d5aee5fafe71105e2a451273adba888e87308a/laboratorio/ensayo-ia-y-observabilidad/modelos-de-ia/openai/gpt-oss-safeguard-120b/ensayos-reiterados-adversariales-y-aprendizaje/realizacion-rust/preservacion-v1-20261007/A1/gestion/src/main.rs"
"SV-motor","ensayo-ia-y-observabilidad","02d5aee5fafe71105e2a451273adba888e87308a","laboratorio/ensayo-ia-y-observabilidad/modelos-de-ia/openai/gpt-oss-safeguard-120b/ensayos-reiterados-adversariales-y-aprendizaje/realizacion-rust/preservacion-v1-20261007/A1/instrumentacion/Cargo.toml","215","f50d40102a07405fc93993367b98ffba1c507fd3","https://github.com/juantoniolloretegea/SV-motor/blob/02d5aee5fafe71105e2a451273adba888e87308a/laboratorio/ensayo-ia-y-observabilidad/modelos-de-ia/openai/gpt-oss-safeguard-120b/ensayos-reiterados-adversariales-y-aprendizaje/realizacion-rust/preservacion-v1-20261007/A1/instrumentacion/Cargo.toml"
"SV-motor","ensayo-ia-y-observabilidad","02d5aee5fafe71105e2a451273adba888e87308a","laboratorio/ensayo-ia-y-observabilidad/modelos-de-ia/openai/gpt-oss-safeguard-120b/ensayos-reiterados-adversariales-y-aprendizaje/realizacion-rust/preservacion-v1-20261007/A1/instrumentacion/src/auditoria.rs","7570","8761168c40a280dbaf39b7668225edbbc0f74652","https://github.com/juantoniolloretegea/SV-motor/blob/02d5aee5fafe71105e2a451273adba888e87308a/laboratorio/ensayo-ia-y-observabilidad/modelos-de-ia/openai/gpt-oss-safeguard-120b/ensayos-reiterados-adversariales-y-aprendizaje/realizacion-rust/preservacion-v1-20261007/A1/instrumentacion/src/auditoria.rs"
"SV-motor","ensayo-ia-y-observabilidad","02d5aee5fafe71105e2a451273adba888e87308a","laboratorio/ensayo-ia-y-observabilidad/modelos-de-ia/openai/gpt-oss-safeguard-120b/ensayos-reiterados-adversariales-y-aprendizaje/realizacion-rust/preservacion-v1-20261007/A1/instrumentacion/src/bin/comprobar_base.rs","4067","a1072260c951f769b340ea43f7bb7c7dbeab982b","https://github.com/juantoniolloretegea/SV-motor/blob/02d5aee5fafe71105e2a451273adba888e87308a/laboratorio/ensayo-ia-y-observabilidad/modelos-de-ia/openai/gpt-oss-safeguard-120b/ensayos-reiterados-adversariales-y-aprendizaje/realizacion-rust/preservacion-v1-20261007/A1/instrumentacion/src/bin/comprobar_base.rs"
"SV-motor","ensayo-ia-y-observabilidad","02d5aee5fafe71105e2a451273adba888e87308a","laboratorio/ensayo-ia-y-observabilidad/modelos-de-ia/openai/gpt-oss-safeguard-120b/ensayos-reiterados-adversariales-y-aprendizaje/realizacion-rust/preservacion-v1-20261007/A1/instrumentacion/src/bin/fijar_entradas.rs","3182","69c162fd97deddb7b03c902dfe32093899b94fa2","https://github.com/juantoniolloretegea/SV-motor/blob/02d5aee5fafe71105e2a451273adba888e87308a/laboratorio/ensayo-ia-y-observabilidad/modelos-de-ia/openai/gpt-oss-safeguard-120b/ensayos-reiterados-adversariales-y-aprendizaje/realizacion-rust/preservacion-v1-20261007/A1/instrumentacion/src/bin/fijar_entradas.rs"
"SV-motor","ensayo-ia-y-observabilidad","02d5aee5fafe71105e2a451273adba888e87308a","laboratorio/ensayo-ia-y-observabilidad/modelos-de-ia/openai/gpt-oss-safeguard-120b/ensayos-reiterados-adversariales-y-aprendizaje/realizacion-rust/preservacion-v1-20261007/A1/instrumentacion/src/ciclo.rs","11054","5564936bf3ff75302c60c3715c98fb249c249594","https://github.com/juantoniolloretegea/SV-motor/blob/02d5aee5fafe71105e2a451273adba888e87308a/laboratorio/ensayo-ia-y-observabilidad/modelos-de-ia/openai/gpt-oss-safeguard-120b/ensayos-reiterados-adversariales-y-aprendizaje/realizacion-rust/preservacion-v1-20261007/A1/instrumentacion/src/ciclo.rs"
"SV-motor","ensayo-ia-y-observabilidad","02d5aee5fafe71105e2a451273adba888e87308a","laboratorio/ensayo-ia-y-observabilidad/modelos-de-ia/openai/gpt-oss-safeguard-120b/ensayos-reiterados-adversariales-y-aprendizaje/realizacion-rust/preservacion-v1-20261007/A1/instrumentacion/src/lib.rs","7078","03c571f6874f0f4278d2d700716a289afc3cbbe3","https://github.com/juantoniolloretegea/SV-motor/blob/02d5aee5fafe71105e2a451273adba888e87308a/laboratorio/ensayo-ia-y-observabilidad/modelos-de-ia/openai/gpt-oss-safeguard-120b/ensayos-reiterados-adversariales-y-aprendizaje/realizacion-rust/preservacion-v1-20261007/A1/instrumentacion/src/lib.rs"
"SV-motor","ensayo-ia-y-observabilidad","02d5aee5fafe71105e2a451273adba888e87308a","laboratorio/ensayo-ia-y-observabilidad/modelos-de-ia/openai/gpt-oss-safeguard-120b/ensayos-reiterados-adversariales-y-aprendizaje/realizacion-rust/preservacion-v1-20261007/A1/instrumentacion/src/ligaduras.rs","6363","286390045bcbde1b1667380acecf254d1f8b0db9","https://github.com/juantoniolloretegea/SV-motor/blob/02d5aee5fafe71105e2a451273adba888e87308a/laboratorio/ensayo-ia-y-observabilidad/modelos-de-ia/openai/gpt-oss-safeguard-120b/ensayos-reiterados-adversariales-y-aprendizaje/realizacion-rust/preservacion-v1-20261007/A1/instrumentacion/src/ligaduras.rs"
"SV-motor","ensayo-ia-y-observabilidad","02d5aee5fafe71105e2a451273adba888e87308a","laboratorio/ensayo-ia-y-observabilidad/modelos-de-ia/openai/gpt-oss-safeguard-120b/ensayos-reiterados-adversariales-y-aprendizaje/realizacion-rust/preservacion-v1-20261007/A1/instrumentacion/src/retroalimentacion.rs","5323","b0b2d5abb9ab0ad24b96c5f05dc1c7b63d6e8b66","https://github.com/juantoniolloretegea/SV-motor/blob/02d5aee5fafe71105e2a451273adba888e87308a/laboratorio/ensayo-ia-y-observabilidad/modelos-de-ia/openai/gpt-oss-safeguard-120b/ensayos-reiterados-adversariales-y-aprendizaje/realizacion-rust/preservacion-v1-20261007/A1/instrumentacion/src/retroalimentacion.rs"
"SV-motor","ensayo-ia-y-observabilidad","02d5aee5fafe71105e2a451273adba888e87308a","laboratorio/ensayo-ia-y-observabilidad/modelos-de-ia/openai/gpt-oss-safeguard-120b/ensayos-reiterados-adversariales-y-aprendizaje/realizacion-rust/preservacion-v1-20261007/A1/preparar.rs","1751","274e9b9a957e90f2345e4f967460a619eb65f76a","https://github.com/juantoniolloretegea/SV-motor/blob/02d5aee5fafe71105e2a451273adba888e87308a/laboratorio/ensayo-ia-y-observabilidad/modelos-de-ia/openai/gpt-oss-safeguard-120b/ensayos-reiterados-adversariales-y-aprendizaje/realizacion-rust/preservacion-v1-20261007/A1/preparar.rs"
"SV-motor","ensayo-ia-y-observabilidad","02d5aee5fafe71105e2a451273adba888e87308a","laboratorio/ensayo-ia-y-observabilidad/modelos-de-ia/openai/gpt-oss-safeguard-120b/ensayos-reiterados-adversariales-y-aprendizaje/realizacion-rust/preservacion-v1-20261007/A1/verificador/Cargo.toml","426","4dc2dddc1009aadbb54e1b3f2966c9aad01ef772","https://github.com/juantoniolloretegea/SV-motor/blob/02d5aee5fafe71105e2a451273adba888e87308a/laboratorio/ensayo-ia-y-observabilidad/modelos-de-ia/openai/gpt-oss-safeguard-120b/ensayos-reiterados-adversariales-y-aprendizaje/realizacion-rust/preservacion-v1-20261007/A1/verificador/Cargo.toml"
"SV-motor","ensayo-ia-y-observabilidad","02d5aee5fafe71105e2a451273adba888e87308a","laboratorio/ensayo-ia-y-observabilidad/modelos-de-ia/openai/gpt-oss-safeguard-120b/ensayos-reiterados-adversariales-y-aprendizaje/realizacion-rust/preservacion-v1-20261007/A1/verificador/src/main.rs","8353","368dc80f902b148f05c8d2e95c3bb808561a5549","https://github.com/juantoniolloretegea/SV-motor/blob/02d5aee5fafe71105e2a451273adba888e87308a/laboratorio/ensayo-ia-y-observabilidad/modelos-de-ia/openai/gpt-oss-safeguard-120b/ensayos-reiterados-adversariales-y-aprendizaje/realizacion-rust/preservacion-v1-20261007/A1/verificador/src/main.rs"
"SV-motor","ensayo-ia-y-observabilidad","02d5aee5fafe71105e2a451273adba888e87308a","laboratorio/ensayo-ia-y-observabilidad/modelos-de-ia/openai/gpt-oss-safeguard-120b/ensayos-reiterados-adversariales-y-aprendizaje/realizacion-rust/preservacion-v1-20261007/A2/conductor/Cargo.toml","795","11ba4dc19a71e4b6decd92df711aec64dffd7a10","https://github.com/juantoniolloretegea/SV-motor/blob/02d5aee5fafe71105e2a451273adba888e87308a/laboratorio/ensayo-ia-y-observabilidad/modelos-de-ia/openai/gpt-oss-safeguard-120b/ensayos-reiterados-adversariales-y-aprendizaje/realizacion-rust/preservacion-v1-20261007/A2/conductor/Cargo.toml"
"SV-motor","ensayo-ia-y-observabilidad","02d5aee5fafe71105e2a451273adba888e87308a","laboratorio/ensayo-ia-y-observabilidad/modelos-de-ia/openai/gpt-oss-safeguard-120b/ensayos-reiterados-adversariales-y-aprendizaje/realizacion-rust/preservacion-v1-20261007/A2/conductor/src/main.rs","20166","1370c0aa1006e0aac8f6836eaa5d6b6151933a29","https://github.com/juantoniolloretegea/SV-motor/blob/02d5aee5fafe71105e2a451273adba888e87308a/laboratorio/ensayo-ia-y-observabilidad/modelos-de-ia/openai/gpt-oss-safeguard-120b/ensayos-reiterados-adversariales-y-aprendizaje/realizacion-rust/preservacion-v1-20261007/A2/conductor/src/main.rs"
"SV-motor","ensayo-ia-y-observabilidad","02d5aee5fafe71105e2a451273adba888e87308a","laboratorio/ensayo-ia-y-observabilidad/modelos-de-ia/openai/gpt-oss-safeguard-120b/ensayos-reiterados-adversariales-y-aprendizaje/realizacion-rust/preservacion-v1-20261007/A2/conductor/src/origen.rs","20264","ca065a77f9969119a369742a0f7dea979553bb77","https://github.com/juantoniolloretegea/SV-motor/blob/02d5aee5fafe71105e2a451273adba888e87308a/laboratorio/ensayo-ia-y-observabilidad/modelos-de-ia/openai/gpt-oss-safeguard-120b/ensayos-reiterados-adversariales-y-aprendizaje/realizacion-rust/preservacion-v1-20261007/A2/conductor/src/origen.rs"
"SV-motor","ensayo-ia-y-observabilidad","02d5aee5fafe71105e2a451273adba888e87308a","laboratorio/ensayo-ia-y-observabilidad/modelos-de-ia/openai/gpt-oss-safeguard-120b/ensayos-reiterados-adversariales-y-aprendizaje/realizacion-rust/preservacion-v1-20261007/A2/custodio/Cargo.toml","206","b8805f9333dcdb3b4b4cfa725619fe705d0d3f28","https://github.com/juantoniolloretegea/SV-motor/blob/02d5aee5fafe71105e2a451273adba888e87308a/laboratorio/ensayo-ia-y-observabilidad/modelos-de-ia/openai/gpt-oss-safeguard-120b/ensayos-reiterados-adversariales-y-aprendizaje/realizacion-rust/preservacion-v1-20261007/A2/custodio/Cargo.toml"
"SV-motor","ensayo-ia-y-observabilidad","02d5aee5fafe71105e2a451273adba888e87308a","laboratorio/ensayo-ia-y-observabilidad/modelos-de-ia/openai/gpt-oss-safeguard-120b/ensayos-reiterados-adversariales-y-aprendizaje/realizacion-rust/preservacion-v1-20261007/A2/custodio/src/main.rs","26547","218829fc8e0636d9b81ffd35cb81cfcb1e22628d","https://github.com/juantoniolloretegea/SV-motor/blob/02d5aee5fafe71105e2a451273adba888e87308a/laboratorio/ensayo-ia-y-observabilidad/modelos-de-ia/openai/gpt-oss-safeguard-120b/ensayos-reiterados-adversariales-y-aprendizaje/realizacion-rust/preservacion-v1-20261007/A2/custodio/src/main.rs"
"SV-motor","ensayo-ia-y-observabilidad","02d5aee5fafe71105e2a451273adba888e87308a","laboratorio/ensayo-ia-y-observabilidad/modelos-de-ia/openai/gpt-oss-safeguard-120b/ensayos-reiterados-adversariales-y-aprendizaje/realizacion-rust/preservacion-v1-20261007/A2/custodio/src/origen.rs","24463","30715d86c6a9e5b1c048b548b5129eb422376e4d","https://github.com/juantoniolloretegea/SV-motor/blob/02d5aee5fafe71105e2a451273adba888e87308a/laboratorio/ensayo-ia-y-observabilidad/modelos-de-ia/openai/gpt-oss-safeguard-120b/ensayos-reiterados-adversariales-y-aprendizaje/realizacion-rust/preservacion-v1-20261007/A2/custodio/src/origen.rs"
"SV-motor","ensayo-ia-y-observabilidad","02d5aee5fafe71105e2a451273adba888e87308a","laboratorio/ensayo-ia-y-observabilidad/modelos-de-ia/openai/gpt-oss-safeguard-120b/ensayos-reiterados-adversariales-y-aprendizaje/realizacion-rust/preservacion-v1-20261007/A2/instrumentacion/Cargo.toml","215","f50d40102a07405fc93993367b98ffba1c507fd3","https://github.com/juantoniolloretegea/SV-motor/blob/02d5aee5fafe71105e2a451273adba888e87308a/laboratorio/ensayo-ia-y-observabilidad/modelos-de-ia/openai/gpt-oss-safeguard-120b/ensayos-reiterados-adversariales-y-aprendizaje/realizacion-rust/preservacion-v1-20261007/A2/instrumentacion/Cargo.toml"
"SV-motor","ensayo-ia-y-observabilidad","02d5aee5fafe71105e2a451273adba888e87308a","laboratorio/ensayo-ia-y-observabilidad/modelos-de-ia/openai/gpt-oss-safeguard-120b/ensayos-reiterados-adversariales-y-aprendizaje/realizacion-rust/preservacion-v1-20261007/A2/instrumentacion/src/auditoria.rs","7570","8761168c40a280dbaf39b7668225edbbc0f74652","https://github.com/juantoniolloretegea/SV-motor/blob/02d5aee5fafe71105e2a451273adba888e87308a/laboratorio/ensayo-ia-y-observabilidad/modelos-de-ia/openai/gpt-oss-safeguard-120b/ensayos-reiterados-adversariales-y-aprendizaje/realizacion-rust/preservacion-v1-20261007/A2/instrumentacion/src/auditoria.rs"
"SV-motor","ensayo-ia-y-observabilidad","02d5aee5fafe71105e2a451273adba888e87308a","laboratorio/ensayo-ia-y-observabilidad/modelos-de-ia/openai/gpt-oss-safeguard-120b/ensayos-reiterados-adversariales-y-aprendizaje/realizacion-rust/preservacion-v1-20261007/A2/instrumentacion/src/bin/comprobar_base.rs","4067","a1072260c951f769b340ea43f7bb7c7dbeab982b","https://github.com/juantoniolloretegea/SV-motor/blob/02d5aee5fafe71105e2a451273adba888e87308a/laboratorio/ensayo-ia-y-observabilidad/modelos-de-ia/openai/gpt-oss-safeguard-120b/ensayos-reiterados-adversariales-y-aprendizaje/realizacion-rust/preservacion-v1-20261007/A2/instrumentacion/src/bin/comprobar_base.rs"
"SV-motor","ensayo-ia-y-observabilidad","02d5aee5fafe71105e2a451273adba888e87308a","laboratorio/ensayo-ia-y-observabilidad/modelos-de-ia/openai/gpt-oss-safeguard-120b/ensayos-reiterados-adversariales-y-aprendizaje/realizacion-rust/preservacion-v1-20261007/A2/instrumentacion/src/bin/fijar_entradas.rs","3182","95e628ae63eeaebd13ad5678c53b275e18f624ed","https://github.com/juantoniolloretegea/SV-motor/blob/02d5aee5fafe71105e2a451273adba888e87308a/laboratorio/ensayo-ia-y-observabilidad/modelos-de-ia/openai/gpt-oss-safeguard-120b/ensayos-reiterados-adversariales-y-aprendizaje/realizacion-rust/preservacion-v1-20261007/A2/instrumentacion/src/bin/fijar_entradas.rs"
"SV-motor","ensayo-ia-y-observabilidad","02d5aee5fafe71105e2a451273adba888e87308a","laboratorio/ensayo-ia-y-observabilidad/modelos-de-ia/openai/gpt-oss-safeguard-120b/ensayos-reiterados-adversariales-y-aprendizaje/realizacion-rust/preservacion-v1-20261007/A2/instrumentacion/src/ciclo.rs","11054","5564936bf3ff75302c60c3715c98fb249c249594","https://github.com/juantoniolloretegea/SV-motor/blob/02d5aee5fafe71105e2a451273adba888e87308a/laboratorio/ensayo-ia-y-observabilidad/modelos-de-ia/openai/gpt-oss-safeguard-120b/ensayos-reiterados-adversariales-y-aprendizaje/realizacion-rust/preservacion-v1-20261007/A2/instrumentacion/src/ciclo.rs"
"SV-motor","ensayo-ia-y-observabilidad","02d5aee5fafe71105e2a451273adba888e87308a","laboratorio/ensayo-ia-y-observabilidad/modelos-de-ia/openai/gpt-oss-safeguard-120b/ensayos-reiterados-adversariales-y-aprendizaje/realizacion-rust/preservacion-v1-20261007/A2/instrumentacion/src/lib.rs","7078","03c571f6874f0f4278d2d700716a289afc3cbbe3","https://github.com/juantoniolloretegea/SV-motor/blob/02d5aee5fafe71105e2a451273adba888e87308a/laboratorio/ensayo-ia-y-observabilidad/modelos-de-ia/openai/gpt-oss-safeguard-120b/ensayos-reiterados-adversariales-y-aprendizaje/realizacion-rust/preservacion-v1-20261007/A2/instrumentacion/src/lib.rs"
"SV-motor","ensayo-ia-y-observabilidad","02d5aee5fafe71105e2a451273adba888e87308a","laboratorio/ensayo-ia-y-observabilidad/modelos-de-ia/openai/gpt-oss-safeguard-120b/ensayos-reiterados-adversariales-y-aprendizaje/realizacion-rust/preservacion-v1-20261007/A2/instrumentacion/src/ligaduras.rs","6363","286390045bcbde1b1667380acecf254d1f8b0db9","https://github.com/juantoniolloretegea/SV-motor/blob/02d5aee5fafe71105e2a451273adba888e87308a/laboratorio/ensayo-ia-y-observabilidad/modelos-de-ia/openai/gpt-oss-safeguard-120b/ensayos-reiterados-adversariales-y-aprendizaje/realizacion-rust/preservacion-v1-20261007/A2/instrumentacion/src/ligaduras.rs"
"SV-motor","ensayo-ia-y-observabilidad","02d5aee5fafe71105e2a451273adba888e87308a","laboratorio/ensayo-ia-y-observabilidad/modelos-de-ia/openai/gpt-oss-safeguard-120b/ensayos-reiterados-adversariales-y-aprendizaje/realizacion-rust/preservacion-v1-20261007/A2/instrumentacion/src/retroalimentacion.rs","5323","b0b2d5abb9ab0ad24b96c5f05dc1c7b63d6e8b66","https://github.com/juantoniolloretegea/SV-motor/blob/02d5aee5fafe71105e2a451273adba888e87308a/laboratorio/ensayo-ia-y-observabilidad/modelos-de-ia/openai/gpt-oss-safeguard-120b/ensayos-reiterados-adversariales-y-aprendizaje/realizacion-rust/preservacion-v1-20261007/A2/instrumentacion/src/retroalimentacion.rs"
"SV-motor","ensayo-ia-y-observabilidad","02d5aee5fafe71105e2a451273adba888e87308a","laboratorio/ensayo-ia-y-observabilidad/modelos-de-ia/openai/gpt-oss-safeguard-120b/ensayos-reiterados-adversariales-y-aprendizaje/realizacion-rust/preservacion-v1-20261007/A2/preparar.rs","1751","2dbd4988926f3102bd51c5a9ebf486f76852df11","https://github.com/juantoniolloretegea/SV-motor/blob/02d5aee5fafe71105e2a451273adba888e87308a/laboratorio/ensayo-ia-y-observabilidad/modelos-de-ia/openai/gpt-oss-safeguard-120b/ensayos-reiterados-adversariales-y-aprendizaje/realizacion-rust/preservacion-v1-20261007/A2/preparar.rs"
"SV-motor","ensayo-ia-y-observabilidad","02d5aee5fafe71105e2a451273adba888e87308a","laboratorio/ensayo-ia-y-observabilidad/modelos-de-ia/openai/gpt-oss-safeguard-120b/ensayos-reiterados-adversariales-y-aprendizaje/realizacion-rust/preservacion-v1-20261007/A2/verificador/Cargo.toml","426","70f22b21a058fdcf55114e13fe2e7e9aa668494e","https://github.com/juantoniolloretegea/SV-motor/blob/02d5aee5fafe71105e2a451273adba888e87308a/laboratorio/ensayo-ia-y-observabilidad/modelos-de-ia/openai/gpt-oss-safeguard-120b/ensayos-reiterados-adversariales-y-aprendizaje/realizacion-rust/preservacion-v1-20261007/A2/verificador/Cargo.toml"
"SV-motor","ensayo-ia-y-observabilidad","02d5aee5fafe71105e2a451273adba888e87308a","laboratorio/ensayo-ia-y-observabilidad/modelos-de-ia/openai/gpt-oss-safeguard-120b/ensayos-reiterados-adversariales-y-aprendizaje/realizacion-rust/preservacion-v1-20261007/A2/verificador/src/main.rs","8353","fe56d185b698ce84c7e5ff35e98079e415c5e029","https://github.com/juantoniolloretegea/SV-motor/blob/02d5aee5fafe71105e2a451273adba888e87308a/laboratorio/ensayo-ia-y-observabilidad/modelos-de-ia/openai/gpt-oss-safeguard-120b/ensayos-reiterados-adversariales-y-aprendizaje/realizacion-rust/preservacion-v1-20261007/A2/verificador/src/main.rs"
"SV-motor","ensayo-ia-y-observabilidad","02d5aee5fafe71105e2a451273adba888e87308a","laboratorio/ensayo-ia-y-observabilidad/modelos-de-ia/openai/gpt-oss-safeguard-120b/ensayos-reiterados-adversariales-y-aprendizaje/realizacion-rust/preservacion-v1-20261007/A3-incidente-20261004/Cargo.toml","164","bb9b05b7b5b3a89e61276ee3c1defb92aa8774be","https://github.com/juantoniolloretegea/SV-motor/blob/02d5aee5fafe71105e2a451273adba888e87308a/laboratorio/ensayo-ia-y-observabilidad/modelos-de-ia/openai/gpt-oss-safeguard-120b/ensayos-reiterados-adversariales-y-aprendizaje/realizacion-rust/preservacion-v1-20261007/A3-incidente-20261004/Cargo.toml"
"SV-motor","ensayo-ia-y-observabilidad","02d5aee5fafe71105e2a451273adba888e87308a","laboratorio/ensayo-ia-y-observabilidad/modelos-de-ia/openai/gpt-oss-safeguard-120b/ensayos-reiterados-adversariales-y-aprendizaje/realizacion-rust/preservacion-v1-20261007/A3-incidente-20261004/src/main.rs","1466","21a88a3be84dd894e214512e08eafd971682c202","https://github.com/juantoniolloretegea/SV-motor/blob/02d5aee5fafe71105e2a451273adba888e87308a/laboratorio/ensayo-ia-y-observabilidad/modelos-de-ia/openai/gpt-oss-safeguard-120b/ensayos-reiterados-adversariales-y-aprendizaje/realizacion-rust/preservacion-v1-20261007/A3-incidente-20261004/src/main.rs"
"SV-motor","ensayo-ia-y-observabilidad","02d5aee5fafe71105e2a451273adba888e87308a","laboratorio/ensayo-ia-y-observabilidad/modelos-de-ia/openai/gpt-oss-safeguard-120b/ensayos-reiterados-adversariales-y-aprendizaje/realizacion-rust/preservacion-v1-20261007/A3/conductor/Cargo.toml","795","eb4d739e606bd5f9f9d225069f104774d800debd","https://github.com/juantoniolloretegea/SV-motor/blob/02d5aee5fafe71105e2a451273adba888e87308a/laboratorio/ensayo-ia-y-observabilidad/modelos-de-ia/openai/gpt-oss-safeguard-120b/ensayos-reiterados-adversariales-y-aprendizaje/realizacion-rust/preservacion-v1-20261007/A3/conductor/Cargo.toml"
"SV-motor","ensayo-ia-y-observabilidad","02d5aee5fafe71105e2a451273adba888e87308a","laboratorio/ensayo-ia-y-observabilidad/modelos-de-ia/openai/gpt-oss-safeguard-120b/ensayos-reiterados-adversariales-y-aprendizaje/realizacion-rust/preservacion-v1-20261007/A3/conductor/src/main.rs","20247","e0a24ce84ea5d3e01e70ab4fdda8c679802506a1","https://github.com/juantoniolloretegea/SV-motor/blob/02d5aee5fafe71105e2a451273adba888e87308a/laboratorio/ensayo-ia-y-observabilidad/modelos-de-ia/openai/gpt-oss-safeguard-120b/ensayos-reiterados-adversariales-y-aprendizaje/realizacion-rust/preservacion-v1-20261007/A3/conductor/src/main.rs"
"SV-motor","ensayo-ia-y-observabilidad","02d5aee5fafe71105e2a451273adba888e87308a","laboratorio/ensayo-ia-y-observabilidad/modelos-de-ia/openai/gpt-oss-safeguard-120b/ensayos-reiterados-adversariales-y-aprendizaje/realizacion-rust/preservacion-v1-20261007/A3/conductor/src/origen.rs","20264","ca065a77f9969119a369742a0f7dea979553bb77","https://github.com/juantoniolloretegea/SV-motor/blob/02d5aee5fafe71105e2a451273adba888e87308a/laboratorio/ensayo-ia-y-observabilidad/modelos-de-ia/openai/gpt-oss-safeguard-120b/ensayos-reiterados-adversariales-y-aprendizaje/realizacion-rust/preservacion-v1-20261007/A3/conductor/src/origen.rs"
"SV-motor","ensayo-ia-y-observabilidad","02d5aee5fafe71105e2a451273adba888e87308a","laboratorio/ensayo-ia-y-observabilidad/modelos-de-ia/openai/gpt-oss-safeguard-120b/ensayos-reiterados-adversariales-y-aprendizaje/realizacion-rust/preservacion-v1-20261007/A3/custodio/Cargo.toml","206","9a6d946825d6cdeee88cb1fbbbf1e3e710b0b435","https://github.com/juantoniolloretegea/SV-motor/blob/02d5aee5fafe71105e2a451273adba888e87308a/laboratorio/ensayo-ia-y-observabilidad/modelos-de-ia/openai/gpt-oss-safeguard-120b/ensayos-reiterados-adversariales-y-aprendizaje/realizacion-rust/preservacion-v1-20261007/A3/custodio/Cargo.toml"
"SV-motor","ensayo-ia-y-observabilidad","02d5aee5fafe71105e2a451273adba888e87308a","laboratorio/ensayo-ia-y-observabilidad/modelos-de-ia/openai/gpt-oss-safeguard-120b/ensayos-reiterados-adversariales-y-aprendizaje/realizacion-rust/preservacion-v1-20261007/A3/custodio/src/main.rs","26547","59dffde96ebe44b06c58aabc839c15cdbe3d92a8","https://github.com/juantoniolloretegea/SV-motor/blob/02d5aee5fafe71105e2a451273adba888e87308a/laboratorio/ensayo-ia-y-observabilidad/modelos-de-ia/openai/gpt-oss-safeguard-120b/ensayos-reiterados-adversariales-y-aprendizaje/realizacion-rust/preservacion-v1-20261007/A3/custodio/src/main.rs"
"SV-motor","ensayo-ia-y-observabilidad","02d5aee5fafe71105e2a451273adba888e87308a","laboratorio/ensayo-ia-y-observabilidad/modelos-de-ia/openai/gpt-oss-safeguard-120b/ensayos-reiterados-adversariales-y-aprendizaje/realizacion-rust/preservacion-v1-20261007/A3/custodio/src/origen.rs","24463","30715d86c6a9e5b1c048b548b5129eb422376e4d","https://github.com/juantoniolloretegea/SV-motor/blob/02d5aee5fafe71105e2a451273adba888e87308a/laboratorio/ensayo-ia-y-observabilidad/modelos-de-ia/openai/gpt-oss-safeguard-120b/ensayos-reiterados-adversariales-y-aprendizaje/realizacion-rust/preservacion-v1-20261007/A3/custodio/src/origen.rs"
"SV-motor","ensayo-ia-y-observabilidad","02d5aee5fafe71105e2a451273adba888e87308a","laboratorio/ensayo-ia-y-observabilidad/modelos-de-ia/openai/gpt-oss-safeguard-120b/ensayos-reiterados-adversariales-y-aprendizaje/realizacion-rust/preservacion-v1-20261007/A3/instrumentacion/Cargo.toml","215","f50d40102a07405fc93993367b98ffba1c507fd3","https://github.com/juantoniolloretegea/SV-motor/blob/02d5aee5fafe71105e2a451273adba888e87308a/laboratorio/ensayo-ia-y-observabilidad/modelos-de-ia/openai/gpt-oss-safeguard-120b/ensayos-reiterados-adversariales-y-aprendizaje/realizacion-rust/preservacion-v1-20261007/A3/instrumentacion/Cargo.toml"
"SV-motor","ensayo-ia-y-observabilidad","02d5aee5fafe71105e2a451273adba888e87308a","laboratorio/ensayo-ia-y-observabilidad/modelos-de-ia/openai/gpt-oss-safeguard-120b/ensayos-reiterados-adversariales-y-aprendizaje/realizacion-rust/preservacion-v1-20261007/A3/instrumentacion/src/auditoria.rs","7570","8761168c40a280dbaf39b7668225edbbc0f74652","https://github.com/juantoniolloretegea/SV-motor/blob/02d5aee5fafe71105e2a451273adba888e87308a/laboratorio/ensayo-ia-y-observabilidad/modelos-de-ia/openai/gpt-oss-safeguard-120b/ensayos-reiterados-adversariales-y-aprendizaje/realizacion-rust/preservacion-v1-20261007/A3/instrumentacion/src/auditoria.rs"
"SV-motor","ensayo-ia-y-observabilidad","02d5aee5fafe71105e2a451273adba888e87308a","laboratorio/ensayo-ia-y-observabilidad/modelos-de-ia/openai/gpt-oss-safeguard-120b/ensayos-reiterados-adversariales-y-aprendizaje/realizacion-rust/preservacion-v1-20261007/A3/instrumentacion/src/bin/comprobar_base.rs","4067","a1072260c951f769b340ea43f7bb7c7dbeab982b","https://github.com/juantoniolloretegea/SV-motor/blob/02d5aee5fafe71105e2a451273adba888e87308a/laboratorio/ensayo-ia-y-observabilidad/modelos-de-ia/openai/gpt-oss-safeguard-120b/ensayos-reiterados-adversariales-y-aprendizaje/realizacion-rust/preservacion-v1-20261007/A3/instrumentacion/src/bin/comprobar_base.rs"
"SV-motor","ensayo-ia-y-observabilidad","02d5aee5fafe71105e2a451273adba888e87308a","laboratorio/ensayo-ia-y-observabilidad/modelos-de-ia/openai/gpt-oss-safeguard-120b/ensayos-reiterados-adversariales-y-aprendizaje/realizacion-rust/preservacion-v1-20261007/A3/instrumentacion/src/bin/fijar_entradas.rs","3182","06159e3f38fe9e3c04cbb69180613e9d28627127","https://github.com/juantoniolloretegea/SV-motor/blob/02d5aee5fafe71105e2a451273adba888e87308a/laboratorio/ensayo-ia-y-observabilidad/modelos-de-ia/openai/gpt-oss-safeguard-120b/ensayos-reiterados-adversariales-y-aprendizaje/realizacion-rust/preservacion-v1-20261007/A3/instrumentacion/src/bin/fijar_entradas.rs"
"SV-motor","ensayo-ia-y-observabilidad","02d5aee5fafe71105e2a451273adba888e87308a","laboratorio/ensayo-ia-y-observabilidad/modelos-de-ia/openai/gpt-oss-safeguard-120b/ensayos-reiterados-adversariales-y-aprendizaje/realizacion-rust/preservacion-v1-20261007/A3/instrumentacion/src/ciclo.rs","11054","5564936bf3ff75302c60c3715c98fb249c249594","https://github.com/juantoniolloretegea/SV-motor/blob/02d5aee5fafe71105e2a451273adba888e87308a/laboratorio/ensayo-ia-y-observabilidad/modelos-de-ia/openai/gpt-oss-safeguard-120b/ensayos-reiterados-adversariales-y-aprendizaje/realizacion-rust/preservacion-v1-20261007/A3/instrumentacion/src/ciclo.rs"
"SV-motor","ensayo-ia-y-observabilidad","02d5aee5fafe71105e2a451273adba888e87308a","laboratorio/ensayo-ia-y-observabilidad/modelos-de-ia/openai/gpt-oss-safeguard-120b/ensayos-reiterados-adversariales-y-aprendizaje/realizacion-rust/preservacion-v1-20261007/A3/instrumentacion/src/lib.rs","7078","03c571f6874f0f4278d2d700716a289afc3cbbe3","https://github.com/juantoniolloretegea/SV-motor/blob/02d5aee5fafe71105e2a451273adba888e87308a/laboratorio/ensayo-ia-y-observabilidad/modelos-de-ia/openai/gpt-oss-safeguard-120b/ensayos-reiterados-adversariales-y-aprendizaje/realizacion-rust/preservacion-v1-20261007/A3/instrumentacion/src/lib.rs"
"SV-motor","ensayo-ia-y-observabilidad","02d5aee5fafe71105e2a451273adba888e87308a","laboratorio/ensayo-ia-y-observabilidad/modelos-de-ia/openai/gpt-oss-safeguard-120b/ensayos-reiterados-adversariales-y-aprendizaje/realizacion-rust/preservacion-v1-20261007/A3/instrumentacion/src/ligaduras.rs","6363","286390045bcbde1b1667380acecf254d1f8b0db9","https://github.com/juantoniolloretegea/SV-motor/blob/02d5aee5fafe71105e2a451273adba888e87308a/laboratorio/ensayo-ia-y-observabilidad/modelos-de-ia/openai/gpt-oss-safeguard-120b/ensayos-reiterados-adversariales-y-aprendizaje/realizacion-rust/preservacion-v1-20261007/A3/instrumentacion/src/ligaduras.rs"
"SV-motor","ensayo-ia-y-observabilidad","02d5aee5fafe71105e2a451273adba888e87308a","laboratorio/ensayo-ia-y-observabilidad/modelos-de-ia/openai/gpt-oss-safeguard-120b/ensayos-reiterados-adversariales-y-aprendizaje/realizacion-rust/preservacion-v1-20261007/A3/instrumentacion/src/retroalimentacion.rs","5323","b0b2d5abb9ab0ad24b96c5f05dc1c7b63d6e8b66","https://github.com/juantoniolloretegea/SV-motor/blob/02d5aee5fafe71105e2a451273adba888e87308a/laboratorio/ensayo-ia-y-observabilidad/modelos-de-ia/openai/gpt-oss-safeguard-120b/ensayos-reiterados-adversariales-y-aprendizaje/realizacion-rust/preservacion-v1-20261007/A3/instrumentacion/src/retroalimentacion.rs"
"SV-motor","ensayo-ia-y-observabilidad","02d5aee5fafe71105e2a451273adba888e87308a","laboratorio/ensayo-ia-y-observabilidad/modelos-de-ia/openai/gpt-oss-safeguard-120b/ensayos-reiterados-adversariales-y-aprendizaje/realizacion-rust/preservacion-v1-20261007/A3/preparar.rs","1751","8e9fddd5171449bb49f73882ff7c771181611748","https://github.com/juantoniolloretegea/SV-motor/blob/02d5aee5fafe71105e2a451273adba888e87308a/laboratorio/ensayo-ia-y-observabilidad/modelos-de-ia/openai/gpt-oss-safeguard-120b/ensayos-reiterados-adversariales-y-aprendizaje/realizacion-rust/preservacion-v1-20261007/A3/preparar.rs"
"SV-motor","ensayo-ia-y-observabilidad","02d5aee5fafe71105e2a451273adba888e87308a","laboratorio/ensayo-ia-y-observabilidad/modelos-de-ia/openai/gpt-oss-safeguard-120b/ensayos-reiterados-adversariales-y-aprendizaje/realizacion-rust/preservacion-v1-20261007/A3/verificador/Cargo.toml","426","919c3c16d2d75eb27698a601a1605d8239178cbe","https://github.com/juantoniolloretegea/SV-motor/blob/02d5aee5fafe71105e2a451273adba888e87308a/laboratorio/ensayo-ia-y-observabilidad/modelos-de-ia/openai/gpt-oss-safeguard-120b/ensayos-reiterados-adversariales-y-aprendizaje/realizacion-rust/preservacion-v1-20261007/A3/verificador/Cargo.toml"
"SV-motor","ensayo-ia-y-observabilidad","02d5aee5fafe71105e2a451273adba888e87308a","laboratorio/ensayo-ia-y-observabilidad/modelos-de-ia/openai/gpt-oss-safeguard-120b/ensayos-reiterados-adversariales-y-aprendizaje/realizacion-rust/preservacion-v1-20261007/A3/verificador/src/main.rs","8417","46eb16c92ba7cb0ff9a9a79a066419294889aea4","https://github.com/juantoniolloretegea/SV-motor/blob/02d5aee5fafe71105e2a451273adba888e87308a/laboratorio/ensayo-ia-y-observabilidad/modelos-de-ia/openai/gpt-oss-safeguard-120b/ensayos-reiterados-adversariales-y-aprendizaje/realizacion-rust/preservacion-v1-20261007/A3/verificador/src/main.rs"
"SV-motor","ensayo-ia-y-observabilidad","02d5aee5fafe71105e2a451273adba888e87308a","laboratorio/ensayo-ia-y-observabilidad/modelos-de-ia/openai/gpt-oss-safeguard-120b/ensayos-reiterados-adversariales-y-aprendizaje/realizacion-rust/preservacion-v1-20261007/conductor/Cargo.toml","792","144e973a975c0f22440681ecec2a2f8d50084102","https://github.com/juantoniolloretegea/SV-motor/blob/02d5aee5fafe71105e2a451273adba888e87308a/laboratorio/ensayo-ia-y-observabilidad/modelos-de-ia/openai/gpt-oss-safeguard-120b/ensayos-reiterados-adversariales-y-aprendizaje/realizacion-rust/preservacion-v1-20261007/conductor/Cargo.toml"
"SV-motor","ensayo-ia-y-observabilidad","02d5aee5fafe71105e2a451273adba888e87308a","laboratorio/ensayo-ia-y-observabilidad/modelos-de-ia/openai/gpt-oss-safeguard-120b/ensayos-reiterados-adversariales-y-aprendizaje/realizacion-rust/preservacion-v1-20261007/conductor/src/main.rs","20163","66d5801c677732b4258689b437371b89135a763d","https://github.com/juantoniolloretegea/SV-motor/blob/02d5aee5fafe71105e2a451273adba888e87308a/laboratorio/ensayo-ia-y-observabilidad/modelos-de-ia/openai/gpt-oss-safeguard-120b/ensayos-reiterados-adversariales-y-aprendizaje/realizacion-rust/preservacion-v1-20261007/conductor/src/main.rs"
"SV-motor","ensayo-ia-y-observabilidad","02d5aee5fafe71105e2a451273adba888e87308a","laboratorio/ensayo-ia-y-observabilidad/modelos-de-ia/openai/gpt-oss-safeguard-120b/ensayos-reiterados-adversariales-y-aprendizaje/realizacion-rust/preservacion-v1-20261007/conductor/src/origen.rs","20264","ca065a77f9969119a369742a0f7dea979553bb77","https://github.com/juantoniolloretegea/SV-motor/blob/02d5aee5fafe71105e2a451273adba888e87308a/laboratorio/ensayo-ia-y-observabilidad/modelos-de-ia/openai/gpt-oss-safeguard-120b/ensayos-reiterados-adversariales-y-aprendizaje/realizacion-rust/preservacion-v1-20261007/conductor/src/origen.rs"
"SV-motor","ensayo-ia-y-observabilidad","02d5aee5fafe71105e2a451273adba888e87308a","laboratorio/ensayo-ia-y-observabilidad/modelos-de-ia/openai/gpt-oss-safeguard-120b/ensayos-reiterados-adversariales-y-aprendizaje/realizacion-rust/preservacion-v1-20261007/custodio/Cargo.lock","5076","c7acd8b04344a01da894b74432824eb6240e7b35","https://github.com/juantoniolloretegea/SV-motor/blob/02d5aee5fafe71105e2a451273adba888e87308a/laboratorio/ensayo-ia-y-observabilidad/modelos-de-ia/openai/gpt-oss-safeguard-120b/ensayos-reiterados-adversariales-y-aprendizaje/realizacion-rust/preservacion-v1-20261007/custodio/Cargo.lock"
"SV-motor","ensayo-ia-y-observabilidad","02d5aee5fafe71105e2a451273adba888e87308a","laboratorio/ensayo-ia-y-observabilidad/modelos-de-ia/openai/gpt-oss-safeguard-120b/ensayos-reiterados-adversariales-y-aprendizaje/realizacion-rust/preservacion-v1-20261007/custodio/Cargo.toml","203","0a5eea86f82a7fb7c8871ff8c34b5e7614a55c4e","https://github.com/juantoniolloretegea/SV-motor/blob/02d5aee5fafe71105e2a451273adba888e87308a/laboratorio/ensayo-ia-y-observabilidad/modelos-de-ia/openai/gpt-oss-safeguard-120b/ensayos-reiterados-adversariales-y-aprendizaje/realizacion-rust/preservacion-v1-20261007/custodio/Cargo.toml"
"SV-motor","ensayo-ia-y-observabilidad","02d5aee5fafe71105e2a451273adba888e87308a","laboratorio/ensayo-ia-y-observabilidad/modelos-de-ia/openai/gpt-oss-safeguard-120b/ensayos-reiterados-adversariales-y-aprendizaje/realizacion-rust/preservacion-v1-20261007/custodio/src/main.rs","26541","11262b49a61ba5b8a41f7a754f23194f1c6ca340","https://github.com/juantoniolloretegea/SV-motor/blob/02d5aee5fafe71105e2a451273adba888e87308a/laboratorio/ensayo-ia-y-observabilidad/modelos-de-ia/openai/gpt-oss-safeguard-120b/ensayos-reiterados-adversariales-y-aprendizaje/realizacion-rust/preservacion-v1-20261007/custodio/src/main.rs"
"SV-motor","ensayo-ia-y-observabilidad","02d5aee5fafe71105e2a451273adba888e87308a","laboratorio/ensayo-ia-y-observabilidad/modelos-de-ia/openai/gpt-oss-safeguard-120b/ensayos-reiterados-adversariales-y-aprendizaje/realizacion-rust/preservacion-v1-20261007/custodio/src/origen.rs","24463","30715d86c6a9e5b1c048b548b5129eb422376e4d","https://github.com/juantoniolloretegea/SV-motor/blob/02d5aee5fafe71105e2a451273adba888e87308a/laboratorio/ensayo-ia-y-observabilidad/modelos-de-ia/openai/gpt-oss-safeguard-120b/ensayos-reiterados-adversariales-y-aprendizaje/realizacion-rust/preservacion-v1-20261007/custodio/src/origen.rs"
"SV-motor","ensayo-ia-y-observabilidad","02d5aee5fafe71105e2a451273adba888e87308a","laboratorio/ensayo-ia-y-observabilidad/modelos-de-ia/openai/gpt-oss-safeguard-120b/ensayos-reiterados-adversariales-y-aprendizaje/realizacion-rust/preservacion-v1-20261007/despliegue/conductor/Cargo.toml","792","144e973a975c0f22440681ecec2a2f8d50084102","https://github.com/juantoniolloretegea/SV-motor/blob/02d5aee5fafe71105e2a451273adba888e87308a/laboratorio/ensayo-ia-y-observabilidad/modelos-de-ia/openai/gpt-oss-safeguard-120b/ensayos-reiterados-adversariales-y-aprendizaje/realizacion-rust/preservacion-v1-20261007/despliegue/conductor/Cargo.toml"
"SV-motor","ensayo-ia-y-observabilidad","02d5aee5fafe71105e2a451273adba888e87308a","laboratorio/ensayo-ia-y-observabilidad/modelos-de-ia/openai/gpt-oss-safeguard-120b/ensayos-reiterados-adversariales-y-aprendizaje/realizacion-rust/preservacion-v1-20261007/despliegue/conductor/src/main.rs","20163","66d5801c677732b4258689b437371b89135a763d","https://github.com/juantoniolloretegea/SV-motor/blob/02d5aee5fafe71105e2a451273adba888e87308a/laboratorio/ensayo-ia-y-observabilidad/modelos-de-ia/openai/gpt-oss-safeguard-120b/ensayos-reiterados-adversariales-y-aprendizaje/realizacion-rust/preservacion-v1-20261007/despliegue/conductor/src/main.rs"
"SV-motor","ensayo-ia-y-observabilidad","02d5aee5fafe71105e2a451273adba888e87308a","laboratorio/ensayo-ia-y-observabilidad/modelos-de-ia/openai/gpt-oss-safeguard-120b/ensayos-reiterados-adversariales-y-aprendizaje/realizacion-rust/preservacion-v1-20261007/despliegue/conductor/src/origen.rs","20264","ca065a77f9969119a369742a0f7dea979553bb77","https://github.com/juantoniolloretegea/SV-motor/blob/02d5aee5fafe71105e2a451273adba888e87308a/laboratorio/ensayo-ia-y-observabilidad/modelos-de-ia/openai/gpt-oss-safeguard-120b/ensayos-reiterados-adversariales-y-aprendizaje/realizacion-rust/preservacion-v1-20261007/despliegue/conductor/src/origen.rs"
"SV-motor","ensayo-ia-y-observabilidad","02d5aee5fafe71105e2a451273adba888e87308a","laboratorio/ensayo-ia-y-observabilidad/modelos-de-ia/openai/gpt-oss-safeguard-120b/ensayos-reiterados-adversariales-y-aprendizaje/realizacion-rust/preservacion-v1-20261007/despliegue/custodio/Cargo.toml","203","0a5eea86f82a7fb7c8871ff8c34b5e7614a55c4e","https://github.com/juantoniolloretegea/SV-motor/blob/02d5aee5fafe71105e2a451273adba888e87308a/laboratorio/ensayo-ia-y-observabilidad/modelos-de-ia/openai/gpt-oss-safeguard-120b/ensayos-reiterados-adversariales-y-aprendizaje/realizacion-rust/preservacion-v1-20261007/despliegue/custodio/Cargo.toml"
"SV-motor","ensayo-ia-y-observabilidad","02d5aee5fafe71105e2a451273adba888e87308a","laboratorio/ensayo-ia-y-observabilidad/modelos-de-ia/openai/gpt-oss-safeguard-120b/ensayos-reiterados-adversariales-y-aprendizaje/realizacion-rust/preservacion-v1-20261007/despliegue/custodio/src/main.rs","26541","11262b49a61ba5b8a41f7a754f23194f1c6ca340","https://github.com/juantoniolloretegea/SV-motor/blob/02d5aee5fafe71105e2a451273adba888e87308a/laboratorio/ensayo-ia-y-observabilidad/modelos-de-ia/openai/gpt-oss-safeguard-120b/ensayos-reiterados-adversariales-y-aprendizaje/realizacion-rust/preservacion-v1-20261007/despliegue/custodio/src/main.rs"
"SV-motor","ensayo-ia-y-observabilidad","02d5aee5fafe71105e2a451273adba888e87308a","laboratorio/ensayo-ia-y-observabilidad/modelos-de-ia/openai/gpt-oss-safeguard-120b/ensayos-reiterados-adversariales-y-aprendizaje/realizacion-rust/preservacion-v1-20261007/despliegue/custodio/src/origen.rs","24463","30715d86c6a9e5b1c048b548b5129eb422376e4d","https://github.com/juantoniolloretegea/SV-motor/blob/02d5aee5fafe71105e2a451273adba888e87308a/laboratorio/ensayo-ia-y-observabilidad/modelos-de-ia/openai/gpt-oss-safeguard-120b/ensayos-reiterados-adversariales-y-aprendizaje/realizacion-rust/preservacion-v1-20261007/despliegue/custodio/src/origen.rs"
"SV-motor","ensayo-ia-y-observabilidad","02d5aee5fafe71105e2a451273adba888e87308a","laboratorio/ensayo-ia-y-observabilidad/modelos-de-ia/openai/gpt-oss-safeguard-120b/ensayos-reiterados-adversariales-y-aprendizaje/realizacion-rust/preservacion-v1-20261007/despliegue/instrumentacion/Cargo.toml","215","f50d40102a07405fc93993367b98ffba1c507fd3","https://github.com/juantoniolloretegea/SV-motor/blob/02d5aee5fafe71105e2a451273adba888e87308a/laboratorio/ensayo-ia-y-observabilidad/modelos-de-ia/openai/gpt-oss-safeguard-120b/ensayos-reiterados-adversariales-y-aprendizaje/realizacion-rust/preservacion-v1-20261007/despliegue/instrumentacion/Cargo.toml"
"SV-motor","ensayo-ia-y-observabilidad","02d5aee5fafe71105e2a451273adba888e87308a","laboratorio/ensayo-ia-y-observabilidad/modelos-de-ia/openai/gpt-oss-safeguard-120b/ensayos-reiterados-adversariales-y-aprendizaje/realizacion-rust/preservacion-v1-20261007/despliegue/instrumentacion/src/auditoria.rs","7570","8761168c40a280dbaf39b7668225edbbc0f74652","https://github.com/juantoniolloretegea/SV-motor/blob/02d5aee5fafe71105e2a451273adba888e87308a/laboratorio/ensayo-ia-y-observabilidad/modelos-de-ia/openai/gpt-oss-safeguard-120b/ensayos-reiterados-adversariales-y-aprendizaje/realizacion-rust/preservacion-v1-20261007/despliegue/instrumentacion/src/auditoria.rs"
"SV-motor","ensayo-ia-y-observabilidad","02d5aee5fafe71105e2a451273adba888e87308a","laboratorio/ensayo-ia-y-observabilidad/modelos-de-ia/openai/gpt-oss-safeguard-120b/ensayos-reiterados-adversariales-y-aprendizaje/realizacion-rust/preservacion-v1-20261007/despliegue/instrumentacion/src/bin/comprobar_base.rs","4067","a1072260c951f769b340ea43f7bb7c7dbeab982b","https://github.com/juantoniolloretegea/SV-motor/blob/02d5aee5fafe71105e2a451273adba888e87308a/laboratorio/ensayo-ia-y-observabilidad/modelos-de-ia/openai/gpt-oss-safeguard-120b/ensayos-reiterados-adversariales-y-aprendizaje/realizacion-rust/preservacion-v1-20261007/despliegue/instrumentacion/src/bin/comprobar_base.rs"
"SV-motor","ensayo-ia-y-observabilidad","02d5aee5fafe71105e2a451273adba888e87308a","laboratorio/ensayo-ia-y-observabilidad/modelos-de-ia/openai/gpt-oss-safeguard-120b/ensayos-reiterados-adversariales-y-aprendizaje/realizacion-rust/preservacion-v1-20261007/despliegue/instrumentacion/src/bin/fijar_entradas.rs","3182","81b88734c17509119e193da639dfdbcd82963a08","https://github.com/juantoniolloretegea/SV-motor/blob/02d5aee5fafe71105e2a451273adba888e87308a/laboratorio/ensayo-ia-y-observabilidad/modelos-de-ia/openai/gpt-oss-safeguard-120b/ensayos-reiterados-adversariales-y-aprendizaje/realizacion-rust/preservacion-v1-20261007/despliegue/instrumentacion/src/bin/fijar_entradas.rs"
"SV-motor","ensayo-ia-y-observabilidad","02d5aee5fafe71105e2a451273adba888e87308a","laboratorio/ensayo-ia-y-observabilidad/modelos-de-ia/openai/gpt-oss-safeguard-120b/ensayos-reiterados-adversariales-y-aprendizaje/realizacion-rust/preservacion-v1-20261007/despliegue/instrumentacion/src/ciclo.rs","11054","5564936bf3ff75302c60c3715c98fb249c249594","https://github.com/juantoniolloretegea/SV-motor/blob/02d5aee5fafe71105e2a451273adba888e87308a/laboratorio/ensayo-ia-y-observabilidad/modelos-de-ia/openai/gpt-oss-safeguard-120b/ensayos-reiterados-adversariales-y-aprendizaje/realizacion-rust/preservacion-v1-20261007/despliegue/instrumentacion/src/ciclo.rs"
"SV-motor","ensayo-ia-y-observabilidad","02d5aee5fafe71105e2a451273adba888e87308a","laboratorio/ensayo-ia-y-observabilidad/modelos-de-ia/openai/gpt-oss-safeguard-120b/ensayos-reiterados-adversariales-y-aprendizaje/realizacion-rust/preservacion-v1-20261007/despliegue/instrumentacion/src/lib.rs","7078","03c571f6874f0f4278d2d700716a289afc3cbbe3","https://github.com/juantoniolloretegea/SV-motor/blob/02d5aee5fafe71105e2a451273adba888e87308a/laboratorio/ensayo-ia-y-observabilidad/modelos-de-ia/openai/gpt-oss-safeguard-120b/ensayos-reiterados-adversariales-y-aprendizaje/realizacion-rust/preservacion-v1-20261007/despliegue/instrumentacion/src/lib.rs"
"SV-motor","ensayo-ia-y-observabilidad","02d5aee5fafe71105e2a451273adba888e87308a","laboratorio/ensayo-ia-y-observabilidad/modelos-de-ia/openai/gpt-oss-safeguard-120b/ensayos-reiterados-adversariales-y-aprendizaje/realizacion-rust/preservacion-v1-20261007/despliegue/instrumentacion/src/ligaduras.rs","6363","286390045bcbde1b1667380acecf254d1f8b0db9","https://github.com/juantoniolloretegea/SV-motor/blob/02d5aee5fafe71105e2a451273adba888e87308a/laboratorio/ensayo-ia-y-observabilidad/modelos-de-ia/openai/gpt-oss-safeguard-120b/ensayos-reiterados-adversariales-y-aprendizaje/realizacion-rust/preservacion-v1-20261007/despliegue/instrumentacion/src/ligaduras.rs"
"SV-motor","ensayo-ia-y-observabilidad","02d5aee5fafe71105e2a451273adba888e87308a","laboratorio/ensayo-ia-y-observabilidad/modelos-de-ia/openai/gpt-oss-safeguard-120b/ensayos-reiterados-adversariales-y-aprendizaje/realizacion-rust/preservacion-v1-20261007/despliegue/instrumentacion/src/retroalimentacion.rs","5323","b0b2d5abb9ab0ad24b96c5f05dc1c7b63d6e8b66","https://github.com/juantoniolloretegea/SV-motor/blob/02d5aee5fafe71105e2a451273adba888e87308a/laboratorio/ensayo-ia-y-observabilidad/modelos-de-ia/openai/gpt-oss-safeguard-120b/ensayos-reiterados-adversariales-y-aprendizaje/realizacion-rust/preservacion-v1-20261007/despliegue/instrumentacion/src/retroalimentacion.rs"
"SV-motor","ensayo-ia-y-observabilidad","02d5aee5fafe71105e2a451273adba888e87308a","laboratorio/ensayo-ia-y-observabilidad/modelos-de-ia/openai/gpt-oss-safeguard-120b/ensayos-reiterados-adversariales-y-aprendizaje/realizacion-rust/preservacion-v1-20261007/despliegue/preparar.rs","1767","cd7825cc12b759b766271c1dbd612dfd03635f1b","https://github.com/juantoniolloretegea/SV-motor/blob/02d5aee5fafe71105e2a451273adba888e87308a/laboratorio/ensayo-ia-y-observabilidad/modelos-de-ia/openai/gpt-oss-safeguard-120b/ensayos-reiterados-adversariales-y-aprendizaje/realizacion-rust/preservacion-v1-20261007/despliegue/preparar.rs"
"SV-motor","ensayo-ia-y-observabilidad","02d5aee5fafe71105e2a451273adba888e87308a","laboratorio/ensayo-ia-y-observabilidad/modelos-de-ia/openai/gpt-oss-safeguard-120b/ensayos-reiterados-adversariales-y-aprendizaje/realizacion-rust/preservacion-v1-20261007/despliegue/verificador/Cargo.toml","423","7526eba672d37c54013b0329353066eddacc1d3f","https://github.com/juantoniolloretegea/SV-motor/blob/02d5aee5fafe71105e2a451273adba888e87308a/laboratorio/ensayo-ia-y-observabilidad/modelos-de-ia/openai/gpt-oss-safeguard-120b/ensayos-reiterados-adversariales-y-aprendizaje/realizacion-rust/preservacion-v1-20261007/despliegue/verificador/Cargo.toml"
"SV-motor","ensayo-ia-y-observabilidad","02d5aee5fafe71105e2a451273adba888e87308a","laboratorio/ensayo-ia-y-observabilidad/modelos-de-ia/openai/gpt-oss-safeguard-120b/ensayos-reiterados-adversariales-y-aprendizaje/realizacion-rust/preservacion-v1-20261007/despliegue/verificador/src/main.rs","8353","f1de8d09733e4e1327daacf0a330224f762e61dd","https://github.com/juantoniolloretegea/SV-motor/blob/02d5aee5fafe71105e2a451273adba888e87308a/laboratorio/ensayo-ia-y-observabilidad/modelos-de-ia/openai/gpt-oss-safeguard-120b/ensayos-reiterados-adversariales-y-aprendizaje/realizacion-rust/preservacion-v1-20261007/despliegue/verificador/src/main.rs"
"SV-motor","ensayo-ia-y-observabilidad","02d5aee5fafe71105e2a451273adba888e87308a","laboratorio/ensayo-ia-y-observabilidad/modelos-de-ia/openai/gpt-oss-safeguard-120b/ensayos-reiterados-adversariales-y-aprendizaje/realizacion-rust/preservacion-v1-20261007/diagnostico-A08-01/conductor/Cargo.toml","798","854e17c887227f9457e41dc09f2d0da2fdaefe01","https://github.com/juantoniolloretegea/SV-motor/blob/02d5aee5fafe71105e2a451273adba888e87308a/laboratorio/ensayo-ia-y-observabilidad/modelos-de-ia/openai/gpt-oss-safeguard-120b/ensayos-reiterados-adversariales-y-aprendizaje/realizacion-rust/preservacion-v1-20261007/diagnostico-A08-01/conductor/Cargo.toml"
"SV-motor","ensayo-ia-y-observabilidad","02d5aee5fafe71105e2a451273adba888e87308a","laboratorio/ensayo-ia-y-observabilidad/modelos-de-ia/openai/gpt-oss-safeguard-120b/ensayos-reiterados-adversariales-y-aprendizaje/realizacion-rust/preservacion-v1-20261007/diagnostico-A08-01/conductor/src/main.rs","20624","86bc382558f44cbd7b20bbb7f7b8a1615940e292","https://github.com/juantoniolloretegea/SV-motor/blob/02d5aee5fafe71105e2a451273adba888e87308a/laboratorio/ensayo-ia-y-observabilidad/modelos-de-ia/openai/gpt-oss-safeguard-120b/ensayos-reiterados-adversariales-y-aprendizaje/realizacion-rust/preservacion-v1-20261007/diagnostico-A08-01/conductor/src/main.rs"
"SV-motor","ensayo-ia-y-observabilidad","02d5aee5fafe71105e2a451273adba888e87308a","laboratorio/ensayo-ia-y-observabilidad/modelos-de-ia/openai/gpt-oss-safeguard-120b/ensayos-reiterados-adversariales-y-aprendizaje/realizacion-rust/preservacion-v1-20261007/diagnostico-A08-01/custodio/Cargo.toml","209","c830c69b6ae4ec24c8000da2fd03006c74086cfe","https://github.com/juantoniolloretegea/SV-motor/blob/02d5aee5fafe71105e2a451273adba888e87308a/laboratorio/ensayo-ia-y-observabilidad/modelos-de-ia/openai/gpt-oss-safeguard-120b/ensayos-reiterados-adversariales-y-aprendizaje/realizacion-rust/preservacion-v1-20261007/diagnostico-A08-01/custodio/Cargo.toml"
"SV-motor","ensayo-ia-y-observabilidad","02d5aee5fafe71105e2a451273adba888e87308a","laboratorio/ensayo-ia-y-observabilidad/modelos-de-ia/openai/gpt-oss-safeguard-120b/ensayos-reiterados-adversariales-y-aprendizaje/realizacion-rust/preservacion-v1-20261007/diagnostico-A08-01/custodio/src/main.rs","19700","6b9b9243911417d3bb091ca38870a79afbc40d83","https://github.com/juantoniolloretegea/SV-motor/blob/02d5aee5fafe71105e2a451273adba888e87308a/laboratorio/ensayo-ia-y-observabilidad/modelos-de-ia/openai/gpt-oss-safeguard-120b/ensayos-reiterados-adversariales-y-aprendizaje/realizacion-rust/preservacion-v1-20261007/diagnostico-A08-01/custodio/src/main.rs"
"SV-motor","ensayo-ia-y-observabilidad","02d5aee5fafe71105e2a451273adba888e87308a","laboratorio/ensayo-ia-y-observabilidad/modelos-de-ia/openai/gpt-oss-safeguard-120b/ensayos-reiterados-adversariales-y-aprendizaje/realizacion-rust/preservacion-v1-20261007/diagnostico-A08-01/instrumentacion/Cargo.toml","432","e055ad956b46a68215ab04f7c1335d8fdf6b2db6","https://github.com/juantoniolloretegea/SV-motor/blob/02d5aee5fafe71105e2a451273adba888e87308a/laboratorio/ensayo-ia-y-observabilidad/modelos-de-ia/openai/gpt-oss-safeguard-120b/ensayos-reiterados-adversariales-y-aprendizaje/realizacion-rust/preservacion-v1-20261007/diagnostico-A08-01/instrumentacion/Cargo.toml"
"SV-motor","ensayo-ia-y-observabilidad","02d5aee5fafe71105e2a451273adba888e87308a","laboratorio/ensayo-ia-y-observabilidad/modelos-de-ia/openai/gpt-oss-safeguard-120b/ensayos-reiterados-adversariales-y-aprendizaje/realizacion-rust/preservacion-v1-20261007/diagnostico-A08-01/instrumentacion/src/auditoria.rs","7570","8761168c40a280dbaf39b7668225edbbc0f74652","https://github.com/juantoniolloretegea/SV-motor/blob/02d5aee5fafe71105e2a451273adba888e87308a/laboratorio/ensayo-ia-y-observabilidad/modelos-de-ia/openai/gpt-oss-safeguard-120b/ensayos-reiterados-adversariales-y-aprendizaje/realizacion-rust/preservacion-v1-20261007/diagnostico-A08-01/instrumentacion/src/auditoria.rs"
"SV-motor","ensayo-ia-y-observabilidad","02d5aee5fafe71105e2a451273adba888e87308a","laboratorio/ensayo-ia-y-observabilidad/modelos-de-ia/openai/gpt-oss-safeguard-120b/ensayos-reiterados-adversariales-y-aprendizaje/realizacion-rust/preservacion-v1-20261007/diagnostico-A08-01/instrumentacion/src/bin/comprobar_base.rs","4066","1f511a621980e2606805a128cd01d6d317f7869b","https://github.com/juantoniolloretegea/SV-motor/blob/02d5aee5fafe71105e2a451273adba888e87308a/laboratorio/ensayo-ia-y-observabilidad/modelos-de-ia/openai/gpt-oss-safeguard-120b/ensayos-reiterados-adversariales-y-aprendizaje/realizacion-rust/preservacion-v1-20261007/diagnostico-A08-01/instrumentacion/src/bin/comprobar_base.rs"
"SV-motor","ensayo-ia-y-observabilidad","02d5aee5fafe71105e2a451273adba888e87308a","laboratorio/ensayo-ia-y-observabilidad/modelos-de-ia/openai/gpt-oss-safeguard-120b/ensayos-reiterados-adversariales-y-aprendizaje/realizacion-rust/preservacion-v1-20261007/diagnostico-A08-01/instrumentacion/src/bin/fijar_entradas.rs","3176","aba7b32b7a0f02f74ea34e8b885f741974585fa6","https://github.com/juantoniolloretegea/SV-motor/blob/02d5aee5fafe71105e2a451273adba888e87308a/laboratorio/ensayo-ia-y-observabilidad/modelos-de-ia/openai/gpt-oss-safeguard-120b/ensayos-reiterados-adversariales-y-aprendizaje/realizacion-rust/preservacion-v1-20261007/diagnostico-A08-01/instrumentacion/src/bin/fijar_entradas.rs"
"SV-motor","ensayo-ia-y-observabilidad","02d5aee5fafe71105e2a451273adba888e87308a","laboratorio/ensayo-ia-y-observabilidad/modelos-de-ia/openai/gpt-oss-safeguard-120b/ensayos-reiterados-adversariales-y-aprendizaje/realizacion-rust/preservacion-v1-20261007/diagnostico-A08-01/instrumentacion/src/bin/recuperar.rs","1962","0114bfdfff47bc02448dbad5f11b971c14a801be","https://github.com/juantoniolloretegea/SV-motor/blob/02d5aee5fafe71105e2a451273adba888e87308a/laboratorio/ensayo-ia-y-observabilidad/modelos-de-ia/openai/gpt-oss-safeguard-120b/ensayos-reiterados-adversariales-y-aprendizaje/realizacion-rust/preservacion-v1-20261007/diagnostico-A08-01/instrumentacion/src/bin/recuperar.rs"
"SV-motor","ensayo-ia-y-observabilidad","02d5aee5fafe71105e2a451273adba888e87308a","laboratorio/ensayo-ia-y-observabilidad/modelos-de-ia/openai/gpt-oss-safeguard-120b/ensayos-reiterados-adversariales-y-aprendizaje/realizacion-rust/preservacion-v1-20261007/diagnostico-A08-01/instrumentacion/src/ciclo.rs","7920","d7928f233d2ea224282479986716054263e22613","https://github.com/juantoniolloretegea/SV-motor/blob/02d5aee5fafe71105e2a451273adba888e87308a/laboratorio/ensayo-ia-y-observabilidad/modelos-de-ia/openai/gpt-oss-safeguard-120b/ensayos-reiterados-adversariales-y-aprendizaje/realizacion-rust/preservacion-v1-20261007/diagnostico-A08-01/instrumentacion/src/ciclo.rs"
"SV-motor","ensayo-ia-y-observabilidad","02d5aee5fafe71105e2a451273adba888e87308a","laboratorio/ensayo-ia-y-observabilidad/modelos-de-ia/openai/gpt-oss-safeguard-120b/ensayos-reiterados-adversariales-y-aprendizaje/realizacion-rust/preservacion-v1-20261007/diagnostico-A08-01/instrumentacion/src/lib.rs","7077","204b90b8e52397d724ae1b640e99a7a521b50581","https://github.com/juantoniolloretegea/SV-motor/blob/02d5aee5fafe71105e2a451273adba888e87308a/laboratorio/ensayo-ia-y-observabilidad/modelos-de-ia/openai/gpt-oss-safeguard-120b/ensayos-reiterados-adversariales-y-aprendizaje/realizacion-rust/preservacion-v1-20261007/diagnostico-A08-01/instrumentacion/src/lib.rs"
"SV-motor","ensayo-ia-y-observabilidad","02d5aee5fafe71105e2a451273adba888e87308a","laboratorio/ensayo-ia-y-observabilidad/modelos-de-ia/openai/gpt-oss-safeguard-120b/ensayos-reiterados-adversariales-y-aprendizaje/realizacion-rust/preservacion-v1-20261007/diagnostico-A08-01/instrumentacion/src/ligaduras.rs","6363","286390045bcbde1b1667380acecf254d1f8b0db9","https://github.com/juantoniolloretegea/SV-motor/blob/02d5aee5fafe71105e2a451273adba888e87308a/laboratorio/ensayo-ia-y-observabilidad/modelos-de-ia/openai/gpt-oss-safeguard-120b/ensayos-reiterados-adversariales-y-aprendizaje/realizacion-rust/preservacion-v1-20261007/diagnostico-A08-01/instrumentacion/src/ligaduras.rs"
"SV-motor","ensayo-ia-y-observabilidad","02d5aee5fafe71105e2a451273adba888e87308a","laboratorio/ensayo-ia-y-observabilidad/modelos-de-ia/openai/gpt-oss-safeguard-120b/ensayos-reiterados-adversariales-y-aprendizaje/realizacion-rust/preservacion-v1-20261007/diagnostico-A08-01/instrumentacion/src/retroalimentacion.rs","5308","e74cfccef22defadd0786e75600c88b2e57118ee","https://github.com/juantoniolloretegea/SV-motor/blob/02d5aee5fafe71105e2a451273adba888e87308a/laboratorio/ensayo-ia-y-observabilidad/modelos-de-ia/openai/gpt-oss-safeguard-120b/ensayos-reiterados-adversariales-y-aprendizaje/realizacion-rust/preservacion-v1-20261007/diagnostico-A08-01/instrumentacion/src/retroalimentacion.rs"
"SV-motor","ensayo-ia-y-observabilidad","02d5aee5fafe71105e2a451273adba888e87308a","laboratorio/ensayo-ia-y-observabilidad/modelos-de-ia/openai/gpt-oss-safeguard-120b/ensayos-reiterados-adversariales-y-aprendizaje/realizacion-rust/preservacion-v1-20261007/diagnostico-A08-01/preparar.rs","1767","a96a8d010b81a343ca8dc7c215cf01662227d3fa","https://github.com/juantoniolloretegea/SV-motor/blob/02d5aee5fafe71105e2a451273adba888e87308a/laboratorio/ensayo-ia-y-observabilidad/modelos-de-ia/openai/gpt-oss-safeguard-120b/ensayos-reiterados-adversariales-y-aprendizaje/realizacion-rust/preservacion-v1-20261007/diagnostico-A08-01/preparar.rs"
"SV-motor","ensayo-ia-y-observabilidad","02d5aee5fafe71105e2a451273adba888e87308a","laboratorio/ensayo-ia-y-observabilidad/modelos-de-ia/openai/gpt-oss-safeguard-120b/ensayos-reiterados-adversariales-y-aprendizaje/realizacion-rust/preservacion-v1-20261007/diagnostico-A08-01/verificador/Cargo.toml","429","f5fda826fc23fa3f924b48e58ace3e0460aac9b8","https://github.com/juantoniolloretegea/SV-motor/blob/02d5aee5fafe71105e2a451273adba888e87308a/laboratorio/ensayo-ia-y-observabilidad/modelos-de-ia/openai/gpt-oss-safeguard-120b/ensayos-reiterados-adversariales-y-aprendizaje/realizacion-rust/preservacion-v1-20261007/diagnostico-A08-01/verificador/Cargo.toml"
"SV-motor","ensayo-ia-y-observabilidad","02d5aee5fafe71105e2a451273adba888e87308a","laboratorio/ensayo-ia-y-observabilidad/modelos-de-ia/openai/gpt-oss-safeguard-120b/ensayos-reiterados-adversariales-y-aprendizaje/realizacion-rust/preservacion-v1-20261007/diagnostico-A08-01/verificador/src/main.rs","8385","f1dadda766de4983f6aa073a608e80da9e393117","https://github.com/juantoniolloretegea/SV-motor/blob/02d5aee5fafe71105e2a451273adba888e87308a/laboratorio/ensayo-ia-y-observabilidad/modelos-de-ia/openai/gpt-oss-safeguard-120b/ensayos-reiterados-adversariales-y-aprendizaje/realizacion-rust/preservacion-v1-20261007/diagnostico-A08-01/verificador/src/main.rs"
"SV-motor","ensayo-ia-y-observabilidad","02d5aee5fafe71105e2a451273adba888e87308a","laboratorio/ensayo-ia-y-observabilidad/modelos-de-ia/openai/gpt-oss-safeguard-120b/ensayos-reiterados-adversariales-y-aprendizaje/realizacion-rust/preservacion-v1-20261007/diagnostico-A08-02-incidente/Cargo.toml","445","130382f64e3336b319b731aeab77f4ede950b47f","https://github.com/juantoniolloretegea/SV-motor/blob/02d5aee5fafe71105e2a451273adba888e87308a/laboratorio/ensayo-ia-y-observabilidad/modelos-de-ia/openai/gpt-oss-safeguard-120b/ensayos-reiterados-adversariales-y-aprendizaje/realizacion-rust/preservacion-v1-20261007/diagnostico-A08-02-incidente/Cargo.toml"
"SV-motor","ensayo-ia-y-observabilidad","02d5aee5fafe71105e2a451273adba888e87308a","laboratorio/ensayo-ia-y-observabilidad/modelos-de-ia/openai/gpt-oss-safeguard-120b/ensayos-reiterados-adversariales-y-aprendizaje/realizacion-rust/preservacion-v1-20261007/diagnostico-A08-02-incidente/src/auditoria_incidente.rs","7750","875ac496704e3b8d4d7541f6058465ebfac9c4dd","https://github.com/juantoniolloretegea/SV-motor/blob/02d5aee5fafe71105e2a451273adba888e87308a/laboratorio/ensayo-ia-y-observabilidad/modelos-de-ia/openai/gpt-oss-safeguard-120b/ensayos-reiterados-adversariales-y-aprendizaje/realizacion-rust/preservacion-v1-20261007/diagnostico-A08-02-incidente/src/auditoria_incidente.rs"
"SV-motor","ensayo-ia-y-observabilidad","02d5aee5fafe71105e2a451273adba888e87308a","laboratorio/ensayo-ia-y-observabilidad/modelos-de-ia/openai/gpt-oss-safeguard-120b/ensayos-reiterados-adversariales-y-aprendizaje/realizacion-rust/preservacion-v1-20261007/diagnostico-A08-02-incidente/src/main.rs","10307","d3154dfae5826f9e8323654a39e7390b26932937","https://github.com/juantoniolloretegea/SV-motor/blob/02d5aee5fafe71105e2a451273adba888e87308a/laboratorio/ensayo-ia-y-observabilidad/modelos-de-ia/openai/gpt-oss-safeguard-120b/ensayos-reiterados-adversariales-y-aprendizaje/realizacion-rust/preservacion-v1-20261007/diagnostico-A08-02-incidente/src/main.rs"
"SV-motor","ensayo-ia-y-observabilidad","02d5aee5fafe71105e2a451273adba888e87308a","laboratorio/ensayo-ia-y-observabilidad/modelos-de-ia/openai/gpt-oss-safeguard-120b/ensayos-reiterados-adversariales-y-aprendizaje/realizacion-rust/preservacion-v1-20261007/diagnostico-A08-02/conductor/Cargo.toml","798","a9edb4bc3092b3c9e125e581d50b6b6d4a9dc7a8","https://github.com/juantoniolloretegea/SV-motor/blob/02d5aee5fafe71105e2a451273adba888e87308a/laboratorio/ensayo-ia-y-observabilidad/modelos-de-ia/openai/gpt-oss-safeguard-120b/ensayos-reiterados-adversariales-y-aprendizaje/realizacion-rust/preservacion-v1-20261007/diagnostico-A08-02/conductor/Cargo.toml"
"SV-motor","ensayo-ia-y-observabilidad","02d5aee5fafe71105e2a451273adba888e87308a","laboratorio/ensayo-ia-y-observabilidad/modelos-de-ia/openai/gpt-oss-safeguard-120b/ensayos-reiterados-adversariales-y-aprendizaje/realizacion-rust/preservacion-v1-20261007/diagnostico-A08-02/conductor/src/main.rs","20620","fd16bafd92ccdfa4666d5c3b5bf6da2537c7c7e7","https://github.com/juantoniolloretegea/SV-motor/blob/02d5aee5fafe71105e2a451273adba888e87308a/laboratorio/ensayo-ia-y-observabilidad/modelos-de-ia/openai/gpt-oss-safeguard-120b/ensayos-reiterados-adversariales-y-aprendizaje/realizacion-rust/preservacion-v1-20261007/diagnostico-A08-02/conductor/src/main.rs"
"SV-motor","ensayo-ia-y-observabilidad","02d5aee5fafe71105e2a451273adba888e87308a","laboratorio/ensayo-ia-y-observabilidad/modelos-de-ia/openai/gpt-oss-safeguard-120b/ensayos-reiterados-adversariales-y-aprendizaje/realizacion-rust/preservacion-v1-20261007/diagnostico-A08-02/custodio/Cargo.toml","209","9d676a3f0a91c233320b56ab8c16d8cc55eb4a05","https://github.com/juantoniolloretegea/SV-motor/blob/02d5aee5fafe71105e2a451273adba888e87308a/laboratorio/ensayo-ia-y-observabilidad/modelos-de-ia/openai/gpt-oss-safeguard-120b/ensayos-reiterados-adversariales-y-aprendizaje/realizacion-rust/preservacion-v1-20261007/diagnostico-A08-02/custodio/Cargo.toml"
"SV-motor","ensayo-ia-y-observabilidad","02d5aee5fafe71105e2a451273adba888e87308a","laboratorio/ensayo-ia-y-observabilidad/modelos-de-ia/openai/gpt-oss-safeguard-120b/ensayos-reiterados-adversariales-y-aprendizaje/realizacion-rust/preservacion-v1-20261007/diagnostico-A08-02/custodio/src/main.rs","19700","19f97ae84aca03d49f7b8b287eb2a49a677719df","https://github.com/juantoniolloretegea/SV-motor/blob/02d5aee5fafe71105e2a451273adba888e87308a/laboratorio/ensayo-ia-y-observabilidad/modelos-de-ia/openai/gpt-oss-safeguard-120b/ensayos-reiterados-adversariales-y-aprendizaje/realizacion-rust/preservacion-v1-20261007/diagnostico-A08-02/custodio/src/main.rs"
"SV-motor","ensayo-ia-y-observabilidad","02d5aee5fafe71105e2a451273adba888e87308a","laboratorio/ensayo-ia-y-observabilidad/modelos-de-ia/openai/gpt-oss-safeguard-120b/ensayos-reiterados-adversariales-y-aprendizaje/realizacion-rust/preservacion-v1-20261007/diagnostico-A08-02/instrumentacion/Cargo.toml","432","cfa416aea223e08ef39a98034f4ea31138aabcae","https://github.com/juantoniolloretegea/SV-motor/blob/02d5aee5fafe71105e2a451273adba888e87308a/laboratorio/ensayo-ia-y-observabilidad/modelos-de-ia/openai/gpt-oss-safeguard-120b/ensayos-reiterados-adversariales-y-aprendizaje/realizacion-rust/preservacion-v1-20261007/diagnostico-A08-02/instrumentacion/Cargo.toml"
"SV-motor","ensayo-ia-y-observabilidad","02d5aee5fafe71105e2a451273adba888e87308a","laboratorio/ensayo-ia-y-observabilidad/modelos-de-ia/openai/gpt-oss-safeguard-120b/ensayos-reiterados-adversariales-y-aprendizaje/realizacion-rust/preservacion-v1-20261007/diagnostico-A08-02/instrumentacion/src/auditoria.rs","7570","8761168c40a280dbaf39b7668225edbbc0f74652","https://github.com/juantoniolloretegea/SV-motor/blob/02d5aee5fafe71105e2a451273adba888e87308a/laboratorio/ensayo-ia-y-observabilidad/modelos-de-ia/openai/gpt-oss-safeguard-120b/ensayos-reiterados-adversariales-y-aprendizaje/realizacion-rust/preservacion-v1-20261007/diagnostico-A08-02/instrumentacion/src/auditoria.rs"
"SV-motor","ensayo-ia-y-observabilidad","02d5aee5fafe71105e2a451273adba888e87308a","laboratorio/ensayo-ia-y-observabilidad/modelos-de-ia/openai/gpt-oss-safeguard-120b/ensayos-reiterados-adversariales-y-aprendizaje/realizacion-rust/preservacion-v1-20261007/diagnostico-A08-02/instrumentacion/src/bin/comprobar_base.rs","4594","c4e7f37410370096fd56c5c8300c9003aeb29490","https://github.com/juantoniolloretegea/SV-motor/blob/02d5aee5fafe71105e2a451273adba888e87308a/laboratorio/ensayo-ia-y-observabilidad/modelos-de-ia/openai/gpt-oss-safeguard-120b/ensayos-reiterados-adversariales-y-aprendizaje/realizacion-rust/preservacion-v1-20261007/diagnostico-A08-02/instrumentacion/src/bin/comprobar_base.rs"
"SV-motor","ensayo-ia-y-observabilidad","02d5aee5fafe71105e2a451273adba888e87308a","laboratorio/ensayo-ia-y-observabilidad/modelos-de-ia/openai/gpt-oss-safeguard-120b/ensayos-reiterados-adversariales-y-aprendizaje/realizacion-rust/preservacion-v1-20261007/diagnostico-A08-02/instrumentacion/src/bin/fijar_entradas.rs","3176","aba7b32b7a0f02f74ea34e8b885f741974585fa6","https://github.com/juantoniolloretegea/SV-motor/blob/02d5aee5fafe71105e2a451273adba888e87308a/laboratorio/ensayo-ia-y-observabilidad/modelos-de-ia/openai/gpt-oss-safeguard-120b/ensayos-reiterados-adversariales-y-aprendizaje/realizacion-rust/preservacion-v1-20261007/diagnostico-A08-02/instrumentacion/src/bin/fijar_entradas.rs"
"SV-motor","ensayo-ia-y-observabilidad","02d5aee5fafe71105e2a451273adba888e87308a","laboratorio/ensayo-ia-y-observabilidad/modelos-de-ia/openai/gpt-oss-safeguard-120b/ensayos-reiterados-adversariales-y-aprendizaje/realizacion-rust/preservacion-v1-20261007/diagnostico-A08-02/instrumentacion/src/bin/recuperar.rs","2052","c32455ae53aab879625506c81e2016d5a88118ce","https://github.com/juantoniolloretegea/SV-motor/blob/02d5aee5fafe71105e2a451273adba888e87308a/laboratorio/ensayo-ia-y-observabilidad/modelos-de-ia/openai/gpt-oss-safeguard-120b/ensayos-reiterados-adversariales-y-aprendizaje/realizacion-rust/preservacion-v1-20261007/diagnostico-A08-02/instrumentacion/src/bin/recuperar.rs"
"SV-motor","ensayo-ia-y-observabilidad","02d5aee5fafe71105e2a451273adba888e87308a","laboratorio/ensayo-ia-y-observabilidad/modelos-de-ia/openai/gpt-oss-safeguard-120b/ensayos-reiterados-adversariales-y-aprendizaje/realizacion-rust/preservacion-v1-20261007/diagnostico-A08-02/instrumentacion/src/ciclo.rs","7920","d7928f233d2ea224282479986716054263e22613","https://github.com/juantoniolloretegea/SV-motor/blob/02d5aee5fafe71105e2a451273adba888e87308a/laboratorio/ensayo-ia-y-observabilidad/modelos-de-ia/openai/gpt-oss-safeguard-120b/ensayos-reiterados-adversariales-y-aprendizaje/realizacion-rust/preservacion-v1-20261007/diagnostico-A08-02/instrumentacion/src/ciclo.rs"
"SV-motor","ensayo-ia-y-observabilidad","02d5aee5fafe71105e2a451273adba888e87308a","laboratorio/ensayo-ia-y-observabilidad/modelos-de-ia/openai/gpt-oss-safeguard-120b/ensayos-reiterados-adversariales-y-aprendizaje/realizacion-rust/preservacion-v1-20261007/diagnostico-A08-02/instrumentacion/src/lib.rs","7077","204b90b8e52397d724ae1b640e99a7a521b50581","https://github.com/juantoniolloretegea/SV-motor/blob/02d5aee5fafe71105e2a451273adba888e87308a/laboratorio/ensayo-ia-y-observabilidad/modelos-de-ia/openai/gpt-oss-safeguard-120b/ensayos-reiterados-adversariales-y-aprendizaje/realizacion-rust/preservacion-v1-20261007/diagnostico-A08-02/instrumentacion/src/lib.rs"
"SV-motor","ensayo-ia-y-observabilidad","02d5aee5fafe71105e2a451273adba888e87308a","laboratorio/ensayo-ia-y-observabilidad/modelos-de-ia/openai/gpt-oss-safeguard-120b/ensayos-reiterados-adversariales-y-aprendizaje/realizacion-rust/preservacion-v1-20261007/diagnostico-A08-02/instrumentacion/src/ligaduras.rs","6363","286390045bcbde1b1667380acecf254d1f8b0db9","https://github.com/juantoniolloretegea/SV-motor/blob/02d5aee5fafe71105e2a451273adba888e87308a/laboratorio/ensayo-ia-y-observabilidad/modelos-de-ia/openai/gpt-oss-safeguard-120b/ensayos-reiterados-adversariales-y-aprendizaje/realizacion-rust/preservacion-v1-20261007/diagnostico-A08-02/instrumentacion/src/ligaduras.rs"
"SV-motor","ensayo-ia-y-observabilidad","02d5aee5fafe71105e2a451273adba888e87308a","laboratorio/ensayo-ia-y-observabilidad/modelos-de-ia/openai/gpt-oss-safeguard-120b/ensayos-reiterados-adversariales-y-aprendizaje/realizacion-rust/preservacion-v1-20261007/diagnostico-A08-02/instrumentacion/src/retroalimentacion.rs","5308","2bb39da87f2991aef5f6a26d3dc837e8c86d09bb","https://github.com/juantoniolloretegea/SV-motor/blob/02d5aee5fafe71105e2a451273adba888e87308a/laboratorio/ensayo-ia-y-observabilidad/modelos-de-ia/openai/gpt-oss-safeguard-120b/ensayos-reiterados-adversariales-y-aprendizaje/realizacion-rust/preservacion-v1-20261007/diagnostico-A08-02/instrumentacion/src/retroalimentacion.rs"
"SV-motor","ensayo-ia-y-observabilidad","02d5aee5fafe71105e2a451273adba888e87308a","laboratorio/ensayo-ia-y-observabilidad/modelos-de-ia/openai/gpt-oss-safeguard-120b/ensayos-reiterados-adversariales-y-aprendizaje/realizacion-rust/preservacion-v1-20261007/diagnostico-A08-02/preparar.rs","1767","7e849fa95631a25bdf14e35e11e27071d0c90cb5","https://github.com/juantoniolloretegea/SV-motor/blob/02d5aee5fafe71105e2a451273adba888e87308a/laboratorio/ensayo-ia-y-observabilidad/modelos-de-ia/openai/gpt-oss-safeguard-120b/ensayos-reiterados-adversariales-y-aprendizaje/realizacion-rust/preservacion-v1-20261007/diagnostico-A08-02/preparar.rs"
"SV-motor","ensayo-ia-y-observabilidad","02d5aee5fafe71105e2a451273adba888e87308a","laboratorio/ensayo-ia-y-observabilidad/modelos-de-ia/openai/gpt-oss-safeguard-120b/ensayos-reiterados-adversariales-y-aprendizaje/realizacion-rust/preservacion-v1-20261007/diagnostico-A08-02/verificador/Cargo.toml","429","6df8054507bdc79b2fbbdf32597857acf96b2992","https://github.com/juantoniolloretegea/SV-motor/blob/02d5aee5fafe71105e2a451273adba888e87308a/laboratorio/ensayo-ia-y-observabilidad/modelos-de-ia/openai/gpt-oss-safeguard-120b/ensayos-reiterados-adversariales-y-aprendizaje/realizacion-rust/preservacion-v1-20261007/diagnostico-A08-02/verificador/Cargo.toml"
"SV-motor","ensayo-ia-y-observabilidad","02d5aee5fafe71105e2a451273adba888e87308a","laboratorio/ensayo-ia-y-observabilidad/modelos-de-ia/openai/gpt-oss-safeguard-120b/ensayos-reiterados-adversariales-y-aprendizaje/realizacion-rust/preservacion-v1-20261007/diagnostico-A08-02/verificador/src/main.rs","8383","fea33dfe18616a4c820115db592be3ed87be17fd","https://github.com/juantoniolloretegea/SV-motor/blob/02d5aee5fafe71105e2a451273adba888e87308a/laboratorio/ensayo-ia-y-observabilidad/modelos-de-ia/openai/gpt-oss-safeguard-120b/ensayos-reiterados-adversariales-y-aprendizaje/realizacion-rust/preservacion-v1-20261007/diagnostico-A08-02/verificador/src/main.rs"
"SV-motor","ensayo-ia-y-observabilidad","02d5aee5fafe71105e2a451273adba888e87308a","laboratorio/ensayo-ia-y-observabilidad/modelos-de-ia/openai/gpt-oss-safeguard-120b/ensayos-reiterados-adversariales-y-aprendizaje/realizacion-rust/preservacion-v1-20261007/diagnostico-A08-03/conductor/Cargo.toml","798","4b16040a2988a51f666bc24e0a9de4e5b0e42891","https://github.com/juantoniolloretegea/SV-motor/blob/02d5aee5fafe71105e2a451273adba888e87308a/laboratorio/ensayo-ia-y-observabilidad/modelos-de-ia/openai/gpt-oss-safeguard-120b/ensayos-reiterados-adversariales-y-aprendizaje/realizacion-rust/preservacion-v1-20261007/diagnostico-A08-03/conductor/Cargo.toml"
"SV-motor","ensayo-ia-y-observabilidad","02d5aee5fafe71105e2a451273adba888e87308a","laboratorio/ensayo-ia-y-observabilidad/modelos-de-ia/openai/gpt-oss-safeguard-120b/ensayos-reiterados-adversariales-y-aprendizaje/realizacion-rust/preservacion-v1-20261007/diagnostico-A08-03/conductor/src/main.rs","20620","5ad7d5f4717263eeb1fb2b2f6b0c55ecd590eeda","https://github.com/juantoniolloretegea/SV-motor/blob/02d5aee5fafe71105e2a451273adba888e87308a/laboratorio/ensayo-ia-y-observabilidad/modelos-de-ia/openai/gpt-oss-safeguard-120b/ensayos-reiterados-adversariales-y-aprendizaje/realizacion-rust/preservacion-v1-20261007/diagnostico-A08-03/conductor/src/main.rs"
"SV-motor","ensayo-ia-y-observabilidad","02d5aee5fafe71105e2a451273adba888e87308a","laboratorio/ensayo-ia-y-observabilidad/modelos-de-ia/openai/gpt-oss-safeguard-120b/ensayos-reiterados-adversariales-y-aprendizaje/realizacion-rust/preservacion-v1-20261007/diagnostico-A08-03/custodio/Cargo.toml","209","cbfe1fc94ad00e3018fbb955866bb79bf65d2166","https://github.com/juantoniolloretegea/SV-motor/blob/02d5aee5fafe71105e2a451273adba888e87308a/laboratorio/ensayo-ia-y-observabilidad/modelos-de-ia/openai/gpt-oss-safeguard-120b/ensayos-reiterados-adversariales-y-aprendizaje/realizacion-rust/preservacion-v1-20261007/diagnostico-A08-03/custodio/Cargo.toml"
"SV-motor","ensayo-ia-y-observabilidad","02d5aee5fafe71105e2a451273adba888e87308a","laboratorio/ensayo-ia-y-observabilidad/modelos-de-ia/openai/gpt-oss-safeguard-120b/ensayos-reiterados-adversariales-y-aprendizaje/realizacion-rust/preservacion-v1-20261007/diagnostico-A08-03/custodio/src/main.rs","19714","0f96cd4b211e66748f6fec14f0f70c510801f1fb","https://github.com/juantoniolloretegea/SV-motor/blob/02d5aee5fafe71105e2a451273adba888e87308a/laboratorio/ensayo-ia-y-observabilidad/modelos-de-ia/openai/gpt-oss-safeguard-120b/ensayos-reiterados-adversariales-y-aprendizaje/realizacion-rust/preservacion-v1-20261007/diagnostico-A08-03/custodio/src/main.rs"
"SV-motor","ensayo-ia-y-observabilidad","02d5aee5fafe71105e2a451273adba888e87308a","laboratorio/ensayo-ia-y-observabilidad/modelos-de-ia/openai/gpt-oss-safeguard-120b/ensayos-reiterados-adversariales-y-aprendizaje/realizacion-rust/preservacion-v1-20261007/diagnostico-A08-03/instrumentacion/Cargo.toml","432","424a6ce04042c0605e8ff0649ecc58bce13f47cc","https://github.com/juantoniolloretegea/SV-motor/blob/02d5aee5fafe71105e2a451273adba888e87308a/laboratorio/ensayo-ia-y-observabilidad/modelos-de-ia/openai/gpt-oss-safeguard-120b/ensayos-reiterados-adversariales-y-aprendizaje/realizacion-rust/preservacion-v1-20261007/diagnostico-A08-03/instrumentacion/Cargo.toml"
"SV-motor","ensayo-ia-y-observabilidad","02d5aee5fafe71105e2a451273adba888e87308a","laboratorio/ensayo-ia-y-observabilidad/modelos-de-ia/openai/gpt-oss-safeguard-120b/ensayos-reiterados-adversariales-y-aprendizaje/realizacion-rust/preservacion-v1-20261007/diagnostico-A08-03/instrumentacion/src/auditoria.rs","7570","8761168c40a280dbaf39b7668225edbbc0f74652","https://github.com/juantoniolloretegea/SV-motor/blob/02d5aee5fafe71105e2a451273adba888e87308a/laboratorio/ensayo-ia-y-observabilidad/modelos-de-ia/openai/gpt-oss-safeguard-120b/ensayos-reiterados-adversariales-y-aprendizaje/realizacion-rust/preservacion-v1-20261007/diagnostico-A08-03/instrumentacion/src/auditoria.rs"
"SV-motor","ensayo-ia-y-observabilidad","02d5aee5fafe71105e2a451273adba888e87308a","laboratorio/ensayo-ia-y-observabilidad/modelos-de-ia/openai/gpt-oss-safeguard-120b/ensayos-reiterados-adversariales-y-aprendizaje/realizacion-rust/preservacion-v1-20261007/diagnostico-A08-03/instrumentacion/src/bin/comprobar_base.rs","4594","ba929cdb21564138a136e0c0ab47906a4d031744","https://github.com/juantoniolloretegea/SV-motor/blob/02d5aee5fafe71105e2a451273adba888e87308a/laboratorio/ensayo-ia-y-observabilidad/modelos-de-ia/openai/gpt-oss-safeguard-120b/ensayos-reiterados-adversariales-y-aprendizaje/realizacion-rust/preservacion-v1-20261007/diagnostico-A08-03/instrumentacion/src/bin/comprobar_base.rs"
"SV-motor","ensayo-ia-y-observabilidad","02d5aee5fafe71105e2a451273adba888e87308a","laboratorio/ensayo-ia-y-observabilidad/modelos-de-ia/openai/gpt-oss-safeguard-120b/ensayos-reiterados-adversariales-y-aprendizaje/realizacion-rust/preservacion-v1-20261007/diagnostico-A08-03/instrumentacion/src/bin/fijar_entradas.rs","3176","5f65660a1761bf2b53f86767b78d99edc083ce01","https://github.com/juantoniolloretegea/SV-motor/blob/02d5aee5fafe71105e2a451273adba888e87308a/laboratorio/ensayo-ia-y-observabilidad/modelos-de-ia/openai/gpt-oss-safeguard-120b/ensayos-reiterados-adversariales-y-aprendizaje/realizacion-rust/preservacion-v1-20261007/diagnostico-A08-03/instrumentacion/src/bin/fijar_entradas.rs"
"SV-motor","ensayo-ia-y-observabilidad","02d5aee5fafe71105e2a451273adba888e87308a","laboratorio/ensayo-ia-y-observabilidad/modelos-de-ia/openai/gpt-oss-safeguard-120b/ensayos-reiterados-adversariales-y-aprendizaje/realizacion-rust/preservacion-v1-20261007/diagnostico-A08-03/instrumentacion/src/bin/recuperar.rs","2052","5534f9f23b8a2582d8fad7db7a78699133283c23","https://github.com/juantoniolloretegea/SV-motor/blob/02d5aee5fafe71105e2a451273adba888e87308a/laboratorio/ensayo-ia-y-observabilidad/modelos-de-ia/openai/gpt-oss-safeguard-120b/ensayos-reiterados-adversariales-y-aprendizaje/realizacion-rust/preservacion-v1-20261007/diagnostico-A08-03/instrumentacion/src/bin/recuperar.rs"
"SV-motor","ensayo-ia-y-observabilidad","02d5aee5fafe71105e2a451273adba888e87308a","laboratorio/ensayo-ia-y-observabilidad/modelos-de-ia/openai/gpt-oss-safeguard-120b/ensayos-reiterados-adversariales-y-aprendizaje/realizacion-rust/preservacion-v1-20261007/diagnostico-A08-03/instrumentacion/src/ciclo.rs","7920","d7928f233d2ea224282479986716054263e22613","https://github.com/juantoniolloretegea/SV-motor/blob/02d5aee5fafe71105e2a451273adba888e87308a/laboratorio/ensayo-ia-y-observabilidad/modelos-de-ia/openai/gpt-oss-safeguard-120b/ensayos-reiterados-adversariales-y-aprendizaje/realizacion-rust/preservacion-v1-20261007/diagnostico-A08-03/instrumentacion/src/ciclo.rs"
"SV-motor","ensayo-ia-y-observabilidad","02d5aee5fafe71105e2a451273adba888e87308a","laboratorio/ensayo-ia-y-observabilidad/modelos-de-ia/openai/gpt-oss-safeguard-120b/ensayos-reiterados-adversariales-y-aprendizaje/realizacion-rust/preservacion-v1-20261007/diagnostico-A08-03/instrumentacion/src/lib.rs","7077","204b90b8e52397d724ae1b640e99a7a521b50581","https://github.com/juantoniolloretegea/SV-motor/blob/02d5aee5fafe71105e2a451273adba888e87308a/laboratorio/ensayo-ia-y-observabilidad/modelos-de-ia/openai/gpt-oss-safeguard-120b/ensayos-reiterados-adversariales-y-aprendizaje/realizacion-rust/preservacion-v1-20261007/diagnostico-A08-03/instrumentacion/src/lib.rs"
"SV-motor","ensayo-ia-y-observabilidad","02d5aee5fafe71105e2a451273adba888e87308a","laboratorio/ensayo-ia-y-observabilidad/modelos-de-ia/openai/gpt-oss-safeguard-120b/ensayos-reiterados-adversariales-y-aprendizaje/realizacion-rust/preservacion-v1-20261007/diagnostico-A08-03/instrumentacion/src/ligaduras.rs","6363","286390045bcbde1b1667380acecf254d1f8b0db9","https://github.com/juantoniolloretegea/SV-motor/blob/02d5aee5fafe71105e2a451273adba888e87308a/laboratorio/ensayo-ia-y-observabilidad/modelos-de-ia/openai/gpt-oss-safeguard-120b/ensayos-reiterados-adversariales-y-aprendizaje/realizacion-rust/preservacion-v1-20261007/diagnostico-A08-03/instrumentacion/src/ligaduras.rs"
"SV-motor","ensayo-ia-y-observabilidad","02d5aee5fafe71105e2a451273adba888e87308a","laboratorio/ensayo-ia-y-observabilidad/modelos-de-ia/openai/gpt-oss-safeguard-120b/ensayos-reiterados-adversariales-y-aprendizaje/realizacion-rust/preservacion-v1-20261007/diagnostico-A08-03/instrumentacion/src/retroalimentacion.rs","5308","2bb39da87f2991aef5f6a26d3dc837e8c86d09bb","https://github.com/juantoniolloretegea/SV-motor/blob/02d5aee5fafe71105e2a451273adba888e87308a/laboratorio/ensayo-ia-y-observabilidad/modelos-de-ia/openai/gpt-oss-safeguard-120b/ensayos-reiterados-adversariales-y-aprendizaje/realizacion-rust/preservacion-v1-20261007/diagnostico-A08-03/instrumentacion/src/retroalimentacion.rs"
"SV-motor","ensayo-ia-y-observabilidad","02d5aee5fafe71105e2a451273adba888e87308a","laboratorio/ensayo-ia-y-observabilidad/modelos-de-ia/openai/gpt-oss-safeguard-120b/ensayos-reiterados-adversariales-y-aprendizaje/realizacion-rust/preservacion-v1-20261007/diagnostico-A08-03/preparar.rs","1767","6a1350c6831fbc20f23bc64f973adc0fc55241ab","https://github.com/juantoniolloretegea/SV-motor/blob/02d5aee5fafe71105e2a451273adba888e87308a/laboratorio/ensayo-ia-y-observabilidad/modelos-de-ia/openai/gpt-oss-safeguard-120b/ensayos-reiterados-adversariales-y-aprendizaje/realizacion-rust/preservacion-v1-20261007/diagnostico-A08-03/preparar.rs"
"SV-motor","ensayo-ia-y-observabilidad","02d5aee5fafe71105e2a451273adba888e87308a","laboratorio/ensayo-ia-y-observabilidad/modelos-de-ia/openai/gpt-oss-safeguard-120b/ensayos-reiterados-adversariales-y-aprendizaje/realizacion-rust/preservacion-v1-20261007/diagnostico-A08-03/verificador/Cargo.toml","429","7e40dd52b860319dd2eb5a3690b711b586c4e913","https://github.com/juantoniolloretegea/SV-motor/blob/02d5aee5fafe71105e2a451273adba888e87308a/laboratorio/ensayo-ia-y-observabilidad/modelos-de-ia/openai/gpt-oss-safeguard-120b/ensayos-reiterados-adversariales-y-aprendizaje/realizacion-rust/preservacion-v1-20261007/diagnostico-A08-03/verificador/Cargo.toml"
"SV-motor","ensayo-ia-y-observabilidad","02d5aee5fafe71105e2a451273adba888e87308a","laboratorio/ensayo-ia-y-observabilidad/modelos-de-ia/openai/gpt-oss-safeguard-120b/ensayos-reiterados-adversariales-y-aprendizaje/realizacion-rust/preservacion-v1-20261007/diagnostico-A08-03/verificador/src/main.rs","8383","8251be8c0c55268fb80470214390cf54d596b773","https://github.com/juantoniolloretegea/SV-motor/blob/02d5aee5fafe71105e2a451273adba888e87308a/laboratorio/ensayo-ia-y-observabilidad/modelos-de-ia/openai/gpt-oss-safeguard-120b/ensayos-reiterados-adversariales-y-aprendizaje/realizacion-rust/preservacion-v1-20261007/diagnostico-A08-03/verificador/src/main.rs"
"SV-motor","ensayo-ia-y-observabilidad","02d5aee5fafe71105e2a451273adba888e87308a","laboratorio/ensayo-ia-y-observabilidad/modelos-de-ia/openai/gpt-oss-safeguard-120b/ensayos-reiterados-adversariales-y-aprendizaje/realizacion-rust/preservacion-v1-20261007/instrumentacion/Cargo.lock","4935","2ebdb735fefa94e03ad1c086517ef67b4a962d56","https://github.com/juantoniolloretegea/SV-motor/blob/02d5aee5fafe71105e2a451273adba888e87308a/laboratorio/ensayo-ia-y-observabilidad/modelos-de-ia/openai/gpt-oss-safeguard-120b/ensayos-reiterados-adversariales-y-aprendizaje/realizacion-rust/preservacion-v1-20261007/instrumentacion/Cargo.lock"
"SV-motor","ensayo-ia-y-observabilidad","02d5aee5fafe71105e2a451273adba888e87308a","laboratorio/ensayo-ia-y-observabilidad/modelos-de-ia/openai/gpt-oss-safeguard-120b/ensayos-reiterados-adversariales-y-aprendizaje/realizacion-rust/preservacion-v1-20261007/instrumentacion/Cargo.toml","201","83038a54baaa1eb9b4c816dc2b59ec55354d13ac","https://github.com/juantoniolloretegea/SV-motor/blob/02d5aee5fafe71105e2a451273adba888e87308a/laboratorio/ensayo-ia-y-observabilidad/modelos-de-ia/openai/gpt-oss-safeguard-120b/ensayos-reiterados-adversariales-y-aprendizaje/realizacion-rust/preservacion-v1-20261007/instrumentacion/Cargo.toml"
"SV-motor","ensayo-ia-y-observabilidad","02d5aee5fafe71105e2a451273adba888e87308a","laboratorio/ensayo-ia-y-observabilidad/modelos-de-ia/openai/gpt-oss-safeguard-120b/ensayos-reiterados-adversariales-y-aprendizaje/realizacion-rust/preservacion-v1-20261007/instrumentacion/src/auditoria.rs","7570","8761168c40a280dbaf39b7668225edbbc0f74652","https://github.com/juantoniolloretegea/SV-motor/blob/02d5aee5fafe71105e2a451273adba888e87308a/laboratorio/ensayo-ia-y-observabilidad/modelos-de-ia/openai/gpt-oss-safeguard-120b/ensayos-reiterados-adversariales-y-aprendizaje/realizacion-rust/preservacion-v1-20261007/instrumentacion/src/auditoria.rs"
"SV-motor","ensayo-ia-y-observabilidad","02d5aee5fafe71105e2a451273adba888e87308a","laboratorio/ensayo-ia-y-observabilidad/modelos-de-ia/openai/gpt-oss-safeguard-120b/ensayos-reiterados-adversariales-y-aprendizaje/realizacion-rust/preservacion-v1-20261007/instrumentacion/src/bin/comprobar_base.rs","4067","a1072260c951f769b340ea43f7bb7c7dbeab982b","https://github.com/juantoniolloretegea/SV-motor/blob/02d5aee5fafe71105e2a451273adba888e87308a/laboratorio/ensayo-ia-y-observabilidad/modelos-de-ia/openai/gpt-oss-safeguard-120b/ensayos-reiterados-adversariales-y-aprendizaje/realizacion-rust/preservacion-v1-20261007/instrumentacion/src/bin/comprobar_base.rs"
"SV-motor","ensayo-ia-y-observabilidad","02d5aee5fafe71105e2a451273adba888e87308a","laboratorio/ensayo-ia-y-observabilidad/modelos-de-ia/openai/gpt-oss-safeguard-120b/ensayos-reiterados-adversariales-y-aprendizaje/realizacion-rust/preservacion-v1-20261007/instrumentacion/src/bin/fijar_entradas.rs","3182","81b88734c17509119e193da639dfdbcd82963a08","https://github.com/juantoniolloretegea/SV-motor/blob/02d5aee5fafe71105e2a451273adba888e87308a/laboratorio/ensayo-ia-y-observabilidad/modelos-de-ia/openai/gpt-oss-safeguard-120b/ensayos-reiterados-adversariales-y-aprendizaje/realizacion-rust/preservacion-v1-20261007/instrumentacion/src/bin/fijar_entradas.rs"
"SV-motor","ensayo-ia-y-observabilidad","02d5aee5fafe71105e2a451273adba888e87308a","laboratorio/ensayo-ia-y-observabilidad/modelos-de-ia/openai/gpt-oss-safeguard-120b/ensayos-reiterados-adversariales-y-aprendizaje/realizacion-rust/preservacion-v1-20261007/instrumentacion/src/ciclo.rs","11054","5564936bf3ff75302c60c3715c98fb249c249594","https://github.com/juantoniolloretegea/SV-motor/blob/02d5aee5fafe71105e2a451273adba888e87308a/laboratorio/ensayo-ia-y-observabilidad/modelos-de-ia/openai/gpt-oss-safeguard-120b/ensayos-reiterados-adversariales-y-aprendizaje/realizacion-rust/preservacion-v1-20261007/instrumentacion/src/ciclo.rs"
"SV-motor","ensayo-ia-y-observabilidad","02d5aee5fafe71105e2a451273adba888e87308a","laboratorio/ensayo-ia-y-observabilidad/modelos-de-ia/openai/gpt-oss-safeguard-120b/ensayos-reiterados-adversariales-y-aprendizaje/realizacion-rust/preservacion-v1-20261007/instrumentacion/src/lib.rs","7078","03c571f6874f0f4278d2d700716a289afc3cbbe3","https://github.com/juantoniolloretegea/SV-motor/blob/02d5aee5fafe71105e2a451273adba888e87308a/laboratorio/ensayo-ia-y-observabilidad/modelos-de-ia/openai/gpt-oss-safeguard-120b/ensayos-reiterados-adversariales-y-aprendizaje/realizacion-rust/preservacion-v1-20261007/instrumentacion/src/lib.rs"
"SV-motor","ensayo-ia-y-observabilidad","02d5aee5fafe71105e2a451273adba888e87308a","laboratorio/ensayo-ia-y-observabilidad/modelos-de-ia/openai/gpt-oss-safeguard-120b/ensayos-reiterados-adversariales-y-aprendizaje/realizacion-rust/preservacion-v1-20261007/instrumentacion/src/ligaduras.rs","6363","286390045bcbde1b1667380acecf254d1f8b0db9","https://github.com/juantoniolloretegea/SV-motor/blob/02d5aee5fafe71105e2a451273adba888e87308a/laboratorio/ensayo-ia-y-observabilidad/modelos-de-ia/openai/gpt-oss-safeguard-120b/ensayos-reiterados-adversariales-y-aprendizaje/realizacion-rust/preservacion-v1-20261007/instrumentacion/src/ligaduras.rs"
"SV-motor","ensayo-ia-y-observabilidad","02d5aee5fafe71105e2a451273adba888e87308a","laboratorio/ensayo-ia-y-observabilidad/modelos-de-ia/openai/gpt-oss-safeguard-120b/ensayos-reiterados-adversariales-y-aprendizaje/realizacion-rust/preservacion-v1-20261007/instrumentacion/src/retroalimentacion.rs","5323","b0b2d5abb9ab0ad24b96c5f05dc1c7b63d6e8b66","https://github.com/juantoniolloretegea/SV-motor/blob/02d5aee5fafe71105e2a451273adba888e87308a/laboratorio/ensayo-ia-y-observabilidad/modelos-de-ia/openai/gpt-oss-safeguard-120b/ensayos-reiterados-adversariales-y-aprendizaje/realizacion-rust/preservacion-v1-20261007/instrumentacion/src/retroalimentacion.rs"
"SV-motor","ensayo-ia-y-observabilidad","02d5aee5fafe71105e2a451273adba888e87308a","laboratorio/ensayo-ia-y-observabilidad/modelos-de-ia/openai/gpt-oss-safeguard-120b/ensayos-reiterados-adversariales-y-aprendizaje/realizacion-rust/preservacion-v1-20261007/local/Cargo.lock","4870","2cd91e8f3789a695e45de6a5b1816a2a3a72fd2b","https://github.com/juantoniolloretegea/SV-motor/blob/02d5aee5fafe71105e2a451273adba888e87308a/laboratorio/ensayo-ia-y-observabilidad/modelos-de-ia/openai/gpt-oss-safeguard-120b/ensayos-reiterados-adversariales-y-aprendizaje/realizacion-rust/preservacion-v1-20261007/local/Cargo.lock"
"SV-motor","ensayo-ia-y-observabilidad","02d5aee5fafe71105e2a451273adba888e87308a","laboratorio/ensayo-ia-y-observabilidad/modelos-de-ia/openai/gpt-oss-safeguard-120b/ensayos-reiterados-adversariales-y-aprendizaje/realizacion-rust/preservacion-v1-20261007/local/Cargo.toml","187","424d85675484d2eae118e0cca7f1bd6f5fe2d896","https://github.com/juantoniolloretegea/SV-motor/blob/02d5aee5fafe71105e2a451273adba888e87308a/laboratorio/ensayo-ia-y-observabilidad/modelos-de-ia/openai/gpt-oss-safeguard-120b/ensayos-reiterados-adversariales-y-aprendizaje/realizacion-rust/preservacion-v1-20261007/local/Cargo.toml"
"SV-motor","ensayo-ia-y-observabilidad","02d5aee5fafe71105e2a451273adba888e87308a","laboratorio/ensayo-ia-y-observabilidad/modelos-de-ia/openai/gpt-oss-safeguard-120b/ensayos-reiterados-adversariales-y-aprendizaje/realizacion-rust/preservacion-v1-20261007/local/src/bin/completar_preparacion_d02.rs","1125","7281807cd98ab1762bded16a56733e3dacd0afda","https://github.com/juantoniolloretegea/SV-motor/blob/02d5aee5fafe71105e2a451273adba888e87308a/laboratorio/ensayo-ia-y-observabilidad/modelos-de-ia/openai/gpt-oss-safeguard-120b/ensayos-reiterados-adversariales-y-aprendizaje/realizacion-rust/preservacion-v1-20261007/local/src/bin/completar_preparacion_d02.rs"
"SV-motor","ensayo-ia-y-observabilidad","02d5aee5fafe71105e2a451273adba888e87308a","laboratorio/ensayo-ia-y-observabilidad/modelos-de-ia/openai/gpt-oss-safeguard-120b/ensayos-reiterados-adversariales-y-aprendizaje/realizacion-rust/preservacion-v1-20261007/local/src/bin/cotejar_diagnostico_01.rs","2238","7630e2eefb81cd1f5fd2aacd37c34f5ad1f950a8","https://github.com/juantoniolloretegea/SV-motor/blob/02d5aee5fafe71105e2a451273adba888e87308a/laboratorio/ensayo-ia-y-observabilidad/modelos-de-ia/openai/gpt-oss-safeguard-120b/ensayos-reiterados-adversariales-y-aprendizaje/realizacion-rust/preservacion-v1-20261007/local/src/bin/cotejar_diagnostico_01.rs"
"SV-motor","ensayo-ia-y-observabilidad","02d5aee5fafe71105e2a451273adba888e87308a","laboratorio/ensayo-ia-y-observabilidad/modelos-de-ia/openai/gpt-oss-safeguard-120b/ensayos-reiterados-adversariales-y-aprendizaje/realizacion-rust/preservacion-v1-20261007/local/src/bin/cotejar_diagnostico_02.rs","2268","4fd0c17515fae1dc3193859a62381158cd48a58e","https://github.com/juantoniolloretegea/SV-motor/blob/02d5aee5fafe71105e2a451273adba888e87308a/laboratorio/ensayo-ia-y-observabilidad/modelos-de-ia/openai/gpt-oss-safeguard-120b/ensayos-reiterados-adversariales-y-aprendizaje/realizacion-rust/preservacion-v1-20261007/local/src/bin/cotejar_diagnostico_02.rs"
"SV-motor","ensayo-ia-y-observabilidad","02d5aee5fafe71105e2a451273adba888e87308a","laboratorio/ensayo-ia-y-observabilidad/modelos-de-ia/openai/gpt-oss-safeguard-120b/ensayos-reiterados-adversariales-y-aprendizaje/realizacion-rust/preservacion-v1-20261007/local/src/bin/cotejar_diagnostico_03.rs","2837","dee2850e85852d6b620dd496bcc544ea5174687e","https://github.com/juantoniolloretegea/SV-motor/blob/02d5aee5fafe71105e2a451273adba888e87308a/laboratorio/ensayo-ia-y-observabilidad/modelos-de-ia/openai/gpt-oss-safeguard-120b/ensayos-reiterados-adversariales-y-aprendizaje/realizacion-rust/preservacion-v1-20261007/local/src/bin/cotejar_diagnostico_03.rs"
"SV-motor","ensayo-ia-y-observabilidad","02d5aee5fafe71105e2a451273adba888e87308a","laboratorio/ensayo-ia-y-observabilidad/modelos-de-ia/openai/gpt-oss-safeguard-120b/ensayos-reiterados-adversariales-y-aprendizaje/realizacion-rust/preservacion-v1-20261007/local/src/bin/custodia_final.rs","4901","22f117cdde00a8f80e2e5659953b0ba48ab2bb52","https://github.com/juantoniolloretegea/SV-motor/blob/02d5aee5fafe71105e2a451273adba888e87308a/laboratorio/ensayo-ia-y-observabilidad/modelos-de-ia/openai/gpt-oss-safeguard-120b/ensayos-reiterados-adversariales-y-aprendizaje/realizacion-rust/preservacion-v1-20261007/local/src/bin/custodia_final.rs"
"SV-motor","ensayo-ia-y-observabilidad","02d5aee5fafe71105e2a451273adba888e87308a","laboratorio/ensayo-ia-y-observabilidad/modelos-de-ia/openai/gpt-oss-safeguard-120b/ensayos-reiterados-adversariales-y-aprendizaje/realizacion-rust/preservacion-v1-20261007/local/src/bin/evaluar_a0.rs","4185","80a6d098d07b64d86c1458a8ff61e0573400887e","https://github.com/juantoniolloretegea/SV-motor/blob/02d5aee5fafe71105e2a451273adba888e87308a/laboratorio/ensayo-ia-y-observabilidad/modelos-de-ia/openai/gpt-oss-safeguard-120b/ensayos-reiterados-adversariales-y-aprendizaje/realizacion-rust/preservacion-v1-20261007/local/src/bin/evaluar_a0.rs"
"SV-motor","ensayo-ia-y-observabilidad","02d5aee5fafe71105e2a451273adba888e87308a","laboratorio/ensayo-ia-y-observabilidad/modelos-de-ia/openai/gpt-oss-safeguard-120b/ensayos-reiterados-adversariales-y-aprendizaje/realizacion-rust/preservacion-v1-20261007/local/src/bin/evaluar_a1.rs","6288","a40086bbe2051588fdce25cbf77eca71d29fead0","https://github.com/juantoniolloretegea/SV-motor/blob/02d5aee5fafe71105e2a451273adba888e87308a/laboratorio/ensayo-ia-y-observabilidad/modelos-de-ia/openai/gpt-oss-safeguard-120b/ensayos-reiterados-adversariales-y-aprendizaje/realizacion-rust/preservacion-v1-20261007/local/src/bin/evaluar_a1.rs"
"SV-motor","ensayo-ia-y-observabilidad","02d5aee5fafe71105e2a451273adba888e87308a","laboratorio/ensayo-ia-y-observabilidad/modelos-de-ia/openai/gpt-oss-safeguard-120b/ensayos-reiterados-adversariales-y-aprendizaje/realizacion-rust/preservacion-v1-20261007/local/src/bin/evaluar_a2.rs","6288","c9ab3d8cf079c8f10def6912fa75e756f8ef793e","https://github.com/juantoniolloretegea/SV-motor/blob/02d5aee5fafe71105e2a451273adba888e87308a/laboratorio/ensayo-ia-y-observabilidad/modelos-de-ia/openai/gpt-oss-safeguard-120b/ensayos-reiterados-adversariales-y-aprendizaje/realizacion-rust/preservacion-v1-20261007/local/src/bin/evaluar_a2.rs"
"SV-motor","ensayo-ia-y-observabilidad","02d5aee5fafe71105e2a451273adba888e87308a","laboratorio/ensayo-ia-y-observabilidad/modelos-de-ia/openai/gpt-oss-safeguard-120b/ensayos-reiterados-adversariales-y-aprendizaje/realizacion-rust/preservacion-v1-20261007/local/src/bin/evaluar_a3.rs","6457","52d364844d9ee85463185cd26df2f127e49cd080","https://github.com/juantoniolloretegea/SV-motor/blob/02d5aee5fafe71105e2a451273adba888e87308a/laboratorio/ensayo-ia-y-observabilidad/modelos-de-ia/openai/gpt-oss-safeguard-120b/ensayos-reiterados-adversariales-y-aprendizaje/realizacion-rust/preservacion-v1-20261007/local/src/bin/evaluar_a3.rs"
"SV-motor","ensayo-ia-y-observabilidad","02d5aee5fafe71105e2a451273adba888e87308a","laboratorio/ensayo-ia-y-observabilidad/modelos-de-ia/openai/gpt-oss-safeguard-120b/ensayos-reiterados-adversariales-y-aprendizaje/realizacion-rust/preservacion-v1-20261007/local/src/bin/evaluar_d01.rs","4813","8dbeb8c20825419c5f7b8b6f7f47cdbeb13a348e","https://github.com/juantoniolloretegea/SV-motor/blob/02d5aee5fafe71105e2a451273adba888e87308a/laboratorio/ensayo-ia-y-observabilidad/modelos-de-ia/openai/gpt-oss-safeguard-120b/ensayos-reiterados-adversariales-y-aprendizaje/realizacion-rust/preservacion-v1-20261007/local/src/bin/evaluar_d01.rs"
"SV-motor","ensayo-ia-y-observabilidad","02d5aee5fafe71105e2a451273adba888e87308a","laboratorio/ensayo-ia-y-observabilidad/modelos-de-ia/openai/gpt-oss-safeguard-120b/ensayos-reiterados-adversariales-y-aprendizaje/realizacion-rust/preservacion-v1-20261007/local/src/bin/evaluar_d03.rs","6720","b78f1d001572624723dea7de1e284d89a3ab46c2","https://github.com/juantoniolloretegea/SV-motor/blob/02d5aee5fafe71105e2a451273adba888e87308a/laboratorio/ensayo-ia-y-observabilidad/modelos-de-ia/openai/gpt-oss-safeguard-120b/ensayos-reiterados-adversariales-y-aprendizaje/realizacion-rust/preservacion-v1-20261007/local/src/bin/evaluar_d03.rs"
"SV-motor","ensayo-ia-y-observabilidad","02d5aee5fafe71105e2a451273adba888e87308a","laboratorio/ensayo-ia-y-observabilidad/modelos-de-ia/openai/gpt-oss-safeguard-120b/ensayos-reiterados-adversariales-y-aprendizaje/realizacion-rust/preservacion-v1-20261007/local/src/bin/preparar_a2.rs","6776","732d875f3fbefde930f6ef67e069b0b9f3a0e060","https://github.com/juantoniolloretegea/SV-motor/blob/02d5aee5fafe71105e2a451273adba888e87308a/laboratorio/ensayo-ia-y-observabilidad/modelos-de-ia/openai/gpt-oss-safeguard-120b/ensayos-reiterados-adversariales-y-aprendizaje/realizacion-rust/preservacion-v1-20261007/local/src/bin/preparar_a2.rs"
"SV-motor","ensayo-ia-y-observabilidad","02d5aee5fafe71105e2a451273adba888e87308a","laboratorio/ensayo-ia-y-observabilidad/modelos-de-ia/openai/gpt-oss-safeguard-120b/ensayos-reiterados-adversariales-y-aprendizaje/realizacion-rust/preservacion-v1-20261007/local/src/bin/preparar_a3.rs","8751","152f6fa5312954bf8469d1dd33c21c99a58127e0","https://github.com/juantoniolloretegea/SV-motor/blob/02d5aee5fafe71105e2a451273adba888e87308a/laboratorio/ensayo-ia-y-observabilidad/modelos-de-ia/openai/gpt-oss-safeguard-120b/ensayos-reiterados-adversariales-y-aprendizaje/realizacion-rust/preservacion-v1-20261007/local/src/bin/preparar_a3.rs"
"SV-motor","ensayo-ia-y-observabilidad","02d5aee5fafe71105e2a451273adba888e87308a","laboratorio/ensayo-ia-y-observabilidad/modelos-de-ia/openai/gpt-oss-safeguard-120b/ensayos-reiterados-adversariales-y-aprendizaje/realizacion-rust/preservacion-v1-20261007/local/src/bin/preparar_cierre_d02.rs","4267","5afd7f1de0240984aac875f05cb10d0fdecf7569","https://github.com/juantoniolloretegea/SV-motor/blob/02d5aee5fafe71105e2a451273adba888e87308a/laboratorio/ensayo-ia-y-observabilidad/modelos-de-ia/openai/gpt-oss-safeguard-120b/ensayos-reiterados-adversariales-y-aprendizaje/realizacion-rust/preservacion-v1-20261007/local/src/bin/preparar_cierre_d02.rs"
"SV-motor","ensayo-ia-y-observabilidad","02d5aee5fafe71105e2a451273adba888e87308a","laboratorio/ensayo-ia-y-observabilidad/modelos-de-ia/openai/gpt-oss-safeguard-120b/ensayos-reiterados-adversariales-y-aprendizaje/realizacion-rust/preservacion-v1-20261007/local/src/bin/preparar_diagnostico_01.rs","11357","675b186edd9a56df4a50e5ed6e93d2ace5beb983","https://github.com/juantoniolloretegea/SV-motor/blob/02d5aee5fafe71105e2a451273adba888e87308a/laboratorio/ensayo-ia-y-observabilidad/modelos-de-ia/openai/gpt-oss-safeguard-120b/ensayos-reiterados-adversariales-y-aprendizaje/realizacion-rust/preservacion-v1-20261007/local/src/bin/preparar_diagnostico_01.rs"
"SV-motor","ensayo-ia-y-observabilidad","02d5aee5fafe71105e2a451273adba888e87308a","laboratorio/ensayo-ia-y-observabilidad/modelos-de-ia/openai/gpt-oss-safeguard-120b/ensayos-reiterados-adversariales-y-aprendizaje/realizacion-rust/preservacion-v1-20261007/local/src/bin/preparar_diagnostico_02.rs","6668","598d8f5db96b01e2ea9662852556275d41a3cccb","https://github.com/juantoniolloretegea/SV-motor/blob/02d5aee5fafe71105e2a451273adba888e87308a/laboratorio/ensayo-ia-y-observabilidad/modelos-de-ia/openai/gpt-oss-safeguard-120b/ensayos-reiterados-adversariales-y-aprendizaje/realizacion-rust/preservacion-v1-20261007/local/src/bin/preparar_diagnostico_02.rs"
"SV-motor","ensayo-ia-y-observabilidad","02d5aee5fafe71105e2a451273adba888e87308a","laboratorio/ensayo-ia-y-observabilidad/modelos-de-ia/openai/gpt-oss-safeguard-120b/ensayos-reiterados-adversariales-y-aprendizaje/realizacion-rust/preservacion-v1-20261007/local/src/bin/preparar_diagnostico_03.rs","5364","1dfcd79237e732115e88250357367426cbc77ee0","https://github.com/juantoniolloretegea/SV-motor/blob/02d5aee5fafe71105e2a451273adba888e87308a/laboratorio/ensayo-ia-y-observabilidad/modelos-de-ia/openai/gpt-oss-safeguard-120b/ensayos-reiterados-adversariales-y-aprendizaje/realizacion-rust/preservacion-v1-20261007/local/src/bin/preparar_diagnostico_03.rs"
"SV-motor","ensayo-ia-y-observabilidad","02d5aee5fafe71105e2a451273adba888e87308a","laboratorio/ensayo-ia-y-observabilidad/modelos-de-ia/openai/gpt-oss-safeguard-120b/ensayos-reiterados-adversariales-y-aprendizaje/realizacion-rust/preservacion-v1-20261007/local/src/bin/preparar_playground_a08.rs","6347","35e8b2feaaf933f509446c99be3b05dc61088ee6","https://github.com/juantoniolloretegea/SV-motor/blob/02d5aee5fafe71105e2a451273adba888e87308a/laboratorio/ensayo-ia-y-observabilidad/modelos-de-ia/openai/gpt-oss-safeguard-120b/ensayos-reiterados-adversariales-y-aprendizaje/realizacion-rust/preservacion-v1-20261007/local/src/bin/preparar_playground_a08.rs"
"SV-motor","ensayo-ia-y-observabilidad","02d5aee5fafe71105e2a451273adba888e87308a","laboratorio/ensayo-ia-y-observabilidad/modelos-de-ia/openai/gpt-oss-safeguard-120b/ensayos-reiterados-adversariales-y-aprendizaje/realizacion-rust/preservacion-v1-20261007/local/src/main.rs","14476","b718e8a51200119d5b341516dcccc2024220a850","https://github.com/juantoniolloretegea/SV-motor/blob/02d5aee5fafe71105e2a451273adba888e87308a/laboratorio/ensayo-ia-y-observabilidad/modelos-de-ia/openai/gpt-oss-safeguard-120b/ensayos-reiterados-adversariales-y-aprendizaje/realizacion-rust/preservacion-v1-20261007/local/src/main.rs"
"SV-motor","ensayo-ia-y-observabilidad","02d5aee5fafe71105e2a451273adba888e87308a","laboratorio/ensayo-ia-y-observabilidad/modelos-de-ia/openai/gpt-oss-safeguard-120b/ensayos-reiterados-adversariales-y-aprendizaje/realizacion-rust/preservacion-v1-20261007/preparar.rs","1767","cd7825cc12b759b766271c1dbd612dfd03635f1b","https://github.com/juantoniolloretegea/SV-motor/blob/02d5aee5fafe71105e2a451273adba888e87308a/laboratorio/ensayo-ia-y-observabilidad/modelos-de-ia/openai/gpt-oss-safeguard-120b/ensayos-reiterados-adversariales-y-aprendizaje/realizacion-rust/preservacion-v1-20261007/preparar.rs"
"SV-motor","ensayo-ia-y-observabilidad","02d5aee5fafe71105e2a451273adba888e87308a","laboratorio/ensayo-ia-y-observabilidad/modelos-de-ia/openai/gpt-oss-safeguard-120b/ensayos-reiterados-adversariales-y-aprendizaje/realizacion-rust/preservacion-v1-20261007/verificador/Cargo.toml","423","7526eba672d37c54013b0329353066eddacc1d3f","https://github.com/juantoniolloretegea/SV-motor/blob/02d5aee5fafe71105e2a451273adba888e87308a/laboratorio/ensayo-ia-y-observabilidad/modelos-de-ia/openai/gpt-oss-safeguard-120b/ensayos-reiterados-adversariales-y-aprendizaje/realizacion-rust/preservacion-v1-20261007/verificador/Cargo.toml"
"SV-motor","ensayo-ia-y-observabilidad","02d5aee5fafe71105e2a451273adba888e87308a","laboratorio/ensayo-ia-y-observabilidad/modelos-de-ia/openai/gpt-oss-safeguard-120b/ensayos-reiterados-adversariales-y-aprendizaje/realizacion-rust/preservacion-v1-20261007/verificador/src/main.rs","8353","f1de8d09733e4e1327daacf0a330224f762e61dd","https://github.com/juantoniolloretegea/SV-motor/blob/02d5aee5fafe71105e2a451273adba888e87308a/laboratorio/ensayo-ia-y-observabilidad/modelos-de-ia/openai/gpt-oss-safeguard-120b/ensayos-reiterados-adversariales-y-aprendizaje/realizacion-rust/preservacion-v1-20261007/verificador/src/main.rs"
"SV-motor","ensayo-ia-y-observabilidad","02d5aee5fafe71105e2a451273adba888e87308a","laboratorio/ensayo-ia-y-observabilidad/modelos-de-ia/openai/gpt-oss-safeguard-120b/ensayos-reiterados-adversariales-y-aprendizaje/realizacion-rust/verificador/Cargo.toml","423","7526eba672d37c54013b0329353066eddacc1d3f","https://github.com/juantoniolloretegea/SV-motor/blob/02d5aee5fafe71105e2a451273adba888e87308a/laboratorio/ensayo-ia-y-observabilidad/modelos-de-ia/openai/gpt-oss-safeguard-120b/ensayos-reiterados-adversariales-y-aprendizaje/realizacion-rust/verificador/Cargo.toml"
"SV-motor","ensayo-ia-y-observabilidad","02d5aee5fafe71105e2a451273adba888e87308a","laboratorio/ensayo-ia-y-observabilidad/modelos-de-ia/openai/gpt-oss-safeguard-120b/ensayos-reiterados-adversariales-y-aprendizaje/realizacion-rust/verificador/src/main.rs","8353","f1de8d09733e4e1327daacf0a330224f762e61dd","https://github.com/juantoniolloretegea/SV-motor/blob/02d5aee5fafe71105e2a451273adba888e87308a/laboratorio/ensayo-ia-y-observabilidad/modelos-de-ia/openai/gpt-oss-safeguard-120b/ensayos-reiterados-adversariales-y-aprendizaje/realizacion-rust/verificador/src/main.rs"
"SV-motor","ensayo-ia-y-observabilidad","02d5aee5fafe71105e2a451273adba888e87308a","laboratorio/ensayo-ia-y-observabilidad/modelos-de-ia/openai/gpt-oss-safeguard-120b/tests-y-pruebas-efectuadas/arbitro-v3-20261002/fuentes-preservadas-v1/comprobaciones/admitir-v3-01-fuente.rs","13079","7204e24a616d994fb69097625d8457ee2af09535","https://github.com/juantoniolloretegea/SV-motor/blob/02d5aee5fafe71105e2a451273adba888e87308a/laboratorio/ensayo-ia-y-observabilidad/modelos-de-ia/openai/gpt-oss-safeguard-120b/tests-y-pruebas-efectuadas/arbitro-v3-20261002/fuentes-preservadas-v1/comprobaciones/admitir-v3-01-fuente.rs"
"SV-motor","ensayo-ia-y-observabilidad","02d5aee5fafe71105e2a451273adba888e87308a","laboratorio/ensayo-ia-y-observabilidad/modelos-de-ia/openai/gpt-oss-safeguard-120b/tests-y-pruebas-efectuadas/arbitro-v3-20261002/fuentes-preservadas-v1/despliegue/conductor/Cargo.toml","789","2240d548e1774b2c3341f8a77f57231bedaf6667","https://github.com/juantoniolloretegea/SV-motor/blob/02d5aee5fafe71105e2a451273adba888e87308a/laboratorio/ensayo-ia-y-observabilidad/modelos-de-ia/openai/gpt-oss-safeguard-120b/tests-y-pruebas-efectuadas/arbitro-v3-20261002/fuentes-preservadas-v1/despliegue/conductor/Cargo.toml"
"SV-motor","ensayo-ia-y-observabilidad","02d5aee5fafe71105e2a451273adba888e87308a","laboratorio/ensayo-ia-y-observabilidad/modelos-de-ia/openai/gpt-oss-safeguard-120b/tests-y-pruebas-efectuadas/arbitro-v3-20261002/fuentes-preservadas-v1/despliegue/conductor/src/main.rs","19599","3d615f9a48c7f7e65bbfbc059d601cf35c7647c0","https://github.com/juantoniolloretegea/SV-motor/blob/02d5aee5fafe71105e2a451273adba888e87308a/laboratorio/ensayo-ia-y-observabilidad/modelos-de-ia/openai/gpt-oss-safeguard-120b/tests-y-pruebas-efectuadas/arbitro-v3-20261002/fuentes-preservadas-v1/despliegue/conductor/src/main.rs"
"SV-motor","ensayo-ia-y-observabilidad","02d5aee5fafe71105e2a451273adba888e87308a","laboratorio/ensayo-ia-y-observabilidad/modelos-de-ia/openai/gpt-oss-safeguard-120b/tests-y-pruebas-efectuadas/arbitro-v3-20261002/fuentes-preservadas-v1/despliegue/custodio/Cargo.toml","198","a8b36bc2c317058cdae995d7d4e8fecce8b02bd0","https://github.com/juantoniolloretegea/SV-motor/blob/02d5aee5fafe71105e2a451273adba888e87308a/laboratorio/ensayo-ia-y-observabilidad/modelos-de-ia/openai/gpt-oss-safeguard-120b/tests-y-pruebas-efectuadas/arbitro-v3-20261002/fuentes-preservadas-v1/despliegue/custodio/Cargo.toml"
"SV-motor","ensayo-ia-y-observabilidad","02d5aee5fafe71105e2a451273adba888e87308a","laboratorio/ensayo-ia-y-observabilidad/modelos-de-ia/openai/gpt-oss-safeguard-120b/tests-y-pruebas-efectuadas/arbitro-v3-20261002/fuentes-preservadas-v1/despliegue/custodio/src/main.rs","24076","59e91f908ebef2f38ad063fcfa627622ae4eecaf","https://github.com/juantoniolloretegea/SV-motor/blob/02d5aee5fafe71105e2a451273adba888e87308a/laboratorio/ensayo-ia-y-observabilidad/modelos-de-ia/openai/gpt-oss-safeguard-120b/tests-y-pruebas-efectuadas/arbitro-v3-20261002/fuentes-preservadas-v1/despliegue/custodio/src/main.rs"
"SV-motor","ensayo-ia-y-observabilidad","02d5aee5fafe71105e2a451273adba888e87308a","laboratorio/ensayo-ia-y-observabilidad/modelos-de-ia/openai/gpt-oss-safeguard-120b/tests-y-pruebas-efectuadas/arbitro-v3-20261002/fuentes-preservadas-v1/despliegue/instrumentacion/Cargo.toml","215","e44ec7a0421ddd884348d87d993e009b868e674d","https://github.com/juantoniolloretegea/SV-motor/blob/02d5aee5fafe71105e2a451273adba888e87308a/laboratorio/ensayo-ia-y-observabilidad/modelos-de-ia/openai/gpt-oss-safeguard-120b/tests-y-pruebas-efectuadas/arbitro-v3-20261002/fuentes-preservadas-v1/despliegue/instrumentacion/Cargo.toml"
"SV-motor","ensayo-ia-y-observabilidad","02d5aee5fafe71105e2a451273adba888e87308a","laboratorio/ensayo-ia-y-observabilidad/modelos-de-ia/openai/gpt-oss-safeguard-120b/tests-y-pruebas-efectuadas/arbitro-v3-20261002/fuentes-preservadas-v1/despliegue/instrumentacion/src/auditoria.rs","7570","8761168c40a280dbaf39b7668225edbbc0f74652","https://github.com/juantoniolloretegea/SV-motor/blob/02d5aee5fafe71105e2a451273adba888e87308a/laboratorio/ensayo-ia-y-observabilidad/modelos-de-ia/openai/gpt-oss-safeguard-120b/tests-y-pruebas-efectuadas/arbitro-v3-20261002/fuentes-preservadas-v1/despliegue/instrumentacion/src/auditoria.rs"
"SV-motor","ensayo-ia-y-observabilidad","02d5aee5fafe71105e2a451273adba888e87308a","laboratorio/ensayo-ia-y-observabilidad/modelos-de-ia/openai/gpt-oss-safeguard-120b/tests-y-pruebas-efectuadas/arbitro-v3-20261002/fuentes-preservadas-v1/despliegue/instrumentacion/src/bin/publicar_control.rs","2201","db4febf8883ecb28f63ea9ccaf30f67145a29747","https://github.com/juantoniolloretegea/SV-motor/blob/02d5aee5fafe71105e2a451273adba888e87308a/laboratorio/ensayo-ia-y-observabilidad/modelos-de-ia/openai/gpt-oss-safeguard-120b/tests-y-pruebas-efectuadas/arbitro-v3-20261002/fuentes-preservadas-v1/despliegue/instrumentacion/src/bin/publicar_control.rs"
"SV-motor","ensayo-ia-y-observabilidad","02d5aee5fafe71105e2a451273adba888e87308a","laboratorio/ensayo-ia-y-observabilidad/modelos-de-ia/openai/gpt-oss-safeguard-120b/tests-y-pruebas-efectuadas/arbitro-v3-20261002/fuentes-preservadas-v1/despliegue/instrumentacion/src/ciclo.rs","5723","ab7d254199ea1a11f63a52bc6a6546962f850d45","https://github.com/juantoniolloretegea/SV-motor/blob/02d5aee5fafe71105e2a451273adba888e87308a/laboratorio/ensayo-ia-y-observabilidad/modelos-de-ia/openai/gpt-oss-safeguard-120b/tests-y-pruebas-efectuadas/arbitro-v3-20261002/fuentes-preservadas-v1/despliegue/instrumentacion/src/ciclo.rs"
"SV-motor","ensayo-ia-y-observabilidad","02d5aee5fafe71105e2a451273adba888e87308a","laboratorio/ensayo-ia-y-observabilidad/modelos-de-ia/openai/gpt-oss-safeguard-120b/tests-y-pruebas-efectuadas/arbitro-v3-20261002/fuentes-preservadas-v1/despliegue/instrumentacion/src/lib.rs","6984","60d9277020976ee790f59dde8dc57a601df06f0d","https://github.com/juantoniolloretegea/SV-motor/blob/02d5aee5fafe71105e2a451273adba888e87308a/laboratorio/ensayo-ia-y-observabilidad/modelos-de-ia/openai/gpt-oss-safeguard-120b/tests-y-pruebas-efectuadas/arbitro-v3-20261002/fuentes-preservadas-v1/despliegue/instrumentacion/src/lib.rs"
"SV-motor","ensayo-ia-y-observabilidad","02d5aee5fafe71105e2a451273adba888e87308a","laboratorio/ensayo-ia-y-observabilidad/modelos-de-ia/openai/gpt-oss-safeguard-120b/tests-y-pruebas-efectuadas/arbitro-v3-20261002/fuentes-preservadas-v1/despliegue/instrumentacion/src/ligaduras.rs","6360","f83ec531c3796e79f86206a71b2b9ec7bc490e7b","https://github.com/juantoniolloretegea/SV-motor/blob/02d5aee5fafe71105e2a451273adba888e87308a/laboratorio/ensayo-ia-y-observabilidad/modelos-de-ia/openai/gpt-oss-safeguard-120b/tests-y-pruebas-efectuadas/arbitro-v3-20261002/fuentes-preservadas-v1/despliegue/instrumentacion/src/ligaduras.rs"
"SV-motor","ensayo-ia-y-observabilidad","02d5aee5fafe71105e2a451273adba888e87308a","laboratorio/ensayo-ia-y-observabilidad/modelos-de-ia/openai/gpt-oss-safeguard-120b/tests-y-pruebas-efectuadas/arbitro-v3-20261002/fuentes-preservadas-v1/despliegue/instrumentacion/tests/continuacion.rs","4425","20125c1317e1ad939c972817cb574d2435db5a97","https://github.com/juantoniolloretegea/SV-motor/blob/02d5aee5fafe71105e2a451273adba888e87308a/laboratorio/ensayo-ia-y-observabilidad/modelos-de-ia/openai/gpt-oss-safeguard-120b/tests-y-pruebas-efectuadas/arbitro-v3-20261002/fuentes-preservadas-v1/despliegue/instrumentacion/tests/continuacion.rs"
"SV-motor","ensayo-ia-y-observabilidad","02d5aee5fafe71105e2a451273adba888e87308a","laboratorio/ensayo-ia-y-observabilidad/modelos-de-ia/openai/gpt-oss-safeguard-120b/tests-y-pruebas-efectuadas/arbitro-v3-20261002/fuentes-preservadas-v1/despliegue/instrumentacion/tests/recorrido.rs","6708","a8f9f1fe59b146c6784e710476c8c98e670c87fe","https://github.com/juantoniolloretegea/SV-motor/blob/02d5aee5fafe71105e2a451273adba888e87308a/laboratorio/ensayo-ia-y-observabilidad/modelos-de-ia/openai/gpt-oss-safeguard-120b/tests-y-pruebas-efectuadas/arbitro-v3-20261002/fuentes-preservadas-v1/despliegue/instrumentacion/tests/recorrido.rs"
"SV-motor","ensayo-ia-y-observabilidad","02d5aee5fafe71105e2a451273adba888e87308a","laboratorio/ensayo-ia-y-observabilidad/modelos-de-ia/openai/gpt-oss-safeguard-120b/tests-y-pruebas-efectuadas/arbitro-v3-20261002/fuentes-preservadas-v1/despliegue/preparar-02.rs","1405","cc4fe45c44336c2c7b3dc9da4131d6b070e65b50","https://github.com/juantoniolloretegea/SV-motor/blob/02d5aee5fafe71105e2a451273adba888e87308a/laboratorio/ensayo-ia-y-observabilidad/modelos-de-ia/openai/gpt-oss-safeguard-120b/tests-y-pruebas-efectuadas/arbitro-v3-20261002/fuentes-preservadas-v1/despliegue/preparar-02.rs"
"SV-motor","ensayo-ia-y-observabilidad","02d5aee5fafe71105e2a451273adba888e87308a","laboratorio/ensayo-ia-y-observabilidad/modelos-de-ia/openai/gpt-oss-safeguard-120b/tests-y-pruebas-efectuadas/arbitro-v3-20261002/fuentes-preservadas-v1/despliegue/preparar.rs","1687","3472c9697e987eb0d90db39fd65635b4e6c6baf0","https://github.com/juantoniolloretegea/SV-motor/blob/02d5aee5fafe71105e2a451273adba888e87308a/laboratorio/ensayo-ia-y-observabilidad/modelos-de-ia/openai/gpt-oss-safeguard-120b/tests-y-pruebas-efectuadas/arbitro-v3-20261002/fuentes-preservadas-v1/despliegue/preparar.rs"
"SV-motor","ensayo-ia-y-observabilidad","02d5aee5fafe71105e2a451273adba888e87308a","laboratorio/ensayo-ia-y-observabilidad/modelos-de-ia/openai/gpt-oss-safeguard-120b/tests-y-pruebas-efectuadas/arbitro-v3-20261002/fuentes-preservadas-v1/despliegue/verificador/Cargo.toml","358","0fc2ad308f25e875c464a3f167f586a76f112614","https://github.com/juantoniolloretegea/SV-motor/blob/02d5aee5fafe71105e2a451273adba888e87308a/laboratorio/ensayo-ia-y-observabilidad/modelos-de-ia/openai/gpt-oss-safeguard-120b/tests-y-pruebas-efectuadas/arbitro-v3-20261002/fuentes-preservadas-v1/despliegue/verificador/Cargo.toml"
"SV-motor","ensayo-ia-y-observabilidad","02d5aee5fafe71105e2a451273adba888e87308a","laboratorio/ensayo-ia-y-observabilidad/modelos-de-ia/openai/gpt-oss-safeguard-120b/tests-y-pruebas-efectuadas/arbitro-v3-20261002/fuentes-preservadas-v1/despliegue/verificador/src/main.rs","8088","067ccdbb052ed683771af8d32321a93e82e4cc74","https://github.com/juantoniolloretegea/SV-motor/blob/02d5aee5fafe71105e2a451273adba888e87308a/laboratorio/ensayo-ia-y-observabilidad/modelos-de-ia/openai/gpt-oss-safeguard-120b/tests-y-pruebas-efectuadas/arbitro-v3-20261002/fuentes-preservadas-v1/despliegue/verificador/src/main.rs"
"SV-motor","ensayo-ia-y-observabilidad","02d5aee5fafe71105e2a451273adba888e87308a","laboratorio/ensayo-ia-y-observabilidad/modelos-de-ia/openai/gpt-oss-safeguard-120b/tests-y-pruebas-efectuadas/arbitro-v3-20261002/fuentes-preservadas-v1/ensayo-consistencia-01/despliegue/conductor/Cargo.toml","792","9cdf9ab160a0a35b3a4a04a929241e0d1838bfa8","https://github.com/juantoniolloretegea/SV-motor/blob/02d5aee5fafe71105e2a451273adba888e87308a/laboratorio/ensayo-ia-y-observabilidad/modelos-de-ia/openai/gpt-oss-safeguard-120b/tests-y-pruebas-efectuadas/arbitro-v3-20261002/fuentes-preservadas-v1/ensayo-consistencia-01/despliegue/conductor/Cargo.toml"
"SV-motor","ensayo-ia-y-observabilidad","02d5aee5fafe71105e2a451273adba888e87308a","laboratorio/ensayo-ia-y-observabilidad/modelos-de-ia/openai/gpt-oss-safeguard-120b/tests-y-pruebas-efectuadas/arbitro-v3-20261002/fuentes-preservadas-v1/ensayo-consistencia-01/despliegue/conductor/src/main.rs","20264","ca065a77f9969119a369742a0f7dea979553bb77","https://github.com/juantoniolloretegea/SV-motor/blob/02d5aee5fafe71105e2a451273adba888e87308a/laboratorio/ensayo-ia-y-observabilidad/modelos-de-ia/openai/gpt-oss-safeguard-120b/tests-y-pruebas-efectuadas/arbitro-v3-20261002/fuentes-preservadas-v1/ensayo-consistencia-01/despliegue/conductor/src/main.rs"
"SV-motor","ensayo-ia-y-observabilidad","02d5aee5fafe71105e2a451273adba888e87308a","laboratorio/ensayo-ia-y-observabilidad/modelos-de-ia/openai/gpt-oss-safeguard-120b/tests-y-pruebas-efectuadas/arbitro-v3-20261002/fuentes-preservadas-v1/ensayo-consistencia-01/despliegue/custodio/Cargo.toml","201","d293b4172b7c2d238e44b616f8c21e01529cf353","https://github.com/juantoniolloretegea/SV-motor/blob/02d5aee5fafe71105e2a451273adba888e87308a/laboratorio/ensayo-ia-y-observabilidad/modelos-de-ia/openai/gpt-oss-safeguard-120b/tests-y-pruebas-efectuadas/arbitro-v3-20261002/fuentes-preservadas-v1/ensayo-consistencia-01/despliegue/custodio/Cargo.toml"
"SV-motor","ensayo-ia-y-observabilidad","02d5aee5fafe71105e2a451273adba888e87308a","laboratorio/ensayo-ia-y-observabilidad/modelos-de-ia/openai/gpt-oss-safeguard-120b/tests-y-pruebas-efectuadas/arbitro-v3-20261002/fuentes-preservadas-v1/ensayo-consistencia-01/despliegue/custodio/src/main.rs","23826","a3184ccb88d70154ba3cc6700db5a6d424e01fc1","https://github.com/juantoniolloretegea/SV-motor/blob/02d5aee5fafe71105e2a451273adba888e87308a/laboratorio/ensayo-ia-y-observabilidad/modelos-de-ia/openai/gpt-oss-safeguard-120b/tests-y-pruebas-efectuadas/arbitro-v3-20261002/fuentes-preservadas-v1/ensayo-consistencia-01/despliegue/custodio/src/main.rs"
"SV-motor","ensayo-ia-y-observabilidad","02d5aee5fafe71105e2a451273adba888e87308a","laboratorio/ensayo-ia-y-observabilidad/modelos-de-ia/openai/gpt-oss-safeguard-120b/tests-y-pruebas-efectuadas/arbitro-v3-20261002/fuentes-preservadas-v1/ensayo-consistencia-01/despliegue/instrumentacion/Cargo.toml","215","65cdb90be47ff0d508a48125fe22687ac3c8f89b","https://github.com/juantoniolloretegea/SV-motor/blob/02d5aee5fafe71105e2a451273adba888e87308a/laboratorio/ensayo-ia-y-observabilidad/modelos-de-ia/openai/gpt-oss-safeguard-120b/tests-y-pruebas-efectuadas/arbitro-v3-20261002/fuentes-preservadas-v1/ensayo-consistencia-01/despliegue/instrumentacion/Cargo.toml"
"SV-motor","ensayo-ia-y-observabilidad","02d5aee5fafe71105e2a451273adba888e87308a","laboratorio/ensayo-ia-y-observabilidad/modelos-de-ia/openai/gpt-oss-safeguard-120b/tests-y-pruebas-efectuadas/arbitro-v3-20261002/fuentes-preservadas-v1/ensayo-consistencia-01/despliegue/instrumentacion/src/auditoria.rs","7570","8761168c40a280dbaf39b7668225edbbc0f74652","https://github.com/juantoniolloretegea/SV-motor/blob/02d5aee5fafe71105e2a451273adba888e87308a/laboratorio/ensayo-ia-y-observabilidad/modelos-de-ia/openai/gpt-oss-safeguard-120b/tests-y-pruebas-efectuadas/arbitro-v3-20261002/fuentes-preservadas-v1/ensayo-consistencia-01/despliegue/instrumentacion/src/auditoria.rs"
"SV-motor","ensayo-ia-y-observabilidad","02d5aee5fafe71105e2a451273adba888e87308a","laboratorio/ensayo-ia-y-observabilidad/modelos-de-ia/openai/gpt-oss-safeguard-120b/tests-y-pruebas-efectuadas/arbitro-v3-20261002/fuentes-preservadas-v1/ensayo-consistencia-01/despliegue/instrumentacion/src/bin/publicar_control_cons1.rs","2238","ff57eaa286bb76ba1aa45870ab45b27818861361","https://github.com/juantoniolloretegea/SV-motor/blob/02d5aee5fafe71105e2a451273adba888e87308a/laboratorio/ensayo-ia-y-observabilidad/modelos-de-ia/openai/gpt-oss-safeguard-120b/tests-y-pruebas-efectuadas/arbitro-v3-20261002/fuentes-preservadas-v1/ensayo-consistencia-01/despliegue/instrumentacion/src/bin/publicar_control_cons1.rs"
"SV-motor","ensayo-ia-y-observabilidad","02d5aee5fafe71105e2a451273adba888e87308a","laboratorio/ensayo-ia-y-observabilidad/modelos-de-ia/openai/gpt-oss-safeguard-120b/tests-y-pruebas-efectuadas/arbitro-v3-20261002/fuentes-preservadas-v1/ensayo-consistencia-01/despliegue/instrumentacion/src/ciclo.rs","9217","b2bf01ccb4d8039d6f5aa4157293abb9b28f98e0","https://github.com/juantoniolloretegea/SV-motor/blob/02d5aee5fafe71105e2a451273adba888e87308a/laboratorio/ensayo-ia-y-observabilidad/modelos-de-ia/openai/gpt-oss-safeguard-120b/tests-y-pruebas-efectuadas/arbitro-v3-20261002/fuentes-preservadas-v1/ensayo-consistencia-01/despliegue/instrumentacion/src/ciclo.rs"
"SV-motor","ensayo-ia-y-observabilidad","02d5aee5fafe71105e2a451273adba888e87308a","laboratorio/ensayo-ia-y-observabilidad/modelos-de-ia/openai/gpt-oss-safeguard-120b/tests-y-pruebas-efectuadas/arbitro-v3-20261002/fuentes-preservadas-v1/ensayo-consistencia-01/despliegue/instrumentacion/src/lib.rs","6984","60d9277020976ee790f59dde8dc57a601df06f0d","https://github.com/juantoniolloretegea/SV-motor/blob/02d5aee5fafe71105e2a451273adba888e87308a/laboratorio/ensayo-ia-y-observabilidad/modelos-de-ia/openai/gpt-oss-safeguard-120b/tests-y-pruebas-efectuadas/arbitro-v3-20261002/fuentes-preservadas-v1/ensayo-consistencia-01/despliegue/instrumentacion/src/lib.rs"
"SV-motor","ensayo-ia-y-observabilidad","02d5aee5fafe71105e2a451273adba888e87308a","laboratorio/ensayo-ia-y-observabilidad/modelos-de-ia/openai/gpt-oss-safeguard-120b/tests-y-pruebas-efectuadas/arbitro-v3-20261002/fuentes-preservadas-v1/ensayo-consistencia-01/despliegue/instrumentacion/src/ligaduras.rs","6360","f83ec531c3796e79f86206a71b2b9ec7bc490e7b","https://github.com/juantoniolloretegea/SV-motor/blob/02d5aee5fafe71105e2a451273adba888e87308a/laboratorio/ensayo-ia-y-observabilidad/modelos-de-ia/openai/gpt-oss-safeguard-120b/tests-y-pruebas-efectuadas/arbitro-v3-20261002/fuentes-preservadas-v1/ensayo-consistencia-01/despliegue/instrumentacion/src/ligaduras.rs"
"SV-motor","ensayo-ia-y-observabilidad","02d5aee5fafe71105e2a451273adba888e87308a","laboratorio/ensayo-ia-y-observabilidad/modelos-de-ia/openai/gpt-oss-safeguard-120b/tests-y-pruebas-efectuadas/arbitro-v3-20261002/fuentes-preservadas-v1/ensayo-consistencia-01/despliegue/instrumentacion/tests/recorrido.rs","6708","a8f9f1fe59b146c6784e710476c8c98e670c87fe","https://github.com/juantoniolloretegea/SV-motor/blob/02d5aee5fafe71105e2a451273adba888e87308a/laboratorio/ensayo-ia-y-observabilidad/modelos-de-ia/openai/gpt-oss-safeguard-120b/tests-y-pruebas-efectuadas/arbitro-v3-20261002/fuentes-preservadas-v1/ensayo-consistencia-01/despliegue/instrumentacion/tests/recorrido.rs"
"SV-motor","ensayo-ia-y-observabilidad","02d5aee5fafe71105e2a451273adba888e87308a","laboratorio/ensayo-ia-y-observabilidad/modelos-de-ia/openai/gpt-oss-safeguard-120b/tests-y-pruebas-efectuadas/arbitro-v3-20261002/fuentes-preservadas-v1/ensayo-consistencia-01/despliegue/preparar.rs","1785","72f31fc29a2ece49bce050473de2bc0924ede177","https://github.com/juantoniolloretegea/SV-motor/blob/02d5aee5fafe71105e2a451273adba888e87308a/laboratorio/ensayo-ia-y-observabilidad/modelos-de-ia/openai/gpt-oss-safeguard-120b/tests-y-pruebas-efectuadas/arbitro-v3-20261002/fuentes-preservadas-v1/ensayo-consistencia-01/despliegue/preparar.rs"
"SV-motor","ensayo-ia-y-observabilidad","02d5aee5fafe71105e2a451273adba888e87308a","laboratorio/ensayo-ia-y-observabilidad/modelos-de-ia/openai/gpt-oss-safeguard-120b/tests-y-pruebas-efectuadas/arbitro-v3-20261002/fuentes-preservadas-v1/ensayo-consistencia-01/despliegue/verificador/Cargo.toml","361","3880395c772e160cc4c6861418c777469ec2768d","https://github.com/juantoniolloretegea/SV-motor/blob/02d5aee5fafe71105e2a451273adba888e87308a/laboratorio/ensayo-ia-y-observabilidad/modelos-de-ia/openai/gpt-oss-safeguard-120b/tests-y-pruebas-efectuadas/arbitro-v3-20261002/fuentes-preservadas-v1/ensayo-consistencia-01/despliegue/verificador/Cargo.toml"
"SV-motor","ensayo-ia-y-observabilidad","02d5aee5fafe71105e2a451273adba888e87308a","laboratorio/ensayo-ia-y-observabilidad/modelos-de-ia/openai/gpt-oss-safeguard-120b/tests-y-pruebas-efectuadas/arbitro-v3-20261002/fuentes-preservadas-v1/ensayo-consistencia-01/despliegue/verificador/src/main.rs","8785","93b44c9b883103241205897fe0cbf8d26134ebb5","https://github.com/juantoniolloretegea/SV-motor/blob/02d5aee5fafe71105e2a451273adba888e87308a/laboratorio/ensayo-ia-y-observabilidad/modelos-de-ia/openai/gpt-oss-safeguard-120b/tests-y-pruebas-efectuadas/arbitro-v3-20261002/fuentes-preservadas-v1/ensayo-consistencia-01/despliegue/verificador/src/main.rs"
"SV-motor","ensayo-ia-y-observabilidad","02d5aee5fafe71105e2a451273adba888e87308a","laboratorio/ensayo-ia-y-observabilidad/modelos-de-ia/openai/gpt-oss-safeguard-120b/tests-y-pruebas-efectuadas/arbitro-v3-20261002/fuentes-preservadas-v1/ensayo-consistencia-01/preparacion/ciclo-prueba-01-fuente.rs","9205","ab2aa810c5a47060218c5919cf2dffc4e0782823","https://github.com/juantoniolloretegea/SV-motor/blob/02d5aee5fafe71105e2a451273adba888e87308a/laboratorio/ensayo-ia-y-observabilidad/modelos-de-ia/openai/gpt-oss-safeguard-120b/tests-y-pruebas-efectuadas/arbitro-v3-20261002/fuentes-preservadas-v1/ensayo-consistencia-01/preparacion/ciclo-prueba-01-fuente.rs"
"SV-motor","ensayo-ia-y-observabilidad","02d5aee5fafe71105e2a451273adba888e87308a","laboratorio/ensayo-ia-y-observabilidad/modelos-de-ia/openai/gpt-oss-safeguard-120b/tests-y-pruebas-efectuadas/arbitro-v3-20261002/fuentes-preservadas-v1/ensayo-consistencia-01/realizacion/custodio/Cargo.lock","5074","62a308414d3bee7aa08cb3b6065f01c8caa957e5","https://github.com/juantoniolloretegea/SV-motor/blob/02d5aee5fafe71105e2a451273adba888e87308a/laboratorio/ensayo-ia-y-observabilidad/modelos-de-ia/openai/gpt-oss-safeguard-120b/tests-y-pruebas-efectuadas/arbitro-v3-20261002/fuentes-preservadas-v1/ensayo-consistencia-01/realizacion/custodio/Cargo.lock"
"SV-motor","ensayo-ia-y-observabilidad","02d5aee5fafe71105e2a451273adba888e87308a","laboratorio/ensayo-ia-y-observabilidad/modelos-de-ia/openai/gpt-oss-safeguard-120b/tests-y-pruebas-efectuadas/arbitro-v3-20261002/fuentes-preservadas-v1/ensayo-consistencia-01/realizacion/custodio/Cargo.toml","201","d293b4172b7c2d238e44b616f8c21e01529cf353","https://github.com/juantoniolloretegea/SV-motor/blob/02d5aee5fafe71105e2a451273adba888e87308a/laboratorio/ensayo-ia-y-observabilidad/modelos-de-ia/openai/gpt-oss-safeguard-120b/tests-y-pruebas-efectuadas/arbitro-v3-20261002/fuentes-preservadas-v1/ensayo-consistencia-01/realizacion/custodio/Cargo.toml"
"SV-motor","ensayo-ia-y-observabilidad","02d5aee5fafe71105e2a451273adba888e87308a","laboratorio/ensayo-ia-y-observabilidad/modelos-de-ia/openai/gpt-oss-safeguard-120b/tests-y-pruebas-efectuadas/arbitro-v3-20261002/fuentes-preservadas-v1/ensayo-consistencia-01/realizacion/custodio/src/main.rs","23826","a3184ccb88d70154ba3cc6700db5a6d424e01fc1","https://github.com/juantoniolloretegea/SV-motor/blob/02d5aee5fafe71105e2a451273adba888e87308a/laboratorio/ensayo-ia-y-observabilidad/modelos-de-ia/openai/gpt-oss-safeguard-120b/tests-y-pruebas-efectuadas/arbitro-v3-20261002/fuentes-preservadas-v1/ensayo-consistencia-01/realizacion/custodio/src/main.rs"
"SV-motor","ensayo-ia-y-observabilidad","02d5aee5fafe71105e2a451273adba888e87308a","laboratorio/ensayo-ia-y-observabilidad/modelos-de-ia/openai/gpt-oss-safeguard-120b/tests-y-pruebas-efectuadas/arbitro-v3-20261002/fuentes-preservadas-v1/ensayo-consistencia-01/realizacion/instrumentacion/Cargo.lock","4935","05e7c07738dbe6816880d61b5bae2836bab0ee55","https://github.com/juantoniolloretegea/SV-motor/blob/02d5aee5fafe71105e2a451273adba888e87308a/laboratorio/ensayo-ia-y-observabilidad/modelos-de-ia/openai/gpt-oss-safeguard-120b/tests-y-pruebas-efectuadas/arbitro-v3-20261002/fuentes-preservadas-v1/ensayo-consistencia-01/realizacion/instrumentacion/Cargo.lock"
"SV-motor","ensayo-ia-y-observabilidad","02d5aee5fafe71105e2a451273adba888e87308a","laboratorio/ensayo-ia-y-observabilidad/modelos-de-ia/openai/gpt-oss-safeguard-120b/tests-y-pruebas-efectuadas/arbitro-v3-20261002/fuentes-preservadas-v1/ensayo-consistencia-01/realizacion/instrumentacion/Cargo.toml","201","58a67d65a1171a64f108fb4b827a16527467638e","https://github.com/juantoniolloretegea/SV-motor/blob/02d5aee5fafe71105e2a451273adba888e87308a/laboratorio/ensayo-ia-y-observabilidad/modelos-de-ia/openai/gpt-oss-safeguard-120b/tests-y-pruebas-efectuadas/arbitro-v3-20261002/fuentes-preservadas-v1/ensayo-consistencia-01/realizacion/instrumentacion/Cargo.toml"
"SV-motor","ensayo-ia-y-observabilidad","02d5aee5fafe71105e2a451273adba888e87308a","laboratorio/ensayo-ia-y-observabilidad/modelos-de-ia/openai/gpt-oss-safeguard-120b/tests-y-pruebas-efectuadas/arbitro-v3-20261002/fuentes-preservadas-v1/ensayo-consistencia-01/realizacion/instrumentacion/src/auditoria.rs","7570","8761168c40a280dbaf39b7668225edbbc0f74652","https://github.com/juantoniolloretegea/SV-motor/blob/02d5aee5fafe71105e2a451273adba888e87308a/laboratorio/ensayo-ia-y-observabilidad/modelos-de-ia/openai/gpt-oss-safeguard-120b/tests-y-pruebas-efectuadas/arbitro-v3-20261002/fuentes-preservadas-v1/ensayo-consistencia-01/realizacion/instrumentacion/src/auditoria.rs"
"SV-motor","ensayo-ia-y-observabilidad","02d5aee5fafe71105e2a451273adba888e87308a","laboratorio/ensayo-ia-y-observabilidad/modelos-de-ia/openai/gpt-oss-safeguard-120b/tests-y-pruebas-efectuadas/arbitro-v3-20261002/fuentes-preservadas-v1/ensayo-consistencia-01/realizacion/instrumentacion/src/bin/admitir_cons1.rs","14026","1922abcb9831c52a04bf5069ecc2443574254ed9","https://github.com/juantoniolloretegea/SV-motor/blob/02d5aee5fafe71105e2a451273adba888e87308a/laboratorio/ensayo-ia-y-observabilidad/modelos-de-ia/openai/gpt-oss-safeguard-120b/tests-y-pruebas-efectuadas/arbitro-v3-20261002/fuentes-preservadas-v1/ensayo-consistencia-01/realizacion/instrumentacion/src/bin/admitir_cons1.rs"
"SV-motor","ensayo-ia-y-observabilidad","02d5aee5fafe71105e2a451273adba888e87308a","laboratorio/ensayo-ia-y-observabilidad/modelos-de-ia/openai/gpt-oss-safeguard-120b/tests-y-pruebas-efectuadas/arbitro-v3-20261002/fuentes-preservadas-v1/ensayo-consistencia-01/realizacion/instrumentacion/src/bin/admitir_cons2.rs","18582","61859b1b15118ce53fbd25d0feeac5a707e5482c","https://github.com/juantoniolloretegea/SV-motor/blob/02d5aee5fafe71105e2a451273adba888e87308a/laboratorio/ensayo-ia-y-observabilidad/modelos-de-ia/openai/gpt-oss-safeguard-120b/tests-y-pruebas-efectuadas/arbitro-v3-20261002/fuentes-preservadas-v1/ensayo-consistencia-01/realizacion/instrumentacion/src/bin/admitir_cons2.rs"
"SV-motor","ensayo-ia-y-observabilidad","02d5aee5fafe71105e2a451273adba888e87308a","laboratorio/ensayo-ia-y-observabilidad/modelos-de-ia/openai/gpt-oss-safeguard-120b/tests-y-pruebas-efectuadas/arbitro-v3-20261002/fuentes-preservadas-v1/ensayo-consistencia-01/realizacion/instrumentacion/src/bin/balance_cons1.rs","9504","57ebe9c01ba7ef56c577c3e1e8d49340d0857fdf","https://github.com/juantoniolloretegea/SV-motor/blob/02d5aee5fafe71105e2a451273adba888e87308a/laboratorio/ensayo-ia-y-observabilidad/modelos-de-ia/openai/gpt-oss-safeguard-120b/tests-y-pruebas-efectuadas/arbitro-v3-20261002/fuentes-preservadas-v1/ensayo-consistencia-01/realizacion/instrumentacion/src/bin/balance_cons1.rs"
"SV-motor","ensayo-ia-y-observabilidad","02d5aee5fafe71105e2a451273adba888e87308a","laboratorio/ensayo-ia-y-observabilidad/modelos-de-ia/openai/gpt-oss-safeguard-120b/tests-y-pruebas-efectuadas/arbitro-v3-20261002/fuentes-preservadas-v1/ensayo-consistencia-01/realizacion/instrumentacion/src/bin/balance_cons2.rs","9546","8b28ca2a4d4f25e088fc3eebf53921c4268a0a9f","https://github.com/juantoniolloretegea/SV-motor/blob/02d5aee5fafe71105e2a451273adba888e87308a/laboratorio/ensayo-ia-y-observabilidad/modelos-de-ia/openai/gpt-oss-safeguard-120b/tests-y-pruebas-efectuadas/arbitro-v3-20261002/fuentes-preservadas-v1/ensayo-consistencia-01/realizacion/instrumentacion/src/bin/balance_cons2.rs"
"SV-motor","ensayo-ia-y-observabilidad","02d5aee5fafe71105e2a451273adba888e87308a","laboratorio/ensayo-ia-y-observabilidad/modelos-de-ia/openai/gpt-oss-safeguard-120b/tests-y-pruebas-efectuadas/arbitro-v3-20261002/fuentes-preservadas-v1/ensayo-consistencia-01/realizacion/instrumentacion/src/bin/control_paso_cons1.rs","3113","66e8344cab2357660ad35688305d52f6ca7bcdff","https://github.com/juantoniolloretegea/SV-motor/blob/02d5aee5fafe71105e2a451273adba888e87308a/laboratorio/ensayo-ia-y-observabilidad/modelos-de-ia/openai/gpt-oss-safeguard-120b/tests-y-pruebas-efectuadas/arbitro-v3-20261002/fuentes-preservadas-v1/ensayo-consistencia-01/realizacion/instrumentacion/src/bin/control_paso_cons1.rs"
"SV-motor","ensayo-ia-y-observabilidad","02d5aee5fafe71105e2a451273adba888e87308a","laboratorio/ensayo-ia-y-observabilidad/modelos-de-ia/openai/gpt-oss-safeguard-120b/tests-y-pruebas-efectuadas/arbitro-v3-20261002/fuentes-preservadas-v1/ensayo-consistencia-01/realizacion/instrumentacion/src/bin/cotejar_citas_cons1.rs","2586","620ea80ad4d567ddcca3efebe6faff75a9d03456","https://github.com/juantoniolloretegea/SV-motor/blob/02d5aee5fafe71105e2a451273adba888e87308a/laboratorio/ensayo-ia-y-observabilidad/modelos-de-ia/openai/gpt-oss-safeguard-120b/tests-y-pruebas-efectuadas/arbitro-v3-20261002/fuentes-preservadas-v1/ensayo-consistencia-01/realizacion/instrumentacion/src/bin/cotejar_citas_cons1.rs"
"SV-motor","ensayo-ia-y-observabilidad","02d5aee5fafe71105e2a451273adba888e87308a","laboratorio/ensayo-ia-y-observabilidad/modelos-de-ia/openai/gpt-oss-safeguard-120b/tests-y-pruebas-efectuadas/arbitro-v3-20261002/fuentes-preservadas-v1/ensayo-consistencia-01/realizacion/instrumentacion/src/bin/examinar_cons1.rs","4598","fe74c5d8391556dcb629002d4121363b60ccd888","https://github.com/juantoniolloretegea/SV-motor/blob/02d5aee5fafe71105e2a451273adba888e87308a/laboratorio/ensayo-ia-y-observabilidad/modelos-de-ia/openai/gpt-oss-safeguard-120b/tests-y-pruebas-efectuadas/arbitro-v3-20261002/fuentes-preservadas-v1/ensayo-consistencia-01/realizacion/instrumentacion/src/bin/examinar_cons1.rs"
"SV-motor","ensayo-ia-y-observabilidad","02d5aee5fafe71105e2a451273adba888e87308a","laboratorio/ensayo-ia-y-observabilidad/modelos-de-ia/openai/gpt-oss-safeguard-120b/tests-y-pruebas-efectuadas/arbitro-v3-20261002/fuentes-preservadas-v1/ensayo-consistencia-01/realizacion/instrumentacion/src/bin/fijar_entradas_cons1.rs","2133","5d9bf9b75f47198c2e7cc0e9c94c8f55409637cf","https://github.com/juantoniolloretegea/SV-motor/blob/02d5aee5fafe71105e2a451273adba888e87308a/laboratorio/ensayo-ia-y-observabilidad/modelos-de-ia/openai/gpt-oss-safeguard-120b/tests-y-pruebas-efectuadas/arbitro-v3-20261002/fuentes-preservadas-v1/ensayo-consistencia-01/realizacion/instrumentacion/src/bin/fijar_entradas_cons1.rs"
"SV-motor","ensayo-ia-y-observabilidad","02d5aee5fafe71105e2a451273adba888e87308a","laboratorio/ensayo-ia-y-observabilidad/modelos-de-ia/openai/gpt-oss-safeguard-120b/tests-y-pruebas-efectuadas/arbitro-v3-20261002/fuentes-preservadas-v1/ensayo-consistencia-01/realizacion/instrumentacion/src/bin/preparar_banco.rs","4625","73a3fe4bb70c7d57548a951b2030dacd46df4c0b","https://github.com/juantoniolloretegea/SV-motor/blob/02d5aee5fafe71105e2a451273adba888e87308a/laboratorio/ensayo-ia-y-observabilidad/modelos-de-ia/openai/gpt-oss-safeguard-120b/tests-y-pruebas-efectuadas/arbitro-v3-20261002/fuentes-preservadas-v1/ensayo-consistencia-01/realizacion/instrumentacion/src/bin/preparar_banco.rs"
"SV-motor","ensayo-ia-y-observabilidad","02d5aee5fafe71105e2a451273adba888e87308a","laboratorio/ensayo-ia-y-observabilidad/modelos-de-ia/openai/gpt-oss-safeguard-120b/tests-y-pruebas-efectuadas/arbitro-v3-20261002/fuentes-preservadas-v1/ensayo-consistencia-01/realizacion/instrumentacion/src/bin/publicar_control_cons1.rs","2238","ff57eaa286bb76ba1aa45870ab45b27818861361","https://github.com/juantoniolloretegea/SV-motor/blob/02d5aee5fafe71105e2a451273adba888e87308a/laboratorio/ensayo-ia-y-observabilidad/modelos-de-ia/openai/gpt-oss-safeguard-120b/tests-y-pruebas-efectuadas/arbitro-v3-20261002/fuentes-preservadas-v1/ensayo-consistencia-01/realizacion/instrumentacion/src/bin/publicar_control_cons1.rs"
"SV-motor","ensayo-ia-y-observabilidad","02d5aee5fafe71105e2a451273adba888e87308a","laboratorio/ensayo-ia-y-observabilidad/modelos-de-ia/openai/gpt-oss-safeguard-120b/tests-y-pruebas-efectuadas/arbitro-v3-20261002/fuentes-preservadas-v1/ensayo-consistencia-01/realizacion/instrumentacion/src/bin/publicar_control_cons2.rs","2238","28d7edeb2f51ea14321c7e8f399bc30b48478bba","https://github.com/juantoniolloretegea/SV-motor/blob/02d5aee5fafe71105e2a451273adba888e87308a/laboratorio/ensayo-ia-y-observabilidad/modelos-de-ia/openai/gpt-oss-safeguard-120b/tests-y-pruebas-efectuadas/arbitro-v3-20261002/fuentes-preservadas-v1/ensayo-consistencia-01/realizacion/instrumentacion/src/bin/publicar_control_cons2.rs"
"SV-motor","ensayo-ia-y-observabilidad","02d5aee5fafe71105e2a451273adba888e87308a","laboratorio/ensayo-ia-y-observabilidad/modelos-de-ia/openai/gpt-oss-safeguard-120b/tests-y-pruebas-efectuadas/arbitro-v3-20261002/fuentes-preservadas-v1/ensayo-consistencia-01/realizacion/instrumentacion/src/ciclo.rs","9217","b2bf01ccb4d8039d6f5aa4157293abb9b28f98e0","https://github.com/juantoniolloretegea/SV-motor/blob/02d5aee5fafe71105e2a451273adba888e87308a/laboratorio/ensayo-ia-y-observabilidad/modelos-de-ia/openai/gpt-oss-safeguard-120b/tests-y-pruebas-efectuadas/arbitro-v3-20261002/fuentes-preservadas-v1/ensayo-consistencia-01/realizacion/instrumentacion/src/ciclo.rs"
"SV-motor","ensayo-ia-y-observabilidad","02d5aee5fafe71105e2a451273adba888e87308a","laboratorio/ensayo-ia-y-observabilidad/modelos-de-ia/openai/gpt-oss-safeguard-120b/tests-y-pruebas-efectuadas/arbitro-v3-20261002/fuentes-preservadas-v1/ensayo-consistencia-01/realizacion/instrumentacion/src/lib.rs","6984","60d9277020976ee790f59dde8dc57a601df06f0d","https://github.com/juantoniolloretegea/SV-motor/blob/02d5aee5fafe71105e2a451273adba888e87308a/laboratorio/ensayo-ia-y-observabilidad/modelos-de-ia/openai/gpt-oss-safeguard-120b/tests-y-pruebas-efectuadas/arbitro-v3-20261002/fuentes-preservadas-v1/ensayo-consistencia-01/realizacion/instrumentacion/src/lib.rs"
"SV-motor","ensayo-ia-y-observabilidad","02d5aee5fafe71105e2a451273adba888e87308a","laboratorio/ensayo-ia-y-observabilidad/modelos-de-ia/openai/gpt-oss-safeguard-120b/tests-y-pruebas-efectuadas/arbitro-v3-20261002/fuentes-preservadas-v1/ensayo-consistencia-01/realizacion/instrumentacion/src/ligaduras.rs","6360","f83ec531c3796e79f86206a71b2b9ec7bc490e7b","https://github.com/juantoniolloretegea/SV-motor/blob/02d5aee5fafe71105e2a451273adba888e87308a/laboratorio/ensayo-ia-y-observabilidad/modelos-de-ia/openai/gpt-oss-safeguard-120b/tests-y-pruebas-efectuadas/arbitro-v3-20261002/fuentes-preservadas-v1/ensayo-consistencia-01/realizacion/instrumentacion/src/ligaduras.rs"
"SV-motor","ensayo-ia-y-observabilidad","02d5aee5fafe71105e2a451273adba888e87308a","laboratorio/ensayo-ia-y-observabilidad/modelos-de-ia/openai/gpt-oss-safeguard-120b/tests-y-pruebas-efectuadas/arbitro-v3-20261002/fuentes-preservadas-v1/ensayo-consistencia-01/realizacion/instrumentacion/tests/recorrido.rs","6708","a8f9f1fe59b146c6784e710476c8c98e670c87fe","https://github.com/juantoniolloretegea/SV-motor/blob/02d5aee5fafe71105e2a451273adba888e87308a/laboratorio/ensayo-ia-y-observabilidad/modelos-de-ia/openai/gpt-oss-safeguard-120b/tests-y-pruebas-efectuadas/arbitro-v3-20261002/fuentes-preservadas-v1/ensayo-consistencia-01/realizacion/instrumentacion/tests/recorrido.rs"
"SV-motor","ensayo-ia-y-observabilidad","02d5aee5fafe71105e2a451273adba888e87308a","laboratorio/ensayo-ia-y-observabilidad/modelos-de-ia/openai/gpt-oss-safeguard-120b/tests-y-pruebas-efectuadas/arbitro-v3-20261002/fuentes-preservadas-v1/ensayo-consistencia-01/rectificacion-arranque-01/custodio-anterior.rs","23826","a3184ccb88d70154ba3cc6700db5a6d424e01fc1","https://github.com/juantoniolloretegea/SV-motor/blob/02d5aee5fafe71105e2a451273adba888e87308a/laboratorio/ensayo-ia-y-observabilidad/modelos-de-ia/openai/gpt-oss-safeguard-120b/tests-y-pruebas-efectuadas/arbitro-v3-20261002/fuentes-preservadas-v1/ensayo-consistencia-01/rectificacion-arranque-01/custodio-anterior.rs"
"SV-motor","ensayo-ia-y-observabilidad","02d5aee5fafe71105e2a451273adba888e87308a","laboratorio/ensayo-ia-y-observabilidad/modelos-de-ia/openai/gpt-oss-safeguard-120b/tests-y-pruebas-efectuadas/arbitro-v3-20261002/fuentes-preservadas-v1/ensayo-consistencia-01/rectificacion-arranque-01/custodio-reproduccion.rs","24389","a4ac8447fcd8d97f18b8d18ada6477aef162b580","https://github.com/juantoniolloretegea/SV-motor/blob/02d5aee5fafe71105e2a451273adba888e87308a/laboratorio/ensayo-ia-y-observabilidad/modelos-de-ia/openai/gpt-oss-safeguard-120b/tests-y-pruebas-efectuadas/arbitro-v3-20261002/fuentes-preservadas-v1/ensayo-consistencia-01/rectificacion-arranque-01/custodio-reproduccion.rs"
"SV-motor","ensayo-ia-y-observabilidad","02d5aee5fafe71105e2a451273adba888e87308a","laboratorio/ensayo-ia-y-observabilidad/modelos-de-ia/openai/gpt-oss-safeguard-120b/tests-y-pruebas-efectuadas/arbitro-v3-20261002/fuentes-preservadas-v1/ensayo-consistencia-01/rectificacion-arranque-01/custodio/Cargo.lock","5074","2f9fbf4feac62bfa5bddffb503a2c91159bb5f55","https://github.com/juantoniolloretegea/SV-motor/blob/02d5aee5fafe71105e2a451273adba888e87308a/laboratorio/ensayo-ia-y-observabilidad/modelos-de-ia/openai/gpt-oss-safeguard-120b/tests-y-pruebas-efectuadas/arbitro-v3-20261002/fuentes-preservadas-v1/ensayo-consistencia-01/rectificacion-arranque-01/custodio/Cargo.lock"
"SV-motor","ensayo-ia-y-observabilidad","02d5aee5fafe71105e2a451273adba888e87308a","laboratorio/ensayo-ia-y-observabilidad/modelos-de-ia/openai/gpt-oss-safeguard-120b/tests-y-pruebas-efectuadas/arbitro-v3-20261002/fuentes-preservadas-v1/ensayo-consistencia-01/rectificacion-arranque-01/custodio/Cargo.toml","216","eda19d467e63e7fa9480c99bdaf4f6f37f9e38ed","https://github.com/juantoniolloretegea/SV-motor/blob/02d5aee5fafe71105e2a451273adba888e87308a/laboratorio/ensayo-ia-y-observabilidad/modelos-de-ia/openai/gpt-oss-safeguard-120b/tests-y-pruebas-efectuadas/arbitro-v3-20261002/fuentes-preservadas-v1/ensayo-consistencia-01/rectificacion-arranque-01/custodio/Cargo.toml"
"SV-motor","ensayo-ia-y-observabilidad","02d5aee5fafe71105e2a451273adba888e87308a","laboratorio/ensayo-ia-y-observabilidad/modelos-de-ia/openai/gpt-oss-safeguard-120b/tests-y-pruebas-efectuadas/arbitro-v3-20261002/fuentes-preservadas-v1/ensayo-consistencia-01/rectificacion-arranque-01/custodio/src/main.rs","24463","30715d86c6a9e5b1c048b548b5129eb422376e4d","https://github.com/juantoniolloretegea/SV-motor/blob/02d5aee5fafe71105e2a451273adba888e87308a/laboratorio/ensayo-ia-y-observabilidad/modelos-de-ia/openai/gpt-oss-safeguard-120b/tests-y-pruebas-efectuadas/arbitro-v3-20261002/fuentes-preservadas-v1/ensayo-consistencia-01/rectificacion-arranque-01/custodio/src/main.rs"
"SV-motor","ensayo-ia-y-observabilidad","02d5aee5fafe71105e2a451273adba888e87308a","laboratorio/ensayo-ia-y-observabilidad/modelos-de-ia/openai/gpt-oss-safeguard-120b/tests-y-pruebas-efectuadas/arbitro-v3-20261002/fuentes-preservadas-v1/ensayo-consistencia-01/rectificacion-arranque-01/despliegue/custodio/Cargo.toml","240","bcbe91aa4b9ec496dc3622d32a4d518c7d97d524","https://github.com/juantoniolloretegea/SV-motor/blob/02d5aee5fafe71105e2a451273adba888e87308a/laboratorio/ensayo-ia-y-observabilidad/modelos-de-ia/openai/gpt-oss-safeguard-120b/tests-y-pruebas-efectuadas/arbitro-v3-20261002/fuentes-preservadas-v1/ensayo-consistencia-01/rectificacion-arranque-01/despliegue/custodio/Cargo.toml"
"SV-motor","ensayo-ia-y-observabilidad","02d5aee5fafe71105e2a451273adba888e87308a","laboratorio/ensayo-ia-y-observabilidad/modelos-de-ia/openai/gpt-oss-safeguard-120b/tests-y-pruebas-efectuadas/arbitro-v3-20261002/fuentes-preservadas-v1/ensayo-consistencia-01/rectificacion-arranque-01/despliegue/custodio/src/main.rs","24463","30715d86c6a9e5b1c048b548b5129eb422376e4d","https://github.com/juantoniolloretegea/SV-motor/blob/02d5aee5fafe71105e2a451273adba888e87308a/laboratorio/ensayo-ia-y-observabilidad/modelos-de-ia/openai/gpt-oss-safeguard-120b/tests-y-pruebas-efectuadas/arbitro-v3-20261002/fuentes-preservadas-v1/ensayo-consistencia-01/rectificacion-arranque-01/despliegue/custodio/src/main.rs"
"SV-motor","ensayo-ia-y-observabilidad","02d5aee5fafe71105e2a451273adba888e87308a","laboratorio/ensayo-ia-y-observabilidad/modelos-de-ia/openai/gpt-oss-safeguard-120b/tests-y-pruebas-efectuadas/arbitro-v3-20261002/fuentes-preservadas-v1/ensayo-consistencia-01/rectificacion-arranque-01/recuperado/arbitro-consistencia-01/rectificacion-arranque-01/custodio/Cargo.lock","5076","351bcda07aff4d73c1518882170881664183cb78","https://github.com/juantoniolloretegea/SV-motor/blob/02d5aee5fafe71105e2a451273adba888e87308a/laboratorio/ensayo-ia-y-observabilidad/modelos-de-ia/openai/gpt-oss-safeguard-120b/tests-y-pruebas-efectuadas/arbitro-v3-20261002/fuentes-preservadas-v1/ensayo-consistencia-01/rectificacion-arranque-01/recuperado/arbitro-consistencia-01/rectificacion-arranque-01/custodio/Cargo.lock"
"SV-motor","ensayo-ia-y-observabilidad","02d5aee5fafe71105e2a451273adba888e87308a","laboratorio/ensayo-ia-y-observabilidad/modelos-de-ia/openai/gpt-oss-safeguard-120b/tests-y-pruebas-efectuadas/arbitro-v3-20261002/fuentes-preservadas-v1/ensayo-consistencia-01/rectificacion-arranque-01/recuperado/arbitro-consistencia-01/rectificacion-arranque-01/custodio/Cargo.toml","240","bcbe91aa4b9ec496dc3622d32a4d518c7d97d524","https://github.com/juantoniolloretegea/SV-motor/blob/02d5aee5fafe71105e2a451273adba888e87308a/laboratorio/ensayo-ia-y-observabilidad/modelos-de-ia/openai/gpt-oss-safeguard-120b/tests-y-pruebas-efectuadas/arbitro-v3-20261002/fuentes-preservadas-v1/ensayo-consistencia-01/rectificacion-arranque-01/recuperado/arbitro-consistencia-01/rectificacion-arranque-01/custodio/Cargo.toml"
"SV-motor","ensayo-ia-y-observabilidad","02d5aee5fafe71105e2a451273adba888e87308a","laboratorio/ensayo-ia-y-observabilidad/modelos-de-ia/openai/gpt-oss-safeguard-120b/tests-y-pruebas-efectuadas/arbitro-v3-20261002/fuentes-preservadas-v1/ensayo-consistencia-01/rectificacion-arranque-01/recuperado/arbitro-consistencia-01/rectificacion-arranque-01/custodio/src/main.rs","24463","30715d86c6a9e5b1c048b548b5129eb422376e4d","https://github.com/juantoniolloretegea/SV-motor/blob/02d5aee5fafe71105e2a451273adba888e87308a/laboratorio/ensayo-ia-y-observabilidad/modelos-de-ia/openai/gpt-oss-safeguard-120b/tests-y-pruebas-efectuadas/arbitro-v3-20261002/fuentes-preservadas-v1/ensayo-consistencia-01/rectificacion-arranque-01/recuperado/arbitro-consistencia-01/rectificacion-arranque-01/custodio/src/main.rs"
"SV-motor","ensayo-ia-y-observabilidad","02d5aee5fafe71105e2a451273adba888e87308a","laboratorio/ensayo-ia-y-observabilidad/modelos-de-ia/openai/gpt-oss-safeguard-120b/tests-y-pruebas-efectuadas/arbitro-v3-20261002/fuentes-preservadas-v1/ensayo-consistencia-01/recuperado-preparacion/arbitro-consistencia-01/conductor/Cargo.lock","159682","d89bcc451dfb1b5fc8ef79e1378d996eb5a492e0","https://github.com/juantoniolloretegea/SV-motor/blob/02d5aee5fafe71105e2a451273adba888e87308a/laboratorio/ensayo-ia-y-observabilidad/modelos-de-ia/openai/gpt-oss-safeguard-120b/tests-y-pruebas-efectuadas/arbitro-v3-20261002/fuentes-preservadas-v1/ensayo-consistencia-01/recuperado-preparacion/arbitro-consistencia-01/conductor/Cargo.lock"
"SV-motor","ensayo-ia-y-observabilidad","02d5aee5fafe71105e2a451273adba888e87308a","laboratorio/ensayo-ia-y-observabilidad/modelos-de-ia/openai/gpt-oss-safeguard-120b/tests-y-pruebas-efectuadas/arbitro-v3-20261002/fuentes-preservadas-v1/ensayo-consistencia-01/recuperado-preparacion/arbitro-consistencia-01/custodio/Cargo.lock","5076","de613bf1a9bea0c4824e4671d838bebddb8bccc0","https://github.com/juantoniolloretegea/SV-motor/blob/02d5aee5fafe71105e2a451273adba888e87308a/laboratorio/ensayo-ia-y-observabilidad/modelos-de-ia/openai/gpt-oss-safeguard-120b/tests-y-pruebas-efectuadas/arbitro-v3-20261002/fuentes-preservadas-v1/ensayo-consistencia-01/recuperado-preparacion/arbitro-consistencia-01/custodio/Cargo.lock"
"SV-motor","ensayo-ia-y-observabilidad","02d5aee5fafe71105e2a451273adba888e87308a","laboratorio/ensayo-ia-y-observabilidad/modelos-de-ia/openai/gpt-oss-safeguard-120b/tests-y-pruebas-efectuadas/arbitro-v3-20261002/fuentes-preservadas-v1/ensayo-consistencia-01/recuperado-preparacion/arbitro-consistencia-01/instrumentacion/Cargo.lock","4937","d0e2c59b74f7faff35711feb46ed146b9927e05e","https://github.com/juantoniolloretegea/SV-motor/blob/02d5aee5fafe71105e2a451273adba888e87308a/laboratorio/ensayo-ia-y-observabilidad/modelos-de-ia/openai/gpt-oss-safeguard-120b/tests-y-pruebas-efectuadas/arbitro-v3-20261002/fuentes-preservadas-v1/ensayo-consistencia-01/recuperado-preparacion/arbitro-consistencia-01/instrumentacion/Cargo.lock"
"SV-motor","ensayo-ia-y-observabilidad","02d5aee5fafe71105e2a451273adba888e87308a","laboratorio/ensayo-ia-y-observabilidad/modelos-de-ia/openai/gpt-oss-safeguard-120b/tests-y-pruebas-efectuadas/arbitro-v3-20261002/fuentes-preservadas-v1/ensayo-consistencia-01/recuperado-preparacion/arbitro-consistencia-01/verificador/Cargo.lock","20700","d01b9106d323b6eddf5041a2b26763bfe5abfd28","https://github.com/juantoniolloretegea/SV-motor/blob/02d5aee5fafe71105e2a451273adba888e87308a/laboratorio/ensayo-ia-y-observabilidad/modelos-de-ia/openai/gpt-oss-safeguard-120b/tests-y-pruebas-efectuadas/arbitro-v3-20261002/fuentes-preservadas-v1/ensayo-consistencia-01/recuperado-preparacion/arbitro-consistencia-01/verificador/Cargo.lock"
"SV-motor","ensayo-ia-y-observabilidad","02d5aee5fafe71105e2a451273adba888e87308a","laboratorio/ensayo-ia-y-observabilidad/modelos-de-ia/openai/gpt-oss-safeguard-120b/tests-y-pruebas-efectuadas/arbitro-v3-20261002/fuentes-preservadas-v1/ensayo-consistencia-01/recuperado-preparacion/fuentes/mistral.rs/Cargo.lock","201237","620aa45e5703caa6c33965941b789cd5d66c02e7","https://github.com/juantoniolloretegea/SV-motor/blob/02d5aee5fafe71105e2a451273adba888e87308a/laboratorio/ensayo-ia-y-observabilidad/modelos-de-ia/openai/gpt-oss-safeguard-120b/tests-y-pruebas-efectuadas/arbitro-v3-20261002/fuentes-preservadas-v1/ensayo-consistencia-01/recuperado-preparacion/fuentes/mistral.rs/Cargo.lock"
"SV-motor","ensayo-ia-y-observabilidad","02d5aee5fafe71105e2a451273adba888e87308a","laboratorio/ensayo-ia-y-observabilidad/modelos-de-ia/openai/gpt-oss-safeguard-120b/tests-y-pruebas-efectuadas/arbitro-v3-20261002/fuentes-preservadas-v1/ensayo-literalidad-01/despliegue/conductor/Cargo.toml","791","6cc057c31e0990fe7670dd44b92b6b599565948f","https://github.com/juantoniolloretegea/SV-motor/blob/02d5aee5fafe71105e2a451273adba888e87308a/laboratorio/ensayo-ia-y-observabilidad/modelos-de-ia/openai/gpt-oss-safeguard-120b/tests-y-pruebas-efectuadas/arbitro-v3-20261002/fuentes-preservadas-v1/ensayo-literalidad-01/despliegue/conductor/Cargo.toml"
"SV-motor","ensayo-ia-y-observabilidad","02d5aee5fafe71105e2a451273adba888e87308a","laboratorio/ensayo-ia-y-observabilidad/modelos-de-ia/openai/gpt-oss-safeguard-120b/tests-y-pruebas-efectuadas/arbitro-v3-20261002/fuentes-preservadas-v1/ensayo-literalidad-01/despliegue/conductor/src/main.rs","19956","68255a088a898c3c0bd9342b4d3e0a5359464533","https://github.com/juantoniolloretegea/SV-motor/blob/02d5aee5fafe71105e2a451273adba888e87308a/laboratorio/ensayo-ia-y-observabilidad/modelos-de-ia/openai/gpt-oss-safeguard-120b/tests-y-pruebas-efectuadas/arbitro-v3-20261002/fuentes-preservadas-v1/ensayo-literalidad-01/despliegue/conductor/src/main.rs"
"SV-motor","ensayo-ia-y-observabilidad","02d5aee5fafe71105e2a451273adba888e87308a","laboratorio/ensayo-ia-y-observabilidad/modelos-de-ia/openai/gpt-oss-safeguard-120b/tests-y-pruebas-efectuadas/arbitro-v3-20261002/fuentes-preservadas-v1/ensayo-literalidad-01/despliegue/custodio/Cargo.toml","200","ea8750e2ea7a852f1c18ba981ac45f2c9458a150","https://github.com/juantoniolloretegea/SV-motor/blob/02d5aee5fafe71105e2a451273adba888e87308a/laboratorio/ensayo-ia-y-observabilidad/modelos-de-ia/openai/gpt-oss-safeguard-120b/tests-y-pruebas-efectuadas/arbitro-v3-20261002/fuentes-preservadas-v1/ensayo-literalidad-01/despliegue/custodio/Cargo.toml"
"SV-motor","ensayo-ia-y-observabilidad","02d5aee5fafe71105e2a451273adba888e87308a","laboratorio/ensayo-ia-y-observabilidad/modelos-de-ia/openai/gpt-oss-safeguard-120b/tests-y-pruebas-efectuadas/arbitro-v3-20261002/fuentes-preservadas-v1/ensayo-literalidad-01/despliegue/custodio/src/main.rs","23809","f1920972ff457f3395eff02f4dcd891ea019c7eb","https://github.com/juantoniolloretegea/SV-motor/blob/02d5aee5fafe71105e2a451273adba888e87308a/laboratorio/ensayo-ia-y-observabilidad/modelos-de-ia/openai/gpt-oss-safeguard-120b/tests-y-pruebas-efectuadas/arbitro-v3-20261002/fuentes-preservadas-v1/ensayo-literalidad-01/despliegue/custodio/src/main.rs"
"SV-motor","ensayo-ia-y-observabilidad","02d5aee5fafe71105e2a451273adba888e87308a","laboratorio/ensayo-ia-y-observabilidad/modelos-de-ia/openai/gpt-oss-safeguard-120b/tests-y-pruebas-efectuadas/arbitro-v3-20261002/fuentes-preservadas-v1/ensayo-literalidad-01/despliegue/instrumentacion/Cargo.toml","215","65cdb90be47ff0d508a48125fe22687ac3c8f89b","https://github.com/juantoniolloretegea/SV-motor/blob/02d5aee5fafe71105e2a451273adba888e87308a/laboratorio/ensayo-ia-y-observabilidad/modelos-de-ia/openai/gpt-oss-safeguard-120b/tests-y-pruebas-efectuadas/arbitro-v3-20261002/fuentes-preservadas-v1/ensayo-literalidad-01/despliegue/instrumentacion/Cargo.toml"
"SV-motor","ensayo-ia-y-observabilidad","02d5aee5fafe71105e2a451273adba888e87308a","laboratorio/ensayo-ia-y-observabilidad/modelos-de-ia/openai/gpt-oss-safeguard-120b/tests-y-pruebas-efectuadas/arbitro-v3-20261002/fuentes-preservadas-v1/ensayo-literalidad-01/despliegue/instrumentacion/src/auditoria.rs","7570","8761168c40a280dbaf39b7668225edbbc0f74652","https://github.com/juantoniolloretegea/SV-motor/blob/02d5aee5fafe71105e2a451273adba888e87308a/laboratorio/ensayo-ia-y-observabilidad/modelos-de-ia/openai/gpt-oss-safeguard-120b/tests-y-pruebas-efectuadas/arbitro-v3-20261002/fuentes-preservadas-v1/ensayo-literalidad-01/despliegue/instrumentacion/src/auditoria.rs"
"SV-motor","ensayo-ia-y-observabilidad","02d5aee5fafe71105e2a451273adba888e87308a","laboratorio/ensayo-ia-y-observabilidad/modelos-de-ia/openai/gpt-oss-safeguard-120b/tests-y-pruebas-efectuadas/arbitro-v3-20261002/fuentes-preservadas-v1/ensayo-literalidad-01/despliegue/instrumentacion/src/bin/publicar_control_lit1.rs","2236","e4899a92c528982ba221228f238c025c370f6dcd","https://github.com/juantoniolloretegea/SV-motor/blob/02d5aee5fafe71105e2a451273adba888e87308a/laboratorio/ensayo-ia-y-observabilidad/modelos-de-ia/openai/gpt-oss-safeguard-120b/tests-y-pruebas-efectuadas/arbitro-v3-20261002/fuentes-preservadas-v1/ensayo-literalidad-01/despliegue/instrumentacion/src/bin/publicar_control_lit1.rs"
"SV-motor","ensayo-ia-y-observabilidad","02d5aee5fafe71105e2a451273adba888e87308a","laboratorio/ensayo-ia-y-observabilidad/modelos-de-ia/openai/gpt-oss-safeguard-120b/tests-y-pruebas-efectuadas/arbitro-v3-20261002/fuentes-preservadas-v1/ensayo-literalidad-01/despliegue/instrumentacion/src/ciclo.rs","9205","d474cb70cbcdd3117c9a96c770efdc59da40a671","https://github.com/juantoniolloretegea/SV-motor/blob/02d5aee5fafe71105e2a451273adba888e87308a/laboratorio/ensayo-ia-y-observabilidad/modelos-de-ia/openai/gpt-oss-safeguard-120b/tests-y-pruebas-efectuadas/arbitro-v3-20261002/fuentes-preservadas-v1/ensayo-literalidad-01/despliegue/instrumentacion/src/ciclo.rs"
"SV-motor","ensayo-ia-y-observabilidad","02d5aee5fafe71105e2a451273adba888e87308a","laboratorio/ensayo-ia-y-observabilidad/modelos-de-ia/openai/gpt-oss-safeguard-120b/tests-y-pruebas-efectuadas/arbitro-v3-20261002/fuentes-preservadas-v1/ensayo-literalidad-01/despliegue/instrumentacion/src/lib.rs","6984","60d9277020976ee790f59dde8dc57a601df06f0d","https://github.com/juantoniolloretegea/SV-motor/blob/02d5aee5fafe71105e2a451273adba888e87308a/laboratorio/ensayo-ia-y-observabilidad/modelos-de-ia/openai/gpt-oss-safeguard-120b/tests-y-pruebas-efectuadas/arbitro-v3-20261002/fuentes-preservadas-v1/ensayo-literalidad-01/despliegue/instrumentacion/src/lib.rs"
"SV-motor","ensayo-ia-y-observabilidad","02d5aee5fafe71105e2a451273adba888e87308a","laboratorio/ensayo-ia-y-observabilidad/modelos-de-ia/openai/gpt-oss-safeguard-120b/tests-y-pruebas-efectuadas/arbitro-v3-20261002/fuentes-preservadas-v1/ensayo-literalidad-01/despliegue/instrumentacion/src/ligaduras.rs","6360","f83ec531c3796e79f86206a71b2b9ec7bc490e7b","https://github.com/juantoniolloretegea/SV-motor/blob/02d5aee5fafe71105e2a451273adba888e87308a/laboratorio/ensayo-ia-y-observabilidad/modelos-de-ia/openai/gpt-oss-safeguard-120b/tests-y-pruebas-efectuadas/arbitro-v3-20261002/fuentes-preservadas-v1/ensayo-literalidad-01/despliegue/instrumentacion/src/ligaduras.rs"
"SV-motor","ensayo-ia-y-observabilidad","02d5aee5fafe71105e2a451273adba888e87308a","laboratorio/ensayo-ia-y-observabilidad/modelos-de-ia/openai/gpt-oss-safeguard-120b/tests-y-pruebas-efectuadas/arbitro-v3-20261002/fuentes-preservadas-v1/ensayo-literalidad-01/despliegue/instrumentacion/tests/recorrido.rs","6708","a8f9f1fe59b146c6784e710476c8c98e670c87fe","https://github.com/juantoniolloretegea/SV-motor/blob/02d5aee5fafe71105e2a451273adba888e87308a/laboratorio/ensayo-ia-y-observabilidad/modelos-de-ia/openai/gpt-oss-safeguard-120b/tests-y-pruebas-efectuadas/arbitro-v3-20261002/fuentes-preservadas-v1/ensayo-literalidad-01/despliegue/instrumentacion/tests/recorrido.rs"
"SV-motor","ensayo-ia-y-observabilidad","02d5aee5fafe71105e2a451273adba888e87308a","laboratorio/ensayo-ia-y-observabilidad/modelos-de-ia/openai/gpt-oss-safeguard-120b/tests-y-pruebas-efectuadas/arbitro-v3-20261002/fuentes-preservadas-v1/ensayo-literalidad-01/despliegue/preparar.rs","1783","68135f126a368c8938da917f4dbde2a876130679","https://github.com/juantoniolloretegea/SV-motor/blob/02d5aee5fafe71105e2a451273adba888e87308a/laboratorio/ensayo-ia-y-observabilidad/modelos-de-ia/openai/gpt-oss-safeguard-120b/tests-y-pruebas-efectuadas/arbitro-v3-20261002/fuentes-preservadas-v1/ensayo-literalidad-01/despliegue/preparar.rs"
"SV-motor","ensayo-ia-y-observabilidad","02d5aee5fafe71105e2a451273adba888e87308a","laboratorio/ensayo-ia-y-observabilidad/modelos-de-ia/openai/gpt-oss-safeguard-120b/tests-y-pruebas-efectuadas/arbitro-v3-20261002/fuentes-preservadas-v1/ensayo-literalidad-01/despliegue/verificador/Cargo.toml","360","9be7be59c9e21ecff47fcda075d21088b810e1fa","https://github.com/juantoniolloretegea/SV-motor/blob/02d5aee5fafe71105e2a451273adba888e87308a/laboratorio/ensayo-ia-y-observabilidad/modelos-de-ia/openai/gpt-oss-safeguard-120b/tests-y-pruebas-efectuadas/arbitro-v3-20261002/fuentes-preservadas-v1/ensayo-literalidad-01/despliegue/verificador/Cargo.toml"
"SV-motor","ensayo-ia-y-observabilidad","02d5aee5fafe71105e2a451273adba888e87308a","laboratorio/ensayo-ia-y-observabilidad/modelos-de-ia/openai/gpt-oss-safeguard-120b/tests-y-pruebas-efectuadas/arbitro-v3-20261002/fuentes-preservadas-v1/ensayo-literalidad-01/despliegue/verificador/src/main.rs","8475","d57f77a4f6bdb14a5f4135d1534e97fa52c7a5b9","https://github.com/juantoniolloretegea/SV-motor/blob/02d5aee5fafe71105e2a451273adba888e87308a/laboratorio/ensayo-ia-y-observabilidad/modelos-de-ia/openai/gpt-oss-safeguard-120b/tests-y-pruebas-efectuadas/arbitro-v3-20261002/fuentes-preservadas-v1/ensayo-literalidad-01/despliegue/verificador/src/main.rs"
"SV-motor","ensayo-ia-y-observabilidad","02d5aee5fafe71105e2a451273adba888e87308a","laboratorio/ensayo-ia-y-observabilidad/modelos-de-ia/openai/gpt-oss-safeguard-120b/tests-y-pruebas-efectuadas/arbitro-v3-20261002/fuentes-preservadas-v1/ensayo-literalidad-01/preparacion/custodio-prueba-01-fuente.rs","23645","40c63c32cb9ae46532fc54625a837f0bb74b54b7","https://github.com/juantoniolloretegea/SV-motor/blob/02d5aee5fafe71105e2a451273adba888e87308a/laboratorio/ensayo-ia-y-observabilidad/modelos-de-ia/openai/gpt-oss-safeguard-120b/tests-y-pruebas-efectuadas/arbitro-v3-20261002/fuentes-preservadas-v1/ensayo-literalidad-01/preparacion/custodio-prueba-01-fuente.rs"
"SV-motor","ensayo-ia-y-observabilidad","02d5aee5fafe71105e2a451273adba888e87308a","laboratorio/ensayo-ia-y-observabilidad/modelos-de-ia/openai/gpt-oss-safeguard-120b/tests-y-pruebas-efectuadas/arbitro-v3-20261002/fuentes-preservadas-v1/ensayo-literalidad-01/realizacion/custodio/Cargo.lock","5073","45cfc5f86cf7caa081e38b5863672f40f1821bc7","https://github.com/juantoniolloretegea/SV-motor/blob/02d5aee5fafe71105e2a451273adba888e87308a/laboratorio/ensayo-ia-y-observabilidad/modelos-de-ia/openai/gpt-oss-safeguard-120b/tests-y-pruebas-efectuadas/arbitro-v3-20261002/fuentes-preservadas-v1/ensayo-literalidad-01/realizacion/custodio/Cargo.lock"
"SV-motor","ensayo-ia-y-observabilidad","02d5aee5fafe71105e2a451273adba888e87308a","laboratorio/ensayo-ia-y-observabilidad/modelos-de-ia/openai/gpt-oss-safeguard-120b/tests-y-pruebas-efectuadas/arbitro-v3-20261002/fuentes-preservadas-v1/ensayo-literalidad-01/realizacion/custodio/Cargo.toml","200","ea8750e2ea7a852f1c18ba981ac45f2c9458a150","https://github.com/juantoniolloretegea/SV-motor/blob/02d5aee5fafe71105e2a451273adba888e87308a/laboratorio/ensayo-ia-y-observabilidad/modelos-de-ia/openai/gpt-oss-safeguard-120b/tests-y-pruebas-efectuadas/arbitro-v3-20261002/fuentes-preservadas-v1/ensayo-literalidad-01/realizacion/custodio/Cargo.toml"
"SV-motor","ensayo-ia-y-observabilidad","02d5aee5fafe71105e2a451273adba888e87308a","laboratorio/ensayo-ia-y-observabilidad/modelos-de-ia/openai/gpt-oss-safeguard-120b/tests-y-pruebas-efectuadas/arbitro-v3-20261002/fuentes-preservadas-v1/ensayo-literalidad-01/realizacion/custodio/src/main.rs","23809","f1920972ff457f3395eff02f4dcd891ea019c7eb","https://github.com/juantoniolloretegea/SV-motor/blob/02d5aee5fafe71105e2a451273adba888e87308a/laboratorio/ensayo-ia-y-observabilidad/modelos-de-ia/openai/gpt-oss-safeguard-120b/tests-y-pruebas-efectuadas/arbitro-v3-20261002/fuentes-preservadas-v1/ensayo-literalidad-01/realizacion/custodio/src/main.rs"
"SV-motor","ensayo-ia-y-observabilidad","02d5aee5fafe71105e2a451273adba888e87308a","laboratorio/ensayo-ia-y-observabilidad/modelos-de-ia/openai/gpt-oss-safeguard-120b/tests-y-pruebas-efectuadas/arbitro-v3-20261002/fuentes-preservadas-v1/ensayo-literalidad-01/realizacion/instrumentacion/Cargo.lock","4935","05e7c07738dbe6816880d61b5bae2836bab0ee55","https://github.com/juantoniolloretegea/SV-motor/blob/02d5aee5fafe71105e2a451273adba888e87308a/laboratorio/ensayo-ia-y-observabilidad/modelos-de-ia/openai/gpt-oss-safeguard-120b/tests-y-pruebas-efectuadas/arbitro-v3-20261002/fuentes-preservadas-v1/ensayo-literalidad-01/realizacion/instrumentacion/Cargo.lock"
"SV-motor","ensayo-ia-y-observabilidad","02d5aee5fafe71105e2a451273adba888e87308a","laboratorio/ensayo-ia-y-observabilidad/modelos-de-ia/openai/gpt-oss-safeguard-120b/tests-y-pruebas-efectuadas/arbitro-v3-20261002/fuentes-preservadas-v1/ensayo-literalidad-01/realizacion/instrumentacion/Cargo.toml","201","58a67d65a1171a64f108fb4b827a16527467638e","https://github.com/juantoniolloretegea/SV-motor/blob/02d5aee5fafe71105e2a451273adba888e87308a/laboratorio/ensayo-ia-y-observabilidad/modelos-de-ia/openai/gpt-oss-safeguard-120b/tests-y-pruebas-efectuadas/arbitro-v3-20261002/fuentes-preservadas-v1/ensayo-literalidad-01/realizacion/instrumentacion/Cargo.toml"
"SV-motor","ensayo-ia-y-observabilidad","02d5aee5fafe71105e2a451273adba888e87308a","laboratorio/ensayo-ia-y-observabilidad/modelos-de-ia/openai/gpt-oss-safeguard-120b/tests-y-pruebas-efectuadas/arbitro-v3-20261002/fuentes-preservadas-v1/ensayo-literalidad-01/realizacion/instrumentacion/src/auditoria.rs","7570","8761168c40a280dbaf39b7668225edbbc0f74652","https://github.com/juantoniolloretegea/SV-motor/blob/02d5aee5fafe71105e2a451273adba888e87308a/laboratorio/ensayo-ia-y-observabilidad/modelos-de-ia/openai/gpt-oss-safeguard-120b/tests-y-pruebas-efectuadas/arbitro-v3-20261002/fuentes-preservadas-v1/ensayo-literalidad-01/realizacion/instrumentacion/src/auditoria.rs"
"SV-motor","ensayo-ia-y-observabilidad","02d5aee5fafe71105e2a451273adba888e87308a","laboratorio/ensayo-ia-y-observabilidad/modelos-de-ia/openai/gpt-oss-safeguard-120b/tests-y-pruebas-efectuadas/arbitro-v3-20261002/fuentes-preservadas-v1/ensayo-literalidad-01/realizacion/instrumentacion/src/bin/admitir_lit1.rs","13927","ff1fb78a4ea3acecb7c540b5c76a9bdf6b0e75e5","https://github.com/juantoniolloretegea/SV-motor/blob/02d5aee5fafe71105e2a451273adba888e87308a/laboratorio/ensayo-ia-y-observabilidad/modelos-de-ia/openai/gpt-oss-safeguard-120b/tests-y-pruebas-efectuadas/arbitro-v3-20261002/fuentes-preservadas-v1/ensayo-literalidad-01/realizacion/instrumentacion/src/bin/admitir_lit1.rs"
"SV-motor","ensayo-ia-y-observabilidad","02d5aee5fafe71105e2a451273adba888e87308a","laboratorio/ensayo-ia-y-observabilidad/modelos-de-ia/openai/gpt-oss-safeguard-120b/tests-y-pruebas-efectuadas/arbitro-v3-20261002/fuentes-preservadas-v1/ensayo-literalidad-01/realizacion/instrumentacion/src/bin/balance_lit1.rs","9500","2d63e65e1a3c0288507cefb94386b12c83e460a2","https://github.com/juantoniolloretegea/SV-motor/blob/02d5aee5fafe71105e2a451273adba888e87308a/laboratorio/ensayo-ia-y-observabilidad/modelos-de-ia/openai/gpt-oss-safeguard-120b/tests-y-pruebas-efectuadas/arbitro-v3-20261002/fuentes-preservadas-v1/ensayo-literalidad-01/realizacion/instrumentacion/src/bin/balance_lit1.rs"
"SV-motor","ensayo-ia-y-observabilidad","02d5aee5fafe71105e2a451273adba888e87308a","laboratorio/ensayo-ia-y-observabilidad/modelos-de-ia/openai/gpt-oss-safeguard-120b/tests-y-pruebas-efectuadas/arbitro-v3-20261002/fuentes-preservadas-v1/ensayo-literalidad-01/realizacion/instrumentacion/src/bin/control_paso_lit1.rs","3113","66e8344cab2357660ad35688305d52f6ca7bcdff","https://github.com/juantoniolloretegea/SV-motor/blob/02d5aee5fafe71105e2a451273adba888e87308a/laboratorio/ensayo-ia-y-observabilidad/modelos-de-ia/openai/gpt-oss-safeguard-120b/tests-y-pruebas-efectuadas/arbitro-v3-20261002/fuentes-preservadas-v1/ensayo-literalidad-01/realizacion/instrumentacion/src/bin/control_paso_lit1.rs"
"SV-motor","ensayo-ia-y-observabilidad","02d5aee5fafe71105e2a451273adba888e87308a","laboratorio/ensayo-ia-y-observabilidad/modelos-de-ia/openai/gpt-oss-safeguard-120b/tests-y-pruebas-efectuadas/arbitro-v3-20261002/fuentes-preservadas-v1/ensayo-literalidad-01/realizacion/instrumentacion/src/bin/cotejar_citas_lit1.rs","2586","620ea80ad4d567ddcca3efebe6faff75a9d03456","https://github.com/juantoniolloretegea/SV-motor/blob/02d5aee5fafe71105e2a451273adba888e87308a/laboratorio/ensayo-ia-y-observabilidad/modelos-de-ia/openai/gpt-oss-safeguard-120b/tests-y-pruebas-efectuadas/arbitro-v3-20261002/fuentes-preservadas-v1/ensayo-literalidad-01/realizacion/instrumentacion/src/bin/cotejar_citas_lit1.rs"
"SV-motor","ensayo-ia-y-observabilidad","02d5aee5fafe71105e2a451273adba888e87308a","laboratorio/ensayo-ia-y-observabilidad/modelos-de-ia/openai/gpt-oss-safeguard-120b/tests-y-pruebas-efectuadas/arbitro-v3-20261002/fuentes-preservadas-v1/ensayo-literalidad-01/realizacion/instrumentacion/src/bin/examinar_lit1.rs","4598","fe74c5d8391556dcb629002d4121363b60ccd888","https://github.com/juantoniolloretegea/SV-motor/blob/02d5aee5fafe71105e2a451273adba888e87308a/laboratorio/ensayo-ia-y-observabilidad/modelos-de-ia/openai/gpt-oss-safeguard-120b/tests-y-pruebas-efectuadas/arbitro-v3-20261002/fuentes-preservadas-v1/ensayo-literalidad-01/realizacion/instrumentacion/src/bin/examinar_lit1.rs"
"SV-motor","ensayo-ia-y-observabilidad","02d5aee5fafe71105e2a451273adba888e87308a","laboratorio/ensayo-ia-y-observabilidad/modelos-de-ia/openai/gpt-oss-safeguard-120b/tests-y-pruebas-efectuadas/arbitro-v3-20261002/fuentes-preservadas-v1/ensayo-literalidad-01/realizacion/instrumentacion/src/bin/fijar_entradas_lit1.rs","2131","758314f2975a2a42b5615373130f62a58a6745dc","https://github.com/juantoniolloretegea/SV-motor/blob/02d5aee5fafe71105e2a451273adba888e87308a/laboratorio/ensayo-ia-y-observabilidad/modelos-de-ia/openai/gpt-oss-safeguard-120b/tests-y-pruebas-efectuadas/arbitro-v3-20261002/fuentes-preservadas-v1/ensayo-literalidad-01/realizacion/instrumentacion/src/bin/fijar_entradas_lit1.rs"
"SV-motor","ensayo-ia-y-observabilidad","02d5aee5fafe71105e2a451273adba888e87308a","laboratorio/ensayo-ia-y-observabilidad/modelos-de-ia/openai/gpt-oss-safeguard-120b/tests-y-pruebas-efectuadas/arbitro-v3-20261002/fuentes-preservadas-v1/ensayo-literalidad-01/realizacion/instrumentacion/src/bin/preparar_banco.rs","4624","cddae7b53b562be5b5b7487909d572617b8e82f4","https://github.com/juantoniolloretegea/SV-motor/blob/02d5aee5fafe71105e2a451273adba888e87308a/laboratorio/ensayo-ia-y-observabilidad/modelos-de-ia/openai/gpt-oss-safeguard-120b/tests-y-pruebas-efectuadas/arbitro-v3-20261002/fuentes-preservadas-v1/ensayo-literalidad-01/realizacion/instrumentacion/src/bin/preparar_banco.rs"
"SV-motor","ensayo-ia-y-observabilidad","02d5aee5fafe71105e2a451273adba888e87308a","laboratorio/ensayo-ia-y-observabilidad/modelos-de-ia/openai/gpt-oss-safeguard-120b/tests-y-pruebas-efectuadas/arbitro-v3-20261002/fuentes-preservadas-v1/ensayo-literalidad-01/realizacion/instrumentacion/src/bin/publicar_control_lit1.rs","2236","e4899a92c528982ba221228f238c025c370f6dcd","https://github.com/juantoniolloretegea/SV-motor/blob/02d5aee5fafe71105e2a451273adba888e87308a/laboratorio/ensayo-ia-y-observabilidad/modelos-de-ia/openai/gpt-oss-safeguard-120b/tests-y-pruebas-efectuadas/arbitro-v3-20261002/fuentes-preservadas-v1/ensayo-literalidad-01/realizacion/instrumentacion/src/bin/publicar_control_lit1.rs"
"SV-motor","ensayo-ia-y-observabilidad","02d5aee5fafe71105e2a451273adba888e87308a","laboratorio/ensayo-ia-y-observabilidad/modelos-de-ia/openai/gpt-oss-safeguard-120b/tests-y-pruebas-efectuadas/arbitro-v3-20261002/fuentes-preservadas-v1/ensayo-literalidad-01/realizacion/instrumentacion/src/ciclo.rs","9205","d474cb70cbcdd3117c9a96c770efdc59da40a671","https://github.com/juantoniolloretegea/SV-motor/blob/02d5aee5fafe71105e2a451273adba888e87308a/laboratorio/ensayo-ia-y-observabilidad/modelos-de-ia/openai/gpt-oss-safeguard-120b/tests-y-pruebas-efectuadas/arbitro-v3-20261002/fuentes-preservadas-v1/ensayo-literalidad-01/realizacion/instrumentacion/src/ciclo.rs"
"SV-motor","ensayo-ia-y-observabilidad","02d5aee5fafe71105e2a451273adba888e87308a","laboratorio/ensayo-ia-y-observabilidad/modelos-de-ia/openai/gpt-oss-safeguard-120b/tests-y-pruebas-efectuadas/arbitro-v3-20261002/fuentes-preservadas-v1/ensayo-literalidad-01/realizacion/instrumentacion/src/lib.rs","6984","60d9277020976ee790f59dde8dc57a601df06f0d","https://github.com/juantoniolloretegea/SV-motor/blob/02d5aee5fafe71105e2a451273adba888e87308a/laboratorio/ensayo-ia-y-observabilidad/modelos-de-ia/openai/gpt-oss-safeguard-120b/tests-y-pruebas-efectuadas/arbitro-v3-20261002/fuentes-preservadas-v1/ensayo-literalidad-01/realizacion/instrumentacion/src/lib.rs"
"SV-motor","ensayo-ia-y-observabilidad","02d5aee5fafe71105e2a451273adba888e87308a","laboratorio/ensayo-ia-y-observabilidad/modelos-de-ia/openai/gpt-oss-safeguard-120b/tests-y-pruebas-efectuadas/arbitro-v3-20261002/fuentes-preservadas-v1/ensayo-literalidad-01/realizacion/instrumentacion/src/ligaduras.rs","6360","f83ec531c3796e79f86206a71b2b9ec7bc490e7b","https://github.com/juantoniolloretegea/SV-motor/blob/02d5aee5fafe71105e2a451273adba888e87308a/laboratorio/ensayo-ia-y-observabilidad/modelos-de-ia/openai/gpt-oss-safeguard-120b/tests-y-pruebas-efectuadas/arbitro-v3-20261002/fuentes-preservadas-v1/ensayo-literalidad-01/realizacion/instrumentacion/src/ligaduras.rs"
"SV-motor","ensayo-ia-y-observabilidad","02d5aee5fafe71105e2a451273adba888e87308a","laboratorio/ensayo-ia-y-observabilidad/modelos-de-ia/openai/gpt-oss-safeguard-120b/tests-y-pruebas-efectuadas/arbitro-v3-20261002/fuentes-preservadas-v1/ensayo-literalidad-01/realizacion/instrumentacion/tests/recorrido.rs","6708","a8f9f1fe59b146c6784e710476c8c98e670c87fe","https://github.com/juantoniolloretegea/SV-motor/blob/02d5aee5fafe71105e2a451273adba888e87308a/laboratorio/ensayo-ia-y-observabilidad/modelos-de-ia/openai/gpt-oss-safeguard-120b/tests-y-pruebas-efectuadas/arbitro-v3-20261002/fuentes-preservadas-v1/ensayo-literalidad-01/realizacion/instrumentacion/tests/recorrido.rs"
"SV-motor","ensayo-ia-y-observabilidad","02d5aee5fafe71105e2a451273adba888e87308a","laboratorio/ensayo-ia-y-observabilidad/modelos-de-ia/openai/gpt-oss-safeguard-120b/tests-y-pruebas-efectuadas/arbitro-v3-20261002/fuentes-preservadas-v1/evaluacion/Cargo.lock","4874","9c6edc5086a93272c61b6baa6d1bb01ffa13703b","https://github.com/juantoniolloretegea/SV-motor/blob/02d5aee5fafe71105e2a451273adba888e87308a/laboratorio/ensayo-ia-y-observabilidad/modelos-de-ia/openai/gpt-oss-safeguard-120b/tests-y-pruebas-efectuadas/arbitro-v3-20261002/fuentes-preservadas-v1/evaluacion/Cargo.lock"
"SV-motor","ensayo-ia-y-observabilidad","02d5aee5fafe71105e2a451273adba888e87308a","laboratorio/ensayo-ia-y-observabilidad/modelos-de-ia/openai/gpt-oss-safeguard-120b/tests-y-pruebas-efectuadas/arbitro-v3-20261002/fuentes-preservadas-v1/evaluacion/Cargo.toml","158","f8d76703f240644fdddd4b131d8c6f3093788709","https://github.com/juantoniolloretegea/SV-motor/blob/02d5aee5fafe71105e2a451273adba888e87308a/laboratorio/ensayo-ia-y-observabilidad/modelos-de-ia/openai/gpt-oss-safeguard-120b/tests-y-pruebas-efectuadas/arbitro-v3-20261002/fuentes-preservadas-v1/evaluacion/Cargo.toml"
"SV-motor","ensayo-ia-y-observabilidad","02d5aee5fafe71105e2a451273adba888e87308a","laboratorio/ensayo-ia-y-observabilidad/modelos-de-ia/openai/gpt-oss-safeguard-120b/tests-y-pruebas-efectuadas/arbitro-v3-20261002/fuentes-preservadas-v1/evaluacion/src/bin/cotejar_edicion_v3.rs","2781","c277a97f1fb66a7e351c1d8e1f056daa3294caba","https://github.com/juantoniolloretegea/SV-motor/blob/02d5aee5fafe71105e2a451273adba888e87308a/laboratorio/ensayo-ia-y-observabilidad/modelos-de-ia/openai/gpt-oss-safeguard-120b/tests-y-pruebas-efectuadas/arbitro-v3-20261002/fuentes-preservadas-v1/evaluacion/src/bin/cotejar_edicion_v3.rs"
"SV-motor","ensayo-ia-y-observabilidad","02d5aee5fafe71105e2a451273adba888e87308a","laboratorio/ensayo-ia-y-observabilidad/modelos-de-ia/openai/gpt-oss-safeguard-120b/tests-y-pruebas-efectuadas/arbitro-v3-20261002/fuentes-preservadas-v1/evaluacion/src/bin/huellas.rs","550","1c3003a99861d076702af83986f9658c5a85b2bd","https://github.com/juantoniolloretegea/SV-motor/blob/02d5aee5fafe71105e2a451273adba888e87308a/laboratorio/ensayo-ia-y-observabilidad/modelos-de-ia/openai/gpt-oss-safeguard-120b/tests-y-pruebas-efectuadas/arbitro-v3-20261002/fuentes-preservadas-v1/evaluacion/src/bin/huellas.rs"
"SV-motor","ensayo-ia-y-observabilidad","02d5aee5fafe71105e2a451273adba888e87308a","laboratorio/ensayo-ia-y-observabilidad/modelos-de-ia/openai/gpt-oss-safeguard-120b/tests-y-pruebas-efectuadas/arbitro-v3-20261002/fuentes-preservadas-v1/evaluacion/src/bin/recuperar_documentos.rs","2059","c13ce9923d586ae72db65844cdb9ce182b0fdc56","https://github.com/juantoniolloretegea/SV-motor/blob/02d5aee5fafe71105e2a451273adba888e87308a/laboratorio/ensayo-ia-y-observabilidad/modelos-de-ia/openai/gpt-oss-safeguard-120b/tests-y-pruebas-efectuadas/arbitro-v3-20261002/fuentes-preservadas-v1/evaluacion/src/bin/recuperar_documentos.rs"
"SV-motor","ensayo-ia-y-observabilidad","02d5aee5fafe71105e2a451273adba888e87308a","laboratorio/ensayo-ia-y-observabilidad/modelos-de-ia/openai/gpt-oss-safeguard-120b/tests-y-pruebas-efectuadas/arbitro-v3-20261002/fuentes-preservadas-v1/evaluacion/src/bin/recuperar_sedes.rs","2255","7a6edff6efc9bfbb93f0e658028d2e922a38c18a","https://github.com/juantoniolloretegea/SV-motor/blob/02d5aee5fafe71105e2a451273adba888e87308a/laboratorio/ensayo-ia-y-observabilidad/modelos-de-ia/openai/gpt-oss-safeguard-120b/tests-y-pruebas-efectuadas/arbitro-v3-20261002/fuentes-preservadas-v1/evaluacion/src/bin/recuperar_sedes.rs"
"SV-motor","ensayo-ia-y-observabilidad","02d5aee5fafe71105e2a451273adba888e87308a","laboratorio/ensayo-ia-y-observabilidad/modelos-de-ia/openai/gpt-oss-safeguard-120b/tests-y-pruebas-efectuadas/arbitro-v3-20261002/fuentes-preservadas-v1/evaluacion/src/main.rs","5793","2bf51937d5f321b81dcfb46e119b884aadf7e0d8","https://github.com/juantoniolloretegea/SV-motor/blob/02d5aee5fafe71105e2a451273adba888e87308a/laboratorio/ensayo-ia-y-observabilidad/modelos-de-ia/openai/gpt-oss-safeguard-120b/tests-y-pruebas-efectuadas/arbitro-v3-20261002/fuentes-preservadas-v1/evaluacion/src/main.rs"
"SV-motor","ensayo-ia-y-observabilidad","02d5aee5fafe71105e2a451273adba888e87308a","laboratorio/ensayo-ia-y-observabilidad/modelos-de-ia/openai/gpt-oss-safeguard-120b/tests-y-pruebas-efectuadas/arbitro-v3-20261002/fuentes-preservadas-v1/publicacion-final-03/condiciones/consistencia-01/rectificacion-control/publicar_control_cons2.rs","2238","28d7edeb2f51ea14321c7e8f399bc30b48478bba","https://github.com/juantoniolloretegea/SV-motor/blob/02d5aee5fafe71105e2a451273adba888e87308a/laboratorio/ensayo-ia-y-observabilidad/modelos-de-ia/openai/gpt-oss-safeguard-120b/tests-y-pruebas-efectuadas/arbitro-v3-20261002/fuentes-preservadas-v1/publicacion-final-03/condiciones/consistencia-01/rectificacion-control/publicar_control_cons2.rs"
"SV-motor","ensayo-ia-y-observabilidad","02d5aee5fafe71105e2a451273adba888e87308a","laboratorio/ensayo-ia-y-observabilidad/modelos-de-ia/openai/gpt-oss-safeguard-120b/tests-y-pruebas-efectuadas/arbitro-v3-20261002/fuentes-preservadas-v1/realizacion/conductor/Cargo.toml","789","2240d548e1774b2c3341f8a77f57231bedaf6667","https://github.com/juantoniolloretegea/SV-motor/blob/02d5aee5fafe71105e2a451273adba888e87308a/laboratorio/ensayo-ia-y-observabilidad/modelos-de-ia/openai/gpt-oss-safeguard-120b/tests-y-pruebas-efectuadas/arbitro-v3-20261002/fuentes-preservadas-v1/realizacion/conductor/Cargo.toml"
"SV-motor","ensayo-ia-y-observabilidad","02d5aee5fafe71105e2a451273adba888e87308a","laboratorio/ensayo-ia-y-observabilidad/modelos-de-ia/openai/gpt-oss-safeguard-120b/tests-y-pruebas-efectuadas/arbitro-v3-20261002/fuentes-preservadas-v1/realizacion/conductor/src/main.rs","19599","3d615f9a48c7f7e65bbfbc059d601cf35c7647c0","https://github.com/juantoniolloretegea/SV-motor/blob/02d5aee5fafe71105e2a451273adba888e87308a/laboratorio/ensayo-ia-y-observabilidad/modelos-de-ia/openai/gpt-oss-safeguard-120b/tests-y-pruebas-efectuadas/arbitro-v3-20261002/fuentes-preservadas-v1/realizacion/conductor/src/main.rs"
"SV-motor","ensayo-ia-y-observabilidad","02d5aee5fafe71105e2a451273adba888e87308a","laboratorio/ensayo-ia-y-observabilidad/modelos-de-ia/openai/gpt-oss-safeguard-120b/tests-y-pruebas-efectuadas/arbitro-v3-20261002/fuentes-preservadas-v1/realizacion/custodio/Cargo.lock","5071","bb2ce8bb6f5e5f1b21db4bf654f855423083919e","https://github.com/juantoniolloretegea/SV-motor/blob/02d5aee5fafe71105e2a451273adba888e87308a/laboratorio/ensayo-ia-y-observabilidad/modelos-de-ia/openai/gpt-oss-safeguard-120b/tests-y-pruebas-efectuadas/arbitro-v3-20261002/fuentes-preservadas-v1/realizacion/custodio/Cargo.lock"
"SV-motor","ensayo-ia-y-observabilidad","02d5aee5fafe71105e2a451273adba888e87308a","laboratorio/ensayo-ia-y-observabilidad/modelos-de-ia/openai/gpt-oss-safeguard-120b/tests-y-pruebas-efectuadas/arbitro-v3-20261002/fuentes-preservadas-v1/realizacion/custodio/Cargo.toml","198","a8b36bc2c317058cdae995d7d4e8fecce8b02bd0","https://github.com/juantoniolloretegea/SV-motor/blob/02d5aee5fafe71105e2a451273adba888e87308a/laboratorio/ensayo-ia-y-observabilidad/modelos-de-ia/openai/gpt-oss-safeguard-120b/tests-y-pruebas-efectuadas/arbitro-v3-20261002/fuentes-preservadas-v1/realizacion/custodio/Cargo.toml"
"SV-motor","ensayo-ia-y-observabilidad","02d5aee5fafe71105e2a451273adba888e87308a","laboratorio/ensayo-ia-y-observabilidad/modelos-de-ia/openai/gpt-oss-safeguard-120b/tests-y-pruebas-efectuadas/arbitro-v3-20261002/fuentes-preservadas-v1/realizacion/custodio/src/main.rs","24076","59e91f908ebef2f38ad063fcfa627622ae4eecaf","https://github.com/juantoniolloretegea/SV-motor/blob/02d5aee5fafe71105e2a451273adba888e87308a/laboratorio/ensayo-ia-y-observabilidad/modelos-de-ia/openai/gpt-oss-safeguard-120b/tests-y-pruebas-efectuadas/arbitro-v3-20261002/fuentes-preservadas-v1/realizacion/custodio/src/main.rs"
"SV-motor","ensayo-ia-y-observabilidad","02d5aee5fafe71105e2a451273adba888e87308a","laboratorio/ensayo-ia-y-observabilidad/modelos-de-ia/openai/gpt-oss-safeguard-120b/tests-y-pruebas-efectuadas/arbitro-v3-20261002/fuentes-preservadas-v1/realizacion/instrumentacion/Cargo.lock","4935","8493dfc5926aa331555b167dfbdd16fab4c546e6","https://github.com/juantoniolloretegea/SV-motor/blob/02d5aee5fafe71105e2a451273adba888e87308a/laboratorio/ensayo-ia-y-observabilidad/modelos-de-ia/openai/gpt-oss-safeguard-120b/tests-y-pruebas-efectuadas/arbitro-v3-20261002/fuentes-preservadas-v1/realizacion/instrumentacion/Cargo.lock"
"SV-motor","ensayo-ia-y-observabilidad","02d5aee5fafe71105e2a451273adba888e87308a","laboratorio/ensayo-ia-y-observabilidad/modelos-de-ia/openai/gpt-oss-safeguard-120b/tests-y-pruebas-efectuadas/arbitro-v3-20261002/fuentes-preservadas-v1/realizacion/instrumentacion/Cargo.toml","201","04ff2599919e4654fded65d7d50b1f34ab6790a4","https://github.com/juantoniolloretegea/SV-motor/blob/02d5aee5fafe71105e2a451273adba888e87308a/laboratorio/ensayo-ia-y-observabilidad/modelos-de-ia/openai/gpt-oss-safeguard-120b/tests-y-pruebas-efectuadas/arbitro-v3-20261002/fuentes-preservadas-v1/realizacion/instrumentacion/Cargo.toml"
"SV-motor","ensayo-ia-y-observabilidad","02d5aee5fafe71105e2a451273adba888e87308a","laboratorio/ensayo-ia-y-observabilidad/modelos-de-ia/openai/gpt-oss-safeguard-120b/tests-y-pruebas-efectuadas/arbitro-v3-20261002/fuentes-preservadas-v1/realizacion/instrumentacion/src/auditoria.rs","7570","8761168c40a280dbaf39b7668225edbbc0f74652","https://github.com/juantoniolloretegea/SV-motor/blob/02d5aee5fafe71105e2a451273adba888e87308a/laboratorio/ensayo-ia-y-observabilidad/modelos-de-ia/openai/gpt-oss-safeguard-120b/tests-y-pruebas-efectuadas/arbitro-v3-20261002/fuentes-preservadas-v1/realizacion/instrumentacion/src/auditoria.rs"
"SV-motor","ensayo-ia-y-observabilidad","02d5aee5fafe71105e2a451273adba888e87308a","laboratorio/ensayo-ia-y-observabilidad/modelos-de-ia/openai/gpt-oss-safeguard-120b/tests-y-pruebas-efectuadas/arbitro-v3-20261002/fuentes-preservadas-v1/realizacion/instrumentacion/src/bin/admitir_n01.rs","1611","5fe74a9b0a30ed30ddac1402d28748fdfd466bc9","https://github.com/juantoniolloretegea/SV-motor/blob/02d5aee5fafe71105e2a451273adba888e87308a/laboratorio/ensayo-ia-y-observabilidad/modelos-de-ia/openai/gpt-oss-safeguard-120b/tests-y-pruebas-efectuadas/arbitro-v3-20261002/fuentes-preservadas-v1/realizacion/instrumentacion/src/bin/admitir_n01.rs"
"SV-motor","ensayo-ia-y-observabilidad","02d5aee5fafe71105e2a451273adba888e87308a","laboratorio/ensayo-ia-y-observabilidad/modelos-de-ia/openai/gpt-oss-safeguard-120b/tests-y-pruebas-efectuadas/arbitro-v3-20261002/fuentes-preservadas-v1/realizacion/instrumentacion/src/bin/admitir_v3.rs","13290","f1e0e319ee7532ed41a699659012104be505bb57","https://github.com/juantoniolloretegea/SV-motor/blob/02d5aee5fafe71105e2a451273adba888e87308a/laboratorio/ensayo-ia-y-observabilidad/modelos-de-ia/openai/gpt-oss-safeguard-120b/tests-y-pruebas-efectuadas/arbitro-v3-20261002/fuentes-preservadas-v1/realizacion/instrumentacion/src/bin/admitir_v3.rs"
"SV-motor","ensayo-ia-y-observabilidad","02d5aee5fafe71105e2a451273adba888e87308a","laboratorio/ensayo-ia-y-observabilidad/modelos-de-ia/openai/gpt-oss-safeguard-120b/tests-y-pruebas-efectuadas/arbitro-v3-20261002/fuentes-preservadas-v1/realizacion/instrumentacion/src/bin/balance_v3.rs","10267","588ece6895fe34b5dffafaf883c1777a4f7382f7","https://github.com/juantoniolloretegea/SV-motor/blob/02d5aee5fafe71105e2a451273adba888e87308a/laboratorio/ensayo-ia-y-observabilidad/modelos-de-ia/openai/gpt-oss-safeguard-120b/tests-y-pruebas-efectuadas/arbitro-v3-20261002/fuentes-preservadas-v1/realizacion/instrumentacion/src/bin/balance_v3.rs"
"SV-motor","ensayo-ia-y-observabilidad","02d5aee5fafe71105e2a451273adba888e87308a","laboratorio/ensayo-ia-y-observabilidad/modelos-de-ia/openai/gpt-oss-safeguard-120b/tests-y-pruebas-efectuadas/arbitro-v3-20261002/fuentes-preservadas-v1/realizacion/instrumentacion/src/bin/control_paso.rs","3071","b608b2eb7cbc63e6a41a0fb916a746c550204cc5","https://github.com/juantoniolloretegea/SV-motor/blob/02d5aee5fafe71105e2a451273adba888e87308a/laboratorio/ensayo-ia-y-observabilidad/modelos-de-ia/openai/gpt-oss-safeguard-120b/tests-y-pruebas-efectuadas/arbitro-v3-20261002/fuentes-preservadas-v1/realizacion/instrumentacion/src/bin/control_paso.rs"
"SV-motor","ensayo-ia-y-observabilidad","02d5aee5fafe71105e2a451273adba888e87308a","laboratorio/ensayo-ia-y-observabilidad/modelos-de-ia/openai/gpt-oss-safeguard-120b/tests-y-pruebas-efectuadas/arbitro-v3-20261002/fuentes-preservadas-v1/realizacion/instrumentacion/src/bin/cotejar_citas.rs","2583","fa8a862e48e93a2d810322270497fa70d0cd488e","https://github.com/juantoniolloretegea/SV-motor/blob/02d5aee5fafe71105e2a451273adba888e87308a/laboratorio/ensayo-ia-y-observabilidad/modelos-de-ia/openai/gpt-oss-safeguard-120b/tests-y-pruebas-efectuadas/arbitro-v3-20261002/fuentes-preservadas-v1/realizacion/instrumentacion/src/bin/cotejar_citas.rs"
"SV-motor","ensayo-ia-y-observabilidad","02d5aee5fafe71105e2a451273adba888e87308a","laboratorio/ensayo-ia-y-observabilidad/modelos-de-ia/openai/gpt-oss-safeguard-120b/tests-y-pruebas-efectuadas/arbitro-v3-20261002/fuentes-preservadas-v1/realizacion/instrumentacion/src/bin/examinar.rs","4489","2b2ae0b6ce2818a9f1dc88f7e6a3ca5fbb641d8f","https://github.com/juantoniolloretegea/SV-motor/blob/02d5aee5fafe71105e2a451273adba888e87308a/laboratorio/ensayo-ia-y-observabilidad/modelos-de-ia/openai/gpt-oss-safeguard-120b/tests-y-pruebas-efectuadas/arbitro-v3-20261002/fuentes-preservadas-v1/realizacion/instrumentacion/src/bin/examinar.rs"
"SV-motor","ensayo-ia-y-observabilidad","02d5aee5fafe71105e2a451273adba888e87308a","laboratorio/ensayo-ia-y-observabilidad/modelos-de-ia/openai/gpt-oss-safeguard-120b/tests-y-pruebas-efectuadas/arbitro-v3-20261002/fuentes-preservadas-v1/realizacion/instrumentacion/src/bin/publicar_control.rs","2201","db4febf8883ecb28f63ea9ccaf30f67145a29747","https://github.com/juantoniolloretegea/SV-motor/blob/02d5aee5fafe71105e2a451273adba888e87308a/laboratorio/ensayo-ia-y-observabilidad/modelos-de-ia/openai/gpt-oss-safeguard-120b/tests-y-pruebas-efectuadas/arbitro-v3-20261002/fuentes-preservadas-v1/realizacion/instrumentacion/src/bin/publicar_control.rs"
"SV-motor","ensayo-ia-y-observabilidad","02d5aee5fafe71105e2a451273adba888e87308a","laboratorio/ensayo-ia-y-observabilidad/modelos-de-ia/openai/gpt-oss-safeguard-120b/tests-y-pruebas-efectuadas/arbitro-v3-20261002/fuentes-preservadas-v1/realizacion/instrumentacion/src/ciclo.rs","5723","ab7d254199ea1a11f63a52bc6a6546962f850d45","https://github.com/juantoniolloretegea/SV-motor/blob/02d5aee5fafe71105e2a451273adba888e87308a/laboratorio/ensayo-ia-y-observabilidad/modelos-de-ia/openai/gpt-oss-safeguard-120b/tests-y-pruebas-efectuadas/arbitro-v3-20261002/fuentes-preservadas-v1/realizacion/instrumentacion/src/ciclo.rs"
"SV-motor","ensayo-ia-y-observabilidad","02d5aee5fafe71105e2a451273adba888e87308a","laboratorio/ensayo-ia-y-observabilidad/modelos-de-ia/openai/gpt-oss-safeguard-120b/tests-y-pruebas-efectuadas/arbitro-v3-20261002/fuentes-preservadas-v1/realizacion/instrumentacion/src/lib.rs","6984","60d9277020976ee790f59dde8dc57a601df06f0d","https://github.com/juantoniolloretegea/SV-motor/blob/02d5aee5fafe71105e2a451273adba888e87308a/laboratorio/ensayo-ia-y-observabilidad/modelos-de-ia/openai/gpt-oss-safeguard-120b/tests-y-pruebas-efectuadas/arbitro-v3-20261002/fuentes-preservadas-v1/realizacion/instrumentacion/src/lib.rs"
"SV-motor","ensayo-ia-y-observabilidad","02d5aee5fafe71105e2a451273adba888e87308a","laboratorio/ensayo-ia-y-observabilidad/modelos-de-ia/openai/gpt-oss-safeguard-120b/tests-y-pruebas-efectuadas/arbitro-v3-20261002/fuentes-preservadas-v1/realizacion/instrumentacion/src/ligaduras.rs","6360","f83ec531c3796e79f86206a71b2b9ec7bc490e7b","https://github.com/juantoniolloretegea/SV-motor/blob/02d5aee5fafe71105e2a451273adba888e87308a/laboratorio/ensayo-ia-y-observabilidad/modelos-de-ia/openai/gpt-oss-safeguard-120b/tests-y-pruebas-efectuadas/arbitro-v3-20261002/fuentes-preservadas-v1/realizacion/instrumentacion/src/ligaduras.rs"
"SV-motor","ensayo-ia-y-observabilidad","02d5aee5fafe71105e2a451273adba888e87308a","laboratorio/ensayo-ia-y-observabilidad/modelos-de-ia/openai/gpt-oss-safeguard-120b/tests-y-pruebas-efectuadas/arbitro-v3-20261002/fuentes-preservadas-v1/realizacion/instrumentacion/tests/continuacion.rs","4425","20125c1317e1ad939c972817cb574d2435db5a97","https://github.com/juantoniolloretegea/SV-motor/blob/02d5aee5fafe71105e2a451273adba888e87308a/laboratorio/ensayo-ia-y-observabilidad/modelos-de-ia/openai/gpt-oss-safeguard-120b/tests-y-pruebas-efectuadas/arbitro-v3-20261002/fuentes-preservadas-v1/realizacion/instrumentacion/tests/continuacion.rs"
"SV-motor","ensayo-ia-y-observabilidad","02d5aee5fafe71105e2a451273adba888e87308a","laboratorio/ensayo-ia-y-observabilidad/modelos-de-ia/openai/gpt-oss-safeguard-120b/tests-y-pruebas-efectuadas/arbitro-v3-20261002/fuentes-preservadas-v1/realizacion/instrumentacion/tests/recorrido.rs","6708","a8f9f1fe59b146c6784e710476c8c98e670c87fe","https://github.com/juantoniolloretegea/SV-motor/blob/02d5aee5fafe71105e2a451273adba888e87308a/laboratorio/ensayo-ia-y-observabilidad/modelos-de-ia/openai/gpt-oss-safeguard-120b/tests-y-pruebas-efectuadas/arbitro-v3-20261002/fuentes-preservadas-v1/realizacion/instrumentacion/tests/recorrido.rs"
"SV-motor","ensayo-ia-y-observabilidad","02d5aee5fafe71105e2a451273adba888e87308a","laboratorio/ensayo-ia-y-observabilidad/modelos-de-ia/openai/gpt-oss-safeguard-120b/tests-y-pruebas-efectuadas/arbitro-v3-20261002/fuentes-preservadas-v1/realizacion/verificador/Cargo.toml","358","0fc2ad308f25e875c464a3f167f586a76f112614","https://github.com/juantoniolloretegea/SV-motor/blob/02d5aee5fafe71105e2a451273adba888e87308a/laboratorio/ensayo-ia-y-observabilidad/modelos-de-ia/openai/gpt-oss-safeguard-120b/tests-y-pruebas-efectuadas/arbitro-v3-20261002/fuentes-preservadas-v1/realizacion/verificador/Cargo.toml"
"SV-motor","ensayo-ia-y-observabilidad","02d5aee5fafe71105e2a451273adba888e87308a","laboratorio/ensayo-ia-y-observabilidad/modelos-de-ia/openai/gpt-oss-safeguard-120b/tests-y-pruebas-efectuadas/arbitro-v3-20261002/fuentes-preservadas-v1/realizacion/verificador/src/main.rs","8088","067ccdbb052ed683771af8d32321a93e82e4cc74","https://github.com/juantoniolloretegea/SV-motor/blob/02d5aee5fafe71105e2a451273adba888e87308a/laboratorio/ensayo-ia-y-observabilidad/modelos-de-ia/openai/gpt-oss-safeguard-120b/tests-y-pruebas-efectuadas/arbitro-v3-20261002/fuentes-preservadas-v1/realizacion/verificador/src/main.rs"
"SV-motor","ensayo-ia-y-observabilidad","02d5aee5fafe71105e2a451273adba888e87308a","laboratorio/ensayo-ia-y-observabilidad/modelos-de-ia/openai/gpt-oss-safeguard-120b/tests-y-pruebas-efectuadas/arbitro-v3-20261002/fuentes-preservadas-v1/recuperacion-final-03/documentos/condiciones/consistencia-01/rectificacion-control/publicar_control_cons2.rs","2238","28d7edeb2f51ea14321c7e8f399bc30b48478bba","https://github.com/juantoniolloretegea/SV-motor/blob/02d5aee5fafe71105e2a451273adba888e87308a/laboratorio/ensayo-ia-y-observabilidad/modelos-de-ia/openai/gpt-oss-safeguard-120b/tests-y-pruebas-efectuadas/arbitro-v3-20261002/fuentes-preservadas-v1/recuperacion-final-03/documentos/condiciones/consistencia-01/rectificacion-control/publicar_control_cons2.rs"
"SV-motor","ensayo-ia-y-observabilidad","02d5aee5fafe71105e2a451273adba888e87308a","laboratorio/ensayo-ia-y-observabilidad/modelos-de-ia/openai/gpt-oss-safeguard-120b/tests-y-pruebas-efectuadas/arbitro-v3-20261002/fuentes-preservadas-v1/recuperado-preparacion/arbitro-v3/conductor/Cargo.lock","159679","9920db5f6189224881e124baa17d05eb767c2584","https://github.com/juantoniolloretegea/SV-motor/blob/02d5aee5fafe71105e2a451273adba888e87308a/laboratorio/ensayo-ia-y-observabilidad/modelos-de-ia/openai/gpt-oss-safeguard-120b/tests-y-pruebas-efectuadas/arbitro-v3-20261002/fuentes-preservadas-v1/recuperado-preparacion/arbitro-v3/conductor/Cargo.lock"
"SV-motor","ensayo-ia-y-observabilidad","02d5aee5fafe71105e2a451273adba888e87308a","laboratorio/ensayo-ia-y-observabilidad/modelos-de-ia/openai/gpt-oss-safeguard-120b/tests-y-pruebas-efectuadas/arbitro-v3-20261002/fuentes-preservadas-v1/recuperado-preparacion/arbitro-v3/custodio/Cargo.lock","5073","0814f36dede69c3cfdd9ca3834e887f3c817b1e2","https://github.com/juantoniolloretegea/SV-motor/blob/02d5aee5fafe71105e2a451273adba888e87308a/laboratorio/ensayo-ia-y-observabilidad/modelos-de-ia/openai/gpt-oss-safeguard-120b/tests-y-pruebas-efectuadas/arbitro-v3-20261002/fuentes-preservadas-v1/recuperado-preparacion/arbitro-v3/custodio/Cargo.lock"
"SV-motor","ensayo-ia-y-observabilidad","02d5aee5fafe71105e2a451273adba888e87308a","laboratorio/ensayo-ia-y-observabilidad/modelos-de-ia/openai/gpt-oss-safeguard-120b/tests-y-pruebas-efectuadas/arbitro-v3-20261002/fuentes-preservadas-v1/recuperado-preparacion/arbitro-v3/instrumentacion/Cargo.lock","4937","57b588c1b0635a666f1ac3315650c2440f4e4dd6","https://github.com/juantoniolloretegea/SV-motor/blob/02d5aee5fafe71105e2a451273adba888e87308a/laboratorio/ensayo-ia-y-observabilidad/modelos-de-ia/openai/gpt-oss-safeguard-120b/tests-y-pruebas-efectuadas/arbitro-v3-20261002/fuentes-preservadas-v1/recuperado-preparacion/arbitro-v3/instrumentacion/Cargo.lock"
"SV-motor","ensayo-ia-y-observabilidad","02d5aee5fafe71105e2a451273adba888e87308a","laboratorio/ensayo-ia-y-observabilidad/modelos-de-ia/openai/gpt-oss-safeguard-120b/tests-y-pruebas-efectuadas/arbitro-v3-20261002/fuentes-preservadas-v1/recuperado-preparacion/arbitro-v3/verificador/Cargo.lock","20697","d206755790cff67df6be00fefd6f0e91866e995e","https://github.com/juantoniolloretegea/SV-motor/blob/02d5aee5fafe71105e2a451273adba888e87308a/laboratorio/ensayo-ia-y-observabilidad/modelos-de-ia/openai/gpt-oss-safeguard-120b/tests-y-pruebas-efectuadas/arbitro-v3-20261002/fuentes-preservadas-v1/recuperado-preparacion/arbitro-v3/verificador/Cargo.lock"
"SV-motor","ensayo-ia-y-observabilidad","02d5aee5fafe71105e2a451273adba888e87308a","laboratorio/ensayo-ia-y-observabilidad/modelos-de-ia/openai/gpt-oss-safeguard-120b/tests-y-pruebas-efectuadas/arbitro-v3-20261002/fuentes-preservadas-v1/recuperado-preparacion/fuentes/mistral.rs/Cargo.lock","201237","620aa45e5703caa6c33965941b789cd5d66c02e7","https://github.com/juantoniolloretegea/SV-motor/blob/02d5aee5fafe71105e2a451273adba888e87308a/laboratorio/ensayo-ia-y-observabilidad/modelos-de-ia/openai/gpt-oss-safeguard-120b/tests-y-pruebas-efectuadas/arbitro-v3-20261002/fuentes-preservadas-v1/recuperado-preparacion/fuentes/mistral.rs/Cargo.lock"
"SV-motor","ensayo-ia-y-observabilidad","02d5aee5fafe71105e2a451273adba888e87308a","laboratorio/ensayo-ia-y-observabilidad/modelos-de-ia/openai/gpt-oss-safeguard-120b/tests-y-pruebas-efectuadas/arbitro-v3-20261002/fuentes-preservadas-v1/verificador-Cargo-inicial.toml","351","12df0557c593460c7e76d3ad1dcc3a5f1c43c738","https://github.com/juantoniolloretegea/SV-motor/blob/02d5aee5fafe71105e2a451273adba888e87308a/laboratorio/ensayo-ia-y-observabilidad/modelos-de-ia/openai/gpt-oss-safeguard-120b/tests-y-pruebas-efectuadas/arbitro-v3-20261002/fuentes-preservadas-v1/verificador-Cargo-inicial.toml"
"SV-motor","ensayo-ia-y-observabilidad","02d5aee5fafe71105e2a451273adba888e87308a","laboratorio/ensayo-ia-y-observabilidad/modelos-de-ia/qwen/qwen3-next-80b-a3B-instruct/tests-y-pruebas-efectuadas/calculo-configuracion-20260929/calculo.rs","1525","bad0d88ff139e9742357a1054a6c56e231ec856b","https://github.com/juantoniolloretegea/SV-motor/blob/02d5aee5fafe71105e2a451273adba888e87308a/laboratorio/ensayo-ia-y-observabilidad/modelos-de-ia/qwen/qwen3-next-80b-a3B-instruct/tests-y-pruebas-efectuadas/calculo-configuracion-20260929/calculo.rs"
"SV-motor","ensayo-ia-y-observabilidad","02d5aee5fafe71105e2a451273adba888e87308a","laboratorio/ensayo-ia-y-observabilidad/modelos-de-ia/qwen/qwen3-next-80b-a3B-instruct/tests-y-pruebas-efectuadas/realizacion-rust/control-v7-20261001/cerrar-campana.rs","5574","a1d8c58cfa2d657d51a6942db4b8a21a876523c5","https://github.com/juantoniolloretegea/SV-motor/blob/02d5aee5fafe71105e2a451273adba888e87308a/laboratorio/ensayo-ia-y-observabilidad/modelos-de-ia/qwen/qwen3-next-80b-a3B-instruct/tests-y-pruebas-efectuadas/realizacion-rust/control-v7-20261001/cerrar-campana.rs"
"SV-motor","ensayo-ia-y-observabilidad","02d5aee5fafe71105e2a451273adba888e87308a","laboratorio/ensayo-ia-y-observabilidad/modelos-de-ia/qwen/qwen3-next-80b-a3B-instruct/tests-y-pruebas-efectuadas/realizacion-rust/control-v7-20261001/cerrar-continuidad.rs","3358","36743d8313e7d66f7e3fa0f66931430577493a7e","https://github.com/juantoniolloretegea/SV-motor/blob/02d5aee5fafe71105e2a451273adba888e87308a/laboratorio/ensayo-ia-y-observabilidad/modelos-de-ia/qwen/qwen3-next-80b-a3B-instruct/tests-y-pruebas-efectuadas/realizacion-rust/control-v7-20261001/cerrar-continuidad.rs"
"SV-motor","ensayo-ia-y-observabilidad","02d5aee5fafe71105e2a451273adba888e87308a","laboratorio/ensayo-ia-y-observabilidad/modelos-de-ia/qwen/qwen3-next-80b-a3B-instruct/tests-y-pruebas-efectuadas/realizacion-rust/control-v7-20261001/completion_policy.rs","3744","95cade1936321379e3e183373f0cf57f7eb6451d","https://github.com/juantoniolloretegea/SV-motor/blob/02d5aee5fafe71105e2a451273adba888e87308a/laboratorio/ensayo-ia-y-observabilidad/modelos-de-ia/qwen/qwen3-next-80b-a3B-instruct/tests-y-pruebas-efectuadas/realizacion-rust/control-v7-20261001/completion_policy.rs"
"SV-motor","ensayo-ia-y-observabilidad","02d5aee5fafe71105e2a451273adba888e87308a","laboratorio/ensayo-ia-y-observabilidad/modelos-de-ia/qwen/qwen3-next-80b-a3B-instruct/tests-y-pruebas-efectuadas/realizacion-rust/control-v7-20261001/conservar-preintento.rs","1002","e19c8b46164a35c4cdb1572aa3c1c30c9a08530b","https://github.com/juantoniolloretegea/SV-motor/blob/02d5aee5fafe71105e2a451273adba888e87308a/laboratorio/ensayo-ia-y-observabilidad/modelos-de-ia/qwen/qwen3-next-80b-a3B-instruct/tests-y-pruebas-efectuadas/realizacion-rust/control-v7-20261001/conservar-preintento.rs"
"SV-motor","ensayo-ia-y-observabilidad","02d5aee5fafe71105e2a451273adba888e87308a","laboratorio/ensayo-ia-y-observabilidad/modelos-de-ia/qwen/qwen3-next-80b-a3B-instruct/tests-y-pruebas-efectuadas/realizacion-rust/control-v7-20261001/consulta_query_tests.rs","2228","7f3b3d15b564cf27d8c404877b05572c37f8c8ba","https://github.com/juantoniolloretegea/SV-motor/blob/02d5aee5fafe71105e2a451273adba888e87308a/laboratorio/ensayo-ia-y-observabilidad/modelos-de-ia/qwen/qwen3-next-80b-a3B-instruct/tests-y-pruebas-efectuadas/realizacion-rust/control-v7-20261001/consulta_query_tests.rs"
"SV-motor","ensayo-ia-y-observabilidad","02d5aee5fafe71105e2a451273adba888e87308a","laboratorio/ensayo-ia-y-observabilidad/modelos-de-ia/qwen/qwen3-next-80b-a3B-instruct/tests-y-pruebas-efectuadas/realizacion-rust/control-v7-20261001/consulta_recovery.rs","9059","1d901dd32b9fba5ff78d0b2dc2dabc43149d23fe","https://github.com/juantoniolloretegea/SV-motor/blob/02d5aee5fafe71105e2a451273adba888e87308a/laboratorio/ensayo-ia-y-observabilidad/modelos-de-ia/qwen/qwen3-next-80b-a3B-instruct/tests-y-pruebas-efectuadas/realizacion-rust/control-v7-20261001/consulta_recovery.rs"
"SV-motor","ensayo-ia-y-observabilidad","02d5aee5fafe71105e2a451273adba888e87308a","laboratorio/ensayo-ia-y-observabilidad/modelos-de-ia/qwen/qwen3-next-80b-a3B-instruct/tests-y-pruebas-efectuadas/realizacion-rust/control-v7-20261001/entrega-09/cerrar-campana.rs","5574","a1d8c58cfa2d657d51a6942db4b8a21a876523c5","https://github.com/juantoniolloretegea/SV-motor/blob/02d5aee5fafe71105e2a451273adba888e87308a/laboratorio/ensayo-ia-y-observabilidad/modelos-de-ia/qwen/qwen3-next-80b-a3B-instruct/tests-y-pruebas-efectuadas/realizacion-rust/control-v7-20261001/entrega-09/cerrar-campana.rs"
"SV-motor","ensayo-ia-y-observabilidad","02d5aee5fafe71105e2a451273adba888e87308a","laboratorio/ensayo-ia-y-observabilidad/modelos-de-ia/qwen/qwen3-next-80b-a3B-instruct/tests-y-pruebas-efectuadas/realizacion-rust/control-v7-20261001/entrega-09/comprobar-documentacion.rs","2744","961de4de1da135ac9e46b4755a10f8a91225f521","https://github.com/juantoniolloretegea/SV-motor/blob/02d5aee5fafe71105e2a451273adba888e87308a/laboratorio/ensayo-ia-y-observabilidad/modelos-de-ia/qwen/qwen3-next-80b-a3B-instruct/tests-y-pruebas-efectuadas/realizacion-rust/control-v7-20261001/entrega-09/comprobar-documentacion.rs"
"SV-motor","ensayo-ia-y-observabilidad","02d5aee5fafe71105e2a451273adba888e87308a","laboratorio/ensayo-ia-y-observabilidad/modelos-de-ia/qwen/qwen3-next-80b-a3B-instruct/tests-y-pruebas-efectuadas/realizacion-rust/control-v7-20261001/entrega-09/cotejo-objetos.rs","4649","5c2ef7a246505ef314c7b034ee110f29f3e73d6e","https://github.com/juantoniolloretegea/SV-motor/blob/02d5aee5fafe71105e2a451273adba888e87308a/laboratorio/ensayo-ia-y-observabilidad/modelos-de-ia/qwen/qwen3-next-80b-a3B-instruct/tests-y-pruebas-efectuadas/realizacion-rust/control-v7-20261001/entrega-09/cotejo-objetos.rs"
"SV-motor","ensayo-ia-y-observabilidad","02d5aee5fafe71105e2a451273adba888e87308a","laboratorio/ensayo-ia-y-observabilidad/modelos-de-ia/qwen/qwen3-next-80b-a3B-instruct/tests-y-pruebas-efectuadas/realizacion-rust/control-v7-20261001/entrega-09/custodia-final-v7.rs","9685","68d444a26e3bfb471c709789be7cfb5ab00c00cd","https://github.com/juantoniolloretegea/SV-motor/blob/02d5aee5fafe71105e2a451273adba888e87308a/laboratorio/ensayo-ia-y-observabilidad/modelos-de-ia/qwen/qwen3-next-80b-a3B-instruct/tests-y-pruebas-efectuadas/realizacion-rust/control-v7-20261001/entrega-09/custodia-final-v7.rs"
"SV-motor","ensayo-ia-y-observabilidad","02d5aee5fafe71105e2a451273adba888e87308a","laboratorio/ensayo-ia-y-observabilidad/modelos-de-ia/qwen/qwen3-next-80b-a3B-instruct/tests-y-pruebas-efectuadas/realizacion-rust/control-v7-20261001/entrega-09/listar-entrega.rs","1354","4a9e1e244a731a3fccd149eec8765802f7f03dd9","https://github.com/juantoniolloretegea/SV-motor/blob/02d5aee5fafe71105e2a451273adba888e87308a/laboratorio/ensayo-ia-y-observabilidad/modelos-de-ia/qwen/qwen3-next-80b-a3B-instruct/tests-y-pruebas-efectuadas/realizacion-rust/control-v7-20261001/entrega-09/listar-entrega.rs"
"SV-motor","ensayo-ia-y-observabilidad","02d5aee5fafe71105e2a451273adba888e87308a","laboratorio/ensayo-ia-y-observabilidad/modelos-de-ia/qwen/qwen3-next-80b-a3B-instruct/tests-y-pruebas-efectuadas/realizacion-rust/control-v7-20261001/entrega-09/preparar-custodia.rs","2133","932af8e3cd54a08a7b659d529a138d6424868538","https://github.com/juantoniolloretegea/SV-motor/blob/02d5aee5fafe71105e2a451273adba888e87308a/laboratorio/ensayo-ia-y-observabilidad/modelos-de-ia/qwen/qwen3-next-80b-a3B-instruct/tests-y-pruebas-efectuadas/realizacion-rust/control-v7-20261001/entrega-09/preparar-custodia.rs"
"SV-motor","ensayo-ia-y-observabilidad","02d5aee5fafe71105e2a451273adba888e87308a","laboratorio/ensayo-ia-y-observabilidad/modelos-de-ia/qwen/qwen3-next-80b-a3B-instruct/tests-y-pruebas-efectuadas/realizacion-rust/control-v7-20261001/entrega-09/publicacion-concordante.rs","10975","1c029d33cc80b2adfef0a0f197efdb0b903efb40","https://github.com/juantoniolloretegea/SV-motor/blob/02d5aee5fafe71105e2a451273adba888e87308a/laboratorio/ensayo-ia-y-observabilidad/modelos-de-ia/qwen/qwen3-next-80b-a3B-instruct/tests-y-pruebas-efectuadas/realizacion-rust/control-v7-20261001/entrega-09/publicacion-concordante.rs"
"SV-motor","ensayo-ia-y-observabilidad","02d5aee5fafe71105e2a451273adba888e87308a","laboratorio/ensayo-ia-y-observabilidad/modelos-de-ia/qwen/qwen3-next-80b-a3B-instruct/tests-y-pruebas-efectuadas/realizacion-rust/control-v7-20261001/entrega-09/revision-web.rs","7701","cdd851e942fdc56d66054aa238d60b43fb29cd24","https://github.com/juantoniolloretegea/SV-motor/blob/02d5aee5fafe71105e2a451273adba888e87308a/laboratorio/ensayo-ia-y-observabilidad/modelos-de-ia/qwen/qwen3-next-80b-a3B-instruct/tests-y-pruebas-efectuadas/realizacion-rust/control-v7-20261001/entrega-09/revision-web.rs"
"SV-motor","ensayo-ia-y-observabilidad","02d5aee5fafe71105e2a451273adba888e87308a","laboratorio/ensayo-ia-y-observabilidad/modelos-de-ia/qwen/qwen3-next-80b-a3B-instruct/tests-y-pruebas-efectuadas/realizacion-rust/control-v7-20261001/gestionar-parametros.rs","13504","f0d2f9bd171eb4e8d2ddc841bab6a669da8eb759","https://github.com/juantoniolloretegea/SV-motor/blob/02d5aee5fafe71105e2a451273adba888e87308a/laboratorio/ensayo-ia-y-observabilidad/modelos-de-ia/qwen/qwen3-next-80b-a3B-instruct/tests-y-pruebas-efectuadas/realizacion-rust/control-v7-20261001/gestionar-parametros.rs"
"SV-motor","ensayo-ia-y-observabilidad","02d5aee5fafe71105e2a451273adba888e87308a","laboratorio/ensayo-ia-y-observabilidad/modelos-de-ia/qwen/qwen3-next-80b-a3B-instruct/tests-y-pruebas-efectuadas/realizacion-rust/control-v7-20261001/inspeccionar-enlace.rs","2013","bac2fbbb2397dd13f4583a49f19ae67df2198a03","https://github.com/juantoniolloretegea/SV-motor/blob/02d5aee5fafe71105e2a451273adba888e87308a/laboratorio/ensayo-ia-y-observabilidad/modelos-de-ia/qwen/qwen3-next-80b-a3B-instruct/tests-y-pruebas-efectuadas/realizacion-rust/control-v7-20261001/inspeccionar-enlace.rs"
"SV-motor","ensayo-ia-y-observabilidad","02d5aee5fafe71105e2a451273adba888e87308a","laboratorio/ensayo-ia-y-observabilidad/modelos-de-ia/qwen/qwen3-next-80b-a3B-instruct/tests-y-pruebas-efectuadas/realizacion-rust/control-v7-20261001/inspeccionar-observador-final.rs","2003","e31e93b5fcec75c70e4a4e22d7ffd2b3053e5c43","https://github.com/juantoniolloretegea/SV-motor/blob/02d5aee5fafe71105e2a451273adba888e87308a/laboratorio/ensayo-ia-y-observabilidad/modelos-de-ia/qwen/qwen3-next-80b-a3B-instruct/tests-y-pruebas-efectuadas/realizacion-rust/control-v7-20261001/inspeccionar-observador-final.rs"
"SV-motor","ensayo-ia-y-observabilidad","02d5aee5fafe71105e2a451273adba888e87308a","laboratorio/ensayo-ia-y-observabilidad/modelos-de-ia/qwen/qwen3-next-80b-a3B-instruct/tests-y-pruebas-efectuadas/realizacion-rust/control-v7-20261001/param_query_tests.rs","2783","e0260906f7bc474b6f27aee0b450750531883e6c","https://github.com/juantoniolloretegea/SV-motor/blob/02d5aee5fafe71105e2a451273adba888e87308a/laboratorio/ensayo-ia-y-observabilidad/modelos-de-ia/qwen/qwen3-next-80b-a3B-instruct/tests-y-pruebas-efectuadas/realizacion-rust/control-v7-20261001/param_query_tests.rs"
"SV-motor","ensayo-ia-y-observabilidad","02d5aee5fafe71105e2a451273adba888e87308a","laboratorio/ensayo-ia-y-observabilidad/modelos-de-ia/qwen/qwen3-next-80b-a3B-instruct/tests-y-pruebas-efectuadas/realizacion-rust/control-v7-20261001/param_recovery.rs","9025","b0fa36a7c7aa52bb96046233a020e20b83ffd0a7","https://github.com/juantoniolloretegea/SV-motor/blob/02d5aee5fafe71105e2a451273adba888e87308a/laboratorio/ensayo-ia-y-observabilidad/modelos-de-ia/qwen/qwen3-next-80b-a3B-instruct/tests-y-pruebas-efectuadas/realizacion-rust/control-v7-20261001/param_recovery.rs"
"SV-motor","ensayo-ia-y-observabilidad","02d5aee5fafe71105e2a451273adba888e87308a","laboratorio/ensayo-ia-y-observabilidad/modelos-de-ia/qwen/qwen3-next-80b-a3B-instruct/tests-y-pruebas-efectuadas/realizacion-rust/control-v7-20261001/preparar-consulta.rs","10742","c38c1e91d67658e4fb051ace7920adfdf6267c34","https://github.com/juantoniolloretegea/SV-motor/blob/02d5aee5fafe71105e2a451273adba888e87308a/laboratorio/ensayo-ia-y-observabilidad/modelos-de-ia/qwen/qwen3-next-80b-a3B-instruct/tests-y-pruebas-efectuadas/realizacion-rust/control-v7-20261001/preparar-consulta.rs"
"SV-motor","ensayo-ia-y-observabilidad","02d5aee5fafe71105e2a451273adba888e87308a","laboratorio/ensayo-ia-y-observabilidad/modelos-de-ia/qwen/qwen3-next-80b-a3B-instruct/tests-y-pruebas-efectuadas/realizacion-rust/control-v7-20261001/preparar-parametros.rs","4824","863f1dc31cfb6cff428afa1c38f7593f0dd42f2a","https://github.com/juantoniolloretegea/SV-motor/blob/02d5aee5fafe71105e2a451273adba888e87308a/laboratorio/ensayo-ia-y-observabilidad/modelos-de-ia/qwen/qwen3-next-80b-a3B-instruct/tests-y-pruebas-efectuadas/realizacion-rust/control-v7-20261001/preparar-parametros.rs"
"SV-motor","ensayo-ia-y-observabilidad","02d5aee5fafe71105e2a451273adba888e87308a","laboratorio/ensayo-ia-y-observabilidad/modelos-de-ia/qwen/qwen3-next-80b-a3B-instruct/tests-y-pruebas-efectuadas/realizacion-rust/control-v7-20261001/retirar-enlace-final.rs","2011","6fc8827aea92a5d473e3661dd7d1786312d098c9","https://github.com/juantoniolloretegea/SV-motor/blob/02d5aee5fafe71105e2a451273adba888e87308a/laboratorio/ensayo-ia-y-observabilidad/modelos-de-ia/qwen/qwen3-next-80b-a3B-instruct/tests-y-pruebas-efectuadas/realizacion-rust/control-v7-20261001/retirar-enlace-final.rs"
"SV-motor","ensayo-ia-y-observabilidad","02d5aee5fafe71105e2a451273adba888e87308a","laboratorio/ensayo-ia-y-observabilidad/modelos-de-ia/qwen/qwen3-next-80b-a3B-instruct/tests-y-pruebas-efectuadas/realizacion-rust/control-v7-20261001/retirar-revision-web.rs","1998","16c99a0b2d56d6da7a317233522dcb66fc411d81","https://github.com/juantoniolloretegea/SV-motor/blob/02d5aee5fafe71105e2a451273adba888e87308a/laboratorio/ensayo-ia-y-observabilidad/modelos-de-ia/qwen/qwen3-next-80b-a3B-instruct/tests-y-pruebas-efectuadas/realizacion-rust/control-v7-20261001/retirar-revision-web.rs"
"SV-motor","ensayo-ia-y-observabilidad","02d5aee5fafe71105e2a451273adba888e87308a","laboratorio/ensayo-ia-y-observabilidad/modelos-de-ia/qwen/qwen3.5-122b-a10b-q8-0/preevaluacion-20261004/ensayo-1/A/A0/FRAME.html","18559","9d32332af2dfcc44b7b8a5a28b26fcf9c78d6003","https://github.com/juantoniolloretegea/SV-motor/blob/02d5aee5fafe71105e2a451273adba888e87308a/laboratorio/ensayo-ia-y-observabilidad/modelos-de-ia/qwen/qwen3.5-122b-a10b-q8-0/preevaluacion-20261004/ensayo-1/A/A0/FRAME.html"
"SV-motor","ensayo-ia-y-observabilidad","02d5aee5fafe71105e2a451273adba888e87308a","laboratorio/ensayo-ia-y-observabilidad/modelos-de-ia/qwen/qwen3.5-122b-a10b-q8-0/preevaluacion-20261004/realizacion-rust/cierre-r1/auditoria-rust/Cargo.lock","4877","c41d7ada2eb4c472ab9bc6f6b9ace1e0b465e536","https://github.com/juantoniolloretegea/SV-motor/blob/02d5aee5fafe71105e2a451273adba888e87308a/laboratorio/ensayo-ia-y-observabilidad/modelos-de-ia/qwen/qwen3.5-122b-a10b-q8-0/preevaluacion-20261004/realizacion-rust/cierre-r1/auditoria-rust/Cargo.lock"
"SV-motor","ensayo-ia-y-observabilidad","02d5aee5fafe71105e2a451273adba888e87308a","laboratorio/ensayo-ia-y-observabilidad/modelos-de-ia/qwen/qwen3.5-122b-a10b-q8-0/preevaluacion-20261004/realizacion-rust/cierre-r1/auditoria-rust/Cargo.toml","278","ee2023e6f513e3711091cc1d19cd4efdb53d4fa2","https://github.com/juantoniolloretegea/SV-motor/blob/02d5aee5fafe71105e2a451273adba888e87308a/laboratorio/ensayo-ia-y-observabilidad/modelos-de-ia/qwen/qwen3.5-122b-a10b-q8-0/preevaluacion-20261004/realizacion-rust/cierre-r1/auditoria-rust/Cargo.toml"
"SV-motor","ensayo-ia-y-observabilidad","02d5aee5fafe71105e2a451273adba888e87308a","laboratorio/ensayo-ia-y-observabilidad/modelos-de-ia/qwen/qwen3.5-122b-a10b-q8-0/preevaluacion-20261004/realizacion-rust/cierre-r1/auditoria-rust/src/contrato.rs","2586","5061b0d85e90b9d378350c2f071aa229c066d98c","https://github.com/juantoniolloretegea/SV-motor/blob/02d5aee5fafe71105e2a451273adba888e87308a/laboratorio/ensayo-ia-y-observabilidad/modelos-de-ia/qwen/qwen3.5-122b-a10b-q8-0/preevaluacion-20261004/realizacion-rust/cierre-r1/auditoria-rust/src/contrato.rs"
"SV-motor","ensayo-ia-y-observabilidad","02d5aee5fafe71105e2a451273adba888e87308a","laboratorio/ensayo-ia-y-observabilidad/modelos-de-ia/qwen/qwen3.5-122b-a10b-q8-0/preevaluacion-20261004/realizacion-rust/cierre-r1/auditoria-rust/src/custodia.rs","1845","c7856a1b5139bbc2dd471d4edd32771eb16828d2","https://github.com/juantoniolloretegea/SV-motor/blob/02d5aee5fafe71105e2a451273adba888e87308a/laboratorio/ensayo-ia-y-observabilidad/modelos-de-ia/qwen/qwen3.5-122b-a10b-q8-0/preevaluacion-20261004/realizacion-rust/cierre-r1/auditoria-rust/src/custodia.rs"
"SV-motor","ensayo-ia-y-observabilidad","02d5aee5fafe71105e2a451273adba888e87308a","laboratorio/ensayo-ia-y-observabilidad/modelos-de-ia/qwen/qwen3.5-122b-a10b-q8-0/preevaluacion-20261004/realizacion-rust/cierre-r1/auditoria-rust/src/diarios.rs","2391","5b7ce29177ea3cc159e0ef787054a15a304989ae","https://github.com/juantoniolloretegea/SV-motor/blob/02d5aee5fafe71105e2a451273adba888e87308a/laboratorio/ensayo-ia-y-observabilidad/modelos-de-ia/qwen/qwen3.5-122b-a10b-q8-0/preevaluacion-20261004/realizacion-rust/cierre-r1/auditoria-rust/src/diarios.rs"
"SV-motor","ensayo-ia-y-observabilidad","02d5aee5fafe71105e2a451273adba888e87308a","laboratorio/ensayo-ia-y-observabilidad/modelos-de-ia/qwen/qwen3.5-122b-a10b-q8-0/preevaluacion-20261004/realizacion-rust/cierre-r1/auditoria-rust/src/estricto.rs","2718","fb83b1247487bb7111853163cf7e78b27cfc0b1a","https://github.com/juantoniolloretegea/SV-motor/blob/02d5aee5fafe71105e2a451273adba888e87308a/laboratorio/ensayo-ia-y-observabilidad/modelos-de-ia/qwen/qwen3.5-122b-a10b-q8-0/preevaluacion-20261004/realizacion-rust/cierre-r1/auditoria-rust/src/estricto.rs"
"SV-motor","ensayo-ia-y-observabilidad","02d5aee5fafe71105e2a451273adba888e87308a","laboratorio/ensayo-ia-y-observabilidad/modelos-de-ia/qwen/qwen3.5-122b-a10b-q8-0/preevaluacion-20261004/realizacion-rust/cierre-r1/auditoria-rust/src/main.rs","10304","3e2de5892a723c0b16a7b1122d7d0a442e2575e0","https://github.com/juantoniolloretegea/SV-motor/blob/02d5aee5fafe71105e2a451273adba888e87308a/laboratorio/ensayo-ia-y-observabilidad/modelos-de-ia/qwen/qwen3.5-122b-a10b-q8-0/preevaluacion-20261004/realizacion-rust/cierre-r1/auditoria-rust/src/main.rs"
"SV-motor","ensayo-ia-y-observabilidad","02d5aee5fafe71105e2a451273adba888e87308a","laboratorio/ensayo-ia-y-observabilidad/modelos-de-ia/qwen/qwen3.5-122b-a10b-q8-0/preevaluacion-20261004/realizacion-rust/cierre-r1/auditoria-rust/src/puntuacion.rs","11043","84388548d03c54ddbc1d290717e6ed35c2dec977","https://github.com/juantoniolloretegea/SV-motor/blob/02d5aee5fafe71105e2a451273adba888e87308a/laboratorio/ensayo-ia-y-observabilidad/modelos-de-ia/qwen/qwen3.5-122b-a10b-q8-0/preevaluacion-20261004/realizacion-rust/cierre-r1/auditoria-rust/src/puntuacion.rs"
"SV-motor","ensayo-ia-y-observabilidad","02d5aee5fafe71105e2a451273adba888e87308a","laboratorio/ensayo-ia-y-observabilidad/modelos-de-ia/qwen/qwen3.5-122b-a10b-q8-0/preevaluacion-20261004/realizacion-rust/cierre-r1/auditoria-rust/src/transiciones.rs","4386","e95303373ade42f9cd7bc5096d8858b860cd888c","https://github.com/juantoniolloretegea/SV-motor/blob/02d5aee5fafe71105e2a451273adba888e87308a/laboratorio/ensayo-ia-y-observabilidad/modelos-de-ia/qwen/qwen3.5-122b-a10b-q8-0/preevaluacion-20261004/realizacion-rust/cierre-r1/auditoria-rust/src/transiciones.rs"
"SV-motor","ensayo-ia-y-observabilidad","02d5aee5fafe71105e2a451273adba888e87308a","laboratorio/ensayo-ia-y-observabilidad/modelos-de-ia/qwen/qwen3.5-122b-a10b-q8-0/preevaluacion-20261004/realizacion-rust/cierre-r1/conductor/Cargo.lock","38686","ea8e8fcf3cb6b4b3515d5d8e9332cbcf4249985e","https://github.com/juantoniolloretegea/SV-motor/blob/02d5aee5fafe71105e2a451273adba888e87308a/laboratorio/ensayo-ia-y-observabilidad/modelos-de-ia/qwen/qwen3.5-122b-a10b-q8-0/preevaluacion-20261004/realizacion-rust/cierre-r1/conductor/Cargo.lock"
"SV-motor","ensayo-ia-y-observabilidad","02d5aee5fafe71105e2a451273adba888e87308a","laboratorio/ensayo-ia-y-observabilidad/modelos-de-ia/qwen/qwen3.5-122b-a10b-q8-0/preevaluacion-20261004/realizacion-rust/cierre-r1/conductor/Cargo.toml","496","9984da477f156987d02664ba3c90c46ea6419d3f","https://github.com/juantoniolloretegea/SV-motor/blob/02d5aee5fafe71105e2a451273adba888e87308a/laboratorio/ensayo-ia-y-observabilidad/modelos-de-ia/qwen/qwen3.5-122b-a10b-q8-0/preevaluacion-20261004/realizacion-rust/cierre-r1/conductor/Cargo.toml"
"SV-motor","ensayo-ia-y-observabilidad","02d5aee5fafe71105e2a451273adba888e87308a","laboratorio/ensayo-ia-y-observabilidad/modelos-de-ia/qwen/qwen3.5-122b-a10b-q8-0/preevaluacion-20261004/realizacion-rust/cierre-r1/conductor/src/bin/manifestar.rs","1826","e0fdad223cd89ccf95ddff86ad20b74b5cdc4dc4","https://github.com/juantoniolloretegea/SV-motor/blob/02d5aee5fafe71105e2a451273adba888e87308a/laboratorio/ensayo-ia-y-observabilidad/modelos-de-ia/qwen/qwen3.5-122b-a10b-q8-0/preevaluacion-20261004/realizacion-rust/cierre-r1/conductor/src/bin/manifestar.rs"
"SV-motor","ensayo-ia-y-observabilidad","02d5aee5fafe71105e2a451273adba888e87308a","laboratorio/ensayo-ia-y-observabilidad/modelos-de-ia/qwen/qwen3.5-122b-a10b-q8-0/preevaluacion-20261004/realizacion-rust/cierre-r1/conductor/src/bin/medir_salida.rs","4504","b5e081315a7cc528cbf084f663fd6eef3f0af409","https://github.com/juantoniolloretegea/SV-motor/blob/02d5aee5fafe71105e2a451273adba888e87308a/laboratorio/ensayo-ia-y-observabilidad/modelos-de-ia/qwen/qwen3.5-122b-a10b-q8-0/preevaluacion-20261004/realizacion-rust/cierre-r1/conductor/src/bin/medir_salida.rs"
"SV-motor","ensayo-ia-y-observabilidad","02d5aee5fafe71105e2a451273adba888e87308a","laboratorio/ensayo-ia-y-observabilidad/modelos-de-ia/qwen/qwen3.5-122b-a10b-q8-0/preevaluacion-20261004/realizacion-rust/cierre-r1/conductor/src/bin/medir.rs","6805","92299000bc1d8cb685e301543237d96fbe1fc95d","https://github.com/juantoniolloretegea/SV-motor/blob/02d5aee5fafe71105e2a451273adba888e87308a/laboratorio/ensayo-ia-y-observabilidad/modelos-de-ia/qwen/qwen3.5-122b-a10b-q8-0/preevaluacion-20261004/realizacion-rust/cierre-r1/conductor/src/bin/medir.rs"
"SV-motor","ensayo-ia-y-observabilidad","02d5aee5fafe71105e2a451273adba888e87308a","laboratorio/ensayo-ia-y-observabilidad/modelos-de-ia/qwen/qwen3.5-122b-a10b-q8-0/preevaluacion-20261004/realizacion-rust/cierre-r1/conductor/src/main.rs","22315","a2d781c14794b7891903517dd29a9b6d87adce63","https://github.com/juantoniolloretegea/SV-motor/blob/02d5aee5fafe71105e2a451273adba888e87308a/laboratorio/ensayo-ia-y-observabilidad/modelos-de-ia/qwen/qwen3.5-122b-a10b-q8-0/preevaluacion-20261004/realizacion-rust/cierre-r1/conductor/src/main.rs"
"SV-motor","ensayo-ia-y-observabilidad","02d5aee5fafe71105e2a451273adba888e87308a","laboratorio/ensayo-ia-y-observabilidad/modelos-de-ia/qwen/qwen3.5-122b-a10b-q8-0/preevaluacion-20261004/realizacion-rust/cierre-r1/conductor/src/tokenizacion.rs","5376","62496450c67601b692c3321565eccafb989027c5","https://github.com/juantoniolloretegea/SV-motor/blob/02d5aee5fafe71105e2a451273adba888e87308a/laboratorio/ensayo-ia-y-observabilidad/modelos-de-ia/qwen/qwen3.5-122b-a10b-q8-0/preevaluacion-20261004/realizacion-rust/cierre-r1/conductor/src/tokenizacion.rs"
"SV-motor","ensayo-ia-y-observabilidad","02d5aee5fafe71105e2a451273adba888e87308a","laboratorio/ensayo-ia-y-observabilidad/modelos-de-ia/qwen/qwen3.5-122b-a10b-q8-0/preevaluacion-20261004/realizacion-rust/cierre-r1/realizacion-rust/Cargo.lock","5126","558630f400784efdf4089a6b4b8983f5eda5da04","https://github.com/juantoniolloretegea/SV-motor/blob/02d5aee5fafe71105e2a451273adba888e87308a/laboratorio/ensayo-ia-y-observabilidad/modelos-de-ia/qwen/qwen3.5-122b-a10b-q8-0/preevaluacion-20261004/realizacion-rust/cierre-r1/realizacion-rust/Cargo.lock"
"SV-motor","ensayo-ia-y-observabilidad","02d5aee5fafe71105e2a451273adba888e87308a","laboratorio/ensayo-ia-y-observabilidad/modelos-de-ia/qwen/qwen3.5-122b-a10b-q8-0/preevaluacion-20261004/realizacion-rust/cierre-r1/realizacion-rust/Cargo.toml","221","92d9b74f783aeb3dd250281bdb72faf3fb17ec58","https://github.com/juantoniolloretegea/SV-motor/blob/02d5aee5fafe71105e2a451273adba888e87308a/laboratorio/ensayo-ia-y-observabilidad/modelos-de-ia/qwen/qwen3.5-122b-a10b-q8-0/preevaluacion-20261004/realizacion-rust/cierre-r1/realizacion-rust/Cargo.toml"
"SV-motor","ensayo-ia-y-observabilidad","02d5aee5fafe71105e2a451273adba888e87308a","laboratorio/ensayo-ia-y-observabilidad/modelos-de-ia/qwen/qwen3.5-122b-a10b-q8-0/preevaluacion-20261004/realizacion-rust/cierre-r1/realizacion-rust/src/main.rs","13334","f372eecca3fb27f01c091b4c950e2f7be3c55dab","https://github.com/juantoniolloretegea/SV-motor/blob/02d5aee5fafe71105e2a451273adba888e87308a/laboratorio/ensayo-ia-y-observabilidad/modelos-de-ia/qwen/qwen3.5-122b-a10b-q8-0/preevaluacion-20261004/realizacion-rust/cierre-r1/realizacion-rust/src/main.rs"
"SV-motor","ensayo-ia-y-observabilidad","02d5aee5fafe71105e2a451273adba888e87308a","laboratorio/ensayo-ia-y-observabilidad/modelos-de-ia/qwen/qwen3.5-122b-a10b-q8-0/preevaluacion-20261004/realizacion-rust/conductor/Cargo.lock","38686","ea8e8fcf3cb6b4b3515d5d8e9332cbcf4249985e","https://github.com/juantoniolloretegea/SV-motor/blob/02d5aee5fafe71105e2a451273adba888e87308a/laboratorio/ensayo-ia-y-observabilidad/modelos-de-ia/qwen/qwen3.5-122b-a10b-q8-0/preevaluacion-20261004/realizacion-rust/conductor/Cargo.lock"
"SV-motor","ensayo-ia-y-observabilidad","02d5aee5fafe71105e2a451273adba888e87308a","laboratorio/ensayo-ia-y-observabilidad/modelos-de-ia/qwen/qwen3.5-122b-a10b-q8-0/preevaluacion-20261004/realizacion-rust/conductor/Cargo.toml","496","9984da477f156987d02664ba3c90c46ea6419d3f","https://github.com/juantoniolloretegea/SV-motor/blob/02d5aee5fafe71105e2a451273adba888e87308a/laboratorio/ensayo-ia-y-observabilidad/modelos-de-ia/qwen/qwen3.5-122b-a10b-q8-0/preevaluacion-20261004/realizacion-rust/conductor/Cargo.toml"
"SV-motor","ensayo-ia-y-observabilidad","02d5aee5fafe71105e2a451273adba888e87308a","laboratorio/ensayo-ia-y-observabilidad/modelos-de-ia/qwen/qwen3.5-122b-a10b-q8-0/preevaluacion-20261004/realizacion-rust/conductor/src/main.rs","22315","a2d781c14794b7891903517dd29a9b6d87adce63","https://github.com/juantoniolloretegea/SV-motor/blob/02d5aee5fafe71105e2a451273adba888e87308a/laboratorio/ensayo-ia-y-observabilidad/modelos-de-ia/qwen/qwen3.5-122b-a10b-q8-0/preevaluacion-20261004/realizacion-rust/conductor/src/main.rs"
"SV-motor","ensayo-ia-y-observabilidad","02d5aee5fafe71105e2a451273adba888e87308a","laboratorio/ensayo-ia-y-observabilidad/modelos-de-ia/qwen/qwen3.5-122b-a10b-q8-0/preevaluacion-20261004/realizacion-rust/conductor/src/tokenizacion.rs","5376","62496450c67601b692c3321565eccafb989027c5","https://github.com/juantoniolloretegea/SV-motor/blob/02d5aee5fafe71105e2a451273adba888e87308a/laboratorio/ensayo-ia-y-observabilidad/modelos-de-ia/qwen/qwen3.5-122b-a10b-q8-0/preevaluacion-20261004/realizacion-rust/conductor/src/tokenizacion.rs"
"SV-motor","ensayo-ia-y-observabilidad","02d5aee5fafe71105e2a451273adba888e87308a","laboratorio/ensayo-ia-y-observabilidad/modelos-de-ia/qwen/qwen3.5-122b-a10b-q8-0/preevaluacion-20261004/realizacion-rust/preparacion/Cargo.lock","5126","558630f400784efdf4089a6b4b8983f5eda5da04","https://github.com/juantoniolloretegea/SV-motor/blob/02d5aee5fafe71105e2a451273adba888e87308a/laboratorio/ensayo-ia-y-observabilidad/modelos-de-ia/qwen/qwen3.5-122b-a10b-q8-0/preevaluacion-20261004/realizacion-rust/preparacion/Cargo.lock"
"SV-motor","ensayo-ia-y-observabilidad","02d5aee5fafe71105e2a451273adba888e87308a","laboratorio/ensayo-ia-y-observabilidad/modelos-de-ia/qwen/qwen3.5-122b-a10b-q8-0/preevaluacion-20261004/realizacion-rust/preparacion/Cargo.toml","221","92d9b74f783aeb3dd250281bdb72faf3fb17ec58","https://github.com/juantoniolloretegea/SV-motor/blob/02d5aee5fafe71105e2a451273adba888e87308a/laboratorio/ensayo-ia-y-observabilidad/modelos-de-ia/qwen/qwen3.5-122b-a10b-q8-0/preevaluacion-20261004/realizacion-rust/preparacion/Cargo.toml"
"SV-motor","ensayo-ia-y-observabilidad","02d5aee5fafe71105e2a451273adba888e87308a","laboratorio/ensayo-ia-y-observabilidad/modelos-de-ia/qwen/qwen3.5-122b-a10b-q8-0/preevaluacion-20261004/realizacion-rust/preparacion/src/main.rs","13334","f372eecca3fb27f01c091b4c950e2f7be3c55dab","https://github.com/juantoniolloretegea/SV-motor/blob/02d5aee5fafe71105e2a451273adba888e87308a/laboratorio/ensayo-ia-y-observabilidad/modelos-de-ia/qwen/qwen3.5-122b-a10b-q8-0/preevaluacion-20261004/realizacion-rust/preparacion/src/main.rs"
"SV-motor","ensayo-ia-y-observabilidad","02d5aee5fafe71105e2a451273adba888e87308a","laboratorio/ensayo-ia-y-observabilidad/modelos-de-ia/qwen/qwen3.5-122b-a10b-q8-0/preevaluacion-20261004/resultados/hitos/A01-A0/realizacion-rust/auditoria/Cargo.lock","4877","c41d7ada2eb4c472ab9bc6f6b9ace1e0b465e536","https://github.com/juantoniolloretegea/SV-motor/blob/02d5aee5fafe71105e2a451273adba888e87308a/laboratorio/ensayo-ia-y-observabilidad/modelos-de-ia/qwen/qwen3.5-122b-a10b-q8-0/preevaluacion-20261004/resultados/hitos/A01-A0/realizacion-rust/auditoria/Cargo.lock"
"SV-motor","ensayo-ia-y-observabilidad","02d5aee5fafe71105e2a451273adba888e87308a","laboratorio/ensayo-ia-y-observabilidad/modelos-de-ia/qwen/qwen3.5-122b-a10b-q8-0/preevaluacion-20261004/resultados/hitos/A01-A0/realizacion-rust/auditoria/Cargo.toml","278","ee2023e6f513e3711091cc1d19cd4efdb53d4fa2","https://github.com/juantoniolloretegea/SV-motor/blob/02d5aee5fafe71105e2a451273adba888e87308a/laboratorio/ensayo-ia-y-observabilidad/modelos-de-ia/qwen/qwen3.5-122b-a10b-q8-0/preevaluacion-20261004/resultados/hitos/A01-A0/realizacion-rust/auditoria/Cargo.toml"
"SV-motor","ensayo-ia-y-observabilidad","02d5aee5fafe71105e2a451273adba888e87308a","laboratorio/ensayo-ia-y-observabilidad/modelos-de-ia/qwen/qwen3.5-122b-a10b-q8-0/preevaluacion-20261004/resultados/hitos/A01-A0/realizacion-rust/auditoria/src/contrato.rs","2586","5061b0d85e90b9d378350c2f071aa229c066d98c","https://github.com/juantoniolloretegea/SV-motor/blob/02d5aee5fafe71105e2a451273adba888e87308a/laboratorio/ensayo-ia-y-observabilidad/modelos-de-ia/qwen/qwen3.5-122b-a10b-q8-0/preevaluacion-20261004/resultados/hitos/A01-A0/realizacion-rust/auditoria/src/contrato.rs"
"SV-motor","ensayo-ia-y-observabilidad","02d5aee5fafe71105e2a451273adba888e87308a","laboratorio/ensayo-ia-y-observabilidad/modelos-de-ia/qwen/qwen3.5-122b-a10b-q8-0/preevaluacion-20261004/resultados/hitos/A01-A0/realizacion-rust/auditoria/src/custodia.rs","1845","c7856a1b5139bbc2dd471d4edd32771eb16828d2","https://github.com/juantoniolloretegea/SV-motor/blob/02d5aee5fafe71105e2a451273adba888e87308a/laboratorio/ensayo-ia-y-observabilidad/modelos-de-ia/qwen/qwen3.5-122b-a10b-q8-0/preevaluacion-20261004/resultados/hitos/A01-A0/realizacion-rust/auditoria/src/custodia.rs"
"SV-motor","ensayo-ia-y-observabilidad","02d5aee5fafe71105e2a451273adba888e87308a","laboratorio/ensayo-ia-y-observabilidad/modelos-de-ia/qwen/qwen3.5-122b-a10b-q8-0/preevaluacion-20261004/resultados/hitos/A01-A0/realizacion-rust/auditoria/src/diarios.rs","2391","5b7ce29177ea3cc159e0ef787054a15a304989ae","https://github.com/juantoniolloretegea/SV-motor/blob/02d5aee5fafe71105e2a451273adba888e87308a/laboratorio/ensayo-ia-y-observabilidad/modelos-de-ia/qwen/qwen3.5-122b-a10b-q8-0/preevaluacion-20261004/resultados/hitos/A01-A0/realizacion-rust/auditoria/src/diarios.rs"
"SV-motor","ensayo-ia-y-observabilidad","02d5aee5fafe71105e2a451273adba888e87308a","laboratorio/ensayo-ia-y-observabilidad/modelos-de-ia/qwen/qwen3.5-122b-a10b-q8-0/preevaluacion-20261004/resultados/hitos/A01-A0/realizacion-rust/auditoria/src/estricto.rs","2718","fb83b1247487bb7111853163cf7e78b27cfc0b1a","https://github.com/juantoniolloretegea/SV-motor/blob/02d5aee5fafe71105e2a451273adba888e87308a/laboratorio/ensayo-ia-y-observabilidad/modelos-de-ia/qwen/qwen3.5-122b-a10b-q8-0/preevaluacion-20261004/resultados/hitos/A01-A0/realizacion-rust/auditoria/src/estricto.rs"
"SV-motor","ensayo-ia-y-observabilidad","02d5aee5fafe71105e2a451273adba888e87308a","laboratorio/ensayo-ia-y-observabilidad/modelos-de-ia/qwen/qwen3.5-122b-a10b-q8-0/preevaluacion-20261004/resultados/hitos/A01-A0/realizacion-rust/auditoria/src/main.rs","10304","3e2de5892a723c0b16a7b1122d7d0a442e2575e0","https://github.com/juantoniolloretegea/SV-motor/blob/02d5aee5fafe71105e2a451273adba888e87308a/laboratorio/ensayo-ia-y-observabilidad/modelos-de-ia/qwen/qwen3.5-122b-a10b-q8-0/preevaluacion-20261004/resultados/hitos/A01-A0/realizacion-rust/auditoria/src/main.rs"
"SV-motor","ensayo-ia-y-observabilidad","02d5aee5fafe71105e2a451273adba888e87308a","laboratorio/ensayo-ia-y-observabilidad/modelos-de-ia/qwen/qwen3.5-122b-a10b-q8-0/preevaluacion-20261004/resultados/hitos/A01-A0/realizacion-rust/auditoria/src/puntuacion.rs","11043","84388548d03c54ddbc1d290717e6ed35c2dec977","https://github.com/juantoniolloretegea/SV-motor/blob/02d5aee5fafe71105e2a451273adba888e87308a/laboratorio/ensayo-ia-y-observabilidad/modelos-de-ia/qwen/qwen3.5-122b-a10b-q8-0/preevaluacion-20261004/resultados/hitos/A01-A0/realizacion-rust/auditoria/src/puntuacion.rs"
"SV-motor","ensayo-ia-y-observabilidad","02d5aee5fafe71105e2a451273adba888e87308a","laboratorio/ensayo-ia-y-observabilidad/modelos-de-ia/qwen/qwen3.5-122b-a10b-q8-0/preevaluacion-20261004/resultados/hitos/A01-A0/realizacion-rust/auditoria/src/transiciones.rs","4386","e95303373ade42f9cd7bc5096d8858b860cd888c","https://github.com/juantoniolloretegea/SV-motor/blob/02d5aee5fafe71105e2a451273adba888e87308a/laboratorio/ensayo-ia-y-observabilidad/modelos-de-ia/qwen/qwen3.5-122b-a10b-q8-0/preevaluacion-20261004/resultados/hitos/A01-A0/realizacion-rust/auditoria/src/transiciones.rs"
"SV-motor","ensayo-ia-y-observabilidad","02d5aee5fafe71105e2a451273adba888e87308a","laboratorio/ensayo-ia-y-observabilidad/modelos-de-ia/qwen/qwen3.5-122b-a10b-q8-0/preevaluacion-20261004/resultados/hitos/A01-A0/realizacion-rust/medicion/manifestar.rs","1826","e0fdad223cd89ccf95ddff86ad20b74b5cdc4dc4","https://github.com/juantoniolloretegea/SV-motor/blob/02d5aee5fafe71105e2a451273adba888e87308a/laboratorio/ensayo-ia-y-observabilidad/modelos-de-ia/qwen/qwen3.5-122b-a10b-q8-0/preevaluacion-20261004/resultados/hitos/A01-A0/realizacion-rust/medicion/manifestar.rs"
"SV-motor","ensayo-ia-y-observabilidad","02d5aee5fafe71105e2a451273adba888e87308a","laboratorio/ensayo-ia-y-observabilidad/modelos-de-ia/qwen/qwen3.5-122b-a10b-q8-0/preevaluacion-20261004/resultados/hitos/A01-A0/realizacion-rust/medicion/medir.rs","6805","92299000bc1d8cb685e301543237d96fbe1fc95d","https://github.com/juantoniolloretegea/SV-motor/blob/02d5aee5fafe71105e2a451273adba888e87308a/laboratorio/ensayo-ia-y-observabilidad/modelos-de-ia/qwen/qwen3.5-122b-a10b-q8-0/preevaluacion-20261004/resultados/hitos/A01-A0/realizacion-rust/medicion/medir.rs"
"SV-motor","ensayo-ia-y-observabilidad","02d5aee5fafe71105e2a451273adba888e87308a","laboratorio/ensayo-ia-y-observabilidad/modelos-de-ia/qwen/qwen3.5-122b-a10b-q8-0/preevaluacion-20261004/resultados/hitos/A01-A0/vector-parcial/FRAME.html","6268","ef6adbc0a309035cbb31f9df5bb8573e888ed861","https://github.com/juantoniolloretegea/SV-motor/blob/02d5aee5fafe71105e2a451273adba888e87308a/laboratorio/ensayo-ia-y-observabilidad/modelos-de-ia/qwen/qwen3.5-122b-a10b-q8-0/preevaluacion-20261004/resultados/hitos/A01-A0/vector-parcial/FRAME.html"
"SV-motor","ensayo-ia-y-observabilidad","02d5aee5fafe71105e2a451273adba888e87308a","laboratorio/ensayo-ia-y-observabilidad/modelos-de-ia/qwen/qwen3.5-122b-a10b-q8-0/preevaluacion-20261004/resultados/hitos/A02-A0/realizacion-rust/medir_salida.rs","4504","b5e081315a7cc528cbf084f663fd6eef3f0af409","https://github.com/juantoniolloretegea/SV-motor/blob/02d5aee5fafe71105e2a451273adba888e87308a/laboratorio/ensayo-ia-y-observabilidad/modelos-de-ia/qwen/qwen3.5-122b-a10b-q8-0/preevaluacion-20261004/resultados/hitos/A02-A0/realizacion-rust/medir_salida.rs"
"SV-motor","ensayo-ia-y-observabilidad","02d5aee5fafe71105e2a451273adba888e87308a","laboratorio/ensayo-ia-y-observabilidad/modelos-de-ia/qwen/qwen3.5-122b-a10b-q8-0/preevaluacion-20261004/resultados/hitos/A02-A0/vector-parcial/FRAME.html","8094","9cb0c251a510e6af7d3692ee6837f0a79252c8b5","https://github.com/juantoniolloretegea/SV-motor/blob/02d5aee5fafe71105e2a451273adba888e87308a/laboratorio/ensayo-ia-y-observabilidad/modelos-de-ia/qwen/qwen3.5-122b-a10b-q8-0/preevaluacion-20261004/resultados/hitos/A02-A0/vector-parcial/FRAME.html"
"SV-motor","ensayo-ia-y-observabilidad","02d5aee5fafe71105e2a451273adba888e87308a","laboratorio/ensayo-ia-y-observabilidad/modelos-de-ia/qwen/qwen3.5-122b-a10b-q8-0/preevaluacion-20261004/resultados/hitos/A03-A0/vector-parcial/FRAME.html","10215","a5ec63969fe5c95d2855377203f1465e38a4f0ac","https://github.com/juantoniolloretegea/SV-motor/blob/02d5aee5fafe71105e2a451273adba888e87308a/laboratorio/ensayo-ia-y-observabilidad/modelos-de-ia/qwen/qwen3.5-122b-a10b-q8-0/preevaluacion-20261004/resultados/hitos/A03-A0/vector-parcial/FRAME.html"
"SV-motor","ensayo-ia-y-observabilidad","02d5aee5fafe71105e2a451273adba888e87308a","laboratorio/ensayo-ia-y-observabilidad/modelos-de-ia/qwen/qwen3.5-122b-a10b-q8-0/preevaluacion-20261004/resultados/hitos/A04-A0/vector-parcial/FRAME.html","12400","c67248743d055d935739da63c186af19122a0393","https://github.com/juantoniolloretegea/SV-motor/blob/02d5aee5fafe71105e2a451273adba888e87308a/laboratorio/ensayo-ia-y-observabilidad/modelos-de-ia/qwen/qwen3.5-122b-a10b-q8-0/preevaluacion-20261004/resultados/hitos/A04-A0/vector-parcial/FRAME.html"
"SV-motor","ensayo-ia-y-observabilidad","02d5aee5fafe71105e2a451273adba888e87308a","laboratorio/ensayo-ia-y-observabilidad/modelos-de-ia/qwen/qwen3.5-122b-a10b-q8-0/preevaluacion-20261004/resultados/hitos/A05-A0/vector-parcial/FRAME.html","14533","80145f47f0018ab3abee9efc15180bf05311938c","https://github.com/juantoniolloretegea/SV-motor/blob/02d5aee5fafe71105e2a451273adba888e87308a/laboratorio/ensayo-ia-y-observabilidad/modelos-de-ia/qwen/qwen3.5-122b-a10b-q8-0/preevaluacion-20261004/resultados/hitos/A05-A0/vector-parcial/FRAME.html"
"SV-motor","ensayo-ia-y-observabilidad","02d5aee5fafe71105e2a451273adba888e87308a","laboratorio/ensayo-ia-y-observabilidad/modelos-de-ia/qwen/qwen3.5-122b-a10b-q8-0/preevaluacion-20261004/resultados/hitos/A06-A0/vector-parcial/FRAME.html","16724","da0508e3e106c28df4c9eab30935faf1685e23ff","https://github.com/juantoniolloretegea/SV-motor/blob/02d5aee5fafe71105e2a451273adba888e87308a/laboratorio/ensayo-ia-y-observabilidad/modelos-de-ia/qwen/qwen3.5-122b-a10b-q8-0/preevaluacion-20261004/resultados/hitos/A06-A0/vector-parcial/FRAME.html"
"SV-motor","ensayo-ia-y-observabilidad","02d5aee5fafe71105e2a451273adba888e87308a","laboratorio/ensayo-ia-y-observabilidad/modelos-de-ia/qwen/qwen3.5-122b-a10b-q8-0/preevaluacion-20261004/resultados/hitos/A07-A0/vector-parcial/FRAME.html","18559","9d32332af2dfcc44b7b8a5a28b26fcf9c78d6003","https://github.com/juantoniolloretegea/SV-motor/blob/02d5aee5fafe71105e2a451273adba888e87308a/laboratorio/ensayo-ia-y-observabilidad/modelos-de-ia/qwen/qwen3.5-122b-a10b-q8-0/preevaluacion-20261004/resultados/hitos/A07-A0/vector-parcial/FRAME.html"
"SV-motor","ensayo-ia-y-observabilidad","02d5aee5fafe71105e2a451273adba888e87308a","laboratorio/ensayo-ia-y-observabilidad/observabilidad/telemetria.rs","3189","e18e9957e1043442f28574f542c93b9e590c91ab","https://github.com/juantoniolloretegea/SV-motor/blob/02d5aee5fafe71105e2a451273adba888e87308a/laboratorio/ensayo-ia-y-observabilidad/observabilidad/telemetria.rs"
"SV-motor","ensayo-ia-y-observabilidad","02d5aee5fafe71105e2a451273adba888e87308a","laboratorio/ensayo-ia-y-observabilidad/pruebas/banco.rs","3184","e2466c3d94971f61d625c289aef1742a4b2788c6","https://github.com/juantoniolloretegea/SV-motor/blob/02d5aee5fafe71105e2a451273adba888e87308a/laboratorio/ensayo-ia-y-observabilidad/pruebas/banco.rs"
"SV-motor","ensayo-ia-y-observabilidad","02d5aee5fafe71105e2a451273adba888e87308a","laboratorio/ensayo-ia-y-observabilidad/pruebas/costes.rs","2398","3cdfd2eceba325449b90bf8ff5df2dbdf291f6b1","https://github.com/juantoniolloretegea/SV-motor/blob/02d5aee5fafe71105e2a451273adba888e87308a/laboratorio/ensayo-ia-y-observabilidad/pruebas/costes.rs"
"SV-motor","ensayo-ia-y-observabilidad","02d5aee5fafe71105e2a451273adba888e87308a","laboratorio/ensayo-ia-y-observabilidad/pruebas/documentales-pdq-20260929/evaluar.rs","7298","608e4084f6c62732786ee707ce0ad91aa25fd099","https://github.com/juantoniolloretegea/SV-motor/blob/02d5aee5fafe71105e2a451273adba888e87308a/laboratorio/ensayo-ia-y-observabilidad/pruebas/documentales-pdq-20260929/evaluar.rs"
"SV-motor","ensayo-ia-y-observabilidad","02d5aee5fafe71105e2a451273adba888e87308a","laboratorio/ensayo-ia-y-observabilidad/pruebas/lib.rs","4177","9070ce01fbd092f4df308b0ac9151e89ebe8a7dd","https://github.com/juantoniolloretegea/SV-motor/blob/02d5aee5fafe71105e2a451273adba888e87308a/laboratorio/ensayo-ia-y-observabilidad/pruebas/lib.rs"
"SV-motor","ensayo-ia-y-observabilidad","02d5aee5fafe71105e2a451273adba888e87308a","laboratorio/ensayo-ia-y-observabilidad/pruebas/navegador.js","1298","c2c3571300b450984a26cc573de9da31f64810cf","https://github.com/juantoniolloretegea/SV-motor/blob/02d5aee5fafe71105e2a451273adba888e87308a/laboratorio/ensayo-ia-y-observabilidad/pruebas/navegador.js"
"SV-motor","ensayo-ia-y-observabilidad","02d5aee5fafe71105e2a451273adba888e87308a","laboratorio/ensayo-ia-y-observabilidad/pruebas/navegador.rs","1489","d809beb136709c6d4303c237ede2b637e1890e24","https://github.com/juantoniolloretegea/SV-motor/blob/02d5aee5fafe71105e2a451273adba888e87308a/laboratorio/ensayo-ia-y-observabilidad/pruebas/navegador.rs"
"SV-motor","ensayo-ia-y-observabilidad","02d5aee5fafe71105e2a451273adba888e87308a","laboratorio/ensayo-ia-y-observabilidad/resultados/capacidad-cgroup-01/comprobar.rs","1954","665eeceb467ae1c855462790385b03c5af133fa1","https://github.com/juantoniolloretegea/SV-motor/blob/02d5aee5fafe71105e2a451273adba888e87308a/laboratorio/ensayo-ia-y-observabilidad/resultados/capacidad-cgroup-01/comprobar.rs"
"SV-motor","ensayo-ia-y-observabilidad","02d5aee5fafe71105e2a451273adba888e87308a","laboratorio/ensayo-ia-y-observabilidad/resultados/consulta-documental-01/consulta_documental.rs","11241","7c0ce2336b1a13a9be7ec643d2180f2475ba48e1","https://github.com/juantoniolloretegea/SV-motor/blob/02d5aee5fafe71105e2a451273adba888e87308a/laboratorio/ensayo-ia-y-observabilidad/resultados/consulta-documental-01/consulta_documental.rs"
"SV-motor","ensayo-ia-y-observabilidad","02d5aee5fafe71105e2a451273adba888e87308a","laboratorio/ensayo-ia-y-observabilidad/resultados/continuacion-06/dependencias/Cargo.lock","41530","31012a7ed95d89ae5929862553060ca20e71792b","https://github.com/juantoniolloretegea/SV-motor/blob/02d5aee5fafe71105e2a451273adba888e87308a/laboratorio/ensayo-ia-y-observabilidad/resultados/continuacion-06/dependencias/Cargo.lock"
"SV-motor","ensayo-ia-y-observabilidad","02d5aee5fafe71105e2a451273adba888e87308a","laboratorio/ensayo-ia-y-observabilidad/resultados/continuacion-06/dependencias/Cargo.toml","1779","db3631fa8eb81ad0fe9ea560d672594d20b65031","https://github.com/juantoniolloretegea/SV-motor/blob/02d5aee5fafe71105e2a451273adba888e87308a/laboratorio/ensayo-ia-y-observabilidad/resultados/continuacion-06/dependencias/Cargo.toml"
"SV-motor","ensayo-ia-y-observabilidad","02d5aee5fafe71105e2a451273adba888e87308a","laboratorio/ensayo-ia-y-observabilidad/resultados/navegador-01/originales-recuperados/evidencia/Cargo.herramienta.lock","59807","95120394ab13a1535288d732f0dc7ff9ee147ce7","https://github.com/juantoniolloretegea/SV-motor/blob/02d5aee5fafe71105e2a451273adba888e87308a/laboratorio/ensayo-ia-y-observabilidad/resultados/navegador-01/originales-recuperados/evidencia/Cargo.herramienta.lock"
"SV-motor","ensayo-ia-y-observabilidad","02d5aee5fafe71105e2a451273adba888e87308a","laboratorio/ensayo-ia-y-observabilidad/resultados/navegador-01/originales-recuperados/web/control.js","4047","69623207e162cbd6a3f223a74ded3e9784b08297","https://github.com/juantoniolloretegea/SV-motor/blob/02d5aee5fafe71105e2a451273adba888e87308a/laboratorio/ensayo-ia-y-observabilidad/resultados/navegador-01/originales-recuperados/web/control.js"
"SV-motor","ensayo-ia-y-observabilidad","02d5aee5fafe71105e2a451273adba888e87308a","laboratorio/ensayo-ia-y-observabilidad/resultados/navegador-01/originales-recuperados/web/index.html","130","ec8d4c5ac9fde36ed3b0c6b0a56c420f34d366b2","https://github.com/juantoniolloretegea/SV-motor/blob/02d5aee5fafe71105e2a451273adba888e87308a/laboratorio/ensayo-ia-y-observabilidad/resultados/navegador-01/originales-recuperados/web/index.html"
"SV-motor","ensayo-ia-y-observabilidad","02d5aee5fafe71105e2a451273adba888e87308a","laboratorio/ensayo-ia-y-observabilidad/resultados/navegador-01/originales-recuperados/web/pkg/eio_candidato.js","9478","6a6f020efacd8a0df5be54d7e8fa44f82fe8f5a3","https://github.com/juantoniolloretegea/SV-motor/blob/02d5aee5fafe71105e2a451273adba888e87308a/laboratorio/ensayo-ia-y-observabilidad/resultados/navegador-01/originales-recuperados/web/pkg/eio_candidato.js"
"SV-motor","ensayo-ia-y-observabilidad","02d5aee5fafe71105e2a451273adba888e87308a","laboratorio/ensayo-ia-y-observabilidad/resultados/navegador-01/originales-recuperados/web/pkg/snippets/eio-candidato-be29bf57e4a72b3c/inline0.js","101","6c8f8969e12ca05be935e1b88fa6064e4b3b08ca","https://github.com/juantoniolloretegea/SV-motor/blob/02d5aee5fafe71105e2a451273adba888e87308a/laboratorio/ensayo-ia-y-observabilidad/resultados/navegador-01/originales-recuperados/web/pkg/snippets/eio-candidato-be29bf57e4a72b3c/inline0.js"
"SV-motor","ensayo-ia-y-observabilidad","02d5aee5fafe71105e2a451273adba888e87308a","laboratorio/ensayo-ia-y-observabilidad/resultados/navegador-01/originales-recuperados/web/worker.js","1800","253ad833b2a01323df48f797ff61f9b5cbc2a241","https://github.com/juantoniolloretegea/SV-motor/blob/02d5aee5fafe71105e2a451273adba888e87308a/laboratorio/ensayo-ia-y-observabilidad/resultados/navegador-01/originales-recuperados/web/worker.js"
"SV-motor","ensayo-ia-y-observabilidad","02d5aee5fafe71105e2a451273adba888e87308a","laboratorio/ensayo-ia-y-observabilidad/resultados/navegador-02/originales-recuperados/evidencia/Cargo.herramienta.lock","59807","95120394ab13a1535288d732f0dc7ff9ee147ce7","https://github.com/juantoniolloretegea/SV-motor/blob/02d5aee5fafe71105e2a451273adba888e87308a/laboratorio/ensayo-ia-y-observabilidad/resultados/navegador-02/originales-recuperados/evidencia/Cargo.herramienta.lock"
"SV-motor","ensayo-ia-y-observabilidad","02d5aee5fafe71105e2a451273adba888e87308a","laboratorio/ensayo-ia-y-observabilidad/resultados/navegador-02/originales-recuperados/web/control.js","5224","e2a1ba662258d57231d28fb755c929264ea60a89","https://github.com/juantoniolloretegea/SV-motor/blob/02d5aee5fafe71105e2a451273adba888e87308a/laboratorio/ensayo-ia-y-observabilidad/resultados/navegador-02/originales-recuperados/web/control.js"
"SV-motor","ensayo-ia-y-observabilidad","02d5aee5fafe71105e2a451273adba888e87308a","laboratorio/ensayo-ia-y-observabilidad/resultados/navegador-02/originales-recuperados/web/index.html","130","ec8d4c5ac9fde36ed3b0c6b0a56c420f34d366b2","https://github.com/juantoniolloretegea/SV-motor/blob/02d5aee5fafe71105e2a451273adba888e87308a/laboratorio/ensayo-ia-y-observabilidad/resultados/navegador-02/originales-recuperados/web/index.html"
"SV-motor","ensayo-ia-y-observabilidad","02d5aee5fafe71105e2a451273adba888e87308a","laboratorio/ensayo-ia-y-observabilidad/resultados/navegador-02/originales-recuperados/web/pkg/eio_candidato.js","9691","a5787f721903337e0d2dbc08da61e8cf2bf0c1d0","https://github.com/juantoniolloretegea/SV-motor/blob/02d5aee5fafe71105e2a451273adba888e87308a/laboratorio/ensayo-ia-y-observabilidad/resultados/navegador-02/originales-recuperados/web/pkg/eio_candidato.js"
"SV-motor","ensayo-ia-y-observabilidad","02d5aee5fafe71105e2a451273adba888e87308a","laboratorio/ensayo-ia-y-observabilidad/resultados/navegador-02/originales-recuperados/web/pkg/snippets/eio-candidato-be29bf57e4a72b3c/inline0.js","69","1556ecab3efe954093704f293ed91252c5ca4329","https://github.com/juantoniolloretegea/SV-motor/blob/02d5aee5fafe71105e2a451273adba888e87308a/laboratorio/ensayo-ia-y-observabilidad/resultados/navegador-02/originales-recuperados/web/pkg/snippets/eio-candidato-be29bf57e4a72b3c/inline0.js"
"SV-motor","ensayo-ia-y-observabilidad","02d5aee5fafe71105e2a451273adba888e87308a","laboratorio/ensayo-ia-y-observabilidad/resultados/navegador-02/originales-recuperados/web/pkg/snippets/eio-candidato-be29bf57e4a72b3c/inline1.js","101","6c8f8969e12ca05be935e1b88fa6064e4b3b08ca","https://github.com/juantoniolloretegea/SV-motor/blob/02d5aee5fafe71105e2a451273adba888e87308a/laboratorio/ensayo-ia-y-observabilidad/resultados/navegador-02/originales-recuperados/web/pkg/snippets/eio-candidato-be29bf57e4a72b3c/inline1.js"
"SV-motor","ensayo-ia-y-observabilidad","02d5aee5fafe71105e2a451273adba888e87308a","laboratorio/ensayo-ia-y-observabilidad/resultados/navegador-02/originales-recuperados/web/worker.js","2409","13537e428448b88b9ee98f3479d9526b903b970f","https://github.com/juantoniolloretegea/SV-motor/blob/02d5aee5fafe71105e2a451273adba888e87308a/laboratorio/ensayo-ia-y-observabilidad/resultados/navegador-02/originales-recuperados/web/worker.js"
"SV-motor","ensayo-ia-y-observabilidad","02d5aee5fafe71105e2a451273adba888e87308a","laboratorio/ensayo-ia-y-observabilidad/resultados/preparacion-nativa-01/antecedentes/Cargo.lock","41482","42e6bbdc01ba190c3dc887484bd85cb82270d9ee","https://github.com/juantoniolloretegea/SV-motor/blob/02d5aee5fafe71105e2a451273adba888e87308a/laboratorio/ensayo-ia-y-observabilidad/resultados/preparacion-nativa-01/antecedentes/Cargo.lock"
"SV-motor","ensayo-ia-y-observabilidad","02d5aee5fafe71105e2a451273adba888e87308a","laboratorio/ensayo-ia-y-observabilidad/resultados/preparacion-nativa-01/Cargo.toml","1919","c4938f651091a010fffa123b07065415c5a643a3","https://github.com/juantoniolloretegea/SV-motor/blob/02d5aee5fafe71105e2a451273adba888e87308a/laboratorio/ensayo-ia-y-observabilidad/resultados/preparacion-nativa-01/Cargo.toml"
"SV-motor","ensayo-ia-y-observabilidad","02d5aee5fafe71105e2a451273adba888e87308a","laboratorio/ensayo-ia-y-observabilidad/resultados/preparacion-nativa-01/inferencia/adaptador.rs","2651","9409b475a8fab88e50a2d01ecb15f6560f5df362","https://github.com/juantoniolloretegea/SV-motor/blob/02d5aee5fafe71105e2a451273adba888e87308a/laboratorio/ensayo-ia-y-observabilidad/resultados/preparacion-nativa-01/inferencia/adaptador.rs"
"SV-motor","ensayo-ia-y-observabilidad","02d5aee5fafe71105e2a451273adba888e87308a","laboratorio/ensayo-ia-y-observabilidad/resultados/preparacion-nativa-01/nativa/cotejo.rs","1874","0c5bae86556645782f8e2aca3d72e1429522fc9c","https://github.com/juantoniolloretegea/SV-motor/blob/02d5aee5fafe71105e2a451273adba888e87308a/laboratorio/ensayo-ia-y-observabilidad/resultados/preparacion-nativa-01/nativa/cotejo.rs"
"SV-motor","ensayo-ia-y-observabilidad","02d5aee5fafe71105e2a451273adba888e87308a","laboratorio/ensayo-ia-y-observabilidad/resultados/preparacion-nativa-01/nativa/inferidor.rs","1939","5d012b24248ad46eb992b65693a3fb6c3140bc8e","https://github.com/juantoniolloretegea/SV-motor/blob/02d5aee5fafe71105e2a451273adba888e87308a/laboratorio/ensayo-ia-y-observabilidad/resultados/preparacion-nativa-01/nativa/inferidor.rs"
"SV-motor","ensayo-ia-y-observabilidad","02d5aee5fafe71105e2a451273adba888e87308a","laboratorio/ensayo-ia-y-observabilidad/resultados/preparacion-nativa-01/nativa/mod.rs","5863","1bbc75278739507a6e33b01ade8662dd2afc692d","https://github.com/juantoniolloretegea/SV-motor/blob/02d5aee5fafe71105e2a451273adba888e87308a/laboratorio/ensayo-ia-y-observabilidad/resultados/preparacion-nativa-01/nativa/mod.rs"
"SV-motor","ensayo-ia-y-observabilidad","02d5aee5fafe71105e2a451273adba888e87308a","laboratorio/ensayo-ia-y-observabilidad/resultados/preparacion-nativa-01/nativa/servidor.rs","3388","1115fe7bef0b654c6a6512c6046f5671f8ed5fd1","https://github.com/juantoniolloretegea/SV-motor/blob/02d5aee5fafe71105e2a451273adba888e87308a/laboratorio/ensayo-ia-y-observabilidad/resultados/preparacion-nativa-01/nativa/servidor.rs"
"SV-motor","ensayo-ia-y-observabilidad","02d5aee5fafe71105e2a451273adba888e87308a","laboratorio/ensayo-ia-y-observabilidad/resultados/preparacion-nativa-01/nativa/supervisor.rs","15545","1030b8147c50e0967fc5ad325010ea548844444e","https://github.com/juantoniolloretegea/SV-motor/blob/02d5aee5fafe71105e2a451273adba888e87308a/laboratorio/ensayo-ia-y-observabilidad/resultados/preparacion-nativa-01/nativa/supervisor.rs"
"SV-motor","ensayo-ia-y-observabilidad","02d5aee5fafe71105e2a451273adba888e87308a","laboratorio/ensayo-ia-y-observabilidad/resultados/preparacion-nativa-01/nativa/testigo.rs","1944","854c1204be8875c120e82f492863e5e315df3c92","https://github.com/juantoniolloretegea/SV-motor/blob/02d5aee5fafe71105e2a451273adba888e87308a/laboratorio/ensayo-ia-y-observabilidad/resultados/preparacion-nativa-01/nativa/testigo.rs"
"SV-motor","ensayo-ia-y-observabilidad","02d5aee5fafe71105e2a451273adba888e87308a","laboratorio/ensayo-ia-y-observabilidad/resultados/preparacion-nativa-01/observabilidad/telemetria.rs","3522","fc8c04eec3aa48d4c48df759e08d88709265b01a","https://github.com/juantoniolloretegea/SV-motor/blob/02d5aee5fafe71105e2a451273adba888e87308a/laboratorio/ensayo-ia-y-observabilidad/resultados/preparacion-nativa-01/observabilidad/telemetria.rs"
"SV-motor","ensayo-ia-y-observabilidad","02d5aee5fafe71105e2a451273adba888e87308a","laboratorio/ensayo-ia-y-observabilidad/resultados/preparacion-nativa-01/pruebas/banco.rs","3184","e2466c3d94971f61d625c289aef1742a4b2788c6","https://github.com/juantoniolloretegea/SV-motor/blob/02d5aee5fafe71105e2a451273adba888e87308a/laboratorio/ensayo-ia-y-observabilidad/resultados/preparacion-nativa-01/pruebas/banco.rs"
"SV-motor","ensayo-ia-y-observabilidad","02d5aee5fafe71105e2a451273adba888e87308a","laboratorio/ensayo-ia-y-observabilidad/resultados/preparacion-nativa-01/pruebas/frontera.rs","2990","520aa29dfcc0bc3e71218095c5283e5521af78e1","https://github.com/juantoniolloretegea/SV-motor/blob/02d5aee5fafe71105e2a451273adba888e87308a/laboratorio/ensayo-ia-y-observabilidad/resultados/preparacion-nativa-01/pruebas/frontera.rs"
"SV-motor","ensayo-ia-y-observabilidad","02d5aee5fafe71105e2a451273adba888e87308a","laboratorio/ensayo-ia-y-observabilidad/resultados/preparacion-nativa-01/pruebas/json_complementario.rs","6207","f7b07a4db1c024d8f1e79f49e0e9f5ec8dac39a7","https://github.com/juantoniolloretegea/SV-motor/blob/02d5aee5fafe71105e2a451273adba888e87308a/laboratorio/ensayo-ia-y-observabilidad/resultados/preparacion-nativa-01/pruebas/json_complementario.rs"
"SV-motor","ensayo-ia-y-observabilidad","02d5aee5fafe71105e2a451273adba888e87308a","laboratorio/ensayo-ia-y-observabilidad/resultados/preparacion-nativa-01/pruebas/lib.rs","4223","346371e6615f49a129180762bd57737be31a3607","https://github.com/juantoniolloretegea/SV-motor/blob/02d5aee5fafe71105e2a451273adba888e87308a/laboratorio/ensayo-ia-y-observabilidad/resultados/preparacion-nativa-01/pruebas/lib.rs"
"SV-motor","ensayo-ia-y-observabilidad","02d5aee5fafe71105e2a451273adba888e87308a","laboratorio/ensayo-ia-y-observabilidad/resultados/preparacion-nativa-01/web/app.js","3447","de607df78869525a8eb1a738e18068f7dfe1cfb9","https://github.com/juantoniolloretegea/SV-motor/blob/02d5aee5fafe71105e2a451273adba888e87308a/laboratorio/ensayo-ia-y-observabilidad/resultados/preparacion-nativa-01/web/app.js"
"SV-motor","ensayo-ia-y-observabilidad","02d5aee5fafe71105e2a451273adba888e87308a","laboratorio/ensayo-ia-y-observabilidad/resultados/preparacion-nativa-01/web/index.html","902","29fe1014bce06e39f9a54c1baf369defd74d209d","https://github.com/juantoniolloretegea/SV-motor/blob/02d5aee5fafe71105e2a451273adba888e87308a/laboratorio/ensayo-ia-y-observabilidad/resultados/preparacion-nativa-01/web/index.html"
"SV-motor","ensayo-ia-y-observabilidad","02d5aee5fafe71105e2a451273adba888e87308a","laboratorio/ensayo-ia-y-observabilidad/resultados/preparacion-nativa-02/antecedentes/Cargo.lock","41482","42e6bbdc01ba190c3dc887484bd85cb82270d9ee","https://github.com/juantoniolloretegea/SV-motor/blob/02d5aee5fafe71105e2a451273adba888e87308a/laboratorio/ensayo-ia-y-observabilidad/resultados/preparacion-nativa-02/antecedentes/Cargo.lock"
"SV-motor","ensayo-ia-y-observabilidad","02d5aee5fafe71105e2a451273adba888e87308a","laboratorio/ensayo-ia-y-observabilidad/resultados/preparacion-nativa-02/Cargo.toml","2085","9aba016359d529741e83b23621e1725709f496a8","https://github.com/juantoniolloretegea/SV-motor/blob/02d5aee5fafe71105e2a451273adba888e87308a/laboratorio/ensayo-ia-y-observabilidad/resultados/preparacion-nativa-02/Cargo.toml"
"SV-motor","ensayo-ia-y-observabilidad","02d5aee5fafe71105e2a451273adba888e87308a","laboratorio/ensayo-ia-y-observabilidad/resultados/preparacion-nativa-02/inferencia/adaptador.rs","2651","9409b475a8fab88e50a2d01ecb15f6560f5df362","https://github.com/juantoniolloretegea/SV-motor/blob/02d5aee5fafe71105e2a451273adba888e87308a/laboratorio/ensayo-ia-y-observabilidad/resultados/preparacion-nativa-02/inferencia/adaptador.rs"
"SV-motor","ensayo-ia-y-observabilidad","02d5aee5fafe71105e2a451273adba888e87308a","laboratorio/ensayo-ia-y-observabilidad/resultados/preparacion-nativa-02/nativa/cotejo.rs","2002","c6fab35845620882b995665786ba1b2d02049d86","https://github.com/juantoniolloretegea/SV-motor/blob/02d5aee5fafe71105e2a451273adba888e87308a/laboratorio/ensayo-ia-y-observabilidad/resultados/preparacion-nativa-02/nativa/cotejo.rs"
"SV-motor","ensayo-ia-y-observabilidad","02d5aee5fafe71105e2a451273adba888e87308a","laboratorio/ensayo-ia-y-observabilidad/resultados/preparacion-nativa-02/nativa/custodia.rs","8429","0986e8de56548b9ed63381c6f96c37040d8a9eb0","https://github.com/juantoniolloretegea/SV-motor/blob/02d5aee5fafe71105e2a451273adba888e87308a/laboratorio/ensayo-ia-y-observabilidad/resultados/preparacion-nativa-02/nativa/custodia.rs"
"SV-motor","ensayo-ia-y-observabilidad","02d5aee5fafe71105e2a451273adba888e87308a","laboratorio/ensayo-ia-y-observabilidad/resultados/preparacion-nativa-02/nativa/guarda.rs","5435","9517178e595e350a21d7886fab048c8ed8b29787","https://github.com/juantoniolloretegea/SV-motor/blob/02d5aee5fafe71105e2a451273adba888e87308a/laboratorio/ensayo-ia-y-observabilidad/resultados/preparacion-nativa-02/nativa/guarda.rs"
"SV-motor","ensayo-ia-y-observabilidad","02d5aee5fafe71105e2a451273adba888e87308a","laboratorio/ensayo-ia-y-observabilidad/resultados/preparacion-nativa-02/nativa/inferidor.rs","1939","5d012b24248ad46eb992b65693a3fb6c3140bc8e","https://github.com/juantoniolloretegea/SV-motor/blob/02d5aee5fafe71105e2a451273adba888e87308a/laboratorio/ensayo-ia-y-observabilidad/resultados/preparacion-nativa-02/nativa/inferidor.rs"
"SV-motor","ensayo-ia-y-observabilidad","02d5aee5fafe71105e2a451273adba888e87308a","laboratorio/ensayo-ia-y-observabilidad/resultados/preparacion-nativa-02/nativa/mod.rs","6762","438b2b5c23390503a62099f38112b09ee22867b3","https://github.com/juantoniolloretegea/SV-motor/blob/02d5aee5fafe71105e2a451273adba888e87308a/laboratorio/ensayo-ia-y-observabilidad/resultados/preparacion-nativa-02/nativa/mod.rs"
"SV-motor","ensayo-ia-y-observabilidad","02d5aee5fafe71105e2a451273adba888e87308a","laboratorio/ensayo-ia-y-observabilidad/resultados/preparacion-nativa-02/nativa/parada.rs","1631","e2ed5f743e02fef8a379706cfa671f80e48ddcb3","https://github.com/juantoniolloretegea/SV-motor/blob/02d5aee5fafe71105e2a451273adba888e87308a/laboratorio/ensayo-ia-y-observabilidad/resultados/preparacion-nativa-02/nativa/parada.rs"
"SV-motor","ensayo-ia-y-observabilidad","02d5aee5fafe71105e2a451273adba888e87308a","laboratorio/ensayo-ia-y-observabilidad/resultados/preparacion-nativa-02/nativa/servidor.rs","3388","1115fe7bef0b654c6a6512c6046f5671f8ed5fd1","https://github.com/juantoniolloretegea/SV-motor/blob/02d5aee5fafe71105e2a451273adba888e87308a/laboratorio/ensayo-ia-y-observabilidad/resultados/preparacion-nativa-02/nativa/servidor.rs"
"SV-motor","ensayo-ia-y-observabilidad","02d5aee5fafe71105e2a451273adba888e87308a","laboratorio/ensayo-ia-y-observabilidad/resultados/preparacion-nativa-02/nativa/supervisor.rs","14779","0a8ee319aa1cae5728bcdcbd086b1e0f396581a8","https://github.com/juantoniolloretegea/SV-motor/blob/02d5aee5fafe71105e2a451273adba888e87308a/laboratorio/ensayo-ia-y-observabilidad/resultados/preparacion-nativa-02/nativa/supervisor.rs"
"SV-motor","ensayo-ia-y-observabilidad","02d5aee5fafe71105e2a451273adba888e87308a","laboratorio/ensayo-ia-y-observabilidad/resultados/preparacion-nativa-02/nativa/testigo.rs","2987","3dea5f8a65aa3b8f9ef2e672057afcb9fd6c9d3e","https://github.com/juantoniolloretegea/SV-motor/blob/02d5aee5fafe71105e2a451273adba888e87308a/laboratorio/ensayo-ia-y-observabilidad/resultados/preparacion-nativa-02/nativa/testigo.rs"
"SV-motor","ensayo-ia-y-observabilidad","02d5aee5fafe71105e2a451273adba888e87308a","laboratorio/ensayo-ia-y-observabilidad/resultados/preparacion-nativa-02/observabilidad/telemetria.rs","3522","fc8c04eec3aa48d4c48df759e08d88709265b01a","https://github.com/juantoniolloretegea/SV-motor/blob/02d5aee5fafe71105e2a451273adba888e87308a/laboratorio/ensayo-ia-y-observabilidad/resultados/preparacion-nativa-02/observabilidad/telemetria.rs"
"SV-motor","ensayo-ia-y-observabilidad","02d5aee5fafe71105e2a451273adba888e87308a","laboratorio/ensayo-ia-y-observabilidad/resultados/preparacion-nativa-02/pruebas/api_real.rs","5437","561534b349e52c23d8f234b6473e956d1d80433d","https://github.com/juantoniolloretegea/SV-motor/blob/02d5aee5fafe71105e2a451273adba888e87308a/laboratorio/ensayo-ia-y-observabilidad/resultados/preparacion-nativa-02/pruebas/api_real.rs"
"SV-motor","ensayo-ia-y-observabilidad","02d5aee5fafe71105e2a451273adba888e87308a","laboratorio/ensayo-ia-y-observabilidad/resultados/preparacion-nativa-02/pruebas/banco.rs","3184","e2466c3d94971f61d625c289aef1742a4b2788c6","https://github.com/juantoniolloretegea/SV-motor/blob/02d5aee5fafe71105e2a451273adba888e87308a/laboratorio/ensayo-ia-y-observabilidad/resultados/preparacion-nativa-02/pruebas/banco.rs"
"SV-motor","ensayo-ia-y-observabilidad","02d5aee5fafe71105e2a451273adba888e87308a","laboratorio/ensayo-ia-y-observabilidad/resultados/preparacion-nativa-02/pruebas/frontera.rs","3928","5b0bff14171e95f9944147f89fa3bad8b369d771","https://github.com/juantoniolloretegea/SV-motor/blob/02d5aee5fafe71105e2a451273adba888e87308a/laboratorio/ensayo-ia-y-observabilidad/resultados/preparacion-nativa-02/pruebas/frontera.rs"
"SV-motor","ensayo-ia-y-observabilidad","02d5aee5fafe71105e2a451273adba888e87308a","laboratorio/ensayo-ia-y-observabilidad/resultados/preparacion-nativa-02/pruebas/INTERFAZ.js","1030","e8d2e6753e1c438c7f9397c5bd24615a63ffccc7","https://github.com/juantoniolloretegea/SV-motor/blob/02d5aee5fafe71105e2a451273adba888e87308a/laboratorio/ensayo-ia-y-observabilidad/resultados/preparacion-nativa-02/pruebas/INTERFAZ.js"
"SV-motor","ensayo-ia-y-observabilidad","02d5aee5fafe71105e2a451273adba888e87308a","laboratorio/ensayo-ia-y-observabilidad/resultados/preparacion-nativa-02/pruebas/json_complementario.rs","6207","f7b07a4db1c024d8f1e79f49e0e9f5ec8dac39a7","https://github.com/juantoniolloretegea/SV-motor/blob/02d5aee5fafe71105e2a451273adba888e87308a/laboratorio/ensayo-ia-y-observabilidad/resultados/preparacion-nativa-02/pruebas/json_complementario.rs"
"SV-motor","ensayo-ia-y-observabilidad","02d5aee5fafe71105e2a451273adba888e87308a","laboratorio/ensayo-ia-y-observabilidad/resultados/preparacion-nativa-02/pruebas/lib.rs","4223","346371e6615f49a129180762bd57737be31a3607","https://github.com/juantoniolloretegea/SV-motor/blob/02d5aee5fafe71105e2a451273adba888e87308a/laboratorio/ensayo-ia-y-observabilidad/resultados/preparacion-nativa-02/pruebas/lib.rs"
"SV-motor","ensayo-ia-y-observabilidad","02d5aee5fafe71105e2a451273adba888e87308a","laboratorio/ensayo-ia-y-observabilidad/resultados/preparacion-nativa-02/pruebas/observador.rs","1729","5cf1b8515d657066fa63eac99362e9ddbc08d5c5","https://github.com/juantoniolloretegea/SV-motor/blob/02d5aee5fafe71105e2a451273adba888e87308a/laboratorio/ensayo-ia-y-observabilidad/resultados/preparacion-nativa-02/pruebas/observador.rs"
"SV-motor","ensayo-ia-y-observabilidad","02d5aee5fafe71105e2a451273adba888e87308a","laboratorio/ensayo-ia-y-observabilidad/resultados/preparacion-nativa-02/web/app.js","3998","bc0903375eb3198dbf43898005ed60abc5dff0d0","https://github.com/juantoniolloretegea/SV-motor/blob/02d5aee5fafe71105e2a451273adba888e87308a/laboratorio/ensayo-ia-y-observabilidad/resultados/preparacion-nativa-02/web/app.js"
"SV-motor","ensayo-ia-y-observabilidad","02d5aee5fafe71105e2a451273adba888e87308a","laboratorio/ensayo-ia-y-observabilidad/resultados/preparacion-nativa-02/web/index.html","955","a729035f08a2b7f47ddfe25df25016a160c4b03d","https://github.com/juantoniolloretegea/SV-motor/blob/02d5aee5fafe71105e2a451273adba888e87308a/laboratorio/ensayo-ia-y-observabilidad/resultados/preparacion-nativa-02/web/index.html"
"SV-motor","ensayo-ia-y-observabilidad","02d5aee5fafe71105e2a451273adba888e87308a","laboratorio/ensayo-ia-y-observabilidad/resultados/preparacion-nativa-03/antecedentes/Cargo.lock","41482","42e6bbdc01ba190c3dc887484bd85cb82270d9ee","https://github.com/juantoniolloretegea/SV-motor/blob/02d5aee5fafe71105e2a451273adba888e87308a/laboratorio/ensayo-ia-y-observabilidad/resultados/preparacion-nativa-03/antecedentes/Cargo.lock"
"SV-motor","ensayo-ia-y-observabilidad","02d5aee5fafe71105e2a451273adba888e87308a","laboratorio/ensayo-ia-y-observabilidad/resultados/preparacion-nativa-03/Cargo.toml","2085","9aba016359d529741e83b23621e1725709f496a8","https://github.com/juantoniolloretegea/SV-motor/blob/02d5aee5fafe71105e2a451273adba888e87308a/laboratorio/ensayo-ia-y-observabilidad/resultados/preparacion-nativa-03/Cargo.toml"
"SV-motor","ensayo-ia-y-observabilidad","02d5aee5fafe71105e2a451273adba888e87308a","laboratorio/ensayo-ia-y-observabilidad/resultados/preparacion-nativa-03/inferencia/adaptador.rs","2651","9409b475a8fab88e50a2d01ecb15f6560f5df362","https://github.com/juantoniolloretegea/SV-motor/blob/02d5aee5fafe71105e2a451273adba888e87308a/laboratorio/ensayo-ia-y-observabilidad/resultados/preparacion-nativa-03/inferencia/adaptador.rs"
"SV-motor","ensayo-ia-y-observabilidad","02d5aee5fafe71105e2a451273adba888e87308a","laboratorio/ensayo-ia-y-observabilidad/resultados/preparacion-nativa-03/nativa/cotejo.rs","2002","c6fab35845620882b995665786ba1b2d02049d86","https://github.com/juantoniolloretegea/SV-motor/blob/02d5aee5fafe71105e2a451273adba888e87308a/laboratorio/ensayo-ia-y-observabilidad/resultados/preparacion-nativa-03/nativa/cotejo.rs"
"SV-motor","ensayo-ia-y-observabilidad","02d5aee5fafe71105e2a451273adba888e87308a","laboratorio/ensayo-ia-y-observabilidad/resultados/preparacion-nativa-03/nativa/custodia.rs","8932","54ddc3a58c14cf17468a0dcb4a2942964e2d2e52","https://github.com/juantoniolloretegea/SV-motor/blob/02d5aee5fafe71105e2a451273adba888e87308a/laboratorio/ensayo-ia-y-observabilidad/resultados/preparacion-nativa-03/nativa/custodia.rs"
"SV-motor","ensayo-ia-y-observabilidad","02d5aee5fafe71105e2a451273adba888e87308a","laboratorio/ensayo-ia-y-observabilidad/resultados/preparacion-nativa-03/nativa/guarda.rs","5435","9517178e595e350a21d7886fab048c8ed8b29787","https://github.com/juantoniolloretegea/SV-motor/blob/02d5aee5fafe71105e2a451273adba888e87308a/laboratorio/ensayo-ia-y-observabilidad/resultados/preparacion-nativa-03/nativa/guarda.rs"
"SV-motor","ensayo-ia-y-observabilidad","02d5aee5fafe71105e2a451273adba888e87308a","laboratorio/ensayo-ia-y-observabilidad/resultados/preparacion-nativa-03/nativa/inferidor.rs","1939","5d012b24248ad46eb992b65693a3fb6c3140bc8e","https://github.com/juantoniolloretegea/SV-motor/blob/02d5aee5fafe71105e2a451273adba888e87308a/laboratorio/ensayo-ia-y-observabilidad/resultados/preparacion-nativa-03/nativa/inferidor.rs"
"SV-motor","ensayo-ia-y-observabilidad","02d5aee5fafe71105e2a451273adba888e87308a","laboratorio/ensayo-ia-y-observabilidad/resultados/preparacion-nativa-03/nativa/mod.rs","6786","4c6e4ae5cc3934fbd3891b1189635c2f79f10292","https://github.com/juantoniolloretegea/SV-motor/blob/02d5aee5fafe71105e2a451273adba888e87308a/laboratorio/ensayo-ia-y-observabilidad/resultados/preparacion-nativa-03/nativa/mod.rs"
"SV-motor","ensayo-ia-y-observabilidad","02d5aee5fafe71105e2a451273adba888e87308a","laboratorio/ensayo-ia-y-observabilidad/resultados/preparacion-nativa-03/nativa/parada.rs","1631","e2ed5f743e02fef8a379706cfa671f80e48ddcb3","https://github.com/juantoniolloretegea/SV-motor/blob/02d5aee5fafe71105e2a451273adba888e87308a/laboratorio/ensayo-ia-y-observabilidad/resultados/preparacion-nativa-03/nativa/parada.rs"
"SV-motor","ensayo-ia-y-observabilidad","02d5aee5fafe71105e2a451273adba888e87308a","laboratorio/ensayo-ia-y-observabilidad/resultados/preparacion-nativa-03/nativa/servidor.rs","3388","1115fe7bef0b654c6a6512c6046f5671f8ed5fd1","https://github.com/juantoniolloretegea/SV-motor/blob/02d5aee5fafe71105e2a451273adba888e87308a/laboratorio/ensayo-ia-y-observabilidad/resultados/preparacion-nativa-03/nativa/servidor.rs"
"SV-motor","ensayo-ia-y-observabilidad","02d5aee5fafe71105e2a451273adba888e87308a","laboratorio/ensayo-ia-y-observabilidad/resultados/preparacion-nativa-03/nativa/supervisor.rs","17693","b67bbfa28a2e81d298edf51aa7ac2eb4c0584f32","https://github.com/juantoniolloretegea/SV-motor/blob/02d5aee5fafe71105e2a451273adba888e87308a/laboratorio/ensayo-ia-y-observabilidad/resultados/preparacion-nativa-03/nativa/supervisor.rs"
"SV-motor","ensayo-ia-y-observabilidad","02d5aee5fafe71105e2a451273adba888e87308a","laboratorio/ensayo-ia-y-observabilidad/resultados/preparacion-nativa-03/nativa/testigo.rs","3344","cbc1e5f3a830551505aec0519b5c78a47c383b4f","https://github.com/juantoniolloretegea/SV-motor/blob/02d5aee5fafe71105e2a451273adba888e87308a/laboratorio/ensayo-ia-y-observabilidad/resultados/preparacion-nativa-03/nativa/testigo.rs"
"SV-motor","ensayo-ia-y-observabilidad","02d5aee5fafe71105e2a451273adba888e87308a","laboratorio/ensayo-ia-y-observabilidad/resultados/preparacion-nativa-03/observabilidad/telemetria.rs","3522","fc8c04eec3aa48d4c48df759e08d88709265b01a","https://github.com/juantoniolloretegea/SV-motor/blob/02d5aee5fafe71105e2a451273adba888e87308a/laboratorio/ensayo-ia-y-observabilidad/resultados/preparacion-nativa-03/observabilidad/telemetria.rs"
"SV-motor","ensayo-ia-y-observabilidad","02d5aee5fafe71105e2a451273adba888e87308a","laboratorio/ensayo-ia-y-observabilidad/resultados/preparacion-nativa-03/pruebas/api_real.rs","6263","0e088e11c3eedb5882a72165b76dc73f706bdd17","https://github.com/juantoniolloretegea/SV-motor/blob/02d5aee5fafe71105e2a451273adba888e87308a/laboratorio/ensayo-ia-y-observabilidad/resultados/preparacion-nativa-03/pruebas/api_real.rs"
"SV-motor","ensayo-ia-y-observabilidad","02d5aee5fafe71105e2a451273adba888e87308a","laboratorio/ensayo-ia-y-observabilidad/resultados/preparacion-nativa-03/pruebas/banco.rs","3184","e2466c3d94971f61d625c289aef1742a4b2788c6","https://github.com/juantoniolloretegea/SV-motor/blob/02d5aee5fafe71105e2a451273adba888e87308a/laboratorio/ensayo-ia-y-observabilidad/resultados/preparacion-nativa-03/pruebas/banco.rs"
"SV-motor","ensayo-ia-y-observabilidad","02d5aee5fafe71105e2a451273adba888e87308a","laboratorio/ensayo-ia-y-observabilidad/resultados/preparacion-nativa-03/pruebas/frontera.rs","7075","17b6e30dac476ff90fba960fd4f750b1e29d24fc","https://github.com/juantoniolloretegea/SV-motor/blob/02d5aee5fafe71105e2a451273adba888e87308a/laboratorio/ensayo-ia-y-observabilidad/resultados/preparacion-nativa-03/pruebas/frontera.rs"
"SV-motor","ensayo-ia-y-observabilidad","02d5aee5fafe71105e2a451273adba888e87308a","laboratorio/ensayo-ia-y-observabilidad/resultados/preparacion-nativa-03/pruebas/INTERFAZ.js","1030","e8d2e6753e1c438c7f9397c5bd24615a63ffccc7","https://github.com/juantoniolloretegea/SV-motor/blob/02d5aee5fafe71105e2a451273adba888e87308a/laboratorio/ensayo-ia-y-observabilidad/resultados/preparacion-nativa-03/pruebas/INTERFAZ.js"
"SV-motor","ensayo-ia-y-observabilidad","02d5aee5fafe71105e2a451273adba888e87308a","laboratorio/ensayo-ia-y-observabilidad/resultados/preparacion-nativa-03/pruebas/json_complementario.rs","6207","f7b07a4db1c024d8f1e79f49e0e9f5ec8dac39a7","https://github.com/juantoniolloretegea/SV-motor/blob/02d5aee5fafe71105e2a451273adba888e87308a/laboratorio/ensayo-ia-y-observabilidad/resultados/preparacion-nativa-03/pruebas/json_complementario.rs"
"SV-motor","ensayo-ia-y-observabilidad","02d5aee5fafe71105e2a451273adba888e87308a","laboratorio/ensayo-ia-y-observabilidad/resultados/preparacion-nativa-03/pruebas/lib.rs","4327","c148098442dd0c1c9ad4b96db47c1ca8279e98dc","https://github.com/juantoniolloretegea/SV-motor/blob/02d5aee5fafe71105e2a451273adba888e87308a/laboratorio/ensayo-ia-y-observabilidad/resultados/preparacion-nativa-03/pruebas/lib.rs"
"SV-motor","ensayo-ia-y-observabilidad","02d5aee5fafe71105e2a451273adba888e87308a","laboratorio/ensayo-ia-y-observabilidad/resultados/preparacion-nativa-03/pruebas/observador.rs","1729","5cf1b8515d657066fa63eac99362e9ddbc08d5c5","https://github.com/juantoniolloretegea/SV-motor/blob/02d5aee5fafe71105e2a451273adba888e87308a/laboratorio/ensayo-ia-y-observabilidad/resultados/preparacion-nativa-03/pruebas/observador.rs"
"SV-motor","ensayo-ia-y-observabilidad","02d5aee5fafe71105e2a451273adba888e87308a","laboratorio/ensayo-ia-y-observabilidad/resultados/preparacion-nativa-03/pruebas/oraculos_nat03.rs","10707","1e50718375f74e7eb31467e225e17264419071a7","https://github.com/juantoniolloretegea/SV-motor/blob/02d5aee5fafe71105e2a451273adba888e87308a/laboratorio/ensayo-ia-y-observabilidad/resultados/preparacion-nativa-03/pruebas/oraculos_nat03.rs"
"SV-motor","ensayo-ia-y-observabilidad","02d5aee5fafe71105e2a451273adba888e87308a","laboratorio/ensayo-ia-y-observabilidad/resultados/preparacion-nativa-03/web/app.js","3998","bc0903375eb3198dbf43898005ed60abc5dff0d0","https://github.com/juantoniolloretegea/SV-motor/blob/02d5aee5fafe71105e2a451273adba888e87308a/laboratorio/ensayo-ia-y-observabilidad/resultados/preparacion-nativa-03/web/app.js"
"SV-motor","ensayo-ia-y-observabilidad","02d5aee5fafe71105e2a451273adba888e87308a","laboratorio/ensayo-ia-y-observabilidad/resultados/preparacion-nativa-03/web/index.html","955","a729035f08a2b7f47ddfe25df25016a160c4b03d","https://github.com/juantoniolloretegea/SV-motor/blob/02d5aee5fafe71105e2a451273adba888e87308a/laboratorio/ensayo-ia-y-observabilidad/resultados/preparacion-nativa-03/web/index.html"
"SV-motor","ensayo-ia-y-observabilidad","02d5aee5fafe71105e2a451273adba888e87308a","laboratorio/ensayo-ia-y-observabilidad/resultados/preparacion-navegador-01/Cargo.lock","41530","31012a7ed95d89ae5929862553060ca20e71792b","https://github.com/juantoniolloretegea/SV-motor/blob/02d5aee5fafe71105e2a451273adba888e87308a/laboratorio/ensayo-ia-y-observabilidad/resultados/preparacion-navegador-01/Cargo.lock"
"SV-motor","ensayo-ia-y-observabilidad","02d5aee5fafe71105e2a451273adba888e87308a","laboratorio/ensayo-ia-y-observabilidad/resultados/preparacion-navegador-01/Cargo.toml","1405","352752e30cad2f23f98385e4523a1d23177a680d","https://github.com/juantoniolloretegea/SV-motor/blob/02d5aee5fafe71105e2a451273adba888e87308a/laboratorio/ensayo-ia-y-observabilidad/resultados/preparacion-navegador-01/Cargo.toml"
"SV-motor","ensayo-ia-y-observabilidad","02d5aee5fafe71105e2a451273adba888e87308a","laboratorio/ensayo-ia-y-observabilidad/resultados/preparacion-navegador-01/controlador.mjs","5800","f3054fb7ff0f66c3bfb64293f0dcfd54ef7336a6","https://github.com/juantoniolloretegea/SV-motor/blob/02d5aee5fafe71105e2a451273adba888e87308a/laboratorio/ensayo-ia-y-observabilidad/resultados/preparacion-navegador-01/controlador.mjs"
"SV-motor","ensayo-ia-y-observabilidad","02d5aee5fafe71105e2a451273adba888e87308a","laboratorio/ensayo-ia-y-observabilidad/resultados/preparacion-navegador-01/inferencia/adaptador.rs","2453","e43a951c4fbb4045a62e89cf60bef15ae5852949","https://github.com/juantoniolloretegea/SV-motor/blob/02d5aee5fafe71105e2a451273adba888e87308a/laboratorio/ensayo-ia-y-observabilidad/resultados/preparacion-navegador-01/inferencia/adaptador.rs"
"SV-motor","ensayo-ia-y-observabilidad","02d5aee5fafe71105e2a451273adba888e87308a","laboratorio/ensayo-ia-y-observabilidad/resultados/preparacion-navegador-01/observabilidad/telemetria.rs","4395","f5022352565c46262366f500062623cb544026b5","https://github.com/juantoniolloretegea/SV-motor/blob/02d5aee5fafe71105e2a451273adba888e87308a/laboratorio/ensayo-ia-y-observabilidad/resultados/preparacion-navegador-01/observabilidad/telemetria.rs"
"SV-motor","ensayo-ia-y-observabilidad","02d5aee5fafe71105e2a451273adba888e87308a","laboratorio/ensayo-ia-y-observabilidad/resultados/preparacion-navegador-01/originales/Cargo.lock","41530","31012a7ed95d89ae5929862553060ca20e71792b","https://github.com/juantoniolloretegea/SV-motor/blob/02d5aee5fafe71105e2a451273adba888e87308a/laboratorio/ensayo-ia-y-observabilidad/resultados/preparacion-navegador-01/originales/Cargo.lock"
"SV-motor","ensayo-ia-y-observabilidad","02d5aee5fafe71105e2a451273adba888e87308a","laboratorio/ensayo-ia-y-observabilidad/resultados/preparacion-navegador-01/originales/Cargo.navegador.toml","1779","db3631fa8eb81ad0fe9ea560d672594d20b65031","https://github.com/juantoniolloretegea/SV-motor/blob/02d5aee5fafe71105e2a451273adba888e87308a/laboratorio/ensayo-ia-y-observabilidad/resultados/preparacion-navegador-01/originales/Cargo.navegador.toml"
"SV-motor","ensayo-ia-y-observabilidad","02d5aee5fafe71105e2a451273adba888e87308a","laboratorio/ensayo-ia-y-observabilidad/resultados/preparacion-navegador-01/originales/inferencia/adaptador.rs","2436","f66ad5f961627ce2105298a08e79e7f4f48aaadc","https://github.com/juantoniolloretegea/SV-motor/blob/02d5aee5fafe71105e2a451273adba888e87308a/laboratorio/ensayo-ia-y-observabilidad/resultados/preparacion-navegador-01/originales/inferencia/adaptador.rs"
"SV-motor","ensayo-ia-y-observabilidad","02d5aee5fafe71105e2a451273adba888e87308a","laboratorio/ensayo-ia-y-observabilidad/resultados/preparacion-navegador-01/originales/observabilidad/telemetria.rs","3189","e18e9957e1043442f28574f542c93b9e590c91ab","https://github.com/juantoniolloretegea/SV-motor/blob/02d5aee5fafe71105e2a451273adba888e87308a/laboratorio/ensayo-ia-y-observabilidad/resultados/preparacion-navegador-01/originales/observabilidad/telemetria.rs"
"SV-motor","ensayo-ia-y-observabilidad","02d5aee5fafe71105e2a451273adba888e87308a","laboratorio/ensayo-ia-y-observabilidad/resultados/preparacion-navegador-01/originales/pruebas/lib.rs","4177","9070ce01fbd092f4df308b0ac9151e89ebe8a7dd","https://github.com/juantoniolloretegea/SV-motor/blob/02d5aee5fafe71105e2a451273adba888e87308a/laboratorio/ensayo-ia-y-observabilidad/resultados/preparacion-navegador-01/originales/pruebas/lib.rs"
"SV-motor","ensayo-ia-y-observabilidad","02d5aee5fafe71105e2a451273adba888e87308a","laboratorio/ensayo-ia-y-observabilidad/resultados/preparacion-navegador-01/originales/pruebas/navegador.rs","1489","d809beb136709c6d4303c237ede2b637e1890e24","https://github.com/juantoniolloretegea/SV-motor/blob/02d5aee5fafe71105e2a451273adba888e87308a/laboratorio/ensayo-ia-y-observabilidad/resultados/preparacion-navegador-01/originales/pruebas/navegador.rs"
"SV-motor","ensayo-ia-y-observabilidad","02d5aee5fafe71105e2a451273adba888e87308a","laboratorio/ensayo-ia-y-observabilidad/resultados/preparacion-navegador-01/pruebas/lib.rs","4215","6ef7338f2e4f1ed22b6cfe1280ff23e022c8af7e","https://github.com/juantoniolloretegea/SV-motor/blob/02d5aee5fafe71105e2a451273adba888e87308a/laboratorio/ensayo-ia-y-observabilidad/resultados/preparacion-navegador-01/pruebas/lib.rs"
"SV-motor","ensayo-ia-y-observabilidad","02d5aee5fafe71105e2a451273adba888e87308a","laboratorio/ensayo-ia-y-observabilidad/resultados/preparacion-navegador-01/pruebas/navegador.rs","4088","00999b2d286f8fa54fdf18d19aced7722a7703ba","https://github.com/juantoniolloretegea/SV-motor/blob/02d5aee5fafe71105e2a451273adba888e87308a/laboratorio/ensayo-ia-y-observabilidad/resultados/preparacion-navegador-01/pruebas/navegador.rs"
"SV-motor","ensayo-ia-y-observabilidad","02d5aee5fafe71105e2a451273adba888e87308a","laboratorio/ensayo-ia-y-observabilidad/resultados/preparacion-navegador-01/reloj.rs","1028","e0925acbc5d0e54481775050579b75ba34fdd515","https://github.com/juantoniolloretegea/SV-motor/blob/02d5aee5fafe71105e2a451273adba888e87308a/laboratorio/ensayo-ia-y-observabilidad/resultados/preparacion-navegador-01/reloj.rs"
"SV-motor","ensayo-ia-y-observabilidad","02d5aee5fafe71105e2a451273adba888e87308a","laboratorio/ensayo-ia-y-observabilidad/resultados/preparacion-navegador-01/web/control.js","4047","69623207e162cbd6a3f223a74ded3e9784b08297","https://github.com/juantoniolloretegea/SV-motor/blob/02d5aee5fafe71105e2a451273adba888e87308a/laboratorio/ensayo-ia-y-observabilidad/resultados/preparacion-navegador-01/web/control.js"
"SV-motor","ensayo-ia-y-observabilidad","02d5aee5fafe71105e2a451273adba888e87308a","laboratorio/ensayo-ia-y-observabilidad/resultados/preparacion-navegador-01/web/index.html","130","ec8d4c5ac9fde36ed3b0c6b0a56c420f34d366b2","https://github.com/juantoniolloretegea/SV-motor/blob/02d5aee5fafe71105e2a451273adba888e87308a/laboratorio/ensayo-ia-y-observabilidad/resultados/preparacion-navegador-01/web/index.html"
"SV-motor","ensayo-ia-y-observabilidad","02d5aee5fafe71105e2a451273adba888e87308a","laboratorio/ensayo-ia-y-observabilidad/resultados/preparacion-navegador-01/web/worker.js","1800","253ad833b2a01323df48f797ff61f9b5cbc2a241","https://github.com/juantoniolloretegea/SV-motor/blob/02d5aee5fafe71105e2a451273adba888e87308a/laboratorio/ensayo-ia-y-observabilidad/resultados/preparacion-navegador-01/web/worker.js"
"SV-motor","ensayo-ia-y-observabilidad","02d5aee5fafe71105e2a451273adba888e87308a","laboratorio/ensayo-ia-y-observabilidad/resultados/preparacion-navegador-02/Cargo.lock","41530","31012a7ed95d89ae5929862553060ca20e71792b","https://github.com/juantoniolloretegea/SV-motor/blob/02d5aee5fafe71105e2a451273adba888e87308a/laboratorio/ensayo-ia-y-observabilidad/resultados/preparacion-navegador-02/Cargo.lock"
"SV-motor","ensayo-ia-y-observabilidad","02d5aee5fafe71105e2a451273adba888e87308a","laboratorio/ensayo-ia-y-observabilidad/resultados/preparacion-navegador-02/Cargo.toml","1405","352752e30cad2f23f98385e4523a1d23177a680d","https://github.com/juantoniolloretegea/SV-motor/blob/02d5aee5fafe71105e2a451273adba888e87308a/laboratorio/ensayo-ia-y-observabilidad/resultados/preparacion-navegador-02/Cargo.toml"
"SV-motor","ensayo-ia-y-observabilidad","02d5aee5fafe71105e2a451273adba888e87308a","laboratorio/ensayo-ia-y-observabilidad/resultados/preparacion-navegador-02/controlador.mjs","9049","e9504b06599db56dec36bca524473a8683bc036b","https://github.com/juantoniolloretegea/SV-motor/blob/02d5aee5fafe71105e2a451273adba888e87308a/laboratorio/ensayo-ia-y-observabilidad/resultados/preparacion-navegador-02/controlador.mjs"
"SV-motor","ensayo-ia-y-observabilidad","02d5aee5fafe71105e2a451273adba888e87308a","laboratorio/ensayo-ia-y-observabilidad/resultados/preparacion-navegador-02/diagnostico.rs","422","9e1b2a964bc258f745cdcff6eb9141cbf07e8406","https://github.com/juantoniolloretegea/SV-motor/blob/02d5aee5fafe71105e2a451273adba888e87308a/laboratorio/ensayo-ia-y-observabilidad/resultados/preparacion-navegador-02/diagnostico.rs"
"SV-motor","ensayo-ia-y-observabilidad","02d5aee5fafe71105e2a451273adba888e87308a","laboratorio/ensayo-ia-y-observabilidad/resultados/preparacion-navegador-02/inferencia/adaptador.rs","2800","808718a118c27263417fa6c1be27087e5be7538c","https://github.com/juantoniolloretegea/SV-motor/blob/02d5aee5fafe71105e2a451273adba888e87308a/laboratorio/ensayo-ia-y-observabilidad/resultados/preparacion-navegador-02/inferencia/adaptador.rs"
"SV-motor","ensayo-ia-y-observabilidad","02d5aee5fafe71105e2a451273adba888e87308a","laboratorio/ensayo-ia-y-observabilidad/resultados/preparacion-navegador-02/observabilidad/telemetria.rs","4395","f5022352565c46262366f500062623cb544026b5","https://github.com/juantoniolloretegea/SV-motor/blob/02d5aee5fafe71105e2a451273adba888e87308a/laboratorio/ensayo-ia-y-observabilidad/resultados/preparacion-navegador-02/observabilidad/telemetria.rs"
"SV-motor","ensayo-ia-y-observabilidad","02d5aee5fafe71105e2a451273adba888e87308a","laboratorio/ensayo-ia-y-observabilidad/resultados/preparacion-navegador-02/originales-nav01/Cargo.lock","41530","31012a7ed95d89ae5929862553060ca20e71792b","https://github.com/juantoniolloretegea/SV-motor/blob/02d5aee5fafe71105e2a451273adba888e87308a/laboratorio/ensayo-ia-y-observabilidad/resultados/preparacion-navegador-02/originales-nav01/Cargo.lock"
"SV-motor","ensayo-ia-y-observabilidad","02d5aee5fafe71105e2a451273adba888e87308a","laboratorio/ensayo-ia-y-observabilidad/resultados/preparacion-navegador-02/originales-nav01/Cargo.toml","1405","352752e30cad2f23f98385e4523a1d23177a680d","https://github.com/juantoniolloretegea/SV-motor/blob/02d5aee5fafe71105e2a451273adba888e87308a/laboratorio/ensayo-ia-y-observabilidad/resultados/preparacion-navegador-02/originales-nav01/Cargo.toml"
"SV-motor","ensayo-ia-y-observabilidad","02d5aee5fafe71105e2a451273adba888e87308a","laboratorio/ensayo-ia-y-observabilidad/resultados/preparacion-navegador-02/originales-nav01/controlador.mjs","5800","f3054fb7ff0f66c3bfb64293f0dcfd54ef7336a6","https://github.com/juantoniolloretegea/SV-motor/blob/02d5aee5fafe71105e2a451273adba888e87308a/laboratorio/ensayo-ia-y-observabilidad/resultados/preparacion-navegador-02/originales-nav01/controlador.mjs"
"SV-motor","ensayo-ia-y-observabilidad","02d5aee5fafe71105e2a451273adba888e87308a","laboratorio/ensayo-ia-y-observabilidad/resultados/preparacion-navegador-02/originales-nav01/inferencia/adaptador.rs","2453","e43a951c4fbb4045a62e89cf60bef15ae5852949","https://github.com/juantoniolloretegea/SV-motor/blob/02d5aee5fafe71105e2a451273adba888e87308a/laboratorio/ensayo-ia-y-observabilidad/resultados/preparacion-navegador-02/originales-nav01/inferencia/adaptador.rs"
"SV-motor","ensayo-ia-y-observabilidad","02d5aee5fafe71105e2a451273adba888e87308a","laboratorio/ensayo-ia-y-observabilidad/resultados/preparacion-navegador-02/originales-nav01/observabilidad/telemetria.rs","4395","f5022352565c46262366f500062623cb544026b5","https://github.com/juantoniolloretegea/SV-motor/blob/02d5aee5fafe71105e2a451273adba888e87308a/laboratorio/ensayo-ia-y-observabilidad/resultados/preparacion-navegador-02/originales-nav01/observabilidad/telemetria.rs"
"SV-motor","ensayo-ia-y-observabilidad","02d5aee5fafe71105e2a451273adba888e87308a","laboratorio/ensayo-ia-y-observabilidad/resultados/preparacion-navegador-02/originales-nav01/originales/Cargo.lock","41530","31012a7ed95d89ae5929862553060ca20e71792b","https://github.com/juantoniolloretegea/SV-motor/blob/02d5aee5fafe71105e2a451273adba888e87308a/laboratorio/ensayo-ia-y-observabilidad/resultados/preparacion-navegador-02/originales-nav01/originales/Cargo.lock"
"SV-motor","ensayo-ia-y-observabilidad","02d5aee5fafe71105e2a451273adba888e87308a","laboratorio/ensayo-ia-y-observabilidad/resultados/preparacion-navegador-02/originales-nav01/originales/Cargo.navegador.toml","1779","db3631fa8eb81ad0fe9ea560d672594d20b65031","https://github.com/juantoniolloretegea/SV-motor/blob/02d5aee5fafe71105e2a451273adba888e87308a/laboratorio/ensayo-ia-y-observabilidad/resultados/preparacion-navegador-02/originales-nav01/originales/Cargo.navegador.toml"
"SV-motor","ensayo-ia-y-observabilidad","02d5aee5fafe71105e2a451273adba888e87308a","laboratorio/ensayo-ia-y-observabilidad/resultados/preparacion-navegador-02/originales-nav01/originales/inferencia/adaptador.rs","2436","f66ad5f961627ce2105298a08e79e7f4f48aaadc","https://github.com/juantoniolloretegea/SV-motor/blob/02d5aee5fafe71105e2a451273adba888e87308a/laboratorio/ensayo-ia-y-observabilidad/resultados/preparacion-navegador-02/originales-nav01/originales/inferencia/adaptador.rs"
"SV-motor","ensayo-ia-y-observabilidad","02d5aee5fafe71105e2a451273adba888e87308a","laboratorio/ensayo-ia-y-observabilidad/resultados/preparacion-navegador-02/originales-nav01/originales/observabilidad/telemetria.rs","3189","e18e9957e1043442f28574f542c93b9e590c91ab","https://github.com/juantoniolloretegea/SV-motor/blob/02d5aee5fafe71105e2a451273adba888e87308a/laboratorio/ensayo-ia-y-observabilidad/resultados/preparacion-navegador-02/originales-nav01/originales/observabilidad/telemetria.rs"
"SV-motor","ensayo-ia-y-observabilidad","02d5aee5fafe71105e2a451273adba888e87308a","laboratorio/ensayo-ia-y-observabilidad/resultados/preparacion-navegador-02/originales-nav01/originales/pruebas/lib.rs","4177","9070ce01fbd092f4df308b0ac9151e89ebe8a7dd","https://github.com/juantoniolloretegea/SV-motor/blob/02d5aee5fafe71105e2a451273adba888e87308a/laboratorio/ensayo-ia-y-observabilidad/resultados/preparacion-navegador-02/originales-nav01/originales/pruebas/lib.rs"
"SV-motor","ensayo-ia-y-observabilidad","02d5aee5fafe71105e2a451273adba888e87308a","laboratorio/ensayo-ia-y-observabilidad/resultados/preparacion-navegador-02/originales-nav01/originales/pruebas/navegador.rs","1489","d809beb136709c6d4303c237ede2b637e1890e24","https://github.com/juantoniolloretegea/SV-motor/blob/02d5aee5fafe71105e2a451273adba888e87308a/laboratorio/ensayo-ia-y-observabilidad/resultados/preparacion-navegador-02/originales-nav01/originales/pruebas/navegador.rs"
"SV-motor","ensayo-ia-y-observabilidad","02d5aee5fafe71105e2a451273adba888e87308a","laboratorio/ensayo-ia-y-observabilidad/resultados/preparacion-navegador-02/originales-nav01/pruebas/lib.rs","4215","6ef7338f2e4f1ed22b6cfe1280ff23e022c8af7e","https://github.com/juantoniolloretegea/SV-motor/blob/02d5aee5fafe71105e2a451273adba888e87308a/laboratorio/ensayo-ia-y-observabilidad/resultados/preparacion-navegador-02/originales-nav01/pruebas/lib.rs"
"SV-motor","ensayo-ia-y-observabilidad","02d5aee5fafe71105e2a451273adba888e87308a","laboratorio/ensayo-ia-y-observabilidad/resultados/preparacion-navegador-02/originales-nav01/pruebas/navegador.rs","4088","00999b2d286f8fa54fdf18d19aced7722a7703ba","https://github.com/juantoniolloretegea/SV-motor/blob/02d5aee5fafe71105e2a451273adba888e87308a/laboratorio/ensayo-ia-y-observabilidad/resultados/preparacion-navegador-02/originales-nav01/pruebas/navegador.rs"
"SV-motor","ensayo-ia-y-observabilidad","02d5aee5fafe71105e2a451273adba888e87308a","laboratorio/ensayo-ia-y-observabilidad/resultados/preparacion-navegador-02/originales-nav01/reloj.rs","1028","e0925acbc5d0e54481775050579b75ba34fdd515","https://github.com/juantoniolloretegea/SV-motor/blob/02d5aee5fafe71105e2a451273adba888e87308a/laboratorio/ensayo-ia-y-observabilidad/resultados/preparacion-navegador-02/originales-nav01/reloj.rs"
"SV-motor","ensayo-ia-y-observabilidad","02d5aee5fafe71105e2a451273adba888e87308a","laboratorio/ensayo-ia-y-observabilidad/resultados/preparacion-navegador-02/originales-nav01/web/control.js","4047","69623207e162cbd6a3f223a74ded3e9784b08297","https://github.com/juantoniolloretegea/SV-motor/blob/02d5aee5fafe71105e2a451273adba888e87308a/laboratorio/ensayo-ia-y-observabilidad/resultados/preparacion-navegador-02/originales-nav01/web/control.js"
"SV-motor","ensayo-ia-y-observabilidad","02d5aee5fafe71105e2a451273adba888e87308a","laboratorio/ensayo-ia-y-observabilidad/resultados/preparacion-navegador-02/originales-nav01/web/index.html","130","ec8d4c5ac9fde36ed3b0c6b0a56c420f34d366b2","https://github.com/juantoniolloretegea/SV-motor/blob/02d5aee5fafe71105e2a451273adba888e87308a/laboratorio/ensayo-ia-y-observabilidad/resultados/preparacion-navegador-02/originales-nav01/web/index.html"
"SV-motor","ensayo-ia-y-observabilidad","02d5aee5fafe71105e2a451273adba888e87308a","laboratorio/ensayo-ia-y-observabilidad/resultados/preparacion-navegador-02/originales-nav01/web/worker.js","1800","253ad833b2a01323df48f797ff61f9b5cbc2a241","https://github.com/juantoniolloretegea/SV-motor/blob/02d5aee5fafe71105e2a451273adba888e87308a/laboratorio/ensayo-ia-y-observabilidad/resultados/preparacion-navegador-02/originales-nav01/web/worker.js"
"SV-motor","ensayo-ia-y-observabilidad","02d5aee5fafe71105e2a451273adba888e87308a","laboratorio/ensayo-ia-y-observabilidad/resultados/preparacion-navegador-02/pruebas/lib.rs","4265","39b2e6d80a4997649536d5b5b54d4d0845a44990","https://github.com/juantoniolloretegea/SV-motor/blob/02d5aee5fafe71105e2a451273adba888e87308a/laboratorio/ensayo-ia-y-observabilidad/resultados/preparacion-navegador-02/pruebas/lib.rs"
"SV-motor","ensayo-ia-y-observabilidad","02d5aee5fafe71105e2a451273adba888e87308a","laboratorio/ensayo-ia-y-observabilidad/resultados/preparacion-navegador-02/pruebas/navegador.rs","4144","b1d7181689000704e6c5339a1e30ed5996d61946","https://github.com/juantoniolloretegea/SV-motor/blob/02d5aee5fafe71105e2a451273adba888e87308a/laboratorio/ensayo-ia-y-observabilidad/resultados/preparacion-navegador-02/pruebas/navegador.rs"
"SV-motor","ensayo-ia-y-observabilidad","02d5aee5fafe71105e2a451273adba888e87308a","laboratorio/ensayo-ia-y-observabilidad/resultados/preparacion-navegador-02/reloj.rs","1028","e0925acbc5d0e54481775050579b75ba34fdd515","https://github.com/juantoniolloretegea/SV-motor/blob/02d5aee5fafe71105e2a451273adba888e87308a/laboratorio/ensayo-ia-y-observabilidad/resultados/preparacion-navegador-02/reloj.rs"
"SV-motor","ensayo-ia-y-observabilidad","02d5aee5fafe71105e2a451273adba888e87308a","laboratorio/ensayo-ia-y-observabilidad/resultados/preparacion-navegador-02/web/control.js","5224","e2a1ba662258d57231d28fb755c929264ea60a89","https://github.com/juantoniolloretegea/SV-motor/blob/02d5aee5fafe71105e2a451273adba888e87308a/laboratorio/ensayo-ia-y-observabilidad/resultados/preparacion-navegador-02/web/control.js"
"SV-motor","ensayo-ia-y-observabilidad","02d5aee5fafe71105e2a451273adba888e87308a","laboratorio/ensayo-ia-y-observabilidad/resultados/preparacion-navegador-02/web/index.html","130","ec8d4c5ac9fde36ed3b0c6b0a56c420f34d366b2","https://github.com/juantoniolloretegea/SV-motor/blob/02d5aee5fafe71105e2a451273adba888e87308a/laboratorio/ensayo-ia-y-observabilidad/resultados/preparacion-navegador-02/web/index.html"
"SV-motor","ensayo-ia-y-observabilidad","02d5aee5fafe71105e2a451273adba888e87308a","laboratorio/ensayo-ia-y-observabilidad/resultados/preparacion-navegador-02/web/worker.js","2409","13537e428448b88b9ee98f3479d9526b903b970f","https://github.com/juantoniolloretegea/SV-motor/blob/02d5aee5fafe71105e2a451273adba888e87308a/laboratorio/ensayo-ia-y-observabilidad/resultados/preparacion-navegador-02/web/worker.js"
"SV-motor","ensayo-ia-y-observabilidad","02d5aee5fafe71105e2a451273adba888e87308a","laboratorio/ensayo-ia-y-observabilidad/resultados/revision-05/continuacion-06/Cargo.navegador.toml","1779","db3631fa8eb81ad0fe9ea560d672594d20b65031","https://github.com/juantoniolloretegea/SV-motor/blob/02d5aee5fafe71105e2a451273adba888e87308a/laboratorio/ensayo-ia-y-observabilidad/resultados/revision-05/continuacion-06/Cargo.navegador.toml"
"SV-motor","ensayo-ia-y-observabilidad","02d5aee5fafe71105e2a451273adba888e87308a","laboratorio/ensayo-ia-y-observabilidad/resultados/revision-05/continuacion-06/Cargo.original.toml","1368","43660a15d2e79e3deb3b0671f6587b5825a52f28","https://github.com/juantoniolloretegea/SV-motor/blob/02d5aee5fafe71105e2a451273adba888e87308a/laboratorio/ensayo-ia-y-observabilidad/resultados/revision-05/continuacion-06/Cargo.original.toml"
"SV-motor","ensayo-ia-y-observabilidad","02d5aee5fafe71105e2a451273adba888e87308a","laboratorio/ensayo-ia-y-observabilidad/resultados/revision-05/continuacion-06/recepcion.rs","2826","b9d1817da44c1b572acd804d97a657ad15c6bbb2","https://github.com/juantoniolloretegea/SV-motor/blob/02d5aee5fafe71105e2a451273adba888e87308a/laboratorio/ensayo-ia-y-observabilidad/resultados/revision-05/continuacion-06/recepcion.rs"
"SV-motor","ensayo-ia-y-observabilidad","02d5aee5fafe71105e2a451273adba888e87308a","laboratorio/ensayo-ia-y-observabilidad/resultados/revision-06/json-01/banco.rs","6207","f7b07a4db1c024d8f1e79f49e0e9f5ec8dac39a7","https://github.com/juantoniolloretegea/SV-motor/blob/02d5aee5fafe71105e2a451273adba888e87308a/laboratorio/ensayo-ia-y-observabilidad/resultados/revision-06/json-01/banco.rs"
"SV-motor","ensayo-ia-y-observabilidad","02d5aee5fafe71105e2a451273adba888e87308a","laboratorio/ensayo-ia-y-observabilidad/rust-toolchain.toml","51","687fc44dbbb30dd7f6903345d2660fdc79b089f1","https://github.com/juantoniolloretegea/SV-motor/blob/02d5aee5fafe71105e2a451273adba888e87308a/laboratorio/ensayo-ia-y-observabilidad/rust-toolchain.toml"
"SV-motor","ensayo-ia-y-observabilidad","02d5aee5fafe71105e2a451273adba888e87308a","laboratorio/ensayo-ia-y-observabilidad/servicios-proveedores-ia/openai/realizacion/sv-incidencia-servicio-openai.rs","3960","18d4ab0c52dfc042fc79df1924f4df661a8288e7","https://github.com/juantoniolloretegea/SV-motor/blob/02d5aee5fafe71105e2a451273adba888e87308a/laboratorio/ensayo-ia-y-observabilidad/servicios-proveedores-ia/openai/realizacion/sv-incidencia-servicio-openai.rs"
