2026-09-09T19:52:49.7803775Z Current runner version: '2.337.0'
2026-09-09T19:52:49.7821848Z ##[group]Runner Image Provisioner
2026-09-09T19:52:49.7822565Z Hosted Compute Agent
2026-09-09T19:52:49.7823031Z Version: 20260828.587
2026-09-09T19:52:49.7823589Z Commit: abac92662cab4cc7352de4f9f9d2e2419aad9c29
2026-09-09T19:52:49.7824178Z Build Date: 2026-08-28T16:44:25Z
2026-09-09T19:52:49.7824758Z Worker ID: {a7c96c86-3ec5-44ce-8b6e-d6d97b158c4c}
2026-09-09T19:52:49.7825354Z Azure Region: centralus
2026-09-09T19:52:49.7825829Z ##[endgroup]
2026-09-09T19:52:49.7827122Z ##[group]Operating System
2026-09-09T19:52:49.7827661Z Ubuntu
2026-09-09T19:52:49.7828092Z 24.04.5
2026-09-09T19:52:49.7828525Z LTS
2026-09-09T19:52:49.7828948Z ##[endgroup]
2026-09-09T19:52:49.7829416Z ##[group]Runner Image
2026-09-09T19:52:49.7829889Z Image: ubuntu-24.04
2026-09-09T19:52:49.7830346Z Version: 20260907.300.1
2026-09-09T19:52:49.7831388Z Included Software: https://github.com/actions/runner-images/blob/ubuntu24/20260907.300/images/ubuntu/Ubuntu2404-Readme.md
2026-09-09T19:52:49.7832650Z Image Release: https://github.com/actions/runner-images/releases/tag/ubuntu24%2F20260907.300
2026-09-09T19:52:49.7833441Z ##[endgroup]
2026-09-09T19:52:49.7834353Z ##[group]GITHUB_TOKEN Permissions
2026-09-09T19:52:49.7835907Z Contents: read
2026-09-09T19:52:49.7836351Z Metadata: read
2026-09-09T19:52:49.7837084Z ##[endgroup]
2026-09-09T19:52:49.7838781Z Secret source: Actions
2026-09-09T19:52:49.7839534Z Cache mode: write
2026-09-09T19:52:49.7840093Z Prepare workflow directory
2026-09-09T19:52:49.8130206Z Prepare all required actions
2026-09-09T19:52:49.8170121Z Getting action download info
2026-09-09T19:52:50.0642399Z Download action repository 'actions/checkout@v4' (SHA:11d5960a326750d5838078e36cf38b85af677262)
2026-09-09T19:52:50.1645128Z Download action repository 'actions/upload-artifact@v4' (SHA:ea165f8d65b6e75b540449e92b4886f43607fa02)
2026-09-09T19:52:50.4044811Z Complete job name: three-way-parity
2026-09-09T19:52:50.4668179Z Node 20 is being deprecated. This workflow is running with Node 24 by default. If you need to temporarily use Node 20, you can set the ACTIONS_ALLOW_USE_UNSECURE_NODE_VERSION=true environment variable. For more information see: https://github.blog/changelog/2025-09-19-deprecation-of-node-20-on-github-actions-runners/
2026-09-09T19:52:50.4675237Z ##[group]Run actions/checkout@v4
2026-09-09T19:52:50.4675892Z with:
2026-09-09T19:52:50.4676309Z   fetch-depth: 2
2026-09-09T19:52:50.4677009Z   repository: juantoniolloretegea/SV-lenguaje-de-computacion
2026-09-09T19:52:50.4680237Z   token: ***
2026-09-09T19:52:50.4680642Z   ssh-strict: true
2026-09-09T19:52:50.4681085Z   ssh-user: git
2026-09-09T19:52:50.4681517Z   persist-credentials: true
2026-09-09T19:52:50.4681976Z   clean: true
2026-09-09T19:52:50.4682407Z   sparse-checkout-cone-mode: true
2026-09-09T19:52:50.4682884Z   fetch-tags: false
2026-09-09T19:52:50.4683311Z   show-progress: true
2026-09-09T19:52:50.4683757Z   lfs: false
2026-09-09T19:52:50.4684229Z   submodules: false
2026-09-09T19:52:50.4684677Z   set-safe-directory: true
2026-09-09T19:52:50.4685166Z   allow-unsafe-pr-checkout: false
2026-09-09T19:52:50.4685834Z ##[endgroup]
2026-09-09T19:52:50.5530002Z Syncing repository: juantoniolloretegea/SV-lenguaje-de-computacion
2026-09-09T19:52:50.5531943Z ##[group]Getting Git version info
2026-09-09T19:52:50.5532765Z Working directory is '/home/runner/work/SV-lenguaje-de-computacion/SV-lenguaje-de-computacion'
2026-09-09T19:52:50.5533868Z [command]/usr/bin/git version
2026-09-09T19:52:50.5600144Z git version 2.55.0
2026-09-09T19:52:50.5614684Z ##[endgroup]
2026-09-09T19:52:50.5639523Z Temporarily overriding HOME='/home/runner/work/_temp/ef3663fe-7120-4b25-a999-2399591f705c' before making global git config changes
2026-09-09T19:52:50.5641044Z Adding repository directory to the temporary git global config as a safe directory
2026-09-09T19:52:50.5642872Z [command]/usr/bin/git config --global --add safe.directory /home/runner/work/SV-lenguaje-de-computacion/SV-lenguaje-de-computacion
2026-09-09T19:52:50.5688448Z Deleting the contents of '/home/runner/work/SV-lenguaje-de-computacion/SV-lenguaje-de-computacion'
2026-09-09T19:52:50.5692845Z ##[group]Initializing the repository
2026-09-09T19:52:50.5696553Z [command]/usr/bin/git init /home/runner/work/SV-lenguaje-de-computacion/SV-lenguaje-de-computacion
2026-09-09T19:52:50.5780555Z hint: Using 'master' as the name for the initial branch. This default branch name
2026-09-09T19:52:50.5781892Z hint: will change to "main" in Git 3.0. To configure the initial branch name
2026-09-09T19:52:50.5783259Z hint: to use in all of your new repositories, which will suppress this warning,
2026-09-09T19:52:50.5784241Z hint: call:
2026-09-09T19:52:50.5785047Z hint:
2026-09-09T19:52:50.5785813Z hint: 	git config --global init.defaultBranch <name>
2026-09-09T19:52:50.5786540Z hint:
2026-09-09T19:52:50.5787623Z hint: Names commonly chosen instead of 'master' are 'main', 'trunk' and
2026-09-09T19:52:50.5788967Z hint: 'development'. The just-created branch can be renamed via this command:
2026-09-09T19:52:50.5790041Z hint:
2026-09-09T19:52:50.5790652Z hint: 	git branch -m <name>
2026-09-09T19:52:50.5791312Z hint:
2026-09-09T19:52:50.5792176Z hint: Disable this message with "git config set advice.defaultBranchName false"
2026-09-09T19:52:50.5793657Z Initialized empty Git repository in /home/runner/work/SV-lenguaje-de-computacion/SV-lenguaje-de-computacion/.git/
2026-09-09T19:52:50.5796003Z [command]/usr/bin/git remote add origin https://github.com/juantoniolloretegea/SV-lenguaje-de-computacion
2026-09-09T19:52:50.5833713Z ##[endgroup]
2026-09-09T19:52:50.5834863Z ##[group]Disabling automatic garbage collection
2026-09-09T19:52:50.5836080Z [command]/usr/bin/git config --local gc.auto 0
2026-09-09T19:52:50.5858239Z ##[endgroup]
2026-09-09T19:52:50.5859232Z ##[group]Setting up auth
2026-09-09T19:52:50.5864417Z [command]/usr/bin/git config --local --name-only --get-regexp core\.sshCommand
2026-09-09T19:52:50.5890146Z [command]/usr/bin/git submodule foreach --recursive sh -c "git config --local --name-only --get-regexp 'core\.sshCommand' && git config --local --unset-all 'core.sshCommand' || :"
2026-09-09T19:52:50.6249007Z [command]/usr/bin/git config --local --name-only --get-regexp http\.https\:\/\/github\.com\/\.extraheader
2026-09-09T19:52:50.6276454Z [command]/usr/bin/git submodule foreach --recursive sh -c "git config --local --name-only --get-regexp 'http\.https\:\/\/github\.com\/\.extraheader' && git config --local --unset-all 'http.https://github.com/.extraheader' || :"
2026-09-09T19:52:50.6444470Z [command]/usr/bin/git config --local --name-only --get-regexp ^includeIf\.gitdir:
2026-09-09T19:52:50.6468854Z [command]/usr/bin/git submodule foreach --recursive git config --local --show-origin --name-only --get-regexp remote.origin.url
2026-09-09T19:52:50.6625710Z [command]/usr/bin/git config --local http.https://github.com/.extraheader AUTHORIZATION: basic ***
2026-09-09T19:52:50.6651101Z ##[endgroup]
2026-09-09T19:52:50.6652761Z ##[group]Fetching the repository
2026-09-09T19:52:50.6660580Z [command]/usr/bin/git -c protocol.version=2 fetch --no-tags --prune --no-recurse-submodules --depth=2 origin +e5854e72ed0159c140dbd289a5645c143ebd0867:refs/remotes/pull/89/merge
2026-09-09T19:52:51.3720849Z From https://github.com/juantoniolloretegea/SV-lenguaje-de-computacion
2026-09-09T19:52:51.3723574Z  * [new ref]         e5854e72ed0159c140dbd289a5645c143ebd0867 -> pull/89/merge
2026-09-09T19:52:51.3729855Z ##[endgroup]
2026-09-09T19:52:51.3732395Z ##[group]Determining the checkout info
2026-09-09T19:52:51.3733952Z ##[endgroup]
2026-09-09T19:52:51.3734882Z [command]/usr/bin/git sparse-checkout disable
2026-09-09T19:52:51.3764984Z [command]/usr/bin/git config --local --unset-all extensions.worktreeConfig
2026-09-09T19:52:51.3787077Z ##[group]Checking out the ref
2026-09-09T19:52:51.3789317Z [command]/usr/bin/git checkout --progress --force refs/remotes/pull/89/merge
2026-09-09T19:52:51.4115704Z Note: switching to 'refs/remotes/pull/89/merge'.
2026-09-09T19:52:51.4117042Z 
2026-09-09T19:52:51.4117789Z You are in 'detached HEAD' state. You can look around, make experimental
2026-09-09T19:52:51.4119874Z changes and commit them, and you can discard any commits you make in this
2026-09-09T19:52:51.4121687Z state without impacting any branches by switching back to a branch.
2026-09-09T19:52:51.4123021Z 
2026-09-09T19:52:51.4123698Z If you want to create a new branch to retain commits you create, you may
2026-09-09T19:52:51.4125333Z do so (now or later) by using -c with the switch command. Example:
2026-09-09T19:52:51.4126251Z 
2026-09-09T19:52:51.4126692Z   git switch -c <new-branch-name>
2026-09-09T19:52:51.4127444Z 
2026-09-09T19:52:51.4127935Z Or undo this operation with:
2026-09-09T19:52:51.4128662Z 
2026-09-09T19:52:51.4129186Z   git switch -
2026-09-09T19:52:51.4129879Z 
2026-09-09T19:52:51.4130991Z Turn off this advice by setting config variable advice.detachedHead to false
2026-09-09T19:52:51.4132290Z 
2026-09-09T19:52:51.4133572Z HEAD is now at e5854e7 Merge 5627416505b119192423722e94a71a3137f1a17a into 73c738348a9493a459744c62b8ade382ff595af5
2026-09-09T19:52:51.4138848Z ##[endgroup]
2026-09-09T19:52:51.4154129Z [command]/usr/bin/git log -1 --format=%H
2026-09-09T19:52:51.4172819Z e5854e72ed0159c140dbd289a5645c143ebd0867
2026-09-09T19:52:51.4382909Z ##[group]Run rustup toolchain install 1.98.0 --profile minimal
2026-09-09T19:52:51.4384724Z [36;1mrustup toolchain install 1.98.0 --profile minimal[0m
2026-09-09T19:52:51.4386246Z [36;1mrustup default 1.98.0[0m
2026-09-09T19:52:51.4387749Z [36;1mrustup target add wasm32-wasip1 --toolchain 1.98.0[0m
2026-09-09T19:52:51.4389490Z [36;1mrustup target add wasm32-unknown-unknown --toolchain 1.98.0[0m
2026-09-09T19:52:51.4391103Z [36;1mrustc --version[0m
2026-09-09T19:52:51.4392173Z [36;1mcargo --version[0m
2026-09-09T19:52:51.4418413Z shell: /usr/bin/bash -e {0}
2026-09-09T19:52:51.4419592Z ##[endgroup]
2026-09-09T19:52:51.5775046Z info: syncing channel updates for 1.98.0-x86_64-unknown-linux-gnu
2026-09-09T19:52:51.8235544Z info: latest update on 2026-08-20 for version 1.98.0 (88d9e12ae 2026-08-18)
2026-09-09T19:52:51.8236348Z info: downloading 3 components
2026-09-09T19:52:59.0190021Z 
2026-09-09T19:52:59.0256197Z   1.98.0-x86_64-unknown-linux-gnu installed - rustc 1.98.0 (88d9e12ae 2026-08-18)
2026-09-09T19:52:59.0256965Z 
2026-09-09T19:52:59.0315095Z info: using existing install for 1.98.0-x86_64-unknown-linux-gnu
2026-09-09T19:52:59.0321845Z info: default toolchain set to 1.98.0-x86_64-unknown-linux-gnu
2026-09-09T19:52:59.0322595Z 
2026-09-09T19:52:59.0382315Z   1.98.0-x86_64-unknown-linux-gnu unchanged - rustc 1.98.0 (88d9e12ae 2026-08-18)
2026-09-09T19:52:59.0740331Z info: downloading component rust-std
2026-09-09T19:52:59.0740695Z 
2026-09-09T19:53:01.0352692Z info: downloading component rust-std
2026-09-09T19:53:02.8555522Z rustc 1.98.0 (88d9e12ae 2026-08-18)
2026-09-09T19:53:02.8627063Z cargo 1.98.0 (797e8a9bc 2026-08-05)
2026-09-09T19:53:02.8694014Z ##[group]Run node --version
2026-09-09T19:53:02.8694395Z [36;1mnode --version[0m
2026-09-09T19:53:02.8694719Z [36;1mpython --version[0m
2026-09-09T19:53:02.8695015Z [36;1muname -a[0m
2026-09-09T19:53:02.8695289Z [36;1mgit rev-parse HEAD[0m
2026-09-09T19:53:02.8695616Z [36;1mgit rev-list --parents -n 1 HEAD[0m
2026-09-09T19:53:02.8695991Z [36;1mecho "source head: 5627416505b119192423722e94a71a3137f1a17a"[0m
2026-09-09T19:53:02.8696427Z [36;1mecho "base head: 73c738348a9493a459744c62b8ade382ff595af5"[0m
2026-09-09T19:53:02.8697166Z [36;1mfor candidate in google-chrome google-chrome-stable chromium chromium-browser; do[0m
2026-09-09T19:53:02.8697823Z [36;1m  if command -v "$candidate" >/dev/null 2>&1; then[0m
2026-09-09T19:53:02.8698187Z [36;1m    "$candidate" --version[0m
2026-09-09T19:53:02.8698457Z [36;1m    break[0m
2026-09-09T19:53:02.8698734Z [36;1m  fi[0m
2026-09-09T19:53:02.8698970Z [36;1mdone[0m
2026-09-09T19:53:02.8721176Z shell: /usr/bin/bash -e {0}
2026-09-09T19:53:02.8721536Z ##[endgroup]
2026-09-09T19:53:02.9589901Z v22.23.2
2026-09-09T19:53:02.9615233Z Python 3.12.3
2026-09-09T19:53:02.9623516Z Linux runnervmlun5p 6.17.0-1022-azure #22-Ubuntu SMP Mon Jul 27 17:24:03 UTC 2026 x86_64 x86_64 x86_64 GNU/Linux
2026-09-09T19:53:02.9633225Z e5854e72ed0159c140dbd289a5645c143ebd0867
2026-09-09T19:53:02.9646010Z e5854e72ed0159c140dbd289a5645c143ebd0867 73c738348a9493a459744c62b8ade382ff595af5 5627416505b119192423722e94a71a3137f1a17a
2026-09-09T19:53:02.9648079Z source head: 5627416505b119192423722e94a71a3137f1a17a
2026-09-09T19:53:02.9648944Z base head: 73c738348a9493a459744c62b8ade382ff595af5
2026-09-09T19:53:05.3312131Z Google Chrome 152.0.7977.82 
2026-09-09T19:53:05.3438797Z ##[group]Run cargo test --manifest-path rust/Cargo.toml --workspace
2026-09-09T19:53:05.3439326Z [36;1mcargo test --manifest-path rust/Cargo.toml --workspace[0m
2026-09-09T19:53:05.3460303Z shell: /usr/bin/bash -e {0}
2026-09-09T19:53:05.3460615Z ##[endgroup]
2026-09-09T19:53:05.3872176Z    Compiling sv_core v0.1.0 (/home/runner/work/SV-lenguaje-de-computacion/SV-lenguaje-de-computacion/rust/sv_core)
2026-09-09T19:53:06.2761456Z warning: associated function `from_core_id` is never used
2026-09-09T19:53:06.2763738Z    --> sv_core/src/control.rs:155:27
2026-09-09T19:53:06.2764426Z     |
2026-09-09T19:53:06.2765045Z 141 |           impl $name {
2026-09-09T19:53:06.2765971Z     |           ---------- associated function in this implementation
2026-09-09T19:53:06.2766726Z ...
2026-09-09T19:53:06.2767792Z 155 |               pub(crate) fn from_core_id(id: ControlId) -> Self {
2026-09-09T19:53:06.2768547Z     |                             ^^^^^^^^^^^^
2026-09-09T19:53:06.2769277Z ...
2026-09-09T19:53:06.2769916Z 162 | / opaque_control_ref!(
2026-09-09T19:53:06.2770441Z 163 | |     InformationRef,
2026-09-09T19:53:06.2771440Z 164 | |     "Referencia nominal a información dentro del dominio de control."
2026-09-09T19:53:06.2772163Z 165 | | );
2026-09-09T19:53:06.2772655Z     | |_- in this macro invocation
2026-09-09T19:53:06.2773220Z     |
2026-09-09T19:53:06.2773799Z     = note: `#[warn(dead_code)]` (part of `#[warn(unused)]`) on by default
2026-09-09T19:53:06.2774895Z     = note: this warning originates in the macro `opaque_control_ref` (in Nightly builds, run with -Z macro-backtrace for more info)
2026-09-09T19:53:06.2775676Z 
2026-09-09T19:53:06.2776128Z warning: associated function `from_core_id` is never used
2026-09-09T19:53:06.2776949Z    --> sv_core/src/control.rs:155:27
2026-09-09T19:53:06.2777514Z     |
2026-09-09T19:53:06.2778050Z 141 |           impl $name {
2026-09-09T19:53:06.2778644Z     |           ---------- associated function in this implementation
2026-09-09T19:53:06.2779298Z ...
2026-09-09T19:53:06.2779852Z 155 |               pub(crate) fn from_core_id(id: ControlId) -> Self {
2026-09-09T19:53:06.2780481Z     |                             ^^^^^^^^^^^^
2026-09-09T19:53:06.2781080Z ...
2026-09-09T19:53:06.2781570Z 166 | / opaque_control_ref!(
2026-09-09T19:53:06.2782175Z 167 | |     AdmittedEvidenceRef,
2026-09-09T19:53:06.2783156Z 168 | |     "Referencia a evidencia cuya admisión debe proceder de una verificación gobernada."
2026-09-09T19:53:06.2783884Z 169 | | );
2026-09-09T19:53:06.2784378Z     | |_- in this macro invocation
2026-09-09T19:53:06.2784879Z     |
2026-09-09T19:53:06.2785764Z     = note: this warning originates in the macro `opaque_control_ref` (in Nightly builds, run with -Z macro-backtrace for more info)
2026-09-09T19:53:06.2786694Z 
2026-09-09T19:53:06.2787224Z warning: associated function `from_core_id` is never used
2026-09-09T19:53:06.2787834Z    --> sv_core/src/control.rs:155:27
2026-09-09T19:53:06.2788383Z     |
2026-09-09T19:53:06.2788834Z 141 |           impl $name {
2026-09-09T19:53:06.2789411Z     |           ---------- associated function in this implementation
2026-09-09T19:53:06.2790032Z ...
2026-09-09T19:53:06.2790570Z 155 |               pub(crate) fn from_core_id(id: ControlId) -> Self {
2026-09-09T19:53:06.2791256Z     |                             ^^^^^^^^^^^^
2026-09-09T19:53:06.2791772Z ...
2026-09-09T19:53:06.2792238Z 170 | / opaque_control_ref!(
2026-09-09T19:53:06.2792764Z 171 | |     ConstitutedFactRef,
2026-09-09T19:53:06.2793942Z 172 | |     "Referencia a un hecho semántico constituido; no equivale a autoridad."
2026-09-09T19:53:06.2794651Z 173 | | );
2026-09-09T19:53:06.2795155Z     | |_- in this macro invocation
2026-09-09T19:53:06.2795903Z     |
2026-09-09T19:53:06.2796684Z     = note: this warning originates in the macro `opaque_control_ref` (in Nightly builds, run with -Z macro-backtrace for more info)
2026-09-09T19:53:06.2797832Z 
2026-09-09T19:53:06.2798253Z warning: associated function `from_core_id` is never used
2026-09-09T19:53:06.2799290Z    --> sv_core/src/control.rs:155:27
2026-09-09T19:53:06.2799869Z     |
2026-09-09T19:53:06.2800369Z 141 |           impl $name {
2026-09-09T19:53:06.2801023Z     |           ---------- associated function in this implementation
2026-09-09T19:53:06.2801620Z ...
2026-09-09T19:53:06.2802213Z 155 |               pub(crate) fn from_core_id(id: ControlId) -> Self {
2026-09-09T19:53:06.2802894Z     |                             ^^^^^^^^^^^^
2026-09-09T19:53:06.2803459Z ...
2026-09-09T19:53:06.2804056Z 174 | / opaque_control_ref!(
2026-09-09T19:53:06.2804672Z 175 | |     AuthorityRef,
2026-09-09T19:53:06.2805774Z 176 | |     "Referencia a autoridad constituida; su constructor no forma parte de la API pública."
2026-09-09T19:53:06.2806620Z 177 | | );
2026-09-09T19:53:06.2807402Z     | |_- in this macro invocation
2026-09-09T19:53:06.2807935Z     |
2026-09-09T19:53:06.2808805Z     = note: this warning originates in the macro `opaque_control_ref` (in Nightly builds, run with -Z macro-backtrace for more info)
2026-09-09T19:53:06.2809703Z 
2026-09-09T19:53:06.2810101Z warning: associated function `from_core_id` is never used
2026-09-09T19:53:06.2810862Z    --> sv_core/src/control.rs:155:27
2026-09-09T19:53:06.2811505Z     |
2026-09-09T19:53:06.2811958Z 141 |           impl $name {
2026-09-09T19:53:06.2812540Z     |           ---------- associated function in this implementation
2026-09-09T19:53:06.2813222Z ...
2026-09-09T19:53:06.2813767Z 155 |               pub(crate) fn from_core_id(id: ControlId) -> Self {
2026-09-09T19:53:06.2814418Z     |                             ^^^^^^^^^^^^
2026-09-09T19:53:06.2815052Z ...
2026-09-09T19:53:06.2815510Z 178 | / opaque_control_ref!(
2026-09-09T19:53:06.2816049Z 179 | |     EnablementRef,
2026-09-09T19:53:06.2817113Z 180 | |     "Referencia a una habilitación de autoridad ya existente; no amplía autoridad."
2026-09-09T19:53:06.2817956Z 181 | | );
2026-09-09T19:53:06.2818403Z     | |_- in this macro invocation
2026-09-09T19:53:06.2818914Z     |
2026-09-09T19:53:06.2819807Z     = note: this warning originates in the macro `opaque_control_ref` (in Nightly builds, run with -Z macro-backtrace for more info)
2026-09-09T19:53:06.2820605Z 
2026-09-09T19:53:06.2820942Z warning: associated function `from_core_id` is never used
2026-09-09T19:53:06.2821558Z    --> sv_core/src/control.rs:155:27
2026-09-09T19:53:06.2822166Z     |
2026-09-09T19:53:06.2822591Z 141 |           impl $name {
2026-09-09T19:53:06.2823236Z     |           ---------- associated function in this implementation
2026-09-09T19:53:06.2823852Z ...
2026-09-09T19:53:06.2824360Z 155 |               pub(crate) fn from_core_id(id: ControlId) -> Self {
2026-09-09T19:53:06.2825019Z     |                             ^^^^^^^^^^^^
2026-09-09T19:53:06.2825539Z ...
2026-09-09T19:53:06.2826063Z 186 | / opaque_control_ref!(
2026-09-09T19:53:06.2826597Z 187 | |     FormRef,
2026-09-09T19:53:06.2827507Z 188 | |     "Referencia a una forma de transición constituida."
2026-09-09T19:53:06.2828151Z 189 | | );
2026-09-09T19:53:06.2828624Z     | |_- in this macro invocation
2026-09-09T19:53:06.2829179Z     |
2026-09-09T19:53:06.2829992Z     = note: this warning originates in the macro `opaque_control_ref` (in Nightly builds, run with -Z macro-backtrace for more info)
2026-09-09T19:53:06.2830750Z 
2026-09-09T19:53:06.2831152Z warning: associated function `from_core_id` is never used
2026-09-09T19:53:06.2831742Z    --> sv_core/src/control.rs:155:27
2026-09-09T19:53:06.2832260Z     |
2026-09-09T19:53:06.2832995Z 141 |           impl $name {
2026-09-09T19:53:06.2833547Z     |           ---------- associated function in this implementation
2026-09-09T19:53:06.2834132Z ...
2026-09-09T19:53:06.2834841Z 155 |               pub(crate) fn from_core_id(id: ControlId) -> Self {
2026-09-09T19:53:06.2835584Z     |                             ^^^^^^^^^^^^
2026-09-09T19:53:06.2836112Z ...
2026-09-09T19:53:06.2836534Z 190 | / opaque_control_ref!(
2026-09-09T19:53:06.2837193Z 191 | |     EffectFamilyRef,
2026-09-09T19:53:06.2838204Z 192 | |     "Referencia a una familia de efectos fijada por constitución."
2026-09-09T19:53:06.2838921Z 193 | | );
2026-09-09T19:53:06.2839460Z     | |_- in this macro invocation
2026-09-09T19:53:06.2839921Z     |
2026-09-09T19:53:06.2840697Z     = note: this warning originates in the macro `opaque_control_ref` (in Nightly builds, run with -Z macro-backtrace for more info)
2026-09-09T19:53:06.2841477Z 
2026-09-09T19:53:06.2841779Z warning: associated function `from_core_id` is never used
2026-09-09T19:53:06.2842385Z    --> sv_core/src/control.rs:155:27
2026-09-09T19:53:06.2842893Z     |
2026-09-09T19:53:06.2843364Z 141 |           impl $name {
2026-09-09T19:53:06.2843986Z     |           ---------- associated function in this implementation
2026-09-09T19:53:06.2844607Z ...
2026-09-09T19:53:06.2845108Z 155 |               pub(crate) fn from_core_id(id: ControlId) -> Self {
2026-09-09T19:53:06.2845710Z     |                             ^^^^^^^^^^^^
2026-09-09T19:53:06.2846244Z ...
2026-09-09T19:53:06.2846665Z 194 | / opaque_control_ref!(
2026-09-09T19:53:06.2847537Z 195 | |     EffectRef,
2026-09-09T19:53:06.2848214Z 196 | |     "Referencia a un efecto concreto; identificarlo no equivale a autorizarlo."
2026-09-09T19:53:06.2848928Z 197 | | );
2026-09-09T19:53:06.2849380Z     | |_- in this macro invocation
2026-09-09T19:53:06.2849880Z     |
2026-09-09T19:53:06.2850685Z     = note: this warning originates in the macro `opaque_control_ref` (in Nightly builds, run with -Z macro-backtrace for more info)
2026-09-09T19:53:06.2857366Z 
2026-09-09T19:53:06.2859102Z warning: associated function `from_core_id` is never used
2026-09-09T19:53:06.2859909Z    --> sv_core/src/control.rs:155:27
2026-09-09T19:53:06.2860468Z     |
2026-09-09T19:53:06.2860907Z 141 |           impl $name {
2026-09-09T19:53:06.2861529Z     |           ---------- associated function in this implementation
2026-09-09T19:53:06.2862129Z ...
2026-09-09T19:53:06.2862646Z 155 |               pub(crate) fn from_core_id(id: ControlId) -> Self {
2026-09-09T19:53:06.2863389Z     |                             ^^^^^^^^^^^^
2026-09-09T19:53:06.2863871Z ...
2026-09-09T19:53:06.2864308Z 198 | / opaque_control_ref!(
2026-09-09T19:53:06.2864776Z 199 | |     ContextRef,
2026-09-09T19:53:06.2865477Z 200 | |     "Referencia a una ligadura de contexto relevante para autoridad o forma."
2026-09-09T19:53:06.2866164Z 201 | | );
2026-09-09T19:53:06.2866595Z     | |_- in this macro invocation
2026-09-09T19:53:06.2867442Z     |
2026-09-09T19:53:06.2868228Z     = note: this warning originates in the macro `opaque_control_ref` (in Nightly builds, run with -Z macro-backtrace for more info)
2026-09-09T19:53:06.2869385Z 
2026-09-09T19:53:06.2869825Z warning: associated function `from_core_id` is never used
2026-09-09T19:53:06.2870398Z    --> sv_core/src/control.rs:155:27
2026-09-09T19:53:06.2870890Z     |
2026-09-09T19:53:06.2871364Z 141 |           impl $name {
2026-09-09T19:53:06.2871954Z     |           ---------- associated function in this implementation
2026-09-09T19:53:06.2872571Z ...
2026-09-09T19:53:06.2873083Z 155 |               pub(crate) fn from_core_id(id: ControlId) -> Self {
2026-09-09T19:53:06.2873676Z     |                             ^^^^^^^^^^^^
2026-09-09T19:53:06.2874227Z ...
2026-09-09T19:53:06.2874656Z 202 | / opaque_control_ref!(
2026-09-09T19:53:06.2875195Z 203 | |     AuthorityHolderRef,
2026-09-09T19:53:06.2876105Z 204 | |     "Referencia al titular de una autoridad; no constituye autoridad por sí misma."
2026-09-09T19:53:06.2876948Z 205 | | );
2026-09-09T19:53:06.2877685Z     | |_- in this macro invocation
2026-09-09T19:53:06.2878193Z     |
2026-09-09T19:53:06.2878978Z     = note: this warning originates in the macro `opaque_control_ref` (in Nightly builds, run with -Z macro-backtrace for more info)
2026-09-09T19:53:06.2879717Z 
2026-09-09T19:53:06.2880030Z warning: associated function `from_core_id` is never used
2026-09-09T19:53:06.2880625Z    --> sv_core/src/control.rs:155:27
2026-09-09T19:53:06.2881165Z     |
2026-09-09T19:53:06.2881594Z 141 |           impl $name {
2026-09-09T19:53:06.2882351Z     |           ---------- associated function in this implementation
2026-09-09T19:53:06.2882918Z ...
2026-09-09T19:53:06.2883406Z 155 |               pub(crate) fn from_core_id(id: ControlId) -> Self {
2026-09-09T19:53:06.2884030Z     |                             ^^^^^^^^^^^^
2026-09-09T19:53:06.2884580Z ...
2026-09-09T19:53:06.2885016Z 206 | / opaque_control_ref!(
2026-09-09T19:53:06.2885556Z 207 | |     GovernedObjectRef,
2026-09-09T19:53:06.2886202Z 208 | |     "Referencia a un objeto candidato a pertenecer al dominio gobernado D_a."
2026-09-09T19:53:06.2887107Z 209 | | );
2026-09-09T19:53:06.2887570Z     | |_- in this macro invocation
2026-09-09T19:53:06.2888005Z     |
2026-09-09T19:53:06.2888852Z     = note: this warning originates in the macro `opaque_control_ref` (in Nightly builds, run with -Z macro-backtrace for more info)
2026-09-09T19:53:06.2889527Z 
2026-09-09T19:53:06.2889875Z warning: associated function `from_core_id` is never used
2026-09-09T19:53:06.2890507Z    --> sv_core/src/control.rs:155:27
2026-09-09T19:53:06.2891027Z     |
2026-09-09T19:53:06.2891426Z 141 |           impl $name {
2026-09-09T19:53:06.2892069Z     |           ---------- associated function in this implementation
2026-09-09T19:53:06.2892672Z ...
2026-09-09T19:53:06.2893201Z 155 |               pub(crate) fn from_core_id(id: ControlId) -> Self {
2026-09-09T19:53:06.2893817Z     |                             ^^^^^^^^^^^^
2026-09-09T19:53:06.2894352Z ...
2026-09-09T19:53:06.2894794Z 210 | / opaque_control_ref!(
2026-09-09T19:53:06.2895277Z 211 | |     AccumulationRuleRef,
2026-09-09T19:53:06.2896231Z 212 | |     "Referencia a una regla gobernada de acumulación o a un predicado de traza."
2026-09-09T19:53:06.2897209Z 213 | | );
2026-09-09T19:53:06.2897650Z     | |_- in this macro invocation
2026-09-09T19:53:06.2898118Z     |
2026-09-09T19:53:06.2898863Z     = note: this warning originates in the macro `opaque_control_ref` (in Nightly builds, run with -Z macro-backtrace for more info)
2026-09-09T19:53:06.2899594Z 
2026-09-09T19:53:06.2899942Z warning: associated function `from_core_id` is never used
2026-09-09T19:53:06.2900610Z    --> sv_core/src/control.rs:155:27
2026-09-09T19:53:06.2901093Z     |
2026-09-09T19:53:06.2901519Z 141 |           impl $name {
2026-09-09T19:53:06.2902074Z     |           ---------- associated function in this implementation
2026-09-09T19:53:06.2902690Z ...
2026-09-09T19:53:06.2903200Z 155 |               pub(crate) fn from_core_id(id: ControlId) -> Self {
2026-09-09T19:53:06.2903803Z     |                             ^^^^^^^^^^^^
2026-09-09T19:53:06.2904395Z ...
2026-09-09T19:53:06.2904812Z 214 | / opaque_control_ref!(
2026-09-09T19:53:06.2905332Z 215 | |     RequirementRef,
2026-09-09T19:53:06.2906201Z 216 | |     "Referencia a una obligación de Req; identificarla no acredita su cumplimiento."
2026-09-09T19:53:06.2907148Z 217 | | );
2026-09-09T19:53:06.2907653Z     | |_- in this macro invocation
2026-09-09T19:53:06.2908124Z     |
2026-09-09T19:53:06.2908968Z     = note: this warning originates in the macro `opaque_control_ref` (in Nightly builds, run with -Z macro-backtrace for more info)
2026-09-09T19:53:06.2909605Z 
2026-09-09T19:53:06.2909948Z warning: associated function `from_core_id` is never used
2026-09-09T19:53:06.2910523Z    --> sv_core/src/control.rs:155:27
2026-09-09T19:53:06.2911059Z     |
2026-09-09T19:53:06.2911485Z 141 |           impl $name {
2026-09-09T19:53:06.2912066Z     |           ---------- associated function in this implementation
2026-09-09T19:53:06.2912908Z ...
2026-09-09T19:53:06.2913367Z 155 |               pub(crate) fn from_core_id(id: ControlId) -> Self {
2026-09-09T19:53:06.2914070Z     |                             ^^^^^^^^^^^^
2026-09-09T19:53:06.2914544Z ...
2026-09-09T19:53:06.2915119Z 218 | / opaque_control_ref!(
2026-09-09T19:53:06.2915626Z 219 | |     VerifierRef,
2026-09-09T19:53:06.2916300Z 220 | |     "Referencia a un verificador concreto; su mera existencia no acredita aplicabilidad."
2026-09-09T19:53:06.2917223Z 221 | | );
2026-09-09T19:53:06.2917853Z     | |_- in this macro invocation
2026-09-09T19:53:06.2918360Z     |
2026-09-09T19:53:06.2919129Z     = note: this warning originates in the macro `opaque_control_ref` (in Nightly builds, run with -Z macro-backtrace for more info)
2026-09-09T19:53:06.2919854Z 
2026-09-09T19:53:06.2920220Z warning: associated function `from_core_id` is never used
2026-09-09T19:53:06.2920910Z    --> sv_core/src/control.rs:155:27
2026-09-09T19:53:06.2921483Z     |
2026-09-09T19:53:06.2921971Z 141 |           impl $name {
2026-09-09T19:53:06.2922526Z     |           ---------- associated function in this implementation
2026-09-09T19:53:06.2923064Z ...
2026-09-09T19:53:06.2923585Z 155 |               pub(crate) fn from_core_id(id: ControlId) -> Self {
2026-09-09T19:53:06.2924228Z     |                             ^^^^^^^^^^^^
2026-09-09T19:53:06.2924721Z ...
2026-09-09T19:53:06.2925165Z 222 | / opaque_control_ref!(
2026-09-09T19:53:06.2925633Z 223 | |     VerifierFamilyRef,
2026-09-09T19:53:06.2926518Z 224 | |     "Referencia a una familia de verificadores admisibles para una obligación."
2026-09-09T19:53:06.2927424Z 225 | | );
2026-09-09T19:53:06.2927884Z     | |_- in this macro invocation
2026-09-09T19:53:06.2928386Z     |
2026-09-09T19:53:06.2929126Z     = note: this warning originates in the macro `opaque_control_ref` (in Nightly builds, run with -Z macro-backtrace for more info)
2026-09-09T19:53:06.2929824Z 
2026-09-09T19:53:06.2930171Z warning: associated function `from_core_id` is never used
2026-09-09T19:53:06.2930788Z    --> sv_core/src/control.rs:155:27
2026-09-09T19:53:06.2931289Z     |
2026-09-09T19:53:06.2931711Z 141 |           impl $name {
2026-09-09T19:53:06.2932277Z     |           ---------- associated function in this implementation
2026-09-09T19:53:06.2932905Z ...
2026-09-09T19:53:06.2933484Z 155 |               pub(crate) fn from_core_id(id: ControlId) -> Self {
2026-09-09T19:53:06.2934160Z     |                             ^^^^^^^^^^^^
2026-09-09T19:53:06.2934670Z ...
2026-09-09T19:53:06.2935093Z 226 | / opaque_control_ref!(
2026-09-09T19:53:06.2935592Z 227 | |     ApplicabilityRuleRef,
2026-09-09T19:53:06.2936458Z 228 | |     "Referencia a una regla previamente constituida de aplicabilidad de comprobación."
2026-09-09T19:53:06.2937402Z 229 | | );
2026-09-09T19:53:06.2937923Z     | |_- in this macro invocation
2026-09-09T19:53:06.2938391Z     |
2026-09-09T19:53:06.2939201Z     = note: this warning originates in the macro `opaque_control_ref` (in Nightly builds, run with -Z macro-backtrace for more info)
2026-09-09T19:53:06.2939900Z 
2026-09-09T19:53:06.2940199Z warning: associated function `from_core_id` is never used
2026-09-09T19:53:06.2940892Z    --> sv_core/src/control.rs:155:27
2026-09-09T19:53:06.2941441Z     |
2026-09-09T19:53:06.2941996Z 141 |           impl $name {
2026-09-09T19:53:06.2942612Z     |           ---------- associated function in this implementation
2026-09-09T19:53:06.2943175Z ...
2026-09-09T19:53:06.2943702Z 155 |               pub(crate) fn from_core_id(id: ControlId) -> Self {
2026-09-09T19:53:06.2944310Z     |                             ^^^^^^^^^^^^
2026-09-09T19:53:06.2944831Z ...
2026-09-09T19:53:06.2945303Z 230 | / opaque_control_ref!(
2026-09-09T19:53:06.2945785Z 231 | |     ConflictResolutionRuleRef,
2026-09-09T19:53:06.2946950Z 232 | |     "Referencia a una regla previamente constituida de resolución de conflicto entre comprobaciones."
2026-09-09T19:53:06.2947772Z 233 | | );
2026-09-09T19:53:06.2948267Z     | |_- in this macro invocation
2026-09-09T19:53:06.2949035Z     |
2026-09-09T19:53:06.2949802Z     = note: this warning originates in the macro `opaque_control_ref` (in Nightly builds, run with -Z macro-backtrace for more info)
2026-09-09T19:53:06.2950457Z 
2026-09-09T19:53:06.2950817Z warning: associated function `from_core_id` is never used
2026-09-09T19:53:06.2951426Z    --> sv_core/src/control.rs:155:27
2026-09-09T19:53:06.2951954Z     |
2026-09-09T19:53:06.2952431Z 141 |           impl $name {
2026-09-09T19:53:06.2953125Z     |           ---------- associated function in this implementation
2026-09-09T19:53:06.2953690Z ...
2026-09-09T19:53:06.2954193Z 155 |               pub(crate) fn from_core_id(id: ControlId) -> Self {
2026-09-09T19:53:06.2954805Z     |                             ^^^^^^^^^^^^
2026-09-09T19:53:06.2955318Z ...
2026-09-09T19:53:06.2955733Z 234 | / opaque_control_ref!(
2026-09-09T19:53:06.2956264Z 235 | |     CoverageRuleRef,
2026-09-09T19:53:06.2957158Z 236 | |     "Referencia a una regla previamente constituida de cobertura de comprobaciones exigibles."
2026-09-09T19:53:06.2957936Z 237 | | );
2026-09-09T19:53:06.2958412Z     | |_- in this macro invocation
2026-09-09T19:53:06.2959025Z     |
2026-09-09T19:53:06.2959753Z     = note: this warning originates in the macro `opaque_control_ref` (in Nightly builds, run with -Z macro-backtrace for more info)
2026-09-09T19:53:06.2960508Z 
2026-09-09T19:53:06.2960924Z warning: associated function `from_core_id` is never used
2026-09-09T19:53:06.2961630Z    --> sv_core/src/control.rs:155:27
2026-09-09T19:53:06.2962153Z     |
2026-09-09T19:53:06.2962597Z 141 |           impl $name {
2026-09-09T19:53:06.2963133Z     |           ---------- associated function in this implementation
2026-09-09T19:53:06.2963696Z ...
2026-09-09T19:53:06.2964198Z 155 |               pub(crate) fn from_core_id(id: ControlId) -> Self {
2026-09-09T19:53:06.2964832Z     |                             ^^^^^^^^^^^^
2026-09-09T19:53:06.2965308Z ...
2026-09-09T19:53:06.2965705Z 238 | / opaque_control_ref!(
2026-09-09T19:53:06.2966225Z 239 | |     ReuseRuleRef,
2026-09-09T19:53:06.2967330Z 240 | |     "Referencia a una regla previamente constituida de reutilización de resultados cualificados."
2026-09-09T19:53:06.2968100Z 241 | | );
2026-09-09T19:53:06.2968829Z     | |_- in this macro invocation
2026-09-09T19:53:06.2969320Z     |
2026-09-09T19:53:06.2970166Z     = note: this warning originates in the macro `opaque_control_ref` (in Nightly builds, run with -Z macro-backtrace for more info)
2026-09-09T19:53:06.2970824Z 
2026-09-09T19:53:06.2971184Z warning: associated function `from_core_id` is never used
2026-09-09T19:53:06.2972186Z    --> sv_core/src/control.rs:155:27
2026-09-09T19:53:06.2972723Z     |
2026-09-09T19:53:06.2973153Z 141 |           impl $name {
2026-09-09T19:53:06.2973797Z     |           ---------- associated function in this implementation
2026-09-09T19:53:06.2974352Z ...
2026-09-09T19:53:06.2974840Z 155 |               pub(crate) fn from_core_id(id: ControlId) -> Self {
2026-09-09T19:53:06.2975448Z     |                             ^^^^^^^^^^^^
2026-09-09T19:53:06.2975954Z ...
2026-09-09T19:53:06.2976507Z 242 | / opaque_control_ref!(
2026-09-09T19:53:06.2977400Z 243 | |     ReuseBindingKeyRef,
2026-09-09T19:53:06.2978413Z 244 | |     "Referencia a una dimensión constituida cuya continuidad puede ser exigible para reutilizar un resultado."
2026-09-09T19:53:06.2979179Z 245 | | );
2026-09-09T19:53:06.2979598Z     | |_- in this macro invocation
2026-09-09T19:53:06.2980154Z     |
2026-09-09T19:53:06.2980920Z     = note: this warning originates in the macro `opaque_control_ref` (in Nightly builds, run with -Z macro-backtrace for more info)
2026-09-09T19:53:06.2981634Z 
2026-09-09T19:53:06.2982034Z warning: associated function `from_core_id` is never used
2026-09-09T19:53:06.2982641Z    --> sv_core/src/control.rs:155:27
2026-09-09T19:53:06.2983101Z     |
2026-09-09T19:53:06.2983572Z 141 |           impl $name {
2026-09-09T19:53:06.2984095Z     |           ---------- associated function in this implementation
2026-09-09T19:53:06.2984876Z ...
2026-09-09T19:53:06.2985385Z 155 |               pub(crate) fn from_core_id(id: ControlId) -> Self {
2026-09-09T19:53:06.2986032Z     |                             ^^^^^^^^^^^^
2026-09-09T19:53:06.2986556Z ...
2026-09-09T19:53:06.2987220Z 246 | / opaque_control_ref!(
2026-09-09T19:53:06.2987729Z 247 | |     ReuseBindingValueRef,
2026-09-09T19:53:06.2988766Z 248 | |     "Referencia al valor constituido de una dimensión de reutilización; identificarlo no acredita su vigencia."
2026-09-09T19:53:06.2989574Z 249 | | );
2026-09-09T19:53:06.2990186Z     | |_- in this macro invocation
2026-09-09T19:53:06.2990701Z     |
2026-09-09T19:53:06.2991418Z     = note: this warning originates in the macro `opaque_control_ref` (in Nightly builds, run with -Z macro-backtrace for more info)
2026-09-09T19:53:06.2992050Z 
2026-09-09T19:53:06.2992336Z warning: constant `PROFILE_ID` is never used
2026-09-09T19:53:06.2992916Z  --> sv_core/src/identifier_profile.rs:6:18
2026-09-09T19:53:06.2993442Z   |
2026-09-09T19:53:06.2993961Z 6 | pub(crate) const PROFILE_ID: &str = "svp-grammar-0.2-lex-es-1";
2026-09-09T19:53:06.2994581Z   |                  ^^^^^^^^^^
2026-09-09T19:53:06.2994882Z 
2026-09-09T19:53:06.2995203Z warning: function `is_reserved_word` is never used
2026-09-09T19:53:06.2995776Z   --> sv_core/src/identifier_profile.rs:22:15
2026-09-09T19:53:06.2996318Z    |
2026-09-09T19:53:06.2997054Z 22 | pub(crate) fn is_reserved_word(word: &str) -> bool {
2026-09-09T19:53:06.2997650Z    |               ^^^^^^^^^^^^^^^^
2026-09-09T19:53:06.2998038Z 
2026-09-09T19:53:06.2998402Z warning: method `matches_descriptor` is never used
2026-09-09T19:53:06.2999028Z    --> sv_core/src/requirements_reuse.rs:121:19
2026-09-09T19:53:06.2999619Z     |
2026-09-09T19:53:06.3000051Z  44 | impl ReuseRule {
2026-09-09T19:53:06.3000548Z     | -------------- method in this implementation
2026-09-09T19:53:06.3001157Z ...
2026-09-09T19:53:06.3001811Z 121 |     pub(crate) fn matches_descriptor(&self, descriptor: &RequirementDescriptor) -> bool {
2026-09-09T19:53:06.3002568Z     |                   ^^^^^^^^^^^^^^^^^^
2026-09-09T19:53:06.3002916Z 
2026-09-09T19:53:06.3003312Z warning: hiding a lifetime that's elided elsewhere is confusing
2026-09-09T19:53:06.3003952Z     --> sv_core/src/frontend.rs:2146:13
2026-09-09T19:53:06.3004529Z      |
2026-09-09T19:53:06.3004991Z 2146 |     fn peek(&self) -> &Token {
2026-09-09T19:53:06.3005546Z      |             ^^^^^     ^^^^^^
2026-09-09T19:53:06.3006033Z      |             |         ||
2026-09-09T19:53:06.3006560Z      |             |         |the same lifetime is hidden here
2026-09-09T19:53:06.3007342Z      |             |         the same lifetime is elided here
2026-09-09T19:53:06.3007847Z      |             the lifetime is elided here
2026-09-09T19:53:06.3008297Z      |
2026-09-09T19:53:06.3008847Z      = help: the same lifetime is referred to in inconsistent ways, making the signature confusing
2026-09-09T19:53:06.3009776Z      = note: `#[warn(mismatched_lifetime_syntaxes)]` on by default
2026-09-09T19:53:06.3010416Z help: use `'_` for type paths
2026-09-09T19:53:06.3010891Z      |
2026-09-09T19:53:06.3011368Z 2146 |     fn peek(&self) -> &Token<'_> {
2026-09-09T19:53:06.3011893Z      |                             ++++
2026-09-09T19:53:06.3012263Z 
2026-09-09T19:53:06.7292447Z warning: function `permission_plan` is never used
2026-09-09T19:53:06.7293434Z    --> sv_core/src/authority/transitions/reuse_tests.rs:288:4
2026-09-09T19:53:06.7293955Z     |
2026-09-09T19:53:06.7294330Z 288 | fn permission_plan() -> GenesisPlan {
2026-09-09T19:53:06.7294812Z     |    ^^^^^^^^^^^^^^^
2026-09-09T19:53:06.7295184Z     |
2026-09-09T19:53:06.7295663Z     = note: `#[warn(dead_code)]` (part of `#[warn(unused)]`) on by default
2026-09-09T19:53:06.7296123Z 
2026-09-09T19:53:09.3838208Z warning: `sv_core` (lib) generated 25 warnings (run `cargo fix --lib -p sv_core` to apply 1 suggestion)
2026-09-09T19:53:09.3840132Z    Compiling sv_wasm v0.1.0 (/home/runner/work/SV-lenguaje-de-computacion/SV-lenguaje-de-computacion/rust/sv_wasm)
2026-09-09T19:53:09.6729395Z warning: function `check_witness` is never used
2026-09-09T19:53:09.6734737Z   --> sv_core/examples/../../../tests/row7_gh/probe.rs:59:8
2026-09-09T19:53:09.6735395Z    |
2026-09-09T19:53:09.6736004Z 59 | pub fn check_witness(witness: &str) -> Result<(), String> {
2026-09-09T19:53:09.6736549Z    |        ^^^^^^^^^^^^^
2026-09-09T19:53:09.6737177Z    |
2026-09-09T19:53:09.6737703Z    = note: `#[warn(dead_code)]` (part of `#[warn(unused)]`) on by default
2026-09-09T19:53:09.6738155Z 
2026-09-09T19:53:09.9982269Z warning: function `report` is never used
2026-09-09T19:53:09.9998402Z    --> sv_core/tests/../../../tests/row7_bindings/cases.rs:165:8
2026-09-09T19:53:09.9999143Z     |
2026-09-09T19:53:09.9999802Z 165 | pub fn report()->Result<String,String> {
2026-09-09T19:53:10.0000389Z     |        ^^^^^^
2026-09-09T19:53:10.0000819Z     |
2026-09-09T19:53:10.0001379Z     = note: `#[warn(dead_code)]` (part of `#[warn(unused)]`) on by default
2026-09-09T19:53:10.0001849Z 
2026-09-09T19:53:10.2659113Z warning: `sv_core` (example "gh_binding_probe_browser") generated 1 warning
2026-09-09T19:53:10.5658303Z warning: `sv_core` (test "bindings") generated 1 warning
2026-09-09T19:53:11.0746157Z    Compiling sv_native v0.1.0 (/home/runner/work/SV-lenguaje-de-computacion/SV-lenguaje-de-computacion/rust/sv_native)
2026-09-09T19:53:11.6550291Z warning: `sv_core` (lib test) generated 4 warnings (3 duplicates)
2026-09-09T19:53:13.5370363Z warning: `sv_core` (example "gh_binding_probe") generated 1 warning (1 duplicate)
2026-09-09T19:53:13.6556488Z     Finished `test` profile [unoptimized + debuginfo] target(s) in 8.30s
2026-09-09T19:53:13.6591729Z      Running unittests src/lib.rs (rust/target/debug/deps/sv_core-9f6bf0705a27b544)
2026-09-09T19:53:13.6592156Z 
2026-09-09T19:53:13.6592353Z running 211 tests
2026-09-09T19:53:13.6600603Z test admissibility::tests::admissibility_labels_are_exact ... ok
2026-09-09T19:53:13.6601429Z test admissibility::tests::admissibility_spec_rejects_zero_parameter_id ... ok
2026-09-09T19:53:13.6602086Z test admissibility::tests::admissibility_spec_rejects_missing_rule ... ok
2026-09-09T19:53:13.6602591Z test admissibility::tests::admissibility_state_is_exactly_the_closed_v0_2_set ... ok
2026-09-09T19:53:13.6603127Z test admissibility::tests::admitted_observation_does_not_itself_create_tri ... ok
2026-09-09T19:53:13.6603606Z test admissibility::tests::only_ok_and_degraded_are_positively_admitted ... ok
2026-09-09T19:53:13.6604154Z test admissibility::tests::technical_capture_failure_remains_outside_tri ... ok
2026-09-09T19:53:13.6604683Z test admissibility::tests::valid_admissibility_spec_preserves_identity_parameter_and_rule ... ok
2026-09-09T19:53:13.6605250Z test authority::tests::authority_rejects_effect_outside_its_governed_domain ... ok
2026-09-09T19:53:13.6605762Z test authority::tests::authority_rejects_effect_outside_its_context ... ok
2026-09-09T19:53:13.6606290Z test authority::tests::constituted_authority_binds_holder_context_envelope_and_domain ... ok
2026-09-09T19:53:13.6607051Z test authority::tests::duplicate_members_do_not_expand_envelope_or_domain ... ok
2026-09-09T19:53:13.6607758Z test authority::tests::form_descriptor_freezes_the_constituted_dimensions ... ok
2026-09-09T19:53:13.6608480Z test authority::tests::effect_envelope_uses_the_complete_effect_scope ... ok
2026-09-09T19:53:13.6609263Z test authority::tests::effect_scope_requires_complete_constituted_effect_and_domain ... ok
2026-09-09T19:53:13.6609987Z test authority::tests::form_scope_requires_family_and_context_together ... ok
2026-09-09T19:53:13.6610716Z test authority::tests::governed_domain_membership_is_decidable_before_exercise ... ok
2026-09-09T19:53:13.6611516Z test authority::transitions::reuse_tests::complete_governed_da_forms_a_sealed_permit ... ok
2026-09-09T19:53:13.6614599Z test authority::transitions::reuse_tests::adapter_error_after_dispatch_is_indeterminate_not_non_execution ... ok
2026-09-09T19:53:13.6615563Z test authority::transitions::reuse_tests::accredited_but_incomplete_coverage_never_forms_permit ... ok
2026-09-09T19:53:13.6616634Z test authority::transitions::reuse_tests::different_effect_cannot_cross_mediation_with_valid_permit ... ok
2026-09-09T19:53:13.6622622Z test authority::transitions::reuse_tests::empty_reuse_binding_set_rejects_t0_atomically ... ok
2026-09-09T19:53:13.6623622Z test authority::transitions::reuse_tests::duplicate_reuse_rule_reference_across_requirements_rejects_t0_atomically ... ok
2026-09-09T19:53:13.6624779Z test authority::transitions::reuse_tests::duplicate_reuse_binding_key_rejects_t0_atomically ... ok
2026-09-09T19:53:13.6625678Z test authority::transitions::reuse_tests::form_effect_mismatch_is_closed_before_permit ... ok
2026-09-09T19:53:13.6626594Z test authority::transitions::reuse_tests::effect_outside_required_authority_scope_is_closed_before_permit ... ok
2026-09-09T19:53:13.6627804Z test authority::transitions::reuse_tests::form_without_required_authority_cannot_form_permit ... ok
2026-09-09T19:53:13.6628797Z test authority::transitions::reuse_tests::mediated_t_e_executes_once_and_records_append_only_trace ... ok
2026-09-09T19:53:13.6629806Z test authority::transitions::reuse_tests::non_exercise_commitment_is_rejected_before_adapter_dispatch ... ok
2026-09-09T19:53:13.6630854Z test authority::transitions::reuse_tests::governed_accumulation_contracts_remain_closed_before_adapter ... ok
2026-09-09T19:53:13.6631853Z test authority::transitions::reuse_tests::idempotent_requires_new_governed_attempt_and_new_exercise_ref ... ok
2026-09-09T19:53:13.6632928Z test authority::transitions::reuse_tests::r1_4_unit_one_does_not_make_authorizing_classes_productive ... ok
2026-09-09T19:53:13.6633832Z test authority::transitions::reuse_tests::r1_4_unit_two_does_not_make_authorizing_classes_productive ... ok
2026-09-09T19:53:13.6634754Z test authority::transitions::reuse_tests::not_verifiable_requirements_never_form_positive_permit ... ok
2026-09-09T19:53:13.6635804Z test authority::transitions::reuse_tests::r1_4_unit_three_does_not_make_authorizing_classes_productive ... ok
2026-09-09T19:53:13.6637073Z test authority::transitions::reuse_tests::r1_5_conflict_trace_preserves_each_individual_check_before_dn_resolution ... ok
2026-09-09T19:53:13.6638174Z test authority::transitions::reuse_tests::r1_5_refuted_decision_is_traced_without_mediation_or_exercise ... ok
2026-09-09T19:53:13.6639241Z test authority::transitions::reuse_tests::r1_5_incomplete_coverage_traces_resolved_da_as_qualified_dn ... ok
2026-09-09T19:53:13.6640213Z test authority::transitions::reuse_tests::r1_5_traced_chain_from_t0_binds_decision_mediation_and_real_exercise ... ok
2026-09-09T19:53:13.6645130Z test authority::transitions::reuse_tests::reuse_rule_is_constituted_by_t0_and_bound_to_requirement ... ok
2026-09-09T19:53:13.6646082Z test authority::transitions::reuse_tests::refuted_requirements_never_form_positive_permit ... ok
2026-09-09T19:53:13.6646918Z test authority::transitions::tests::applicability_mismatch_rejects_whole_genesis ... ok
2026-09-09T19:53:13.6648036Z test authority::transitions::tests::authority_effect_outside_context_is_rejected_without_partial_state ... ok
2026-09-09T19:53:13.6649639Z test authority::transitions::tests::authority_effect_outside_domain_is_rejected_without_partial_state ... ok
2026-09-09T19:53:13.6650676Z test authority::transitions::tests::authorizing_form_requires_prior_authority_reference ... ok
2026-09-09T19:53:13.6651753Z test authority::transitions::reuse_tests::single_use_blocks_second_dispatch_after_confirmed_exercise ... ok
2026-09-09T19:53:13.6652819Z test authority::transitions::tests::conflict_rule_without_applicable_decisive_verifier_rejects_t0_atomically ... ok
2026-09-09T19:53:13.6653977Z test authority::transitions::tests::controlled_form_without_context_is_rejected_before_constitution ... ok
2026-09-09T19:53:13.6654935Z test authority::transitions::tests::controlled_form_without_requirements_is_rejected_atomically ... ok
2026-09-09T19:53:13.6655903Z test authority::transitions::tests::consumed_external_premise_cannot_seed_another_genesis ... ok
2026-09-09T19:53:13.6657288Z test authority::transitions::tests::coverage_required_verifier_without_applicability_rejects_t0_atomically ... ok
2026-09-09T19:53:13.6658646Z test authority::transitions::tests::duplicate_authority_reference_is_rejected_atomically ... ok
2026-09-09T19:53:13.6659623Z test authority::transitions::tests::coverage_rule_is_constituted_by_t0_and_bound_to_requirement ... ok
2026-09-09T19:53:13.6660730Z test authority::transitions::reuse_tests::single_use_blocks_second_dispatch_after_indeterminate_attempt ... ok
2026-09-09T19:53:13.6661941Z test authority::transitions::reuse_tests::valid_permit_is_consumed_into_exact_mediated_commitment ... ok
2026-09-09T19:53:13.6663070Z test authority::transitions::tests::duplicate_conflict_rule_reference_across_requirements_rejects_t0_atomically ... ok
2026-09-09T19:53:13.6664237Z test authority::transitions::tests::duplicate_coverage_rule_reference_across_requirements_rejects_t0_atomically ... ok
2026-09-09T19:53:13.6665306Z test authority::transitions::tests::duplicate_coverage_required_verifier_rejects_t0_atomically ... ok
2026-09-09T19:53:13.6666147Z test authority::transitions::tests::duplicate_form_reference_is_rejected_atomically ... ok
2026-09-09T19:53:13.6668143Z test authority::transitions::tests::information_verification_enablement_and_exercise_are_non_authorizing ... ok
2026-09-09T19:53:13.6669212Z test authority::transitions::tests::governance_constitutive_and_recovery_remain_non_productive ... ok
2026-09-09T19:53:13.6670113Z test authority::transitions::tests::empty_coverage_required_set_rejects_t0_atomically ... ok
2026-09-09T19:53:13.6670989Z test authority::transitions::tests::missing_mandatory_core_rejects_whole_genesis ... ok
2026-09-09T19:53:13.6671784Z test authority::transitions::tests::missing_required_authority_is_rejected ... ok
2026-09-09T19:53:13.6672626Z test authority::transitions::tests::only_genesis_has_productive_disposition_in_r1_3_unit_2 ... ok
2026-09-09T19:53:13.6673531Z test authority::transitions::tests::rejected_empty_genesis_does_not_consume_t0_or_premise ... ok
2026-09-09T19:53:13.6674453Z test authority::transitions::tests::uncontrolled_genesis_remains_valid_without_requirements ... ok
2026-09-09T19:53:13.6675376Z test authority::transitions::tests::second_t0_on_the_same_continuity_is_rejected ... ok
2026-09-09T19:53:13.6676185Z test c03_tests::c03_rejects_a_gate_or_supervision_that_escapes_the_causal_closure ... ok
2026-09-09T19:53:13.6677191Z test authority::transitions::tests::valid_t0_constitutes_initial_state_and_consumes_genesis ... ok
2026-09-09T19:53:13.6678150Z test c03_tests::c03_accepts_a_coherent_declared_subset_without_exhaustivity ... ok
2026-09-09T19:53:13.6678924Z test c03_tests::c03_rejects_criticalities_while_no_surface_producer_exists ... ok
2026-09-09T19:53:13.6679716Z test c03_tests::c03_rejects_external_or_duplicated_evaluation_sources ... ok
2026-09-09T19:53:13.6680507Z test c03_tests::c03_rejects_states_outside_architecture_or_multiple_states_for_one_node ... ok
2026-09-09T19:53:13.6681357Z test control_tests::check_results_are_exactly_the_three_sec0d_results ... ok
2026-09-09T19:53:13.6682164Z test control_tests::continuity_occupancy_has_distinct_uninhabited_and_inhabited_states ... ok
2026-09-09T19:53:13.6682992Z test control_tests::technical_check_results_are_a_type_distinct_from_tri ... ok
2026-09-09T19:53:13.6683735Z test control_tests::control_id_rejects_empty_or_blank_identifiers ... ok
2026-09-09T19:53:13.6684432Z test control_tests::protected_reference_categories_are_nominally_distinct ... ok
2026-09-09T19:53:13.6685199Z test decision_trace::tests::decision_references_are_structural_ordinals ... ok
2026-09-09T19:53:13.6685939Z test decision_trace::tests::decimal_successor_is_not_machine_word_bounded ... ok
2026-09-09T19:53:13.6686653Z test equivalence::tests::json_escape_is_deterministic ... ok
2026-09-09T19:53:13.6687495Z test execution::tests::decimal_successor_is_unbounded_by_machine_word_width ... ok
2026-09-09T19:53:13.6688276Z test control_tests::transition_classes_preserve_the_eight_contractual_labels ... ok
2026-09-09T19:53:13.6689257Z test frame_tests::distinct_architecture_nodes_accept_distinct_states ... ok
2026-09-09T19:53:13.6689891Z test frame_tests::duplicate_eval_source_is_rejected ... ok
2026-09-09T19:53:13.6690471Z test frame_tests::duplicate_state_reference_is_rejected ... ok
2026-09-09T19:53:13.6691171Z test frame_tests::eval_source_outside_frame_is_rejected ... ok
2026-09-09T19:53:13.6691824Z test frame_tests::frame_is_not_exhaustive ... ok
2026-09-09T19:53:13.6692505Z test frame_tests::multiple_states_for_same_node_are_rejected ... ok
2026-09-09T19:53:13.6693145Z test frame_tests::non_empty_criticalities_are_rejected ... ok
2026-09-09T19:53:13.6693766Z test frame_tests::state_outside_architecture_is_rejected ... ok
2026-09-09T19:53:13.6694478Z test frame_tests::supervision_cell_target_inside_frame_is_valid ... ok
2026-09-09T19:53:13.6695165Z test frame_tests::supervision_cell_target_outside_frame_is_rejected ... ok
2026-09-09T19:53:13.6695862Z test frame_tests::supervision_composed_target_outside_frame_is_rejected ... ok
2026-09-09T19:53:13.6696622Z test frame_tests::supervision_meta_eval_outside_frame_is_rejected ... ok
2026-09-09T19:53:13.6697465Z test frame_tests::supervision_system_target_must_match_architecture ... ok
2026-09-09T19:53:13.6698190Z test frame_tests::supervision_system_target_matching_architecture_is_valid ... ok
2026-09-09T19:53:13.6699008Z test frame_tests::valid_frame_preserves_declared_references_and_unbounded_nat_index ... ok
2026-09-09T19:53:13.6699875Z test frontend::source_profile_public_tests_2a::selector_textual_y_abi_son_cerrados_y_estables ... ok
2026-09-09T19:53:13.6700370Z test frame_tests::gate_input_outside_frame_is_rejected ... ok
2026-09-09T19:53:13.6700887Z test frontend::profile_catalog_tests_2a::catalogos_y_aislamiento_interperfil_son_exhaustivos ... ok
2026-09-09T19:53:13.6701493Z test frontend::tests::query_context_variants_are_materialized_as_closed_ir_variants ... ok
2026-09-09T19:53:13.6702079Z test frontend::tests::sha256_matches_known_vector ... ok
2026-09-09T19:53:13.6702884Z test frontend::union_surface_index_tests_2a::indice_conjunto_preserva_identidad_y_pertenencia_de_perfil ... ok
2026-09-09T19:53:13.6703772Z test identifier_profile::tests::cubre_la_ortografia_espanola_del_perfil ... ok
2026-09-09T19:53:13.6704977Z test identifier_profile::tests::excluye_formas_no_canónicas_y_otros_alfabetos ... ok
2026-09-09T19:53:13.6707345Z test identifier_profile::tests::las_palabras_reservadas_no_son_identificadores ... ok
2026-09-09T19:53:13.6708186Z test ir_tests::admissibility_state_order_from_ir_is_preserved ... ok
2026-09-09T19:53:13.6708931Z test ir_tests::frame_ir_preserves_unbounded_index_declared_order_and_immutability ... ok
2026-09-09T19:53:13.6709831Z test ir_tests::object_type_and_level_are_derived_not_supplied ... ok
2026-09-09T19:53:13.6710540Z test ir_tests::operation_type_and_result_are_derived_not_supplied ... ok
2026-09-09T19:53:13.6711316Z test ir_tests::program_header_is_fixed_and_order_is_preserved ... ok
2026-09-09T19:53:13.6712015Z test ir_tests::query_and_supervision_variants_keep_canonical_labels ... ok
2026-09-09T19:53:13.6712849Z test ir_tests::resolve_operation_preserves_identified_target_and_instances ... ok
2026-09-09T19:53:13.6713772Z test ir_tests::trajectory_append_only_is_constitutive_in_the_representation ... ok
2026-09-09T19:53:13.6714557Z test ir_tests::tri_has_distinct_language_and_ir_labels ... ok
2026-09-09T19:53:13.6715392Z test multisource_assembly_tests_2b::admite_las_cuatro_combinaciones_de_perfil ... ok
2026-09-09T19:53:13.6716265Z test multisource_assembly_tests_2b::el_perfil_erroneo_no_se_rescata_por_la_otra_unidad ... ok
2026-09-09T19:53:13.6717230Z test multisource_assembly_tests_2b::las_colisiones_globales_se_rechazan ... ok
2026-09-09T19:53:13.6718020Z test frontend::tests::compiles_all_current_valid_cases_from_actual_svp_text ... ok
2026-09-09T19:53:13.6718872Z test multisource_assembly_tests_2b::una_produccion_no_puede_cruzar_la_frontera_de_archivo ... ok
2026-09-09T19:53:13.6720136Z test multisource_assembly_tests_2b::la_identidad_de_ensamblaje_es_determinista_y_sensible_al_orden ... ok
2026-09-09T19:53:13.6720997Z test nat::tests::nat_accepts_values_beyond_u64_without_narrowing ... ok
2026-09-09T19:53:13.6721754Z test nat::tests::nat_has_one_internal_decimal_representation_per_value ... ok
2026-09-09T19:53:13.6722390Z test nat::tests::nat_rejects_non_decimal_material ... ok
2026-09-09T19:53:13.6723148Z test multisource_assembly_tests_2b::referencia_transfronteriza_exige_el_ensamblaje_global ... ok
2026-09-09T19:53:13.6724202Z test requirements::tests::aggregation_rejects_duplicate_check_for_same_requirement ... ok
2026-09-09T19:53:13.6725159Z test requirements::tests::aggregation_rejects_same_reference_with_different_material_binding ... ok
2026-09-09T19:53:13.6726076Z test requirements::tests::aggregation_requires_complete_coverage ... ok
2026-09-09T19:53:13.6727420Z test requirements::tests::all_accredited_aggregates_to_da ... ok
2026-09-09T19:53:13.6728108Z test requirements::tests::dn_is_preserved_when_there_is_no_refutation ... ok
2026-09-09T19:53:13.6729003Z test requirements::tests::applicability_must_match_requirement_context_family_and_rule ... ok
2026-09-09T19:53:13.6730041Z test requirements::tests::nominal_da_cannot_form_an_aggregable_check_without_applicability ... ok
2026-09-09T19:53:13.6731327Z test requirements::tests::refutation_precedes_not_verifiable ... ok
2026-09-09T19:53:13.6732046Z test requirements::tests::requirement_set_rejects_empty_req ... ok
2026-09-09T19:53:13.6732707Z test requirements::tests::requirement_set_rejects_reused_reference ... ok
2026-09-09T19:53:13.6733458Z test requirements::tests::requirement_set_requires_the_non_eludible_core ... ok
2026-09-09T19:53:13.6734262Z test requirements_bridge::tests::aggregation_is_independent_of_result_order ... ok
2026-09-09T19:53:13.6735086Z test requirements_bridge::tests::aggregation_rejects_duplicate_requirement_result ... ok
2026-09-09T19:53:13.6735715Z test requirements_bridge::tests::aggregation_rejects_foreign_material_binding ... ok
2026-09-09T19:53:13.6736476Z test requirements_bridge::tests::aggregation_rejects_unexpected_requirement_result ... ok
2026-09-09T19:53:13.6737486Z test requirements_bridge::tests::aggregation_requires_complete_requirement_coverage ... ok
2026-09-09T19:53:13.6738306Z test requirements_bridge::tests::complete_accreditation_aggregates_to_da ... ok
2026-09-09T19:53:13.6739113Z test requirements_bridge::tests::conflict_without_rule_preserves_each_individual_result ... ok
2026-09-09T19:53:13.6739925Z test requirements_bridge::tests::dn_is_preserved_without_refutation ... ok
2026-09-09T19:53:13.6740725Z test requirements_conflict::tests::accredited_and_not_verifiable_without_rule_remain_not_verifiable ... ok
2026-09-09T19:53:13.6741679Z test requirements_conflict::tests::absent_decisive_verifier_leaves_conflict_at_dn ... ok
2026-09-09T19:53:13.6742413Z test requirements_bridge::tests::refutation_precedes_dn_after_resolution ... ok
2026-09-09T19:53:13.6743171Z test requirements_bridge::tests::homogeneous_single_check_is_sealed_with_descriptor_and_observation ... ok
2026-09-09T19:53:13.6743857Z test requirements_conflict::tests::accredited_and_refuted_without_rule_become_not_verifiable ... ok
2026-09-09T19:53:13.6744406Z test requirements_conflict::tests::conflict_result_is_independent_of_input_order ... ok
2026-09-09T19:53:13.6745218Z test requirements_conflict::tests::decisive_accredited_verifier_resolves_conflict_to_da ... ok
2026-09-09T19:53:13.6746013Z test requirements_conflict::tests::decisive_dn_verifier_cannot_promote_conflict ... ok
2026-09-09T19:53:13.6747145Z test requirements_conflict::tests::empty_check_set_is_rejected ... ok
2026-09-09T19:53:13.6747760Z test requirements_conflict::tests::homogeneous_accredited_checks_remain_accredited ... ok
2026-09-09T19:53:13.6748438Z test requirements_conflict::tests::homogeneous_not_verifiable_checks_remain_not_verifiable ... ok
2026-09-09T19:53:13.6749040Z test requirements_conflict::tests::homogeneous_refuted_checks_remain_refuted ... ok
2026-09-09T19:53:13.6749781Z test requirements_conflict::tests::majority_does_not_override_constituted_decisive_verifier ... ok
2026-09-09T19:53:13.6750349Z test requirements_conflict::tests::mixed_requirements_are_not_a_single_conflict ... ok
2026-09-09T19:53:13.6750939Z test requirements_conflict::tests::public_governed_path_rejects_foreign_material_binding ... ok
2026-09-09T19:53:13.6751517Z test requirements_conflict::tests::public_governed_path_without_rule_keeps_conflict_at_dn ... ok
2026-09-09T19:53:13.6752189Z test requirements_conflict::tests::refuted_and_not_verifiable_without_rule_become_not_verifiable ... ok
2026-09-09T19:53:13.6752822Z test requirements_conflict::tests::repeated_verifier_with_incompatible_results_is_rejected_on_public_path ... ok
2026-09-09T19:53:13.6753491Z test requirements_conflict::tests::repeated_verifier_is_rejected_instead_of_weighted ... ok
2026-09-09T19:53:13.6754047Z test requirements_coverage::tests::absence_of_rule_is_not_empty_positive_coverage ... ok
2026-09-09T19:53:13.6754628Z test requirements_coverage::tests::accredited_results_without_coverage_rules_aggregate_to_dn ... ok
2026-09-09T19:53:13.6755202Z test requirements_coverage::tests::all_required_participants_complete_coverage ... ok
2026-09-09T19:53:13.6756021Z test requirements_coverage::tests::complete_coverage_of_all_accredited_requirements_aggregates_to_da ... ok
2026-09-09T19:53:13.6756929Z test requirements_coverage::tests::coverage_rule_identity_is_part_of_the_resolved_binding ... ok
2026-09-09T19:53:13.6757853Z test requirements_conflict::tests::decisive_refuted_verifier_resolves_conflict_to_dr ... ok
2026-09-09T19:53:13.6758594Z test requirements_coverage::tests::coverage_rule_rejects_duplicate_required_verifier ... ok
2026-09-09T19:53:13.6759173Z test requirements_coverage::tests::missing_required_participant_is_explicit ... ok
2026-09-09T19:53:13.6759792Z test requirements_coverage::tests::missing_required_verifier_prevents_da ... ok
2026-09-09T19:53:13.6760462Z test requirements_coverage::tests::refutation_is_not_erased_by_absent_coverage_rule ... ok
2026-09-09T19:53:13.6761001Z test requirements_coverage::tests::result_from_other_requirement_is_rejected ... ok
2026-09-09T19:53:13.6761706Z test requirements_coverage::tests::rule_bound_to_other_context_is_rejected_even_if_attached_for_test ... ok
2026-09-09T19:53:13.6762321Z test requirements_coverage::tests::coverage_rule_rejects_empty_required_set ... ok
2026-09-09T19:53:13.6762868Z test requirements_coverage::tests::extra_participant_does_not_replace_a_missing_required_one ... ok
2026-09-09T19:53:13.6763457Z test requirements_reuse::tests::changed_context_closes_to_dn ... ok
2026-09-09T19:53:13.6763920Z test requirements_reuse::tests::changed_single_binding_closes_to_dn ... ok
2026-09-09T19:53:13.6764380Z test requirements_reuse::tests::exact_continuity_preserves_da ... ok
2026-09-09T19:53:13.6764884Z test requirements_reuse::tests::incomplete_coverage_cannot_reappear_as_historical_da ... ok
2026-09-09T19:53:13.6765378Z test requirements_reuse::tests::exact_continuity_preserves_dr ... ok
2026-09-09T19:53:13.6765915Z test requirements_reuse::tests::exact_continuity_preserves_dn_without_promotion ... ok
2026-09-09T19:53:13.6766415Z test requirements_reuse::tests::missing_current_rule_closes_to_dn ... ok
2026-09-09T19:53:13.6767008Z test requirements_reuse::tests::reuse_rule_rejects_empty_binding_set ... ok
2026-09-09T19:53:13.6767505Z test requirements_reuse::tests::other_requirement_is_structural_error ... ok
2026-09-09T19:53:13.6768017Z test requirements_reuse::tests::same_rule_reference_with_changed_binding_is_not_reusable ... ok
2026-09-09T19:53:13.6768596Z test resolution_tests::arbitrary_precision_position_cannot_overflow_into_a_valid_index ... ok
2026-09-09T19:53:13.6769487Z      Running tests/admissibility_table_causal.rs (rust/target/debug/deps/admissibility_table_causal-8911373653e15fdc)
2026-09-09T19:53:13.6770407Z      Running tests/architecture_type_guards.rs (rust/target/debug/deps/architecture_type_guards-e63f5ba1c527b1f9)
2026-09-09T19:53:13.6771345Z test resolution_tests::cell_target_u_is_reviewable_and_closure_remains_u ... ok
2026-09-09T19:53:13.6771968Z test resolution_tests::context_instance_must_match_res_spec_exactly ... ok
2026-09-09T19:53:13.6772650Z test resolution_tests::coupled_target_uses_the_effective_updated_vector ... ok
2026-09-09T19:53:13.6773342Z test resolution_tests::mechanism_instance_must_match_res_spec_exactly ... ok
2026-09-09T19:53:13.6773977Z test resolution_tests::non_evaluable_target_is_rejected_with_e305 ... ok
2026-09-09T19:53:13.6774709Z test resolution_tests::position_beyond_effective_vector_is_rejected ... ok
2026-09-09T19:53:13.6775274Z test resolution_tests::res_spec_preserves_opaque_contract_references ... ok
2026-09-09T19:53:13.6776015Z test resolution_tests::review_material_never_becomes_positive_closure_by_execution_alone ... ok
2026-09-09T19:53:13.6776951Z test resolution_tests::review_does_not_mutate_the_effective_state ... ok
2026-09-09T19:53:13.6777479Z test resolution_tests::target_value_must_be_a_constituted_u ... ok
2026-09-09T19:53:13.6777945Z test tests::technical_invalidity_is_not_u ... ok
2026-09-09T19:53:13.6778477Z test resolution_tests::zero_position_is_rejected_as_not_one_based ... ok
2026-09-09T19:53:13.6778927Z test tests::tri_has_a_stable_one_byte_representation ... ok
2026-09-09T19:53:13.6779349Z test tests::tri_numeric_representation_is_canonical ... ok
2026-09-09T19:53:13.6779749Z test tests::tri_is_exactly_ternary_at_the_public_boundary ... ok
2026-09-09T19:53:13.6780129Z test tests::tri_roundtrip_is_canonical ... ok
2026-09-09T19:53:13.6780523Z test tests::tri_textual_representation_is_canonical ... ok
2026-09-09T19:53:13.6780946Z test tests::version_constants_match_the_integrated_frontend_contract ... ok
2026-09-09T19:53:13.6781415Z test wellformed::tests::decimal_order_does_not_narrow_unbounded_nat ... ok
2026-09-09T19:53:13.6781925Z test transition_data_wellformed::tests::decimal_order_does_not_narrow_unbounded_naturals ... ok
2026-09-09T19:53:13.6782579Z test requirements_reuse::tests::reuse_rule_rejects_duplicate_binding_key ... ok
2026-09-09T19:53:13.6782878Z 
2026-09-09T19:53:13.6783131Z test result: ok. 211 passed; 0 failed; 0 ignored; 0 measured; 0 filtered out; finished in 0.02s
2026-09-09T19:53:13.6783417Z 
2026-09-09T19:53:13.6783421Z 
2026-09-09T19:53:13.6783553Z running 3 tests
2026-09-09T19:53:13.6783945Z test el_cierre_interno_historico_falla_en_sintaxis ... ok
2026-09-09T19:53:13.6784508Z test salida_ajena_al_codominio_alcanza_la_guarda_semantica ... ok
2026-09-09T19:53:13.6785099Z test sustituir_solo_la_salida_por_un_miembro_declarado_admite_la_tabla ... ok
2026-09-09T19:53:13.6785568Z 
2026-09-09T19:53:13.6785928Z test result: ok. 3 passed; 0 failed; 0 ignored; 0 measured; 0 filtered out; finished in 0.00s
2026-09-09T19:53:13.6786377Z 
2026-09-09T19:53:13.6786382Z 
2026-09-09T19:53:13.6786553Z running 3 tests
2026-09-09T19:53:13.6787631Z      Running tests/bindings.rs (rust/target/debug/deps/bindings-e3479c09a1b0b2e2)
2026-09-09T19:53:13.6788363Z test frame_architecture_exige_composition_graph_en_ambos_perfiles ... ok
2026-09-09T19:53:13.6789036Z test compose_graph_exige_composition_graph_en_ambos_perfiles ... ok
2026-09-09T19:53:13.6789725Z test frame_y_compose_conservan_sus_controles_validos ... ok
2026-09-09T19:53:13.6790096Z 
2026-09-09T19:53:13.6790421Z test result: ok. 3 passed; 0 failed; 0 ignored; 0 measured; 0 filtered out; finished in 0.00s
2026-09-09T19:53:13.6790883Z 
2026-09-09T19:53:13.6790889Z 
2026-09-09T19:53:13.6791096Z running 45 tests
2026-09-09T19:53:13.6927592Z test l00_esquema ... ok
2026-09-09T19:53:13.6977618Z test l00_identidad_vacia ... ok
2026-09-09T19:53:13.7107483Z test l00_operacion_duplicada ... ok
2026-09-09T19:53:13.7147412Z test l01_version ... ok
2026-09-09T19:53:13.7168651Z test l00_uso_duplicado ... ok
2026-09-09T19:53:13.7297509Z test l02_orden_expectativa ... ok
2026-09-09T19:53:13.7367280Z test l03_programa ... ok
2026-09-09T19:53:13.7391161Z test l04_bytes ... ok
2026-09-09T19:53:13.7517380Z test l05_version_duplicada ... ok
2026-09-09T19:53:13.7580273Z test l06_referencia_ausente ... ok
2026-09-09T19:53:13.7617391Z test l06_referencia_exacta ... ok
2026-09-09T19:53:13.7727314Z test l07_clase ... ok
2026-09-09T19:53:13.7848036Z test l08_instancia_duplicada ... ok
2026-09-09T19:53:13.7867559Z test l09_parametro ... ok
2026-09-09T19:53:13.7957367Z test l09_propietario ... ok
2026-09-09T19:53:13.8086458Z test l10_admision_tipo ... ok
2026-09-09T19:53:13.8097671Z test l10_admision_ajena ... ok
2026-09-09T19:53:13.8167534Z test l10_captura_ajena ... ok
2026-09-09T19:53:13.8207942Z test controles_positivos_preservan_identidad_orden_y_multiplicidad ... ok
2026-09-09T19:53:13.8277446Z test l11_numeral_admision ... ok
2026-09-09T19:53:13.8307870Z test l10_captura_tipo ... ok
2026-09-09T19:53:13.8411314Z test l11_numeral_captura ... ok
2026-09-09T19:53:13.8447647Z test l12_regla ... ok
2026-09-09T19:53:13.8527457Z test l13_espacio ... ok
2026-09-09T19:53:13.8577231Z test l13_ternarizador_ajeno ... ok
2026-09-09T19:53:13.8638797Z test l14_procedencia ... ok
2026-09-09T19:53:13.8667300Z test l15_operacion ... ok
2026-09-09T19:53:13.8734753Z test l15_version_operacion ... ok
2026-09-09T19:53:13.8762758Z test l16_instancia_ausente ... ok
2026-09-09T19:53:13.8860247Z test l17_destino_ausente ... ok
2026-09-09T19:53:13.8917378Z test l18_destino_ausente ... ok
2026-09-09T19:53:13.8977341Z test l18_destino_tipo ... ok
2026-09-09T19:53:13.9027451Z test l18_nodo_ajeno ... ok
2026-09-09T19:53:13.9087355Z test l19_cero ... ok
2026-09-09T19:53:13.9147245Z test l19_diez ... ok
2026-09-09T19:53:13.9227440Z test l19_nat_grande ... ok
2026-09-09T19:53:13.9237440Z test l20_colision ... ok
2026-09-09T19:53:13.9327681Z test l21_comparticion_ausente ... ok
2026-09-09T19:53:13.9347668Z test l22_alias_destino ... ok
2026-09-09T19:53:13.9416542Z test l22_alias_instancia ... ok
2026-09-09T19:53:13.9493422Z test l22_alias_posterior ... ok
2026-09-09T19:53:13.9547507Z test l23_comparticion_incompleta ... ok
2026-09-09T19:53:13.9554093Z test l23_comparticion_orden ... ok
2026-09-09T19:53:13.9641357Z test l24_lateral_ausente ... ok
2026-09-09T19:53:13.9684157Z test l24_lateral_oculta ... ok
2026-09-09T19:53:13.9684475Z 
2026-09-09T19:53:13.9684852Z test result: ok. 45 passed; 0 failed; 0 ignored; 0 measured; 0 filtered out; finished in 0.29s
2026-09-09T19:53:13.9685282Z 
2026-09-09T19:53:13.9686240Z      Running tests/bridge_set.rs (rust/target/debug/deps/bridge_set-38720aba5ea81af3)
2026-09-09T19:53:13.9694387Z 
2026-09-09T19:53:13.9694623Z running 3 tests
2026-09-09T19:53:13.9699422Z test existing_range_rejection_keeps_precedence ... ok
2026-09-09T19:53:13.9699903Z test empty_set_and_declared_order_are_preserved ... ok
2026-09-09T19:53:13.9702080Z test duplicate_nat_positions_are_rejected_before_ir_admission ... ok
2026-09-09T19:53:13.9702515Z 
2026-09-09T19:53:13.9702838Z test result: ok. 3 passed; 0 failed; 0 ignored; 0 measured; 0 filtered out; finished in 0.00s
2026-09-09T19:53:13.9703214Z 
2026-09-09T19:53:13.9703526Z      Running tests/cell_geometry_native.rs (rust/target/debug/deps/cell_geometry_native-f5d08cc51e268b59)
2026-09-09T19:53:13.9710365Z 
2026-09-09T19:53:13.9710612Z running 4 tests
2026-09-09T19:53:13.9715167Z test vector_de_longitud_dieciseis_es_admisible_para_b_cuatro ... ok
2026-09-09T19:53:13.9715862Z test b_menor_que_tres_se_rechaza_nativamente_en_ambos_perfiles ... ok
2026-09-09T19:53:13.9716568Z test b_tres_y_b_cuatro_derivan_nueve_y_dieciseis_posiciones ... ok
2026-09-09T19:53:13.9717457Z test longitud_de_vector_distinta_de_n_se_rechaza_nativamente ... ok
2026-09-09T19:53:13.9717682Z 
2026-09-09T19:53:13.9717935Z test result: ok. 4 passed; 0 failed; 0 ignored; 0 measured; 0 filtered out; finished in 0.00s
2026-09-09T19:53:13.9718251Z 
2026-09-09T19:53:13.9718664Z      Running tests/codomain_uniqueness.rs (rust/target/debug/deps/codomain_uniqueness-9d387cf8f1c88b1b)
2026-09-09T19:53:13.9724001Z 
2026-09-09T19:53:13.9724172Z running 3 tests
2026-09-09T19:53:13.9727795Z test n0_01_el_ensamblaje_no_rescata_un_codominio_duplicado ... ok
2026-09-09T19:53:13.9728717Z test n0_01_conserva_codominios_distintos_en_ambos_perfiles ... ok
2026-09-09T19:53:13.9729221Z test n0_01_rechaza_miembro_duplicado_en_ambos_perfiles ... ok
2026-09-09T19:53:13.9729445Z 
2026-09-09T19:53:13.9729680Z test result: ok. 3 passed; 0 failed; 0 ignored; 0 measured; 0 filtered out; finished in 0.00s
2026-09-09T19:53:13.9730192Z 
2026-09-09T19:53:13.9730531Z      Running tests/context_wellformed.rs (rust/target/debug/deps/context_wellformed-d96c5ed24650c13e)
2026-09-09T19:53:13.9737133Z 
2026-09-09T19:53:13.9737681Z running 11 tests
2026-09-09T19:53:13.9822939Z test query_architecture_gate_entrada_ajena ... ok
2026-09-09T19:53:13.9823543Z test query_architecture_eval_nodo_ajeno ... ok
2026-09-09T19:53:13.9824014Z test query_architecture_cell_ajena ... ok
2026-09-09T19:53:13.9867392Z test query_architecture_eval_celda_ajena ... ok
2026-09-09T19:53:13.9885535Z test query_coverage_interface_ajena ... ok
2026-09-09T19:53:13.9909091Z test query_comparison_frame_ajeno ... ok
2026-09-09T19:53:13.9923837Z test query_coverage_silent_u_ajena ... ok
2026-09-09T19:53:13.9944363Z test query_point_frame_ajeno ... ok
2026-09-09T19:53:13.9959736Z test query_trajectory_ajena ... ok
2026-09-09T19:53:13.9993281Z test trajectory_frame_arquitectura_distinta ... ok
2026-09-09T19:53:14.0000252Z test trajectory_horizon_arquitectura_distinta ... ok
2026-09-09T19:53:14.0000526Z 
2026-09-09T19:53:14.0000789Z test result: ok. 11 passed; 0 failed; 0 ignored; 0 measured; 0 filtered out; finished in 0.03s
2026-09-09T19:53:14.0001128Z 
2026-09-09T19:53:14.0002760Z      Running tests/cyb_authority_boundary.rs (rust/target/debug/deps/cyb_authority_boundary-ad89efce2fcd2b6c)
2026-09-09T19:53:14.0009156Z 
2026-09-09T19:53:14.0009368Z running 9 tests
2026-09-09T19:53:14.0338196Z test fa02_macro_no_elude_referencia_privada ... ok
2026-09-09T19:53:14.0367261Z test fa01_referencia_de_autoridad_privada ... ok
2026-09-09T19:53:14.0396501Z test fa03_premisa_externa_no_fabricable ... ok
2026-09-09T19:53:14.0587769Z test fa04_macro_no_elude_premisa_privada ... ok
2026-09-09T19:53:14.0677414Z test fa06_resultado_elegido_no_es_permiso ... ok
2026-09-09T19:53:14.0759837Z test fa05_ligadura_validada_no_es_autoridad ... ok
2026-09-09T19:53:14.0922697Z test fa07_booleano_no_sustituye_premisa ... ok
2026-09-09T19:53:14.1628075Z test datos_documentales_no_constituyen_autoridad ... ok
2026-09-09T19:53:14.1820612Z test macro_de_datos_nominales_admitida ... ok
2026-09-09T19:53:14.1820965Z 
2026-09-09T19:53:14.1821294Z test result: ok. 9 passed; 0 failed; 0 ignored; 0 measured; 0 filtered out; finished in 0.18s
2026-09-09T19:53:14.1821745Z 
2026-09-09T19:53:14.1822956Z      Running tests/cyb_reception.rs (rust/target/debug/deps/cyb_reception-28ef2efde3c31c5a)
2026-09-09T19:53:14.1830463Z 
2026-09-09T19:53:14.1830609Z running 12 tests
2026-09-09T19:53:14.2744803Z test cyb_instancias_documentales_independientes ... ok
2026-09-09T19:53:14.5980101Z test cyb_rechazos_causales_y_reparaciones ... ok
2026-09-09T19:53:16.1801703Z test cyb_definicion_y_modulos_exactos ... ok
2026-09-09T19:53:17.1842032Z test cyb_ensamblaje_directo ... ok
2026-09-09T19:53:17.1843010Z test probe::json::tests::preserves_fixed_values_order_and_unicode ... ok
2026-09-09T19:53:17.1843954Z test probe::json::tests::rejects_duplicate_and_index_keys ... ok
2026-09-09T19:53:17.1844755Z test probe::json::tests::rejects_invalid_unicode_and_utf8 ... ok
2026-09-09T19:53:17.1845701Z test probe::json::tests::rejects_json_syntax_instead_of_repairing_it ... ok
2026-09-09T19:53:17.1846655Z test probe::json::tests::rejects_numeric_conversion_before_it_loses_information ... ok
2026-09-09T19:53:17.1966599Z test cyb_ensamblaje_inverso ... ok
2026-09-09T19:53:17.4142837Z test cyb_transporte_en ... ok
2026-09-09T19:53:18.3975194Z test cyb_transporte_es ... ok
2026-09-09T19:53:18.3975574Z 
2026-09-09T19:53:18.3975965Z test result: ok. 12 passed; 0 failed; 0 ignored; 0 measured; 0 filtered out; finished in 4.21s
2026-09-09T19:53:18.3976384Z 
2026-09-09T19:53:18.3977997Z      Running tests/diagnostic_frontend.rs (rust/target/debug/deps/diagnostic_frontend-cfe398c76c30e302)
2026-09-09T19:53:18.3985212Z 
2026-09-09T19:53:18.3985330Z running 7 tests
2026-09-09T19:53:18.3990074Z test lexical_character_and_foreign_surface_keep_original_ranges ... ok
2026-09-09T19:53:18.3990767Z test optional_fields_repetition_and_order_are_distinct ... ok
2026-09-09T19:53:18.3991316Z test eof_preserves_original_utf8_bytes_and_selected_language ... ok
2026-09-09T19:53:18.3991839Z test mixed_assembly_attributes_only_the_faulty_unit_even_with_duplicate_file_names ... ok
2026-09-09T19:53:18.3992784Z test quoted_text_is_not_copied_into_the_new_explanation ... ok
2026-09-09T19:53:18.3993342Z test source_hash_changes_with_original_bytes_without_normalization ... ok
2026-09-09T19:53:18.3993934Z test valid_foreign_contextual_identifiers_and_professional_literals_are_unchanged ... ok
2026-09-09T19:53:18.3994421Z 
2026-09-09T19:53:18.3994709Z test result: ok. 7 passed; 0 failed; 0 ignored; 0 measured; 0 filtered out; finished in 0.00s
2026-09-09T19:53:18.3995054Z 
2026-09-09T19:53:18.3995342Z      Running tests/domain_parameters.rs (rust/target/debug/deps/domain_parameters-48cafe0685ab2722)
2026-09-09T19:53:18.4001521Z 
2026-09-09T19:53:18.4001729Z running 3 tests
2026-09-09T19:53:18.4008775Z test unconsumed_domain_rejects_repeated_nominal_identity ... ok
2026-09-09T19:53:18.4009686Z test exact_names_and_order_are_preserved_without_numeric_binding ... ok
2026-09-09T19:53:18.4013445Z test previous_chain_and_reference_rejections_remain_first ... ok
2026-09-09T19:53:18.4013919Z 
2026-09-09T19:53:18.4014353Z test result: ok. 3 passed; 0 failed; 0 ignored; 0 measured; 0 filtered out; finished in 0.00s
2026-09-09T19:53:18.4014789Z 
2026-09-09T19:53:18.4015138Z      Running tests/gh_bindings.rs (rust/target/debug/deps/gh_bindings-af743f2f014cd251)
2026-09-09T19:53:18.4022456Z 
2026-09-09T19:53:18.4022638Z running 8 tests
2026-09-09T19:53:18.4244727Z test atribucion_documental ... ok
2026-09-09T19:53:18.4245627Z test adjudicacion_separada ... ok
2026-09-09T19:53:18.4246251Z test antecedente_enmienda ... ok
2026-09-09T19:53:18.4247104Z test estado_propuesta ... ok
2026-09-09T19:53:18.4456233Z test extremo_de_ventana ... ok
2026-09-09T19:53:18.4457462Z test unidad_metodo_referencia ... ok
2026-09-09T19:53:18.4458099Z test u_y_configuracion_ausente ... ok
2026-09-09T19:53:18.4458716Z test ligaduras_ordenadas ... ok
2026-09-09T19:53:18.4460340Z 
2026-09-09T19:53:18.4460691Z test result: ok. 8 passed; 0 failed; 0 ignored; 0 measured; 0 filtered out; finished in 0.04s
2026-09-09T19:53:18.4461019Z 
2026-09-09T19:53:18.4461616Z      Running tests/grammar_closed_domains.rs (rust/target/debug/deps/grammar_closed_domains-bcf8bb67d13e224c)
2026-09-09T19:53:18.4469581Z 
2026-09-09T19:53:18.4470193Z running 5 tests
2026-09-09T19:53:18.4473134Z test dg01_rechaza_kind_ajeno_en_y_es ... ok
2026-09-09T19:53:18.4473857Z test dg02_rechaza_pattern_ajeno_en_y_es ... ok
2026-09-09T19:53:18.4474609Z test dg03_rechaza_regime_ajeno_en_y_es ... ok
2026-09-09T19:53:18.4475224Z test ensamblaje_no_rescata_un_literal_ajeno_de_otra_unidad ... ok
2026-09-09T19:53:18.4476634Z test dominios_canónicos_siguen_admitidos_en_y_es ... ok
2026-09-09T19:53:18.4477193Z 
2026-09-09T19:53:18.4477427Z test result: ok. 5 passed; 0 failed; 0 ignored; 0 measured; 0 filtered out; finished in 0.00s
2026-09-09T19:53:18.4477887Z 
2026-09-09T19:53:18.4478272Z      Running tests/horizon_architecture.rs (rust/target/debug/deps/horizon_architecture-1615d4acc492fca6)
2026-09-09T19:53:18.4485493Z 
2026-09-09T19:53:18.4485939Z running 5 tests
2026-09-09T19:53:18.4491171Z test n0_04_existing_graph_must_be_wellformed ... ok
2026-09-09T19:53:18.4506154Z test n0_04_forward_reference_preserves_graph_and_events ... ok
2026-09-09T19:53:18.4506981Z test n0_04_missing_wrong_type_self_and_operation_in_both_profiles ... ok
2026-09-09T19:53:18.4508887Z test n0_04_agent_identity_and_equal_missing_names ... ok
2026-09-09T19:53:18.4514635Z test n0_04_mixed_assembly_resolves_or_rejects_in_both_orders ... ok
2026-09-09T19:53:18.4515086Z 
2026-09-09T19:53:18.4515676Z test result: ok. 5 passed; 0 failed; 0 ignored; 0 measured; 0 filtered out; finished in 0.00s
2026-09-09T19:53:18.4516063Z 
2026-09-09T19:53:18.4516380Z      Running tests/horizon_events.rs (rust/target/debug/deps/horizon_events-be5410cda4fd3acb)
2026-09-09T19:53:18.4523730Z 
2026-09-09T19:53:18.4524134Z running 3 tests
2026-09-09T19:53:18.4531041Z test duplicate_types_are_rejected_in_an_unconsumed_horizon ... ok
2026-09-09T19:53:18.4531769Z test previous_reference_empty_and_membership_diagnostics_remain_first ... ok
2026-09-09T19:53:18.4533440Z test uniqueness_is_local_and_preserves_declared_order ... ok
2026-09-09T19:53:18.4533836Z 
2026-09-09T19:53:18.4534202Z test result: ok. 3 passed; 0 failed; 0 ignored; 0 measured; 0 filtered out; finished in 0.00s
2026-09-09T19:53:18.4534643Z 
2026-09-09T19:53:18.4535039Z      Running tests/json_projection.rs (rust/target/debug/deps/json_projection-64ea6a6ff1da5665)
2026-09-09T19:53:18.4541935Z 
2026-09-09T19:53:18.4542149Z running 5 tests
2026-09-09T19:53:18.4546359Z test n0_03_conserva_guarda_previa_del_otro_mapa_variable ... ok
2026-09-09T19:53:18.4547537Z test n0_03_ensamblaje_no_rescata_duplicados_sin_celda ... ok
2026-09-09T19:53:18.4548519Z test n0_03_conserva_claves_compartidas_entre_mapas_y_mapa_vacio ... ok
2026-09-09T19:53:18.4549319Z test n0_03_ensamblaje_conserva_ambitos_y_referencias_de_n0_02 ... ok
2026-09-09T19:53:18.4549977Z test n0_03_rechaza_semantica_no_enlazada_en_es_en ... ok
2026-09-09T19:53:18.4550611Z      Running tests/optional_fields.rs (rust/target/debug/deps/optional_fields-7aac2bf55c50ed5b)
2026-09-09T19:53:18.4551100Z 
2026-09-09T19:53:18.4551570Z test result: ok. 5 passed; 0 failed; 0 ignored; 0 measured; 0 filtered out; finished in 0.00s
2026-09-09T19:53:18.4552062Z 
2026-09-09T19:53:18.4557734Z 
2026-09-09T19:53:18.4557862Z running 2 tests
2026-09-09T19:53:18.4561616Z test optional_absence_and_list_occurrences_are_preserved ... ok
2026-09-09T19:53:18.4563459Z test malformed_declarations_are_rejected_without_a_consumer ... ok
2026-09-09T19:53:18.4564199Z      Running tests/output_semantics_totality.rs (rust/target/debug/deps/output_semantics_totality-5bda3ca7398b0654)
2026-09-09T19:53:18.4564618Z 
2026-09-09T19:53:18.4564939Z test result: ok. 2 passed; 0 failed; 0 ignored; 0 measured; 0 filtered out; finished in 0.00s
2026-09-09T19:53:18.4565303Z 
2026-09-09T19:53:18.4571660Z 
2026-09-09T19:53:18.4571891Z running 6 tests
2026-09-09T19:53:18.4578286Z test n0_02_ensambla_relacion_total_entre_unidades_en_es ... ok
2026-09-09T19:53:18.4582293Z test n0_02_otra_semantica_no_completa_la_referenciada ... ok
2026-09-09T19:53:18.4586295Z test n0_02_preserva_orden_y_textos_compartidos_en_es_en ... ok
2026-09-09T19:53:18.4587070Z test n0_02_ensamblaje_no_rescata_relacion_invalida ... ok
2026-09-09T19:53:18.4588165Z test n0_02_cada_celda_comprueba_su_codominio_aunque_comparta_semantica ... ok
2026-09-09T19:53:18.4593589Z test n0_02_rechaza_cuatro_defectos_en_es_en_y_referencias_adelantadas ... ok
2026-09-09T19:53:18.4593851Z 
2026-09-09T19:53:18.4594183Z test result: ok. 6 passed; 0 failed; 0 ignored; 0 measured; 0 filtered out; finished in 0.00s
2026-09-09T19:53:18.4594496Z 
2026-09-09T19:53:18.4595160Z      Running tests/projection_metadata_native.rs (rust/target/debug/deps/projection_metadata_native-9cceed390e7393ea)
2026-09-09T19:53:18.4602073Z 
2026-09-09T19:53:18.4602236Z running 3 tests
2026-09-09T19:53:18.4607058Z test proyeccion_emite_una_vez_version_fichero_y_huella_reales ... ok
2026-09-09T19:53:18.4607758Z test source_file_modifica_la_proyeccion_sin_alterar_la_huella_del_contenido ... ok
2026-09-09T19:53:18.4608440Z test bytes_fuente_distintos_modifican_la_huella_y_su_emision ... ok
2026-09-09T19:53:18.4608761Z 
2026-09-09T19:53:18.4609000Z test result: ok. 3 passed; 0 failed; 0 ignored; 0 measured; 0 filtered out; finished in 0.00s
2026-09-09T19:53:18.4609422Z 
2026-09-09T19:53:18.4609804Z      Running tests/transition_data_wellformed.rs (rust/target/debug/deps/transition_data_wellformed-9a9fd0956cc5e69a)
2026-09-09T19:53:18.4616219Z 
2026-09-09T19:53:18.4616745Z running 6 tests
2026-09-09T19:53:18.4630840Z test transition_data_admite_nodos_declarados_posiciones_extremas_e_instancias_compartidas ... ok
2026-09-09T19:53:18.4631686Z test transition_data_rechaza_cero_y_posicion_superior_a_n_sin_estrechar_nat ... ok
2026-09-09T19:53:18.4632416Z test ensamblaje_mixto_no_rescata_transition_data_invalido ... ok
2026-09-09T19:53:18.4633078Z test transition_data_rechaza_destino_inducido_repetido_con_valor_igual_o_distinto ... ok
2026-09-09T19:53:18.4636035Z test transition_data_rechaza_tipo_de_suceso_repetido_con_valor_igual_o_distinto ... ok
2026-09-09T19:53:18.4639484Z test transition_data_rechaza_nodo_ausente_tipo_incorrecto_o_fuera_de_arquitectura ... ok
2026-09-09T19:53:18.4639970Z 
2026-09-09T19:53:18.4640386Z test result: ok. 6 passed; 0 failed; 0 ignored; 0 measured; 0 filtered out; finished in 0.00s
2026-09-09T19:53:18.4640899Z 
2026-09-09T19:53:18.4641255Z      Running unittests src/main.rs (rust/target/debug/deps/sv_native-0aa23a621949d383)
2026-09-09T19:53:18.4648288Z 
2026-09-09T19:53:18.4648579Z running 0 tests
2026-09-09T19:53:18.4648876Z 
2026-09-09T19:53:18.4649193Z test result: ok. 0 passed; 0 failed; 0 ignored; 0 measured; 0 filtered out; finished in 0.00s
2026-09-09T19:53:18.4650143Z      Running unittests src/lib.rs (rust/target/debug/deps/sv_wasm-30d2e6110c8bbd15)
2026-09-09T19:53:18.4650482Z 
2026-09-09T19:53:18.4656179Z 
2026-09-09T19:53:18.4656505Z running 2 tests
2026-09-09T19:53:18.4657970Z test tests::exported_versions_match_core ... ok
2026-09-09T19:53:18.4658441Z test tests::wasm_boundary_delegates_tri_to_core ... ok
2026-09-09T19:53:18.4658843Z 
2026-09-09T19:53:18.4659143Z test result: ok. 2 passed; 0 failed; 0 ignored; 0 measured; 0 filtered out; finished in 0.00s
2026-09-09T19:53:18.4659582Z 
2026-09-09T19:53:18.4659767Z    Doc-tests sv_core
2026-09-09T19:53:18.5733228Z 
2026-09-09T19:53:18.5733719Z running 17 tests
2026-09-09T19:53:18.5997782Z test sv_core/src/control.rs - control (line 10) - compile fail ... ok
2026-09-09T19:53:18.6042911Z test sv_core/src/admissibility.rs - admissibility::CaptureOutcome (line 70) - compile fail ... ok
2026-09-09T19:53:18.6061476Z test sv_core/src/authority/transitions.rs - authority::transitions::ExternalGenesisPremise (line 63) - compile fail ... ok
2026-09-09T19:53:18.6082001Z test sv_core/src/admissibility.rs - admissibility::AdmissibilityState (line 11) - compile fail ... ok
2026-09-09T19:53:18.6267980Z test sv_core/src/control.rs - control (line 20) - compile fail ... ok
2026-09-09T19:53:18.6327667Z test sv_core/src/decision_trace.rs - decision_trace::DecisionTrace (line 330) - compile fail ... ok
2026-09-09T19:53:18.6357769Z test sv_core/src/lib.rs - (line 13) - compile fail ... ok
2026-09-09T19:53:18.6428552Z test sv_core/src/execution.rs - execution::ExecutionRequest (line 216) - compile fail ... ok
2026-09-09T19:53:18.6553920Z test sv_core/src/lib.rs - (line 17) - compile fail ... ok
2026-09-09T19:53:18.6577923Z test sv_core/src/lib.rs - (line 21) - compile fail ... ok
2026-09-09T19:53:18.6697631Z test sv_core/src/lib.rs - (line 27) - compile fail ... ok
2026-09-09T19:53:18.6746128Z test sv_core/src/mediation.rs - mediation::MediatedEffectCommitment (line 24) - compile fail ... ok
2026-09-09T19:53:18.6764387Z test sv_core/src/permission.rs - permission (line 10) - compile fail ... ok
2026-09-09T19:53:18.6834013Z test sv_core/src/permission.rs - permission (line 17) - compile fail ... ok
2026-09-09T19:53:18.6910029Z test sv_core/src/requirements_bridge.rs - requirements_bridge::ResolvedRequirementResult (line 121) - compile fail ... ok
2026-09-09T19:53:18.6998157Z test sv_core/src/requirements_reuse.rs - requirements_reuse::HistoricalQualifiedRequirementResult (line 156) - compile fail ... ok
2026-09-09T19:53:18.7010179Z test sv_core/src/requirements_reuse.rs - requirements_reuse::reuse_historical_requirement_result (line 368) - compile fail ... ok
2026-09-09T19:53:18.7010901Z 
2026-09-09T19:53:18.7011285Z test result: ok. 17 passed; 0 failed; 0 ignored; 0 measured; 0 filtered out; finished in 0.13s
2026-09-09T19:53:18.7011924Z 
2026-09-09T19:53:18.7018155Z    Doc-tests sv_wasm
2026-09-09T19:53:18.7114501Z 
2026-09-09T19:53:18.7114827Z running 0 tests
2026-09-09T19:53:18.7115120Z 
2026-09-09T19:53:18.7115485Z test result: ok. 0 passed; 0 failed; 0 ignored; 0 measured; 0 filtered out; finished in 0.00s
2026-09-09T19:53:18.7115923Z 
2026-09-09T19:53:18.7161931Z ##[group]Run cargo build --manifest-path rust/Cargo.toml --release -p sv_native
2026-09-09T19:53:18.7162440Z [36;1mcargo build --manifest-path rust/Cargo.toml --release -p sv_native[0m
2026-09-09T19:53:18.7183479Z shell: /usr/bin/bash -e {0}
2026-09-09T19:53:18.7183831Z ##[endgroup]
2026-09-09T19:53:18.7351286Z    Compiling sv_core v0.1.0 (/home/runner/work/SV-lenguaje-de-computacion/SV-lenguaje-de-computacion/rust/sv_core)
2026-09-09T19:53:19.4068348Z warning: associated function `from_core_id` is never used
2026-09-09T19:53:19.4069073Z    --> sv_core/src/control.rs:155:27
2026-09-09T19:53:19.4069603Z     |
2026-09-09T19:53:19.4069972Z 141 |           impl $name {
2026-09-09T19:53:19.4070414Z     |           ---------- associated function in this implementation
2026-09-09T19:53:19.4070951Z ...
2026-09-09T19:53:19.4071381Z 155 |               pub(crate) fn from_core_id(id: ControlId) -> Self {
2026-09-09T19:53:19.4071909Z     |                             ^^^^^^^^^^^^
2026-09-09T19:53:19.4072476Z ...
2026-09-09T19:53:19.4072807Z 162 | / opaque_control_ref!(
2026-09-09T19:53:19.4073240Z 163 | |     InformationRef,
2026-09-09T19:53:19.4074130Z 164 | |     "Referencia nominal a información dentro del dominio de control."
2026-09-09T19:53:19.4074695Z 165 | | );
2026-09-09T19:53:19.4075041Z     | |_- in this macro invocation
2026-09-09T19:53:19.4075501Z     |
2026-09-09T19:53:19.4075976Z     = note: `#[warn(dead_code)]` (part of `#[warn(unused)]`) on by default
2026-09-09T19:53:19.4077091Z     = note: this warning originates in the macro `opaque_control_ref` (in Nightly builds, run with -Z macro-backtrace for more info)
2026-09-09T19:53:19.4077760Z 
2026-09-09T19:53:19.4077970Z warning: associated function `from_core_id` is never used
2026-09-09T19:53:19.4078641Z    --> sv_core/src/control.rs:155:27
2026-09-09T19:53:19.4079048Z     |
2026-09-09T19:53:19.4079456Z 141 |           impl $name {
2026-09-09T19:53:19.4079927Z     |           ---------- associated function in this implementation
2026-09-09T19:53:19.4080387Z ...
2026-09-09T19:53:19.4080830Z 155 |               pub(crate) fn from_core_id(id: ControlId) -> Self {
2026-09-09T19:53:19.4081333Z     |                             ^^^^^^^^^^^^
2026-09-09T19:53:19.4081760Z ...
2026-09-09T19:53:19.4082095Z 166 | / opaque_control_ref!(
2026-09-09T19:53:19.4082482Z 167 | |     AdmittedEvidenceRef,
2026-09-09T19:53:19.4083325Z 168 | |     "Referencia a evidencia cuya admisión debe proceder de una verificación gobernada."
2026-09-09T19:53:19.4083891Z 169 | | );
2026-09-09T19:53:19.4084250Z     | |_- in this macro invocation
2026-09-09T19:53:19.4084650Z     |
2026-09-09T19:53:19.4085279Z     = note: this warning originates in the macro `opaque_control_ref` (in Nightly builds, run with -Z macro-backtrace for more info)
2026-09-09T19:53:19.4085854Z 
2026-09-09T19:53:19.4086069Z warning: associated function `from_core_id` is never used
2026-09-09T19:53:19.4086554Z    --> sv_core/src/control.rs:155:27
2026-09-09T19:53:19.4087056Z     |
2026-09-09T19:53:19.4087411Z 141 |           impl $name {
2026-09-09T19:53:19.4087887Z     |           ---------- associated function in this implementation
2026-09-09T19:53:19.4088376Z ...
2026-09-09T19:53:19.4088770Z 155 |               pub(crate) fn from_core_id(id: ControlId) -> Self {
2026-09-09T19:53:19.4089299Z     |                             ^^^^^^^^^^^^
2026-09-09T19:53:19.4089712Z ...
2026-09-09T19:53:19.4090010Z 170 | / opaque_control_ref!(
2026-09-09T19:53:19.4090423Z 171 | |     ConstitutedFactRef,
2026-09-09T19:53:19.4091125Z 172 | |     "Referencia a un hecho semántico constituido; no equivale a autoridad."
2026-09-09T19:53:19.4091699Z 173 | | );
2026-09-09T19:53:19.4092360Z     | |_- in this macro invocation
2026-09-09T19:53:19.4092734Z     |
2026-09-09T19:53:19.4093425Z     = note: this warning originates in the macro `opaque_control_ref` (in Nightly builds, run with -Z macro-backtrace for more info)
2026-09-09T19:53:19.4094014Z 
2026-09-09T19:53:19.4094465Z warning: associated function `from_core_id` is never used
2026-09-09T19:53:19.4094940Z    --> sv_core/src/control.rs:155:27
2026-09-09T19:53:19.4095355Z     |
2026-09-09T19:53:19.4095663Z 141 |           impl $name {
2026-09-09T19:53:19.4096097Z     |           ---------- associated function in this implementation
2026-09-09T19:53:19.4096633Z ...
2026-09-09T19:53:19.4097162Z 155 |               pub(crate) fn from_core_id(id: ControlId) -> Self {
2026-09-09T19:53:19.4097667Z     |                             ^^^^^^^^^^^^
2026-09-09T19:53:19.4098051Z ...
2026-09-09T19:53:19.4098357Z 174 | / opaque_control_ref!(
2026-09-09T19:53:19.4098755Z 175 | |     AuthorityRef,
2026-09-09T19:53:19.4099521Z 176 | |     "Referencia a autoridad constituida; su constructor no forma parte de la API pública."
2026-09-09T19:53:19.4100197Z 177 | | );
2026-09-09T19:53:19.4100531Z     | |_- in this macro invocation
2026-09-09T19:53:19.4100965Z     |
2026-09-09T19:53:19.4101727Z     = note: this warning originates in the macro `opaque_control_ref` (in Nightly builds, run with -Z macro-backtrace for more info)
2026-09-09T19:53:19.4102319Z 
2026-09-09T19:53:19.4102551Z warning: associated function `from_core_id` is never used
2026-09-09T19:53:19.4103062Z    --> sv_core/src/control.rs:155:27
2026-09-09T19:53:19.4103436Z     |
2026-09-09T19:53:19.4103715Z 141 |           impl $name {
2026-09-09T19:53:19.4104212Z     |           ---------- associated function in this implementation
2026-09-09T19:53:19.4104677Z ...
2026-09-09T19:53:19.4105075Z 155 |               pub(crate) fn from_core_id(id: ControlId) -> Self {
2026-09-09T19:53:19.4105628Z     |                             ^^^^^^^^^^^^
2026-09-09T19:53:19.4105997Z ...
2026-09-09T19:53:19.4106365Z 178 | / opaque_control_ref!(
2026-09-09T19:53:19.4106726Z 179 | |     EnablementRef,
2026-09-09T19:53:19.4107594Z 180 | |     "Referencia a una habilitación de autoridad ya existente; no amplía autoridad."
2026-09-09T19:53:19.4108166Z 181 | | );
2026-09-09T19:53:19.4108486Z     | |_- in this macro invocation
2026-09-09T19:53:19.4108899Z     |
2026-09-09T19:53:19.4109570Z     = note: this warning originates in the macro `opaque_control_ref` (in Nightly builds, run with -Z macro-backtrace for more info)
2026-09-09T19:53:19.4110188Z 
2026-09-09T19:53:19.4110431Z warning: associated function `from_core_id` is never used
2026-09-09T19:53:19.4110931Z    --> sv_core/src/control.rs:155:27
2026-09-09T19:53:19.4111438Z     |
2026-09-09T19:53:19.4111801Z 141 |           impl $name {
2026-09-09T19:53:19.4112239Z     |           ---------- associated function in this implementation
2026-09-09T19:53:19.4112737Z ...
2026-09-09T19:53:19.4113136Z 155 |               pub(crate) fn from_core_id(id: ControlId) -> Self {
2026-09-09T19:53:19.4113642Z     |                             ^^^^^^^^^^^^
2026-09-09T19:53:19.4114120Z ...
2026-09-09T19:53:19.4114426Z 186 | / opaque_control_ref!(
2026-09-09T19:53:19.4114791Z 187 | |     FormRef,
2026-09-09T19:53:19.4115319Z 188 | |     "Referencia a una forma de transición constituida."
2026-09-09T19:53:19.4115785Z 189 | | );
2026-09-09T19:53:19.4116159Z     | |_- in this macro invocation
2026-09-09T19:53:19.4116503Z     |
2026-09-09T19:53:19.4117271Z     = note: this warning originates in the macro `opaque_control_ref` (in Nightly builds, run with -Z macro-backtrace for more info)
2026-09-09T19:53:19.4117944Z 
2026-09-09T19:53:19.4118147Z warning: associated function `from_core_id` is never used
2026-09-09T19:53:19.4118687Z    --> sv_core/src/control.rs:155:27
2026-09-09T19:53:19.4119110Z     |
2026-09-09T19:53:19.4119402Z 141 |           impl $name {
2026-09-09T19:53:19.4119820Z     |           ---------- associated function in this implementation
2026-09-09T19:53:19.4120317Z ...
2026-09-09T19:53:19.4120929Z 155 |               pub(crate) fn from_core_id(id: ControlId) -> Self {
2026-09-09T19:53:19.4121423Z     |                             ^^^^^^^^^^^^
2026-09-09T19:53:19.4121814Z ...
2026-09-09T19:53:19.4122116Z 190 | / opaque_control_ref!(
2026-09-09T19:53:19.4122535Z 191 | |     EffectFamilyRef,
2026-09-09T19:53:19.4123296Z 192 | |     "Referencia a una familia de efectos fijada por constitución."
2026-09-09T19:53:19.4123820Z 193 | | );
2026-09-09T19:53:19.4124156Z     | |_- in this macro invocation
2026-09-09T19:53:19.4124525Z     |
2026-09-09T19:53:19.4125187Z     = note: this warning originates in the macro `opaque_control_ref` (in Nightly builds, run with -Z macro-backtrace for more info)
2026-09-09T19:53:19.4125849Z 
2026-09-09T19:53:19.4126060Z warning: associated function `from_core_id` is never used
2026-09-09T19:53:19.4126520Z    --> sv_core/src/control.rs:155:27
2026-09-09T19:53:19.4127116Z     |
2026-09-09T19:53:19.4127461Z 141 |           impl $name {
2026-09-09T19:53:19.4127915Z     |           ---------- associated function in this implementation
2026-09-09T19:53:19.4128407Z ...
2026-09-09T19:53:19.4128782Z 155 |               pub(crate) fn from_core_id(id: ControlId) -> Self {
2026-09-09T19:53:19.4129312Z     |                             ^^^^^^^^^^^^
2026-09-09T19:53:19.4129694Z ...
2026-09-09T19:53:19.4130012Z 194 | / opaque_control_ref!(
2026-09-09T19:53:19.4130417Z 195 | |     EffectRef,
2026-09-09T19:53:19.4130937Z 196 | |     "Referencia a un efecto concreto; identificarlo no equivale a autorizarlo."
2026-09-09T19:53:19.4131568Z 197 | | );
2026-09-09T19:53:19.4131886Z     | |_- in this macro invocation
2026-09-09T19:53:19.4132267Z     |
2026-09-09T19:53:19.4132957Z     = note: this warning originates in the macro `opaque_control_ref` (in Nightly builds, run with -Z macro-backtrace for more info)
2026-09-09T19:53:19.4133602Z 
2026-09-09T19:53:19.4133806Z warning: associated function `from_core_id` is never used
2026-09-09T19:53:19.4134312Z    --> sv_core/src/control.rs:155:27
2026-09-09T19:53:19.4134708Z     |
2026-09-09T19:53:19.4135007Z 141 |           impl $name {
2026-09-09T19:53:19.4135517Z     |           ---------- associated function in this implementation
2026-09-09T19:53:19.4136020Z ...
2026-09-09T19:53:19.4136435Z 155 |               pub(crate) fn from_core_id(id: ControlId) -> Self {
2026-09-09T19:53:19.4137089Z     |                             ^^^^^^^^^^^^
2026-09-09T19:53:19.4137469Z ...
2026-09-09T19:53:19.4137832Z 198 | / opaque_control_ref!(
2026-09-09T19:53:19.4138198Z 199 | |     ContextRef,
2026-09-09T19:53:19.4138708Z 200 | |     "Referencia a una ligadura de contexto relevante para autoridad o forma."
2026-09-09T19:53:19.4139301Z 201 | | );
2026-09-09T19:53:19.4139626Z     | |_- in this macro invocation
2026-09-09T19:53:19.4140065Z     |
2026-09-09T19:53:19.4140747Z     = note: this warning originates in the macro `opaque_control_ref` (in Nightly builds, run with -Z macro-backtrace for more info)
2026-09-09T19:53:19.4141365Z 
2026-09-09T19:53:19.4141645Z warning: associated function `from_core_id` is never used
2026-09-09T19:53:19.4142164Z    --> sv_core/src/control.rs:155:27
2026-09-09T19:53:19.4142563Z     |
2026-09-09T19:53:19.4142913Z 141 |           impl $name {
2026-09-09T19:53:19.4143344Z     |           ---------- associated function in this implementation
2026-09-09T19:53:19.4143782Z ...
2026-09-09T19:53:19.4144254Z 155 |               pub(crate) fn from_core_id(id: ControlId) -> Self {
2026-09-09T19:53:19.4144730Z     |                             ^^^^^^^^^^^^
2026-09-09T19:53:19.4145647Z ...
2026-09-09T19:53:19.4145990Z 202 | / opaque_control_ref!(
2026-09-09T19:53:19.4146366Z 203 | |     AuthorityHolderRef,
2026-09-09T19:53:19.4147328Z 204 | |     "Referencia al titular de una autoridad; no constituye autoridad por sí misma."
2026-09-09T19:53:19.4147903Z 205 | | );
2026-09-09T19:53:19.4148255Z     | |_- in this macro invocation
2026-09-09T19:53:19.4148639Z     |
2026-09-09T19:53:19.4149290Z     = note: this warning originates in the macro `opaque_control_ref` (in Nightly builds, run with -Z macro-backtrace for more info)
2026-09-09T19:53:19.4150282Z 
2026-09-09T19:53:19.4150543Z warning: associated function `from_core_id` is never used
2026-09-09T19:53:19.4151080Z    --> sv_core/src/control.rs:155:27
2026-09-09T19:53:19.4151475Z     |
2026-09-09T19:53:19.4151782Z 141 |           impl $name {
2026-09-09T19:53:19.4152299Z     |           ---------- associated function in this implementation
2026-09-09T19:53:19.4152760Z ...
2026-09-09T19:53:19.4153159Z 155 |               pub(crate) fn from_core_id(id: ControlId) -> Self {
2026-09-09T19:53:19.4153649Z     |                             ^^^^^^^^^^^^
2026-09-09T19:53:19.4154117Z ...
2026-09-09T19:53:19.4154434Z 206 | / opaque_control_ref!(
2026-09-09T19:53:19.4154842Z 207 | |     GovernedObjectRef,
2026-09-09T19:53:19.4155383Z 208 | |     "Referencia a un objeto candidato a pertenecer al dominio gobernado D_a."
2026-09-09T19:53:19.4155914Z 209 | | );
2026-09-09T19:53:19.4156262Z     | |_- in this macro invocation
2026-09-09T19:53:19.4156628Z     |
2026-09-09T19:53:19.4157440Z     = note: this warning originates in the macro `opaque_control_ref` (in Nightly builds, run with -Z macro-backtrace for more info)
2026-09-09T19:53:19.4158056Z 
2026-09-09T19:53:19.4158328Z warning: associated function `from_core_id` is never used
2026-09-09T19:53:19.4158830Z    --> sv_core/src/control.rs:155:27
2026-09-09T19:53:19.4159261Z     |
2026-09-09T19:53:19.4159632Z 141 |           impl $name {
2026-09-09T19:53:19.4160092Z     |           ---------- associated function in this implementation
2026-09-09T19:53:19.4160609Z ...
2026-09-09T19:53:19.4161007Z 155 |               pub(crate) fn from_core_id(id: ControlId) -> Self {
2026-09-09T19:53:19.4161548Z     |                             ^^^^^^^^^^^^
2026-09-09T19:53:19.4161953Z ...
2026-09-09T19:53:19.4162253Z 210 | / opaque_control_ref!(
2026-09-09T19:53:19.4162746Z 211 | |     AccumulationRuleRef,
2026-09-09T19:53:19.4163497Z 212 | |     "Referencia a una regla gobernada de acumulación o a un predicado de traza."
2026-09-09T19:53:19.4164129Z 213 | | );
2026-09-09T19:53:19.4164459Z     | |_- in this macro invocation
2026-09-09T19:53:19.4164820Z     |
2026-09-09T19:53:19.4165562Z     = note: this warning originates in the macro `opaque_control_ref` (in Nightly builds, run with -Z macro-backtrace for more info)
2026-09-09T19:53:19.4166247Z 
2026-09-09T19:53:19.4166451Z warning: associated function `from_core_id` is never used
2026-09-09T19:53:19.4167117Z    --> sv_core/src/control.rs:155:27
2026-09-09T19:53:19.4167566Z     |
2026-09-09T19:53:19.4167861Z 141 |           impl $name {
2026-09-09T19:53:19.4168357Z     |           ---------- associated function in this implementation
2026-09-09T19:53:19.4168836Z ...
2026-09-09T19:53:19.4169235Z 155 |               pub(crate) fn from_core_id(id: ControlId) -> Self {
2026-09-09T19:53:19.4169749Z     |                             ^^^^^^^^^^^^
2026-09-09T19:53:19.4170138Z ...
2026-09-09T19:53:19.4170495Z 214 | / opaque_control_ref!(
2026-09-09T19:53:19.4170889Z 215 | |     RequirementRef,
2026-09-09T19:53:19.4171668Z 216 | |     "Referencia a una obligación de Req; identificarla no acredita su cumplimiento."
2026-09-09T19:53:19.4172306Z 217 | | );
2026-09-09T19:53:19.4172633Z     | |_- in this macro invocation
2026-09-09T19:53:19.4173059Z     |
2026-09-09T19:53:19.4173752Z     = note: this warning originates in the macro `opaque_control_ref` (in Nightly builds, run with -Z macro-backtrace for more info)
2026-09-09T19:53:19.4174389Z 
2026-09-09T19:53:19.4174581Z warning: associated function `from_core_id` is never used
2026-09-09T19:53:19.4175063Z    --> sv_core/src/control.rs:155:27
2026-09-09T19:53:19.4175431Z     |
2026-09-09T19:53:19.4175766Z 141 |           impl $name {
2026-09-09T19:53:19.4176237Z     |           ---------- associated function in this implementation
2026-09-09T19:53:19.4176693Z ...
2026-09-09T19:53:19.4177264Z 155 |               pub(crate) fn from_core_id(id: ControlId) -> Self {
2026-09-09T19:53:19.4177783Z     |                             ^^^^^^^^^^^^
2026-09-09T19:53:19.4178395Z ...
2026-09-09T19:53:19.4178717Z 218 | / opaque_control_ref!(
2026-09-09T19:53:19.4179101Z 219 | |     VerifierRef,
2026-09-09T19:53:19.4179650Z 220 | |     "Referencia a un verificador concreto; su mera existencia no acredita aplicabilidad."
2026-09-09T19:53:19.4180268Z 221 | | );
2026-09-09T19:53:19.4180786Z     | |_- in this macro invocation
2026-09-09T19:53:19.4181165Z     |
2026-09-09T19:53:19.4181840Z     = note: this warning originates in the macro `opaque_control_ref` (in Nightly builds, run with -Z macro-backtrace for more info)
2026-09-09T19:53:19.4182418Z 
2026-09-09T19:53:19.4182689Z warning: associated function `from_core_id` is never used
2026-09-09T19:53:19.4183214Z    --> sv_core/src/control.rs:155:27
2026-09-09T19:53:19.4183589Z     |
2026-09-09T19:53:19.4183921Z 141 |           impl $name {
2026-09-09T19:53:19.4184357Z     |           ---------- associated function in this implementation
2026-09-09T19:53:19.4184862Z ...
2026-09-09T19:53:19.4185279Z 155 |               pub(crate) fn from_core_id(id: ControlId) -> Self {
2026-09-09T19:53:19.4185748Z     |                             ^^^^^^^^^^^^
2026-09-09T19:53:19.4186191Z ...
2026-09-09T19:53:19.4186504Z 222 | / opaque_control_ref!(
2026-09-09T19:53:19.4187223Z 223 | |     VerifierFamilyRef,
2026-09-09T19:53:19.4187992Z 224 | |     "Referencia a una familia de verificadores admisibles para una obligación."
2026-09-09T19:53:19.4188565Z 225 | | );
2026-09-09T19:53:19.4188907Z     | |_- in this macro invocation
2026-09-09T19:53:19.4189271Z     |
2026-09-09T19:53:19.4189954Z     = note: this warning originates in the macro `opaque_control_ref` (in Nightly builds, run with -Z macro-backtrace for more info)
2026-09-09T19:53:19.4190563Z 
2026-09-09T19:53:19.4190830Z warning: associated function `from_core_id` is never used
2026-09-09T19:53:19.4191330Z    --> sv_core/src/control.rs:155:27
2026-09-09T19:53:19.4191728Z     |
2026-09-09T19:53:19.4192028Z 141 |           impl $name {
2026-09-09T19:53:19.4192452Z     |           ---------- associated function in this implementation
2026-09-09T19:53:19.4192982Z ...
2026-09-09T19:53:19.4193367Z 155 |               pub(crate) fn from_core_id(id: ControlId) -> Self {
2026-09-09T19:53:19.4193916Z     |                             ^^^^^^^^^^^^
2026-09-09T19:53:19.4194327Z ...
2026-09-09T19:53:19.4194624Z 226 | / opaque_control_ref!(
2026-09-09T19:53:19.4195069Z 227 | |     ApplicabilityRuleRef,
2026-09-09T19:53:19.4195776Z 228 | |     "Referencia a una regla previamente constituida de aplicabilidad de comprobación."
2026-09-09T19:53:19.4196382Z 229 | | );
2026-09-09T19:53:19.4196725Z     | |_- in this macro invocation
2026-09-09T19:53:19.4197239Z     |
2026-09-09T19:53:19.4197933Z     = note: this warning originates in the macro `opaque_control_ref` (in Nightly builds, run with -Z macro-backtrace for more info)
2026-09-09T19:53:19.4198641Z 
2026-09-09T19:53:19.4198891Z warning: associated function `from_core_id` is never used
2026-09-09T19:53:19.4199416Z    --> sv_core/src/control.rs:155:27
2026-09-09T19:53:19.4199815Z     |
2026-09-09T19:53:19.4200106Z 141 |           impl $name {
2026-09-09T19:53:19.4200628Z     |           ---------- associated function in this implementation
2026-09-09T19:53:19.4201075Z ...
2026-09-09T19:53:19.4201473Z 155 |               pub(crate) fn from_core_id(id: ControlId) -> Self {
2026-09-09T19:53:19.4201986Z     |                             ^^^^^^^^^^^^
2026-09-09T19:53:19.4202375Z ...
2026-09-09T19:53:19.4202763Z 230 | / opaque_control_ref!(
2026-09-09T19:53:19.4203148Z 231 | |     ConflictResolutionRuleRef,
2026-09-09T19:53:19.4204007Z 232 | |     "Referencia a una regla previamente constituida de resolución de conflicto entre comprobaciones."
2026-09-09T19:53:19.4204691Z 233 | | );
2026-09-09T19:53:19.4205011Z     | |_- in this macro invocation
2026-09-09T19:53:19.4205434Z     |
2026-09-09T19:53:19.4206086Z     = note: this warning originates in the macro `opaque_control_ref` (in Nightly builds, run with -Z macro-backtrace for more info)
2026-09-09T19:53:19.4207085Z 
2026-09-09T19:53:19.4207273Z warning: associated function `from_core_id` is never used
2026-09-09T19:53:19.4207843Z    --> sv_core/src/control.rs:155:27
2026-09-09T19:53:19.4208251Z     |
2026-09-09T19:53:19.4208579Z 141 |           impl $name {
2026-09-09T19:53:19.4209107Z     |           ---------- associated function in this implementation
2026-09-09T19:53:19.4209550Z ...
2026-09-09T19:53:19.4209967Z 155 |               pub(crate) fn from_core_id(id: ControlId) -> Self {
2026-09-09T19:53:19.4210484Z     |                             ^^^^^^^^^^^^
2026-09-09T19:53:19.4210877Z ...
2026-09-09T19:53:19.4211193Z 234 | / opaque_control_ref!(
2026-09-09T19:53:19.4211590Z 235 | |     CoverageRuleRef,
2026-09-09T19:53:19.4212253Z 236 | |     "Referencia a una regla previamente constituida de cobertura de comprobaciones exigibles."
2026-09-09T19:53:19.4212902Z 237 | | );
2026-09-09T19:53:19.4213235Z     | |_- in this macro invocation
2026-09-09T19:53:19.4213638Z     |
2026-09-09T19:53:19.4214286Z     = note: this warning originates in the macro `opaque_control_ref` (in Nightly builds, run with -Z macro-backtrace for more info)
2026-09-09T19:53:19.4214931Z 
2026-09-09T19:53:19.4215148Z warning: associated function `from_core_id` is never used
2026-09-09T19:53:19.4215652Z    --> sv_core/src/control.rs:155:27
2026-09-09T19:53:19.4216072Z     |
2026-09-09T19:53:19.4216389Z 141 |           impl $name {
2026-09-09T19:53:19.4216955Z     |           ---------- associated function in this implementation
2026-09-09T19:53:19.4217465Z ...
2026-09-09T19:53:19.4217879Z 155 |               pub(crate) fn from_core_id(id: ControlId) -> Self {
2026-09-09T19:53:19.4218350Z     |                             ^^^^^^^^^^^^
2026-09-09T19:53:19.4218787Z ...
2026-09-09T19:53:19.4219093Z 238 | / opaque_control_ref!(
2026-09-09T19:53:19.4219466Z 239 | |     ReuseRuleRef,
2026-09-09T19:53:19.4220294Z 240 | |     "Referencia a una regla previamente constituida de reutilización de resultados cualificados."
2026-09-09T19:53:19.4220986Z 241 | | );
2026-09-09T19:53:19.4221340Z     | |_- in this macro invocation
2026-09-09T19:53:19.4221706Z     |
2026-09-09T19:53:19.4222350Z     = note: this warning originates in the macro `opaque_control_ref` (in Nightly builds, run with -Z macro-backtrace for more info)
2026-09-09T19:53:19.4223029Z 
2026-09-09T19:53:19.4223240Z warning: associated function `from_core_id` is never used
2026-09-09T19:53:19.4223735Z    --> sv_core/src/control.rs:155:27
2026-09-09T19:53:19.4224143Z     |
2026-09-09T19:53:19.4224449Z 141 |           impl $name {
2026-09-09T19:53:19.4224931Z     |           ---------- associated function in this implementation
2026-09-09T19:53:19.4225434Z ...
2026-09-09T19:53:19.4225803Z 155 |               pub(crate) fn from_core_id(id: ControlId) -> Self {
2026-09-09T19:53:19.4226313Z     |                             ^^^^^^^^^^^^
2026-09-09T19:53:19.4226707Z ...
2026-09-09T19:53:19.4227216Z 242 | / opaque_control_ref!(
2026-09-09T19:53:19.4227669Z 243 | |     ReuseBindingKeyRef,
2026-09-09T19:53:19.4228555Z 244 | |     "Referencia a una dimensión constituida cuya continuidad puede ser exigible para reutilizar un resultado."
2026-09-09T19:53:19.4229550Z 245 | | );
2026-09-09T19:53:19.4229928Z     | |_- in this macro invocation
2026-09-09T19:53:19.4230289Z     |
2026-09-09T19:53:19.4231014Z     = note: this warning originates in the macro `opaque_control_ref` (in Nightly builds, run with -Z macro-backtrace for more info)
2026-09-09T19:53:19.4231608Z 
2026-09-09T19:53:19.4231855Z warning: associated function `from_core_id` is never used
2026-09-09T19:53:19.4232362Z    --> sv_core/src/control.rs:155:27
2026-09-09T19:53:19.4232753Z     |
2026-09-09T19:53:19.4233062Z 141 |           impl $name {
2026-09-09T19:53:19.4233568Z     |           ---------- associated function in this implementation
2026-09-09T19:53:19.4234090Z ...
2026-09-09T19:53:19.4234497Z 155 |               pub(crate) fn from_core_id(id: ControlId) -> Self {
2026-09-09T19:53:19.4234987Z     |                             ^^^^^^^^^^^^
2026-09-09T19:53:19.4235599Z ...
2026-09-09T19:53:19.4235929Z 246 | / opaque_control_ref!(
2026-09-09T19:53:19.4236333Z 247 | |     ReuseBindingValueRef,
2026-09-09T19:53:19.4237352Z 248 | |     "Referencia al valor constituido de una dimensión de reutilización; identificarlo no acredita su vigencia."
2026-09-09T19:53:19.4238187Z 249 | | );
2026-09-09T19:53:19.4238546Z     | |_- in this macro invocation
2026-09-09T19:53:19.4238983Z     |
2026-09-09T19:53:19.4239688Z     = note: this warning originates in the macro `opaque_control_ref` (in Nightly builds, run with -Z macro-backtrace for more info)
2026-09-09T19:53:19.4240326Z 
2026-09-09T19:53:19.4240522Z warning: constant `PROFILE_ID` is never used
2026-09-09T19:53:19.4241046Z  --> sv_core/src/identifier_profile.rs:6:18
2026-09-09T19:53:19.4241504Z   |
2026-09-09T19:53:19.4241944Z 6 | pub(crate) const PROFILE_ID: &str = "svp-grammar-0.2-lex-es-1";
2026-09-09T19:53:19.4242476Z   |                  ^^^^^^^^^^
2026-09-09T19:53:19.4242727Z 
2026-09-09T19:53:19.4242924Z warning: function `is_reserved_word` is never used
2026-09-09T19:53:19.4243500Z   --> sv_core/src/identifier_profile.rs:22:15
2026-09-09T19:53:19.4243939Z    |
2026-09-09T19:53:19.4244347Z 22 | pub(crate) fn is_reserved_word(word: &str) -> bool {
2026-09-09T19:53:19.4244839Z    |               ^^^^^^^^^^^^^^^^
2026-09-09T19:53:19.4245076Z 
2026-09-09T19:53:19.4245308Z warning: method `matches_descriptor` is never used
2026-09-09T19:53:19.4245842Z    --> sv_core/src/requirements_reuse.rs:121:19
2026-09-09T19:53:19.4246296Z     |
2026-09-09T19:53:19.4246580Z  44 | impl ReuseRule {
2026-09-09T19:53:19.4247159Z     | -------------- method in this implementation
2026-09-09T19:53:19.4247598Z ...
2026-09-09T19:53:19.4248189Z 121 |     pub(crate) fn matches_descriptor(&self, descriptor: &RequirementDescriptor) -> bool {
2026-09-09T19:53:19.4248820Z     |                   ^^^^^^^^^^^^^^^^^^
2026-09-09T19:53:19.4249057Z 
2026-09-09T19:53:19.4249504Z warning: hiding a lifetime that's elided elsewhere is confusing
2026-09-09T19:53:19.4250117Z     --> sv_core/src/frontend.rs:2146:13
2026-09-09T19:53:19.4250531Z      |
2026-09-09T19:53:19.4250866Z 2146 |     fn peek(&self) -> &Token {
2026-09-09T19:53:19.4251313Z      |             ^^^^^     ^^^^^^
2026-09-09T19:53:19.4251729Z      |             |         ||
2026-09-09T19:53:19.4252202Z      |             |         |the same lifetime is hidden here
2026-09-09T19:53:19.4252733Z      |             |         the same lifetime is elided here
2026-09-09T19:53:19.4253232Z      |             the lifetime is elided here
2026-09-09T19:53:19.4253691Z      |
2026-09-09T19:53:19.4254231Z      = help: the same lifetime is referred to in inconsistent ways, making the signature confusing
2026-09-09T19:53:19.4254999Z      = note: `#[warn(mismatched_lifetime_syntaxes)]` on by default
2026-09-09T19:53:19.4255515Z help: use `'_` for type paths
2026-09-09T19:53:19.4255877Z      |
2026-09-09T19:53:19.4256320Z 2146 |     fn peek(&self) -> &Token<'_> {
2026-09-09T19:53:19.4256909Z      |                             ++++
2026-09-09T19:53:19.4257135Z 
2026-09-09T19:53:25.3999918Z warning: `sv_core` (lib) generated 25 warnings (run `cargo fix --lib -p sv_core` to apply 1 suggestion)
2026-09-09T19:53:25.4000935Z    Compiling sv_native v0.1.0 (/home/runner/work/SV-lenguaje-de-computacion/SV-lenguaje-de-computacion/rust/sv_native)
2026-09-09T19:53:25.5948902Z     Finished `release` profile [optimized] target(s) in 6.86s
2026-09-09T19:53:25.5991707Z ##[group]Run cargo build --manifest-path rust/Cargo.toml --release -p sv_native --target wasm32-wasip1
2026-09-09T19:53:25.5992388Z [36;1mcargo build --manifest-path rust/Cargo.toml --release -p sv_native --target wasm32-wasip1[0m
2026-09-09T19:53:25.5992924Z [36;1mtest -f rust/target/wasm32-wasip1/release/sv-native.wasm[0m
2026-09-09T19:53:25.6013393Z shell: /usr/bin/bash -e {0}
2026-09-09T19:53:25.6013732Z ##[endgroup]
2026-09-09T19:53:25.6261063Z    Compiling sv_core v0.1.0 (/home/runner/work/SV-lenguaje-de-computacion/SV-lenguaje-de-computacion/rust/sv_core)
2026-09-09T19:53:26.2980884Z warning: associated function `from_core_id` is never used
2026-09-09T19:53:26.2981628Z    --> sv_core/src/control.rs:155:27
2026-09-09T19:53:26.2982117Z     |
2026-09-09T19:53:26.2982458Z 141 |           impl $name {
2026-09-09T19:53:26.2982947Z     |           ---------- associated function in this implementation
2026-09-09T19:53:26.2983453Z ...
2026-09-09T19:53:26.2984050Z 155 |               pub(crate) fn from_core_id(id: ControlId) -> Self {
2026-09-09T19:53:26.2984609Z     |                             ^^^^^^^^^^^^
2026-09-09T19:53:26.2985050Z ...
2026-09-09T19:53:26.2985374Z 162 | / opaque_control_ref!(
2026-09-09T19:53:26.2985785Z 163 | |     InformationRef,
2026-09-09T19:53:26.2986725Z 164 | |     "Referencia nominal a información dentro del dominio de control."
2026-09-09T19:53:26.2987432Z 165 | | );
2026-09-09T19:53:26.2987795Z     | |_- in this macro invocation
2026-09-09T19:53:26.2988153Z     |
2026-09-09T19:53:26.2988569Z     = note: `#[warn(dead_code)]` (part of `#[warn(unused)]`) on by default
2026-09-09T19:53:26.2989561Z     = note: this warning originates in the macro `opaque_control_ref` (in Nightly builds, run with -Z macro-backtrace for more info)
2026-09-09T19:53:26.2990190Z 
2026-09-09T19:53:26.2990447Z warning: associated function `from_core_id` is never used
2026-09-09T19:53:26.2990998Z    --> sv_core/src/control.rs:155:27
2026-09-09T19:53:26.2991413Z     |
2026-09-09T19:53:26.2991785Z 141 |           impl $name {
2026-09-09T19:53:26.2992271Z     |           ---------- associated function in this implementation
2026-09-09T19:53:26.2994121Z ...
2026-09-09T19:53:26.2994531Z 155 |               pub(crate) fn from_core_id(id: ControlId) -> Self {
2026-09-09T19:53:26.2995034Z     |                             ^^^^^^^^^^^^
2026-09-09T19:53:26.2995538Z ...
2026-09-09T19:53:26.2995858Z 166 | / opaque_control_ref!(
2026-09-09T19:53:26.2996282Z 167 | |     AdmittedEvidenceRef,
2026-09-09T19:53:26.2997238Z 168 | |     "Referencia a evidencia cuya admisión debe proceder de una verificación gobernada."
2026-09-09T19:53:26.2997911Z 169 | | );
2026-09-09T19:53:26.2998292Z     | |_- in this macro invocation
2026-09-09T19:53:26.2998692Z     |
2026-09-09T19:53:26.2999350Z     = note: this warning originates in the macro `opaque_control_ref` (in Nightly builds, run with -Z macro-backtrace for more info)
2026-09-09T19:53:26.2999975Z 
2026-09-09T19:53:26.3000235Z warning: associated function `from_core_id` is never used
2026-09-09T19:53:26.3000724Z    --> sv_core/src/control.rs:155:27
2026-09-09T19:53:26.3001151Z     |
2026-09-09T19:53:26.3001453Z 141 |           impl $name {
2026-09-09T19:53:26.3001917Z     |           ---------- associated function in this implementation
2026-09-09T19:53:26.3002330Z ...
2026-09-09T19:53:26.3002718Z 155 |               pub(crate) fn from_core_id(id: ControlId) -> Self {
2026-09-09T19:53:26.3003237Z     |                             ^^^^^^^^^^^^
2026-09-09T19:53:26.3003684Z ...
2026-09-09T19:53:26.3004006Z 170 | / opaque_control_ref!(
2026-09-09T19:53:26.3004404Z 171 | |     ConstitutedFactRef,
2026-09-09T19:53:26.3005157Z 172 | |     "Referencia a un hecho semántico constituido; no equivale a autoridad."
2026-09-09T19:53:26.3005734Z 173 | | );
2026-09-09T19:53:26.3006040Z     | |_- in this macro invocation
2026-09-09T19:53:26.3006455Z     |
2026-09-09T19:53:26.3008282Z     = note: this warning originates in the macro `opaque_control_ref` (in Nightly builds, run with -Z macro-backtrace for more info)
2026-09-09T19:53:26.3008961Z 
2026-09-09T19:53:26.3009225Z warning: associated function `from_core_id` is never used
2026-09-09T19:53:26.3009755Z    --> sv_core/src/control.rs:155:27
2026-09-09T19:53:26.3010153Z     |
2026-09-09T19:53:26.3010476Z 141 |           impl $name {
2026-09-09T19:53:26.3010912Z     |           ---------- associated function in this implementation
2026-09-09T19:53:26.3011413Z ...
2026-09-09T19:53:26.3011791Z 155 |               pub(crate) fn from_core_id(id: ControlId) -> Self {
2026-09-09T19:53:26.3012407Z     |                             ^^^^^^^^^^^^
2026-09-09T19:53:26.3012824Z ...
2026-09-09T19:53:26.3013128Z 174 | / opaque_control_ref!(
2026-09-09T19:53:26.3013573Z 175 | |     AuthorityRef,
2026-09-09T19:53:26.3014344Z 176 | |     "Referencia a autoridad constituida; su constructor no forma parte de la API pública."
2026-09-09T19:53:26.3014979Z 177 | | );
2026-09-09T19:53:26.3015348Z     | |_- in this macro invocation
2026-09-09T19:53:26.3015755Z     |
2026-09-09T19:53:26.3016442Z     = note: this warning originates in the macro `opaque_control_ref` (in Nightly builds, run with -Z macro-backtrace for more info)
2026-09-09T19:53:26.3017550Z 
2026-09-09T19:53:26.3017755Z warning: associated function `from_core_id` is never used
2026-09-09T19:53:26.3018253Z    --> sv_core/src/control.rs:155:27
2026-09-09T19:53:26.3018676Z     |
2026-09-09T19:53:26.3019023Z 141 |           impl $name {
2026-09-09T19:53:26.3019512Z     |           ---------- associated function in this implementation
2026-09-09T19:53:26.3020009Z ...
2026-09-09T19:53:26.3020400Z 155 |               pub(crate) fn from_core_id(id: ControlId) -> Self {
2026-09-09T19:53:26.3020932Z     |                             ^^^^^^^^^^^^
2026-09-09T19:53:26.3021333Z ...
2026-09-09T19:53:26.3021647Z 178 | / opaque_control_ref!(
2026-09-09T19:53:26.3022054Z 179 | |     EnablementRef,
2026-09-09T19:53:26.3022801Z 180 | |     "Referencia a una habilitación de autoridad ya existente; no amplía autoridad."
2026-09-09T19:53:26.3023459Z 181 | | );
2026-09-09T19:53:26.3023774Z     | |_- in this macro invocation
2026-09-09T19:53:26.3024172Z     |
2026-09-09T19:53:26.3024893Z     = note: this warning originates in the macro `opaque_control_ref` (in Nightly builds, run with -Z macro-backtrace for more info)
2026-09-09T19:53:26.3025544Z 
2026-09-09T19:53:26.3025901Z warning: associated function `from_core_id` is never used
2026-09-09T19:53:26.3026420Z    --> sv_core/src/control.rs:155:27
2026-09-09T19:53:26.3026960Z     |
2026-09-09T19:53:26.3027290Z 141 |           impl $name {
2026-09-09T19:53:26.3027827Z     |           ---------- associated function in this implementation
2026-09-09T19:53:26.3028286Z ...
2026-09-09T19:53:26.3028689Z 155 |               pub(crate) fn from_core_id(id: ControlId) -> Self {
2026-09-09T19:53:26.3029209Z     |                             ^^^^^^^^^^^^
2026-09-09T19:53:26.3029584Z ...
2026-09-09T19:53:26.3029932Z 186 | / opaque_control_ref!(
2026-09-09T19:53:26.3030304Z 187 | |     FormRef,
2026-09-09T19:53:26.3030853Z 188 | |     "Referencia a una forma de transición constituida."
2026-09-09T19:53:26.3031337Z 189 | | );
2026-09-09T19:53:26.3031683Z     | |_- in this macro invocation
2026-09-09T19:53:26.3032111Z     |
2026-09-09T19:53:26.3032771Z     = note: this warning originates in the macro `opaque_control_ref` (in Nightly builds, run with -Z macro-backtrace for more info)
2026-09-09T19:53:26.3033359Z 
2026-09-09T19:53:26.3033599Z warning: associated function `from_core_id` is never used
2026-09-09T19:53:26.3034126Z    --> sv_core/src/control.rs:155:27
2026-09-09T19:53:26.3034516Z     |
2026-09-09T19:53:26.3034843Z 141 |           impl $name {
2026-09-09T19:53:26.3035278Z     |           ---------- associated function in this implementation
2026-09-09T19:53:26.3035710Z ...
2026-09-09T19:53:26.3036181Z 155 |               pub(crate) fn from_core_id(id: ControlId) -> Self {
2026-09-09T19:53:26.3036674Z     |                             ^^^^^^^^^^^^
2026-09-09T19:53:26.3037225Z ...
2026-09-09T19:53:26.3037734Z 190 | / opaque_control_ref!(
2026-09-09T19:53:26.3038095Z 191 | |     EffectFamilyRef,
2026-09-09T19:53:26.3038775Z 192 | |     "Referencia a una familia de efectos fijada por constitución."
2026-09-09T19:53:26.3039311Z 193 | | );
2026-09-09T19:53:26.3039642Z     | |_- in this macro invocation
2026-09-09T19:53:26.3040033Z     |
2026-09-09T19:53:26.3040713Z     = note: this warning originates in the macro `opaque_control_ref` (in Nightly builds, run with -Z macro-backtrace for more info)
2026-09-09T19:53:26.3041326Z 
2026-09-09T19:53:26.3041738Z warning: associated function `from_core_id` is never used
2026-09-09T19:53:26.3042235Z    --> sv_core/src/control.rs:155:27
2026-09-09T19:53:26.3042627Z     |
2026-09-09T19:53:26.3042944Z 141 |           impl $name {
2026-09-09T19:53:26.3043385Z     |           ---------- associated function in this implementation
2026-09-09T19:53:26.3043897Z ...
2026-09-09T19:53:26.3044277Z 155 |               pub(crate) fn from_core_id(id: ControlId) -> Self {
2026-09-09T19:53:26.3044751Z     |                             ^^^^^^^^^^^^
2026-09-09T19:53:26.3045234Z ...
2026-09-09T19:53:26.3045547Z 194 | / opaque_control_ref!(
2026-09-09T19:53:26.3045967Z 195 | |     EffectRef,
2026-09-09T19:53:26.3046494Z 196 | |     "Referencia a un efecto concreto; identificarlo no equivale a autorizarlo."
2026-09-09T19:53:26.3047529Z 197 | | );
2026-09-09T19:53:26.3047900Z     | |_- in this macro invocation
2026-09-09T19:53:26.3048277Z     |
2026-09-09T19:53:26.3049005Z     = note: this warning originates in the macro `opaque_control_ref` (in Nightly builds, run with -Z macro-backtrace for more info)
2026-09-09T19:53:26.3049664Z 
2026-09-09T19:53:26.3049923Z warning: associated function `from_core_id` is never used
2026-09-09T19:53:26.3050414Z    --> sv_core/src/control.rs:155:27
2026-09-09T19:53:26.3050850Z     |
2026-09-09T19:53:26.3051168Z 141 |           impl $name {
2026-09-09T19:53:26.3051664Z     |           ---------- associated function in this implementation
2026-09-09T19:53:26.3052167Z ...
2026-09-09T19:53:26.3052554Z 155 |               pub(crate) fn from_core_id(id: ControlId) -> Self {
2026-09-09T19:53:26.3053063Z     |                             ^^^^^^^^^^^^
2026-09-09T19:53:26.3053442Z ...
2026-09-09T19:53:26.3053757Z 198 | / opaque_control_ref!(
2026-09-09T19:53:26.3054207Z 199 | |     ContextRef,
2026-09-09T19:53:26.3054722Z 200 | |     "Referencia a una ligadura de contexto relevante para autoridad o forma."
2026-09-09T19:53:26.3055323Z 201 | | );
2026-09-09T19:53:26.3055650Z     | |_- in this macro invocation
2026-09-09T19:53:26.3056038Z     |
2026-09-09T19:53:26.3056726Z     = note: this warning originates in the macro `opaque_control_ref` (in Nightly builds, run with -Z macro-backtrace for more info)
2026-09-09T19:53:26.3057475Z 
2026-09-09T19:53:26.3057682Z warning: associated function `from_core_id` is never used
2026-09-09T19:53:26.3058177Z    --> sv_core/src/control.rs:155:27
2026-09-09T19:53:26.3058645Z     |
2026-09-09T19:53:26.3058944Z 141 |           impl $name {
2026-09-09T19:53:26.3059420Z     |           ---------- associated function in this implementation
2026-09-09T19:53:26.3059868Z ...
2026-09-09T19:53:26.3060227Z 155 |               pub(crate) fn from_core_id(id: ControlId) -> Self {
2026-09-09T19:53:26.3060680Z     |                             ^^^^^^^^^^^^
2026-09-09T19:53:26.3061074Z ...
2026-09-09T19:53:26.3201587Z 202 | / opaque_control_ref!(
2026-09-09T19:53:26.3201911Z 203 | |     AuthorityHolderRef,
2026-09-09T19:53:26.3202505Z 204 | |     "Referencia al titular de una autoridad; no constituye autoridad por sí misma."
2026-09-09T19:53:26.3203051Z 205 | | );
2026-09-09T19:53:26.3203314Z     | |_- in this macro invocation
2026-09-09T19:53:26.3203608Z     |
2026-09-09T19:53:26.3204151Z     = note: this warning originates in the macro `opaque_control_ref` (in Nightly builds, run with -Z macro-backtrace for more info)
2026-09-09T19:53:26.3204637Z 
2026-09-09T19:53:26.3204833Z warning: associated function `from_core_id` is never used
2026-09-09T19:53:26.3205433Z    --> sv_core/src/control.rs:155:27
2026-09-09T19:53:26.3205752Z     |
2026-09-09T19:53:26.3205988Z 141 |           impl $name {
2026-09-09T19:53:26.3206367Z     |           ---------- associated function in this implementation
2026-09-09T19:53:26.3206730Z ...
2026-09-09T19:53:26.3207180Z 155 |               pub(crate) fn from_core_id(id: ControlId) -> Self {
2026-09-09T19:53:26.3207548Z     |                             ^^^^^^^^^^^^
2026-09-09T19:53:26.3207848Z ...
2026-09-09T19:53:26.3208074Z 206 | / opaque_control_ref!(
2026-09-09T19:53:26.3208490Z 207 | |     GovernedObjectRef,
2026-09-09T19:53:26.3208928Z 208 | |     "Referencia a un objeto candidato a pertenecer al dominio gobernado D_a."
2026-09-09T19:53:26.3209389Z 209 | | );
2026-09-09T19:53:26.3209634Z     | |_- in this macro invocation
2026-09-09T19:53:26.3209915Z     |
2026-09-09T19:53:26.3210486Z     = note: this warning originates in the macro `opaque_control_ref` (in Nightly builds, run with -Z macro-backtrace for more info)
2026-09-09T19:53:26.3211035Z 
2026-09-09T19:53:26.3211259Z warning: associated function `from_core_id` is never used
2026-09-09T19:53:26.3211678Z    --> sv_core/src/control.rs:155:27
2026-09-09T19:53:26.3211974Z     |
2026-09-09T19:53:26.3212201Z 141 |           impl $name {
2026-09-09T19:53:26.3212576Z     |           ---------- associated function in this implementation
2026-09-09T19:53:26.3212960Z ...
2026-09-09T19:53:26.3213266Z 155 |               pub(crate) fn from_core_id(id: ControlId) -> Self {
2026-09-09T19:53:26.3213696Z     |                             ^^^^^^^^^^^^
2026-09-09T19:53:26.3214013Z ...
2026-09-09T19:53:26.3214256Z 210 | / opaque_control_ref!(
2026-09-09T19:53:26.3214557Z 211 | |     AccumulationRuleRef,
2026-09-09T19:53:26.3215248Z 212 | |     "Referencia a una regla gobernada de acumulación o a un predicado de traza."
2026-09-09T19:53:26.3215707Z 213 | | );
2026-09-09T19:53:26.3215938Z     | |_- in this macro invocation
2026-09-09T19:53:26.3216244Z     |
2026-09-09T19:53:26.3217232Z     = note: this warning originates in the macro `opaque_control_ref` (in Nightly builds, run with -Z macro-backtrace for more info)
2026-09-09T19:53:26.3217792Z 
2026-09-09T19:53:26.3217979Z warning: associated function `from_core_id` is never used
2026-09-09T19:53:26.3218392Z    --> sv_core/src/control.rs:155:27
2026-09-09T19:53:26.3218701Z     |
2026-09-09T19:53:26.3218931Z 141 |           impl $name {
2026-09-09T19:53:26.3219310Z     |           ---------- associated function in this implementation
2026-09-09T19:53:26.3219706Z ...
2026-09-09T19:53:26.3220002Z 155 |               pub(crate) fn from_core_id(id: ControlId) -> Self {
2026-09-09T19:53:26.3220422Z     |                             ^^^^^^^^^^^^
2026-09-09T19:53:26.3220727Z ...
2026-09-09T19:53:26.3220973Z 214 | / opaque_control_ref!(
2026-09-09T19:53:26.3221279Z 215 | |     RequirementRef,
2026-09-09T19:53:26.3221943Z 216 | |     "Referencia a una obligación de Req; identificarla no acredita su cumplimiento."
2026-09-09T19:53:26.3222467Z 217 | | );
2026-09-09T19:53:26.3222728Z     | |_- in this macro invocation
2026-09-09T19:53:26.3223035Z     |
2026-09-09T19:53:26.3223604Z     = note: this warning originates in the macro `opaque_control_ref` (in Nightly builds, run with -Z macro-backtrace for more info)
2026-09-09T19:53:26.3224143Z 
2026-09-09T19:53:26.3224334Z warning: associated function `from_core_id` is never used
2026-09-09T19:53:26.3224749Z    --> sv_core/src/control.rs:155:27
2026-09-09T19:53:26.3225068Z     |
2026-09-09T19:53:26.3225304Z 141 |           impl $name {
2026-09-09T19:53:26.3225683Z     |           ---------- associated function in this implementation
2026-09-09T19:53:26.3226082Z ...
2026-09-09T19:53:26.3226400Z 155 |               pub(crate) fn from_core_id(id: ControlId) -> Self {
2026-09-09T19:53:26.3226985Z     |                             ^^^^^^^^^^^^
2026-09-09T19:53:26.3227295Z ...
2026-09-09T19:53:26.3227515Z 218 | / opaque_control_ref!(
2026-09-09T19:53:26.3227785Z 219 | |     VerifierRef,
2026-09-09T19:53:26.3228478Z 220 | |     "Referencia a un verificador concreto; su mera existencia no acredita aplicabilidad."
2026-09-09T19:53:26.3229034Z 221 | | );
2026-09-09T19:53:26.3229540Z     | |_- in this macro invocation
2026-09-09T19:53:26.3230039Z     |
2026-09-09T19:53:26.3230576Z     = note: this warning originates in the macro `opaque_control_ref` (in Nightly builds, run with -Z macro-backtrace for more info)
2026-09-09T19:53:26.3231089Z 
2026-09-09T19:53:26.3231257Z warning: associated function `from_core_id` is never used
2026-09-09T19:53:26.3231642Z    --> sv_core/src/control.rs:155:27
2026-09-09T19:53:26.3232086Z     |
2026-09-09T19:53:26.3232319Z 141 |           impl $name {
2026-09-09T19:53:26.3232682Z     |           ---------- associated function in this implementation
2026-09-09T19:53:26.3233027Z ...
2026-09-09T19:53:26.3233292Z 155 |               pub(crate) fn from_core_id(id: ControlId) -> Self {
2026-09-09T19:53:26.3233678Z     |                             ^^^^^^^^^^^^
2026-09-09T19:53:26.3234048Z ...
2026-09-09T19:53:26.3234273Z 222 | / opaque_control_ref!(
2026-09-09T19:53:26.3234570Z 223 | |     VerifierFamilyRef,
2026-09-09T19:53:26.3235152Z 224 | |     "Referencia a una familia de verificadores admisibles para una obligación."
2026-09-09T19:53:26.3235658Z 225 | | );
2026-09-09T19:53:26.3235892Z     | |_- in this macro invocation
2026-09-09T19:53:26.3236167Z     |
2026-09-09T19:53:26.3236738Z     = note: this warning originates in the macro `opaque_control_ref` (in Nightly builds, run with -Z macro-backtrace for more info)
2026-09-09T19:53:26.3237556Z 
2026-09-09T19:53:26.3237769Z warning: associated function `from_core_id` is never used
2026-09-09T19:53:26.3238184Z    --> sv_core/src/control.rs:155:27
2026-09-09T19:53:26.3238497Z     |
2026-09-09T19:53:26.3238730Z 141 |           impl $name {
2026-09-09T19:53:26.3239102Z     |           ---------- associated function in this implementation
2026-09-09T19:53:26.3239504Z ...
2026-09-09T19:53:26.3239843Z 155 |               pub(crate) fn from_core_id(id: ControlId) -> Self {
2026-09-09T19:53:26.3240243Z     |                             ^^^^^^^^^^^^
2026-09-09T19:53:26.3240551Z ...
2026-09-09T19:53:26.3240793Z 226 | / opaque_control_ref!(
2026-09-09T19:53:26.3241111Z 227 | |     ApplicabilityRuleRef,
2026-09-09T19:53:26.3241792Z 228 | |     "Referencia a una regla previamente constituida de aplicabilidad de comprobación."
2026-09-09T19:53:26.3242333Z 229 | | );
2026-09-09T19:53:26.3242567Z     | |_- in this macro invocation
2026-09-09T19:53:26.3242860Z     |
2026-09-09T19:53:26.3243456Z     = note: this warning originates in the macro `opaque_control_ref` (in Nightly builds, run with -Z macro-backtrace for more info)
2026-09-09T19:53:26.3244009Z 
2026-09-09T19:53:26.3244193Z warning: associated function `from_core_id` is never used
2026-09-09T19:53:26.3244568Z    --> sv_core/src/control.rs:155:27
2026-09-09T19:53:26.3244845Z     |
2026-09-09T19:53:26.3245073Z 141 |           impl $name {
2026-09-09T19:53:26.3245497Z     |           ---------- associated function in this implementation
2026-09-09T19:53:26.3245877Z ...
2026-09-09T19:53:26.3246199Z 155 |               pub(crate) fn from_core_id(id: ControlId) -> Self {
2026-09-09T19:53:26.3246618Z     |                             ^^^^^^^^^^^^
2026-09-09T19:53:26.3247502Z ...
2026-09-09T19:53:26.3247755Z 230 | / opaque_control_ref!(
2026-09-09T19:53:26.3248088Z 231 | |     ConflictResolutionRuleRef,
2026-09-09T19:53:26.3248831Z 232 | |     "Referencia a una regla previamente constituida de resolución de conflicto entre comprobaciones."
2026-09-09T19:53:26.3249406Z 233 | | );
2026-09-09T19:53:26.3249636Z     | |_- in this macro invocation
2026-09-09T19:53:26.3249927Z     |
2026-09-09T19:53:26.3250453Z     = note: this warning originates in the macro `opaque_control_ref` (in Nightly builds, run with -Z macro-backtrace for more info)
2026-09-09T19:53:26.3250835Z 
2026-09-09T19:53:26.3250963Z warning: associated function `from_core_id` is never used
2026-09-09T19:53:26.3251244Z    --> sv_core/src/control.rs:155:27
2026-09-09T19:53:26.3251621Z     |
2026-09-09T19:53:26.3251804Z 141 |           impl $name {
2026-09-09T19:53:26.3252053Z     |           ---------- associated function in this implementation
2026-09-09T19:53:26.3252313Z ...
2026-09-09T19:53:26.3252530Z 155 |               pub(crate) fn from_core_id(id: ControlId) -> Self {
2026-09-09T19:53:26.3252814Z     |                             ^^^^^^^^^^^^
2026-09-09T19:53:26.3253025Z ...
2026-09-09T19:53:26.3253191Z 234 | / opaque_control_ref!(
2026-09-09T19:53:26.3253397Z 235 | |     CoverageRuleRef,
2026-09-09T19:53:26.3253745Z 236 | |     "Referencia a una regla previamente constituida de cobertura de comprobaciones exigibles."
2026-09-09T19:53:26.3254166Z 237 | | );
2026-09-09T19:53:26.3254352Z     | |_- in this macro invocation
2026-09-09T19:53:26.3254559Z     |
2026-09-09T19:53:26.3254940Z     = note: this warning originates in the macro `opaque_control_ref` (in Nightly builds, run with -Z macro-backtrace for more info)
2026-09-09T19:53:26.3255297Z 
2026-09-09T19:53:26.3255440Z warning: associated function `from_core_id` is never used
2026-09-09T19:53:26.3255708Z    --> sv_core/src/control.rs:155:27
2026-09-09T19:53:26.3255918Z     |
2026-09-09T19:53:26.3256073Z 141 |           impl $name {
2026-09-09T19:53:26.3256314Z     |           ---------- associated function in this implementation
2026-09-09T19:53:26.3256568Z ...
2026-09-09T19:53:26.3257049Z 155 |               pub(crate) fn from_core_id(id: ControlId) -> Self {
2026-09-09T19:53:26.3257348Z     |                             ^^^^^^^^^^^^
2026-09-09T19:53:26.3257559Z ...
2026-09-09T19:53:26.3257728Z 238 | / opaque_control_ref!(
2026-09-09T19:53:26.3257930Z 239 | |     ReuseRuleRef,
2026-09-09T19:53:26.3258379Z 240 | |     "Referencia a una regla previamente constituida de reutilización de resultados cualificados."
2026-09-09T19:53:26.3258741Z 241 | | );
2026-09-09T19:53:26.3258911Z     | |_- in this macro invocation
2026-09-09T19:53:26.3259105Z     |
2026-09-09T19:53:26.3259478Z     = note: this warning originates in the macro `opaque_control_ref` (in Nightly builds, run with -Z macro-backtrace for more info)
2026-09-09T19:53:26.3259839Z 
2026-09-09T19:53:26.3259957Z warning: associated function `from_core_id` is never used
2026-09-09T19:53:26.3260215Z    --> sv_core/src/control.rs:155:27
2026-09-09T19:53:26.3260411Z     |
2026-09-09T19:53:26.3260560Z 141 |           impl $name {
2026-09-09T19:53:26.3260785Z     |           ---------- associated function in this implementation
2026-09-09T19:53:26.3261029Z ...
2026-09-09T19:53:26.3261222Z 155 |               pub(crate) fn from_core_id(id: ControlId) -> Self {
2026-09-09T19:53:26.3261487Z     |                             ^^^^^^^^^^^^
2026-09-09T19:53:26.3261693Z ...
2026-09-09T19:53:26.3261837Z 242 | / opaque_control_ref!(
2026-09-09T19:53:26.3262029Z 243 | |     ReuseBindingKeyRef,
2026-09-09T19:53:26.3262500Z 244 | |     "Referencia a una dimensión constituida cuya continuidad puede ser exigible para reutilizar un resultado."
2026-09-09T19:53:26.3262896Z 245 | | );
2026-09-09T19:53:26.3263059Z     | |_- in this macro invocation
2026-09-09T19:53:26.3263246Z     |
2026-09-09T19:53:26.3263593Z     = note: this warning originates in the macro `opaque_control_ref` (in Nightly builds, run with -Z macro-backtrace for more info)
2026-09-09T19:53:26.3263946Z 
2026-09-09T19:53:26.3264062Z warning: associated function `from_core_id` is never used
2026-09-09T19:53:26.3264312Z    --> sv_core/src/control.rs:155:27
2026-09-09T19:53:26.3264508Z     |
2026-09-09T19:53:26.3264649Z 141 |           impl $name {
2026-09-09T19:53:26.3264878Z     |           ---------- associated function in this implementation
2026-09-09T19:53:26.3265138Z ...
2026-09-09T19:53:26.3265329Z 155 |               pub(crate) fn from_core_id(id: ControlId) -> Self {
2026-09-09T19:53:26.3265592Z     |                             ^^^^^^^^^^^^
2026-09-09T19:53:26.3265798Z ...
2026-09-09T19:53:26.3265952Z 246 | / opaque_control_ref!(
2026-09-09T19:53:26.3266157Z 247 | |     ReuseBindingValueRef,
2026-09-09T19:53:26.3266691Z 248 | |     "Referencia al valor constituido de una dimensión de reutilización; identificarlo no acredita su vigencia."
2026-09-09T19:53:26.3267220Z 249 | | );
2026-09-09T19:53:26.3267380Z     | |_- in this macro invocation
2026-09-09T19:53:26.3267566Z     |
2026-09-09T19:53:26.3267924Z     = note: this warning originates in the macro `opaque_control_ref` (in Nightly builds, run with -Z macro-backtrace for more info)
2026-09-09T19:53:26.3268268Z 
2026-09-09T19:53:26.3268378Z warning: constant `PROFILE_ID` is never used
2026-09-09T19:53:26.3268632Z  --> sv_core/src/identifier_profile.rs:6:18
2026-09-09T19:53:26.3268925Z   |
2026-09-09T19:53:26.3269155Z 6 | pub(crate) const PROFILE_ID: &str = "svp-grammar-0.2-lex-es-1";
2026-09-09T19:53:26.3269480Z   |                  ^^^^^^^^^^
2026-09-09T19:53:26.3269610Z 
2026-09-09T19:53:26.3269712Z warning: function `is_reserved_word` is never used
2026-09-09T19:53:26.3269976Z   --> sv_core/src/identifier_profile.rs:22:15
2026-09-09T19:53:26.3270200Z    |
2026-09-09T19:53:26.3270407Z 22 | pub(crate) fn is_reserved_word(word: &str) -> bool {
2026-09-09T19:53:26.3270648Z    |               ^^^^^^^^^^^^^^^^
2026-09-09T19:53:26.3270775Z 
2026-09-09T19:53:26.3270881Z warning: method `matches_descriptor` is never used
2026-09-09T19:53:26.3271141Z    --> sv_core/src/requirements_reuse.rs:121:19
2026-09-09T19:53:26.3271368Z     |
2026-09-09T19:53:26.3271529Z  44 | impl ReuseRule {
2026-09-09T19:53:26.3271739Z     | -------------- method in this implementation
2026-09-09T19:53:26.3271959Z ...
2026-09-09T19:53:26.3272233Z 121 |     pub(crate) fn matches_descriptor(&self, descriptor: &RequirementDescriptor) -> bool {
2026-09-09T19:53:26.3272578Z     |                   ^^^^^^^^^^^^^^^^^^
2026-09-09T19:53:26.3272723Z 
2026-09-09T19:53:26.3272890Z warning: hiding a lifetime that's elided elsewhere is confusing
2026-09-09T19:53:26.3273170Z     --> sv_core/src/frontend.rs:2146:13
2026-09-09T19:53:26.3273376Z      |
2026-09-09T19:53:26.3273537Z 2146 |     fn peek(&self) -> &Token {
2026-09-09T19:53:26.3273744Z      |             ^^^^^     ^^^^^^
2026-09-09T19:53:26.3273932Z      |             |         ||
2026-09-09T19:53:26.3274146Z      |             |         |the same lifetime is hidden here
2026-09-09T19:53:26.3274399Z      |             |         the same lifetime is elided here
2026-09-09T19:53:26.3274647Z      |             the lifetime is elided here
2026-09-09T19:53:26.3274861Z      |
2026-09-09T19:53:26.3275148Z      = help: the same lifetime is referred to in inconsistent ways, making the signature confusing
2026-09-09T19:53:26.3275547Z      = note: `#[warn(mismatched_lifetime_syntaxes)]` on by default
2026-09-09T19:53:26.3275818Z help: use `'_` for type paths
2026-09-09T19:53:26.3276000Z      |
2026-09-09T19:53:26.3276162Z 2146 |     fn peek(&self) -> &Token<'_> {
2026-09-09T19:53:26.3276374Z      |                             ++++
2026-09-09T19:53:26.3276506Z 
2026-09-09T19:53:31.0857967Z warning: `sv_core` (lib) generated 25 warnings (run `cargo fix --lib -p sv_core` to apply 1 suggestion)
2026-09-09T19:53:31.0858904Z    Compiling sv_native v0.1.0 (/home/runner/work/SV-lenguaje-de-computacion/SV-lenguaje-de-computacion/rust/sv_native)
2026-09-09T19:53:31.3078800Z     Finished `release` profile [optimized] target(s) in 5.69s
2026-09-09T19:53:31.3125932Z ##[group]Run cargo build --manifest-path rust/Cargo.toml --release -p sv_wasm --target wasm32-unknown-unknown
2026-09-09T19:53:31.3126567Z [36;1mcargo build --manifest-path rust/Cargo.toml --release -p sv_wasm --target wasm32-unknown-unknown[0m
2026-09-09T19:53:31.3127329Z [36;1mtest -f rust/target/wasm32-unknown-unknown/release/sv_wasm.wasm[0m
2026-09-09T19:53:31.3147469Z shell: /usr/bin/bash -e {0}
2026-09-09T19:53:31.3147714Z ##[endgroup]
2026-09-09T19:53:31.3394148Z    Compiling sv_core v0.1.0 (/home/runner/work/SV-lenguaje-de-computacion/SV-lenguaje-de-computacion/rust/sv_core)
2026-09-09T19:53:32.0044883Z warning: associated function `from_core_id` is never used
2026-09-09T19:53:32.0046355Z    --> sv_core/src/control.rs:155:27
2026-09-09T19:53:32.0046741Z     |
2026-09-09T19:53:32.0047138Z 141 |           impl $name {
2026-09-09T19:53:32.0047546Z     |           ---------- associated function in this implementation
2026-09-09T19:53:32.0047951Z ...
2026-09-09T19:53:32.0048353Z 155 |               pub(crate) fn from_core_id(id: ControlId) -> Self {
2026-09-09T19:53:32.0048788Z     |                             ^^^^^^^^^^^^
2026-09-09T19:53:32.0049118Z ...
2026-09-09T19:53:32.0049381Z 162 | / opaque_control_ref!(
2026-09-09T19:53:32.0049690Z 163 | |     InformationRef,
2026-09-09T19:53:32.0050609Z 164 | |     "Referencia nominal a información dentro del dominio de control."
2026-09-09T19:53:32.0051096Z 165 | | );
2026-09-09T19:53:32.0051358Z     | |_- in this macro invocation
2026-09-09T19:53:32.0051669Z     |
2026-09-09T19:53:32.0052012Z     = note: `#[warn(dead_code)]` (part of `#[warn(unused)]`) on by default
2026-09-09T19:53:32.0052836Z     = note: this warning originates in the macro `opaque_control_ref` (in Nightly builds, run with -Z macro-backtrace for more info)
2026-09-09T19:53:32.0053443Z 
2026-09-09T19:53:32.0053632Z warning: associated function `from_core_id` is never used
2026-09-09T19:53:32.0054133Z    --> sv_core/src/control.rs:155:27
2026-09-09T19:53:32.0054464Z     |
2026-09-09T19:53:32.0054683Z 141 |           impl $name {
2026-09-09T19:53:32.0054944Z     |           ---------- associated function in this implementation
2026-09-09T19:53:32.0055197Z ...
2026-09-09T19:53:32.0055408Z 155 |               pub(crate) fn from_core_id(id: ControlId) -> Self {
2026-09-09T19:53:32.0055685Z     |                             ^^^^^^^^^^^^
2026-09-09T19:53:32.0055899Z ...
2026-09-09T19:53:32.0056062Z 166 | / opaque_control_ref!(
2026-09-09T19:53:32.0056270Z 167 | |     AdmittedEvidenceRef,
2026-09-09T19:53:32.0056911Z 168 | |     "Referencia a evidencia cuya admisión debe proceder de una verificación gobernada."
2026-09-09T19:53:32.0057425Z 169 | | );
2026-09-09T19:53:32.0057677Z     | |_- in this macro invocation
2026-09-09T19:53:32.0057979Z     |
2026-09-09T19:53:32.0058570Z     = note: this warning originates in the macro `opaque_control_ref` (in Nightly builds, run with -Z macro-backtrace for more info)
2026-09-09T19:53:32.0059174Z 
2026-09-09T19:53:32.0059359Z warning: associated function `from_core_id` is never used
2026-09-09T19:53:32.0059777Z    --> sv_core/src/control.rs:155:27
2026-09-09T19:53:32.0060085Z     |
2026-09-09T19:53:32.0060314Z 141 |           impl $name {
2026-09-09T19:53:32.0060667Z     |           ---------- associated function in this implementation
2026-09-09T19:53:32.0061074Z ...
2026-09-09T19:53:32.0061344Z 155 |               pub(crate) fn from_core_id(id: ControlId) -> Self {
2026-09-09T19:53:32.0061727Z     |                             ^^^^^^^^^^^^
2026-09-09T19:53:32.0062013Z ...
2026-09-09T19:53:32.0062236Z 170 | / opaque_control_ref!(
2026-09-09T19:53:32.0062542Z 171 | |     ConstitutedFactRef,
2026-09-09T19:53:32.0063098Z 172 | |     "Referencia a un hecho semántico constituido; no equivale a autoridad."
2026-09-09T19:53:32.0063530Z 173 | | );
2026-09-09T19:53:32.0063739Z     | |_- in this macro invocation
2026-09-09T19:53:32.0064045Z     |
2026-09-09T19:53:32.0064826Z     = note: this warning originates in the macro `opaque_control_ref` (in Nightly builds, run with -Z macro-backtrace for more info)
2026-09-09T19:53:32.0065380Z 
2026-09-09T19:53:32.0065573Z warning: associated function `from_core_id` is never used
2026-09-09T19:53:32.0065958Z    --> sv_core/src/control.rs:155:27
2026-09-09T19:53:32.0066262Z     |
2026-09-09T19:53:32.0066482Z 141 |           impl $name {
2026-09-09T19:53:32.0066978Z     |           ---------- associated function in this implementation
2026-09-09T19:53:32.0067374Z ...
2026-09-09T19:53:32.0067664Z 155 |               pub(crate) fn from_core_id(id: ControlId) -> Self {
2026-09-09T19:53:32.0068072Z     |                             ^^^^^^^^^^^^
2026-09-09T19:53:32.0068365Z ...
2026-09-09T19:53:32.0068582Z 174 | / opaque_control_ref!(
2026-09-09T19:53:32.0068855Z 175 | |     AuthorityRef,
2026-09-09T19:53:32.0069508Z 176 | |     "Referencia a autoridad constituida; su constructor no forma parte de la API pública."
2026-09-09T19:53:32.0070034Z 177 | | );
2026-09-09T19:53:32.0070258Z     | |_- in this macro invocation
2026-09-09T19:53:32.0070553Z     |
2026-09-09T19:53:32.0071109Z     = note: this warning originates in the macro `opaque_control_ref` (in Nightly builds, run with -Z macro-backtrace for more info)
2026-09-09T19:53:32.0071664Z 
2026-09-09T19:53:32.0071852Z warning: associated function `from_core_id` is never used
2026-09-09T19:53:32.0072425Z    --> sv_core/src/control.rs:155:27
2026-09-09T19:53:32.0072713Z     |
2026-09-09T19:53:32.0072933Z 141 |           impl $name {
2026-09-09T19:53:32.0073281Z     |           ---------- associated function in this implementation
2026-09-09T19:53:32.0073648Z ...
2026-09-09T19:53:32.0073933Z 155 |               pub(crate) fn from_core_id(id: ControlId) -> Self {
2026-09-09T19:53:32.0074329Z     |                             ^^^^^^^^^^^^
2026-09-09T19:53:32.0074625Z ...
2026-09-09T19:53:32.0074846Z 178 | / opaque_control_ref!(
2026-09-09T19:53:32.0075121Z 179 | |     EnablementRef,
2026-09-09T19:53:32.0075699Z 180 | |     "Referencia a una habilitación de autoridad ya existente; no amplía autoridad."
2026-09-09T19:53:32.0076192Z 181 | | );
2026-09-09T19:53:32.0076421Z     | |_- in this macro invocation
2026-09-09T19:53:32.0076708Z     |
2026-09-09T19:53:32.0077444Z     = note: this warning originates in the macro `opaque_control_ref` (in Nightly builds, run with -Z macro-backtrace for more info)
2026-09-09T19:53:32.0078051Z 
2026-09-09T19:53:32.0078232Z warning: associated function `from_core_id` is never used
2026-09-09T19:53:32.0078660Z    --> sv_core/src/control.rs:155:27
2026-09-09T19:53:32.0078971Z     |
2026-09-09T19:53:32.0079192Z 141 |           impl $name {
2026-09-09T19:53:32.0079552Z     |           ---------- associated function in this implementation
2026-09-09T19:53:32.0079897Z ...
2026-09-09T19:53:32.0080193Z 155 |               pub(crate) fn from_core_id(id: ControlId) -> Self {
2026-09-09T19:53:32.0080599Z     |                             ^^^^^^^^^^^^
2026-09-09T19:53:32.0080887Z ...
2026-09-09T19:53:32.0081100Z 186 | / opaque_control_ref!(
2026-09-09T19:53:32.0081388Z 187 | |     FormRef,
2026-09-09T19:53:32.0081819Z 188 | |     "Referencia a una forma de transición constituida."
2026-09-09T19:53:32.0082212Z 189 | | );
2026-09-09T19:53:32.0082440Z     | |_- in this macro invocation
2026-09-09T19:53:32.0082725Z     |
2026-09-09T19:53:32.0083285Z     = note: this warning originates in the macro `opaque_control_ref` (in Nightly builds, run with -Z macro-backtrace for more info)
2026-09-09T19:53:32.0083854Z 
2026-09-09T19:53:32.0084043Z warning: associated function `from_core_id` is never used
2026-09-09T19:53:32.0084448Z    --> sv_core/src/control.rs:155:27
2026-09-09T19:53:32.0084739Z     |
2026-09-09T19:53:32.0084950Z 141 |           impl $name {
2026-09-09T19:53:32.0085289Z     |           ---------- associated function in this implementation
2026-09-09T19:53:32.0085652Z ...
2026-09-09T19:53:32.0085944Z 155 |               pub(crate) fn from_core_id(id: ControlId) -> Self {
2026-09-09T19:53:32.0086354Z     |                             ^^^^^^^^^^^^
2026-09-09T19:53:32.0086979Z ...
2026-09-09T19:53:32.0087203Z 190 | / opaque_control_ref!(
2026-09-09T19:53:32.0087491Z 191 | |     EffectFamilyRef,
2026-09-09T19:53:32.0088019Z 192 | |     "Referencia a una familia de efectos fijada por constitución."
2026-09-09T19:53:32.0088468Z 193 | | );
2026-09-09T19:53:32.0088685Z     | |_- in this macro invocation
2026-09-09T19:53:32.0088977Z     |
2026-09-09T19:53:32.0089571Z     = note: this warning originates in the macro `opaque_control_ref` (in Nightly builds, run with -Z macro-backtrace for more info)
2026-09-09T19:53:32.0090138Z 
2026-09-09T19:53:32.0090314Z warning: associated function `from_core_id` is never used
2026-09-09T19:53:32.0090722Z    --> sv_core/src/control.rs:155:27
2026-09-09T19:53:32.0091006Z     |
2026-09-09T19:53:32.0091219Z 141 |           impl $name {
2026-09-09T19:53:32.0091559Z     |           ---------- associated function in this implementation
2026-09-09T19:53:32.0091931Z ...
2026-09-09T19:53:32.0092231Z 155 |               pub(crate) fn from_core_id(id: ControlId) -> Self {
2026-09-09T19:53:32.0092635Z     |                             ^^^^^^^^^^^^
2026-09-09T19:53:32.0092924Z ...
2026-09-09T19:53:32.0093126Z 194 | / opaque_control_ref!(
2026-09-09T19:53:32.0093395Z 195 | |     EffectRef,
2026-09-09T19:53:32.0093808Z 196 | |     "Referencia a un efecto concreto; identificarlo no equivale a autorizarlo."
2026-09-09T19:53:32.0094431Z 197 | | );
2026-09-09T19:53:32.0094655Z     | |_- in this macro invocation
2026-09-09T19:53:32.0094933Z     |
2026-09-09T19:53:32.0095495Z     = note: this warning originates in the macro `opaque_control_ref` (in Nightly builds, run with -Z macro-backtrace for more info)
2026-09-09T19:53:32.0096057Z 
2026-09-09T19:53:32.0096324Z warning: associated function `from_core_id` is never used
2026-09-09T19:53:32.0096712Z    --> sv_core/src/control.rs:155:27
2026-09-09T19:53:32.0097203Z     |
2026-09-09T19:53:32.0097412Z 141 |           impl $name {
2026-09-09T19:53:32.0097765Z     |           ---------- associated function in this implementation
2026-09-09T19:53:32.0098125Z ...
2026-09-09T19:53:32.0098407Z 155 |               pub(crate) fn from_core_id(id: ControlId) -> Self {
2026-09-09T19:53:32.0098800Z     |                             ^^^^^^^^^^^^
2026-09-09T19:53:32.0099091Z ...
2026-09-09T19:53:32.0099298Z 198 | / opaque_control_ref!(
2026-09-09T19:53:32.0099579Z 199 | |     ContextRef,
2026-09-09T19:53:32.0099985Z 200 | |     "Referencia a una ligadura de contexto relevante para autoridad o forma."
2026-09-09T19:53:32.0100429Z 201 | | );
2026-09-09T19:53:32.0100658Z     | |_- in this macro invocation
2026-09-09T19:53:32.0100934Z     |
2026-09-09T19:53:32.0101483Z     = note: this warning originates in the macro `opaque_control_ref` (in Nightly builds, run with -Z macro-backtrace for more info)
2026-09-09T19:53:32.0102035Z 
2026-09-09T19:53:32.0102210Z warning: associated function `from_core_id` is never used
2026-09-09T19:53:32.0102606Z    --> sv_core/src/control.rs:155:27
2026-09-09T19:53:32.0102896Z     |
2026-09-09T19:53:32.0103128Z 141 |           impl $name {
2026-09-09T19:53:32.0103464Z     |           ---------- associated function in this implementation
2026-09-09T19:53:32.0103825Z ...
2026-09-09T19:53:32.0104123Z 155 |               pub(crate) fn from_core_id(id: ControlId) -> Self {
2026-09-09T19:53:32.0104530Z     |                             ^^^^^^^^^^^^
2026-09-09T19:53:32.0104841Z ...
2026-09-09T19:53:32.0105051Z 202 | / opaque_control_ref!(
2026-09-09T19:53:32.0105333Z 203 | |     AuthorityHolderRef,
2026-09-09T19:53:32.0105960Z 204 | |     "Referencia al titular de una autoridad; no constituye autoridad por sí misma."
2026-09-09T19:53:32.0106451Z 205 | | );
2026-09-09T19:53:32.0106686Z     | |_- in this macro invocation
2026-09-09T19:53:32.0107100Z     |
2026-09-09T19:53:32.0107671Z     = note: this warning originates in the macro `opaque_control_ref` (in Nightly builds, run with -Z macro-backtrace for more info)
2026-09-09T19:53:32.0108235Z 
2026-09-09T19:53:32.0108588Z warning: associated function `from_core_id` is never used
2026-09-09T19:53:32.0108993Z    --> sv_core/src/control.rs:155:27
2026-09-09T19:53:32.0109283Z     |
2026-09-09T19:53:32.0109507Z 141 |           impl $name {
2026-09-09T19:53:32.0109856Z     |           ---------- associated function in this implementation
2026-09-09T19:53:32.0110245Z ...
2026-09-09T19:53:32.0110555Z 155 |               pub(crate) fn from_core_id(id: ControlId) -> Self {
2026-09-09T19:53:32.0110985Z     |                             ^^^^^^^^^^^^
2026-09-09T19:53:32.0111286Z ...
2026-09-09T19:53:32.0111500Z 206 | / opaque_control_ref!(
2026-09-09T19:53:32.0111798Z 207 | |     GovernedObjectRef,
2026-09-09T19:53:32.0112269Z 208 | |     "Referencia a un objeto candidato a pertenecer al dominio gobernado D_a."
2026-09-09T19:53:32.0112724Z 209 | | );
2026-09-09T19:53:32.0112955Z     | |_- in this macro invocation
2026-09-09T19:53:32.0113237Z     |
2026-09-09T19:53:32.0113814Z     = note: this warning originates in the macro `opaque_control_ref` (in Nightly builds, run with -Z macro-backtrace for more info)
2026-09-09T19:53:32.0114433Z 
2026-09-09T19:53:32.0114612Z warning: associated function `from_core_id` is never used
2026-09-09T19:53:32.0115000Z    --> sv_core/src/control.rs:155:27
2026-09-09T19:53:32.0115303Z     |
2026-09-09T19:53:32.0115523Z 141 |           impl $name {
2026-09-09T19:53:32.0115881Z     |           ---------- associated function in this implementation
2026-09-09T19:53:32.0116426Z ...
2026-09-09T19:53:32.0116732Z 155 |               pub(crate) fn from_core_id(id: ControlId) -> Self {
2026-09-09T19:53:32.0117290Z     |                             ^^^^^^^^^^^^
2026-09-09T19:53:32.0117602Z ...
2026-09-09T19:53:32.0117832Z 210 | / opaque_control_ref!(
2026-09-09T19:53:32.0118112Z 211 | |     AccumulationRuleRef,
2026-09-09T19:53:32.0118751Z 212 | |     "Referencia a una regla gobernada de acumulación o a un predicado de traza."
2026-09-09T19:53:32.0119231Z 213 | | );
2026-09-09T19:53:32.0119460Z     | |_- in this macro invocation
2026-09-09T19:53:32.0119741Z     |
2026-09-09T19:53:32.0120344Z     = note: this warning originates in the macro `opaque_control_ref` (in Nightly builds, run with -Z macro-backtrace for more info)
2026-09-09T19:53:32.0120958Z 
2026-09-09T19:53:32.0121137Z warning: associated function `from_core_id` is never used
2026-09-09T19:53:32.0121522Z    --> sv_core/src/control.rs:155:27
2026-09-09T19:53:32.0121829Z     |
2026-09-09T19:53:32.0122032Z 141 |           impl $name {
2026-09-09T19:53:32.0122381Z     |           ---------- associated function in this implementation
2026-09-09T19:53:32.0122756Z ...
2026-09-09T19:53:32.0123041Z 155 |               pub(crate) fn from_core_id(id: ControlId) -> Self {
2026-09-09T19:53:32.0123444Z     |                             ^^^^^^^^^^^^
2026-09-09T19:53:32.0123736Z ...
2026-09-09T19:53:32.0123951Z 214 | / opaque_control_ref!(
2026-09-09T19:53:32.0124234Z 215 | |     RequirementRef,
2026-09-09T19:53:32.0124826Z 216 | |     "Referencia a una obligación de Req; identificarla no acredita su cumplimiento."
2026-09-09T19:53:32.0125352Z 217 | | );
2026-09-09T19:53:32.0125579Z     | |_- in this macro invocation
2026-09-09T19:53:32.0125833Z     |
2026-09-09T19:53:32.0126342Z     = note: this warning originates in the macro `opaque_control_ref` (in Nightly builds, run with -Z macro-backtrace for more info)
2026-09-09T19:53:32.0127009Z 
2026-09-09T19:53:32.0127207Z warning: associated function `from_core_id` is never used
2026-09-09T19:53:32.0127610Z    --> sv_core/src/control.rs:155:27
2026-09-09T19:53:32.0127909Z     |
2026-09-09T19:53:32.0128139Z 141 |           impl $name {
2026-09-09T19:53:32.0128493Z     |           ---------- associated function in this implementation
2026-09-09T19:53:32.0128857Z ...
2026-09-09T19:53:32.0129152Z 155 |               pub(crate) fn from_core_id(id: ControlId) -> Self {
2026-09-09T19:53:32.0129549Z     |                             ^^^^^^^^^^^^
2026-09-09T19:53:32.0129859Z ...
2026-09-09T19:53:32.0130064Z 218 | / opaque_control_ref!(
2026-09-09T19:53:32.0130338Z 219 | |     VerifierRef,
2026-09-09T19:53:32.0131053Z 220 | |     "Referencia a un verificador concreto; su mera existencia no acredita aplicabilidad."
2026-09-09T19:53:32.0131584Z 221 | | );
2026-09-09T19:53:32.0131827Z     | |_- in this macro invocation
2026-09-09T19:53:32.0132122Z     |
2026-09-09T19:53:32.0132843Z     = note: this warning originates in the macro `opaque_control_ref` (in Nightly builds, run with -Z macro-backtrace for more info)
2026-09-09T19:53:32.0133464Z 
2026-09-09T19:53:32.0133653Z warning: associated function `from_core_id` is never used
2026-09-09T19:53:32.0134068Z    --> sv_core/src/control.rs:155:27
2026-09-09T19:53:32.0134377Z     |
2026-09-09T19:53:32.0134601Z 141 |           impl $name {
2026-09-09T19:53:32.0134961Z     |           ---------- associated function in this implementation
2026-09-09T19:53:32.0135354Z ...
2026-09-09T19:53:32.0135667Z 155 |               pub(crate) fn from_core_id(id: ControlId) -> Self {
2026-09-09T19:53:32.0136093Z     |                             ^^^^^^^^^^^^
2026-09-09T19:53:32.0136415Z ...
2026-09-09T19:53:32.0136639Z 222 | / opaque_control_ref!(
2026-09-09T19:53:32.0137121Z 223 | |     VerifierFamilyRef,
2026-09-09T19:53:32.0137762Z 224 | |     "Referencia a una familia de verificadores admisibles para una obligación."
2026-09-09T19:53:32.0138280Z 225 | | );
2026-09-09T19:53:32.0138526Z     | |_- in this macro invocation
2026-09-09T19:53:32.0138977Z     |
2026-09-09T19:53:32.0139562Z     = note: this warning originates in the macro `opaque_control_ref` (in Nightly builds, run with -Z macro-backtrace for more info)
2026-09-09T19:53:32.0140137Z 
2026-09-09T19:53:32.0140324Z warning: associated function `from_core_id` is never used
2026-09-09T19:53:32.0140726Z    --> sv_core/src/control.rs:155:27
2026-09-09T19:53:32.0141024Z     |
2026-09-09T19:53:32.0141242Z 141 |           impl $name {
2026-09-09T19:53:32.0141604Z     |           ---------- associated function in this implementation
2026-09-09T19:53:32.0141986Z ...
2026-09-09T19:53:32.0142306Z 155 |               pub(crate) fn from_core_id(id: ControlId) -> Self {
2026-09-09T19:53:32.0142728Z     |                             ^^^^^^^^^^^^
2026-09-09T19:53:32.0143040Z ...
2026-09-09T19:53:32.0143263Z 226 | / opaque_control_ref!(
2026-09-09T19:53:32.0143573Z 227 | |     ApplicabilityRuleRef,
2026-09-09T19:53:32.0144211Z 228 | |     "Referencia a una regla previamente constituida de aplicabilidad de comprobación."
2026-09-09T19:53:32.0144738Z 229 | | );
2026-09-09T19:53:32.0144975Z     | |_- in this macro invocation
2026-09-09T19:53:32.0145262Z     |
2026-09-09T19:53:32.0145833Z     = note: this warning originates in the macro `opaque_control_ref` (in Nightly builds, run with -Z macro-backtrace for more info)
2026-09-09T19:53:32.0146364Z 
2026-09-09T19:53:32.0146553Z warning: associated function `from_core_id` is never used
2026-09-09T19:53:32.0147075Z    --> sv_core/src/control.rs:155:27
2026-09-09T19:53:32.0147364Z     |
2026-09-09T19:53:32.0147579Z 141 |           impl $name {
2026-09-09T19:53:32.0147931Z     |           ---------- associated function in this implementation
2026-09-09T19:53:32.0148323Z ...
2026-09-09T19:53:32.0148629Z 155 |               pub(crate) fn from_core_id(id: ControlId) -> Self {
2026-09-09T19:53:32.0149034Z     |                             ^^^^^^^^^^^^
2026-09-09T19:53:32.0149320Z ...
2026-09-09T19:53:32.0149539Z 230 | / opaque_control_ref!(
2026-09-09T19:53:32.0149862Z 231 | |     ConflictResolutionRuleRef,
2026-09-09T19:53:32.0150597Z 232 | |     "Referencia a una regla previamente constituida de resolución de conflicto entre comprobaciones."
2026-09-09T19:53:32.0151153Z 233 | | );
2026-09-09T19:53:32.0151394Z     | |_- in this macro invocation
2026-09-09T19:53:32.0151690Z     |
2026-09-09T19:53:32.0152245Z     = note: this warning originates in the macro `opaque_control_ref` (in Nightly builds, run with -Z macro-backtrace for more info)
2026-09-09T19:53:32.0152823Z 
2026-09-09T19:53:32.0152999Z warning: associated function `from_core_id` is never used
2026-09-09T19:53:32.0153560Z    --> sv_core/src/control.rs:155:27
2026-09-09T19:53:32.0153849Z     |
2026-09-09T19:53:32.0154153Z 141 |           impl $name {
2026-09-09T19:53:32.0154512Z     |           ---------- associated function in this implementation
2026-09-09T19:53:32.0154869Z ...
2026-09-09T19:53:32.0155151Z 155 |               pub(crate) fn from_core_id(id: ControlId) -> Self {
2026-09-09T19:53:32.0155553Z     |                             ^^^^^^^^^^^^
2026-09-09T19:53:32.0155846Z ...
2026-09-09T19:53:32.0156061Z 234 | / opaque_control_ref!(
2026-09-09T19:53:32.0156341Z 235 | |     CoverageRuleRef,
2026-09-09T19:53:32.0156989Z 236 | |     "Referencia a una regla previamente constituida de cobertura de comprobaciones exigibles."
2026-09-09T19:53:32.0157531Z 237 | | );
2026-09-09T19:53:32.0157771Z     | |_- in this macro invocation
2026-09-09T19:53:32.0158067Z     |
2026-09-09T19:53:32.0158634Z     = note: this warning originates in the macro `opaque_control_ref` (in Nightly builds, run with -Z macro-backtrace for more info)
2026-09-09T19:53:32.0159211Z 
2026-09-09T19:53:32.0159409Z warning: associated function `from_core_id` is never used
2026-09-09T19:53:32.0159814Z    --> sv_core/src/control.rs:155:27
2026-09-09T19:53:32.0160113Z     |
2026-09-09T19:53:32.0160328Z 141 |           impl $name {
2026-09-09T19:53:32.0160678Z     |           ---------- associated function in this implementation
2026-09-09T19:53:32.0161198Z ...
2026-09-09T19:53:32.0161498Z 155 |               pub(crate) fn from_core_id(id: ControlId) -> Self {
2026-09-09T19:53:32.0161922Z     |                             ^^^^^^^^^^^^
2026-09-09T19:53:32.0162226Z ...
2026-09-09T19:53:32.0162451Z 238 | / opaque_control_ref!(
2026-09-09T19:53:32.0162732Z 239 | |     ReuseRuleRef,
2026-09-09T19:53:32.0163409Z 240 | |     "Referencia a una regla previamente constituida de reutilización de resultados cualificados."
2026-09-09T19:53:32.0163986Z 241 | | );
2026-09-09T19:53:32.0164225Z     | |_- in this macro invocation
2026-09-09T19:53:32.0164511Z     |
2026-09-09T19:53:32.0165086Z     = note: this warning originates in the macro `opaque_control_ref` (in Nightly builds, run with -Z macro-backtrace for more info)
2026-09-09T19:53:32.0165686Z 
2026-09-09T19:53:32.0165868Z warning: associated function `from_core_id` is never used
2026-09-09T19:53:32.0166266Z    --> sv_core/src/control.rs:155:27
2026-09-09T19:53:32.0166548Z     |
2026-09-09T19:53:32.0166889Z 141 |           impl $name {
2026-09-09T19:53:32.0167239Z     |           ---------- associated function in this implementation
2026-09-09T19:53:32.0167610Z ...
2026-09-09T19:53:32.0167916Z 155 |               pub(crate) fn from_core_id(id: ControlId) -> Self {
2026-09-09T19:53:32.0168316Z     |                             ^^^^^^^^^^^^
2026-09-09T19:53:32.0168616Z ...
2026-09-09T19:53:32.0168827Z 242 | / opaque_control_ref!(
2026-09-09T19:53:32.0169095Z 243 | |     ReuseBindingKeyRef,
2026-09-09T19:53:32.0169880Z 244 | |     "Referencia a una dimensión constituida cuya continuidad puede ser exigible para reutilizar un resultado."
2026-09-09T19:53:32.0170506Z 245 | | );
2026-09-09T19:53:32.0170740Z     | |_- in this macro invocation
2026-09-09T19:53:32.0171024Z     |
2026-09-09T19:53:32.0171614Z     = note: this warning originates in the macro `opaque_control_ref` (in Nightly builds, run with -Z macro-backtrace for more info)
2026-09-09T19:53:32.0172191Z 
2026-09-09T19:53:32.0172365Z warning: associated function `from_core_id` is never used
2026-09-09T19:53:32.0172783Z    --> sv_core/src/control.rs:155:27
2026-09-09T19:53:32.0173074Z     |
2026-09-09T19:53:32.0173283Z 141 |           impl $name {
2026-09-09T19:53:32.0173638Z     |           ---------- associated function in this implementation
2026-09-09T19:53:32.0174011Z ...
2026-09-09T19:53:32.0174306Z 155 |               pub(crate) fn from_core_id(id: ControlId) -> Self {
2026-09-09T19:53:32.0174710Z     |                             ^^^^^^^^^^^^
2026-09-09T19:53:32.0175019Z ...
2026-09-09T19:53:32.0175235Z 246 | / opaque_control_ref!(
2026-09-09T19:53:32.0175535Z 247 | |     ReuseBindingValueRef,
2026-09-09T19:53:32.0176414Z 248 | |     "Referencia al valor constituido de una dimensión de reutilización; identificarlo no acredita su vigencia."
2026-09-09T19:53:32.0177159Z 249 | | );
2026-09-09T19:53:32.0177391Z     | |_- in this macro invocation
2026-09-09T19:53:32.0177669Z     |
2026-09-09T19:53:32.0178247Z     = note: this warning originates in the macro `opaque_control_ref` (in Nightly builds, run with -Z macro-backtrace for more info)
2026-09-09T19:53:32.0178818Z 
2026-09-09T19:53:32.0178960Z warning: constant `PROFILE_ID` is never used
2026-09-09T19:53:32.0179329Z  --> sv_core/src/identifier_profile.rs:6:18
2026-09-09T19:53:32.0179636Z   |
2026-09-09T19:53:32.0179960Z 6 | pub(crate) const PROFILE_ID: &str = "svp-grammar-0.2-lex-es-1";
2026-09-09T19:53:32.0180383Z   |                  ^^^^^^^^^^
2026-09-09T19:53:32.0180568Z 
2026-09-09T19:53:32.0180712Z warning: function `is_reserved_word` is never used
2026-09-09T19:53:32.0181118Z   --> sv_core/src/identifier_profile.rs:22:15
2026-09-09T19:53:32.0181445Z    |
2026-09-09T19:53:32.0181743Z 22 | pub(crate) fn is_reserved_word(word: &str) -> bool {
2026-09-09T19:53:32.0182128Z    |               ^^^^^^^^^^^^^^^^
2026-09-09T19:53:32.0182308Z 
2026-09-09T19:53:32.0182470Z warning: method `matches_descriptor` is never used
2026-09-09T19:53:32.0182880Z    --> sv_core/src/requirements_reuse.rs:121:19
2026-09-09T19:53:32.0183349Z     |
2026-09-09T19:53:32.0183569Z  44 | impl ReuseRule {
2026-09-09T19:53:32.0183846Z     | -------------- method in this implementation
2026-09-09T19:53:32.0184169Z ...
2026-09-09T19:53:32.0184605Z 121 |     pub(crate) fn matches_descriptor(&self, descriptor: &RequirementDescriptor) -> bool {
2026-09-09T19:53:32.0185143Z     |                   ^^^^^^^^^^^^^^^^^^
2026-09-09T19:53:32.0185353Z 
2026-09-09T19:53:32.0185582Z warning: hiding a lifetime that's elided elsewhere is confusing
2026-09-09T19:53:32.0186022Z     --> sv_core/src/frontend.rs:2146:13
2026-09-09T19:53:32.0186336Z      |
2026-09-09T19:53:32.0186585Z 2146 |     fn peek(&self) -> &Token {
2026-09-09T19:53:32.0187032Z      |             ^^^^^     ^^^^^^
2026-09-09T19:53:32.0187331Z      |             |         ||
2026-09-09T19:53:32.0187652Z      |             |         |the same lifetime is hidden here
2026-09-09T19:53:32.0188050Z      |             |         the same lifetime is elided here
2026-09-09T19:53:32.0188443Z      |             the lifetime is elided here
2026-09-09T19:53:32.0188758Z      |
2026-09-09T19:53:32.0189191Z      = help: the same lifetime is referred to in inconsistent ways, making the signature confusing
2026-09-09T19:53:32.0189839Z      = note: `#[warn(mismatched_lifetime_syntaxes)]` on by default
2026-09-09T19:53:32.0190247Z help: use `'_` for type paths
2026-09-09T19:53:32.0190522Z      |
2026-09-09T19:53:32.0190758Z 2146 |     fn peek(&self) -> &Token<'_> {
2026-09-09T19:53:32.0191078Z      |                             ++++
2026-09-09T19:53:32.0191285Z 
2026-09-09T19:53:36.8154829Z warning: `sv_core` (lib) generated 25 warnings (run `cargo fix --lib -p sv_core` to apply 1 suggestion)
2026-09-09T19:53:36.8155908Z    Compiling sv_wasm v0.1.0 (/home/runner/work/SV-lenguaje-de-computacion/SV-lenguaje-de-computacion/rust/sv_wasm)
2026-09-09T19:53:37.1063849Z     Finished `release` profile [optimized] target(s) in 5.78s
2026-09-09T19:53:37.1105371Z ##[group]Run mkdir -p artifacts/r0-wasm
2026-09-09T19:53:37.1105675Z [36;1mmkdir -p artifacts/r0-wasm[0m
2026-09-09T19:53:37.1105920Z [36;1mpython tests/r0_wasm_parity.py \[0m
2026-09-09T19:53:37.1106197Z [36;1m  --native-bin rust/target/release/sv-native \[0m
2026-09-09T19:53:37.1106548Z [36;1m  --wasm-bin rust/target/wasm32-wasip1/release/sv-native.wasm \[0m
2026-09-09T19:53:37.1107104Z [36;1m  --wasi-runner tests/run_wasi_sv_native.js \[0m
2026-09-09T19:53:37.1107436Z [36;1m  --report artifacts/r0-wasm/three-way-parity-wasi.json \[0m
2026-09-09T19:53:37.1107787Z [36;1m  --source-head "5627416505b119192423722e94a71a3137f1a17a" \[0m
2026-09-09T19:53:37.1108117Z [36;1m  --base-head "73c738348a9493a459744c62b8ade382ff595af5"[0m
2026-09-09T19:53:37.1129243Z shell: /usr/bin/bash -e {0}
2026-09-09T19:53:37.1129479Z ##[endgroup]
2026-09-09T19:53:40.8922394Z R0 WASM VALID OK: admissibility_spec_states_permutados
2026-09-09T19:53:40.8923043Z R0 WASM VALID OK: cell_basic
2026-09-09T19:53:40.8923676Z R0 WASM VALID OK: compose_basic
2026-09-09T19:53:40.8924233Z R0 WASM VALID OK: frame_cell_spec_compartida_valida
2026-09-09T19:53:40.8924793Z R0 WASM VALID OK: gate_table
2026-09-09T19:53:40.8925259Z R0 WASM VALID OK: identificadores_espanol
2026-09-09T19:53:40.8925726Z R0 WASM VALID OK: output_semantics_independientes
2026-09-09T19:53:40.8926110Z R0 WASM VALID OK: output_semantics_total_permutada
2026-09-09T19:53:40.8926473Z R0 WASM VALID OK: query_context_all_variants
2026-09-09T19:53:40.8926941Z R0 WASM VALID OK: resolve_projection
2026-09-09T19:53:40.8927294Z R0 WASM VALID OK: supervise_systemtarget_valido
2026-09-09T19:53:40.8927635Z R0 WASM VALID OK: supervise_targets
2026-09-09T19:53:40.8927937Z R0 WASM VALID OK: trajectory_alternance_valid
2026-09-09T19:53:40.8928299Z R0 WASM VALID OK: transition_data_events
2026-09-09T19:53:40.8928641Z R0 WASM INVALID OK: admissibility_spec_estados_legacy
2026-09-09T19:53:40.8929008Z R0 WASM INVALID OK: admissibility_spec_failed_legacy
2026-09-09T19:53:40.8929442Z R0 WASM INVALID OK: admissibility_spec_u_legacy
2026-09-09T19:53:40.8930083Z R0 WASM INVALID OK: admissibility_table_incompleta
2026-09-09T19:53:40.8930480Z R0 WASM INVALID OK: admissibility_table_output_fuera_codominio
2026-09-09T19:53:40.8930876Z R0 WASM INVALID OK: agent_architecture_mismatch
2026-09-09T19:53:40.8931242Z R0 WASM INVALID OK: agent_arquitecturas_reales_distintas
2026-09-09T19:53:40.8931589Z R0 WASM INVALID OK: bad_b_value
2026-09-09T19:53:40.8931894Z R0 WASM INVALID OK: bridge_position_fuera_de_rango
2026-09-09T19:53:40.8932263Z R0 WASM INVALID OK: cellstate_vector_length_mismatch
2026-09-09T19:53:40.8932627Z R0 WASM INVALID OK: codomain_miembro_duplicado
2026-09-09T19:53:40.8932967Z R0 WASM INVALID OK: compose_cycle_graph
2026-09-09T19:53:40.8933295Z R0 WASM INVALID OK: compose_graph_tipo_incorrecto
2026-09-09T19:53:40.8933650Z R0 WASM INVALID OK: compose_patterns_vacios
2026-09-09T19:53:40.8933978Z R0 WASM INVALID OK: compose_relations_vacias
2026-09-09T19:53:40.8934359Z R0 WASM INVALID OK: conector_mapping_incompleto
2026-09-09T19:53:40.8934751Z R0 WASM INVALID OK: conector_target_no_ternario
2026-09-09T19:53:40.8935122Z R0 WASM INVALID OK: connector_clave_repetida
2026-09-09T19:53:40.8935492Z R0 WASM INVALID OK: coupledspec_puente_repetido
2026-09-09T19:53:40.8935880Z R0 WASM INVALID OK: coupledstate_update_fuera_bridges
2026-09-09T19:53:40.8936262Z R0 WASM INVALID OK: domain_chain_mismatch
2026-09-09T19:53:40.8936624Z R0 WASM INVALID OK: domain_parametro_nominal_repetido
2026-09-09T19:53:40.8937215Z R0 WASM INVALID OK: duplicate_identifier
2026-09-09T19:53:40.8937606Z R0 WASM INVALID OK: edge_connector_source_codomain_mismatch
2026-09-09T19:53:40.8938049Z R0 WASM INVALID OK: edge_connector_target_position_mismatch
2026-09-09T19:53:40.8938464Z R0 WASM INVALID OK: edge_position_fuera_bridges
2026-09-09T19:53:40.8938876Z R0 WASM INVALID OK: frame_architecture_tipo_incorrecto
2026-09-09T19:53:40.8939302Z R0 WASM INVALID OK: frame_criticality_no_producible
2026-09-09T19:53:40.8939969Z R0 WASM INVALID OK: frame_estado_arquitectura_ajena
2026-09-09T19:53:40.8940535Z R0 WASM INVALID OK: frame_eval_duplicado
2026-09-09T19:53:40.8940996Z R0 WASM INVALID OK: frame_eval_externo
2026-09-09T19:53:40.8941579Z R0 WASM INVALID OK: frame_gate_input_externo
2026-09-09T19:53:40.8942044Z R0 WASM INVALID OK: frame_supervision_externa
2026-09-09T19:53:40.8942631Z R0 WASM INVALID OK: gate_codominio_posicional_incompatible_con_tabla
2026-09-09T19:53:40.8943214Z R0 WASM INVALID OK: gate_input_no_evalresult
2026-09-09T19:53:40.8943731Z R0 WASM INVALID OK: gate_numero_entradas_incompatible_con_tabla
2026-09-09T19:53:40.8944158Z R0 WASM INVALID OK: gate_undeclared_input
2026-09-09T19:53:40.8944574Z R0 WASM INVALID OK: graph_conflicts_fuera_de_v0_1
2026-09-09T19:53:40.8945160Z R0 WASM INVALID OK: graph_simple_concurrencia_mismo_puente
2026-09-09T19:53:40.8945609Z R0 WASM INVALID OK: horizon_architecture_ausente
2026-09-09T19:53:40.8946045Z R0 WASM INVALID OK: horizon_architecture_tipo_incorrecto
2026-09-09T19:53:40.8946496Z R0 WASM INVALID OK: horizon_tipo_suceso_repetido
2026-09-09T19:53:40.8947147Z R0 WASM INVALID OK: identificador_alfabeto_fuera_perfil
2026-09-09T19:53:40.8947598Z R0 WASM INVALID OK: identificador_guion_bajo_inicial
2026-09-09T19:53:40.8948026Z R0 WASM INVALID OK: identificador_latino_fuera_perfil
2026-09-09T19:53:40.8948430Z R0 WASM INVALID OK: identificador_marca_combinante
2026-09-09T19:53:40.8948849Z R0 WASM INVALID OK: identificador_palabra_reservada
2026-09-09T19:53:40.8949235Z R0 WASM INVALID OK: invalid_role_literal
2026-09-09T19:53:40.8949580Z R0 WASM INVALID OK: invalid_tri_literal
2026-09-09T19:53:40.8949927Z R0 WASM INVALID OK: max_keyword
2026-09-09T19:53:40.8950255Z R0 WASM INVALID OK: nat_digitos_no_ascii
2026-09-09T19:53:40.8950654Z R0 WASM INVALID OK: output_semantics_clave_ajena
2026-09-09T19:53:40.8951076Z R0 WASM INVALID OK: output_semantics_clave_ausente
2026-09-09T19:53:40.8951504Z R0 WASM INVALID OK: output_semantics_clave_repetida
2026-09-09T19:53:40.8951937Z R0 WASM INVALID OK: output_semantics_no_declarada
2026-09-09T19:53:40.8952584Z R0 WASM INVALID OK: output_semantics_sin_celda_repetida
2026-09-09T19:53:40.8953123Z R0 WASM INVALID OK: output_semantics_vacia
2026-09-09T19:53:40.8953564Z R0 WASM INVALID OK: pattern_arity_repetida
2026-09-09T19:53:40.8954036Z R0 WASM INVALID OK: pattern_campos_invertidos
2026-09-09T19:53:40.8954503Z R0 WASM INVALID OK: pattern_constraints_repetida
2026-09-09T19:53:40.8954922Z R0 WASM INVALID OK: pending_u_reconocido_no_habilitado
2026-09-09T19:53:40.8955391Z R0 WASM INVALID OK: projection_campo_inexistente
2026-09-09T19:53:40.8955862Z R0 WASM INVALID OK: projection_source_no_resultado
2026-09-09T19:53:40.8956271Z R0 WASM INVALID OK: projection_undeclared_source
2026-09-09T19:53:40.8956673Z R0 WASM INVALID OK: query_architecture_cell_ajena
2026-09-09T19:53:40.8957313Z R0 WASM INVALID OK: query_architecture_eval_celda_ajena
2026-09-09T19:53:40.8957755Z R0 WASM INVALID OK: query_architecture_eval_nodo_ajeno
2026-09-09T19:53:40.8958224Z R0 WASM INVALID OK: query_architecture_gate_entrada_ajena
2026-09-09T19:53:40.8958759Z R0 WASM INVALID OK: query_comparison_frame_ajeno
2026-09-09T19:53:40.8959136Z R0 WASM INVALID OK: query_context_opaco
2026-09-09T19:53:40.8959504Z R0 WASM INVALID OK: query_context_type_mismatch
2026-09-09T19:53:40.8959887Z R0 WASM INVALID OK: query_coverage_interface_ajena
2026-09-09T19:53:40.8960279Z R0 WASM INVALID OK: query_coverage_silent_u_ajena
2026-09-09T19:53:40.8960657Z R0 WASM INVALID OK: query_point_frame_ajeno
2026-09-09T19:53:40.8961007Z R0 WASM INVALID OK: query_trajectory_ajena
2026-09-09T19:53:40.8961361Z R0 WASM INVALID OK: resolve_alias_estado_no_u
2026-09-09T19:53:40.8961737Z R0 WASM INVALID OK: resolve_instancia_incompatible
2026-09-09T19:53:40.8962106Z R0 WASM INVALID OK: resolve_missing_context
2026-09-09T19:53:40.8962462Z R0 WASM INVALID OK: resolve_missing_mechanism
2026-09-09T19:53:40.8962834Z R0 WASM INVALID OK: resolve_target_fuera_rango
2026-09-09T19:53:40.8963380Z R0 WASM INVALID OK: resolve_target_no_u
2026-09-09T19:53:40.8963792Z R0 WASM INVALID OK: semantic_relation_campos_invertidos
2026-09-09T19:53:40.8964261Z R0 WASM INVALID OK: semantic_relation_constraints_repetida
2026-09-09T19:53:40.8964709Z R0 WASM INVALID OK: semantic_relation_table_repetida
2026-09-09T19:53:40.8965137Z R0 WASM INVALID OK: supervise_celltarget_tipo_incorrecto
2026-09-09T19:53:40.8965604Z R0 WASM INVALID OK: supervise_composedtarget_tipo_incorrecto
2026-09-09T19:53:40.8966043Z R0 WASM INVALID OK: supervise_coupled_wrong_role
2026-09-09T19:53:40.8966429Z R0 WASM INVALID OK: supervise_meta_no_evalresult
2026-09-09T19:53:40.8967027Z R0 WASM INVALID OK: supervise_systemtarget_tipo_incorrecto
2026-09-09T19:53:40.8967470Z R0 WASM INVALID OK: supervise_target_opaco
2026-09-09T19:53:40.8967851Z R0 WASM INVALID OK: supervise_undeclared_target
2026-09-09T19:53:40.8968217Z R0 WASM INVALID OK: supervise_wrong_role
2026-09-09T19:53:40.8968591Z R0 WASM INVALID OK: trajectory_alternance_violation
2026-09-09T19:53:40.8969049Z R0 WASM INVALID OK: trajectory_frame_arquitectura_distinta
2026-09-09T19:53:40.8969637Z R0 WASM INVALID OK: trajectory_horizon_arquitectura_distinta
2026-09-09T19:53:40.8970197Z R0 WASM INVALID OK: transition_data_horizon_no_declarado
2026-09-09T19:53:40.8970611Z R0 WASM INVALID OK: transition_event_fuera_horizon
2026-09-09T19:53:40.8971011Z R0 WASM INVALID OK: transition_event_tipo_repetido
2026-09-09T19:53:40.8971434Z R0 WASM INVALID OK: transition_induced_destino_repetido
2026-09-09T19:53:40.8971859Z R0 WASM INVALID OK: transition_induced_node_ausente
2026-09-09T19:53:40.8972422Z R0 WASM INVALID OK: transition_induced_node_fuera_arquitectura
2026-09-09T19:53:40.8972964Z R0 WASM INVALID OK: transition_induced_node_tipo_incorrecto
2026-09-09T19:53:40.8973433Z R0 WASM INVALID OK: transition_induced_parameters_vacios
2026-09-09T19:53:40.8973872Z R0 WASM INVALID OK: transition_induced_position_cero
2026-09-09T19:53:40.8974328Z R0 WASM INVALID OK: transition_induced_position_fuera_rango
2026-09-09T19:53:40.8974755Z R0 WASM INVALID OK: u_coercion
2026-09-09T19:53:40.8975735Z R0 WASM: 14/14 válidos con paridad nativa/WASI y 106/106 inválidos rechazados por ambos destinos
2026-09-09T19:53:40.9020163Z ##[group]Run python tests/run_oracle_sensitivity.py \
2026-09-09T19:53:40.9020502Z [36;1mpython tests/run_oracle_sensitivity.py \[0m
2026-09-09T19:53:40.9020798Z [36;1m  --rust-bin rust/target/release/sv-native \[0m
2026-09-09T19:53:40.9021131Z [36;1m  --wasm-bin rust/target/wasm32-wasip1/release/sv-native.wasm \[0m
2026-09-09T19:53:40.9021474Z [36;1m  --wasi-runner tests/run_wasi_sv_native.js \[0m
2026-09-09T19:53:40.9021763Z [36;1m  --output-dir artifacts/r0-wasm/sensitivity[0m
2026-09-09T19:53:40.9041458Z shell: /usr/bin/bash -e {0}
2026-09-09T19:53:40.9041693Z ##[endgroup]
2026-09-09T19:53:41.0857589Z control_valid: CONTROL_CONFORME
2026-09-09T19:53:41.0858610Z crlf: PRESERVADO_Y_PERDIDA_INYECTADA_DETECTADA
2026-09-09T19:53:41.0859344Z string_crlf: PRESERVADO_Y_PERDIDA_INYECTADA_DETECTADA
2026-09-09T19:53:41.0860192Z semantics_duplicate: RECHAZO_N0_02_N0_03
2026-09-09T19:53:41.0860765Z semantics_unbound_duplicate: RECHAZO_N0_02_N0_03
2026-09-09T19:53:41.0931865Z ##[group]Run cargo build --manifest-path rust/Cargo.toml -p sv_native --example assembly_probe --release
2026-09-09T19:53:41.0932525Z [36;1mcargo build --manifest-path rust/Cargo.toml -p sv_native --example assembly_probe --release[0m
2026-09-09T19:53:41.0933477Z [36;1mcargo build --manifest-path rust/Cargo.toml -p sv_native --example assembly_probe --release --target wasm32-wasip1[0m
2026-09-09T19:53:41.0934226Z [36;1mpython tests/k1_bridge_cases.py \[0m
2026-09-09T19:53:41.0934719Z [36;1m  --native-probe rust/target/release/examples/assembly_probe \[0m
2026-09-09T19:53:41.0935373Z [36;1m  --wasm-probe rust/target/wasm32-wasip1/release/examples/assembly_probe.wasm \[0m
2026-09-09T19:53:41.0935937Z [36;1m  --wasi-runner tests/run_wasi_sv_native.js \[0m
2026-09-09T19:53:41.0936370Z [36;1m  --output-dir artifacts/r0-wasm/bridge-set[0m
2026-09-09T19:53:41.0936903Z [36;1mpython tests/k1_horizon_cases.py \[0m
2026-09-09T19:53:41.0937444Z [36;1m  --native-probe rust/target/release/examples/assembly_probe \[0m
2026-09-09T19:53:41.0938077Z [36;1m  --wasm-probe rust/target/wasm32-wasip1/release/examples/assembly_probe.wasm \[0m
2026-09-09T19:53:41.0938641Z [36;1m  --wasi-runner tests/run_wasi_sv_native.js \[0m
2026-09-09T19:53:41.0939035Z [36;1m  --output-dir artifacts/r0-wasm/horizon-types[0m
2026-09-09T19:53:41.0939456Z [36;1mpython tests/k1_domain_cases.py \[0m
2026-09-09T19:53:41.0939878Z [36;1m  --native-probe rust/target/release/examples/assembly_probe \[0m
2026-09-09T19:53:41.0940515Z [36;1m  --wasm-probe rust/target/wasm32-wasip1/release/examples/assembly_probe.wasm \[0m
2026-09-09T19:53:41.0941068Z [36;1m  --wasi-runner tests/run_wasi_sv_native.js \[0m
2026-09-09T19:53:41.0941441Z [36;1m  --output-dir artifacts/r0-wasm/domain-names[0m
2026-09-09T19:53:41.0941719Z [36;1mpython tests/k1_optional_cases.py \[0m
2026-09-09T19:53:41.0942026Z [36;1m  --native-probe rust/target/release/examples/assembly_probe \[0m
2026-09-09T19:53:41.0942444Z [36;1m  --wasm-probe rust/target/wasm32-wasip1/release/examples/assembly_probe.wasm \[0m
2026-09-09T19:53:41.0942815Z [36;1m  --wasi-runner tests/run_wasi_sv_native.js \[0m
2026-09-09T19:53:41.0943190Z [36;1m  --output-dir artifacts/r0-wasm/optional-fields[0m
2026-09-09T19:53:41.0969364Z shell: /usr/bin/bash -e {0}
2026-09-09T19:53:41.0969607Z ##[endgroup]
2026-09-09T19:53:41.1135727Z warning: associated function `from_core_id` is never used
2026-09-09T19:53:41.1136379Z    --> sv_core/src/control.rs:155:27
2026-09-09T19:53:41.1136667Z     |
2026-09-09T19:53:41.1137126Z 141 |           impl $name {
2026-09-09T19:53:41.1137490Z     |           ---------- associated function in this implementation
2026-09-09T19:53:41.1137854Z ...
2026-09-09T19:53:41.1138146Z 155 |               pub(crate) fn from_core_id(id: ControlId) -> Self {
2026-09-09T19:53:41.1138553Z     |                             ^^^^^^^^^^^^
2026-09-09T19:53:41.1138843Z ...
2026-09-09T19:53:41.1139059Z 162 | / opaque_control_ref!(
2026-09-09T19:53:41.1139573Z 163 | |     InformationRef,
2026-09-09T19:53:41.1140267Z 164 | |     "Referencia nominal a información dentro del dominio de control."
2026-09-09T19:53:41.1140699Z 165 | | );
2026-09-09T19:53:41.1140937Z     | |_- in this macro invocation
2026-09-09T19:53:41.1141211Z     |
2026-09-09T19:53:41.1141524Z     = note: `#[warn(dead_code)]` (part of `#[warn(unused)]`) on by default
2026-09-09T19:53:41.1142257Z     = note: this warning originates in the macro `opaque_control_ref` (in Nightly builds, run with -Z macro-backtrace for more info)
2026-09-09T19:53:41.1142780Z 
2026-09-09T19:53:41.1142940Z warning: associated function `from_core_id` is never used
2026-09-09T19:53:41.1143290Z    --> sv_core/src/control.rs:155:27
2026-09-09T19:53:41.1143585Z     |
2026-09-09T19:53:41.1143790Z 141 |           impl $name {
2026-09-09T19:53:41.1144063Z     |           ---------- associated function in this implementation
2026-09-09T19:53:41.1144344Z ...
2026-09-09T19:53:41.1144734Z 155 |               pub(crate) fn from_core_id(id: ControlId) -> Self {
2026-09-09T19:53:41.1145504Z     |                             ^^^^^^^^^^^^
2026-09-09T19:53:41.1145848Z ...
2026-09-09T19:53:41.1146072Z 166 | / opaque_control_ref!(
2026-09-09T19:53:41.1146349Z 167 | |     AdmittedEvidenceRef,
2026-09-09T19:53:41.1147183Z 168 | |     "Referencia a evidencia cuya admisión debe proceder de una verificación gobernada."
2026-09-09T19:53:41.1147781Z 169 | | );
2026-09-09T19:53:41.1148019Z     | |_- in this macro invocation
2026-09-09T19:53:41.1148279Z     |
2026-09-09T19:53:41.1148830Z     = note: this warning originates in the macro `opaque_control_ref` (in Nightly builds, run with -Z macro-backtrace for more info)
2026-09-09T19:53:41.1149385Z 
2026-09-09T19:53:41.1149558Z warning: associated function `from_core_id` is never used
2026-09-09T19:53:41.1149954Z    --> sv_core/src/control.rs:155:27
2026-09-09T19:53:41.1150250Z     |
2026-09-09T19:53:41.1150473Z 141 |           impl $name {
2026-09-09T19:53:41.1150850Z     |           ---------- associated function in this implementation
2026-09-09T19:53:41.1151218Z ...
2026-09-09T19:53:41.1151434Z 155 |               pub(crate) fn from_core_id(id: ControlId) -> Self {
2026-09-09T19:53:41.1151709Z     |                             ^^^^^^^^^^^^
2026-09-09T19:53:41.1151918Z ...
2026-09-09T19:53:41.1152080Z 170 | / opaque_control_ref!(
2026-09-09T19:53:41.1152294Z 171 | |     ConstitutedFactRef,
2026-09-09T19:53:41.1152678Z 172 | |     "Referencia a un hecho semántico constituido; no equivale a autoridad."
2026-09-09T19:53:41.1152988Z 173 | | );
2026-09-09T19:53:41.1153157Z     | |_- in this macro invocation
2026-09-09T19:53:41.1153355Z     |
2026-09-09T19:53:41.1153734Z     = note: this warning originates in the macro `opaque_control_ref` (in Nightly builds, run with -Z macro-backtrace for more info)
2026-09-09T19:53:41.1154102Z 
2026-09-09T19:53:41.1154230Z warning: associated function `from_core_id` is never used
2026-09-09T19:53:41.1154497Z    --> sv_core/src/control.rs:155:27
2026-09-09T19:53:41.1154713Z     |
2026-09-09T19:53:41.1154873Z 141 |           impl $name {
2026-09-09T19:53:41.1155111Z     |           ---------- associated function in this implementation
2026-09-09T19:53:41.1155364Z ...
2026-09-09T19:53:41.1155566Z 155 |               pub(crate) fn from_core_id(id: ControlId) -> Self {
2026-09-09T19:53:41.1155839Z     |                             ^^^^^^^^^^^^
2026-09-09T19:53:41.1156051Z ...
2026-09-09T19:53:41.1156207Z 174 | / opaque_control_ref!(
2026-09-09T19:53:41.1156411Z 175 | |     AuthorityRef,
2026-09-09T19:53:41.1157189Z 176 | |     "Referencia a autoridad constituida; su constructor no forma parte de la API pública."
2026-09-09T19:53:41.1157714Z 177 | | );
2026-09-09T19:53:41.1157968Z     | |_- in this macro invocation
2026-09-09T19:53:41.1158253Z     |
2026-09-09T19:53:41.1158850Z     = note: this warning originates in the macro `opaque_control_ref` (in Nightly builds, run with -Z macro-backtrace for more info)
2026-09-09T19:53:41.1159501Z 
2026-09-09T19:53:41.1159730Z warning: associated function `from_core_id` is never used
2026-09-09T19:53:41.1160132Z    --> sv_core/src/control.rs:155:27
2026-09-09T19:53:41.1160409Z     |
2026-09-09T19:53:41.1160696Z 141 |           impl $name {
2026-09-09T19:53:41.1161236Z     |           ---------- associated function in this implementation
2026-09-09T19:53:41.1161594Z ...
2026-09-09T19:53:41.1161875Z 155 |               pub(crate) fn from_core_id(id: ControlId) -> Self {
2026-09-09T19:53:41.1162234Z     |                             ^^^^^^^^^^^^
2026-09-09T19:53:41.1162446Z ...
2026-09-09T19:53:41.1162606Z 178 | / opaque_control_ref!(
2026-09-09T19:53:41.1162804Z 179 | |     EnablementRef,
2026-09-09T19:53:41.1163271Z 180 | |     "Referencia a una habilitación de autoridad ya existente; no amplía autoridad."
2026-09-09T19:53:41.1163602Z 181 | | );
2026-09-09T19:53:41.1163865Z     | |_- in this macro invocation
2026-09-09T19:53:41.1164157Z     |
2026-09-09T19:53:41.1164650Z     = note: this warning originates in the macro `opaque_control_ref` (in Nightly builds, run with -Z macro-backtrace for more info)
2026-09-09T19:53:41.1165007Z 
2026-09-09T19:53:41.1165144Z warning: associated function `from_core_id` is never used
2026-09-09T19:53:41.1165422Z    --> sv_core/src/control.rs:155:27
2026-09-09T19:53:41.1165631Z     |
2026-09-09T19:53:41.1165798Z 141 |           impl $name {
2026-09-09T19:53:41.1166041Z     |           ---------- associated function in this implementation
2026-09-09T19:53:41.1166290Z ...
2026-09-09T19:53:41.1166496Z 155 |               pub(crate) fn from_core_id(id: ControlId) -> Self {
2026-09-09T19:53:41.1166928Z     |                             ^^^^^^^^^^^^
2026-09-09T19:53:41.1167170Z ...
2026-09-09T19:53:41.1167330Z 186 | / opaque_control_ref!(
2026-09-09T19:53:41.1167525Z 187 | |     FormRef,
2026-09-09T19:53:41.1167820Z 188 | |     "Referencia a una forma de transición constituida."
2026-09-09T19:53:41.1168082Z 189 | | );
2026-09-09T19:53:41.1168252Z     | |_- in this macro invocation
2026-09-09T19:53:41.1168451Z     |
2026-09-09T19:53:41.1168828Z     = note: this warning originates in the macro `opaque_control_ref` (in Nightly builds, run with -Z macro-backtrace for more info)
2026-09-09T19:53:41.1169195Z 
2026-09-09T19:53:41.1169315Z warning: associated function `from_core_id` is never used
2026-09-09T19:53:41.1169581Z    --> sv_core/src/control.rs:155:27
2026-09-09T19:53:41.1169781Z     |
2026-09-09T19:53:41.1169935Z 141 |           impl $name {
2026-09-09T19:53:41.1170168Z     |           ---------- associated function in this implementation
2026-09-09T19:53:41.1170412Z ...
2026-09-09T19:53:41.1170613Z 155 |               pub(crate) fn from_core_id(id: ControlId) -> Self {
2026-09-09T19:53:41.1170883Z     |                             ^^^^^^^^^^^^
2026-09-09T19:53:41.1171090Z ...
2026-09-09T19:53:41.1171247Z 190 | / opaque_control_ref!(
2026-09-09T19:53:41.1171444Z 191 | |     EffectFamilyRef,
2026-09-09T19:53:41.1171772Z 192 | |     "Referencia a una familia de efectos fijada por constitución."
2026-09-09T19:53:41.1172058Z 193 | | );
2026-09-09T19:53:41.1172227Z     | |_- in this macro invocation
2026-09-09T19:53:41.1172423Z     |
2026-09-09T19:53:41.1172796Z     = note: this warning originates in the macro `opaque_control_ref` (in Nightly builds, run with -Z macro-backtrace for more info)
2026-09-09T19:53:41.1173149Z 
2026-09-09T19:53:41.1173269Z warning: associated function `from_core_id` is never used
2026-09-09T19:53:41.1173534Z    --> sv_core/src/control.rs:155:27
2026-09-09T19:53:41.1173735Z     |
2026-09-09T19:53:41.1173888Z 141 |           impl $name {
2026-09-09T19:53:41.1174117Z     |           ---------- associated function in this implementation
2026-09-09T19:53:41.1174383Z ...
2026-09-09T19:53:41.1174586Z 155 |               pub(crate) fn from_core_id(id: ControlId) -> Self {
2026-09-09T19:53:41.1174856Z     |                             ^^^^^^^^^^^^
2026-09-09T19:53:41.1175064Z ...
2026-09-09T19:53:41.1175221Z 194 | / opaque_control_ref!(
2026-09-09T19:53:41.1175413Z 195 | |     EffectRef,
2026-09-09T19:53:41.1175787Z 196 | |     "Referencia a un efecto concreto; identificarlo no equivale a autorizarlo."
2026-09-09T19:53:41.1176097Z 197 | | );
2026-09-09T19:53:41.1176264Z     | |_- in this macro invocation
2026-09-09T19:53:41.1176461Z     |
2026-09-09T19:53:41.1176976Z     = note: this warning originates in the macro `opaque_control_ref` (in Nightly builds, run with -Z macro-backtrace for more info)
2026-09-09T19:53:41.1177340Z 
2026-09-09T19:53:41.1177469Z warning: associated function `from_core_id` is never used
2026-09-09T19:53:41.1177738Z    --> sv_core/src/control.rs:155:27
2026-09-09T19:53:41.1177944Z     |
2026-09-09T19:53:41.1178102Z 141 |           impl $name {
2026-09-09T19:53:41.1178336Z     |           ---------- associated function in this implementation
2026-09-09T19:53:41.1178582Z ...
2026-09-09T19:53:41.1178784Z 155 |               pub(crate) fn from_core_id(id: ControlId) -> Self {
2026-09-09T19:53:41.1179051Z     |                             ^^^^^^^^^^^^
2026-09-09T19:53:41.1179261Z ...
2026-09-09T19:53:41.1179494Z 198 | / opaque_control_ref!(
2026-09-09T19:53:41.1179693Z 199 | |     ContextRef,
2026-09-09T19:53:41.1179977Z 200 | |     "Referencia a una ligadura de contexto relevante para autoridad o forma."
2026-09-09T19:53:41.1180283Z 201 | | );
2026-09-09T19:53:41.1180446Z     | |_- in this macro invocation
2026-09-09T19:53:41.1180638Z     |
2026-09-09T19:53:41.1181006Z     = note: this warning originates in the macro `opaque_control_ref` (in Nightly builds, run with -Z macro-backtrace for more info)
2026-09-09T19:53:41.1181364Z 
2026-09-09T19:53:41.1181482Z warning: associated function `from_core_id` is never used
2026-09-09T19:53:41.1181745Z    --> sv_core/src/control.rs:155:27
2026-09-09T19:53:41.1181944Z     |
2026-09-09T19:53:41.1182106Z 141 |           impl $name {
2026-09-09T19:53:41.1182344Z     |           ---------- associated function in this implementation
2026-09-09T19:53:41.1182594Z ...
2026-09-09T19:53:41.1182796Z 155 |               pub(crate) fn from_core_id(id: ControlId) -> Self {
2026-09-09T19:53:41.1183067Z     |                             ^^^^^^^^^^^^
2026-09-09T19:53:41.1183273Z ...
2026-09-09T19:53:41.1183431Z 202 | / opaque_control_ref!(
2026-09-09T19:53:41.1183631Z 203 | |     AuthorityHolderRef,
2026-09-09T19:53:41.1184030Z 204 | |     "Referencia al titular de una autoridad; no constituye autoridad por sí misma."
2026-09-09T19:53:41.1184347Z 205 | | );
2026-09-09T19:53:41.1184517Z     | |_- in this macro invocation
2026-09-09T19:53:41.1184710Z     |
2026-09-09T19:53:41.1185074Z     = note: this warning originates in the macro `opaque_control_ref` (in Nightly builds, run with -Z macro-backtrace for more info)
2026-09-09T19:53:41.1185431Z 
2026-09-09T19:53:41.1185556Z warning: associated function `from_core_id` is never used
2026-09-09T19:53:41.1185819Z    --> sv_core/src/control.rs:155:27
2026-09-09T19:53:41.1186020Z     |
2026-09-09T19:53:41.1186177Z 141 |           impl $name {
2026-09-09T19:53:41.1186416Z     |           ---------- associated function in this implementation
2026-09-09T19:53:41.1186675Z ...
2026-09-09T19:53:41.1187115Z 155 |               pub(crate) fn from_core_id(id: ControlId) -> Self {
2026-09-09T19:53:41.1187392Z     |                             ^^^^^^^^^^^^
2026-09-09T19:53:41.1187597Z ...
2026-09-09T19:53:41.1187753Z 206 | / opaque_control_ref!(
2026-09-09T19:53:41.1187956Z 207 | |     GovernedObjectRef,
2026-09-09T19:53:41.1188257Z 208 | |     "Referencia a un objeto candidato a pertenecer al dominio gobernado D_a."
2026-09-09T19:53:41.1188560Z 209 | | );
2026-09-09T19:53:41.1188730Z     | |_- in this macro invocation
2026-09-09T19:53:41.1188929Z     |
2026-09-09T19:53:41.1189290Z     = note: this warning originates in the macro `opaque_control_ref` (in Nightly builds, run with -Z macro-backtrace for more info)
2026-09-09T19:53:41.1189653Z 
2026-09-09T19:53:41.1189775Z warning: associated function `from_core_id` is never used
2026-09-09T19:53:41.1190033Z    --> sv_core/src/control.rs:155:27
2026-09-09T19:53:41.1190301Z     |
2026-09-09T19:53:41.1190457Z 141 |           impl $name {
2026-09-09T19:53:41.1190689Z     |           ---------- associated function in this implementation
2026-09-09T19:53:41.1190933Z ...
2026-09-09T19:53:41.1191133Z 155 |               pub(crate) fn from_core_id(id: ControlId) -> Self {
2026-09-09T19:53:41.1191400Z     |                             ^^^^^^^^^^^^
2026-09-09T19:53:41.1191611Z ...
2026-09-09T19:53:41.1191769Z 210 | / opaque_control_ref!(
2026-09-09T19:53:41.1191972Z 211 | |     AccumulationRuleRef,
2026-09-09T19:53:41.1192355Z 212 | |     "Referencia a una regla gobernada de acumulación o a un predicado de traza."
2026-09-09T19:53:41.1192669Z 213 | | );
2026-09-09T19:53:41.1192834Z     | |_- in this macro invocation
2026-09-09T19:53:41.1193028Z     |
2026-09-09T19:53:41.1193395Z     = note: this warning originates in the macro `opaque_control_ref` (in Nightly builds, run with -Z macro-backtrace for more info)
2026-09-09T19:53:41.1193750Z 
2026-09-09T19:53:41.1193868Z warning: associated function `from_core_id` is never used
2026-09-09T19:53:41.1194185Z    --> sv_core/src/control.rs:155:27
2026-09-09T19:53:41.1194390Z     |
2026-09-09T19:53:41.1194545Z 141 |           impl $name {
2026-09-09T19:53:41.1194781Z     |           ---------- associated function in this implementation
2026-09-09T19:53:41.1195024Z ...
2026-09-09T19:53:41.1195224Z 155 |               pub(crate) fn from_core_id(id: ControlId) -> Self {
2026-09-09T19:53:41.1195486Z     |                             ^^^^^^^^^^^^
2026-09-09T19:53:41.1195691Z ...
2026-09-09T19:53:41.1195865Z 214 | / opaque_control_ref!(
2026-09-09T19:53:41.1196060Z 215 | |     RequirementRef,
2026-09-09T19:53:41.1196438Z 216 | |     "Referencia a una obligación de Req; identificarla no acredita su cumplimiento."
2026-09-09T19:53:41.1196900Z 217 | | );
2026-09-09T19:53:41.1197101Z     | |_- in this macro invocation
2026-09-09T19:53:41.1197307Z     |
2026-09-09T19:53:41.1197698Z     = note: this warning originates in the macro `opaque_control_ref` (in Nightly builds, run with -Z macro-backtrace for more info)
2026-09-09T19:53:41.1198052Z 
2026-09-09T19:53:41.1198181Z warning: associated function `from_core_id` is never used
2026-09-09T19:53:41.1198445Z    --> sv_core/src/control.rs:155:27
2026-09-09T19:53:41.1198647Z     |
2026-09-09T19:53:41.1198801Z 141 |           impl $name {
2026-09-09T19:53:41.1199036Z     |           ---------- associated function in this implementation
2026-09-09T19:53:41.1199283Z ...
2026-09-09T19:53:41.1199480Z 155 |               pub(crate) fn from_core_id(id: ControlId) -> Self {
2026-09-09T19:53:41.1199741Z     |                             ^^^^^^^^^^^^
2026-09-09T19:53:41.1199953Z ...
2026-09-09T19:53:41.1200106Z 218 | / opaque_control_ref!(
2026-09-09T19:53:41.1200295Z 219 | |     VerifierRef,
2026-09-09T19:53:41.1200616Z 220 | |     "Referencia a un verificador concreto; su mera existencia no acredita aplicabilidad."
2026-09-09T19:53:41.1200963Z 221 | | );
2026-09-09T19:53:41.1201127Z     | |_- in this macro invocation
2026-09-09T19:53:41.1201324Z     |
2026-09-09T19:53:41.1201688Z     = note: this warning originates in the macro `opaque_control_ref` (in Nightly builds, run with -Z macro-backtrace for more info)
2026-09-09T19:53:41.1202038Z 
2026-09-09T19:53:41.1202155Z warning: associated function `from_core_id` is never used
2026-09-09T19:53:41.1202418Z    --> sv_core/src/control.rs:155:27
2026-09-09T19:53:41.1202616Z     |
2026-09-09T19:53:41.1202770Z 141 |           impl $name {
2026-09-09T19:53:41.1203005Z     |           ---------- associated function in this implementation
2026-09-09T19:53:41.1203257Z ...
2026-09-09T19:53:41.1203455Z 155 |               pub(crate) fn from_core_id(id: ControlId) -> Self {
2026-09-09T19:53:41.1203725Z     |                             ^^^^^^^^^^^^
2026-09-09T19:53:41.1203931Z ...
2026-09-09T19:53:41.1204086Z 222 | / opaque_control_ref!(
2026-09-09T19:53:41.1204286Z 223 | |     VerifierFamilyRef,
2026-09-09T19:53:41.1204656Z 224 | |     "Referencia a una familia de verificadores admisibles para una obligación."
2026-09-09T19:53:41.1205101Z 225 | | );
2026-09-09T19:53:41.1205271Z     | |_- in this macro invocation
2026-09-09T19:53:41.1205467Z     |
2026-09-09T19:53:41.1205832Z     = note: this warning originates in the macro `opaque_control_ref` (in Nightly builds, run with -Z macro-backtrace for more info)
2026-09-09T19:53:41.1206175Z 
2026-09-09T19:53:41.1206300Z warning: associated function `from_core_id` is never used
2026-09-09T19:53:41.1206558Z    --> sv_core/src/control.rs:155:27
2026-09-09T19:53:41.1206904Z     |
2026-09-09T19:53:41.1207088Z 141 |           impl $name {
2026-09-09T19:53:41.1207330Z     |           ---------- associated function in this implementation
2026-09-09T19:53:41.1207585Z ...
2026-09-09T19:53:41.1207808Z 155 |               pub(crate) fn from_core_id(id: ControlId) -> Self {
2026-09-09T19:53:41.1208080Z     |                             ^^^^^^^^^^^^
2026-09-09T19:53:41.1208293Z ...
2026-09-09T19:53:41.1208450Z 226 | / opaque_control_ref!(
2026-09-09T19:53:41.1208661Z 227 | |     ApplicabilityRuleRef,
2026-09-09T19:53:41.1209118Z 228 | |     "Referencia a una regla previamente constituida de aplicabilidad de comprobación."
2026-09-09T19:53:41.1209455Z 229 | | );
2026-09-09T19:53:41.1209630Z     | |_- in this macro invocation
2026-09-09T19:53:41.1209833Z     |
2026-09-09T19:53:41.1210211Z     = note: this warning originates in the macro `opaque_control_ref` (in Nightly builds, run with -Z macro-backtrace for more info)
2026-09-09T19:53:41.1210570Z 
2026-09-09T19:53:41.1210699Z warning: associated function `from_core_id` is never used
2026-09-09T19:53:41.1210965Z    --> sv_core/src/control.rs:155:27
2026-09-09T19:53:41.1211169Z     |
2026-09-09T19:53:41.1211327Z 141 |           impl $name {
2026-09-09T19:53:41.1211565Z     |           ---------- associated function in this implementation
2026-09-09T19:53:41.1211821Z ...
2026-09-09T19:53:41.1212026Z 155 |               pub(crate) fn from_core_id(id: ControlId) -> Self {
2026-09-09T19:53:41.1212297Z     |                             ^^^^^^^^^^^^
2026-09-09T19:53:41.1212517Z ...
2026-09-09T19:53:41.1212679Z 230 | / opaque_control_ref!(
2026-09-09T19:53:41.1212900Z 231 | |     ConflictResolutionRuleRef,
2026-09-09T19:53:41.1213367Z 232 | |     "Referencia a una regla previamente constituida de resolución de conflicto entre comprobaciones."
2026-09-09T19:53:41.1213748Z 233 | | );
2026-09-09T19:53:41.1213922Z     | |_- in this macro invocation
2026-09-09T19:53:41.1214129Z     |
2026-09-09T19:53:41.1214501Z     = note: this warning originates in the macro `opaque_control_ref` (in Nightly builds, run with -Z macro-backtrace for more info)
2026-09-09T19:53:41.1214845Z 
2026-09-09T19:53:41.1214967Z warning: associated function `from_core_id` is never used
2026-09-09T19:53:41.1215236Z    --> sv_core/src/control.rs:155:27
2026-09-09T19:53:41.1215445Z     |
2026-09-09T19:53:41.1215612Z 141 |           impl $name {
2026-09-09T19:53:41.1215851Z     |           ---------- associated function in this implementation
2026-09-09T19:53:41.1216110Z ...
2026-09-09T19:53:41.1216321Z 155 |               pub(crate) fn from_core_id(id: ControlId) -> Self {
2026-09-09T19:53:41.1216596Z     |                             ^^^^^^^^^^^^
2026-09-09T19:53:41.1216920Z ...
2026-09-09T19:53:41.1217087Z 234 | / opaque_control_ref!(
2026-09-09T19:53:41.1217281Z 235 | |     CoverageRuleRef,
2026-09-09T19:53:41.1217617Z 236 | |     "Referencia a una regla previamente constituida de cobertura de comprobaciones exigibles."
2026-09-09T19:53:41.1217968Z 237 | | );
2026-09-09T19:53:41.1218147Z     | |_- in this macro invocation
2026-09-09T19:53:41.1218347Z     |
2026-09-09T19:53:41.1218717Z     = note: this warning originates in the macro `opaque_control_ref` (in Nightly builds, run with -Z macro-backtrace for more info)
2026-09-09T19:53:41.1219071Z 
2026-09-09T19:53:41.1219202Z warning: associated function `from_core_id` is never used
2026-09-09T19:53:41.1219472Z    --> sv_core/src/control.rs:155:27
2026-09-09T19:53:41.1219674Z     |
2026-09-09T19:53:41.1219827Z 141 |           impl $name {
2026-09-09T19:53:41.1220126Z     |           ---------- associated function in this implementation
2026-09-09T19:53:41.1220373Z ...
2026-09-09T19:53:41.1220576Z 155 |               pub(crate) fn from_core_id(id: ControlId) -> Self {
2026-09-09T19:53:41.1220853Z     |                             ^^^^^^^^^^^^
2026-09-09T19:53:41.1221059Z ...
2026-09-09T19:53:41.1221215Z 238 | / opaque_control_ref!(
2026-09-09T19:53:41.1221408Z 239 | |     ReuseRuleRef,
2026-09-09T19:53:41.1221835Z 240 | |     "Referencia a una regla previamente constituida de reutilización de resultados cualificados."
2026-09-09T19:53:41.1222190Z 241 | | );
2026-09-09T19:53:41.1222352Z     | |_- in this macro invocation
2026-09-09T19:53:41.1222544Z     |
2026-09-09T19:53:41.1222905Z     = note: this warning originates in the macro `opaque_control_ref` (in Nightly builds, run with -Z macro-backtrace for more info)
2026-09-09T19:53:41.1223267Z 
2026-09-09T19:53:41.1223388Z warning: associated function `from_core_id` is never used
2026-09-09T19:53:41.1223711Z    --> sv_core/src/control.rs:155:27
2026-09-09T19:53:41.1223912Z     |
2026-09-09T19:53:41.1224066Z 141 |           impl $name {
2026-09-09T19:53:41.1224301Z     |           ---------- associated function in this implementation
2026-09-09T19:53:41.1224544Z ...
2026-09-09T19:53:41.1224747Z 155 |               pub(crate) fn from_core_id(id: ControlId) -> Self {
2026-09-09T19:53:41.1225017Z     |                             ^^^^^^^^^^^^
2026-09-09T19:53:41.1225222Z ...
2026-09-09T19:53:41.1225377Z 242 | / opaque_control_ref!(
2026-09-09T19:53:41.1225575Z 243 | |     ReuseBindingKeyRef,
2026-09-09T19:53:41.1226049Z 244 | |     "Referencia a una dimensión constituida cuya continuidad puede ser exigible para reutilizar un resultado."
2026-09-09T19:53:41.1226445Z 245 | | );
2026-09-09T19:53:41.1226610Z     | |_- in this macro invocation
2026-09-09T19:53:41.1226938Z     |
2026-09-09T19:53:41.1227439Z     = note: this warning originates in the macro `opaque_control_ref` (in Nightly builds, run with -Z macro-backtrace for more info)
2026-09-09T19:53:41.1227808Z 
2026-09-09T19:53:41.1227925Z warning: associated function `from_core_id` is never used
2026-09-09T19:53:41.1228185Z    --> sv_core/src/control.rs:155:27
2026-09-09T19:53:41.1228387Z     |
2026-09-09T19:53:41.1228545Z 141 |           impl $name {
2026-09-09T19:53:41.1228788Z     |           ---------- associated function in this implementation
2026-09-09T19:53:41.1229042Z ...
2026-09-09T19:53:41.1229246Z 155 |               pub(crate) fn from_core_id(id: ControlId) -> Self {
2026-09-09T19:53:41.1229516Z     |                             ^^^^^^^^^^^^
2026-09-09T19:53:41.1229720Z ...
2026-09-09T19:53:41.1229874Z 246 | / opaque_control_ref!(
2026-09-09T19:53:41.1230073Z 247 | |     ReuseBindingValueRef,
2026-09-09T19:53:41.1230548Z 248 | |     "Referencia al valor constituido de una dimensión de reutilización; identificarlo no acredita su vigencia."
2026-09-09T19:53:41.1230940Z 249 | | );
2026-09-09T19:53:41.1231103Z     | |_- in this macro invocation
2026-09-09T19:53:41.1231310Z     |
2026-09-09T19:53:41.1231665Z     = note: this warning originates in the macro `opaque_control_ref` (in Nightly builds, run with -Z macro-backtrace for more info)
2026-09-09T19:53:41.1232003Z 
2026-09-09T19:53:41.1232104Z warning: constant `PROFILE_ID` is never used
2026-09-09T19:53:41.1232352Z  --> sv_core/src/identifier_profile.rs:6:18
2026-09-09T19:53:41.1232565Z   |
2026-09-09T19:53:41.1232787Z 6 | pub(crate) const PROFILE_ID: &str = "svp-grammar-0.2-lex-es-1";
2026-09-09T19:53:41.1233067Z   |                  ^^^^^^^^^^
2026-09-09T19:53:41.1233191Z 
2026-09-09T19:53:41.1233293Z warning: function `is_reserved_word` is never used
2026-09-09T19:53:41.1233553Z   --> sv_core/src/identifier_profile.rs:22:15
2026-09-09T19:53:41.1233781Z    |
2026-09-09T19:53:41.1233977Z 22 | pub(crate) fn is_reserved_word(word: &str) -> bool {
2026-09-09T19:53:41.1234222Z    |               ^^^^^^^^^^^^^^^^
2026-09-09T19:53:41.1234347Z 
2026-09-09T19:53:41.1234453Z warning: method `matches_descriptor` is never used
2026-09-09T19:53:41.1234791Z    --> sv_core/src/requirements_reuse.rs:121:19
2026-09-09T19:53:41.1235017Z     |
2026-09-09T19:53:41.1235172Z  44 | impl ReuseRule {
2026-09-09T19:53:41.1235381Z     | -------------- method in this implementation
2026-09-09T19:53:41.1235601Z ...
2026-09-09T19:53:41.1235888Z 121 |     pub(crate) fn matches_descriptor(&self, descriptor: &RequirementDescriptor) -> bool {
2026-09-09T19:53:41.1236245Z     |                   ^^^^^^^^^^^^^^^^^^
2026-09-09T19:53:41.1236384Z 
2026-09-09T19:53:41.1236526Z warning: hiding a lifetime that's elided elsewhere is confusing
2026-09-09T19:53:41.1236942Z     --> sv_core/src/frontend.rs:2146:13
2026-09-09T19:53:41.1237276Z      |
2026-09-09T19:53:41.1237446Z 2146 |     fn peek(&self) -> &Token {
2026-09-09T19:53:41.1237656Z      |             ^^^^^     ^^^^^^
2026-09-09T19:53:41.1237861Z      |             |         ||
2026-09-09T19:53:41.1238086Z      |             |         |the same lifetime is hidden here
2026-09-09T19:53:41.1238412Z      |             |         the same lifetime is elided here
2026-09-09T19:53:41.1238677Z      |             the lifetime is elided here
2026-09-09T19:53:41.1238896Z      |
2026-09-09T19:53:41.1239190Z      = help: the same lifetime is referred to in inconsistent ways, making the signature confusing
2026-09-09T19:53:41.1239595Z      = note: `#[warn(mismatched_lifetime_syntaxes)]` on by default
2026-09-09T19:53:41.1239892Z help: use `'_` for type paths
2026-09-09T19:53:41.1240093Z      |
2026-09-09T19:53:41.1240269Z 2146 |     fn peek(&self) -> &Token<'_> {
2026-09-09T19:53:41.1240487Z      |                             ++++
2026-09-09T19:53:41.1240624Z 
2026-09-09T19:53:41.1240846Z warning: `sv_core` (lib) generated 25 warnings (run `cargo fix --lib -p sv_core` to apply 1 suggestion)
2026-09-09T19:53:41.1241426Z    Compiling sv_native v0.1.0 (/home/runner/work/SV-lenguaje-de-computacion/SV-lenguaje-de-computacion/rust/sv_native)
2026-09-09T19:53:41.3690164Z     Finished `release` profile [optimized] target(s) in 0.26s
2026-09-09T19:53:41.3837080Z warning: associated function `from_core_id` is never used
2026-09-09T19:53:41.3837498Z    --> sv_core/src/control.rs:155:27
2026-09-09T19:53:41.3837785Z     |
2026-09-09T19:53:41.3838043Z 141 |           impl $name {
2026-09-09T19:53:41.3838389Z     |           ---------- associated function in this implementation
2026-09-09T19:53:41.3838767Z ...
2026-09-09T19:53:41.3839060Z 155 |               pub(crate) fn from_core_id(id: ControlId) -> Self {
2026-09-09T19:53:41.3839459Z     |                             ^^^^^^^^^^^^
2026-09-09T19:53:41.3839754Z ...
2026-09-09T19:53:41.3839973Z 162 | / opaque_control_ref!(
2026-09-09T19:53:41.3840257Z 163 | |     InformationRef,
2026-09-09T19:53:41.3840903Z 164 | |     "Referencia nominal a información dentro del dominio de control."
2026-09-09T19:53:41.3841205Z 165 | | );
2026-09-09T19:53:41.3841380Z     | |_- in this macro invocation
2026-09-09T19:53:41.3841578Z     |
2026-09-09T19:53:41.3841814Z     = note: `#[warn(dead_code)]` (part of `#[warn(unused)]`) on by default
2026-09-09T19:53:41.3842340Z     = note: this warning originates in the macro `opaque_control_ref` (in Nightly builds, run with -Z macro-backtrace for more info)
2026-09-09T19:53:41.3842698Z 
2026-09-09T19:53:41.3842827Z warning: associated function `from_core_id` is never used
2026-09-09T19:53:41.3843096Z    --> sv_core/src/control.rs:155:27
2026-09-09T19:53:41.3843297Z     |
2026-09-09T19:53:41.3843459Z 141 |           impl $name {
2026-09-09T19:53:41.3843697Z     |           ---------- associated function in this implementation
2026-09-09T19:53:41.3843947Z ...
2026-09-09T19:53:41.3844149Z 155 |               pub(crate) fn from_core_id(id: ControlId) -> Self {
2026-09-09T19:53:41.3844423Z     |                             ^^^^^^^^^^^^
2026-09-09T19:53:41.3844629Z ...
2026-09-09T19:53:41.3844795Z 166 | / opaque_control_ref!(
2026-09-09T19:53:41.3844997Z 167 | |     AdmittedEvidenceRef,
2026-09-09T19:53:41.3845414Z 168 | |     "Referencia a evidencia cuya admisión debe proceder de una verificación gobernada."
2026-09-09T19:53:41.3846152Z 169 | | );
2026-09-09T19:53:41.3846389Z     | |_- in this macro invocation
2026-09-09T19:53:41.3846663Z     |
2026-09-09T19:53:41.3847321Z     = note: this warning originates in the macro `opaque_control_ref` (in Nightly builds, run with -Z macro-backtrace for more info)
2026-09-09T19:53:41.3847860Z 
2026-09-09T19:53:41.3848032Z warning: associated function `from_core_id` is never used
2026-09-09T19:53:41.3848422Z    --> sv_core/src/control.rs:155:27
2026-09-09T19:53:41.3848757Z     |
2026-09-09T19:53:41.3848979Z 141 |           impl $name {
2026-09-09T19:53:41.3849334Z     |           ---------- associated function in this implementation
2026-09-09T19:53:41.3849608Z ...
2026-09-09T19:53:41.3849815Z 155 |               pub(crate) fn from_core_id(id: ControlId) -> Self {
2026-09-09T19:53:41.3850085Z     |                             ^^^^^^^^^^^^
2026-09-09T19:53:41.3850294Z ...
2026-09-09T19:53:41.3850449Z 170 | / opaque_control_ref!(
2026-09-09T19:53:41.3850743Z 171 | |     ConstitutedFactRef,
2026-09-09T19:53:41.3851127Z 172 | |     "Referencia a un hecho semántico constituido; no equivale a autoridad."
2026-09-09T19:53:41.3851439Z 173 | | );
2026-09-09T19:53:41.3851629Z     | |_- in this macro invocation
2026-09-09T19:53:41.3851831Z     |
2026-09-09T19:53:41.3852196Z     = note: this warning originates in the macro `opaque_control_ref` (in Nightly builds, run with -Z macro-backtrace for more info)
2026-09-09T19:53:41.3852548Z 
2026-09-09T19:53:41.3852677Z warning: associated function `from_core_id` is never used
2026-09-09T19:53:41.3852937Z    --> sv_core/src/control.rs:155:27
2026-09-09T19:53:41.3853141Z     |
2026-09-09T19:53:41.3853294Z 141 |           impl $name {
2026-09-09T19:53:41.3853531Z     |           ---------- associated function in this implementation
2026-09-09T19:53:41.3853778Z ...
2026-09-09T19:53:41.3853984Z 155 |               pub(crate) fn from_core_id(id: ControlId) -> Self {
2026-09-09T19:53:41.3854263Z     |                             ^^^^^^^^^^^^
2026-09-09T19:53:41.3854465Z ...
2026-09-09T19:53:41.3854618Z 174 | / opaque_control_ref!(
2026-09-09T19:53:41.3854888Z 175 | |     AuthorityRef,
2026-09-09T19:53:41.3855270Z 176 | |     "Referencia a autoridad constituida; su constructor no forma parte de la API pública."
2026-09-09T19:53:41.3855614Z 177 | | );
2026-09-09T19:53:41.3855780Z     | |_- in this macro invocation
2026-09-09T19:53:41.3855970Z     |
2026-09-09T19:53:41.3856331Z     = note: this warning originates in the macro `opaque_control_ref` (in Nightly builds, run with -Z macro-backtrace for more info)
2026-09-09T19:53:41.3856685Z 
2026-09-09T19:53:41.3856950Z warning: associated function `from_core_id` is never used
2026-09-09T19:53:41.3857226Z    --> sv_core/src/control.rs:155:27
2026-09-09T19:53:41.3857431Z     |
2026-09-09T19:53:41.3857590Z 141 |           impl $name {
2026-09-09T19:53:41.3857827Z     |           ---------- associated function in this implementation
2026-09-09T19:53:41.3858083Z ...
2026-09-09T19:53:41.3858289Z 155 |               pub(crate) fn from_core_id(id: ControlId) -> Self {
2026-09-09T19:53:41.3858559Z     |                             ^^^^^^^^^^^^
2026-09-09T19:53:41.3858763Z ...
2026-09-09T19:53:41.3858921Z 178 | / opaque_control_ref!(
2026-09-09T19:53:41.3859124Z 179 | |     EnablementRef,
2026-09-09T19:53:41.3859505Z 180 | |     "Referencia a una habilitación de autoridad ya existente; no amplía autoridad."
2026-09-09T19:53:41.3859834Z 181 | | );
2026-09-09T19:53:41.3860002Z     | |_- in this macro invocation
2026-09-09T19:53:41.3860197Z     |
2026-09-09T19:53:41.3860560Z     = note: this warning originates in the macro `opaque_control_ref` (in Nightly builds, run with -Z macro-backtrace for more info)
2026-09-09T19:53:41.3860917Z 
2026-09-09T19:53:41.3861034Z warning: associated function `from_core_id` is never used
2026-09-09T19:53:41.3861297Z    --> sv_core/src/control.rs:155:27
2026-09-09T19:53:41.3861496Z     |
2026-09-09T19:53:41.3861659Z 141 |           impl $name {
2026-09-09T19:53:41.3861979Z     |           ---------- associated function in this implementation
2026-09-09T19:53:41.3862233Z ...
2026-09-09T19:53:41.3862438Z 155 |               pub(crate) fn from_core_id(id: ControlId) -> Self {
2026-09-09T19:53:41.3862723Z     |                             ^^^^^^^^^^^^
2026-09-09T19:53:41.3862945Z ...
2026-09-09T19:53:41.3863113Z 186 | / opaque_control_ref!(
2026-09-09T19:53:41.3863316Z 187 | |     FormRef,
2026-09-09T19:53:41.3863604Z 188 | |     "Referencia a una forma de transición constituida."
2026-09-09T19:53:41.3863864Z 189 | | );
2026-09-09T19:53:41.3864039Z     | |_- in this macro invocation
2026-09-09T19:53:41.3864249Z     |
2026-09-09T19:53:41.3864621Z     = note: this warning originates in the macro `opaque_control_ref` (in Nightly builds, run with -Z macro-backtrace for more info)
2026-09-09T19:53:41.3864969Z 
2026-09-09T19:53:41.3865094Z warning: associated function `from_core_id` is never used
2026-09-09T19:53:41.3865365Z    --> sv_core/src/control.rs:155:27
2026-09-09T19:53:41.3865636Z     |
2026-09-09T19:53:41.3865793Z 141 |           impl $name {
2026-09-09T19:53:41.3866024Z     |           ---------- associated function in this implementation
2026-09-09T19:53:41.3866273Z ...
2026-09-09T19:53:41.3866475Z 155 |               pub(crate) fn from_core_id(id: ControlId) -> Self {
2026-09-09T19:53:41.3866751Z     |                             ^^^^^^^^^^^^
2026-09-09T19:53:41.3867090Z ...
2026-09-09T19:53:41.3867253Z 190 | / opaque_control_ref!(
2026-09-09T19:53:41.3867451Z 191 | |     EffectFamilyRef,
2026-09-09T19:53:41.3867778Z 192 | |     "Referencia a una familia de efectos fijada por constitución."
2026-09-09T19:53:41.3868071Z 193 | | );
2026-09-09T19:53:41.3868240Z     | |_- in this macro invocation
2026-09-09T19:53:41.3868440Z     |
2026-09-09T19:53:41.3868815Z     = note: this warning originates in the macro `opaque_control_ref` (in Nightly builds, run with -Z macro-backtrace for more info)
2026-09-09T19:53:41.3869180Z 
2026-09-09T19:53:41.3869311Z warning: associated function `from_core_id` is never used
2026-09-09T19:53:41.3869585Z    --> sv_core/src/control.rs:155:27
2026-09-09T19:53:41.3869789Z     |
2026-09-09T19:53:41.3869944Z 141 |           impl $name {
2026-09-09T19:53:41.3870174Z     |           ---------- associated function in this implementation
2026-09-09T19:53:41.3870418Z ...
2026-09-09T19:53:41.3870618Z 155 |               pub(crate) fn from_core_id(id: ControlId) -> Self {
2026-09-09T19:53:41.3870893Z     |                             ^^^^^^^^^^^^
2026-09-09T19:53:41.3871097Z ...
2026-09-09T19:53:41.3871253Z 194 | / opaque_control_ref!(
2026-09-09T19:53:41.3871448Z 195 | |     EffectRef,
2026-09-09T19:53:41.3871732Z 196 | |     "Referencia a un efecto concreto; identificarlo no equivale a autorizarlo."
2026-09-09T19:53:41.3872058Z 197 | | );
2026-09-09T19:53:41.3872223Z     | |_- in this macro invocation
2026-09-09T19:53:41.3872421Z     |
2026-09-09T19:53:41.3872788Z     = note: this warning originates in the macro `opaque_control_ref` (in Nightly builds, run with -Z macro-backtrace for more info)
2026-09-09T19:53:41.3873157Z 
2026-09-09T19:53:41.3873282Z warning: associated function `from_core_id` is never used
2026-09-09T19:53:41.3873550Z    --> sv_core/src/control.rs:155:27
2026-09-09T19:53:41.3873752Z     |
2026-09-09T19:53:41.3873903Z 141 |           impl $name {
2026-09-09T19:53:41.3874135Z     |           ---------- associated function in this implementation
2026-09-09T19:53:41.3874384Z ...
2026-09-09T19:53:41.3874603Z 155 |               pub(crate) fn from_core_id(id: ControlId) -> Self {
2026-09-09T19:53:41.3874872Z     |                             ^^^^^^^^^^^^
2026-09-09T19:53:41.3875079Z ...
2026-09-09T19:53:41.3875232Z 198 | / opaque_control_ref!(
2026-09-09T19:53:41.3875422Z 199 | |     ContextRef,
2026-09-09T19:53:41.3875702Z 200 | |     "Referencia a una ligadura de contexto relevante para autoridad o forma."
2026-09-09T19:53:41.3876004Z 201 | | );
2026-09-09T19:53:41.3876170Z     | |_- in this macro invocation
2026-09-09T19:53:41.3876445Z     |
2026-09-09T19:53:41.3876932Z     = note: this warning originates in the macro `opaque_control_ref` (in Nightly builds, run with -Z macro-backtrace for more info)
2026-09-09T19:53:41.3877287Z 
2026-09-09T19:53:41.3877411Z warning: associated function `from_core_id` is never used
2026-09-09T19:53:41.3877677Z    --> sv_core/src/control.rs:155:27
2026-09-09T19:53:41.3877879Z     |
2026-09-09T19:53:41.3878035Z 141 |           impl $name {
2026-09-09T19:53:41.3878270Z     |           ---------- associated function in this implementation
2026-09-09T19:53:41.3878521Z ...
2026-09-09T19:53:41.3878723Z 155 |               pub(crate) fn from_core_id(id: ControlId) -> Self {
2026-09-09T19:53:41.3878993Z     |                             ^^^^^^^^^^^^
2026-09-09T19:53:41.3879198Z ...
2026-09-09T19:53:41.3879353Z 202 | / opaque_control_ref!(
2026-09-09T19:53:41.3879554Z 203 | |     AuthorityHolderRef,
2026-09-09T19:53:41.3879937Z 204 | |     "Referencia al titular de una autoridad; no constituye autoridad por sí misma."
2026-09-09T19:53:41.3880314Z 205 | | );
2026-09-09T19:53:41.3880482Z     | |_- in this macro invocation
2026-09-09T19:53:41.3880676Z     |
2026-09-09T19:53:41.3881040Z     = note: this warning originates in the macro `opaque_control_ref` (in Nightly builds, run with -Z macro-backtrace for more info)
2026-09-09T19:53:41.3881385Z 
2026-09-09T19:53:41.3881500Z warning: associated function `from_core_id` is never used
2026-09-09T19:53:41.3881765Z    --> sv_core/src/control.rs:155:27
2026-09-09T19:53:41.3881966Z     |
2026-09-09T19:53:41.3882120Z 141 |           impl $name {
2026-09-09T19:53:41.3882354Z     |           ---------- associated function in this implementation
2026-09-09T19:53:41.3882601Z ...
2026-09-09T19:53:41.3882801Z 155 |               pub(crate) fn from_core_id(id: ControlId) -> Self {
2026-09-09T19:53:41.3883068Z     |                             ^^^^^^^^^^^^
2026-09-09T19:53:41.3883273Z ...
2026-09-09T19:53:41.3883429Z 206 | / opaque_control_ref!(
2026-09-09T19:53:41.3883635Z 207 | |     GovernedObjectRef,
2026-09-09T19:53:41.3883930Z 208 | |     "Referencia a un objeto candidato a pertenecer al dominio gobernado D_a."
2026-09-09T19:53:41.3884234Z 209 | | );
2026-09-09T19:53:41.3884398Z     | |_- in this macro invocation
2026-09-09T19:53:41.3884594Z     |
2026-09-09T19:53:41.3884942Z     = note: this warning originates in the macro `opaque_control_ref` (in Nightly builds, run with -Z macro-backtrace for more info)
2026-09-09T19:53:41.3885280Z 
2026-09-09T19:53:41.3885405Z warning: associated function `from_core_id` is never used
2026-09-09T19:53:41.3885662Z    --> sv_core/src/control.rs:155:27
2026-09-09T19:53:41.3885862Z     |
2026-09-09T19:53:41.3886017Z 141 |           impl $name {
2026-09-09T19:53:41.3886247Z     |           ---------- associated function in this implementation
2026-09-09T19:53:41.3886498Z ...
2026-09-09T19:53:41.3886697Z 155 |               pub(crate) fn from_core_id(id: ControlId) -> Self {
2026-09-09T19:53:41.3887114Z     |                             ^^^^^^^^^^^^
2026-09-09T19:53:41.3887329Z ...
2026-09-09T19:53:41.3887490Z 210 | / opaque_control_ref!(
2026-09-09T19:53:41.3887693Z 211 | |     AccumulationRuleRef,
2026-09-09T19:53:41.3888068Z 212 | |     "Referencia a una regla gobernada de acumulación o a un predicado de traza."
2026-09-09T19:53:41.3888389Z 213 | | );
2026-09-09T19:53:41.3888551Z     | |_- in this macro invocation
2026-09-09T19:53:41.3888742Z     |
2026-09-09T19:53:41.3889098Z     = note: this warning originates in the macro `opaque_control_ref` (in Nightly builds, run with -Z macro-backtrace for more info)
2026-09-09T19:53:41.3889453Z 
2026-09-09T19:53:41.3889576Z warning: associated function `from_core_id` is never used
2026-09-09T19:53:41.3889833Z    --> sv_core/src/control.rs:155:27
2026-09-09T19:53:41.3890033Z     |
2026-09-09T19:53:41.3890188Z 141 |           impl $name {
2026-09-09T19:53:41.3890419Z     |           ---------- associated function in this implementation
2026-09-09T19:53:41.3890665Z ...
2026-09-09T19:53:41.3890937Z 155 |               pub(crate) fn from_core_id(id: ControlId) -> Self {
2026-09-09T19:53:41.3891207Z     |                             ^^^^^^^^^^^^
2026-09-09T19:53:41.3891414Z ...
2026-09-09T19:53:41.3891577Z 214 | / opaque_control_ref!(
2026-09-09T19:53:41.3891773Z 215 | |     RequirementRef,
2026-09-09T19:53:41.3892153Z 216 | |     "Referencia a una obligación de Req; identificarla no acredita su cumplimiento."
2026-09-09T19:53:41.3892483Z 217 | | );
2026-09-09T19:53:41.3892649Z     | |_- in this macro invocation
2026-09-09T19:53:41.3892845Z     |
2026-09-09T19:53:41.3893206Z     = note: this warning originates in the macro `opaque_control_ref` (in Nightly builds, run with -Z macro-backtrace for more info)
2026-09-09T19:53:41.3893560Z 
2026-09-09T19:53:41.3893678Z warning: associated function `from_core_id` is never used
2026-09-09T19:53:41.3893934Z    --> sv_core/src/control.rs:155:27
2026-09-09T19:53:41.3894135Z     |
2026-09-09T19:53:41.3894296Z 141 |           impl $name {
2026-09-09T19:53:41.3894587Z     |           ---------- associated function in this implementation
2026-09-09T19:53:41.3894839Z ...
2026-09-09T19:53:41.3895042Z 155 |               pub(crate) fn from_core_id(id: ControlId) -> Self {
2026-09-09T19:53:41.3895317Z     |                             ^^^^^^^^^^^^
2026-09-09T19:53:41.3895525Z ...
2026-09-09T19:53:41.3895685Z 218 | / opaque_control_ref!(
2026-09-09T19:53:41.3895877Z 219 | |     VerifierRef,
2026-09-09T19:53:41.3896197Z 220 | |     "Referencia a un verificador concreto; su mera existencia no acredita aplicabilidad."
2026-09-09T19:53:41.3896545Z 221 | | );
2026-09-09T19:53:41.3896728Z     | |_- in this macro invocation
2026-09-09T19:53:41.3897101Z     |
2026-09-09T19:53:41.3897471Z     = note: this warning originates in the macro `opaque_control_ref` (in Nightly builds, run with -Z macro-backtrace for more info)
2026-09-09T19:53:41.3897823Z 
2026-09-09T19:53:41.3897948Z warning: associated function `from_core_id` is never used
2026-09-09T19:53:41.3898213Z    --> sv_core/src/control.rs:155:27
2026-09-09T19:53:41.3898424Z     |
2026-09-09T19:53:41.3898577Z 141 |           impl $name {
2026-09-09T19:53:41.3898812Z     |           ---------- associated function in this implementation
2026-09-09T19:53:41.3899060Z ...
2026-09-09T19:53:41.3899262Z 155 |               pub(crate) fn from_core_id(id: ControlId) -> Self {
2026-09-09T19:53:41.3899536Z     |                             ^^^^^^^^^^^^
2026-09-09T19:53:41.3899738Z ...
2026-09-09T19:53:41.3899893Z 222 | / opaque_control_ref!(
2026-09-09T19:53:41.3900088Z 223 | |     VerifierFamilyRef,
2026-09-09T19:53:41.3900450Z 224 | |     "Referencia a una familia de verificadores admisibles para una obligación."
2026-09-09T19:53:41.3900761Z 225 | | );
2026-09-09T19:53:41.3900923Z     | |_- in this macro invocation
2026-09-09T19:53:41.3901113Z     |
2026-09-09T19:53:41.3901469Z     = note: this warning originates in the macro `opaque_control_ref` (in Nightly builds, run with -Z macro-backtrace for more info)
2026-09-09T19:53:41.3901823Z 
2026-09-09T19:53:41.3901955Z warning: associated function `from_core_id` is never used
2026-09-09T19:53:41.3902212Z    --> sv_core/src/control.rs:155:27
2026-09-09T19:53:41.3902410Z     |
2026-09-09T19:53:41.3902563Z 141 |           impl $name {
2026-09-09T19:53:41.3902794Z     |           ---------- associated function in this implementation
2026-09-09T19:53:41.3903041Z ...
2026-09-09T19:53:41.3903245Z 155 |               pub(crate) fn from_core_id(id: ControlId) -> Self {
2026-09-09T19:53:41.3903516Z     |                             ^^^^^^^^^^^^
2026-09-09T19:53:41.3903720Z ...
2026-09-09T19:53:41.3903877Z 226 | / opaque_control_ref!(
2026-09-09T19:53:41.3904079Z 227 | |     ApplicabilityRuleRef,
2026-09-09T19:53:41.3904487Z 228 | |     "Referencia a una regla previamente constituida de aplicabilidad de comprobación."
2026-09-09T19:53:41.3904828Z 229 | | );
2026-09-09T19:53:41.3904992Z     | |_- in this macro invocation
2026-09-09T19:53:41.3905183Z     |
2026-09-09T19:53:41.3905552Z     = note: this warning originates in the macro `opaque_control_ref` (in Nightly builds, run with -Z macro-backtrace for more info)
2026-09-09T19:53:41.3905976Z 
2026-09-09T19:53:41.3906094Z warning: associated function `from_core_id` is never used
2026-09-09T19:53:41.3906354Z    --> sv_core/src/control.rs:155:27
2026-09-09T19:53:41.3906559Z     |
2026-09-09T19:53:41.3906715Z 141 |           impl $name {
2026-09-09T19:53:41.3907052Z     |           ---------- associated function in this implementation
2026-09-09T19:53:41.3907302Z ...
2026-09-09T19:53:41.3907506Z 155 |               pub(crate) fn from_core_id(id: ControlId) -> Self {
2026-09-09T19:53:41.3907776Z     |                             ^^^^^^^^^^^^
2026-09-09T19:53:41.3907984Z ...
2026-09-09T19:53:41.3908146Z 230 | / opaque_control_ref!(
2026-09-09T19:53:41.3908357Z 231 | |     ConflictResolutionRuleRef,
2026-09-09T19:53:41.3908833Z 232 | |     "Referencia a una regla previamente constituida de resolución de conflicto entre comprobaciones."
2026-09-09T19:53:41.3909217Z 233 | | );
2026-09-09T19:53:41.3909444Z     | |_- in this macro invocation
2026-09-09T19:53:41.3909652Z     |
2026-09-09T19:53:41.3910024Z     = note: this warning originates in the macro `opaque_control_ref` (in Nightly builds, run with -Z macro-backtrace for more info)
2026-09-09T19:53:41.3910369Z 
2026-09-09T19:53:41.3910494Z warning: associated function `from_core_id` is never used
2026-09-09T19:53:41.3910756Z    --> sv_core/src/control.rs:155:27
2026-09-09T19:53:41.3910957Z     |
2026-09-09T19:53:41.3911107Z 141 |           impl $name {
2026-09-09T19:53:41.3911335Z     |           ---------- associated function in this implementation
2026-09-09T19:53:41.3911581Z ...
2026-09-09T19:53:41.3911777Z 155 |               pub(crate) fn from_core_id(id: ControlId) -> Self {
2026-09-09T19:53:41.3912043Z     |                             ^^^^^^^^^^^^
2026-09-09T19:53:41.3912248Z ...
2026-09-09T19:53:41.3912401Z 234 | / opaque_control_ref!(
2026-09-09T19:53:41.3912596Z 235 | |     CoverageRuleRef,
2026-09-09T19:53:41.3912937Z 236 | |     "Referencia a una regla previamente constituida de cobertura de comprobaciones exigibles."
2026-09-09T19:53:41.3913294Z 237 | | );
2026-09-09T19:53:41.3913459Z     | |_- in this macro invocation
2026-09-09T19:53:41.3913660Z     |
2026-09-09T19:53:41.3914028Z     = note: this warning originates in the macro `opaque_control_ref` (in Nightly builds, run with -Z macro-backtrace for more info)
2026-09-09T19:53:41.3914387Z 
2026-09-09T19:53:41.3914505Z warning: associated function `from_core_id` is never used
2026-09-09T19:53:41.3914775Z    --> sv_core/src/control.rs:155:27
2026-09-09T19:53:41.3914975Z     |
2026-09-09T19:53:41.3915128Z 141 |           impl $name {
2026-09-09T19:53:41.3915360Z     |           ---------- associated function in this implementation
2026-09-09T19:53:41.3915607Z ...
2026-09-09T19:53:41.3915809Z 155 |               pub(crate) fn from_core_id(id: ControlId) -> Self {
2026-09-09T19:53:41.3916078Z     |                             ^^^^^^^^^^^^
2026-09-09T19:53:41.3916286Z ...
2026-09-09T19:53:41.3916444Z 238 | / opaque_control_ref!(
2026-09-09T19:53:41.3916633Z 239 | |     ReuseRuleRef,
2026-09-09T19:53:41.3917172Z 240 | |     "Referencia a una regla previamente constituida de reutilización de resultados cualificados."
2026-09-09T19:53:41.3917552Z 241 | | );
2026-09-09T19:53:41.3917725Z     | |_- in this macro invocation
2026-09-09T19:53:41.3917924Z     |
2026-09-09T19:53:41.3918283Z     = note: this warning originates in the macro `opaque_control_ref` (in Nightly builds, run with -Z macro-backtrace for more info)
2026-09-09T19:53:41.3918622Z 
2026-09-09T19:53:41.3918754Z warning: associated function `from_core_id` is never used
2026-09-09T19:53:41.3919022Z    --> sv_core/src/control.rs:155:27
2026-09-09T19:53:41.3919223Z     |
2026-09-09T19:53:41.3919379Z 141 |           impl $name {
2026-09-09T19:53:41.3919612Z     |           ---------- associated function in this implementation
2026-09-09T19:53:41.3919900Z ...
2026-09-09T19:53:41.3920098Z 155 |               pub(crate) fn from_core_id(id: ControlId) -> Self {
2026-09-09T19:53:41.3920435Z     |                             ^^^^^^^^^^^^
2026-09-09T19:53:41.3920644Z ...
2026-09-09T19:53:41.3920807Z 242 | / opaque_control_ref!(
2026-09-09T19:53:41.3921008Z 243 | |     ReuseBindingKeyRef,
2026-09-09T19:53:41.3921475Z 244 | |     "Referencia a una dimensión constituida cuya continuidad puede ser exigible para reutilizar un resultado."
2026-09-09T19:53:41.3921883Z 245 | | );
2026-09-09T19:53:41.3922051Z     | |_- in this macro invocation
2026-09-09T19:53:41.3922246Z     |
2026-09-09T19:53:41.3922623Z     = note: this warning originates in the macro `opaque_control_ref` (in Nightly builds, run with -Z macro-backtrace for more info)
2026-09-09T19:53:41.3922979Z 
2026-09-09T19:53:41.3923106Z warning: associated function `from_core_id` is never used
2026-09-09T19:53:41.3923367Z    --> sv_core/src/control.rs:155:27
2026-09-09T19:53:41.3923564Z     |
2026-09-09T19:53:41.3923719Z 141 |           impl $name {
2026-09-09T19:53:41.3924046Z     |           ---------- associated function in this implementation
2026-09-09T19:53:41.3924305Z ...
2026-09-09T19:53:41.3924504Z 155 |               pub(crate) fn from_core_id(id: ControlId) -> Self {
2026-09-09T19:53:41.3924776Z     |                             ^^^^^^^^^^^^
2026-09-09T19:53:41.3924982Z ...
2026-09-09T19:53:41.3925156Z 246 | / opaque_control_ref!(
2026-09-09T19:53:41.3925363Z 247 | |     ReuseBindingValueRef,
2026-09-09T19:53:41.3925831Z 248 | |     "Referencia al valor constituido de una dimensión de reutilización; identificarlo no acredita su vigencia."
2026-09-09T19:53:41.3926232Z 249 | | );
2026-09-09T19:53:41.3926399Z     | |_- in this macro invocation
2026-09-09T19:53:41.3926593Z     |
2026-09-09T19:53:41.3927028Z     = note: this warning originates in the macro `opaque_control_ref` (in Nightly builds, run with -Z macro-backtrace for more info)
2026-09-09T19:53:41.3927387Z 
2026-09-09T19:53:41.3927485Z warning: constant `PROFILE_ID` is never used
2026-09-09T19:53:41.3927739Z  --> sv_core/src/identifier_profile.rs:6:18
2026-09-09T19:53:41.3927973Z   |
2026-09-09T19:53:41.3928199Z 6 | pub(crate) const PROFILE_ID: &str = "svp-grammar-0.2-lex-es-1";
2026-09-09T19:53:41.3928486Z   |                  ^^^^^^^^^^
2026-09-09T19:53:41.3928610Z 
2026-09-09T19:53:41.3928723Z warning: function `is_reserved_word` is never used
2026-09-09T19:53:41.3928997Z   --> sv_core/src/identifier_profile.rs:22:15
2026-09-09T19:53:41.3929224Z    |
2026-09-09T19:53:41.3929422Z 22 | pub(crate) fn is_reserved_word(word: &str) -> bool {
2026-09-09T19:53:41.3929667Z    |               ^^^^^^^^^^^^^^^^
2026-09-09T19:53:41.3929799Z 
2026-09-09T19:53:41.3929904Z warning: method `matches_descriptor` is never used
2026-09-09T19:53:41.3930178Z    --> sv_core/src/requirements_reuse.rs:121:19
2026-09-09T19:53:41.3930405Z     |
2026-09-09T19:53:41.3930563Z  44 | impl ReuseRule {
2026-09-09T19:53:41.3930771Z     | -------------- method in this implementation
2026-09-09T19:53:41.3930994Z ...
2026-09-09T19:53:41.3931276Z 121 |     pub(crate) fn matches_descriptor(&self, descriptor: &RequirementDescriptor) -> bool {
2026-09-09T19:53:41.3931624Z     |                   ^^^^^^^^^^^^^^^^^^
2026-09-09T19:53:41.3931767Z 
2026-09-09T19:53:41.3931901Z warning: hiding a lifetime that's elided elsewhere is confusing
2026-09-09T19:53:41.3932184Z     --> sv_core/src/frontend.rs:2146:13
2026-09-09T19:53:41.3932392Z      |
2026-09-09T19:53:41.3932565Z 2146 |     fn peek(&self) -> &Token {
2026-09-09T19:53:41.3932769Z      |             ^^^^^     ^^^^^^
2026-09-09T19:53:41.3932967Z      |             |         ||
2026-09-09T19:53:41.3933190Z      |             |         |the same lifetime is hidden here
2026-09-09T19:53:41.3933458Z      |             |         the same lifetime is elided here
2026-09-09T19:53:41.3933711Z      |             the lifetime is elided here
2026-09-09T19:53:41.3933924Z      |
2026-09-09T19:53:41.3934219Z      = help: the same lifetime is referred to in inconsistent ways, making the signature confusing
2026-09-09T19:53:41.3934681Z      = note: `#[warn(mismatched_lifetime_syntaxes)]` on by default
2026-09-09T19:53:41.3934956Z help: use `'_` for type paths
2026-09-09T19:53:41.3935158Z      |
2026-09-09T19:53:41.3935333Z 2146 |     fn peek(&self) -> &Token<'_> {
2026-09-09T19:53:41.3935560Z      |                             ++++
2026-09-09T19:53:41.3935691Z 
2026-09-09T19:53:41.3935925Z warning: `sv_core` (lib) generated 25 warnings (run `cargo fix --lib -p sv_core` to apply 1 suggestion)
2026-09-09T19:53:41.3936508Z    Compiling sv_native v0.1.0 (/home/runner/work/SV-lenguaje-de-computacion/SV-lenguaje-de-computacion/rust/sv_native)
2026-09-09T19:53:41.6771830Z     Finished `release` profile [optimized] target(s) in 0.30s
2026-09-09T19:53:42.2758953Z J-B0: 18/18, nativo y WASI
2026-09-09T19:53:42.9547825Z J-H1: 20/20, nativo y WASI
2026-09-09T19:53:43.7683546Z J-D0 y límites de representación: 24/24, nativo y WASI
2026-09-09T19:53:45.7480691Z DFL-010: 64/64, nativo y WASI
2026-09-09T19:53:45.7583051Z ##[group]Run python tests/k1_ternarizer_cases.py \
2026-09-09T19:53:45.7583635Z [36;1mpython tests/k1_ternarizer_cases.py \[0m
2026-09-09T19:53:45.7584151Z [36;1m  --native-probe rust/target/release/examples/assembly_probe \[0m
2026-09-09T19:53:45.7584828Z [36;1m  --wasm-probe rust/target/wasm32-wasip1/release/examples/assembly_probe.wasm \[0m
2026-09-09T19:53:45.7585384Z [36;1m  --wasi-runner tests/run_wasi_sv_native.js \[0m
2026-09-09T19:53:45.7585845Z [36;1m  --output-dir artifacts/r0-wasm/ternarizer-boundary[0m
2026-09-09T19:53:45.7616250Z shell: /usr/bin/bash -e {0}
2026-09-09T19:53:45.7616618Z ##[endgroup]
2026-09-09T19:53:47.1335627Z K1-T: 40/40, nativo y WASI
2026-09-09T19:53:47.1413938Z ##[group]Run mkdir -p artifacts/r0-browser
2026-09-09T19:53:47.1414268Z [36;1mmkdir -p artifacts/r0-browser[0m
2026-09-09T19:53:47.1414655Z [36;1mcargo build --manifest-path rust/Cargo.toml -p sv_core --example binding_probe --release[0m
2026-09-09T19:53:47.1415241Z [36;1mcargo build --manifest-path rust/Cargo.toml -p sv_core --example binding_probe --release --target wasm32-wasip1[0m
2026-09-09T19:53:47.1415912Z [36;1mcargo build --manifest-path rust/Cargo.toml -p sv_core --example binding_probe_browser --release --target wasm32-unknown-unknown[0m
2026-09-09T19:53:47.1416527Z [36;1mrust/target/release/examples/binding_probe > artifacts/r0-browser/bindings-native.json[0m
2026-09-09T19:53:47.1417620Z [36;1mnode tests/row7_bindings/run_wasi.mjs rust/target/wasm32-wasip1/release/examples/binding_probe.wasm > artifacts/r0-wasm/bindings-wasi.json[0m
2026-09-09T19:53:47.1418665Z [36;1mcmp artifacts/r0-browser/bindings-native.json artifacts/r0-wasm/bindings-wasi.json[0m
2026-09-09T19:53:47.1419294Z [36;1mcp rust/target/wasm32-unknown-unknown/release/examples/binding_probe_browser.wasm artifacts/r0-browser/[0m
2026-09-09T19:53:47.1420258Z [36;1msha256sum rust/target/release/examples/binding_probe rust/target/wasm32-wasip1/release/examples/binding_probe.wasm artifacts/r0-browser/binding_probe_browser.wasm > artifacts/r0-wasm/bindings-probes.sha256[0m
2026-09-09T19:53:47.1450314Z shell: /usr/bin/bash -e {0}
2026-09-09T19:53:47.1450565Z ##[endgroup]
2026-09-09T19:53:47.1623170Z warning: associated function `from_core_id` is never used
2026-09-09T19:53:47.1623673Z    --> sv_core/src/control.rs:155:27
2026-09-09T19:53:47.1623963Z     |
2026-09-09T19:53:47.1624190Z 141 |           impl $name {
2026-09-09T19:53:47.1624537Z     |           ---------- associated function in this implementation
2026-09-09T19:53:47.1624912Z ...
2026-09-09T19:53:47.1625215Z 155 |               pub(crate) fn from_core_id(id: ControlId) -> Self {
2026-09-09T19:53:47.1625634Z     |                             ^^^^^^^^^^^^
2026-09-09T19:53:47.1625935Z ...
2026-09-09T19:53:47.1626149Z 162 | / opaque_control_ref!(
2026-09-09T19:53:47.1626433Z 163 | |     InformationRef,
2026-09-09T19:53:47.1627226Z 164 | |     "Referencia nominal a información dentro del dominio de control."
2026-09-09T19:53:47.1627668Z 165 | | );
2026-09-09T19:53:47.1627906Z     | |_- in this macro invocation
2026-09-09T19:53:47.1628371Z     |
2026-09-09T19:53:47.1628693Z     = note: `#[warn(dead_code)]` (part of `#[warn(unused)]`) on by default
2026-09-09T19:53:47.1629456Z     = note: this warning originates in the macro `opaque_control_ref` (in Nightly builds, run with -Z macro-backtrace for more info)
2026-09-09T19:53:47.1630009Z 
2026-09-09T19:53:47.1630191Z warning: associated function `from_core_id` is never used
2026-09-09T19:53:47.1630575Z    --> sv_core/src/control.rs:155:27
2026-09-09T19:53:47.1630854Z     |
2026-09-09T19:53:47.1631069Z 141 |           impl $name {
2026-09-09T19:53:47.1631416Z     |           ---------- associated function in this implementation
2026-09-09T19:53:47.1631767Z ...
2026-09-09T19:53:47.1632051Z 155 |               pub(crate) fn from_core_id(id: ControlId) -> Self {
2026-09-09T19:53:47.1632450Z     |                             ^^^^^^^^^^^^
2026-09-09T19:53:47.1632733Z ...
2026-09-09T19:53:47.1632942Z 166 | / opaque_control_ref!(
2026-09-09T19:53:47.1633228Z 167 | |     AdmittedEvidenceRef,
2026-09-09T19:53:47.1633844Z 168 | |     "Referencia a evidencia cuya admisión debe proceder de una verificación gobernada."
2026-09-09T19:53:47.1634346Z 169 | | );
2026-09-09T19:53:47.1634576Z     | |_- in this macro invocation
2026-09-09T19:53:47.1634846Z     |
2026-09-09T19:53:47.1635451Z     = note: this warning originates in the macro `opaque_control_ref` (in Nightly builds, run with -Z macro-backtrace for more info)
2026-09-09T19:53:47.1636008Z 
2026-09-09T19:53:47.1636178Z warning: associated function `from_core_id` is never used
2026-09-09T19:53:47.1636482Z    --> sv_core/src/control.rs:155:27
2026-09-09T19:53:47.1636921Z     |
2026-09-09T19:53:47.1637098Z 141 |           impl $name {
2026-09-09T19:53:47.1637432Z     |           ---------- associated function in this implementation
2026-09-09T19:53:47.1637802Z ...
2026-09-09T19:53:47.1638017Z 155 |               pub(crate) fn from_core_id(id: ControlId) -> Self {
2026-09-09T19:53:47.1638288Z     |                             ^^^^^^^^^^^^
2026-09-09T19:53:47.1638504Z ...
2026-09-09T19:53:47.1638660Z 170 | / opaque_control_ref!(
2026-09-09T19:53:47.1638862Z 171 | |     ConstitutedFactRef,
2026-09-09T19:53:47.1639240Z 172 | |     "Referencia a un hecho semántico constituido; no equivale a autoridad."
2026-09-09T19:53:47.1639552Z 173 | | );
2026-09-09T19:53:47.1639725Z     | |_- in this macro invocation
2026-09-09T19:53:47.1639923Z     |
2026-09-09T19:53:47.1640311Z     = note: this warning originates in the macro `opaque_control_ref` (in Nightly builds, run with -Z macro-backtrace for more info)
2026-09-09T19:53:47.1640746Z 
2026-09-09T19:53:47.1640879Z warning: associated function `from_core_id` is never used
2026-09-09T19:53:47.1641146Z    --> sv_core/src/control.rs:155:27
2026-09-09T19:53:47.1641349Z     |
2026-09-09T19:53:47.1641508Z 141 |           impl $name {
2026-09-09T19:53:47.1641743Z     |           ---------- associated function in this implementation
2026-09-09T19:53:47.1642037Z ...
2026-09-09T19:53:47.1642240Z 155 |               pub(crate) fn from_core_id(id: ControlId) -> Self {
2026-09-09T19:53:47.1642517Z     |                             ^^^^^^^^^^^^
2026-09-09T19:53:47.1642723Z ...
2026-09-09T19:53:47.1642879Z 174 | / opaque_control_ref!(
2026-09-09T19:53:47.1643076Z 175 | |     AuthorityRef,
2026-09-09T19:53:47.1643462Z 176 | |     "Referencia a autoridad constituida; su constructor no forma parte de la API pública."
2026-09-09T19:53:47.1643813Z 177 | | );
2026-09-09T19:53:47.1643981Z     | |_- in this macro invocation
2026-09-09T19:53:47.1644183Z     |
2026-09-09T19:53:47.1644551Z     = note: this warning originates in the macro `opaque_control_ref` (in Nightly builds, run with -Z macro-backtrace for more info)
2026-09-09T19:53:47.1644887Z 
2026-09-09T19:53:47.1645012Z warning: associated function `from_core_id` is never used
2026-09-09T19:53:47.1645275Z    --> sv_core/src/control.rs:155:27
2026-09-09T19:53:47.1645475Z     |
2026-09-09T19:53:47.1645630Z 141 |           impl $name {
2026-09-09T19:53:47.1645861Z     |           ---------- associated function in this implementation
2026-09-09T19:53:47.1646202Z ...
2026-09-09T19:53:47.1646404Z 155 |               pub(crate) fn from_core_id(id: ControlId) -> Self {
2026-09-09T19:53:47.1646685Z     |                             ^^^^^^^^^^^^
2026-09-09T19:53:47.1647070Z ...
2026-09-09T19:53:47.1647234Z 178 | / opaque_control_ref!(
2026-09-09T19:53:47.1647434Z 179 | |     EnablementRef,
2026-09-09T19:53:47.1647814Z 180 | |     "Referencia a una habilitación de autoridad ya existente; no amplía autoridad."
2026-09-09T19:53:47.1648149Z 181 | | );
2026-09-09T19:53:47.1648321Z     | |_- in this macro invocation
2026-09-09T19:53:47.1648530Z     |
2026-09-09T19:53:47.1648903Z     = note: this warning originates in the macro `opaque_control_ref` (in Nightly builds, run with -Z macro-backtrace for more info)
2026-09-09T19:53:47.1649268Z 
2026-09-09T19:53:47.1649385Z warning: associated function `from_core_id` is never used
2026-09-09T19:53:47.1649658Z    --> sv_core/src/control.rs:155:27
2026-09-09T19:53:47.1649865Z     |
2026-09-09T19:53:47.1650022Z 141 |           impl $name {
2026-09-09T19:53:47.1650256Z     |           ---------- associated function in this implementation
2026-09-09T19:53:47.1650505Z ...
2026-09-09T19:53:47.1650708Z 155 |               pub(crate) fn from_core_id(id: ControlId) -> Self {
2026-09-09T19:53:47.1650977Z     |                             ^^^^^^^^^^^^
2026-09-09T19:53:47.1651182Z ...
2026-09-09T19:53:47.1651336Z 186 | / opaque_control_ref!(
2026-09-09T19:53:47.1651526Z 187 | |     FormRef,
2026-09-09T19:53:47.1651808Z 188 | |     "Referencia a una forma de transición constituida."
2026-09-09T19:53:47.1652130Z 189 | | );
2026-09-09T19:53:47.1652303Z     | |_- in this macro invocation
2026-09-09T19:53:47.1652501Z     |
2026-09-09T19:53:47.1652868Z     = note: this warning originates in the macro `opaque_control_ref` (in Nightly builds, run with -Z macro-backtrace for more info)
2026-09-09T19:53:47.1653216Z 
2026-09-09T19:53:47.1653335Z warning: associated function `from_core_id` is never used
2026-09-09T19:53:47.1653599Z    --> sv_core/src/control.rs:155:27
2026-09-09T19:53:47.1653799Z     |
2026-09-09T19:53:47.1653962Z 141 |           impl $name {
2026-09-09T19:53:47.1654201Z     |           ---------- associated function in this implementation
2026-09-09T19:53:47.1654458Z ...
2026-09-09T19:53:47.1654662Z 155 |               pub(crate) fn from_core_id(id: ControlId) -> Self {
2026-09-09T19:53:47.1654931Z     |                             ^^^^^^^^^^^^
2026-09-09T19:53:47.1655137Z ...
2026-09-09T19:53:47.1655293Z 190 | / opaque_control_ref!(
2026-09-09T19:53:47.1655490Z 191 | |     EffectFamilyRef,
2026-09-09T19:53:47.1655808Z 192 | |     "Referencia a una familia de efectos fijada por constitución."
2026-09-09T19:53:47.1656091Z 193 | | );
2026-09-09T19:53:47.1656255Z     | |_- in this macro invocation
2026-09-09T19:53:47.1656448Z     |
2026-09-09T19:53:47.1656959Z     = note: this warning originates in the macro `opaque_control_ref` (in Nightly builds, run with -Z macro-backtrace for more info)
2026-09-09T19:53:47.1657342Z 
2026-09-09T19:53:47.1657467Z warning: associated function `from_core_id` is never used
2026-09-09T19:53:47.1657733Z    --> sv_core/src/control.rs:155:27
2026-09-09T19:53:47.1657932Z     |
2026-09-09T19:53:47.1658086Z 141 |           impl $name {
2026-09-09T19:53:47.1658318Z     |           ---------- associated function in this implementation
2026-09-09T19:53:47.1658567Z ...
2026-09-09T19:53:47.1658766Z 155 |               pub(crate) fn from_core_id(id: ControlId) -> Self {
2026-09-09T19:53:47.1659031Z     |                             ^^^^^^^^^^^^
2026-09-09T19:53:47.1659237Z ...
2026-09-09T19:53:47.1659406Z 194 | / opaque_control_ref!(
2026-09-09T19:53:47.1659595Z 195 | |     EffectRef,
2026-09-09T19:53:47.1659872Z 196 | |     "Referencia a un efecto concreto; identificarlo no equivale a autorizarlo."
2026-09-09T19:53:47.1660182Z 197 | | );
2026-09-09T19:53:47.1660347Z     | |_- in this macro invocation
2026-09-09T19:53:47.1660542Z     |
2026-09-09T19:53:47.1660987Z     = note: this warning originates in the macro `opaque_control_ref` (in Nightly builds, run with -Z macro-backtrace for more info)
2026-09-09T19:53:47.1661349Z 
2026-09-09T19:53:47.1661466Z warning: associated function `from_core_id` is never used
2026-09-09T19:53:47.1661735Z    --> sv_core/src/control.rs:155:27
2026-09-09T19:53:47.1661942Z     |
2026-09-09T19:53:47.1662106Z 141 |           impl $name {
2026-09-09T19:53:47.1662341Z     |           ---------- associated function in this implementation
2026-09-09T19:53:47.1662592Z ...
2026-09-09T19:53:47.1662799Z 155 |               pub(crate) fn from_core_id(id: ControlId) -> Self {
2026-09-09T19:53:47.1663070Z     |                             ^^^^^^^^^^^^
2026-09-09T19:53:47.1663277Z ...
2026-09-09T19:53:47.1663430Z 198 | / opaque_control_ref!(
2026-09-09T19:53:47.1663624Z 199 | |     ContextRef,
2026-09-09T19:53:47.1663901Z 200 | |     "Referencia a una ligadura de contexto relevante para autoridad o forma."
2026-09-09T19:53:47.1664214Z 201 | | );
2026-09-09T19:53:47.1664392Z     | |_- in this macro invocation
2026-09-09T19:53:47.1664586Z     |
2026-09-09T19:53:47.1664950Z     = note: this warning originates in the macro `opaque_control_ref` (in Nightly builds, run with -Z macro-backtrace for more info)
2026-09-09T19:53:47.1665310Z 
2026-09-09T19:53:47.1665436Z warning: associated function `from_core_id` is never used
2026-09-09T19:53:47.1665702Z    --> sv_core/src/control.rs:155:27
2026-09-09T19:53:47.1665901Z     |
2026-09-09T19:53:47.1666053Z 141 |           impl $name {
2026-09-09T19:53:47.1666287Z     |           ---------- associated function in this implementation
2026-09-09T19:53:47.1666583Z ...
2026-09-09T19:53:47.1666917Z 155 |               pub(crate) fn from_core_id(id: ControlId) -> Self {
2026-09-09T19:53:47.1667225Z     |                             ^^^^^^^^^^^^
2026-09-09T19:53:47.1667437Z ...
2026-09-09T19:53:47.1667596Z 202 | / opaque_control_ref!(
2026-09-09T19:53:47.1667801Z 203 | |     AuthorityHolderRef,
2026-09-09T19:53:47.1668210Z 204 | |     "Referencia al titular de una autoridad; no constituye autoridad por sí misma."
2026-09-09T19:53:47.1668532Z 205 | | );
2026-09-09T19:53:47.1668696Z     | |_- in this macro invocation
2026-09-09T19:53:47.1668889Z     |
2026-09-09T19:53:47.1669250Z     = note: this warning originates in the macro `opaque_control_ref` (in Nightly builds, run with -Z macro-backtrace for more info)
2026-09-09T19:53:47.1669616Z 
2026-09-09T19:53:47.1669739Z warning: associated function `from_core_id` is never used
2026-09-09T19:53:47.1670006Z    --> sv_core/src/control.rs:155:27
2026-09-09T19:53:47.1670213Z     |
2026-09-09T19:53:47.1670372Z 141 |           impl $name {
2026-09-09T19:53:47.1670606Z     |           ---------- associated function in this implementation
2026-09-09T19:53:47.1670858Z ...
2026-09-09T19:53:47.1671062Z 155 |               pub(crate) fn from_core_id(id: ControlId) -> Self {
2026-09-09T19:53:47.1671333Z     |                             ^^^^^^^^^^^^
2026-09-09T19:53:47.1671537Z ...
2026-09-09T19:53:47.1671699Z 206 | / opaque_control_ref!(
2026-09-09T19:53:47.1671900Z 207 | |     GovernedObjectRef,
2026-09-09T19:53:47.1672207Z 208 | |     "Referencia a un objeto candidato a pertenecer al dominio gobernado D_a."
2026-09-09T19:53:47.1672511Z 209 | | );
2026-09-09T19:53:47.1672676Z     | |_- in this macro invocation
2026-09-09T19:53:47.1672868Z     |
2026-09-09T19:53:47.1673230Z     = note: this warning originates in the macro `opaque_control_ref` (in Nightly builds, run with -Z macro-backtrace for more info)
2026-09-09T19:53:47.1673590Z 
2026-09-09T19:53:47.1673707Z warning: associated function `from_core_id` is never used
2026-09-09T19:53:47.1673967Z    --> sv_core/src/control.rs:155:27
2026-09-09T19:53:47.1674167Z     |
2026-09-09T19:53:47.1674320Z 141 |           impl $name {
2026-09-09T19:53:47.1674558Z     |           ---------- associated function in this implementation
2026-09-09T19:53:47.1674807Z ...
2026-09-09T19:53:47.1675007Z 155 |               pub(crate) fn from_core_id(id: ControlId) -> Self {
2026-09-09T19:53:47.1675336Z     |                             ^^^^^^^^^^^^
2026-09-09T19:53:47.1675544Z ...
2026-09-09T19:53:47.1675703Z 210 | / opaque_control_ref!(
2026-09-09T19:53:47.1675902Z 211 | |     AccumulationRuleRef,
2026-09-09T19:53:47.1676267Z 212 | |     "Referencia a una regla gobernada de acumulación o a un predicado de traza."
2026-09-09T19:53:47.1676585Z 213 | | );
2026-09-09T19:53:47.1676964Z     | |_- in this macro invocation
2026-09-09T19:53:47.1677329Z     |
2026-09-09T19:53:47.1677708Z     = note: this warning originates in the macro `opaque_control_ref` (in Nightly builds, run with -Z macro-backtrace for more info)
2026-09-09T19:53:47.1678062Z 
2026-09-09T19:53:47.1678188Z warning: associated function `from_core_id` is never used
2026-09-09T19:53:47.1678451Z    --> sv_core/src/control.rs:155:27
2026-09-09T19:53:47.1678651Z     |
2026-09-09T19:53:47.1678805Z 141 |           impl $name {
2026-09-09T19:53:47.1679039Z     |           ---------- associated function in this implementation
2026-09-09T19:53:47.1679291Z ...
2026-09-09T19:53:47.1679490Z 155 |               pub(crate) fn from_core_id(id: ControlId) -> Self {
2026-09-09T19:53:47.1679758Z     |                             ^^^^^^^^^^^^
2026-09-09T19:53:47.1679971Z ...
2026-09-09T19:53:47.1680128Z 214 | / opaque_control_ref!(
2026-09-09T19:53:47.1680321Z 215 | |     RequirementRef,
2026-09-09T19:53:47.1680709Z 216 | |     "Referencia a una obligación de Req; identificarla no acredita su cumplimiento."
2026-09-09T19:53:47.1681039Z 217 | | );
2026-09-09T19:53:47.1681207Z     | |_- in this macro invocation
2026-09-09T19:53:47.1681400Z     |
2026-09-09T19:53:47.1681827Z     = note: this warning originates in the macro `opaque_control_ref` (in Nightly builds, run with -Z macro-backtrace for more info)
2026-09-09T19:53:47.1682182Z 
2026-09-09T19:53:47.1682304Z warning: associated function `from_core_id` is never used
2026-09-09T19:53:47.1682585Z    --> sv_core/src/control.rs:155:27
2026-09-09T19:53:47.1682793Z     |
2026-09-09T19:53:47.1682963Z 141 |           impl $name {
2026-09-09T19:53:47.1683204Z     |           ---------- associated function in this implementation
2026-09-09T19:53:47.1683463Z ...
2026-09-09T19:53:47.1683673Z 155 |               pub(crate) fn from_core_id(id: ControlId) -> Self {
2026-09-09T19:53:47.1683953Z     |                             ^^^^^^^^^^^^
2026-09-09T19:53:47.1684167Z ...
2026-09-09T19:53:47.1684331Z 218 | / opaque_control_ref!(
2026-09-09T19:53:47.1684552Z 219 | |     VerifierRef,
2026-09-09T19:53:47.1684879Z 220 | |     "Referencia a un verificador concreto; su mera existencia no acredita aplicabilidad."
2026-09-09T19:53:47.1685239Z 221 | | );
2026-09-09T19:53:47.1685413Z     | |_- in this macro invocation
2026-09-09T19:53:47.1685614Z     |
2026-09-09T19:53:47.1685982Z     = note: this warning originates in the macro `opaque_control_ref` (in Nightly builds, run with -Z macro-backtrace for more info)
2026-09-09T19:53:47.1686329Z 
2026-09-09T19:53:47.1686460Z warning: associated function `from_core_id` is never used
2026-09-09T19:53:47.1686736Z    --> sv_core/src/control.rs:155:27
2026-09-09T19:53:47.1687010Z     |
2026-09-09T19:53:47.1687168Z 141 |           impl $name {
2026-09-09T19:53:47.1687401Z     |           ---------- associated function in this implementation
2026-09-09T19:53:47.1687658Z ...
2026-09-09T19:53:47.1687857Z 155 |               pub(crate) fn from_core_id(id: ControlId) -> Self {
2026-09-09T19:53:47.1688123Z     |                             ^^^^^^^^^^^^
2026-09-09T19:53:47.1688329Z ...
2026-09-09T19:53:47.1688489Z 222 | / opaque_control_ref!(
2026-09-09T19:53:47.1688690Z 223 | |     VerifierFamilyRef,
2026-09-09T19:53:47.1689057Z 224 | |     "Referencia a una familia de verificadores admisibles para una obligación."
2026-09-09T19:53:47.1689373Z 225 | | );
2026-09-09T19:53:47.1689537Z     | |_- in this macro invocation
2026-09-09T19:53:47.1689729Z     |
2026-09-09T19:53:47.1690092Z     = note: this warning originates in the macro `opaque_control_ref` (in Nightly builds, run with -Z macro-backtrace for more info)
2026-09-09T19:53:47.1690555Z 
2026-09-09T19:53:47.1690679Z warning: associated function `from_core_id` is never used
2026-09-09T19:53:47.1690947Z    --> sv_core/src/control.rs:155:27
2026-09-09T19:53:47.1691151Z     |
2026-09-09T19:53:47.1691308Z 141 |           impl $name {
2026-09-09T19:53:47.1691543Z     |           ---------- associated function in this implementation
2026-09-09T19:53:47.1691797Z ...
2026-09-09T19:53:47.1691997Z 155 |               pub(crate) fn from_core_id(id: ControlId) -> Self {
2026-09-09T19:53:47.1692269Z     |                             ^^^^^^^^^^^^
2026-09-09T19:53:47.1692478Z ...
2026-09-09T19:53:47.1692635Z 226 | / opaque_control_ref!(
2026-09-09T19:53:47.1692846Z 227 | |     ApplicabilityRuleRef,
2026-09-09T19:53:47.1693234Z 228 | |     "Referencia a una regla previamente constituida de aplicabilidad de comprobación."
2026-09-09T19:53:47.1693570Z 229 | | );
2026-09-09T19:53:47.1693736Z     | |_- in this macro invocation
2026-09-09T19:53:47.1693936Z     |
2026-09-09T19:53:47.1694304Z     = note: this warning originates in the macro `opaque_control_ref` (in Nightly builds, run with -Z macro-backtrace for more info)
2026-09-09T19:53:47.1694662Z 
2026-09-09T19:53:47.1694778Z warning: associated function `from_core_id` is never used
2026-09-09T19:53:47.1695040Z    --> sv_core/src/control.rs:155:27
2026-09-09T19:53:47.1695240Z     |
2026-09-09T19:53:47.1695401Z 141 |           impl $name {
2026-09-09T19:53:47.1695632Z     |           ---------- associated function in this implementation
2026-09-09T19:53:47.1695877Z ...
2026-09-09T19:53:47.1696125Z 155 |               pub(crate) fn from_core_id(id: ControlId) -> Self {
2026-09-09T19:53:47.1696396Z     |                             ^^^^^^^^^^^^
2026-09-09T19:53:47.1696599Z ...
2026-09-09T19:53:47.1696857Z 230 | / opaque_control_ref!(
2026-09-09T19:53:47.1697170Z 231 | |     ConflictResolutionRuleRef,
2026-09-09T19:53:47.1697651Z 232 | |     "Referencia a una regla previamente constituida de resolución de conflicto entre comprobaciones."
2026-09-09T19:53:47.1698040Z 233 | | );
2026-09-09T19:53:47.1698210Z     | |_- in this macro invocation
2026-09-09T19:53:47.1698406Z     |
2026-09-09T19:53:47.1698764Z     = note: this warning originates in the macro `opaque_control_ref` (in Nightly builds, run with -Z macro-backtrace for more info)
2026-09-09T19:53:47.1699120Z 
2026-09-09T19:53:47.1699244Z warning: associated function `from_core_id` is never used
2026-09-09T19:53:47.1699510Z    --> sv_core/src/control.rs:155:27
2026-09-09T19:53:47.1699711Z     |
2026-09-09T19:53:47.1699863Z 141 |           impl $name {
2026-09-09T19:53:47.1700095Z     |           ---------- associated function in this implementation
2026-09-09T19:53:47.1700337Z ...
2026-09-09T19:53:47.1700535Z 155 |               pub(crate) fn from_core_id(id: ControlId) -> Self {
2026-09-09T19:53:47.1700808Z     |                             ^^^^^^^^^^^^
2026-09-09T19:53:47.1701010Z ...
2026-09-09T19:53:47.1701164Z 234 | / opaque_control_ref!(
2026-09-09T19:53:47.1701359Z 235 | |     CoverageRuleRef,
2026-09-09T19:53:47.1701694Z 236 | |     "Referencia a una regla previamente constituida de cobertura de comprobaciones exigibles."
2026-09-09T19:53:47.1702046Z 237 | | );
2026-09-09T19:53:47.1702210Z     | |_- in this macro invocation
2026-09-09T19:53:47.1702408Z     |
2026-09-09T19:53:47.1702765Z     = note: this warning originates in the macro `opaque_control_ref` (in Nightly builds, run with -Z macro-backtrace for more info)
2026-09-09T19:53:47.1703126Z 
2026-09-09T19:53:47.1703250Z warning: associated function `from_core_id` is never used
2026-09-09T19:53:47.1703516Z    --> sv_core/src/control.rs:155:27
2026-09-09T19:53:47.1703713Z     |
2026-09-09T19:53:47.1703870Z 141 |           impl $name {
2026-09-09T19:53:47.1704099Z     |           ---------- associated function in this implementation
2026-09-09T19:53:47.1704346Z ...
2026-09-09T19:53:47.1704545Z 155 |               pub(crate) fn from_core_id(id: ControlId) -> Self {
2026-09-09T19:53:47.1704807Z     |                             ^^^^^^^^^^^^
2026-09-09T19:53:47.1705094Z ...
2026-09-09T19:53:47.1705258Z 238 | / opaque_control_ref!(
2026-09-09T19:53:47.1705465Z 239 | |     ReuseRuleRef,
2026-09-09T19:53:47.1705893Z 240 | |     "Referencia a una regla previamente constituida de reutilización de resultados cualificados."
2026-09-09T19:53:47.1706275Z 241 | | );
2026-09-09T19:53:47.1706454Z     | |_- in this macro invocation
2026-09-09T19:53:47.1706667Z     |
2026-09-09T19:53:47.1707108Z     = note: this warning originates in the macro `opaque_control_ref` (in Nightly builds, run with -Z macro-backtrace for more info)
2026-09-09T19:53:47.1707455Z 
2026-09-09T19:53:47.1707577Z warning: associated function `from_core_id` is never used
2026-09-09T19:53:47.1707838Z    --> sv_core/src/control.rs:155:27
2026-09-09T19:53:47.1708041Z     |
2026-09-09T19:53:47.1708195Z 141 |           impl $name {
2026-09-09T19:53:47.1708433Z     |           ---------- associated function in this implementation
2026-09-09T19:53:47.1708692Z ...
2026-09-09T19:53:47.1708890Z 155 |               pub(crate) fn from_core_id(id: ControlId) -> Self {
2026-09-09T19:53:47.1709154Z     |                             ^^^^^^^^^^^^
2026-09-09T19:53:47.1709360Z ...
2026-09-09T19:53:47.1709514Z 242 | / opaque_control_ref!(
2026-09-09T19:53:47.1709711Z 243 | |     ReuseBindingKeyRef,
2026-09-09T19:53:47.1710192Z 244 | |     "Referencia a una dimensión constituida cuya continuidad puede ser exigible para reutilizar un resultado."
2026-09-09T19:53:47.1710591Z 245 | | );
2026-09-09T19:53:47.1710753Z     | |_- in this macro invocation
2026-09-09T19:53:47.1710958Z     |
2026-09-09T19:53:47.1711376Z     = note: this warning originates in the macro `opaque_control_ref` (in Nightly builds, run with -Z macro-backtrace for more info)
2026-09-09T19:53:47.1711727Z 
2026-09-09T19:53:47.1711850Z warning: associated function `from_core_id` is never used
2026-09-09T19:53:47.1712117Z    --> sv_core/src/control.rs:155:27
2026-09-09T19:53:47.1712326Z     |
2026-09-09T19:53:47.1712485Z 141 |           impl $name {
2026-09-09T19:53:47.1712720Z     |           ---------- associated function in this implementation
2026-09-09T19:53:47.1712971Z ...
2026-09-09T19:53:47.1713177Z 155 |               pub(crate) fn from_core_id(id: ControlId) -> Self {
2026-09-09T19:53:47.1713447Z     |                             ^^^^^^^^^^^^
2026-09-09T19:53:47.1713662Z ...
2026-09-09T19:53:47.1713820Z 246 | / opaque_control_ref!(
2026-09-09T19:53:47.1714022Z 247 | |     ReuseBindingValueRef,
2026-09-09T19:53:47.1714499Z 248 | |     "Referencia al valor constituido de una dimensión de reutilización; identificarlo no acredita su vigencia."
2026-09-09T19:53:47.1714912Z 249 | | );
2026-09-09T19:53:47.1715078Z     | |_- in this macro invocation
2026-09-09T19:53:47.1715273Z     |
2026-09-09T19:53:47.1715640Z     = note: this warning originates in the macro `opaque_control_ref` (in Nightly builds, run with -Z macro-backtrace for more info)
2026-09-09T19:53:47.1716001Z 
2026-09-09T19:53:47.1716098Z warning: constant `PROFILE_ID` is never used
2026-09-09T19:53:47.1716362Z  --> sv_core/src/identifier_profile.rs:6:18
2026-09-09T19:53:47.1716576Z   |
2026-09-09T19:53:47.1716871Z 6 | pub(crate) const PROFILE_ID: &str = "svp-grammar-0.2-lex-es-1";
2026-09-09T19:53:47.1717161Z   |                  ^^^^^^^^^^
2026-09-09T19:53:47.1717281Z 
2026-09-09T19:53:47.1717390Z warning: function `is_reserved_word` is never used
2026-09-09T19:53:47.1717651Z   --> sv_core/src/identifier_profile.rs:22:15
2026-09-09T19:53:47.1717871Z    |
2026-09-09T19:53:47.1718067Z 22 | pub(crate) fn is_reserved_word(word: &str) -> bool {
2026-09-09T19:53:47.1718315Z    |               ^^^^^^^^^^^^^^^^
2026-09-09T19:53:47.1718451Z 
2026-09-09T19:53:47.1718565Z warning: method `matches_descriptor` is never used
2026-09-09T19:53:47.1718836Z    --> sv_core/src/requirements_reuse.rs:121:19
2026-09-09T19:53:47.1719065Z     |
2026-09-09T19:53:47.1719226Z  44 | impl ReuseRule {
2026-09-09T19:53:47.1719436Z     | -------------- method in this implementation
2026-09-09T19:53:47.1719717Z ...
2026-09-09T19:53:47.1720003Z 121 |     pub(crate) fn matches_descriptor(&self, descriptor: &RequirementDescriptor) -> bool {
2026-09-09T19:53:47.1720366Z     |                   ^^^^^^^^^^^^^^^^^^
2026-09-09T19:53:47.1720508Z 
2026-09-09T19:53:47.1720639Z warning: hiding a lifetime that's elided elsewhere is confusing
2026-09-09T19:53:47.1720919Z     --> sv_core/src/frontend.rs:2146:13
2026-09-09T19:53:47.1721133Z      |
2026-09-09T19:53:47.1721299Z 2146 |     fn peek(&self) -> &Token {
2026-09-09T19:53:47.1721507Z      |             ^^^^^     ^^^^^^
2026-09-09T19:53:47.1721708Z      |             |         ||
2026-09-09T19:53:47.1721933Z      |             |         |the same lifetime is hidden here
2026-09-09T19:53:47.1722198Z      |             |         the same lifetime is elided here
2026-09-09T19:53:47.1722450Z      |             the lifetime is elided here
2026-09-09T19:53:47.1722661Z      |
2026-09-09T19:53:47.1722949Z      = help: the same lifetime is referred to in inconsistent ways, making the signature confusing
2026-09-09T19:53:47.1723360Z      = note: `#[warn(mismatched_lifetime_syntaxes)]` on by default
2026-09-09T19:53:47.1723639Z help: use `'_` for type paths
2026-09-09T19:53:47.1723836Z      |
2026-09-09T19:53:47.1724010Z 2146 |     fn peek(&self) -> &Token<'_> {
2026-09-09T19:53:47.1724232Z      |                             ++++
2026-09-09T19:53:47.1724361Z 
2026-09-09T19:53:47.1724599Z warning: `sv_core` (lib) generated 25 warnings (run `cargo fix --lib -p sv_core` to apply 1 suggestion)
2026-09-09T19:53:47.1725222Z    Compiling sv_core v0.1.0 (/home/runner/work/SV-lenguaje-de-computacion/SV-lenguaje-de-computacion/rust/sv_core)
2026-09-09T19:53:47.8021861Z     Finished `release` profile [optimized] target(s) in 0.64s
2026-09-09T19:53:47.8168093Z warning: associated function `from_core_id` is never used
2026-09-09T19:53:47.8168585Z    --> sv_core/src/control.rs:155:27
2026-09-09T19:53:47.8168877Z     |
2026-09-09T19:53:47.8169106Z 141 |           impl $name {
2026-09-09T19:53:47.8169489Z     |           ---------- associated function in this implementation
2026-09-09T19:53:47.8169870Z ...
2026-09-09T19:53:47.8170170Z 155 |               pub(crate) fn from_core_id(id: ControlId) -> Self {
2026-09-09T19:53:47.8170565Z     |                             ^^^^^^^^^^^^
2026-09-09T19:53:47.8170866Z ...
2026-09-09T19:53:47.8171086Z 162 | / opaque_control_ref!(
2026-09-09T19:53:47.8171391Z 163 | |     InformationRef,
2026-09-09T19:53:47.8172056Z 164 | |     "Referencia nominal a información dentro del dominio de control."
2026-09-09T19:53:47.8172486Z 165 | | );
2026-09-09T19:53:47.8172737Z     | |_- in this macro invocation
2026-09-09T19:53:47.8173003Z     |
2026-09-09T19:53:47.8173336Z     = note: `#[warn(dead_code)]` (part of `#[warn(unused)]`) on by default
2026-09-09T19:53:47.8174084Z     = note: this warning originates in the macro `opaque_control_ref` (in Nightly builds, run with -Z macro-backtrace for more info)
2026-09-09T19:53:47.8174637Z 
2026-09-09T19:53:47.8174814Z warning: associated function `from_core_id` is never used
2026-09-09T19:53:47.8175219Z    --> sv_core/src/control.rs:155:27
2026-09-09T19:53:47.8175506Z     |
2026-09-09T19:53:47.8175715Z 141 |           impl $name {
2026-09-09T19:53:47.8176072Z     |           ---------- associated function in this implementation
2026-09-09T19:53:47.8176410Z ...
2026-09-09T19:53:47.8176711Z 155 |               pub(crate) fn from_core_id(id: ControlId) -> Self {
2026-09-09T19:53:47.8177228Z     |                             ^^^^^^^^^^^^
2026-09-09T19:53:47.8177537Z ...
2026-09-09T19:53:47.8177745Z 166 | / opaque_control_ref!(
2026-09-09T19:53:47.8178058Z 167 | |     AdmittedEvidenceRef,
2026-09-09T19:53:47.8178666Z 168 | |     "Referencia a evidencia cuya admisión debe proceder de una verificación gobernada."
2026-09-09T19:53:47.8179170Z 169 | | );
2026-09-09T19:53:47.8179418Z     | |_- in this macro invocation
2026-09-09T19:53:47.8179688Z     |
2026-09-09T19:53:47.8180272Z     = note: this warning originates in the macro `opaque_control_ref` (in Nightly builds, run with -Z macro-backtrace for more info)
2026-09-09T19:53:47.8181058Z 
2026-09-09T19:53:47.8181257Z warning: associated function `from_core_id` is never used
2026-09-09T19:53:47.8181662Z    --> sv_core/src/control.rs:155:27
2026-09-09T19:53:47.8181939Z     |
2026-09-09T19:53:47.8182167Z 141 |           impl $name {
2026-09-09T19:53:47.8182499Z     |           ---------- associated function in this implementation
2026-09-09T19:53:47.8182851Z ...
2026-09-09T19:53:47.8183173Z 155 |               pub(crate) fn from_core_id(id: ControlId) -> Self {
2026-09-09T19:53:47.8183464Z     |                             ^^^^^^^^^^^^
2026-09-09T19:53:47.8183685Z ...
2026-09-09T19:53:47.8183857Z 170 | / opaque_control_ref!(
2026-09-09T19:53:47.8184076Z 171 | |     ConstitutedFactRef,
2026-09-09T19:53:47.8184473Z 172 | |     "Referencia a un hecho semántico constituido; no equivale a autoridad."
2026-09-09T19:53:47.8184791Z 173 | | );
2026-09-09T19:53:47.8184969Z     | |_- in this macro invocation
2026-09-09T19:53:47.8185182Z     |
2026-09-09T19:53:47.8185559Z     = note: this warning originates in the macro `opaque_control_ref` (in Nightly builds, run with -Z macro-backtrace for more info)
2026-09-09T19:53:47.8185931Z 
2026-09-09T19:53:47.8186140Z warning: associated function `from_core_id` is never used
2026-09-09T19:53:47.8186419Z    --> sv_core/src/control.rs:155:27
2026-09-09T19:53:47.8186629Z     |
2026-09-09T19:53:47.8186950Z 141 |           impl $name {
2026-09-09T19:53:47.8187328Z     |           ---------- associated function in this implementation
2026-09-09T19:53:47.8187577Z ...
2026-09-09T19:53:47.8187883Z 155 |               pub(crate) fn from_core_id(id: ControlId) -> Self {
2026-09-09T19:53:47.8188161Z     |                             ^^^^^^^^^^^^
2026-09-09T19:53:47.8188370Z ...
2026-09-09T19:53:47.8188540Z 174 | / opaque_control_ref!(
2026-09-09T19:53:47.8188745Z 175 | |     AuthorityRef,
2026-09-09T19:53:47.8189144Z 176 | |     "Referencia a autoridad constituida; su constructor no forma parte de la API pública."
2026-09-09T19:53:47.8189500Z 177 | | );
2026-09-09T19:53:47.8189673Z     | |_- in this macro invocation
2026-09-09T19:53:47.8189877Z     |
2026-09-09T19:53:47.8190245Z     = note: this warning originates in the macro `opaque_control_ref` (in Nightly builds, run with -Z macro-backtrace for more info)
2026-09-09T19:53:47.8190610Z 
2026-09-09T19:53:47.8190729Z warning: associated function `from_core_id` is never used
2026-09-09T19:53:47.8190999Z    --> sv_core/src/control.rs:155:27
2026-09-09T19:53:47.8191207Z     |
2026-09-09T19:53:47.8191370Z 141 |           impl $name {
2026-09-09T19:53:47.8191616Z     |           ---------- associated function in this implementation
2026-09-09T19:53:47.8191865Z ...
2026-09-09T19:53:47.8192067Z 155 |               pub(crate) fn from_core_id(id: ControlId) -> Self {
2026-09-09T19:53:47.8192336Z     |                             ^^^^^^^^^^^^
2026-09-09T19:53:47.8192544Z ...
2026-09-09T19:53:47.8192699Z 178 | / opaque_control_ref!(
2026-09-09T19:53:47.8192901Z 179 | |     EnablementRef,
2026-09-09T19:53:47.8193275Z 180 | |     "Referencia a una habilitación de autoridad ya existente; no amplía autoridad."
2026-09-09T19:53:47.8193608Z 181 | | );
2026-09-09T19:53:47.8193783Z     | |_- in this macro invocation
2026-09-09T19:53:47.8193981Z     |
2026-09-09T19:53:47.8194346Z     = note: this warning originates in the macro `opaque_control_ref` (in Nightly builds, run with -Z macro-backtrace for more info)
2026-09-09T19:53:47.8194699Z 
2026-09-09T19:53:47.8194825Z warning: associated function `from_core_id` is never used
2026-09-09T19:53:47.8195098Z    --> sv_core/src/control.rs:155:27
2026-09-09T19:53:47.8195299Z     |
2026-09-09T19:53:47.8195454Z 141 |           impl $name {
2026-09-09T19:53:47.8195685Z     |           ---------- associated function in this implementation
2026-09-09T19:53:47.8195935Z ...
2026-09-09T19:53:47.8196135Z 155 |               pub(crate) fn from_core_id(id: ControlId) -> Self {
2026-09-09T19:53:47.8196414Z     |                             ^^^^^^^^^^^^
2026-09-09T19:53:47.8196692Z ...
2026-09-09T19:53:47.8197012Z 186 | / opaque_control_ref!(
2026-09-09T19:53:47.8197209Z 187 | |     FormRef,
2026-09-09T19:53:47.8197499Z 188 | |     "Referencia a una forma de transición constituida."
2026-09-09T19:53:47.8197753Z 189 | | );
2026-09-09T19:53:47.8197924Z     | |_- in this macro invocation
2026-09-09T19:53:47.8198119Z     |
2026-09-09T19:53:47.8198492Z     = note: this warning originates in the macro `opaque_control_ref` (in Nightly builds, run with -Z macro-backtrace for more info)
2026-09-09T19:53:47.8198852Z 
2026-09-09T19:53:47.8198982Z warning: associated function `from_core_id` is never used
2026-09-09T19:53:47.8199249Z    --> sv_core/src/control.rs:155:27
2026-09-09T19:53:47.8199450Z     |
2026-09-09T19:53:47.8199606Z 141 |           impl $name {
2026-09-09T19:53:47.8199842Z     |           ---------- associated function in this implementation
2026-09-09T19:53:47.8200097Z ...
2026-09-09T19:53:47.8200299Z 155 |               pub(crate) fn from_core_id(id: ControlId) -> Self {
2026-09-09T19:53:47.8200575Z     |                             ^^^^^^^^^^^^
2026-09-09T19:53:47.8200781Z ...
2026-09-09T19:53:47.8200935Z 190 | / opaque_control_ref!(
2026-09-09T19:53:47.8201131Z 191 | |     EffectFamilyRef,
2026-09-09T19:53:47.8201459Z 192 | |     "Referencia a una familia de efectos fijada por constitución."
2026-09-09T19:53:47.8201747Z 193 | | );
2026-09-09T19:53:47.8201916Z     | |_- in this macro invocation
2026-09-09T19:53:47.8202111Z     |
2026-09-09T19:53:47.8202531Z     = note: this warning originates in the macro `opaque_control_ref` (in Nightly builds, run with -Z macro-backtrace for more info)
2026-09-09T19:53:47.8202894Z 
2026-09-09T19:53:47.8203016Z warning: associated function `from_core_id` is never used
2026-09-09T19:53:47.8203280Z    --> sv_core/src/control.rs:155:27
2026-09-09T19:53:47.8203482Z     |
2026-09-09T19:53:47.8203637Z 141 |           impl $name {
2026-09-09T19:53:47.8203873Z     |           ---------- associated function in this implementation
2026-09-09T19:53:47.8204131Z ...
2026-09-09T19:53:47.8204331Z 155 |               pub(crate) fn from_core_id(id: ControlId) -> Self {
2026-09-09T19:53:47.8204598Z     |                             ^^^^^^^^^^^^
2026-09-09T19:53:47.8204807Z ...
2026-09-09T19:53:47.8204963Z 194 | / opaque_control_ref!(
2026-09-09T19:53:47.8205155Z 195 | |     EffectRef,
2026-09-09T19:53:47.8205435Z 196 | |     "Referencia a un efecto concreto; identificarlo no equivale a autorizarlo."
2026-09-09T19:53:47.8205744Z 197 | | );
2026-09-09T19:53:47.8205908Z     | |_- in this macro invocation
2026-09-09T19:53:47.8206103Z     |
2026-09-09T19:53:47.8206480Z     = note: this warning originates in the macro `opaque_control_ref` (in Nightly builds, run with -Z macro-backtrace for more info)
2026-09-09T19:53:47.8206956Z 
2026-09-09T19:53:47.8207085Z warning: associated function `from_core_id` is never used
2026-09-09T19:53:47.8207345Z    --> sv_core/src/control.rs:155:27
2026-09-09T19:53:47.8207545Z     |
2026-09-09T19:53:47.8207706Z 141 |           impl $name {
2026-09-09T19:53:47.8207938Z     |           ---------- associated function in this implementation
2026-09-09T19:53:47.8208189Z ...
2026-09-09T19:53:47.8208392Z 155 |               pub(crate) fn from_core_id(id: ControlId) -> Self {
2026-09-09T19:53:47.8208662Z     |                             ^^^^^^^^^^^^
2026-09-09T19:53:47.8208870Z ...
2026-09-09T19:53:47.8209023Z 198 | / opaque_control_ref!(
2026-09-09T19:53:47.8209215Z 199 | |     ContextRef,
2026-09-09T19:53:47.8209498Z 200 | |     "Referencia a una ligadura de contexto relevante para autoridad o forma."
2026-09-09T19:53:47.8209803Z 201 | | );
2026-09-09T19:53:47.8209969Z     | |_- in this macro invocation
2026-09-09T19:53:47.8210162Z     |
2026-09-09T19:53:47.8210527Z     = note: this warning originates in the macro `opaque_control_ref` (in Nightly builds, run with -Z macro-backtrace for more info)
2026-09-09T19:53:47.8210884Z 
2026-09-09T19:53:47.8210999Z warning: associated function `from_core_id` is never used
2026-09-09T19:53:47.8211317Z    --> sv_core/src/control.rs:155:27
2026-09-09T19:53:47.8211528Z     |
2026-09-09T19:53:47.8211685Z 141 |           impl $name {
2026-09-09T19:53:47.8211920Z     |           ---------- associated function in this implementation
2026-09-09T19:53:47.8212168Z ...
2026-09-09T19:53:47.8212399Z 155 |               pub(crate) fn from_core_id(id: ControlId) -> Self {
2026-09-09T19:53:47.8212676Z     |                             ^^^^^^^^^^^^
2026-09-09T19:53:47.8212882Z ...
2026-09-09T19:53:47.8213038Z 202 | / opaque_control_ref!(
2026-09-09T19:53:47.8213234Z 203 | |     AuthorityHolderRef,
2026-09-09T19:53:47.8213629Z 204 | |     "Referencia al titular de una autoridad; no constituye autoridad por sí misma."
2026-09-09T19:53:47.8213954Z 205 | | );
2026-09-09T19:53:47.8214121Z     | |_- in this macro invocation
2026-09-09T19:53:47.8214312Z     |
2026-09-09T19:53:47.8214669Z     = note: this warning originates in the macro `opaque_control_ref` (in Nightly builds, run with -Z macro-backtrace for more info)
2026-09-09T19:53:47.8215022Z 
2026-09-09T19:53:47.8215148Z warning: associated function `from_core_id` is never used
2026-09-09T19:53:47.8215408Z    --> sv_core/src/control.rs:155:27
2026-09-09T19:53:47.8215606Z     |
2026-09-09T19:53:47.8215754Z 141 |           impl $name {
2026-09-09T19:53:47.8215983Z     |           ---------- associated function in this implementation
2026-09-09T19:53:47.8216227Z ...
2026-09-09T19:53:47.8216430Z 155 |               pub(crate) fn from_core_id(id: ControlId) -> Self {
2026-09-09T19:53:47.8216693Z     |                             ^^^^^^^^^^^^
2026-09-09T19:53:47.8217358Z ...
2026-09-09T19:53:47.8217524Z 206 | / opaque_control_ref!(
2026-09-09T19:53:47.8217724Z 207 | |     GovernedObjectRef,
2026-09-09T19:53:47.8218017Z 208 | |     "Referencia a un objeto candidato a pertenecer al dominio gobernado D_a."
2026-09-09T19:53:47.8218330Z 209 | | );
2026-09-09T19:53:47.8218499Z     | |_- in this macro invocation
2026-09-09T19:53:47.8218699Z     |
2026-09-09T19:53:47.8219070Z     = note: this warning originates in the macro `opaque_control_ref` (in Nightly builds, run with -Z macro-backtrace for more info)
2026-09-09T19:53:47.8219417Z 
2026-09-09T19:53:47.8219543Z warning: associated function `from_core_id` is never used
2026-09-09T19:53:47.8219805Z    --> sv_core/src/control.rs:155:27
2026-09-09T19:53:47.8220006Z     |
2026-09-09T19:53:47.8220160Z 141 |           impl $name {
2026-09-09T19:53:47.8220395Z     |           ---------- associated function in this implementation
2026-09-09T19:53:47.8220643Z ...
2026-09-09T19:53:47.8220851Z 155 |               pub(crate) fn from_core_id(id: ControlId) -> Self {
2026-09-09T19:53:47.8221127Z     |                             ^^^^^^^^^^^^
2026-09-09T19:53:47.8221335Z ...
2026-09-09T19:53:47.8221496Z 210 | / opaque_control_ref!(
2026-09-09T19:53:47.8221706Z 211 | |     AccumulationRuleRef,
2026-09-09T19:53:47.8222083Z 212 | |     "Referencia a una regla gobernada de acumulación o a un predicado de traza."
2026-09-09T19:53:47.8222406Z 213 | | );
2026-09-09T19:53:47.8222569Z     | |_- in this macro invocation
2026-09-09T19:53:47.8222763Z     |
2026-09-09T19:53:47.8223135Z     = note: this warning originates in the macro `opaque_control_ref` (in Nightly builds, run with -Z macro-backtrace for more info)
2026-09-09T19:53:47.8223483Z 
2026-09-09T19:53:47.8223600Z warning: associated function `from_core_id` is never used
2026-09-09T19:53:47.8223862Z    --> sv_core/src/control.rs:155:27
2026-09-09T19:53:47.8224065Z     |
2026-09-09T19:53:47.8224220Z 141 |           impl $name {
2026-09-09T19:53:47.8224469Z     |           ---------- associated function in this implementation
2026-09-09T19:53:47.8224717Z ...
2026-09-09T19:53:47.8224919Z 155 |               pub(crate) fn from_core_id(id: ControlId) -> Self {
2026-09-09T19:53:47.8225193Z     |                             ^^^^^^^^^^^^
2026-09-09T19:53:47.8225401Z ...
2026-09-09T19:53:47.8225555Z 214 | / opaque_control_ref!(
2026-09-09T19:53:47.8225754Z 215 | |     RequirementRef,
2026-09-09T19:53:47.8226192Z 216 | |     "Referencia a una obligación de Req; identificarla no acredita su cumplimiento."
2026-09-09T19:53:47.8226521Z 217 | | );
2026-09-09T19:53:47.8226689Z     | |_- in this macro invocation
2026-09-09T19:53:47.8227105Z     |
2026-09-09T19:53:47.8227473Z     = note: this warning originates in the macro `opaque_control_ref` (in Nightly builds, run with -Z macro-backtrace for more info)
2026-09-09T19:53:47.8227815Z 
2026-09-09T19:53:47.8227940Z warning: associated function `from_core_id` is never used
2026-09-09T19:53:47.8228208Z    --> sv_core/src/control.rs:155:27
2026-09-09T19:53:47.8228413Z     |
2026-09-09T19:53:47.8228581Z 141 |           impl $name {
2026-09-09T19:53:47.8228816Z     |           ---------- associated function in this implementation
2026-09-09T19:53:47.8229070Z ...
2026-09-09T19:53:47.8229276Z 155 |               pub(crate) fn from_core_id(id: ControlId) -> Self {
2026-09-09T19:53:47.8229554Z     |                             ^^^^^^^^^^^^
2026-09-09T19:53:47.8229762Z ...
2026-09-09T19:53:47.8229917Z 218 | / opaque_control_ref!(
2026-09-09T19:53:47.8230112Z 219 | |     VerifierRef,
2026-09-09T19:53:47.8230427Z 220 | |     "Referencia a un verificador concreto; su mera existencia no acredita aplicabilidad."
2026-09-09T19:53:47.8230761Z 221 | | );
2026-09-09T19:53:47.8230927Z     | |_- in this macro invocation
2026-09-09T19:53:47.8231121Z     |
2026-09-09T19:53:47.8231489Z     = note: this warning originates in the macro `opaque_control_ref` (in Nightly builds, run with -Z macro-backtrace for more info)
2026-09-09T19:53:47.8231846Z 
2026-09-09T19:53:47.8232014Z warning: associated function `from_core_id` is never used
2026-09-09T19:53:47.8232283Z    --> sv_core/src/control.rs:155:27
2026-09-09T19:53:47.8232486Z     |
2026-09-09T19:53:47.8232639Z 141 |           impl $name {
2026-09-09T19:53:47.8232879Z     |           ---------- associated function in this implementation
2026-09-09T19:53:47.8233133Z ...
2026-09-09T19:53:47.8233335Z 155 |               pub(crate) fn from_core_id(id: ControlId) -> Self {
2026-09-09T19:53:47.8233602Z     |                             ^^^^^^^^^^^^
2026-09-09T19:53:47.8233811Z ...
2026-09-09T19:53:47.8233966Z 222 | / opaque_control_ref!(
2026-09-09T19:53:47.8234165Z 223 | |     VerifierFamilyRef,
2026-09-09T19:53:47.8234538Z 224 | |     "Referencia a una familia de verificadores admisibles para una obligación."
2026-09-09T19:53:47.8234864Z 225 | | );
2026-09-09T19:53:47.8235030Z     | |_- in this macro invocation
2026-09-09T19:53:47.8235228Z     |
2026-09-09T19:53:47.8235596Z     = note: this warning originates in the macro `opaque_control_ref` (in Nightly builds, run with -Z macro-backtrace for more info)
2026-09-09T19:53:47.8235950Z 
2026-09-09T19:53:47.8236069Z warning: associated function `from_core_id` is never used
2026-09-09T19:53:47.8236334Z    --> sv_core/src/control.rs:155:27
2026-09-09T19:53:47.8236536Z     |
2026-09-09T19:53:47.8236691Z 141 |           impl $name {
2026-09-09T19:53:47.8237175Z     |           ---------- associated function in this implementation
2026-09-09T19:53:47.8237441Z ...
2026-09-09T19:53:47.8237642Z 155 |               pub(crate) fn from_core_id(id: ControlId) -> Self {
2026-09-09T19:53:47.8237909Z     |                             ^^^^^^^^^^^^
2026-09-09T19:53:47.8238115Z ...
2026-09-09T19:53:47.8238273Z 226 | / opaque_control_ref!(
2026-09-09T19:53:47.8238479Z 227 | |     ApplicabilityRuleRef,
2026-09-09T19:53:47.8238888Z 228 | |     "Referencia a una regla previamente constituida de aplicabilidad de comprobación."
2026-09-09T19:53:47.8239225Z 229 | | );
2026-09-09T19:53:47.8239389Z     | |_- in this macro invocation
2026-09-09T19:53:47.8239589Z     |
2026-09-09T19:53:47.8239967Z     = note: this warning originates in the macro `opaque_control_ref` (in Nightly builds, run with -Z macro-backtrace for more info)
2026-09-09T19:53:47.8240311Z 
2026-09-09T19:53:47.8240438Z warning: associated function `from_core_id` is never used
2026-09-09T19:53:47.8240702Z    --> sv_core/src/control.rs:155:27
2026-09-09T19:53:47.8240963Z     |
2026-09-09T19:53:47.8241118Z 141 |           impl $name {
2026-09-09T19:53:47.8241352Z     |           ---------- associated function in this implementation
2026-09-09T19:53:47.8241602Z ...
2026-09-09T19:53:47.8241801Z 155 |               pub(crate) fn from_core_id(id: ControlId) -> Self {
2026-09-09T19:53:47.8242077Z     |                             ^^^^^^^^^^^^
2026-09-09T19:53:47.8242281Z ...
2026-09-09T19:53:47.8242447Z 230 | / opaque_control_ref!(
2026-09-09T19:53:47.8242657Z 231 | |     ConflictResolutionRuleRef,
2026-09-09T19:53:47.8243116Z 232 | |     "Referencia a una regla previamente constituida de resolución de conflicto entre comprobaciones."
2026-09-09T19:53:47.8243495Z 233 | | );
2026-09-09T19:53:47.8243660Z     | |_- in this macro invocation
2026-09-09T19:53:47.8243852Z     |
2026-09-09T19:53:47.8244218Z     = note: this warning originates in the macro `opaque_control_ref` (in Nightly builds, run with -Z macro-backtrace for more info)
2026-09-09T19:53:47.8244569Z 
2026-09-09T19:53:47.8244687Z warning: associated function `from_core_id` is never used
2026-09-09T19:53:47.8244951Z    --> sv_core/src/control.rs:155:27
2026-09-09T19:53:47.8245165Z     |
2026-09-09T19:53:47.8245316Z 141 |           impl $name {
2026-09-09T19:53:47.8245544Z     |           ---------- associated function in this implementation
2026-09-09T19:53:47.8245793Z ...
2026-09-09T19:53:47.8246032Z 155 |               pub(crate) fn from_core_id(id: ControlId) -> Self {
2026-09-09T19:53:47.8246309Z     |                             ^^^^^^^^^^^^
2026-09-09T19:53:47.8246515Z ...
2026-09-09T19:53:47.8246671Z 234 | / opaque_control_ref!(
2026-09-09T19:53:47.8247022Z 235 | |     CoverageRuleRef,
2026-09-09T19:53:47.8247452Z 236 | |     "Referencia a una regla previamente constituida de cobertura de comprobaciones exigibles."
2026-09-09T19:53:47.8247825Z 237 | | );
2026-09-09T19:53:47.8247998Z     | |_- in this macro invocation
2026-09-09T19:53:47.8248197Z     |
2026-09-09T19:53:47.8248569Z     = note: this warning originates in the macro `opaque_control_ref` (in Nightly builds, run with -Z macro-backtrace for more info)
2026-09-09T19:53:47.8248924Z 
2026-09-09T19:53:47.8249052Z warning: associated function `from_core_id` is never used
2026-09-09T19:53:47.8249324Z    --> sv_core/src/control.rs:155:27
2026-09-09T19:53:47.8249532Z     |
2026-09-09T19:53:47.8249689Z 141 |           impl $name {
2026-09-09T19:53:47.8249923Z     |           ---------- associated function in this implementation
2026-09-09T19:53:47.8250176Z ...
2026-09-09T19:53:47.8250385Z 155 |               pub(crate) fn from_core_id(id: ControlId) -> Self {
2026-09-09T19:53:47.8250655Z     |                             ^^^^^^^^^^^^
2026-09-09T19:53:47.8250857Z ...
2026-09-09T19:53:47.8251010Z 238 | / opaque_control_ref!(
2026-09-09T19:53:47.8251206Z 239 | |     ReuseRuleRef,
2026-09-09T19:53:47.8251622Z 240 | |     "Referencia a una regla previamente constituida de reutilización de resultados cualificados."
2026-09-09T19:53:47.8251991Z 241 | | );
2026-09-09T19:53:47.8252161Z     | |_- in this macro invocation
2026-09-09T19:53:47.8252356Z     |
2026-09-09T19:53:47.8252729Z     = note: this warning originates in the macro `opaque_control_ref` (in Nightly builds, run with -Z macro-backtrace for more info)
2026-09-09T19:53:47.8253095Z 
2026-09-09T19:53:47.8253220Z warning: associated function `from_core_id` is never used
2026-09-09T19:53:47.8253484Z    --> sv_core/src/control.rs:155:27
2026-09-09T19:53:47.8253686Z     |
2026-09-09T19:53:47.8253842Z 141 |           impl $name {
2026-09-09T19:53:47.8254078Z     |           ---------- associated function in this implementation
2026-09-09T19:53:47.8254335Z ...
2026-09-09T19:53:47.8254535Z 155 |               pub(crate) fn from_core_id(id: ControlId) -> Self {
2026-09-09T19:53:47.8254801Z     |                             ^^^^^^^^^^^^
2026-09-09T19:53:47.8255005Z ...
2026-09-09T19:53:47.8255161Z 242 | / opaque_control_ref!(
2026-09-09T19:53:47.8255384Z 243 | |     ReuseBindingKeyRef,
2026-09-09T19:53:47.8255916Z 244 | |     "Referencia a una dimensión constituida cuya continuidad puede ser exigible para reutilizar un resultado."
2026-09-09T19:53:47.8256319Z 245 | | );
2026-09-09T19:53:47.8256483Z     | |_- in this macro invocation
2026-09-09T19:53:47.8256712Z     |
2026-09-09T19:53:47.8257149Z     = note: this warning originates in the macro `opaque_control_ref` (in Nightly builds, run with -Z macro-backtrace for more info)
2026-09-09T19:53:47.8257511Z 
2026-09-09T19:53:47.8257629Z warning: associated function `from_core_id` is never used
2026-09-09T19:53:47.8257890Z    --> sv_core/src/control.rs:155:27
2026-09-09T19:53:47.8258092Z     |
2026-09-09T19:53:47.8258258Z 141 |           impl $name {
2026-09-09T19:53:47.8258491Z     |           ---------- associated function in this implementation
2026-09-09T19:53:47.8258736Z ...
2026-09-09T19:53:47.8258935Z 155 |               pub(crate) fn from_core_id(id: ControlId) -> Self {
2026-09-09T19:53:47.8259203Z     |                             ^^^^^^^^^^^^
2026-09-09T19:53:47.8259410Z ...
2026-09-09T19:53:47.8259561Z 246 | / opaque_control_ref!(
2026-09-09T19:53:47.8259756Z 247 | |     ReuseBindingValueRef,
2026-09-09T19:53:47.8260221Z 248 | |     "Referencia al valor constituido de una dimensión de reutilización; identificarlo no acredita su vigencia."
2026-09-09T19:53:47.8260622Z 249 | | );
2026-09-09T19:53:47.8260794Z     | |_- in this macro invocation
2026-09-09T19:53:47.8260983Z     |
2026-09-09T19:53:47.8261353Z     = note: this warning originates in the macro `opaque_control_ref` (in Nightly builds, run with -Z macro-backtrace for more info)
2026-09-09T19:53:47.8261703Z 
2026-09-09T19:53:47.8261856Z warning: constant `PROFILE_ID` is never used
2026-09-09T19:53:47.8262108Z  --> sv_core/src/identifier_profile.rs:6:18
2026-09-09T19:53:47.8262328Z   |
2026-09-09T19:53:47.8262556Z 6 | pub(crate) const PROFILE_ID: &str = "svp-grammar-0.2-lex-es-1";
2026-09-09T19:53:47.8262832Z   |                  ^^^^^^^^^^
2026-09-09T19:53:47.8262961Z 
2026-09-09T19:53:47.8263066Z warning: function `is_reserved_word` is never used
2026-09-09T19:53:47.8263346Z   --> sv_core/src/identifier_profile.rs:22:15
2026-09-09T19:53:47.8263568Z    |
2026-09-09T19:53:47.8263769Z 22 | pub(crate) fn is_reserved_word(word: &str) -> bool {
2026-09-09T19:53:47.8264023Z    |               ^^^^^^^^^^^^^^^^
2026-09-09T19:53:47.8264149Z 
2026-09-09T19:53:47.8264260Z warning: method `matches_descriptor` is never used
2026-09-09T19:53:47.8264531Z    --> sv_core/src/requirements_reuse.rs:121:19
2026-09-09T19:53:47.8264758Z     |
2026-09-09T19:53:47.8264916Z  44 | impl ReuseRule {
2026-09-09T19:53:47.8265125Z     | -------------- method in this implementation
2026-09-09T19:53:47.8265346Z ...
2026-09-09T19:53:47.8265627Z 121 |     pub(crate) fn matches_descriptor(&self, descriptor: &RequirementDescriptor) -> bool {
2026-09-09T19:53:47.8265991Z     |                   ^^^^^^^^^^^^^^^^^^
2026-09-09T19:53:47.8266125Z 
2026-09-09T19:53:47.8266266Z warning: hiding a lifetime that's elided elsewhere is confusing
2026-09-09T19:53:47.8266556Z     --> sv_core/src/frontend.rs:2146:13
2026-09-09T19:53:47.8266827Z      |
2026-09-09T19:53:47.8267061Z 2146 |     fn peek(&self) -> &Token {
2026-09-09T19:53:47.8267296Z      |             ^^^^^     ^^^^^^
2026-09-09T19:53:47.8267495Z      |             |         ||
2026-09-09T19:53:47.8267718Z      |             |         |the same lifetime is hidden here
2026-09-09T19:53:47.8267985Z      |             |         the same lifetime is elided here
2026-09-09T19:53:47.8268247Z      |             the lifetime is elided here
2026-09-09T19:53:47.8268465Z      |
2026-09-09T19:53:47.8268764Z      = help: the same lifetime is referred to in inconsistent ways, making the signature confusing
2026-09-09T19:53:47.8269163Z      = note: `#[warn(mismatched_lifetime_syntaxes)]` on by default
2026-09-09T19:53:47.8269432Z help: use `'_` for type paths
2026-09-09T19:53:47.8269620Z      |
2026-09-09T19:53:47.8269790Z 2146 |     fn peek(&self) -> &Token<'_> {
2026-09-09T19:53:47.8270008Z      |                             ++++
2026-09-09T19:53:47.8270283Z 
2026-09-09T19:53:47.8270507Z warning: `sv_core` (lib) generated 25 warnings (run `cargo fix --lib -p sv_core` to apply 1 suggestion)
2026-09-09T19:53:47.8271096Z    Compiling sv_core v0.1.0 (/home/runner/work/SV-lenguaje-de-computacion/SV-lenguaje-de-computacion/rust/sv_core)
2026-09-09T19:53:48.3787215Z     Finished `release` profile [optimized] target(s) in 0.56s
2026-09-09T19:53:48.3939628Z warning: associated function `from_core_id` is never used
2026-09-09T19:53:48.3940140Z    --> sv_core/src/control.rs:155:27
2026-09-09T19:53:48.3940466Z     |
2026-09-09T19:53:48.3940725Z 141 |           impl $name {
2026-09-09T19:53:48.3941095Z     |           ---------- associated function in this implementation
2026-09-09T19:53:48.3941450Z ...
2026-09-09T19:53:48.3941757Z 155 |               pub(crate) fn from_core_id(id: ControlId) -> Self {
2026-09-09T19:53:48.3942132Z     |                             ^^^^^^^^^^^^
2026-09-09T19:53:48.3942426Z ...
2026-09-09T19:53:48.3942661Z 162 | / opaque_control_ref!(
2026-09-09T19:53:48.3942928Z 163 | |     InformationRef,
2026-09-09T19:53:48.3943738Z 164 | |     "Referencia nominal a información dentro del dominio de control."
2026-09-09T19:53:48.3944487Z 165 | | );
2026-09-09T19:53:48.3944795Z     | |_- in this macro invocation
2026-09-09T19:53:48.3945291Z     |
2026-09-09T19:53:48.3945638Z     = note: `#[warn(dead_code)]` (part of `#[warn(unused)]`) on by default
2026-09-09T19:53:48.3946431Z     = note: this warning originates in the macro `opaque_control_ref` (in Nightly builds, run with -Z macro-backtrace for more info)
2026-09-09T19:53:48.3947101Z 
2026-09-09T19:53:48.3947477Z warning: associated function `from_core_id` is never used
2026-09-09T19:53:48.3947917Z    --> sv_core/src/control.rs:155:27
2026-09-09T19:53:48.3948201Z     |
2026-09-09T19:53:48.3948437Z 141 |           impl $name {
2026-09-09T19:53:48.3948788Z     |           ---------- associated function in this implementation
2026-09-09T19:53:48.3949154Z ...
2026-09-09T19:53:48.3949460Z 155 |               pub(crate) fn from_core_id(id: ControlId) -> Self {
2026-09-09T19:53:48.3949840Z     |                             ^^^^^^^^^^^^
2026-09-09T19:53:48.3950146Z ...
2026-09-09T19:53:48.3950352Z 166 | / opaque_control_ref!(
2026-09-09T19:53:48.3950647Z 167 | |     AdmittedEvidenceRef,
2026-09-09T19:53:48.3951267Z 168 | |     "Referencia a evidencia cuya admisión debe proceder de una verificación gobernada."
2026-09-09T19:53:48.3951783Z 169 | | );
2026-09-09T19:53:48.3952033Z     | |_- in this macro invocation
2026-09-09T19:53:48.3952311Z     |
2026-09-09T19:53:48.3952841Z     = note: this warning originates in the macro `opaque_control_ref` (in Nightly builds, run with -Z macro-backtrace for more info)
2026-09-09T19:53:48.3953380Z 
2026-09-09T19:53:48.3953559Z warning: associated function `from_core_id` is never used
2026-09-09T19:53:48.3953850Z    --> sv_core/src/control.rs:155:27
2026-09-09T19:53:48.3954104Z     |
2026-09-09T19:53:48.3954352Z 141 |           impl $name {
2026-09-09T19:53:48.3954607Z     |           ---------- associated function in this implementation
2026-09-09T19:53:48.3954856Z ...
2026-09-09T19:53:48.3955062Z 155 |               pub(crate) fn from_core_id(id: ControlId) -> Self {
2026-09-09T19:53:48.3955333Z     |                             ^^^^^^^^^^^^
2026-09-09T19:53:48.3955543Z ...
2026-09-09T19:53:48.3955709Z 170 | / opaque_control_ref!(
2026-09-09T19:53:48.3955912Z 171 | |     ConstitutedFactRef,
2026-09-09T19:53:48.3956282Z 172 | |     "Referencia a un hecho semántico constituido; no equivale a autoridad."
2026-09-09T19:53:48.3956587Z 173 | | );
2026-09-09T19:53:48.3956901Z     | |_- in this macro invocation
2026-09-09T19:53:48.3957141Z     |
2026-09-09T19:53:48.3957516Z     = note: this warning originates in the macro `opaque_control_ref` (in Nightly builds, run with -Z macro-backtrace for more info)
2026-09-09T19:53:48.3957884Z 
2026-09-09T19:53:48.3958009Z warning: associated function `from_core_id` is never used
2026-09-09T19:53:48.3958282Z    --> sv_core/src/control.rs:155:27
2026-09-09T19:53:48.3958630Z     |
2026-09-09T19:53:48.3958793Z 141 |           impl $name {
2026-09-09T19:53:48.3959033Z     |           ---------- associated function in this implementation
2026-09-09T19:53:48.3959286Z ...
2026-09-09T19:53:48.3959493Z 155 |               pub(crate) fn from_core_id(id: ControlId) -> Self {
2026-09-09T19:53:48.3959845Z     |                             ^^^^^^^^^^^^
2026-09-09T19:53:48.3960055Z ...
2026-09-09T19:53:48.3960214Z 174 | / opaque_control_ref!(
2026-09-09T19:53:48.3960413Z 175 | |     AuthorityRef,
2026-09-09T19:53:48.3960817Z 176 | |     "Referencia a autoridad constituida; su constructor no forma parte de la API pública."
2026-09-09T19:53:48.3961174Z 177 | | );
2026-09-09T19:53:48.3961352Z     | |_- in this macro invocation
2026-09-09T19:53:48.3961548Z     |
2026-09-09T19:53:48.3961919Z     = note: this warning originates in the macro `opaque_control_ref` (in Nightly builds, run with -Z macro-backtrace for more info)
2026-09-09T19:53:48.3962282Z 
2026-09-09T19:53:48.3962407Z warning: associated function `from_core_id` is never used
2026-09-09T19:53:48.3962674Z    --> sv_core/src/control.rs:155:27
2026-09-09T19:53:48.3962881Z     |
2026-09-09T19:53:48.3963037Z 141 |           impl $name {
2026-09-09T19:53:48.3963270Z     |           ---------- associated function in this implementation
2026-09-09T19:53:48.3963519Z ...
2026-09-09T19:53:48.3963723Z 155 |               pub(crate) fn from_core_id(id: ControlId) -> Self {
2026-09-09T19:53:48.3964001Z     |                             ^^^^^^^^^^^^
2026-09-09T19:53:48.3964203Z ...
2026-09-09T19:53:48.3964441Z 178 | / opaque_control_ref!(
2026-09-09T19:53:48.3964643Z 179 | |     EnablementRef,
2026-09-09T19:53:48.3965104Z 180 | |     "Referencia a una habilitación de autoridad ya existente; no amplía autoridad."
2026-09-09T19:53:48.3965443Z 181 | | );
2026-09-09T19:53:48.3965614Z     | |_- in this macro invocation
2026-09-09T19:53:48.3965814Z     |
2026-09-09T19:53:48.3966190Z     = note: this warning originates in the macro `opaque_control_ref` (in Nightly builds, run with -Z macro-backtrace for more info)
2026-09-09T19:53:48.3966556Z 
2026-09-09T19:53:48.3966679Z warning: associated function `from_core_id` is never used
2026-09-09T19:53:48.3967193Z    --> sv_core/src/control.rs:155:27
2026-09-09T19:53:48.3967399Z     |
2026-09-09T19:53:48.3967557Z 141 |           impl $name {
2026-09-09T19:53:48.3967792Z     |           ---------- associated function in this implementation
2026-09-09T19:53:48.3968044Z ...
2026-09-09T19:53:48.3968249Z 155 |               pub(crate) fn from_core_id(id: ControlId) -> Self {
2026-09-09T19:53:48.3968519Z     |                             ^^^^^^^^^^^^
2026-09-09T19:53:48.3968725Z ...
2026-09-09T19:53:48.3968880Z 186 | / opaque_control_ref!(
2026-09-09T19:53:48.3969077Z 187 | |     FormRef,
2026-09-09T19:53:48.3969354Z 188 | |     "Referencia a una forma de transición constituida."
2026-09-09T19:53:48.3969649Z 189 | | );
2026-09-09T19:53:48.3969815Z     | |_- in this macro invocation
2026-09-09T19:53:48.3970013Z     |
2026-09-09T19:53:48.3970373Z     = note: this warning originates in the macro `opaque_control_ref` (in Nightly builds, run with -Z macro-backtrace for more info)
2026-09-09T19:53:48.3970736Z 
2026-09-09T19:53:48.3970853Z warning: associated function `from_core_id` is never used
2026-09-09T19:53:48.3971128Z    --> sv_core/src/control.rs:155:27
2026-09-09T19:53:48.3971329Z     |
2026-09-09T19:53:48.3971484Z 141 |           impl $name {
2026-09-09T19:53:48.3971721Z     |           ---------- associated function in this implementation
2026-09-09T19:53:48.3971972Z ...
2026-09-09T19:53:48.3972178Z 155 |               pub(crate) fn from_core_id(id: ControlId) -> Self {
2026-09-09T19:53:48.3972443Z     |                             ^^^^^^^^^^^^
2026-09-09T19:53:48.3972651Z ...
2026-09-09T19:53:48.3972804Z 190 | / opaque_control_ref!(
2026-09-09T19:53:48.3972995Z 191 | |     EffectFamilyRef,
2026-09-09T19:53:48.3973314Z 192 | |     "Referencia a una familia de efectos fijada por constitución."
2026-09-09T19:53:48.3973675Z 193 | | );
2026-09-09T19:53:48.3973844Z     | |_- in this macro invocation
2026-09-09T19:53:48.3974037Z     |
2026-09-09T19:53:48.3974406Z     = note: this warning originates in the macro `opaque_control_ref` (in Nightly builds, run with -Z macro-backtrace for more info)
2026-09-09T19:53:48.3974756Z 
2026-09-09T19:53:48.3974882Z warning: associated function `from_core_id` is never used
2026-09-09T19:53:48.3975142Z    --> sv_core/src/control.rs:155:27
2026-09-09T19:53:48.3975346Z     |
2026-09-09T19:53:48.3975503Z 141 |           impl $name {
2026-09-09T19:53:48.3975743Z     |           ---------- associated function in this implementation
2026-09-09T19:53:48.3975992Z ...
2026-09-09T19:53:48.3976204Z 155 |               pub(crate) fn from_core_id(id: ControlId) -> Self {
2026-09-09T19:53:48.3976470Z     |                             ^^^^^^^^^^^^
2026-09-09T19:53:48.3976675Z ...
2026-09-09T19:53:48.3976995Z 194 | / opaque_control_ref!(
2026-09-09T19:53:48.3977204Z 195 | |     EffectRef,
2026-09-09T19:53:48.3977495Z 196 | |     "Referencia a un efecto concreto; identificarlo no equivale a autorizarlo."
2026-09-09T19:53:48.3977821Z 197 | | );
2026-09-09T19:53:48.3977990Z     | |_- in this macro invocation
2026-09-09T19:53:48.3978190Z     |
2026-09-09T19:53:48.3978555Z     = note: this warning originates in the macro `opaque_control_ref` (in Nightly builds, run with -Z macro-backtrace for more info)
2026-09-09T19:53:48.3978919Z 
2026-09-09T19:53:48.3979043Z warning: associated function `from_core_id` is never used
2026-09-09T19:53:48.3979310Z    --> sv_core/src/control.rs:155:27
2026-09-09T19:53:48.3979571Z     |
2026-09-09T19:53:48.3979729Z 141 |           impl $name {
2026-09-09T19:53:48.3979963Z     |           ---------- associated function in this implementation
2026-09-09T19:53:48.3980216Z ...
2026-09-09T19:53:48.3980417Z 155 |               pub(crate) fn from_core_id(id: ControlId) -> Self {
2026-09-09T19:53:48.3980683Z     |                             ^^^^^^^^^^^^
2026-09-09T19:53:48.3980894Z ...
2026-09-09T19:53:48.3981061Z 198 | / opaque_control_ref!(
2026-09-09T19:53:48.3981268Z 199 | |     ContextRef,
2026-09-09T19:53:48.3981547Z 200 | |     "Referencia a una ligadura de contexto relevante para autoridad o forma."
2026-09-09T19:53:48.3981857Z 201 | | );
2026-09-09T19:53:48.3982024Z     | |_- in this macro invocation
2026-09-09T19:53:48.3982217Z     |
2026-09-09T19:53:48.3982584Z     = note: this warning originates in the macro `opaque_control_ref` (in Nightly builds, run with -Z macro-backtrace for more info)
2026-09-09T19:53:48.3982933Z 
2026-09-09T19:53:48.3983051Z warning: associated function `from_core_id` is never used
2026-09-09T19:53:48.3983311Z    --> sv_core/src/control.rs:155:27
2026-09-09T19:53:48.3983511Z     |
2026-09-09T19:53:48.3983673Z 141 |           impl $name {
2026-09-09T19:53:48.3983901Z     |           ---------- associated function in this implementation
2026-09-09T19:53:48.3984147Z ...
2026-09-09T19:53:48.3984348Z 155 |               pub(crate) fn from_core_id(id: ControlId) -> Self {
2026-09-09T19:53:48.3984617Z     |                             ^^^^^^^^^^^^
2026-09-09T19:53:48.3984819Z ...
2026-09-09T19:53:48.3984974Z 202 | / opaque_control_ref!(
2026-09-09T19:53:48.3985171Z 203 | |     AuthorityHolderRef,
2026-09-09T19:53:48.3985565Z 204 | |     "Referencia al titular de una autoridad; no constituye autoridad por sí misma."
2026-09-09T19:53:48.3985886Z 205 | | );
2026-09-09T19:53:48.3986051Z     | |_- in this macro invocation
2026-09-09T19:53:48.3986251Z     |
2026-09-09T19:53:48.3986623Z     = note: this warning originates in the macro `opaque_control_ref` (in Nightly builds, run with -Z macro-backtrace for more info)
2026-09-09T19:53:48.3987110Z 
2026-09-09T19:53:48.3987240Z warning: associated function `from_core_id` is never used
2026-09-09T19:53:48.3987507Z    --> sv_core/src/control.rs:155:27
2026-09-09T19:53:48.3987707Z     |
2026-09-09T19:53:48.3987866Z 141 |           impl $name {
2026-09-09T19:53:48.3988100Z     |           ---------- associated function in this implementation
2026-09-09T19:53:48.3988428Z ...
2026-09-09T19:53:48.3988633Z 155 |               pub(crate) fn from_core_id(id: ControlId) -> Self {
2026-09-09T19:53:48.3988909Z     |                             ^^^^^^^^^^^^
2026-09-09T19:53:48.3989113Z ...
2026-09-09T19:53:48.3989268Z 206 | / opaque_control_ref!(
2026-09-09T19:53:48.3989470Z 207 | |     GovernedObjectRef,
2026-09-09T19:53:48.3989769Z 208 | |     "Referencia a un objeto candidato a pertenecer al dominio gobernado D_a."
2026-09-09T19:53:48.3990078Z 209 | | );
2026-09-09T19:53:48.3990247Z     | |_- in this macro invocation
2026-09-09T19:53:48.3990452Z     |
2026-09-09T19:53:48.3990812Z     = note: this warning originates in the macro `opaque_control_ref` (in Nightly builds, run with -Z macro-backtrace for more info)
2026-09-09T19:53:48.3991167Z 
2026-09-09T19:53:48.3991285Z warning: associated function `from_core_id` is never used
2026-09-09T19:53:48.3991551Z    --> sv_core/src/control.rs:155:27
2026-09-09T19:53:48.3991755Z     |
2026-09-09T19:53:48.3991909Z 141 |           impl $name {
2026-09-09T19:53:48.3992138Z     |           ---------- associated function in this implementation
2026-09-09T19:53:48.3992383Z ...
2026-09-09T19:53:48.3992584Z 155 |               pub(crate) fn from_core_id(id: ControlId) -> Self {
2026-09-09T19:53:48.3992856Z     |                             ^^^^^^^^^^^^
2026-09-09T19:53:48.3993064Z ...
2026-09-09T19:53:48.3993220Z 210 | / opaque_control_ref!(
2026-09-09T19:53:48.3993417Z 211 | |     AccumulationRuleRef,
2026-09-09T19:53:48.3993858Z 212 | |     "Referencia a una regla gobernada de acumulación o a un predicado de traza."
2026-09-09T19:53:48.3994180Z 213 | | );
2026-09-09T19:53:48.3994347Z     | |_- in this macro invocation
2026-09-09T19:53:48.3994542Z     |
2026-09-09T19:53:48.3994895Z     = note: this warning originates in the macro `opaque_control_ref` (in Nightly builds, run with -Z macro-backtrace for more info)
2026-09-09T19:53:48.3995250Z 
2026-09-09T19:53:48.3995367Z warning: associated function `from_core_id` is never used
2026-09-09T19:53:48.3995635Z    --> sv_core/src/control.rs:155:27
2026-09-09T19:53:48.3995838Z     |
2026-09-09T19:53:48.3995989Z 141 |           impl $name {
2026-09-09T19:53:48.3996217Z     |           ---------- associated function in this implementation
2026-09-09T19:53:48.3996475Z ...
2026-09-09T19:53:48.3996677Z 155 |               pub(crate) fn from_core_id(id: ControlId) -> Self {
2026-09-09T19:53:48.3997160Z     |                             ^^^^^^^^^^^^
2026-09-09T19:53:48.3997370Z ...
2026-09-09T19:53:48.3997528Z 214 | / opaque_control_ref!(
2026-09-09T19:53:48.3997733Z 215 | |     RequirementRef,
2026-09-09T19:53:48.3998125Z 216 | |     "Referencia a una obligación de Req; identificarla no acredita su cumplimiento."
2026-09-09T19:53:48.3998457Z 217 | | );
2026-09-09T19:53:48.3998625Z     | |_- in this macro invocation
2026-09-09T19:53:48.3998822Z     |
2026-09-09T19:53:48.3999191Z     = note: this warning originates in the macro `opaque_control_ref` (in Nightly builds, run with -Z macro-backtrace for more info)
2026-09-09T19:53:48.3999551Z 
2026-09-09T19:53:48.3999676Z warning: associated function `from_core_id` is never used
2026-09-09T19:53:48.3999938Z    --> sv_core/src/control.rs:155:27
2026-09-09T19:53:48.4000140Z     |
2026-09-09T19:53:48.4000294Z 141 |           impl $name {
2026-09-09T19:53:48.4000529Z     |           ---------- associated function in this implementation
2026-09-09T19:53:48.4000784Z ...
2026-09-09T19:53:48.4001015Z 155 |               pub(crate) fn from_core_id(id: ControlId) -> Self {
2026-09-09T19:53:48.4001281Z     |                             ^^^^^^^^^^^^
2026-09-09T19:53:48.4001490Z ...
2026-09-09T19:53:48.4001652Z 218 | / opaque_control_ref!(
2026-09-09T19:53:48.4001847Z 219 | |     VerifierRef,
2026-09-09T19:53:48.4002172Z 220 | |     "Referencia a un verificador concreto; su mera existencia no acredita aplicabilidad."
2026-09-09T19:53:48.4002521Z 221 | | );
2026-09-09T19:53:48.4002692Z     | |_- in this macro invocation
2026-09-09T19:53:48.4002959Z     |
2026-09-09T19:53:48.4003326Z     = note: this warning originates in the macro `opaque_control_ref` (in Nightly builds, run with -Z macro-backtrace for more info)
2026-09-09T19:53:48.4003684Z 
2026-09-09T19:53:48.4003802Z warning: associated function `from_core_id` is never used
2026-09-09T19:53:48.4004071Z    --> sv_core/src/control.rs:155:27
2026-09-09T19:53:48.4004286Z     |
2026-09-09T19:53:48.4004439Z 141 |           impl $name {
2026-09-09T19:53:48.4004670Z     |           ---------- associated function in this implementation
2026-09-09T19:53:48.4004921Z ...
2026-09-09T19:53:48.4005126Z 155 |               pub(crate) fn from_core_id(id: ControlId) -> Self {
2026-09-09T19:53:48.4005400Z     |                             ^^^^^^^^^^^^
2026-09-09T19:53:48.4005604Z ...
2026-09-09T19:53:48.4005756Z 222 | / opaque_control_ref!(
2026-09-09T19:53:48.4005954Z 223 | |     VerifierFamilyRef,
2026-09-09T19:53:48.4006310Z 224 | |     "Referencia a una familia de verificadores admisibles para una obligación."
2026-09-09T19:53:48.4006629Z 225 | | );
2026-09-09T19:53:48.4006908Z     | |_- in this macro invocation
2026-09-09T19:53:48.4007233Z     |
2026-09-09T19:53:48.4007596Z     = note: this warning originates in the macro `opaque_control_ref` (in Nightly builds, run with -Z macro-backtrace for more info)
2026-09-09T19:53:48.4007951Z 
2026-09-09T19:53:48.4008076Z warning: associated function `from_core_id` is never used
2026-09-09T19:53:48.4008341Z    --> sv_core/src/control.rs:155:27
2026-09-09T19:53:48.4008542Z     |
2026-09-09T19:53:48.4008700Z 141 |           impl $name {
2026-09-09T19:53:48.4009001Z     |           ---------- associated function in this implementation
2026-09-09T19:53:48.4009248Z ...
2026-09-09T19:53:48.4009458Z 155 |               pub(crate) fn from_core_id(id: ControlId) -> Self {
2026-09-09T19:53:48.4009760Z     |                             ^^^^^^^^^^^^
2026-09-09T19:53:48.4009974Z ...
2026-09-09T19:53:48.4010130Z 226 | / opaque_control_ref!(
2026-09-09T19:53:48.4010341Z 227 | |     ApplicabilityRuleRef,
2026-09-09T19:53:48.4010752Z 228 | |     "Referencia a una regla previamente constituida de aplicabilidad de comprobación."
2026-09-09T19:53:48.4011082Z 229 | | );
2026-09-09T19:53:48.4011247Z     | |_- in this macro invocation
2026-09-09T19:53:48.4011442Z     |
2026-09-09T19:53:48.4011813Z     = note: this warning originates in the macro `opaque_control_ref` (in Nightly builds, run with -Z macro-backtrace for more info)
2026-09-09T19:53:48.4012175Z 
2026-09-09T19:53:48.4012319Z warning: associated function `from_core_id` is never used
2026-09-09T19:53:48.4012591Z    --> sv_core/src/control.rs:155:27
2026-09-09T19:53:48.4012790Z     |
2026-09-09T19:53:48.4012943Z 141 |           impl $name {
2026-09-09T19:53:48.4013175Z     |           ---------- associated function in this implementation
2026-09-09T19:53:48.4013426Z ...
2026-09-09T19:53:48.4013629Z 155 |               pub(crate) fn from_core_id(id: ControlId) -> Self {
2026-09-09T19:53:48.4013897Z     |                             ^^^^^^^^^^^^
2026-09-09T19:53:48.4014111Z ...
2026-09-09T19:53:48.4014268Z 230 | / opaque_control_ref!(
2026-09-09T19:53:48.4014485Z 231 | |     ConflictResolutionRuleRef,
2026-09-09T19:53:48.4014943Z 232 | |     "Referencia a una regla previamente constituida de resolución de conflicto entre comprobaciones."
2026-09-09T19:53:48.4015315Z 233 | | );
2026-09-09T19:53:48.4015477Z     | |_- in this macro invocation
2026-09-09T19:53:48.4015670Z     |
2026-09-09T19:53:48.4016036Z     = note: this warning originates in the macro `opaque_control_ref` (in Nightly builds, run with -Z macro-backtrace for more info)
2026-09-09T19:53:48.4016395Z 
2026-09-09T19:53:48.4016511Z warning: associated function `from_core_id` is never used
2026-09-09T19:53:48.4016867Z    --> sv_core/src/control.rs:155:27
2026-09-09T19:53:48.4017119Z     |
2026-09-09T19:53:48.4017274Z 141 |           impl $name {
2026-09-09T19:53:48.4017516Z     |           ---------- associated function in this implementation
2026-09-09T19:53:48.4017830Z ...
2026-09-09T19:53:48.4018032Z 155 |               pub(crate) fn from_core_id(id: ControlId) -> Self {
2026-09-09T19:53:48.4018296Z     |                             ^^^^^^^^^^^^
2026-09-09T19:53:48.4018500Z ...
2026-09-09T19:53:48.4018654Z 234 | / opaque_control_ref!(
2026-09-09T19:53:48.4018846Z 235 | |     CoverageRuleRef,
2026-09-09T19:53:48.4019180Z 236 | |     "Referencia a una regla previamente constituida de cobertura de comprobaciones exigibles."
2026-09-09T19:53:48.4019527Z 237 | | );
2026-09-09T19:53:48.4019692Z     | |_- in this macro invocation
2026-09-09T19:53:48.4019895Z     |
2026-09-09T19:53:48.4020253Z     = note: this warning originates in the macro `opaque_control_ref` (in Nightly builds, run with -Z macro-backtrace for more info)
2026-09-09T19:53:48.4020592Z 
2026-09-09T19:53:48.4020716Z warning: associated function `from_core_id` is never used
2026-09-09T19:53:48.4020976Z    --> sv_core/src/control.rs:155:27
2026-09-09T19:53:48.4021172Z     |
2026-09-09T19:53:48.4021325Z 141 |           impl $name {
2026-09-09T19:53:48.4021555Z     |           ---------- associated function in this implementation
2026-09-09T19:53:48.4021801Z ...
2026-09-09T19:53:48.4022003Z 155 |               pub(crate) fn from_core_id(id: ControlId) -> Self {
2026-09-09T19:53:48.4022278Z     |                             ^^^^^^^^^^^^
2026-09-09T19:53:48.4022480Z ...
2026-09-09T19:53:48.4022632Z 238 | / opaque_control_ref!(
2026-09-09T19:53:48.4022825Z 239 | |     ReuseRuleRef,
2026-09-09T19:53:48.4023238Z 240 | |     "Referencia a una regla previamente constituida de reutilización de resultados cualificados."
2026-09-09T19:53:48.4023645Z 241 | | );
2026-09-09T19:53:48.4023816Z     | |_- in this macro invocation
2026-09-09T19:53:48.4024011Z     |
2026-09-09T19:53:48.4024374Z     = note: this warning originates in the macro `opaque_control_ref` (in Nightly builds, run with -Z macro-backtrace for more info)
2026-09-09T19:53:48.4024732Z 
2026-09-09T19:53:48.4024848Z warning: associated function `from_core_id` is never used
2026-09-09T19:53:48.4025120Z    --> sv_core/src/control.rs:155:27
2026-09-09T19:53:48.4025321Z     |
2026-09-09T19:53:48.4025478Z 141 |           impl $name {
2026-09-09T19:53:48.4025712Z     |           ---------- associated function in this implementation
2026-09-09T19:53:48.4025960Z ...
2026-09-09T19:53:48.4026154Z 155 |               pub(crate) fn from_core_id(id: ControlId) -> Self {
2026-09-09T19:53:48.4026413Z     |                             ^^^^^^^^^^^^
2026-09-09T19:53:48.4026617Z ...
2026-09-09T19:53:48.4026888Z 242 | / opaque_control_ref!(
2026-09-09T19:53:48.4027124Z 243 | |     ReuseBindingKeyRef,
2026-09-09T19:53:48.4027620Z 244 | |     "Referencia a una dimensión constituida cuya continuidad puede ser exigible para reutilizar un resultado."
2026-09-09T19:53:48.4028022Z 245 | | );
2026-09-09T19:53:48.4028190Z     | |_- in this macro invocation
2026-09-09T19:53:48.4028384Z     |
2026-09-09T19:53:48.4028742Z     = note: this warning originates in the macro `opaque_control_ref` (in Nightly builds, run with -Z macro-backtrace for more info)
2026-09-09T19:53:48.4029102Z 
2026-09-09T19:53:48.4029219Z warning: associated function `from_core_id` is never used
2026-09-09T19:53:48.4029480Z    --> sv_core/src/control.rs:155:27
2026-09-09T19:53:48.4029678Z     |
2026-09-09T19:53:48.4029831Z 141 |           impl $name {
2026-09-09T19:53:48.4030063Z     |           ---------- associated function in this implementation
2026-09-09T19:53:48.4030321Z ...
2026-09-09T19:53:48.4030521Z 155 |               pub(crate) fn from_core_id(id: ControlId) -> Self {
2026-09-09T19:53:48.4030784Z     |                             ^^^^^^^^^^^^
2026-09-09T19:53:48.4030993Z ...
2026-09-09T19:53:48.4031150Z 246 | / opaque_control_ref!(
2026-09-09T19:53:48.4031351Z 247 | |     ReuseBindingValueRef,
2026-09-09T19:53:48.4031819Z 248 | |     "Referencia al valor constituido de una dimensión de reutilización; identificarlo no acredita su vigencia."
2026-09-09T19:53:48.4032216Z 249 | | );
2026-09-09T19:53:48.4032379Z     | |_- in this macro invocation
2026-09-09T19:53:48.4032677Z     |
2026-09-09T19:53:48.4033047Z     = note: this warning originates in the macro `opaque_control_ref` (in Nightly builds, run with -Z macro-backtrace for more info)
2026-09-09T19:53:48.4033390Z 
2026-09-09T19:53:48.4033494Z warning: constant `PROFILE_ID` is never used
2026-09-09T19:53:48.4033747Z  --> sv_core/src/identifier_profile.rs:6:18
2026-09-09T19:53:48.4033971Z   |
2026-09-09T19:53:48.4034201Z 6 | pub(crate) const PROFILE_ID: &str = "svp-grammar-0.2-lex-es-1";
2026-09-09T19:53:48.4034495Z   |                  ^^^^^^^^^^
2026-09-09T19:53:48.4034627Z 
2026-09-09T19:53:48.4034735Z warning: function `is_reserved_word` is never used
2026-09-09T19:53:48.4035002Z   --> sv_core/src/identifier_profile.rs:22:15
2026-09-09T19:53:48.4035222Z    |
2026-09-09T19:53:48.4035430Z 22 | pub(crate) fn is_reserved_word(word: &str) -> bool {
2026-09-09T19:53:48.4035681Z    |               ^^^^^^^^^^^^^^^^
2026-09-09T19:53:48.4035807Z 
2026-09-09T19:53:48.4035918Z warning: method `matches_descriptor` is never used
2026-09-09T19:53:48.4036187Z    --> sv_core/src/requirements_reuse.rs:121:19
2026-09-09T19:53:48.4036413Z     |
2026-09-09T19:53:48.4036569Z  44 | impl ReuseRule {
2026-09-09T19:53:48.4036891Z     | -------------- method in this implementation
2026-09-09T19:53:48.4037144Z ...
2026-09-09T19:53:48.4037430Z 121 |     pub(crate) fn matches_descriptor(&self, descriptor: &RequirementDescriptor) -> bool {
2026-09-09T19:53:48.4037789Z     |                   ^^^^^^^^^^^^^^^^^^
2026-09-09T19:53:48.4037934Z 
2026-09-09T19:53:48.4038072Z warning: hiding a lifetime that's elided elsewhere is confusing
2026-09-09T19:53:48.4038420Z     --> sv_core/src/frontend.rs:2146:13
2026-09-09T19:53:48.4038631Z      |
2026-09-09T19:53:48.4038797Z 2146 |     fn peek(&self) -> &Token {
2026-09-09T19:53:48.4039003Z      |             ^^^^^     ^^^^^^
2026-09-09T19:53:48.4039203Z      |             |         ||
2026-09-09T19:53:48.4039426Z      |             |         |the same lifetime is hidden here
2026-09-09T19:53:48.4039695Z      |             |         the same lifetime is elided here
2026-09-09T19:53:48.4039946Z      |             the lifetime is elided here
2026-09-09T19:53:48.4040169Z      |
2026-09-09T19:53:48.4040466Z      = help: the same lifetime is referred to in inconsistent ways, making the signature confusing
2026-09-09T19:53:48.4040882Z      = note: `#[warn(mismatched_lifetime_syntaxes)]` on by default
2026-09-09T19:53:48.4041163Z help: use `'_` for type paths
2026-09-09T19:53:48.4041356Z      |
2026-09-09T19:53:48.4041528Z 2146 |     fn peek(&self) -> &Token<'_> {
2026-09-09T19:53:48.4041749Z      |                             ++++
2026-09-09T19:53:48.4041884Z 
2026-09-09T19:53:48.4042107Z warning: `sv_core` (lib) generated 25 warnings (run `cargo fix --lib -p sv_core` to apply 1 suggestion)
2026-09-09T19:53:48.4042673Z    Compiling sv_core v0.1.0 (/home/runner/work/SV-lenguaje-de-computacion/SV-lenguaje-de-computacion/rust/sv_core)
2026-09-09T19:53:48.9516060Z     Finished `release` profile [optimized] target(s) in 0.56s
2026-09-09T19:53:49.0622471Z (node:13550) ExperimentalWarning: WASI is an experimental feature and might change at any time
2026-09-09T19:53:49.0622978Z (Use `node --trace-warnings ...` to show where the warning was created)
2026-09-09T19:53:49.4435710Z ##[group]Run rustc --edition=2021 tests/row7_gh/generar_entradas.rs -o rust/target/gh-generate
2026-09-09T19:53:49.4436281Z [36;1mrustc --edition=2021 tests/row7_gh/generar_entradas.rs -o rust/target/gh-generate[0m
2026-09-09T19:53:49.4436650Z [36;1mrust/target/gh-generate --check[0m
2026-09-09T19:53:49.4437241Z [36;1mcargo build --manifest-path rust/Cargo.toml -p sv_core --example gh_binding_probe --release[0m
2026-09-09T19:53:49.4437848Z [36;1mcargo build --manifest-path rust/Cargo.toml -p sv_core --example gh_binding_probe --release --target wasm32-wasip1[0m
2026-09-09T19:53:49.4438512Z [36;1mcargo build --manifest-path rust/Cargo.toml -p sv_core --example gh_binding_probe_browser --release --target wasm32-unknown-unknown[0m
2026-09-09T19:53:49.4439280Z [36;1mrust/target/release/examples/gh_binding_probe > artifacts/r0-browser/gh-native.json[0m
2026-09-09T19:53:49.4439989Z [36;1mnode tests/row7_bindings/run_wasi.mjs rust/target/wasm32-wasip1/release/examples/gh_binding_probe.wasm > artifacts/r0-wasm/gh-wasi.json[0m
2026-09-09T19:53:49.4440591Z [36;1mcmp artifacts/r0-browser/gh-native.json artifacts/r0-wasm/gh-wasi.json[0m
2026-09-09T19:53:49.4441158Z [36;1mnode tests/row7_gh/verificar.mjs artifacts/r0-browser/gh-native.json --autoprueba > artifacts/r0-wasm/gh-verification.json[0m
2026-09-09T19:53:49.4441657Z [36;1mcat artifacts/r0-wasm/gh-verification.json[0m
2026-09-09T19:53:49.4442113Z [36;1mcp rust/target/wasm32-unknown-unknown/release/examples/gh_binding_probe_browser.wasm artifacts/r0-browser/[0m
2026-09-09T19:53:49.4443033Z [36;1msha256sum rust/target/release/examples/gh_binding_probe rust/target/wasm32-wasip1/release/examples/gh_binding_probe.wasm artifacts/r0-browser/gh_binding_probe_browser.wasm > artifacts/r0-wasm/gh-probes.sha256[0m
2026-09-09T19:53:49.4463093Z shell: /usr/bin/bash -e {0}
2026-09-09T19:53:49.4463320Z ##[endgroup]
2026-09-09T19:53:49.7292998Z GH-LIG: 48 entradas regenerables desde el testigo G/H exacto
2026-09-09T19:53:49.7430520Z warning: associated function `from_core_id` is never used
2026-09-09T19:53:49.7431005Z    --> sv_core/src/control.rs:155:27
2026-09-09T19:53:49.7431293Z     |
2026-09-09T19:53:49.7431517Z 141 |           impl $name {
2026-09-09T19:53:49.7431861Z     |           ---------- associated function in this implementation
2026-09-09T19:53:49.7432205Z ...
2026-09-09T19:53:49.7432484Z 155 |               pub(crate) fn from_core_id(id: ControlId) -> Self {
2026-09-09T19:53:49.7432888Z     |                             ^^^^^^^^^^^^
2026-09-09T19:53:49.7433191Z ...
2026-09-09T19:53:49.7433393Z 162 | / opaque_control_ref!(
2026-09-09T19:53:49.7433657Z 163 | |     InformationRef,
2026-09-09T19:53:49.7434331Z 164 | |     "Referencia nominal a información dentro del dominio de control."
2026-09-09T19:53:49.7434757Z 165 | | );
2026-09-09T19:53:49.7434985Z     | |_- in this macro invocation
2026-09-09T19:53:49.7435263Z     |
2026-09-09T19:53:49.7435617Z     = note: `#[warn(dead_code)]` (part of `#[warn(unused)]`) on by default
2026-09-09T19:53:49.7436371Z     = note: this warning originates in the macro `opaque_control_ref` (in Nightly builds, run with -Z macro-backtrace for more info)
2026-09-09T19:53:49.7437030Z 
2026-09-09T19:53:49.7437211Z warning: associated function `from_core_id` is never used
2026-09-09T19:53:49.7437587Z    --> sv_core/src/control.rs:155:27
2026-09-09T19:53:49.7437864Z     |
2026-09-09T19:53:49.7438074Z 141 |           impl $name {
2026-09-09T19:53:49.7438407Z     |           ---------- associated function in this implementation
2026-09-09T19:53:49.7438758Z ...
2026-09-09T19:53:49.7439043Z 155 |               pub(crate) fn from_core_id(id: ControlId) -> Self {
2026-09-09T19:53:49.7439419Z     |                             ^^^^^^^^^^^^
2026-09-09T19:53:49.7439709Z ...
2026-09-09T19:53:49.7439915Z 166 | / opaque_control_ref!(
2026-09-09T19:53:49.7440195Z 167 | |     AdmittedEvidenceRef,
2026-09-09T19:53:49.7441068Z 168 | |     "Referencia a evidencia cuya admisión debe proceder de una verificación gobernada."
2026-09-09T19:53:49.7441565Z 169 | | );
2026-09-09T19:53:49.7441792Z     | |_- in this macro invocation
2026-09-09T19:53:49.7442055Z     |
2026-09-09T19:53:49.7442594Z     = note: this warning originates in the macro `opaque_control_ref` (in Nightly builds, run with -Z macro-backtrace for more info)
2026-09-09T19:53:49.7443129Z 
2026-09-09T19:53:49.7443297Z warning: associated function `from_core_id` is never used
2026-09-09T19:53:49.7443669Z    --> sv_core/src/control.rs:155:27
2026-09-09T19:53:49.7443946Z     |
2026-09-09T19:53:49.7444147Z 141 |           impl $name {
2026-09-09T19:53:49.7444483Z     |           ---------- associated function in this implementation
2026-09-09T19:53:49.7444821Z ...
2026-09-09T19:53:49.7445099Z 155 |               pub(crate) fn from_core_id(id: ControlId) -> Self {
2026-09-09T19:53:49.7445582Z     |                             ^^^^^^^^^^^^
2026-09-09T19:53:49.7445862Z ...
2026-09-09T19:53:49.7446066Z 170 | / opaque_control_ref!(
2026-09-09T19:53:49.7446350Z 171 | |     ConstitutedFactRef,
2026-09-09T19:53:49.7446968Z 172 | |     "Referencia a un hecho semántico constituido; no equivale a autoridad."
2026-09-09T19:53:49.7447461Z 173 | | );
2026-09-09T19:53:49.7447687Z     | |_- in this macro invocation
2026-09-09T19:53:49.7447957Z     |
2026-09-09T19:53:49.7448483Z     = note: this warning originates in the macro `opaque_control_ref` (in Nightly builds, run with -Z macro-backtrace for more info)
2026-09-09T19:53:49.7449016Z 
2026-09-09T19:53:49.7449183Z warning: associated function `from_core_id` is never used
2026-09-09T19:53:49.7449561Z    --> sv_core/src/control.rs:155:27
2026-09-09T19:53:49.7449844Z     |
2026-09-09T19:53:49.7450045Z 141 |           impl $name {
2026-09-09T19:53:49.7450371Z     |           ---------- associated function in this implementation
2026-09-09T19:53:49.7450716Z ...
2026-09-09T19:53:49.7450993Z 155 |               pub(crate) fn from_core_id(id: ControlId) -> Self {
2026-09-09T19:53:49.7451362Z     |                             ^^^^^^^^^^^^
2026-09-09T19:53:49.7451644Z ...
2026-09-09T19:53:49.7451848Z 174 | / opaque_control_ref!(
2026-09-09T19:53:49.7452108Z 175 | |     AuthorityRef,
2026-09-09T19:53:49.7452670Z 176 | |     "Referencia a autoridad constituida; su constructor no forma parte de la API pública."
2026-09-09T19:53:49.7453166Z 177 | | );
2026-09-09T19:53:49.7453385Z     | |_- in this macro invocation
2026-09-09T19:53:49.7453642Z     |
2026-09-09T19:53:49.7454163Z     = note: this warning originates in the macro `opaque_control_ref` (in Nightly builds, run with -Z macro-backtrace for more info)
2026-09-09T19:53:49.7454673Z 
2026-09-09T19:53:49.7454844Z warning: associated function `from_core_id` is never used
2026-09-09T19:53:49.7455211Z    --> sv_core/src/control.rs:155:27
2026-09-09T19:53:49.7455494Z     |
2026-09-09T19:53:49.7455695Z 141 |           impl $name {
2026-09-09T19:53:49.7456021Z     |           ---------- associated function in this implementation
2026-09-09T19:53:49.7456371Z ...
2026-09-09T19:53:49.7456664Z 155 |               pub(crate) fn from_core_id(id: ControlId) -> Self {
2026-09-09T19:53:49.7457219Z     |                             ^^^^^^^^^^^^
2026-09-09T19:53:49.7457507Z ...
2026-09-09T19:53:49.7457708Z 178 | / opaque_control_ref!(
2026-09-09T19:53:49.7457979Z 179 | |     EnablementRef,
2026-09-09T19:53:49.7458504Z 180 | |     "Referencia a una habilitación de autoridad ya existente; no amplía autoridad."
2026-09-09T19:53:49.7458972Z 181 | | );
2026-09-09T19:53:49.7459187Z     | |_- in this macro invocation
2026-09-09T19:53:49.7459465Z     |
2026-09-09T19:53:49.7459993Z     = note: this warning originates in the macro `opaque_control_ref` (in Nightly builds, run with -Z macro-backtrace for more info)
2026-09-09T19:53:49.7460516Z 
2026-09-09T19:53:49.7460694Z warning: associated function `from_core_id` is never used
2026-09-09T19:53:49.7461072Z    --> sv_core/src/control.rs:155:27
2026-09-09T19:53:49.7461341Z     |
2026-09-09T19:53:49.7461545Z 141 |           impl $name {
2026-09-09T19:53:49.7461981Z     |           ---------- associated function in this implementation
2026-09-09T19:53:49.7462345Z ...
2026-09-09T19:53:49.7462627Z 155 |               pub(crate) fn from_core_id(id: ControlId) -> Self {
2026-09-09T19:53:49.7463004Z     |                             ^^^^^^^^^^^^
2026-09-09T19:53:49.7463285Z ...
2026-09-09T19:53:49.7463496Z 186 | / opaque_control_ref!(
2026-09-09T19:53:49.7463767Z 187 | |     FormRef,
2026-09-09T19:53:49.7464152Z 188 | |     "Referencia a una forma de transición constituida."
2026-09-09T19:53:49.7464501Z 189 | | );
2026-09-09T19:53:49.7464718Z     | |_- in this macro invocation
2026-09-09T19:53:49.7464975Z     |
2026-09-09T19:53:49.7465497Z     = note: this warning originates in the macro `opaque_control_ref` (in Nightly builds, run with -Z macro-backtrace for more info)
2026-09-09T19:53:49.7466092Z 
2026-09-09T19:53:49.7466253Z warning: associated function `from_core_id` is never used
2026-09-09T19:53:49.7466619Z    --> sv_core/src/control.rs:155:27
2026-09-09T19:53:49.7466983Z     |
2026-09-09T19:53:49.7467198Z 141 |           impl $name {
2026-09-09T19:53:49.7467530Z     |           ---------- associated function in this implementation
2026-09-09T19:53:49.7467864Z ...
2026-09-09T19:53:49.7468150Z 155 |               pub(crate) fn from_core_id(id: ControlId) -> Self {
2026-09-09T19:53:49.7468520Z     |                             ^^^^^^^^^^^^
2026-09-09T19:53:49.7468795Z ...
2026-09-09T19:53:49.7469008Z 190 | / opaque_control_ref!(
2026-09-09T19:53:49.7469276Z 191 | |     EffectFamilyRef,
2026-09-09T19:53:49.7469732Z 192 | |     "Referencia a una familia de efectos fijada por constitución."
2026-09-09T19:53:49.7470130Z 193 | | );
2026-09-09T19:53:49.7470378Z     | |_- in this macro invocation
2026-09-09T19:53:49.7470640Z     |
2026-09-09T19:53:49.7471166Z     = note: this warning originates in the macro `opaque_control_ref` (in Nightly builds, run with -Z macro-backtrace for more info)
2026-09-09T19:53:49.7471692Z 
2026-09-09T19:53:49.7471850Z warning: associated function `from_core_id` is never used
2026-09-09T19:53:49.7472222Z    --> sv_core/src/control.rs:155:27
2026-09-09T19:53:49.7472503Z     |
2026-09-09T19:53:49.7472707Z 141 |           impl $name {
2026-09-09T19:53:49.7473026Z     |           ---------- associated function in this implementation
2026-09-09T19:53:49.7473378Z ...
2026-09-09T19:53:49.7473652Z 155 |               pub(crate) fn from_core_id(id: ControlId) -> Self {
2026-09-09T19:53:49.7474027Z     |                             ^^^^^^^^^^^^
2026-09-09T19:53:49.7474309Z ...
2026-09-09T19:53:49.7474512Z 194 | / opaque_control_ref!(
2026-09-09T19:53:49.7474772Z 195 | |     EffectRef,
2026-09-09T19:53:49.7475175Z 196 | |     "Referencia a un efecto concreto; identificarlo no equivale a autorizarlo."
2026-09-09T19:53:49.7475625Z 197 | | );
2026-09-09T19:53:49.7475842Z     | |_- in this macro invocation
2026-09-09T19:53:49.7476110Z     |
2026-09-09T19:53:49.7476648Z     = note: this warning originates in the macro `opaque_control_ref` (in Nightly builds, run with -Z macro-backtrace for more info)
2026-09-09T19:53:49.7477325Z 
2026-09-09T19:53:49.7477508Z warning: associated function `from_core_id` is never used
2026-09-09T19:53:49.7477901Z    --> sv_core/src/control.rs:155:27
2026-09-09T19:53:49.7478180Z     |
2026-09-09T19:53:49.7478389Z 141 |           impl $name {
2026-09-09T19:53:49.7478936Z     |           ---------- associated function in this implementation
2026-09-09T19:53:49.7479497Z ...
2026-09-09T19:53:49.7479873Z 155 |               pub(crate) fn from_core_id(id: ControlId) -> Self {
2026-09-09T19:53:49.7480150Z     |                             ^^^^^^^^^^^^
2026-09-09T19:53:49.7480356Z ...
2026-09-09T19:53:49.7480520Z 198 | / opaque_control_ref!(
2026-09-09T19:53:49.7480714Z 199 | |     ContextRef,
2026-09-09T19:53:49.7481009Z 200 | |     "Referencia a una ligadura de contexto relevante para autoridad o forma."
2026-09-09T19:53:49.7481322Z 201 | | );
2026-09-09T19:53:49.7481489Z     | |_- in this macro invocation
2026-09-09T19:53:49.7481685Z     |
2026-09-09T19:53:49.7482138Z     = note: this warning originates in the macro `opaque_control_ref` (in Nightly builds, run with -Z macro-backtrace for more info)
2026-09-09T19:53:49.7482501Z 
2026-09-09T19:53:49.7482619Z warning: associated function `from_core_id` is never used
2026-09-09T19:53:49.7482883Z    --> sv_core/src/control.rs:155:27
2026-09-09T19:53:49.7483098Z     |
2026-09-09T19:53:49.7483256Z 141 |           impl $name {
2026-09-09T19:53:49.7483490Z     |           ---------- associated function in this implementation
2026-09-09T19:53:49.7483743Z ...
2026-09-09T19:53:49.7483950Z 155 |               pub(crate) fn from_core_id(id: ControlId) -> Self {
2026-09-09T19:53:49.7484225Z     |                             ^^^^^^^^^^^^
2026-09-09T19:53:49.7484435Z ...
2026-09-09T19:53:49.7484651Z 202 | / opaque_control_ref!(
2026-09-09T19:53:49.7484849Z 203 | |     AuthorityHolderRef,
2026-09-09T19:53:49.7485276Z 204 | |     "Referencia al titular de una autoridad; no constituye autoridad por sí misma."
2026-09-09T19:53:49.7485607Z 205 | | );
2026-09-09T19:53:49.7485787Z     | |_- in this macro invocation
2026-09-09T19:53:49.7485981Z     |
2026-09-09T19:53:49.7486340Z     = note: this warning originates in the macro `opaque_control_ref` (in Nightly builds, run with -Z macro-backtrace for more info)
2026-09-09T19:53:49.7486677Z 
2026-09-09T19:53:49.7486961Z warning: associated function `from_core_id` is never used
2026-09-09T19:53:49.7487237Z    --> sv_core/src/control.rs:155:27
2026-09-09T19:53:49.7487440Z     |
2026-09-09T19:53:49.7487596Z 141 |           impl $name {
2026-09-09T19:53:49.7487830Z     |           ---------- associated function in this implementation
2026-09-09T19:53:49.7488075Z ...
2026-09-09T19:53:49.7488284Z 155 |               pub(crate) fn from_core_id(id: ControlId) -> Self {
2026-09-09T19:53:49.7488559Z     |                             ^^^^^^^^^^^^
2026-09-09T19:53:49.7488763Z ...
2026-09-09T19:53:49.7488915Z 206 | / opaque_control_ref!(
2026-09-09T19:53:49.7489112Z 207 | |     GovernedObjectRef,
2026-09-09T19:53:49.7489406Z 208 | |     "Referencia a un objeto candidato a pertenecer al dominio gobernado D_a."
2026-09-09T19:53:49.7489706Z 209 | | );
2026-09-09T19:53:49.7489871Z     | |_- in this macro invocation
2026-09-09T19:53:49.7490066Z     |
2026-09-09T19:53:49.7490423Z     = note: this warning originates in the macro `opaque_control_ref` (in Nightly builds, run with -Z macro-backtrace for more info)
2026-09-09T19:53:49.7490777Z 
2026-09-09T19:53:49.7490901Z warning: associated function `from_core_id` is never used
2026-09-09T19:53:49.7491157Z    --> sv_core/src/control.rs:155:27
2026-09-09T19:53:49.7491355Z     |
2026-09-09T19:53:49.7491511Z 141 |           impl $name {
2026-09-09T19:53:49.7491744Z     |           ---------- associated function in this implementation
2026-09-09T19:53:49.7491992Z ...
2026-09-09T19:53:49.7492192Z 155 |               pub(crate) fn from_core_id(id: ControlId) -> Self {
2026-09-09T19:53:49.7492462Z     |                             ^^^^^^^^^^^^
2026-09-09T19:53:49.7492673Z ...
2026-09-09T19:53:49.7492831Z 210 | / opaque_control_ref!(
2026-09-09T19:53:49.7493035Z 211 | |     AccumulationRuleRef,
2026-09-09T19:53:49.7493412Z 212 | |     "Referencia a una regla gobernada de acumulación o a un predicado de traza."
2026-09-09T19:53:49.7493721Z 213 | | );
2026-09-09T19:53:49.7493886Z     | |_- in this macro invocation
2026-09-09T19:53:49.7494078Z     |
2026-09-09T19:53:49.7494439Z     = note: this warning originates in the macro `opaque_control_ref` (in Nightly builds, run with -Z macro-backtrace for more info)
2026-09-09T19:53:49.7494786Z 
2026-09-09T19:53:49.7494901Z warning: associated function `from_core_id` is never used
2026-09-09T19:53:49.7495158Z    --> sv_core/src/control.rs:155:27
2026-09-09T19:53:49.7495361Z     |
2026-09-09T19:53:49.7495520Z 141 |           impl $name {
2026-09-09T19:53:49.7495760Z     |           ---------- associated function in this implementation
2026-09-09T19:53:49.7496005Z ...
2026-09-09T19:53:49.7496272Z 155 |               pub(crate) fn from_core_id(id: ControlId) -> Self {
2026-09-09T19:53:49.7496545Z     |                             ^^^^^^^^^^^^
2026-09-09T19:53:49.7496752Z ...
2026-09-09T19:53:49.7497022Z 214 | / opaque_control_ref!(
2026-09-09T19:53:49.7497217Z 215 | |     RequirementRef,
2026-09-09T19:53:49.7497603Z 216 | |     "Referencia a una obligación de Req; identificarla no acredita su cumplimiento."
2026-09-09T19:53:49.7497940Z 217 | | );
2026-09-09T19:53:49.7498163Z     | |_- in this macro invocation
2026-09-09T19:53:49.7498355Z     |
2026-09-09T19:53:49.7498722Z     = note: this warning originates in the macro `opaque_control_ref` (in Nightly builds, run with -Z macro-backtrace for more info)
2026-09-09T19:53:49.7499089Z 
2026-09-09T19:53:49.7499206Z warning: associated function `from_core_id` is never used
2026-09-09T19:53:49.7499525Z    --> sv_core/src/control.rs:155:27
2026-09-09T19:53:49.7499738Z     |
2026-09-09T19:53:49.7499891Z 141 |           impl $name {
2026-09-09T19:53:49.7500131Z     |           ---------- associated function in this implementation
2026-09-09T19:53:49.7500375Z ...
2026-09-09T19:53:49.7500577Z 155 |               pub(crate) fn from_core_id(id: ControlId) -> Self {
2026-09-09T19:53:49.7500843Z     |                             ^^^^^^^^^^^^
2026-09-09T19:53:49.7501049Z ...
2026-09-09T19:53:49.7501202Z 218 | / opaque_control_ref!(
2026-09-09T19:53:49.7501395Z 219 | |     VerifierRef,
2026-09-09T19:53:49.7501712Z 220 | |     "Referencia a un verificador concreto; su mera existencia no acredita aplicabilidad."
2026-09-09T19:53:49.7502059Z 221 | | );
2026-09-09T19:53:49.7502222Z     | |_- in this macro invocation
2026-09-09T19:53:49.7502415Z     |
2026-09-09T19:53:49.7502779Z     = note: this warning originates in the macro `opaque_control_ref` (in Nightly builds, run with -Z macro-backtrace for more info)
2026-09-09T19:53:49.7503116Z 
2026-09-09T19:53:49.7503239Z warning: associated function `from_core_id` is never used
2026-09-09T19:53:49.7503501Z    --> sv_core/src/control.rs:155:27
2026-09-09T19:53:49.7503701Z     |
2026-09-09T19:53:49.7503854Z 141 |           impl $name {
2026-09-09T19:53:49.7504081Z     |           ---------- associated function in this implementation
2026-09-09T19:53:49.7504321Z ...
2026-09-09T19:53:49.7504526Z 155 |               pub(crate) fn from_core_id(id: ControlId) -> Self {
2026-09-09T19:53:49.7504786Z     |                             ^^^^^^^^^^^^
2026-09-09T19:53:49.7504988Z ...
2026-09-09T19:53:49.7505146Z 222 | / opaque_control_ref!(
2026-09-09T19:53:49.7505343Z 223 | |     VerifierFamilyRef,
2026-09-09T19:53:49.7505695Z 224 | |     "Referencia a una familia de verificadores admisibles para una obligación."
2026-09-09T19:53:49.7506000Z 225 | | );
2026-09-09T19:53:49.7506165Z     | |_- in this macro invocation
2026-09-09T19:53:49.7506357Z     |
2026-09-09T19:53:49.7506730Z     = note: this warning originates in the macro `opaque_control_ref` (in Nightly builds, run with -Z macro-backtrace for more info)
2026-09-09T19:53:49.7507214Z 
2026-09-09T19:53:49.7507346Z warning: associated function `from_core_id` is never used
2026-09-09T19:53:49.7507608Z    --> sv_core/src/control.rs:155:27
2026-09-09T19:53:49.7507812Z     |
2026-09-09T19:53:49.7507964Z 141 |           impl $name {
2026-09-09T19:53:49.7508196Z     |           ---------- associated function in this implementation
2026-09-09T19:53:49.7508445Z ...
2026-09-09T19:53:49.7508644Z 155 |               pub(crate) fn from_core_id(id: ControlId) -> Self {
2026-09-09T19:53:49.7508915Z     |                             ^^^^^^^^^^^^
2026-09-09T19:53:49.7509120Z ...
2026-09-09T19:53:49.7509276Z 226 | / opaque_control_ref!(
2026-09-09T19:53:49.7509484Z 227 | |     ApplicabilityRuleRef,
2026-09-09T19:53:49.7509890Z 228 | |     "Referencia a una regla previamente constituida de aplicabilidad de comprobación."
2026-09-09T19:53:49.7510239Z 229 | | );
2026-09-09T19:53:49.7510403Z     | |_- in this macro invocation
2026-09-09T19:53:49.7510593Z     |
2026-09-09T19:53:49.7511013Z     = note: this warning originates in the macro `opaque_control_ref` (in Nightly builds, run with -Z macro-backtrace for more info)
2026-09-09T19:53:49.7511364Z 
2026-09-09T19:53:49.7511481Z warning: associated function `from_core_id` is never used
2026-09-09T19:53:49.7511744Z    --> sv_core/src/control.rs:155:27
2026-09-09T19:53:49.7511947Z     |
2026-09-09T19:53:49.7512101Z 141 |           impl $name {
2026-09-09T19:53:49.7512336Z     |           ---------- associated function in this implementation
2026-09-09T19:53:49.7512584Z ...
2026-09-09T19:53:49.7512786Z 155 |               pub(crate) fn from_core_id(id: ControlId) -> Self {
2026-09-09T19:53:49.7513056Z     |                             ^^^^^^^^^^^^
2026-09-09T19:53:49.7513260Z ...
2026-09-09T19:53:49.7513420Z 230 | / opaque_control_ref!(
2026-09-09T19:53:49.7513624Z 231 | |     ConflictResolutionRuleRef,
2026-09-09T19:53:49.7514135Z 232 | |     "Referencia a una regla previamente constituida de resolución de conflicto entre comprobaciones."
2026-09-09T19:53:49.7514514Z 233 | | );
2026-09-09T19:53:49.7514678Z     | |_- in this macro invocation
2026-09-09T19:53:49.7514880Z     |
2026-09-09T19:53:49.7515243Z     = note: this warning originates in the macro `opaque_control_ref` (in Nightly builds, run with -Z macro-backtrace for more info)
2026-09-09T19:53:49.7515593Z 
2026-09-09T19:53:49.7515716Z warning: associated function `from_core_id` is never used
2026-09-09T19:53:49.7515981Z    --> sv_core/src/control.rs:155:27
2026-09-09T19:53:49.7516178Z     |
2026-09-09T19:53:49.7516328Z 141 |           impl $name {
2026-09-09T19:53:49.7516559Z     |           ---------- associated function in this implementation
2026-09-09T19:53:49.7516910Z ...
2026-09-09T19:53:49.7517124Z 155 |               pub(crate) fn from_core_id(id: ControlId) -> Self {
2026-09-09T19:53:49.7517401Z     |                             ^^^^^^^^^^^^
2026-09-09T19:53:49.7517616Z ...
2026-09-09T19:53:49.7517771Z 234 | / opaque_control_ref!(
2026-09-09T19:53:49.7517967Z 235 | |     CoverageRuleRef,
2026-09-09T19:53:49.7518308Z 236 | |     "Referencia a una regla previamente constituida de cobertura de comprobaciones exigibles."
2026-09-09T19:53:49.7518664Z 237 | | );
2026-09-09T19:53:49.7518830Z     | |_- in this macro invocation
2026-09-09T19:53:49.7519024Z     |
2026-09-09T19:53:49.7519389Z     = note: this warning originates in the macro `opaque_control_ref` (in Nightly builds, run with -Z macro-backtrace for more info)
2026-09-09T19:53:49.7519742Z 
2026-09-09T19:53:49.7519864Z warning: associated function `from_core_id` is never used
2026-09-09T19:53:49.7520134Z    --> sv_core/src/control.rs:155:27
2026-09-09T19:53:49.7520333Z     |
2026-09-09T19:53:49.7520485Z 141 |           impl $name {
2026-09-09T19:53:49.7520714Z     |           ---------- associated function in this implementation
2026-09-09T19:53:49.7520962Z ...
2026-09-09T19:53:49.7521167Z 155 |               pub(crate) fn from_core_id(id: ControlId) -> Self {
2026-09-09T19:53:49.7521436Z     |                             ^^^^^^^^^^^^
2026-09-09T19:53:49.7521638Z ...
2026-09-09T19:53:49.7521791Z 238 | / opaque_control_ref!(
2026-09-09T19:53:49.7521986Z 239 | |     ReuseRuleRef,
2026-09-09T19:53:49.7522409Z 240 | |     "Referencia a una regla previamente constituida de reutilización de resultados cualificados."
2026-09-09T19:53:49.7522770Z 241 | | );
2026-09-09T19:53:49.7522936Z     | |_- in this macro invocation
2026-09-09T19:53:49.7523131Z     |
2026-09-09T19:53:49.7523486Z     = note: this warning originates in the macro `opaque_control_ref` (in Nightly builds, run with -Z macro-backtrace for more info)
2026-09-09T19:53:49.7523848Z 
2026-09-09T19:53:49.7523963Z warning: associated function `from_core_id` is never used
2026-09-09T19:53:49.7524227Z    --> sv_core/src/control.rs:155:27
2026-09-09T19:53:49.7524429Z     |
2026-09-09T19:53:49.7524585Z 141 |           impl $name {
2026-09-09T19:53:49.7524826Z     |           ---------- associated function in this implementation
2026-09-09T19:53:49.7525085Z ...
2026-09-09T19:53:49.7525287Z 155 |               pub(crate) fn from_core_id(id: ControlId) -> Self {
2026-09-09T19:53:49.7525618Z     |                             ^^^^^^^^^^^^
2026-09-09T19:53:49.7525827Z ...
2026-09-09T19:53:49.7525989Z 242 | / opaque_control_ref!(
2026-09-09T19:53:49.7526195Z 243 | |     ReuseBindingKeyRef,
2026-09-09T19:53:49.7526668Z 244 | |     "Referencia a una dimensión constituida cuya continuidad puede ser exigible para reutilizar un resultado."
2026-09-09T19:53:49.7527261Z 245 | | );
2026-09-09T19:53:49.7527438Z     | |_- in this macro invocation
2026-09-09T19:53:49.7527643Z     |
2026-09-09T19:53:49.7528020Z     = note: this warning originates in the macro `opaque_control_ref` (in Nightly builds, run with -Z macro-backtrace for more info)
2026-09-09T19:53:49.7528361Z 
2026-09-09T19:53:49.7528488Z warning: associated function `from_core_id` is never used
2026-09-09T19:53:49.7528823Z    --> sv_core/src/control.rs:155:27
2026-09-09T19:53:49.7529023Z     |
2026-09-09T19:53:49.7529179Z 141 |           impl $name {
2026-09-09T19:53:49.7529416Z     |           ---------- associated function in this implementation
2026-09-09T19:53:49.7529672Z ...
2026-09-09T19:53:49.7529875Z 155 |               pub(crate) fn from_core_id(id: ControlId) -> Self {
2026-09-09T19:53:49.7530148Z     |                             ^^^^^^^^^^^^
2026-09-09T19:53:49.7530366Z ...
2026-09-09T19:53:49.7530521Z 246 | / opaque_control_ref!(
2026-09-09T19:53:49.7530724Z 247 | |     ReuseBindingValueRef,
2026-09-09T19:53:49.7531197Z 248 | |     "Referencia al valor constituido de una dimensión de reutilización; identificarlo no acredita su vigencia."
2026-09-09T19:53:49.7531594Z 249 | | );
2026-09-09T19:53:49.7531757Z     | |_- in this macro invocation
2026-09-09T19:53:49.7531949Z     |
2026-09-09T19:53:49.7532319Z     = note: this warning originates in the macro `opaque_control_ref` (in Nightly builds, run with -Z macro-backtrace for more info)
2026-09-09T19:53:49.7532675Z 
2026-09-09T19:53:49.7532772Z warning: constant `PROFILE_ID` is never used
2026-09-09T19:53:49.7533033Z  --> sv_core/src/identifier_profile.rs:6:18
2026-09-09T19:53:49.7533254Z   |
2026-09-09T19:53:49.7533485Z 6 | pub(crate) const PROFILE_ID: &str = "svp-grammar-0.2-lex-es-1";
2026-09-09T19:53:49.7533767Z   |                  ^^^^^^^^^^
2026-09-09T19:53:49.7533887Z 
2026-09-09T19:53:49.7533997Z warning: function `is_reserved_word` is never used
2026-09-09T19:53:49.7534271Z   --> sv_core/src/identifier_profile.rs:22:15
2026-09-09T19:53:49.7534493Z    |
2026-09-09T19:53:49.7534691Z 22 | pub(crate) fn is_reserved_word(word: &str) -> bool {
2026-09-09T19:53:49.7534945Z    |               ^^^^^^^^^^^^^^^^
2026-09-09T19:53:49.7535080Z 
2026-09-09T19:53:49.7535219Z warning: method `matches_descriptor` is never used
2026-09-09T19:53:49.7535506Z    --> sv_core/src/requirements_reuse.rs:121:19
2026-09-09T19:53:49.7535738Z     |
2026-09-09T19:53:49.7535902Z  44 | impl ReuseRule {
2026-09-09T19:53:49.7536110Z     | -------------- method in this implementation
2026-09-09T19:53:49.7536339Z ...
2026-09-09T19:53:49.7536624Z 121 |     pub(crate) fn matches_descriptor(&self, descriptor: &RequirementDescriptor) -> bool {
2026-09-09T19:53:49.7537134Z     |                   ^^^^^^^^^^^^^^^^^^
2026-09-09T19:53:49.7537282Z 
2026-09-09T19:53:49.7537418Z warning: hiding a lifetime that's elided elsewhere is confusing
2026-09-09T19:53:49.7537719Z     --> sv_core/src/frontend.rs:2146:13
2026-09-09T19:53:49.7537933Z      |
2026-09-09T19:53:49.7538113Z 2146 |     fn peek(&self) -> &Token {
2026-09-09T19:53:49.7538327Z      |             ^^^^^     ^^^^^^
2026-09-09T19:53:49.7538525Z      |             |         ||
2026-09-09T19:53:49.7538754Z      |             |         |the same lifetime is hidden here
2026-09-09T19:53:49.7539024Z      |             |         the same lifetime is elided here
2026-09-09T19:53:49.7539275Z      |             the lifetime is elided here
2026-09-09T19:53:49.7539496Z      |
2026-09-09T19:53:49.7539791Z      = help: the same lifetime is referred to in inconsistent ways, making the signature confusing
2026-09-09T19:53:49.7540194Z      = note: `#[warn(mismatched_lifetime_syntaxes)]` on by default
2026-09-09T19:53:49.7540538Z help: use `'_` for type paths
2026-09-09T19:53:49.7540735Z      |
2026-09-09T19:53:49.7540909Z 2146 |     fn peek(&self) -> &Token<'_> {
2026-09-09T19:53:49.7541134Z      |                             ++++
2026-09-09T19:53:49.7541265Z 
2026-09-09T19:53:49.7541505Z warning: `sv_core` (lib) generated 25 warnings (run `cargo fix --lib -p sv_core` to apply 1 suggestion)
2026-09-09T19:53:49.7542073Z    Compiling sv_core v0.1.0 (/home/runner/work/SV-lenguaje-de-computacion/SV-lenguaje-de-computacion/rust/sv_core)
2026-09-09T19:53:49.8196199Z warning: function `check_witness` is never used
2026-09-09T19:53:49.8196661Z   --> sv_core/examples/../../../tests/row7_gh/probe.rs:59:8
2026-09-09T19:53:49.8197157Z    |
2026-09-09T19:53:49.8197582Z 59 | pub fn check_witness(witness: &str) -> Result<(), String> {
2026-09-09T19:53:49.8197930Z    |        ^^^^^^^^^^^^^
2026-09-09T19:53:49.8198137Z    |
2026-09-09T19:53:49.8198398Z    = note: `#[warn(dead_code)]` (part of `#[warn(unused)]`) on by default
2026-09-09T19:53:49.8198658Z 
2026-09-09T19:53:50.1984378Z warning: `sv_core` (example "gh_binding_probe") generated 1 warning
2026-09-09T19:53:50.1984867Z     Finished `release` profile [optimized] target(s) in 0.46s
2026-09-09T19:53:50.2131381Z warning: associated function `from_core_id` is never used
2026-09-09T19:53:50.2131847Z    --> sv_core/src/control.rs:155:27
2026-09-09T19:53:50.2132152Z     |
2026-09-09T19:53:50.2132384Z 141 |           impl $name {
2026-09-09T19:53:50.2132740Z     |           ---------- associated function in this implementation
2026-09-09T19:53:50.2133124Z ...
2026-09-09T19:53:50.2133410Z 155 |               pub(crate) fn from_core_id(id: ControlId) -> Self {
2026-09-09T19:53:50.2133699Z     |                             ^^^^^^^^^^^^
2026-09-09T19:53:50.2133934Z ...
2026-09-09T19:53:50.2134098Z 162 | / opaque_control_ref!(
2026-09-09T19:53:50.2134305Z 163 | |     InformationRef,
2026-09-09T19:53:50.2134817Z 164 | |     "Referencia nominal a información dentro del dominio de control."
2026-09-09T19:53:50.2135124Z 165 | | );
2026-09-09T19:53:50.2135303Z     | |_- in this macro invocation
2026-09-09T19:53:50.2135510Z     |
2026-09-09T19:53:50.2135751Z     = note: `#[warn(dead_code)]` (part of `#[warn(unused)]`) on by default
2026-09-09T19:53:50.2136266Z     = note: this warning originates in the macro `opaque_control_ref` (in Nightly builds, run with -Z macro-backtrace for more info)
2026-09-09T19:53:50.2136633Z 
2026-09-09T19:53:50.2136898Z warning: associated function `from_core_id` is never used
2026-09-09T19:53:50.2137270Z    --> sv_core/src/control.rs:155:27
2026-09-09T19:53:50.2137544Z     |
2026-09-09T19:53:50.2137747Z 141 |           impl $name {
2026-09-09T19:53:50.2137993Z     |           ---------- associated function in this implementation
2026-09-09T19:53:50.2138253Z ...
2026-09-09T19:53:50.2138463Z 155 |               pub(crate) fn from_core_id(id: ControlId) -> Self {
2026-09-09T19:53:50.2138751Z     |                             ^^^^^^^^^^^^
2026-09-09T19:53:50.2138962Z ...
2026-09-09T19:53:50.2139117Z 166 | / opaque_control_ref!(
2026-09-09T19:53:50.2139319Z 167 | |     AdmittedEvidenceRef,
2026-09-09T19:53:50.2139829Z 168 | |     "Referencia a evidencia cuya admisión debe proceder de una verificación gobernada."
2026-09-09T19:53:50.2140310Z 169 | | );
2026-09-09T19:53:50.2140544Z     | |_- in this macro invocation
2026-09-09T19:53:50.2140813Z     |
2026-09-09T19:53:50.2141361Z     = note: this warning originates in the macro `opaque_control_ref` (in Nightly builds, run with -Z macro-backtrace for more info)
2026-09-09T19:53:50.2141902Z 
2026-09-09T19:53:50.2142243Z warning: associated function `from_core_id` is never used
2026-09-09T19:53:50.2142852Z    --> sv_core/src/control.rs:155:27
2026-09-09T19:53:50.2143210Z     |
2026-09-09T19:53:50.2143425Z 141 |           impl $name {
2026-09-09T19:53:50.2143743Z     |           ---------- associated function in this implementation
2026-09-09T19:53:50.2143993Z ...
2026-09-09T19:53:50.2144378Z 155 |               pub(crate) fn from_core_id(id: ControlId) -> Self {
2026-09-09T19:53:50.2144653Z     |                             ^^^^^^^^^^^^
2026-09-09T19:53:50.2144859Z ...
2026-09-09T19:53:50.2145017Z 170 | / opaque_control_ref!(
2026-09-09T19:53:50.2145218Z 171 | |     ConstitutedFactRef,
2026-09-09T19:53:50.2145610Z 172 | |     "Referencia a un hecho semántico constituido; no equivale a autoridad."
2026-09-09T19:53:50.2146036Z 173 | | );
2026-09-09T19:53:50.2146249Z     | |_- in this macro invocation
2026-09-09T19:53:50.2146444Z     |
2026-09-09T19:53:50.2146954Z     = note: this warning originates in the macro `opaque_control_ref` (in Nightly builds, run with -Z macro-backtrace for more info)
2026-09-09T19:53:50.2147319Z 
2026-09-09T19:53:50.2147441Z warning: associated function `from_core_id` is never used
2026-09-09T19:53:50.2147816Z    --> sv_core/src/control.rs:155:27
2026-09-09T19:53:50.2148017Z     |
2026-09-09T19:53:50.2148173Z 141 |           impl $name {
2026-09-09T19:53:50.2148426Z     |           ---------- associated function in this implementation
2026-09-09T19:53:50.2148680Z ...
2026-09-09T19:53:50.2148884Z 155 |               pub(crate) fn from_core_id(id: ControlId) -> Self {
2026-09-09T19:53:50.2149156Z     |                             ^^^^^^^^^^^^
2026-09-09T19:53:50.2149363Z ...
2026-09-09T19:53:50.2149520Z 174 | / opaque_control_ref!(
2026-09-09T19:53:50.2149718Z 175 | |     AuthorityRef,
2026-09-09T19:53:50.2150117Z 176 | |     "Referencia a autoridad constituida; su constructor no forma parte de la API pública."
2026-09-09T19:53:50.2150460Z 177 | | );
2026-09-09T19:53:50.2150631Z     | |_- in this macro invocation
2026-09-09T19:53:50.2150828Z     |
2026-09-09T19:53:50.2151199Z     = note: this warning originates in the macro `opaque_control_ref` (in Nightly builds, run with -Z macro-backtrace for more info)
2026-09-09T19:53:50.2151557Z 
2026-09-09T19:53:50.2151680Z warning: associated function `from_core_id` is never used
2026-09-09T19:53:50.2151946Z    --> sv_core/src/control.rs:155:27
2026-09-09T19:53:50.2152154Z     |
2026-09-09T19:53:50.2152309Z 141 |           impl $name {
2026-09-09T19:53:50.2152543Z     |           ---------- associated function in this implementation
2026-09-09T19:53:50.2152790Z ...
2026-09-09T19:53:50.2152989Z 155 |               pub(crate) fn from_core_id(id: ControlId) -> Self {
2026-09-09T19:53:50.2153260Z     |                             ^^^^^^^^^^^^
2026-09-09T19:53:50.2153471Z ...
2026-09-09T19:53:50.2153626Z 178 | / opaque_control_ref!(
2026-09-09T19:53:50.2153824Z 179 | |     EnablementRef,
2026-09-09T19:53:50.2154195Z 180 | |     "Referencia a una habilitación de autoridad ya existente; no amplía autoridad."
2026-09-09T19:53:50.2154526Z 181 | | );
2026-09-09T19:53:50.2154690Z     | |_- in this macro invocation
2026-09-09T19:53:50.2154889Z     |
2026-09-09T19:53:50.2155247Z     = note: this warning originates in the macro `opaque_control_ref` (in Nightly builds, run with -Z macro-backtrace for more info)
2026-09-09T19:53:50.2155602Z 
2026-09-09T19:53:50.2155723Z warning: associated function `from_core_id` is never used
2026-09-09T19:53:50.2155986Z    --> sv_core/src/control.rs:155:27
2026-09-09T19:53:50.2156187Z     |
2026-09-09T19:53:50.2156335Z 141 |           impl $name {
2026-09-09T19:53:50.2156560Z     |           ---------- associated function in this implementation
2026-09-09T19:53:50.2156914Z ...
2026-09-09T19:53:50.2157123Z 155 |               pub(crate) fn from_core_id(id: ControlId) -> Self {
2026-09-09T19:53:50.2157385Z     |                             ^^^^^^^^^^^^
2026-09-09T19:53:50.2157590Z ...
2026-09-09T19:53:50.2157745Z 186 | / opaque_control_ref!(
2026-09-09T19:53:50.2157936Z 187 | |     FormRef,
2026-09-09T19:53:50.2158220Z 188 | |     "Referencia a una forma de transición constituida."
2026-09-09T19:53:50.2158483Z 189 | | );
2026-09-09T19:53:50.2158646Z     | |_- in this macro invocation
2026-09-09T19:53:50.2158839Z     |
2026-09-09T19:53:50.2159274Z     = note: this warning originates in the macro `opaque_control_ref` (in Nightly builds, run with -Z macro-backtrace for more info)
2026-09-09T19:53:50.2159624Z 
2026-09-09T19:53:50.2159750Z warning: associated function `from_core_id` is never used
2026-09-09T19:53:50.2160015Z    --> sv_core/src/control.rs:155:27
2026-09-09T19:53:50.2160219Z     |
2026-09-09T19:53:50.2160374Z 141 |           impl $name {
2026-09-09T19:53:50.2160607Z     |           ---------- associated function in this implementation
2026-09-09T19:53:50.2160858Z ...
2026-09-09T19:53:50.2161069Z 155 |               pub(crate) fn from_core_id(id: ControlId) -> Self {
2026-09-09T19:53:50.2161337Z     |                             ^^^^^^^^^^^^
2026-09-09T19:53:50.2161545Z ...
2026-09-09T19:53:50.2161700Z 190 | / opaque_control_ref!(
2026-09-09T19:53:50.2161893Z 191 | |     EffectFamilyRef,
2026-09-09T19:53:50.2162276Z 192 | |     "Referencia a una familia de efectos fijada por constitución."
2026-09-09T19:53:50.2162561Z 193 | | );
2026-09-09T19:53:50.2162723Z     | |_- in this macro invocation
2026-09-09T19:53:50.2162913Z     |
2026-09-09T19:53:50.2163275Z     = note: this warning originates in the macro `opaque_control_ref` (in Nightly builds, run with -Z macro-backtrace for more info)
2026-09-09T19:53:50.2163622Z 
2026-09-09T19:53:50.2163750Z warning: associated function `from_core_id` is never used
2026-09-09T19:53:50.2164011Z    --> sv_core/src/control.rs:155:27
2026-09-09T19:53:50.2164214Z     |
2026-09-09T19:53:50.2164368Z 141 |           impl $name {
2026-09-09T19:53:50.2164601Z     |           ---------- associated function in this implementation
2026-09-09T19:53:50.2164857Z ...
2026-09-09T19:53:50.2165059Z 155 |               pub(crate) fn from_core_id(id: ControlId) -> Self {
2026-09-09T19:53:50.2165323Z     |                             ^^^^^^^^^^^^
2026-09-09T19:53:50.2165527Z ...
2026-09-09T19:53:50.2165686Z 194 | / opaque_control_ref!(
2026-09-09T19:53:50.2165885Z 195 | |     EffectRef,
2026-09-09T19:53:50.2166169Z 196 | |     "Referencia a un efecto concreto; identificarlo no equivale a autorizarlo."
2026-09-09T19:53:50.2166483Z 197 | | );
2026-09-09T19:53:50.2166652Z     | |_- in this macro invocation
2026-09-09T19:53:50.2166983Z     |
2026-09-09T19:53:50.2167349Z     = note: this warning originates in the macro `opaque_control_ref` (in Nightly builds, run with -Z macro-backtrace for more info)
2026-09-09T19:53:50.2167710Z 
2026-09-09T19:53:50.2167828Z warning: associated function `from_core_id` is never used
2026-09-09T19:53:50.2168086Z    --> sv_core/src/control.rs:155:27
2026-09-09T19:53:50.2168288Z     |
2026-09-09T19:53:50.2168444Z 141 |           impl $name {
2026-09-09T19:53:50.2168685Z     |           ---------- associated function in this implementation
2026-09-09T19:53:50.2168934Z ...
2026-09-09T19:53:50.2169135Z 155 |               pub(crate) fn from_core_id(id: ControlId) -> Self {
2026-09-09T19:53:50.2169408Z     |                             ^^^^^^^^^^^^
2026-09-09T19:53:50.2169612Z ...
2026-09-09T19:53:50.2169768Z 198 | / opaque_control_ref!(
2026-09-09T19:53:50.2169959Z 199 | |     ContextRef,
2026-09-09T19:53:50.2170237Z 200 | |     "Referencia a una ligadura de contexto relevante para autoridad o forma."
2026-09-09T19:53:50.2170539Z 201 | | );
2026-09-09T19:53:50.2170703Z     | |_- in this macro invocation
2026-09-09T19:53:50.2170903Z     |
2026-09-09T19:53:50.2171257Z     = note: this warning originates in the macro `opaque_control_ref` (in Nightly builds, run with -Z macro-backtrace for more info)
2026-09-09T19:53:50.2171608Z 
2026-09-09T19:53:50.2171729Z warning: associated function `from_core_id` is never used
2026-09-09T19:53:50.2171987Z    --> sv_core/src/control.rs:155:27
2026-09-09T19:53:50.2172185Z     |
2026-09-09T19:53:50.2172335Z 141 |           impl $name {
2026-09-09T19:53:50.2172565Z     |           ---------- associated function in this implementation
2026-09-09T19:53:50.2172814Z ...
2026-09-09T19:53:50.2173015Z 155 |               pub(crate) fn from_core_id(id: ControlId) -> Self {
2026-09-09T19:53:50.2173281Z     |                             ^^^^^^^^^^^^
2026-09-09T19:53:50.2173490Z ...
2026-09-09T19:53:50.2173714Z 202 | / opaque_control_ref!(
2026-09-09T19:53:50.2173914Z 203 | |     AuthorityHolderRef,
2026-09-09T19:53:50.2174308Z 204 | |     "Referencia al titular de una autoridad; no constituye autoridad por sí misma."
2026-09-09T19:53:50.2174636Z 205 | | );
2026-09-09T19:53:50.2174811Z     | |_- in this macro invocation
2026-09-09T19:53:50.2175014Z     |
2026-09-09T19:53:50.2175382Z     = note: this warning originates in the macro `opaque_control_ref` (in Nightly builds, run with -Z macro-backtrace for more info)
2026-09-09T19:53:50.2175739Z 
2026-09-09T19:53:50.2175857Z warning: associated function `from_core_id` is never used
2026-09-09T19:53:50.2176124Z    --> sv_core/src/control.rs:155:27
2026-09-09T19:53:50.2176324Z     |
2026-09-09T19:53:50.2176538Z 141 |           impl $name {
2026-09-09T19:53:50.2176873Z     |           ---------- associated function in this implementation
2026-09-09T19:53:50.2177135Z ...
2026-09-09T19:53:50.2177337Z 155 |               pub(crate) fn from_core_id(id: ControlId) -> Self {
2026-09-09T19:53:50.2177611Z     |                             ^^^^^^^^^^^^
2026-09-09T19:53:50.2177814Z ...
2026-09-09T19:53:50.2177970Z 206 | / opaque_control_ref!(
2026-09-09T19:53:50.2178174Z 207 | |     GovernedObjectRef,
2026-09-09T19:53:50.2178469Z 208 | |     "Referencia a un objeto candidato a pertenecer al dominio gobernado D_a."
2026-09-09T19:53:50.2178779Z 209 | | );
2026-09-09T19:53:50.2178940Z     | |_- in this macro invocation
2026-09-09T19:53:50.2179130Z     |
2026-09-09T19:53:50.2179487Z     = note: this warning originates in the macro `opaque_control_ref` (in Nightly builds, run with -Z macro-backtrace for more info)
2026-09-09T19:53:50.2179822Z 
2026-09-09T19:53:50.2179945Z warning: associated function `from_core_id` is never used
2026-09-09T19:53:50.2180201Z    --> sv_core/src/control.rs:155:27
2026-09-09T19:53:50.2180402Z     |
2026-09-09T19:53:50.2180555Z 141 |           impl $name {
2026-09-09T19:53:50.2180788Z     |           ---------- associated function in this implementation
2026-09-09T19:53:50.2181044Z ...
2026-09-09T19:53:50.2181245Z 155 |               pub(crate) fn from_core_id(id: ControlId) -> Self {
2026-09-09T19:53:50.2181518Z     |                             ^^^^^^^^^^^^
2026-09-09T19:53:50.2181724Z ...
2026-09-09T19:53:50.2181880Z 210 | / opaque_control_ref!(
2026-09-09T19:53:50.2182077Z 211 | |     AccumulationRuleRef,
2026-09-09T19:53:50.2182444Z 212 | |     "Referencia a una regla gobernada de acumulación o a un predicado de traza."
2026-09-09T19:53:50.2182752Z 213 | | );
2026-09-09T19:53:50.2182914Z     | |_- in this macro invocation
2026-09-09T19:53:50.2183103Z     |
2026-09-09T19:53:50.2183456Z     = note: this warning originates in the macro `opaque_control_ref` (in Nightly builds, run with -Z macro-backtrace for more info)
2026-09-09T19:53:50.2183809Z 
2026-09-09T19:53:50.2183934Z warning: associated function `from_core_id` is never used
2026-09-09T19:53:50.2184204Z    --> sv_core/src/control.rs:155:27
2026-09-09T19:53:50.2184402Z     |
2026-09-09T19:53:50.2184559Z 141 |           impl $name {
2026-09-09T19:53:50.2184790Z     |           ---------- associated function in this implementation
2026-09-09T19:53:50.2185037Z ...
2026-09-09T19:53:50.2185236Z 155 |               pub(crate) fn from_core_id(id: ControlId) -> Self {
2026-09-09T19:53:50.2185499Z     |                             ^^^^^^^^^^^^
2026-09-09T19:53:50.2185702Z ...
2026-09-09T19:53:50.2185860Z 214 | / opaque_control_ref!(
2026-09-09T19:53:50.2186051Z 215 | |     RequirementRef,
2026-09-09T19:53:50.2186424Z 216 | |     "Referencia a una obligación de Req; identificarla no acredita su cumplimiento."
2026-09-09T19:53:50.2186878Z 217 | | );
2026-09-09T19:53:50.2187084Z     | |_- in this macro invocation
2026-09-09T19:53:50.2187282Z     |
2026-09-09T19:53:50.2187648Z     = note: this warning originates in the macro `opaque_control_ref` (in Nightly builds, run with -Z macro-backtrace for more info)
2026-09-09T19:53:50.2187994Z 
2026-09-09T19:53:50.2188110Z warning: associated function `from_core_id` is never used
2026-09-09T19:53:50.2188435Z    --> sv_core/src/control.rs:155:27
2026-09-09T19:53:50.2188639Z     |
2026-09-09T19:53:50.2188801Z 141 |           impl $name {
2026-09-09T19:53:50.2189034Z     |           ---------- associated function in this implementation
2026-09-09T19:53:50.2189279Z ...
2026-09-09T19:53:50.2189478Z 155 |               pub(crate) fn from_core_id(id: ControlId) -> Self {
2026-09-09T19:53:50.2189745Z     |                             ^^^^^^^^^^^^
2026-09-09T19:53:50.2189958Z ...
2026-09-09T19:53:50.2190114Z 218 | / opaque_control_ref!(
2026-09-09T19:53:50.2190312Z 219 | |     VerifierRef,
2026-09-09T19:53:50.2190633Z 220 | |     "Referencia a un verificador concreto; su mera existencia no acredita aplicabilidad."
2026-09-09T19:53:50.2191043Z 221 | | );
2026-09-09T19:53:50.2191223Z     | |_- in this macro invocation
2026-09-09T19:53:50.2191427Z     |
2026-09-09T19:53:50.2191791Z     = note: this warning originates in the macro `opaque_control_ref` (in Nightly builds, run with -Z macro-backtrace for more info)
2026-09-09T19:53:50.2192148Z 
2026-09-09T19:53:50.2192278Z warning: associated function `from_core_id` is never used
2026-09-09T19:53:50.2192549Z    --> sv_core/src/control.rs:155:27
2026-09-09T19:53:50.2192756Z     |
2026-09-09T19:53:50.2192915Z 141 |           impl $name {
2026-09-09T19:53:50.2193152Z     |           ---------- associated function in this implementation
2026-09-09T19:53:50.2193404Z ...
2026-09-09T19:53:50.2193609Z 155 |               pub(crate) fn from_core_id(id: ControlId) -> Self {
2026-09-09T19:53:50.2193890Z     |                             ^^^^^^^^^^^^
2026-09-09T19:53:50.2194101Z ...
2026-09-09T19:53:50.2194260Z 222 | / opaque_control_ref!(
2026-09-09T19:53:50.2194468Z 223 | |     VerifierFamilyRef,
2026-09-09T19:53:50.2194844Z 224 | |     "Referencia a una familia de verificadores admisibles para una obligación."
2026-09-09T19:53:50.2195171Z 225 | | );
2026-09-09T19:53:50.2195343Z     | |_- in this macro invocation
2026-09-09T19:53:50.2195543Z     |
2026-09-09T19:53:50.2195919Z     = note: this warning originates in the macro `opaque_control_ref` (in Nightly builds, run with -Z macro-backtrace for more info)
2026-09-09T19:53:50.2196267Z 
2026-09-09T19:53:50.2196396Z warning: associated function `from_core_id` is never used
2026-09-09T19:53:50.2196670Z    --> sv_core/src/control.rs:155:27
2026-09-09T19:53:50.2197036Z     |
2026-09-09T19:53:50.2197193Z 141 |           impl $name {
2026-09-09T19:53:50.2197429Z     |           ---------- associated function in this implementation
2026-09-09T19:53:50.2197681Z ...
2026-09-09T19:53:50.2197881Z 155 |               pub(crate) fn from_core_id(id: ControlId) -> Self {
2026-09-09T19:53:50.2198149Z     |                             ^^^^^^^^^^^^
2026-09-09T19:53:50.2198359Z ...
2026-09-09T19:53:50.2198516Z 226 | / opaque_control_ref!(
2026-09-09T19:53:50.2198722Z 227 | |     ApplicabilityRuleRef,
2026-09-09T19:53:50.2199136Z 228 | |     "Referencia a una regla previamente constituida de aplicabilidad de comprobación."
2026-09-09T19:53:50.2199474Z 229 | | );
2026-09-09T19:53:50.2199636Z     | |_- in this macro invocation
2026-09-09T19:53:50.2199830Z     |
2026-09-09T19:53:50.2200197Z     = note: this warning originates in the macro `opaque_control_ref` (in Nightly builds, run with -Z macro-backtrace for more info)
2026-09-09T19:53:50.2200555Z 
2026-09-09T19:53:50.2200672Z warning: associated function `from_core_id` is never used
2026-09-09T19:53:50.2200931Z    --> sv_core/src/control.rs:155:27
2026-09-09T19:53:50.2201129Z     |
2026-09-09T19:53:50.2201282Z 141 |           impl $name {
2026-09-09T19:53:50.2201522Z     |           ---------- associated function in this implementation
2026-09-09T19:53:50.2201773Z ...
2026-09-09T19:53:50.2201975Z 155 |               pub(crate) fn from_core_id(id: ControlId) -> Self {
2026-09-09T19:53:50.2202251Z     |                             ^^^^^^^^^^^^
2026-09-09T19:53:50.2202455Z ...
2026-09-09T19:53:50.2202613Z 230 | / opaque_control_ref!(
2026-09-09T19:53:50.2202893Z 231 | |     ConflictResolutionRuleRef,
2026-09-09T19:53:50.2203347Z 232 | |     "Referencia a una regla previamente constituida de resolución de conflicto entre comprobaciones."
2026-09-09T19:53:50.2203709Z 233 | | );
2026-09-09T19:53:50.2203873Z     | |_- in this macro invocation
2026-09-09T19:53:50.2204077Z     |
2026-09-09T19:53:50.2204434Z     = note: this warning originates in the macro `opaque_control_ref` (in Nightly builds, run with -Z macro-backtrace for more info)
2026-09-09T19:53:50.2204784Z 
2026-09-09T19:53:50.2204913Z warning: associated function `from_core_id` is never used
2026-09-09T19:53:50.2205178Z    --> sv_core/src/control.rs:155:27
2026-09-09T19:53:50.2205385Z     |
2026-09-09T19:53:50.2205541Z 141 |           impl $name {
2026-09-09T19:53:50.2205774Z     |           ---------- associated function in this implementation
2026-09-09T19:53:50.2206082Z ...
2026-09-09T19:53:50.2206282Z 155 |               pub(crate) fn from_core_id(id: ControlId) -> Self {
2026-09-09T19:53:50.2206553Z     |                             ^^^^^^^^^^^^
2026-09-09T19:53:50.2206887Z ...
2026-09-09T19:53:50.2207077Z 234 | / opaque_control_ref!(
2026-09-09T19:53:50.2207274Z 235 | |     CoverageRuleRef,
2026-09-09T19:53:50.2207610Z 236 | |     "Referencia a una regla previamente constituida de cobertura de comprobaciones exigibles."
2026-09-09T19:53:50.2207967Z 237 | | );
2026-09-09T19:53:50.2208130Z     | |_- in this macro invocation
2026-09-09T19:53:50.2208329Z     |
2026-09-09T19:53:50.2208693Z     = note: this warning originates in the macro `opaque_control_ref` (in Nightly builds, run with -Z macro-backtrace for more info)
2026-09-09T19:53:50.2209055Z 
2026-09-09T19:53:50.2209173Z warning: associated function `from_core_id` is never used
2026-09-09T19:53:50.2209439Z    --> sv_core/src/control.rs:155:27
2026-09-09T19:53:50.2209638Z     |
2026-09-09T19:53:50.2209790Z 141 |           impl $name {
2026-09-09T19:53:50.2210020Z     |           ---------- associated function in this implementation
2026-09-09T19:53:50.2210265Z ...
2026-09-09T19:53:50.2210466Z 155 |               pub(crate) fn from_core_id(id: ControlId) -> Self {
2026-09-09T19:53:50.2210728Z     |                             ^^^^^^^^^^^^
2026-09-09T19:53:50.2210931Z ...
2026-09-09T19:53:50.2211082Z 238 | / opaque_control_ref!(
2026-09-09T19:53:50.2211275Z 239 | |     ReuseRuleRef,
2026-09-09T19:53:50.2211684Z 240 | |     "Referencia a una regla previamente constituida de reutilización de resultados cualificados."
2026-09-09T19:53:50.2212066Z 241 | | );
2026-09-09T19:53:50.2212231Z     | |_- in this macro invocation
2026-09-09T19:53:50.2212426Z     |
2026-09-09T19:53:50.2212792Z     = note: this warning originates in the macro `opaque_control_ref` (in Nightly builds, run with -Z macro-backtrace for more info)
2026-09-09T19:53:50.2213164Z 
2026-09-09T19:53:50.2213280Z warning: associated function `from_core_id` is never used
2026-09-09T19:53:50.2213544Z    --> sv_core/src/control.rs:155:27
2026-09-09T19:53:50.2213747Z     |
2026-09-09T19:53:50.2213899Z 141 |           impl $name {
2026-09-09T19:53:50.2214136Z     |           ---------- associated function in this implementation
2026-09-09T19:53:50.2214397Z ...
2026-09-09T19:53:50.2214597Z 155 |               pub(crate) fn from_core_id(id: ControlId) -> Self {
2026-09-09T19:53:50.2214863Z     |                             ^^^^^^^^^^^^
2026-09-09T19:53:50.2215064Z ...
2026-09-09T19:53:50.2215217Z 242 | / opaque_control_ref!(
2026-09-09T19:53:50.2215414Z 243 | |     ReuseBindingKeyRef,
2026-09-09T19:53:50.2215884Z 244 | |     "Referencia a una dimensión constituida cuya continuidad puede ser exigible para reutilizar un resultado."
2026-09-09T19:53:50.2216289Z 245 | | );
2026-09-09T19:53:50.2216456Z     | |_- in this macro invocation
2026-09-09T19:53:50.2216655Z     |
2026-09-09T19:53:50.2217111Z     = note: this warning originates in the macro `opaque_control_ref` (in Nightly builds, run with -Z macro-backtrace for more info)
2026-09-09T19:53:50.2217469Z 
2026-09-09T19:53:50.2217594Z warning: associated function `from_core_id` is never used
2026-09-09T19:53:50.2217920Z    --> sv_core/src/control.rs:155:27
2026-09-09T19:53:50.2218127Z     |
2026-09-09T19:53:50.2218287Z 141 |           impl $name {
2026-09-09T19:53:50.2218522Z     |           ---------- associated function in this implementation
2026-09-09T19:53:50.2218775Z ...
2026-09-09T19:53:50.2218980Z 155 |               pub(crate) fn from_core_id(id: ControlId) -> Self {
2026-09-09T19:53:50.2219248Z     |                             ^^^^^^^^^^^^
2026-09-09T19:53:50.2219454Z ...
2026-09-09T19:53:50.2219621Z 246 | / opaque_control_ref!(
2026-09-09T19:53:50.2219822Z 247 | |     ReuseBindingValueRef,
2026-09-09T19:53:50.2220296Z 248 | |     "Referencia al valor constituido de una dimensión de reutilización; identificarlo no acredita su vigencia."
2026-09-09T19:53:50.2220756Z 249 | | );
2026-09-09T19:53:50.2220921Z     | |_- in this macro invocation
2026-09-09T19:53:50.2221116Z     |
2026-09-09T19:53:50.2221485Z     = note: this warning originates in the macro `opaque_control_ref` (in Nightly builds, run with -Z macro-backtrace for more info)
2026-09-09T19:53:50.2221836Z 
2026-09-09T19:53:50.2221932Z warning: constant `PROFILE_ID` is never used
2026-09-09T19:53:50.2222183Z  --> sv_core/src/identifier_profile.rs:6:18
2026-09-09T19:53:50.2222406Z   |
2026-09-09T19:53:50.2222628Z 6 | pub(crate) const PROFILE_ID: &str = "svp-grammar-0.2-lex-es-1";
2026-09-09T19:53:50.2222908Z   |                  ^^^^^^^^^^
2026-09-09T19:53:50.2223027Z 
2026-09-09T19:53:50.2223134Z warning: function `is_reserved_word` is never used
2026-09-09T19:53:50.2223401Z   --> sv_core/src/identifier_profile.rs:22:15
2026-09-09T19:53:50.2223622Z    |
2026-09-09T19:53:50.2223818Z 22 | pub(crate) fn is_reserved_word(word: &str) -> bool {
2026-09-09T19:53:50.2224063Z    |               ^^^^^^^^^^^^^^^^
2026-09-09T19:53:50.2224198Z 
2026-09-09T19:53:50.2224301Z warning: method `matches_descriptor` is never used
2026-09-09T19:53:50.2224579Z    --> sv_core/src/requirements_reuse.rs:121:19
2026-09-09T19:53:50.2224803Z     |
2026-09-09T19:53:50.2224964Z  44 | impl ReuseRule {
2026-09-09T19:53:50.2225170Z     | -------------- method in this implementation
2026-09-09T19:53:50.2225397Z ...
2026-09-09T19:53:50.2225685Z 121 |     pub(crate) fn matches_descriptor(&self, descriptor: &RequirementDescriptor) -> bool {
2026-09-09T19:53:50.2226034Z     |                   ^^^^^^^^^^^^^^^^^^
2026-09-09T19:53:50.2226178Z 
2026-09-09T19:53:50.2226312Z warning: hiding a lifetime that's elided elsewhere is confusing
2026-09-09T19:53:50.2226593Z     --> sv_core/src/frontend.rs:2146:13
2026-09-09T19:53:50.2226877Z      |
2026-09-09T19:53:50.2227075Z 2146 |     fn peek(&self) -> &Token {
2026-09-09T19:53:50.2227281Z      |             ^^^^^     ^^^^^^
2026-09-09T19:53:50.2227483Z      |             |         ||
2026-09-09T19:53:50.2227709Z      |             |         |the same lifetime is hidden here
2026-09-09T19:53:50.2227978Z      |             |         the same lifetime is elided here
2026-09-09T19:53:50.2228238Z      |             the lifetime is elided here
2026-09-09T19:53:50.2228459Z      |
2026-09-09T19:53:50.2228749Z      = help: the same lifetime is referred to in inconsistent ways, making the signature confusing
2026-09-09T19:53:50.2229154Z      = note: `#[warn(mismatched_lifetime_syntaxes)]` on by default
2026-09-09T19:53:50.2229432Z help: use `'_` for type paths
2026-09-09T19:53:50.2229628Z      |
2026-09-09T19:53:50.2229800Z 2146 |     fn peek(&self) -> &Token<'_> {
2026-09-09T19:53:50.2230018Z      |                             ++++
2026-09-09T19:53:50.2230149Z 
2026-09-09T19:53:50.2230381Z warning: `sv_core` (lib) generated 25 warnings (run `cargo fix --lib -p sv_core` to apply 1 suggestion)
2026-09-09T19:53:50.2230951Z    Compiling sv_core v0.1.0 (/home/runner/work/SV-lenguaje-de-computacion/SV-lenguaje-de-computacion/rust/sv_core)
2026-09-09T19:53:50.2847253Z warning: function `check_witness` is never used
2026-09-09T19:53:50.2847692Z   --> sv_core/examples/../../../tests/row7_gh/probe.rs:59:8
2026-09-09T19:53:50.2847965Z    |
2026-09-09T19:53:50.2848347Z 59 | pub fn check_witness(witness: &str) -> Result<(), String> {
2026-09-09T19:53:50.2848622Z    |        ^^^^^^^^^^^^^
2026-09-09T19:53:50.2848805Z    |
2026-09-09T19:53:50.2849035Z    = note: `#[warn(dead_code)]` (part of `#[warn(unused)]`) on by default
2026-09-09T19:53:50.2849253Z 
2026-09-09T19:53:50.6170071Z warning: `sv_core` (example "gh_binding_probe") generated 1 warning
2026-09-09T19:53:50.6170591Z     Finished `release` profile [optimized] target(s) in 0.41s
2026-09-09T19:53:50.6319917Z warning: associated function `from_core_id` is never used
2026-09-09T19:53:50.6320303Z    --> sv_core/src/control.rs:155:27
2026-09-09T19:53:50.6320573Z     |
2026-09-09T19:53:50.6320764Z 141 |           impl $name {
2026-09-09T19:53:50.6321067Z     |           ---------- associated function in this implementation
2026-09-09T19:53:50.6321637Z ...
2026-09-09T19:53:50.6321928Z 155 |               pub(crate) fn from_core_id(id: ControlId) -> Self {
2026-09-09T19:53:50.6322272Z     |                             ^^^^^^^^^^^^
2026-09-09T19:53:50.6322564Z ...
2026-09-09T19:53:50.6322781Z 162 | / opaque_control_ref!(
2026-09-09T19:53:50.6323018Z 163 | |     InformationRef,
2026-09-09T19:53:50.6323700Z 164 | |     "Referencia nominal a información dentro del dominio de control."
2026-09-09T19:53:50.6324116Z 165 | | );
2026-09-09T19:53:50.6324355Z     | |_- in this macro invocation
2026-09-09T19:53:50.6324616Z     |
2026-09-09T19:53:50.6324898Z     = note: `#[warn(dead_code)]` (part of `#[warn(unused)]`) on by default
2026-09-09T19:53:50.6325567Z     = note: this warning originates in the macro `opaque_control_ref` (in Nightly builds, run with -Z macro-backtrace for more info)
2026-09-09T19:53:50.6326052Z 
2026-09-09T19:53:50.6326202Z warning: associated function `from_core_id` is never used
2026-09-09T19:53:50.6326557Z    --> sv_core/src/control.rs:155:27
2026-09-09T19:53:50.6327007Z     |
2026-09-09T19:53:50.6327215Z 141 |           impl $name {
2026-09-09T19:53:50.6327565Z     |           ---------- associated function in this implementation
2026-09-09T19:53:50.6327923Z ...
2026-09-09T19:53:50.6328214Z 155 |               pub(crate) fn from_core_id(id: ControlId) -> Self {
2026-09-09T19:53:50.6328579Z     |                             ^^^^^^^^^^^^
2026-09-09T19:53:50.6328853Z ...
2026-09-09T19:53:50.6329023Z 166 | / opaque_control_ref!(
2026-09-09T19:53:50.6329230Z 167 | |     AdmittedEvidenceRef,
2026-09-09T19:53:50.6329712Z 168 | |     "Referencia a evidencia cuya admisión debe proceder de una verificación gobernada."
2026-09-09T19:53:50.6330058Z 169 | | );
2026-09-09T19:53:50.6330236Z     | |_- in this macro invocation
2026-09-09T19:53:50.6330440Z     |
2026-09-09T19:53:50.6330815Z     = note: this warning originates in the macro `opaque_control_ref` (in Nightly builds, run with -Z macro-backtrace for more info)
2026-09-09T19:53:50.6331177Z 
2026-09-09T19:53:50.6331299Z warning: associated function `from_core_id` is never used
2026-09-09T19:53:50.6331569Z    --> sv_core/src/control.rs:155:27
2026-09-09T19:53:50.6331772Z     |
2026-09-09T19:53:50.6331936Z 141 |           impl $name {
2026-09-09T19:53:50.6332182Z     |           ---------- associated function in this implementation
2026-09-09T19:53:50.6332429Z ...
2026-09-09T19:53:50.6332637Z 155 |               pub(crate) fn from_core_id(id: ControlId) -> Self {
2026-09-09T19:53:50.6332908Z     |                             ^^^^^^^^^^^^
2026-09-09T19:53:50.6333120Z ...
2026-09-09T19:53:50.6333277Z 170 | / opaque_control_ref!(
2026-09-09T19:53:50.6333478Z 171 | |     ConstitutedFactRef,
2026-09-09T19:53:50.6333832Z 172 | |     "Referencia a un hecho semántico constituido; no equivale a autoridad."
2026-09-09T19:53:50.6334137Z 173 | | );
2026-09-09T19:53:50.6334307Z     | |_- in this macro invocation
2026-09-09T19:53:50.6334508Z     |
2026-09-09T19:53:50.6334886Z     = note: this warning originates in the macro `opaque_control_ref` (in Nightly builds, run with -Z macro-backtrace for more info)
2026-09-09T19:53:50.6335240Z 
2026-09-09T19:53:50.6335527Z warning: associated function `from_core_id` is never used
2026-09-09T19:53:50.6335808Z    --> sv_core/src/control.rs:155:27
2026-09-09T19:53:50.6336015Z     |
2026-09-09T19:53:50.6336177Z 141 |           impl $name {
2026-09-09T19:53:50.6336415Z     |           ---------- associated function in this implementation
2026-09-09T19:53:50.6336665Z ...
2026-09-09T19:53:50.6337070Z 155 |               pub(crate) fn from_core_id(id: ControlId) -> Self {
2026-09-09T19:53:50.6337469Z     |                             ^^^^^^^^^^^^
2026-09-09T19:53:50.6337693Z ...
2026-09-09T19:53:50.6337853Z 174 | / opaque_control_ref!(
2026-09-09T19:53:50.6338051Z 175 | |     AuthorityRef,
2026-09-09T19:53:50.6338448Z 176 | |     "Referencia a autoridad constituida; su constructor no forma parte de la API pública."
2026-09-09T19:53:50.6338886Z 177 | | );
2026-09-09T19:53:50.6339057Z     | |_- in this macro invocation
2026-09-09T19:53:50.6339256Z     |
2026-09-09T19:53:50.6339632Z     = note: this warning originates in the macro `opaque_control_ref` (in Nightly builds, run with -Z macro-backtrace for more info)
2026-09-09T19:53:50.6339994Z 
2026-09-09T19:53:50.6340188Z warning: associated function `from_core_id` is never used
2026-09-09T19:53:50.6340460Z    --> sv_core/src/control.rs:155:27
2026-09-09T19:53:50.6340663Z     |
2026-09-09T19:53:50.6340818Z 141 |           impl $name {
2026-09-09T19:53:50.6341043Z     |           ---------- associated function in this implementation
2026-09-09T19:53:50.6341290Z ...
2026-09-09T19:53:50.6341495Z 155 |               pub(crate) fn from_core_id(id: ControlId) -> Self {
2026-09-09T19:53:50.6341777Z     |                             ^^^^^^^^^^^^
2026-09-09T19:53:50.6341997Z ...
2026-09-09T19:53:50.6342158Z 178 | / opaque_control_ref!(
2026-09-09T19:53:50.6342353Z 179 | |     EnablementRef,
2026-09-09T19:53:50.6342733Z 180 | |     "Referencia a una habilitación de autoridad ya existente; no amplía autoridad."
2026-09-09T19:53:50.6343066Z 181 | | );
2026-09-09T19:53:50.6343234Z     | |_- in this macro invocation
2026-09-09T19:53:50.6343434Z     |
2026-09-09T19:53:50.6343794Z     = note: this warning originates in the macro `opaque_control_ref` (in Nightly builds, run with -Z macro-backtrace for more info)
2026-09-09T19:53:50.6344150Z 
2026-09-09T19:53:50.6344275Z warning: associated function `from_core_id` is never used
2026-09-09T19:53:50.6344538Z    --> sv_core/src/control.rs:155:27
2026-09-09T19:53:50.6344740Z     |
2026-09-09T19:53:50.6344893Z 141 |           impl $name {
2026-09-09T19:53:50.6345123Z     |           ---------- associated function in this implementation
2026-09-09T19:53:50.6345379Z ...
2026-09-09T19:53:50.6345580Z 155 |               pub(crate) fn from_core_id(id: ControlId) -> Self {
2026-09-09T19:53:50.6345847Z     |                             ^^^^^^^^^^^^
2026-09-09T19:53:50.6346054Z ...
2026-09-09T19:53:50.6346211Z 186 | / opaque_control_ref!(
2026-09-09T19:53:50.6346402Z 187 | |     FormRef,
2026-09-09T19:53:50.6346675Z 188 | |     "Referencia a una forma de transición constituida."
2026-09-09T19:53:50.6347067Z 189 | | );
2026-09-09T19:53:50.6347238Z     | |_- in this macro invocation
2026-09-09T19:53:50.6347436Z     |
2026-09-09T19:53:50.6347805Z     = note: this warning originates in the macro `opaque_control_ref` (in Nightly builds, run with -Z macro-backtrace for more info)
2026-09-09T19:53:50.6348162Z 
2026-09-09T19:53:50.6348287Z warning: associated function `from_core_id` is never used
2026-09-09T19:53:50.6348553Z    --> sv_core/src/control.rs:155:27
2026-09-09T19:53:50.6348757Z     |
2026-09-09T19:53:50.6348914Z 141 |           impl $name {
2026-09-09T19:53:50.6349151Z     |           ---------- associated function in this implementation
2026-09-09T19:53:50.6349413Z ...
2026-09-09T19:53:50.6349616Z 155 |               pub(crate) fn from_core_id(id: ControlId) -> Self {
2026-09-09T19:53:50.6349893Z     |                             ^^^^^^^^^^^^
2026-09-09T19:53:50.6350101Z ...
2026-09-09T19:53:50.6350259Z 190 | / opaque_control_ref!(
2026-09-09T19:53:50.6350464Z 191 | |     EffectFamilyRef,
2026-09-09T19:53:50.6350873Z 192 | |     "Referencia a una familia de efectos fijada por constitución."
2026-09-09T19:53:50.6351164Z 193 | | );
2026-09-09T19:53:50.6351333Z     | |_- in this macro invocation
2026-09-09T19:53:50.6351531Z     |
2026-09-09T19:53:50.6351900Z     = note: this warning originates in the macro `opaque_control_ref` (in Nightly builds, run with -Z macro-backtrace for more info)
2026-09-09T19:53:50.6352271Z 
2026-09-09T19:53:50.6352389Z warning: associated function `from_core_id` is never used
2026-09-09T19:53:50.6352655Z    --> sv_core/src/control.rs:155:27
2026-09-09T19:53:50.6352866Z     |
2026-09-09T19:53:50.6353042Z 141 |           impl $name {
2026-09-09T19:53:50.6353290Z     |           ---------- associated function in this implementation
2026-09-09T19:53:50.6353611Z ...
2026-09-09T19:53:50.6353813Z 155 |               pub(crate) fn from_core_id(id: ControlId) -> Self {
2026-09-09T19:53:50.6354082Z     |                             ^^^^^^^^^^^^
2026-09-09T19:53:50.6354289Z ...
2026-09-09T19:53:50.6354449Z 194 | / opaque_control_ref!(
2026-09-09T19:53:50.6354639Z 195 | |     EffectRef,
2026-09-09T19:53:50.6354922Z 196 | |     "Referencia a un efecto concreto; identificarlo no equivale a autorizarlo."
2026-09-09T19:53:50.6355231Z 197 | | );
2026-09-09T19:53:50.6355397Z     | |_- in this macro invocation
2026-09-09T19:53:50.6355592Z     |
2026-09-09T19:53:50.6355964Z     = note: this warning originates in the macro `opaque_control_ref` (in Nightly builds, run with -Z macro-backtrace for more info)
2026-09-09T19:53:50.6356323Z 
2026-09-09T19:53:50.6356445Z warning: associated function `from_core_id` is never used
2026-09-09T19:53:50.6356702Z    --> sv_core/src/control.rs:155:27
2026-09-09T19:53:50.6357039Z     |
2026-09-09T19:53:50.6357201Z 141 |           impl $name {
2026-09-09T19:53:50.6357448Z     |           ---------- associated function in this implementation
2026-09-09T19:53:50.6357697Z ...
2026-09-09T19:53:50.6357898Z 155 |               pub(crate) fn from_core_id(id: ControlId) -> Self {
2026-09-09T19:53:50.6358176Z     |                             ^^^^^^^^^^^^
2026-09-09T19:53:50.6358382Z ...
2026-09-09T19:53:50.6358539Z 198 | / opaque_control_ref!(
2026-09-09T19:53:50.6358731Z 199 | |     ContextRef,
2026-09-09T19:53:50.6359020Z 200 | |     "Referencia a una ligadura de contexto relevante para autoridad o forma."
2026-09-09T19:53:50.6359329Z 201 | | );
2026-09-09T19:53:50.6359491Z     | |_- in this macro invocation
2026-09-09T19:53:50.6359687Z     |
2026-09-09T19:53:50.6360044Z     = note: this warning originates in the macro `opaque_control_ref` (in Nightly builds, run with -Z macro-backtrace for more info)
2026-09-09T19:53:50.6360407Z 
2026-09-09T19:53:50.6360523Z warning: associated function `from_core_id` is never used
2026-09-09T19:53:50.6360787Z    --> sv_core/src/control.rs:155:27
2026-09-09T19:53:50.6360983Z     |
2026-09-09T19:53:50.6361133Z 141 |           impl $name {
2026-09-09T19:53:50.6361371Z     |           ---------- associated function in this implementation
2026-09-09T19:53:50.6361623Z ...
2026-09-09T19:53:50.6361823Z 155 |               pub(crate) fn from_core_id(id: ControlId) -> Self {
2026-09-09T19:53:50.6362087Z     |                             ^^^^^^^^^^^^
2026-09-09T19:53:50.6362297Z ...
2026-09-09T19:53:50.6362451Z 202 | / opaque_control_ref!(
2026-09-09T19:53:50.6362649Z 203 | |     AuthorityHolderRef,
2026-09-09T19:53:50.6363036Z 204 | |     "Referencia al titular de una autoridad; no constituye autoridad por sí misma."
2026-09-09T19:53:50.6363358Z 205 | | );
2026-09-09T19:53:50.6363526Z     | |_- in this macro invocation
2026-09-09T19:53:50.6363722Z     |
2026-09-09T19:53:50.6364095Z     = note: this warning originates in the macro `opaque_control_ref` (in Nightly builds, run with -Z macro-backtrace for more info)
2026-09-09T19:53:50.6364448Z 
2026-09-09T19:53:50.6364576Z warning: associated function `from_core_id` is never used
2026-09-09T19:53:50.6364843Z    --> sv_core/src/control.rs:155:27
2026-09-09T19:53:50.6365044Z     |
2026-09-09T19:53:50.6365267Z 141 |           impl $name {
2026-09-09T19:53:50.6365503Z     |           ---------- associated function in this implementation
2026-09-09T19:53:50.6365749Z ...
2026-09-09T19:53:50.6365951Z 155 |               pub(crate) fn from_core_id(id: ControlId) -> Self {
2026-09-09T19:53:50.6366216Z     |                             ^^^^^^^^^^^^
2026-09-09T19:53:50.6366430Z ...
2026-09-09T19:53:50.6366590Z 206 | / opaque_control_ref!(
2026-09-09T19:53:50.6366951Z 207 | |     GovernedObjectRef,
2026-09-09T19:53:50.6367347Z 208 | |     "Referencia a un objeto candidato a pertenecer al dominio gobernado D_a."
2026-09-09T19:53:50.6367667Z 209 | | );
2026-09-09T19:53:50.6367839Z     | |_- in this macro invocation
2026-09-09T19:53:50.6368036Z     |
2026-09-09T19:53:50.6368393Z     = note: this warning originates in the macro `opaque_control_ref` (in Nightly builds, run with -Z macro-backtrace for more info)
2026-09-09T19:53:50.6368818Z 
2026-09-09T19:53:50.6368935Z warning: associated function `from_core_id` is never used
2026-09-09T19:53:50.6369214Z    --> sv_core/src/control.rs:155:27
2026-09-09T19:53:50.6369415Z     |
2026-09-09T19:53:50.6369573Z 141 |           impl $name {
2026-09-09T19:53:50.6369810Z     |           ---------- associated function in this implementation
2026-09-09T19:53:50.6370060Z ...
2026-09-09T19:53:50.6370265Z 155 |               pub(crate) fn from_core_id(id: ControlId) -> Self {
2026-09-09T19:53:50.6370533Z     |                             ^^^^^^^^^^^^
2026-09-09T19:53:50.6370739Z ...
2026-09-09T19:53:50.6370897Z 210 | / opaque_control_ref!(
2026-09-09T19:53:50.6371097Z 211 | |     AccumulationRuleRef,
2026-09-09T19:53:50.6371478Z 212 | |     "Referencia a una regla gobernada de acumulación o a un predicado de traza."
2026-09-09T19:53:50.6371802Z 213 | | );
2026-09-09T19:53:50.6371973Z     | |_- in this macro invocation
2026-09-09T19:53:50.6372171Z     |
2026-09-09T19:53:50.6372532Z     = note: this warning originates in the macro `opaque_control_ref` (in Nightly builds, run with -Z macro-backtrace for more info)
2026-09-09T19:53:50.6372892Z 
2026-09-09T19:53:50.6373016Z warning: associated function `from_core_id` is never used
2026-09-09T19:53:50.6373279Z    --> sv_core/src/control.rs:155:27
2026-09-09T19:53:50.6373477Z     |
2026-09-09T19:53:50.6373632Z 141 |           impl $name {
2026-09-09T19:53:50.6373864Z     |           ---------- associated function in this implementation
2026-09-09T19:53:50.6374108Z ...
2026-09-09T19:53:50.6374314Z 155 |               pub(crate) fn from_core_id(id: ControlId) -> Self {
2026-09-09T19:53:50.6374580Z     |                             ^^^^^^^^^^^^
2026-09-09T19:53:50.6374788Z ...
2026-09-09T19:53:50.6374944Z 214 | / opaque_control_ref!(
2026-09-09T19:53:50.6375144Z 215 | |     RequirementRef,
2026-09-09T19:53:50.6375530Z 216 | |     "Referencia a una obligación de Req; identificarla no acredita su cumplimiento."
2026-09-09T19:53:50.6375857Z 217 | | );
2026-09-09T19:53:50.6376023Z     | |_- in this macro invocation
2026-09-09T19:53:50.6376220Z     |
2026-09-09T19:53:50.6376584Z     = note: this warning originates in the macro `opaque_control_ref` (in Nightly builds, run with -Z macro-backtrace for more info)
2026-09-09T19:53:50.6377094Z 
2026-09-09T19:53:50.6377223Z warning: associated function `from_core_id` is never used
2026-09-09T19:53:50.6377489Z    --> sv_core/src/control.rs:155:27
2026-09-09T19:53:50.6377696Z     |
2026-09-09T19:53:50.6377852Z 141 |           impl $name {
2026-09-09T19:53:50.6378084Z     |           ---------- associated function in this implementation
2026-09-09T19:53:50.6378329Z ...
2026-09-09T19:53:50.6378530Z 155 |               pub(crate) fn from_core_id(id: ControlId) -> Self {
2026-09-09T19:53:50.6378802Z     |                             ^^^^^^^^^^^^
2026-09-09T19:53:50.6379011Z ...
2026-09-09T19:53:50.6379175Z 218 | / opaque_control_ref!(
2026-09-09T19:53:50.6379375Z 219 | |     VerifierRef,
2026-09-09T19:53:50.6379690Z 220 | |     "Referencia a un verificador concreto; su mera existencia no acredita aplicabilidad."
2026-09-09T19:53:50.6380029Z 221 | | );
2026-09-09T19:53:50.6380268Z     | |_- in this macro invocation
2026-09-09T19:53:50.6380469Z     |
2026-09-09T19:53:50.6380840Z     = note: this warning originates in the macro `opaque_control_ref` (in Nightly builds, run with -Z macro-backtrace for more info)
2026-09-09T19:53:50.6381202Z 
2026-09-09T19:53:50.6381321Z warning: associated function `from_core_id` is never used
2026-09-09T19:53:50.6381590Z    --> sv_core/src/control.rs:155:27
2026-09-09T19:53:50.6381798Z     |
2026-09-09T19:53:50.6381967Z 141 |           impl $name {
2026-09-09T19:53:50.6382204Z     |           ---------- associated function in this implementation
2026-09-09T19:53:50.6382458Z ...
2026-09-09T19:53:50.6382665Z 155 |               pub(crate) fn from_core_id(id: ControlId) -> Self {
2026-09-09T19:53:50.6382991Z     |                             ^^^^^^^^^^^^
2026-09-09T19:53:50.6383194Z ...
2026-09-09T19:53:50.6383350Z 222 | / opaque_control_ref!(
2026-09-09T19:53:50.6383546Z 223 | |     VerifierFamilyRef,
2026-09-09T19:53:50.6383911Z 224 | |     "Referencia a una familia de verificadores admisibles para una obligación."
2026-09-09T19:53:50.6384219Z 225 | | );
2026-09-09T19:53:50.6384382Z     | |_- in this macro invocation
2026-09-09T19:53:50.6384582Z     |
2026-09-09T19:53:50.6384934Z     = note: this warning originates in the macro `opaque_control_ref` (in Nightly builds, run with -Z macro-backtrace for more info)
2026-09-09T19:53:50.6385285Z 
2026-09-09T19:53:50.6385410Z warning: associated function `from_core_id` is never used
2026-09-09T19:53:50.6385717Z    --> sv_core/src/control.rs:155:27
2026-09-09T19:53:50.6385921Z     |
2026-09-09T19:53:50.6386076Z 141 |           impl $name {
2026-09-09T19:53:50.6386308Z     |           ---------- associated function in this implementation
2026-09-09T19:53:50.6386558Z ...
2026-09-09T19:53:50.6386871Z 155 |               pub(crate) fn from_core_id(id: ControlId) -> Self {
2026-09-09T19:53:50.6387310Z     |                             ^^^^^^^^^^^^
2026-09-09T19:53:50.6387524Z ...
2026-09-09T19:53:50.6387691Z 226 | / opaque_control_ref!(
2026-09-09T19:53:50.6387897Z 227 | |     ApplicabilityRuleRef,
2026-09-09T19:53:50.6388308Z 228 | |     "Referencia a una regla previamente constituida de aplicabilidad de comprobación."
2026-09-09T19:53:50.6388648Z 229 | | );
2026-09-09T19:53:50.6388819Z     | |_- in this macro invocation
2026-09-09T19:53:50.6389015Z     |
2026-09-09T19:53:50.6389390Z     = note: this warning originates in the macro `opaque_control_ref` (in Nightly builds, run with -Z macro-backtrace for more info)
2026-09-09T19:53:50.6389760Z 
2026-09-09T19:53:50.6389888Z warning: associated function `from_core_id` is never used
2026-09-09T19:53:50.6390149Z    --> sv_core/src/control.rs:155:27
2026-09-09T19:53:50.6390354Z     |
2026-09-09T19:53:50.6390515Z 141 |           impl $name {
2026-09-09T19:53:50.6390749Z     |           ---------- associated function in this implementation
2026-09-09T19:53:50.6391002Z ...
2026-09-09T19:53:50.6391207Z 155 |               pub(crate) fn from_core_id(id: ControlId) -> Self {
2026-09-09T19:53:50.6391480Z     |                             ^^^^^^^^^^^^
2026-09-09T19:53:50.6391688Z ...
2026-09-09T19:53:50.6391853Z 230 | / opaque_control_ref!(
2026-09-09T19:53:50.6392064Z 231 | |     ConflictResolutionRuleRef,
2026-09-09T19:53:50.6392529Z 232 | |     "Referencia a una regla previamente constituida de resolución de conflicto entre comprobaciones."
2026-09-09T19:53:50.6392906Z 233 | | );
2026-09-09T19:53:50.6393071Z     | |_- in this macro invocation
2026-09-09T19:53:50.6393267Z     |
2026-09-09T19:53:50.6393642Z     = note: this warning originates in the macro `opaque_control_ref` (in Nightly builds, run with -Z macro-backtrace for more info)
2026-09-09T19:53:50.6394005Z 
2026-09-09T19:53:50.6394124Z warning: associated function `from_core_id` is never used
2026-09-09T19:53:50.6394388Z    --> sv_core/src/control.rs:155:27
2026-09-09T19:53:50.6394589Z     |
2026-09-09T19:53:50.6394743Z 141 |           impl $name {
2026-09-09T19:53:50.6395057Z     |           ---------- associated function in this implementation
2026-09-09T19:53:50.6395307Z ...
2026-09-09T19:53:50.6395507Z 155 |               pub(crate) fn from_core_id(id: ControlId) -> Self {
2026-09-09T19:53:50.6395773Z     |                             ^^^^^^^^^^^^
2026-09-09T19:53:50.6395979Z ...
2026-09-09T19:53:50.6396136Z 234 | / opaque_control_ref!(
2026-09-09T19:53:50.6396331Z 235 | |     CoverageRuleRef,
2026-09-09T19:53:50.6396672Z 236 | |     "Referencia a una regla previamente constituida de cobertura de comprobaciones exigibles."
2026-09-09T19:53:50.6397287Z 237 | | );
2026-09-09T19:53:50.6397462Z     | |_- in this macro invocation
2026-09-09T19:53:50.6397665Z     |
2026-09-09T19:53:50.6398040Z     = note: this warning originates in the macro `opaque_control_ref` (in Nightly builds, run with -Z macro-backtrace for more info)
2026-09-09T19:53:50.6398459Z 
2026-09-09T19:53:50.6398585Z warning: associated function `from_core_id` is never used
2026-09-09T19:53:50.6398854Z    --> sv_core/src/control.rs:155:27
2026-09-09T19:53:50.6399054Z     |
2026-09-09T19:53:50.6399206Z 141 |           impl $name {
2026-09-09T19:53:50.6399449Z     |           ---------- associated function in this implementation
2026-09-09T19:53:50.6399703Z ...
2026-09-09T19:53:50.6399904Z 155 |               pub(crate) fn from_core_id(id: ControlId) -> Self {
2026-09-09T19:53:50.6400176Z     |                             ^^^^^^^^^^^^
2026-09-09T19:53:50.6400390Z ...
2026-09-09T19:53:50.6400545Z 238 | / opaque_control_ref!(
2026-09-09T19:53:50.6400746Z 239 | |     ReuseRuleRef,
2026-09-09T19:53:50.6401163Z 240 | |     "Referencia a una regla previamente constituida de reutilización de resultados cualificados."
2026-09-09T19:53:50.6401528Z 241 | | );
2026-09-09T19:53:50.6401693Z     | |_- in this macro invocation
2026-09-09T19:53:50.6401892Z     |
2026-09-09T19:53:50.6402257Z     = note: this warning originates in the macro `opaque_control_ref` (in Nightly builds, run with -Z macro-backtrace for more info)
2026-09-09T19:53:50.6402621Z 
2026-09-09T19:53:50.6402742Z warning: associated function `from_core_id` is never used
2026-09-09T19:53:50.6403016Z    --> sv_core/src/control.rs:155:27
2026-09-09T19:53:50.6403212Z     |
2026-09-09T19:53:50.6403364Z 141 |           impl $name {
2026-09-09T19:53:50.6403596Z     |           ---------- associated function in this implementation
2026-09-09T19:53:50.6403847Z ...
2026-09-09T19:53:50.6404046Z 155 |               pub(crate) fn from_core_id(id: ControlId) -> Self {
2026-09-09T19:53:50.6404316Z     |                             ^^^^^^^^^^^^
2026-09-09T19:53:50.6404518Z ...
2026-09-09T19:53:50.6404672Z 242 | / opaque_control_ref!(
2026-09-09T19:53:50.6404878Z 243 | |     ReuseBindingKeyRef,
2026-09-09T19:53:50.6405362Z 244 | |     "Referencia a una dimensión constituida cuya continuidad puede ser exigible para reutilizar un resultado."
2026-09-09T19:53:50.6405775Z 245 | | );
2026-09-09T19:53:50.6405942Z     | |_- in this macro invocation
2026-09-09T19:53:50.6406136Z     |
2026-09-09T19:53:50.6406512Z     = note: this warning originates in the macro `opaque_control_ref` (in Nightly builds, run with -Z macro-backtrace for more info)
2026-09-09T19:53:50.6406942Z 
2026-09-09T19:53:50.6407069Z warning: associated function `from_core_id` is never used
2026-09-09T19:53:50.6407337Z    --> sv_core/src/control.rs:155:27
2026-09-09T19:53:50.6407541Z     |
2026-09-09T19:53:50.6407696Z 141 |           impl $name {
2026-09-09T19:53:50.6407930Z     |           ---------- associated function in this implementation
2026-09-09T19:53:50.6408189Z ...
2026-09-09T19:53:50.6408398Z 155 |               pub(crate) fn from_core_id(id: ControlId) -> Self {
2026-09-09T19:53:50.6408666Z     |                             ^^^^^^^^^^^^
2026-09-09T19:53:50.6408872Z ...
2026-09-09T19:53:50.6409036Z 246 | / opaque_control_ref!(
2026-09-09T19:53:50.6409235Z 247 | |     ReuseBindingValueRef,
2026-09-09T19:53:50.6409704Z 248 | |     "Referencia al valor constituido de una dimensión de reutilización; identificarlo no acredita su vigencia."
2026-09-09T19:53:50.6410194Z 249 | | );
2026-09-09T19:53:50.6410368Z     | |_- in this macro invocation
2026-09-09T19:53:50.6410567Z     |
2026-09-09T19:53:50.6410941Z     = note: this warning originates in the macro `opaque_control_ref` (in Nightly builds, run with -Z macro-backtrace for more info)
2026-09-09T19:53:50.6411298Z 
2026-09-09T19:53:50.6411402Z warning: constant `PROFILE_ID` is never used
2026-09-09T19:53:50.6411661Z  --> sv_core/src/identifier_profile.rs:6:18
2026-09-09T19:53:50.6411885Z   |
2026-09-09T19:53:50.6412108Z 6 | pub(crate) const PROFILE_ID: &str = "svp-grammar-0.2-lex-es-1";
2026-09-09T19:53:50.6412392Z   |                  ^^^^^^^^^^
2026-09-09T19:53:50.6412518Z 
2026-09-09T19:53:50.6412621Z warning: function `is_reserved_word` is never used
2026-09-09T19:53:50.6412954Z   --> sv_core/src/identifier_profile.rs:22:15
2026-09-09T19:53:50.6413177Z    |
2026-09-09T19:53:50.6413377Z 22 | pub(crate) fn is_reserved_word(word: &str) -> bool {
2026-09-09T19:53:50.6413638Z    |               ^^^^^^^^^^^^^^^^
2026-09-09T19:53:50.6413771Z 
2026-09-09T19:53:50.6413884Z warning: method `matches_descriptor` is never used
2026-09-09T19:53:50.6414156Z    --> sv_core/src/requirements_reuse.rs:121:19
2026-09-09T19:53:50.6414386Z     |
2026-09-09T19:53:50.6414544Z  44 | impl ReuseRule {
2026-09-09T19:53:50.6414750Z     | -------------- method in this implementation
2026-09-09T19:53:50.6414973Z ...
2026-09-09T19:53:50.6415256Z 121 |     pub(crate) fn matches_descriptor(&self, descriptor: &RequirementDescriptor) -> bool {
2026-09-09T19:53:50.6415612Z     |                   ^^^^^^^^^^^^^^^^^^
2026-09-09T19:53:50.6415759Z 
2026-09-09T19:53:50.6415901Z warning: hiding a lifetime that's elided elsewhere is confusing
2026-09-09T19:53:50.6416184Z     --> sv_core/src/frontend.rs:2146:13
2026-09-09T19:53:50.6416397Z      |
2026-09-09T19:53:50.6416564Z 2146 |     fn peek(&self) -> &Token {
2026-09-09T19:53:50.6416834Z      |             ^^^^^     ^^^^^^
2026-09-09T19:53:50.6417045Z      |             |         ||
2026-09-09T19:53:50.6417272Z      |             |         |the same lifetime is hidden here
2026-09-09T19:53:50.6417537Z      |             |         the same lifetime is elided here
2026-09-09T19:53:50.6417790Z      |             the lifetime is elided here
2026-09-09T19:53:50.6418008Z      |
2026-09-09T19:53:50.6418313Z      = help: the same lifetime is referred to in inconsistent ways, making the signature confusing
2026-09-09T19:53:50.6418744Z      = note: `#[warn(mismatched_lifetime_syntaxes)]` on by default
2026-09-09T19:53:50.6419099Z help: use `'_` for type paths
2026-09-09T19:53:50.6419290Z      |
2026-09-09T19:53:50.6419465Z 2146 |     fn peek(&self) -> &Token<'_> {
2026-09-09T19:53:50.6419682Z      |                             ++++
2026-09-09T19:53:50.6419821Z 
2026-09-09T19:53:50.6420040Z warning: `sv_core` (lib) generated 25 warnings (run `cargo fix --lib -p sv_core` to apply 1 suggestion)
2026-09-09T19:53:50.6420611Z    Compiling sv_core v0.1.0 (/home/runner/work/SV-lenguaje-de-computacion/SV-lenguaje-de-computacion/rust/sv_core)
2026-09-09T19:53:50.7073501Z warning: function `check_witness` is never used
2026-09-09T19:53:50.7074046Z   --> sv_core/examples/../../../tests/row7_gh/probe.rs:59:8
2026-09-09T19:53:50.7074468Z    |
2026-09-09T19:53:50.7074797Z 59 | pub fn check_witness(witness: &str) -> Result<(), String> {
2026-09-09T19:53:50.7075164Z    |        ^^^^^^^^^^^^^
2026-09-09T19:53:50.7075406Z    |
2026-09-09T19:53:50.7075673Z    = note: `#[warn(dead_code)]` (part of `#[warn(unused)]`) on by default
2026-09-09T19:53:50.7075949Z 
2026-09-09T19:53:51.0331501Z warning: `sv_core` (example "gh_binding_probe_browser") generated 1 warning
2026-09-09T19:53:51.0337678Z     Finished `release` profile [optimized] target(s) in 0.40s
2026-09-09T19:53:51.0750848Z (node:13815) ExperimentalWarning: WASI is an experimental feature and might change at any time
2026-09-09T19:53:51.0751642Z (Use `node --trace-warnings ...` to show where the warning was created)
2026-09-09T19:53:52.2877462Z {
2026-09-09T19:53:52.2878092Z   "verification": "CONFORME_EN_TRANSPORTE_DOCUMENTAL",
2026-09-09T19:53:52.2878473Z   "transports": 48,
2026-09-09T19:53:52.2878729Z   "full_recoveries": 16,
2026-09-09T19:53:52.2879057Z   "recoveries_with_declared_side_information": 16,
2026-09-09T19:53:52.2879420Z   "reduced_controls": 16,
2026-09-09T19:53:52.2879705Z   "losses_in_H": 8,
2026-09-09T19:53:52.2879954Z   "matrix": {
2026-09-09T19:53:52.2880195Z     "g10": 15,
2026-09-09T19:53:52.2880440Z     "lsv": 44,
2026-09-09T19:53:52.2880666Z     "links": 81,
2026-09-09T19:53:52.2880913Z     "specified": 12,
2026-09-09T19:53:52.2881102Z     "documentary": 8,
2026-09-09T19:53:52.2881280Z     "families": 6,
2026-09-09T19:53:52.2881446Z     "queries": 18,
2026-09-09T19:53:52.2881791Z     "reviewed_document_sha256": "1927c3ac2605f01128d46f2aaed74516d9915463c5949625aabbd8bd324ac15f",
2026-09-09T19:53:52.2882282Z     "reviewed_document_content_matches": true,
2026-09-09T19:53:52.2882539Z     "clinical_integration_executed": false,
2026-09-09T19:53:52.2882814Z     "decision_sufficiency_automatically_proven": false
2026-09-09T19:53:52.2883055Z   },
2026-09-09T19:53:52.2883228Z   "contract_hashes_recomputed": 48,
2026-09-09T19:53:52.2883597Z   "codec_reference_hash": "beff99707d648d591714e431b462bf61546da931771a6168cd80b1c8037f7dc0",
2026-09-09T19:53:52.2884129Z   "program_projection_bytes_hashed": true,
2026-09-09T19:53:52.2884522Z   "program_semantics_independently_revalidated": false,
2026-09-09T19:53:52.2884923Z   "executor_run_proven_by_report_alone": false,
2026-09-09T19:53:52.2885269Z   "sv_query_executed": false,
2026-09-09T19:53:52.2885551Z   "q0_executed": false,
2026-09-09T19:53:52.2885835Z   "clinical_authority_authenticated": false,
2026-09-09T19:53:52.2886257Z   "sensitivity": {
2026-09-09T19:53:52.2886463Z     "reserialized_control": "ACCEPTED",
2026-09-09T19:53:52.2886691Z     "directed_mutations": 28,
2026-09-09T19:53:52.2887127Z     "survivors": 0,
2026-09-09T19:53:52.2887335Z     "semantic_artifact_hashes_recalculated": true,
2026-09-09T19:53:52.2887604Z     "semantic_contract_hashes_recalculated": true,
2026-09-09T19:53:52.2887840Z     "results": [
2026-09-09T19:53:52.2888014Z       {
2026-09-09T19:53:52.2888191Z         "id": "MG01_omitir_transporte",
2026-09-09T19:53:52.2888416Z         "expected": "INVENTARIO",
2026-09-09T19:53:52.2888671Z         "actual": "INVENTARIO"
2026-09-09T19:53:52.2888863Z       },
2026-09-09T19:53:52.2889014Z       {
2026-09-09T19:53:52.2889182Z         "id": "MG02_duplicar_identidad",
2026-09-09T19:53:52.2889419Z         "expected": "IDENTIDAD_TESTIGO",
2026-09-09T19:53:52.2889644Z         "actual": "IDENTIDAD_TESTIGO"
2026-09-09T19:53:52.2889846Z       },
2026-09-09T19:53:52.2889994Z       {
2026-09-09T19:53:52.2890334Z         "id": "MG03_procedencia_con_huella_recalculada",
2026-09-09T19:53:52.2890594Z         "expected": "PROCEDENCIA",
2026-09-09T19:53:52.2890907Z         "actual": "PROCEDENCIA"
2026-09-09T19:53:52.2891175Z       },
2026-09-09T19:53:52.2891362Z       {
2026-09-09T19:53:52.2891592Z         "id": "MG04_detalle_oculto_en_H",
2026-09-09T19:53:52.2891908Z         "expected": "PROCEDENCIA",
2026-09-09T19:53:52.2892204Z         "actual": "PROCEDENCIA"
2026-09-09T19:53:52.2892449Z       },
2026-09-09T19:53:52.2892641Z       {
2026-09-09T19:53:52.2892850Z         "id": "MG05_S_retirada",
2026-09-09T19:53:52.2893236Z         "expected": "INVENTARIO_S",
2026-09-09T19:53:52.2893456Z         "actual": "INVENTARIO_S"
2026-09-09T19:53:52.2893645Z       },
2026-09-09T19:53:52.2893793Z       {
2026-09-09T19:53:52.2893955Z         "id": "MG06_S_atribuida_a_H",
2026-09-09T19:53:52.2894176Z         "expected": "ALCANCE_S",
2026-09-09T19:53:52.2894379Z         "actual": "ALCANCE_S"
2026-09-09T19:53:52.2894564Z       },
2026-09-09T19:53:52.2894712Z       {
2026-09-09T19:53:52.2894886Z         "id": "MG07_operacion_sustituida",
2026-09-09T19:53:52.2895107Z         "expected": "OPERACION",
2026-09-09T19:53:52.2895304Z         "actual": "OPERACION"
2026-09-09T19:53:52.2895486Z       },
2026-09-09T19:53:52.2895631Z       {
2026-09-09T19:53:52.2895908Z         "id": "MG08_referente_sustituido",
2026-09-09T19:53:52.2896134Z         "expected": "REFERENTE",
2026-09-09T19:53:52.2896346Z         "actual": "REFERENTE"
2026-09-09T19:53:52.2896533Z       },
2026-09-09T19:53:52.2896683Z       {
2026-09-09T19:53:52.2897068Z         "id": "MG09_H_filtra_estado",
2026-09-09T19:53:52.2897292Z         "expected": "CONTRATO_RECALCULO",
2026-09-09T19:53:52.2897522Z         "actual": "CONTRATO_RECALCULO"
2026-09-09T19:53:52.2897730Z       },
2026-09-09T19:53:52.2897876Z       {
2026-09-09T19:53:52.2898038Z         "id": "MG10_huella_de_artefacto",
2026-09-09T19:53:52.2898266Z         "expected": "ARTEFACTO_INTEGRIDAD",
2026-09-09T19:53:52.2898495Z         "actual": "ARTEFACTO_INTEGRIDAD"
2026-09-09T19:53:52.2898794Z       },
2026-09-09T19:53:52.2898952Z       {
2026-09-09T19:53:52.2899129Z         "id": "MG11_artefacto_lateral_oculto",
2026-09-09T19:53:52.2899370Z         "expected": "REGISTRO_ARTEFACTOS",
2026-09-09T19:53:52.2899604Z         "actual": "REGISTRO_ARTEFACTOS"
2026-09-09T19:53:52.2899815Z       },
2026-09-09T19:53:52.2899971Z       {
2026-09-09T19:53:52.2900139Z         "id": "MG12_formulacion_omitida",
2026-09-09T19:53:52.2900368Z         "expected": "MATRIZ_INVENTARIO",
2026-09-09T19:53:52.2900595Z         "actual": "MATRIZ_INVENTARIO"
2026-09-09T19:53:52.2900800Z       },
2026-09-09T19:53:52.2900953Z       {
2026-09-09T19:53:52.2901134Z         "id": "MG13_SP_cerrada_sin_ejecucion",
2026-09-09T19:53:52.2901369Z         "expected": "MATRIZ_SP_ESTADO",
2026-09-09T19:53:52.2901597Z         "actual": "MATRIZ_SP_ESTADO"
2026-09-09T19:53:52.2901805Z       },
2026-09-09T19:53:52.2901957Z       {
2026-09-09T19:53:52.2902124Z         "id": "MG14_fila_cerrada",
2026-09-09T19:53:52.2902339Z         "expected": "MATRIZ_ALCANCE",
2026-09-09T19:53:52.2902561Z         "actual": "MATRIZ_ALCANCE"
2026-09-09T19:53:52.2902759Z       },
2026-09-09T19:53:52.2902912Z       {
2026-09-09T19:53:52.2903110Z         "id": "MG15_S_sustituida_con_huella_recalculada",
2026-09-09T19:53:52.2903383Z         "expected": "CONTENIDO_S",
2026-09-09T19:53:52.2903596Z         "actual": "CONTENIDO_S"
2026-09-09T19:53:52.2903789Z       },
2026-09-09T19:53:52.2903944Z       {
2026-09-09T19:53:52.2904119Z         "id": "MG16_definicion_sustituida",
2026-09-09T19:53:52.2904352Z         "expected": "DEFINICION",
2026-09-09T19:53:52.2904566Z         "actual": "DEFINICION"
2026-09-09T19:53:52.2904759Z       },
2026-09-09T19:53:52.2904911Z       {
2026-09-09T19:53:52.2905071Z         "id": "MH01_huella_F0",
2026-09-09T19:53:52.2905281Z         "expected": "CONTRATO_RECALCULO",
2026-09-09T19:53:52.2905510Z         "actual": "CONTRATO_RECALCULO"
2026-09-09T19:53:52.2905724Z       },
2026-09-09T19:53:52.2905875Z       {
2026-09-09T19:53:52.2906039Z         "id": "MH02_huella_HS",
2026-09-09T19:53:52.2906246Z         "expected": "CONTRATO_RECALCULO",
2026-09-09T19:53:52.2906474Z         "actual": "CONTRATO_RECALCULO"
2026-09-09T19:53:52.2906682Z       },
2026-09-09T19:53:52.2906968Z       {
2026-09-09T19:53:52.2907138Z         "id": "MH03_ambas_H_falsas",
2026-09-09T19:53:52.2907358Z         "expected": "CONTRATO_RECALCULO",
2026-09-09T19:53:52.2907585Z         "actual": "CONTRATO_RECALCULO"
2026-09-09T19:53:52.2907787Z       },
2026-09-09T19:53:52.2907948Z       {
2026-09-09T19:53:52.2908119Z         "id": "MH04_todas_las_huellas_cero",
2026-09-09T19:53:52.2908350Z         "expected": "CONTRATO_RECALCULO",
2026-09-09T19:53:52.2908573Z         "actual": "CONTRATO_RECALCULO"
2026-09-09T19:53:52.2908772Z       },
2026-09-09T19:53:52.2908921Z       {
2026-09-09T19:53:52.2909087Z         "id": "MH05_propietario_y_huella",
2026-09-09T19:53:52.2909305Z         "expected": "CONTRATO_TESTIGO",
2026-09-09T19:53:52.2909519Z         "actual": "CONTRATO_TESTIGO"
2026-09-09T19:53:52.2909719Z       },
2026-09-09T19:53:52.2909868Z       {
2026-09-09T19:53:52.2910025Z         "id": "MH06_alias_y_huella",
2026-09-09T19:53:52.2910237Z         "expected": "CONTRATO_TESTIGO",
2026-09-09T19:53:52.2910526Z         "actual": "CONTRATO_TESTIGO"
2026-09-09T19:53:52.2910724Z       },
2026-09-09T19:53:52.2910878Z       {
2026-09-09T19:53:52.2911041Z         "id": "MH07_artefacto_y_huella",
2026-09-09T19:53:52.2911261Z         "expected": "CONTRATO_TESTIGO",
2026-09-09T19:53:52.2911480Z         "actual": "CONTRATO_TESTIGO"
2026-09-09T19:53:52.2911679Z       },
2026-09-09T19:53:52.2911827Z       {
2026-09-09T19:53:52.2912014Z         "id": "MH08_proyeccion_contractual_y_huella",
2026-09-09T19:53:52.2912264Z         "expected": "CONTRATO_TESTIGO",
2026-09-09T19:53:52.2912491Z         "actual": "CONTRATO_TESTIGO"
2026-09-09T19:53:52.2912686Z       },
2026-09-09T19:53:52.2912830Z       {
2026-09-09T19:53:52.2912986Z         "id": "MH09_fuente_portadora",
2026-09-09T19:53:52.2913284Z         "expected": "PROGRAMA_FUENTE",
2026-09-09T19:53:52.2913513Z         "actual": "PROGRAMA_FUENTE"
2026-09-09T19:53:52.2913718Z       },
2026-09-09T19:53:52.2913872Z       {
2026-09-09T19:53:52.2914047Z         "id": "MH10_proyeccion_sin_metadatos",
2026-09-09T19:53:52.2914299Z         "expected": "PROGRAMA_PROYECCION",
2026-09-09T19:53:52.2914534Z         "actual": "PROGRAMA_PROYECCION"
2026-09-09T19:53:52.2914750Z       },
2026-09-09T19:53:52.2914903Z       {
2026-09-09T19:53:52.2915068Z         "id": "MH11_contrato_ausente",
2026-09-09T19:53:52.2915288Z         "expected": "CONTRATO_TESTIGO",
2026-09-09T19:53:52.2915512Z         "actual": "CONTRATO_TESTIGO"
2026-09-09T19:53:52.2915717Z       },
2026-09-09T19:53:52.2915871Z       {
2026-09-09T19:53:52.2916032Z         "id": "MH12_clase_y_huella",
2026-09-09T19:53:52.2916247Z         "expected": "CONTRATO_TESTIGO",
2026-09-09T19:53:52.2916465Z         "actual": "CONTRATO_TESTIGO"
2026-09-09T19:53:52.2916671Z       }
2026-09-09T19:53:52.2916945Z     ]
2026-09-09T19:53:52.2917243Z   },
2026-09-09T19:53:52.2917405Z   "input_sensitivity": {
2026-09-09T19:53:52.2917603Z     "entrypoint": "CLI",
2026-09-09T19:53:52.2917799Z     "raw_input_control": "ACCEPTED",
2026-09-09T19:53:52.2918025Z     "reserialized_control": "ACCEPTED",
2026-09-09T19:53:52.2918247Z     "directed_mutations": 15,
2026-09-09T19:53:52.2918447Z     "survivors": 0,
2026-09-09T19:53:52.2918624Z     "results": [
2026-09-09T19:53:52.2918789Z       {
2026-09-09T19:53:52.2918949Z         "id": "ME01_schema_repetido",
2026-09-09T19:53:52.2919168Z         "expected": "JSON_CLAVE_REPETIDA",
2026-09-09T19:53:52.2919403Z         "actual": "JSON_CLAVE_REPETIDA"
2026-09-09T19:53:52.2919610Z       },
2026-09-09T19:53:52.2919800Z       {
2026-09-09T19:53:52.2920014Z         "id": "ME02_results_repetido",
2026-09-09T19:53:52.2920301Z         "expected": "JSON_CLAVE_REPETIDA",
2026-09-09T19:53:52.2920614Z         "actual": "JSON_CLAVE_REPETIDA"
2026-09-09T19:53:52.2920904Z       },
2026-09-09T19:53:52.2921099Z       {
2026-09-09T19:53:52.2921334Z         "id": "ME03_propietario_repetido",
2026-09-09T19:53:52.2921637Z         "expected": "JSON_CLAVE_REPETIDA",
2026-09-09T19:53:52.2922114Z         "actual": "JSON_CLAVE_REPETIDA"
2026-09-09T19:53:52.2922390Z       },
2026-09-09T19:53:52.2922567Z       {
2026-09-09T19:53:52.2922788Z         "id": "ME04_clave_escapada_repetida",
2026-09-09T19:53:52.2923027Z         "expected": "JSON_CLAVE_REPETIDA",
2026-09-09T19:53:52.2923247Z         "actual": "JSON_CLAVE_REPETIDA"
2026-09-09T19:53:52.2923446Z       },
2026-09-09T19:53:52.2923604Z       {
2026-09-09T19:53:52.2923764Z         "id": "ME05_matriz_repetida",
2026-09-09T19:53:52.2923980Z         "expected": "JSON_CLAVE_REPETIDA",
2026-09-09T19:53:52.2924202Z         "actual": "JSON_CLAVE_REPETIDA"
2026-09-09T19:53:52.2924410Z       },
2026-09-09T19:53:52.2924558Z       {
2026-09-09T19:53:52.2924723Z         "id": "ME06_proyeccion_repetida",
2026-09-09T19:53:52.2924995Z         "expected": "PROGRAMA_PROYECCION:JSON_CLAVE_REPETIDA",
2026-09-09T19:53:52.2925307Z         "actual": "PROGRAMA_PROYECCION:JSON_CLAVE_REPETIDA"
2026-09-09T19:53:52.2925558Z       },
2026-09-09T19:53:52.2925713Z       {
2026-09-09T19:53:52.2925884Z         "id": "ME07_utf8_invalido",
2026-09-09T19:53:52.2926200Z         "expected": "JSON_UTF8",
2026-09-09T19:53:52.2926410Z         "actual": "JSON_UTF8"
2026-09-09T19:53:52.2926600Z       },
2026-09-09T19:53:52.2926752Z       {
2026-09-09T19:53:52.2927093Z         "id": "ME08_unicode_invalido",
2026-09-09T19:53:52.2927441Z         "expected": "JSON_UNICODE",
2026-09-09T19:53:52.2927658Z         "actual": "JSON_UNICODE"
2026-09-09T19:53:52.2927925Z       },
2026-09-09T19:53:52.2928077Z       {
2026-09-09T19:53:52.2928254Z         "id": "ME09_entero_fuera_de_subconjunto",
2026-09-09T19:53:52.2928508Z         "expected": "JSON_NUMERO_RANGO",
2026-09-09T19:53:52.2928733Z         "actual": "JSON_NUMERO_RANGO"
2026-09-09T19:53:52.2928934Z       },
2026-09-09T19:53:52.2929085Z       {
2026-09-09T19:53:52.2929321Z         "id": "ME10_forma_numerica",
2026-09-09T19:53:52.2929540Z         "expected": "JSON_NUMERO_FORMA",
2026-09-09T19:53:52.2929762Z         "actual": "JSON_NUMERO_FORMA"
2026-09-09T19:53:52.2929965Z       },
2026-09-09T19:53:52.2930112Z       {
2026-09-09T19:53:52.2930280Z         "id": "ME11_clave_que_reordena",
2026-09-09T19:53:52.2930499Z         "expected": "JSON_CLAVE_INDICE",
2026-09-09T19:53:52.2930717Z         "actual": "JSON_CLAVE_INDICE"
2026-09-09T19:53:52.2930926Z       },
2026-09-09T19:53:52.2931071Z       {
2026-09-09T19:53:52.2931229Z         "id": "ME12_matriz_prosa",
2026-09-09T19:53:52.2931439Z         "expected": "MATRIZ_HUELLA",
2026-09-09T19:53:52.2931652Z         "actual": "MATRIZ_HUELLA"
2026-09-09T19:53:52.2931847Z       },
2026-09-09T19:53:52.2931992Z       {
2026-09-09T19:53:52.2932154Z         "id": "ME13_matriz_reserializada",
2026-09-09T19:53:52.2932375Z         "expected": "MATRIZ_HUELLA",
2026-09-09T19:53:52.2932586Z         "actual": "MATRIZ_HUELLA"
2026-09-09T19:53:52.2932785Z       },
2026-09-09T19:53:52.2932938Z       {
2026-09-09T19:53:52.2933113Z         "id": "ME14_matriz_propiedad_adicional",
2026-09-09T19:53:52.2933348Z         "expected": "MATRIZ_HUELLA",
2026-09-09T19:53:52.2933554Z         "actual": "MATRIZ_HUELLA"
2026-09-09T19:53:52.2933744Z       },
2026-09-09T19:53:52.2933893Z       {
2026-09-09T19:53:52.2934077Z         "id": "ME15_variante_conflictiva_repetida",
2026-09-09T19:53:52.2934326Z         "expected": "JSON_CLAVE_REPETIDA",
2026-09-09T19:53:52.2934552Z         "actual": "JSON_CLAVE_REPETIDA"
2026-09-09T19:53:52.2934753Z       }
2026-09-09T19:53:52.2934899Z     ]
2026-09-09T19:53:52.2935051Z   },
2026-09-09T19:53:52.2935220Z   "matrix_sensitivity": {
2026-09-09T19:53:52.2935416Z     "entrypoint": "API",
2026-09-09T19:53:52.2935611Z     "reviewed_control": "ACCEPTED",
2026-09-09T19:53:52.2935826Z     "directed_mutations": 104,
2026-09-09T19:53:52.2936027Z     "survivors": 0,
2026-09-09T19:53:52.2936199Z     "results": [
2026-09-09T19:53:52.2936362Z       {
2026-09-09T19:53:52.2936525Z         "treatment": "IDENTIDAD",
2026-09-09T19:53:52.2936734Z         "field": "operation",
2026-09-09T19:53:52.2937135Z         "expected": "MATRIZ_CONTENIDO",
2026-09-09T19:53:52.2937358Z         "actual": "MATRIZ_CONTENIDO"
2026-09-09T19:53:52.2937573Z       },
2026-09-09T19:53:52.2937722Z       {
2026-09-09T19:53:52.2937882Z         "treatment": "IDENTIDAD",
2026-09-09T19:53:52.2938087Z         "field": "contract",
2026-09-09T19:53:52.2938288Z         "expected": "MATRIZ_CONTENIDO",
2026-09-09T19:53:52.2938504Z         "actual": "MATRIZ_CONTENIDO"
2026-09-09T19:53:52.2938701Z       },
2026-09-09T19:53:52.2938847Z       {
2026-09-09T19:53:52.2939004Z         "treatment": "IDENTIDAD",
2026-09-09T19:53:52.2939202Z         "field": "available",
2026-09-09T19:53:52.2939400Z         "expected": "MATRIZ_CONTENIDO",
2026-09-09T19:53:52.2939613Z         "actual": "MATRIZ_CONTENIDO"
2026-09-09T19:53:52.2939818Z       },
2026-09-09T19:53:52.2939963Z       {
2026-09-09T19:53:52.2940124Z         "treatment": "IDENTIDAD",
2026-09-09T19:53:52.2940327Z         "field": "excluded",
2026-09-09T19:53:52.2940526Z         "expected": "MATRIZ_CONTENIDO",
2026-09-09T19:53:52.2940741Z         "actual": "MATRIZ_CONTENIDO"
2026-09-09T19:53:52.2940939Z       },
2026-09-09T19:53:52.2941161Z       {
2026-09-09T19:53:52.2941323Z         "treatment": "IDENTIDAD",
2026-09-09T19:53:52.2941531Z         "field": "responsible",
2026-09-09T19:53:52.2941742Z         "expected": "MATRIZ_CONTENIDO",
2026-09-09T19:53:52.2941968Z         "actual": "MATRIZ_CONTENIDO"
2026-09-09T19:53:52.2942170Z       },
2026-09-09T19:53:52.2942322Z       {
2026-09-09T19:53:52.2942483Z         "treatment": "IDENTIDAD",
2026-09-09T19:53:52.2942689Z         "field": "stage",
2026-09-09T19:53:52.2942884Z         "expected": "MATRIZ_CONTENIDO",
2026-09-09T19:53:52.2943101Z         "actual": "MATRIZ_CONTENIDO"
2026-09-09T19:53:52.2943302Z       },
2026-09-09T19:53:52.2943452Z       {
2026-09-09T19:53:52.2943612Z         "treatment": "IDENTIDAD",
2026-09-09T19:53:52.2943895Z         "field": "reentry_condition",
2026-09-09T19:53:52.2944110Z         "expected": "MATRIZ_CONTENIDO",
2026-09-09T19:53:52.2944333Z         "actual": "MATRIZ_CONTENIDO"
2026-09-09T19:53:52.2944528Z       },
2026-09-09T19:53:52.2944679Z       {
2026-09-09T19:53:52.2944838Z         "treatment": "IDENTIDAD",
2026-09-09T19:53:52.2945038Z         "field": "evidence",
2026-09-09T19:53:52.2945242Z         "expected": "MATRIZ_CONTENIDO",
2026-09-09T19:53:52.2945456Z         "actual": "MATRIZ_CONTENIDO"
2026-09-09T19:53:52.2945654Z       },
2026-09-09T19:53:52.2945803Z       {
2026-09-09T19:53:52.2945960Z         "treatment": "BYTES",
2026-09-09T19:53:52.2946157Z         "field": "operation",
2026-09-09T19:53:52.2946366Z         "expected": "MATRIZ_CONTENIDO",
2026-09-09T19:53:52.2946576Z         "actual": "MATRIZ_CONTENIDO"
2026-09-09T19:53:52.2946880Z       },
2026-09-09T19:53:52.2947083Z       {
2026-09-09T19:53:52.2947242Z         "treatment": "BYTES",
2026-09-09T19:53:52.2947442Z         "field": "contract",
2026-09-09T19:53:52.2947642Z         "expected": "MATRIZ_CONTENIDO",
2026-09-09T19:53:52.2947855Z         "actual": "MATRIZ_CONTENIDO"
2026-09-09T19:53:52.2948051Z       },
2026-09-09T19:53:52.2948201Z       {
2026-09-09T19:53:52.2948362Z         "treatment": "BYTES",
2026-09-09T19:53:52.2948554Z         "field": "available",
2026-09-09T19:53:52.2948759Z         "expected": "MATRIZ_CONTENIDO",
2026-09-09T19:53:52.2948970Z         "actual": "MATRIZ_CONTENIDO"
2026-09-09T19:53:52.2949165Z       },
2026-09-09T19:53:52.2949313Z       {
2026-09-09T19:53:52.2949469Z         "treatment": "BYTES",
2026-09-09T19:53:52.2949663Z         "field": "excluded",
2026-09-09T19:53:52.2949862Z         "expected": "MATRIZ_CONTENIDO",
2026-09-09T19:53:52.2950078Z         "actual": "MATRIZ_CONTENIDO"
2026-09-09T19:53:52.2950273Z       },
2026-09-09T19:53:52.2950422Z       {
2026-09-09T19:53:52.2950576Z         "treatment": "BYTES",
2026-09-09T19:53:52.2950780Z         "field": "responsible",
2026-09-09T19:53:52.2950987Z         "expected": "MATRIZ_CONTENIDO",
2026-09-09T19:53:52.2951198Z         "actual": "MATRIZ_CONTENIDO"
2026-09-09T19:53:52.2951402Z       },
2026-09-09T19:53:52.2951549Z       {
2026-09-09T19:53:52.2951702Z         "treatment": "BYTES",
2026-09-09T19:53:52.2951896Z         "field": "stage",
2026-09-09T19:53:52.2952087Z         "expected": "MATRIZ_CONTENIDO",
2026-09-09T19:53:52.2952299Z         "actual": "MATRIZ_CONTENIDO"
2026-09-09T19:53:52.2952495Z       },
2026-09-09T19:53:52.2952642Z       {
2026-09-09T19:53:52.2952796Z         "treatment": "BYTES",
2026-09-09T19:53:52.2952999Z         "field": "reentry_condition",
2026-09-09T19:53:52.2953212Z         "expected": "MATRIZ_CONTENIDO",
2026-09-09T19:53:52.2953420Z         "actual": "MATRIZ_CONTENIDO"
2026-09-09T19:53:52.2953612Z       },
2026-09-09T19:53:52.2953758Z       {
2026-09-09T19:53:52.2953911Z         "treatment": "BYTES",
2026-09-09T19:53:52.2954100Z         "field": "evidence",
2026-09-09T19:53:52.2954294Z         "expected": "MATRIZ_CONTENIDO",
2026-09-09T19:53:52.2954510Z         "actual": "MATRIZ_CONTENIDO"
2026-09-09T19:53:52.2954706Z       },
2026-09-09T19:53:52.2954851Z       {
2026-09-09T19:53:52.2955013Z         "treatment": "CONTEXTO",
2026-09-09T19:53:52.2955279Z         "field": "operation",
2026-09-09T19:53:52.2955482Z         "expected": "MATRIZ_CONTENIDO",
2026-09-09T19:53:52.2955705Z         "actual": "MATRIZ_CONTENIDO"
2026-09-09T19:53:52.2955899Z       },
2026-09-09T19:53:52.2956046Z       {
2026-09-09T19:53:52.2956208Z         "treatment": "CONTEXTO",
2026-09-09T19:53:52.2956411Z         "field": "contract",
2026-09-09T19:53:52.2956615Z         "expected": "MATRIZ_CONTENIDO",
2026-09-09T19:53:52.2956989Z         "actual": "MATRIZ_CONTENIDO"
2026-09-09T19:53:52.2957216Z       },
2026-09-09T19:53:52.2957369Z       {
2026-09-09T19:53:52.2957538Z         "treatment": "CONTEXTO",
2026-09-09T19:53:52.2957741Z         "field": "available",
2026-09-09T19:53:52.2957945Z         "expected": "MATRIZ_CONTENIDO",
2026-09-09T19:53:52.2958276Z         "actual": "MATRIZ_CONTENIDO"
2026-09-09T19:53:52.2958477Z       },
2026-09-09T19:53:52.2958632Z       {
2026-09-09T19:53:52.2958792Z         "treatment": "CONTEXTO",
2026-09-09T19:53:52.2958991Z         "field": "excluded",
2026-09-09T19:53:52.2959191Z         "expected": "MATRIZ_CONTENIDO",
2026-09-09T19:53:52.2959409Z         "actual": "MATRIZ_CONTENIDO"
2026-09-09T19:53:52.2959622Z       },
2026-09-09T19:53:52.2959779Z       {
2026-09-09T19:53:52.2959934Z         "treatment": "CONTEXTO",
2026-09-09T19:53:52.2960134Z         "field": "responsible",
2026-09-09T19:53:52.2960339Z         "expected": "MATRIZ_CONTENIDO",
2026-09-09T19:53:52.2960552Z         "actual": "MATRIZ_CONTENIDO"
2026-09-09T19:53:52.2960750Z       },
2026-09-09T19:53:52.2960896Z       {
2026-09-09T19:53:52.2961051Z         "treatment": "CONTEXTO",
2026-09-09T19:53:52.2961250Z         "field": "stage",
2026-09-09T19:53:52.2961443Z         "expected": "MATRIZ_CONTENIDO",
2026-09-09T19:53:52.2961655Z         "actual": "MATRIZ_CONTENIDO"
2026-09-09T19:53:52.2961859Z       },
2026-09-09T19:53:52.2962003Z       {
2026-09-09T19:53:52.2962154Z         "treatment": "CONTEXTO",
2026-09-09T19:53:52.2962356Z         "field": "reentry_condition",
2026-09-09T19:53:52.2962573Z         "expected": "MATRIZ_CONTENIDO",
2026-09-09T19:53:52.2962783Z         "actual": "MATRIZ_CONTENIDO"
2026-09-09T19:53:52.2962976Z       },
2026-09-09T19:53:52.2963120Z       {
2026-09-09T19:53:52.2963270Z         "treatment": "CONTEXTO",
2026-09-09T19:53:52.2963462Z         "field": "evidence",
2026-09-09T19:53:52.2963661Z         "expected": "MATRIZ_CONTENIDO",
2026-09-09T19:53:52.2963882Z         "actual": "MATRIZ_CONTENIDO"
2026-09-09T19:53:52.2964083Z       },
2026-09-09T19:53:52.2964231Z       {
2026-09-09T19:53:52.2964390Z         "treatment": "CLINICA",
2026-09-09T19:53:52.2964593Z         "field": "operation",
2026-09-09T19:53:52.2964793Z         "expected": "MATRIZ_CONTENIDO",
2026-09-09T19:53:52.2965010Z         "actual": "MATRIZ_CONTENIDO"
2026-09-09T19:53:52.2965213Z       },
2026-09-09T19:53:52.2965362Z       {
2026-09-09T19:53:52.2965519Z         "treatment": "CLINICA",
2026-09-09T19:53:52.2965717Z         "field": "contract",
2026-09-09T19:53:52.2965911Z         "expected": "MATRIZ_CONTENIDO",
2026-09-09T19:53:52.2966135Z         "actual": "MATRIZ_CONTENIDO"
2026-09-09T19:53:52.2966331Z       },
2026-09-09T19:53:52.2966473Z       {
2026-09-09T19:53:52.2966628Z         "treatment": "CLINICA",
2026-09-09T19:53:52.2966977Z         "field": "available",
2026-09-09T19:53:52.2967313Z         "expected": "MATRIZ_CONTENIDO",
2026-09-09T19:53:52.2967533Z         "actual": "MATRIZ_CONTENIDO"
2026-09-09T19:53:52.2967736Z       },
2026-09-09T19:53:52.2967887Z       {
2026-09-09T19:53:52.2968049Z         "treatment": "CLINICA",
2026-09-09T19:53:52.2968255Z         "field": "excluded",
2026-09-09T19:53:52.2968462Z         "expected": "MATRIZ_CONTENIDO",
2026-09-09T19:53:52.2968690Z         "actual": "MATRIZ_CONTENIDO"
2026-09-09T19:53:52.2968886Z       },
2026-09-09T19:53:52.2969038Z       {
2026-09-09T19:53:52.2969193Z         "treatment": "CLINICA",
2026-09-09T19:53:52.2969387Z         "field": "responsible",
2026-09-09T19:53:52.2969584Z         "expected": "MATRIZ_CONTENIDO",
2026-09-09T19:53:52.2969860Z         "actual": "MATRIZ_CONTENIDO"
2026-09-09T19:53:52.2970065Z       },
2026-09-09T19:53:52.2970215Z       {
2026-09-09T19:53:52.2970370Z         "treatment": "CLINICA",
2026-09-09T19:53:52.2970564Z         "field": "stage",
2026-09-09T19:53:52.2970764Z         "expected": "MATRIZ_CONTENIDO",
2026-09-09T19:53:52.2970975Z         "actual": "MATRIZ_CONTENIDO"
2026-09-09T19:53:52.2971171Z       },
2026-09-09T19:53:52.2971318Z       {
2026-09-09T19:53:52.2971475Z         "treatment": "CLINICA",
2026-09-09T19:53:52.2971676Z         "field": "reentry_condition",
2026-09-09T19:53:52.2971886Z         "expected": "MATRIZ_CONTENIDO",
2026-09-09T19:53:52.2972095Z         "actual": "MATRIZ_CONTENIDO"
2026-09-09T19:53:52.2972287Z       },
2026-09-09T19:53:52.2972489Z       {
2026-09-09T19:53:52.2972646Z         "treatment": "CLINICA",
2026-09-09T19:53:52.2972843Z         "field": "evidence",
2026-09-09T19:53:52.2973048Z         "expected": "MATRIZ_CONTENIDO",
2026-09-09T19:53:52.2973259Z         "actual": "MATRIZ_CONTENIDO"
2026-09-09T19:53:52.2973456Z       },
2026-09-09T19:53:52.2973606Z       {
2026-09-09T19:53:52.2973765Z         "treatment": "AUTORIDAD",
2026-09-09T19:53:52.2973969Z         "field": "operation",
2026-09-09T19:53:52.2974168Z         "expected": "MATRIZ_CONTENIDO",
2026-09-09T19:53:52.2974378Z         "actual": "MATRIZ_CONTENIDO"
2026-09-09T19:53:52.2974575Z       },
2026-09-09T19:53:52.2974719Z       {
2026-09-09T19:53:52.2974875Z         "treatment": "AUTORIDAD",
2026-09-09T19:53:52.2975081Z         "field": "contract",
2026-09-09T19:53:52.2975277Z         "expected": "MATRIZ_CONTENIDO",
2026-09-09T19:53:52.2975489Z         "actual": "MATRIZ_CONTENIDO"
2026-09-09T19:53:52.2975683Z       },
2026-09-09T19:53:52.2975830Z       {
2026-09-09T19:53:52.2975992Z         "treatment": "AUTORIDAD",
2026-09-09T19:53:52.2976192Z         "field": "available",
2026-09-09T19:53:52.2976390Z         "expected": "MATRIZ_CONTENIDO",
2026-09-09T19:53:52.2976622Z         "actual": "MATRIZ_CONTENIDO"
2026-09-09T19:53:52.2976971Z       },
2026-09-09T19:53:52.2977251Z       {
2026-09-09T19:53:52.2977412Z         "treatment": "AUTORIDAD",
2026-09-09T19:53:52.2977621Z         "field": "excluded",
2026-09-09T19:53:52.2977823Z         "expected": "MATRIZ_CONTENIDO",
2026-09-09T19:53:52.2978041Z         "actual": "MATRIZ_CONTENIDO"
2026-09-09T19:53:52.2978240Z       },
2026-09-09T19:53:52.2978388Z       {
2026-09-09T19:53:52.2978549Z         "treatment": "AUTORIDAD",
2026-09-09T19:53:52.2978751Z         "field": "responsible",
2026-09-09T19:53:52.2978949Z         "expected": "MATRIZ_CONTENIDO",
2026-09-09T19:53:52.2979164Z         "actual": "MATRIZ_CONTENIDO"
2026-09-09T19:53:52.2979363Z       },
2026-09-09T19:53:52.2979506Z       {
2026-09-09T19:53:52.2979672Z         "treatment": "AUTORIDAD",
2026-09-09T19:53:52.2979876Z         "field": "stage",
2026-09-09T19:53:52.2980069Z         "expected": "MATRIZ_CONTENIDO",
2026-09-09T19:53:52.2980284Z         "actual": "MATRIZ_CONTENIDO"
2026-09-09T19:53:52.2980479Z       },
2026-09-09T19:53:52.2980630Z       {
2026-09-09T19:53:52.2980790Z         "treatment": "AUTORIDAD",
2026-09-09T19:53:52.2980996Z         "field": "reentry_condition",
2026-09-09T19:53:52.2981214Z         "expected": "MATRIZ_CONTENIDO",
2026-09-09T19:53:52.2981428Z         "actual": "MATRIZ_CONTENIDO"
2026-09-09T19:53:52.2981622Z       },
2026-09-09T19:53:52.2981770Z       {
2026-09-09T19:53:52.2981937Z         "treatment": "AUTORIDAD",
2026-09-09T19:53:52.2982135Z         "field": "evidence",
2026-09-09T19:53:52.2982331Z         "expected": "MATRIZ_CONTENIDO",
2026-09-09T19:53:52.2982543Z         "actual": "MATRIZ_CONTENIDO"
2026-09-09T19:53:52.2982742Z       },
2026-09-09T19:53:52.2982888Z       {
2026-09-09T19:53:52.2983047Z         "treatment": "CRITICIDAD",
2026-09-09T19:53:52.2983257Z         "field": "operation",
2026-09-09T19:53:52.2983457Z         "expected": "MATRIZ_CONTENIDO",
2026-09-09T19:53:52.2983670Z         "actual": "MATRIZ_CONTENIDO"
2026-09-09T19:53:52.2983868Z       },
2026-09-09T19:53:52.2984131Z       {
2026-09-09T19:53:52.2984369Z         "treatment": "CRITICIDAD",
2026-09-09T19:53:52.2984578Z         "field": "contract",
2026-09-09T19:53:52.2984785Z         "expected": "MATRIZ_CONTENIDO",
2026-09-09T19:53:52.2985003Z         "actual": "MATRIZ_CONTENIDO"
2026-09-09T19:53:52.2985203Z       },
2026-09-09T19:53:52.2985354Z       {
2026-09-09T19:53:52.2985517Z         "treatment": "CRITICIDAD",
2026-09-09T19:53:52.2985725Z         "field": "available",
2026-09-09T19:53:52.2985934Z         "expected": "MATRIZ_CONTENIDO",
2026-09-09T19:53:52.2986150Z         "actual": "MATRIZ_CONTENIDO"
2026-09-09T19:53:52.2986358Z       },
2026-09-09T19:53:52.2986507Z       {
2026-09-09T19:53:52.2986671Z         "treatment": "CRITICIDAD",
2026-09-09T19:53:52.2987050Z         "field": "excluded",
2026-09-09T19:53:52.2987339Z         "expected": "MATRIZ_CONTENIDO",
2026-09-09T19:53:52.2987556Z         "actual": "MATRIZ_CONTENIDO"
2026-09-09T19:53:52.2987755Z       },
2026-09-09T19:53:52.2987901Z       {
2026-09-09T19:53:52.2988062Z         "treatment": "CRITICIDAD",
2026-09-09T19:53:52.2988267Z         "field": "responsible",
2026-09-09T19:53:52.2988470Z         "expected": "MATRIZ_CONTENIDO",
2026-09-09T19:53:52.2988730Z         "actual": "MATRIZ_CONTENIDO"
2026-09-09T19:53:52.2988930Z       },
2026-09-09T19:53:52.2989078Z       {
2026-09-09T19:53:52.2989236Z         "treatment": "CRITICIDAD",
2026-09-09T19:53:52.2989440Z         "field": "stage",
2026-09-09T19:53:52.2989634Z         "expected": "MATRIZ_CONTENIDO",
2026-09-09T19:53:52.2989845Z         "actual": "MATRIZ_CONTENIDO"
2026-09-09T19:53:52.2990043Z       },
2026-09-09T19:53:52.2990193Z       {
2026-09-09T19:53:52.2990351Z         "treatment": "CRITICIDAD",
2026-09-09T19:53:52.2990559Z         "field": "reentry_condition",
2026-09-09T19:53:52.2990779Z         "expected": "MATRIZ_CONTENIDO",
2026-09-09T19:53:52.2990998Z         "actual": "MATRIZ_CONTENIDO"
2026-09-09T19:53:52.2991190Z       },
2026-09-09T19:53:52.2991337Z       {
2026-09-09T19:53:52.2991500Z         "treatment": "CRITICIDAD",
2026-09-09T19:53:52.2991713Z         "field": "evidence",
2026-09-09T19:53:52.2991911Z         "expected": "MATRIZ_CONTENIDO",
2026-09-09T19:53:52.2992122Z         "actual": "MATRIZ_CONTENIDO"
2026-09-09T19:53:52.2992319Z       },
2026-09-09T19:53:52.2992468Z       {
2026-09-09T19:53:52.2992623Z         "treatment": "RESUMEN",
2026-09-09T19:53:52.2992822Z         "field": "operation",
2026-09-09T19:53:52.2993033Z         "expected": "MATRIZ_CONTENIDO",
2026-09-09T19:53:52.2993243Z         "actual": "MATRIZ_CONTENIDO"
2026-09-09T19:53:52.2993437Z       },
2026-09-09T19:53:52.2993585Z       {
2026-09-09T19:53:52.2993738Z         "treatment": "RESUMEN",
2026-09-09T19:53:52.2993933Z         "field": "contract",
2026-09-09T19:53:52.2994132Z         "expected": "MATRIZ_CONTENIDO",
2026-09-09T19:53:52.2994343Z         "actual": "MATRIZ_CONTENIDO"
2026-09-09T19:53:52.2994537Z       },
2026-09-09T19:53:52.2994682Z       {
2026-09-09T19:53:52.2994836Z         "treatment": "RESUMEN",
2026-09-09T19:53:52.2995033Z         "field": "available",
2026-09-09T19:53:52.2995239Z         "expected": "MATRIZ_CONTENIDO",
2026-09-09T19:53:52.2995451Z         "actual": "MATRIZ_CONTENIDO"
2026-09-09T19:53:52.2995644Z       },
2026-09-09T19:53:52.2995787Z       {
2026-09-09T19:53:52.2995941Z         "treatment": "RESUMEN",
2026-09-09T19:53:52.2996135Z         "field": "excluded",
2026-09-09T19:53:52.2996332Z         "expected": "MATRIZ_CONTENIDO",
2026-09-09T19:53:52.2996544Z         "actual": "MATRIZ_CONTENIDO"
2026-09-09T19:53:52.2996740Z       },
2026-09-09T19:53:52.2997103Z       {
2026-09-09T19:53:52.2997267Z         "treatment": "RESUMEN",
2026-09-09T19:53:52.2997479Z         "field": "responsible",
2026-09-09T19:53:52.2997683Z         "expected": "MATRIZ_CONTENIDO",
2026-09-09T19:53:52.2997905Z         "actual": "MATRIZ_CONTENIDO"
2026-09-09T19:53:52.2998105Z       },
2026-09-09T19:53:52.2998257Z       {
2026-09-09T19:53:52.2998416Z         "treatment": "RESUMEN",
2026-09-09T19:53:52.2998611Z         "field": "stage",
2026-09-09T19:53:52.2998867Z         "expected": "MATRIZ_CONTENIDO",
2026-09-09T19:53:52.2999083Z         "actual": "MATRIZ_CONTENIDO"
2026-09-09T19:53:52.2999283Z       },
2026-09-09T19:53:52.2999438Z       {
2026-09-09T19:53:52.2999601Z         "treatment": "RESUMEN",
2026-09-09T19:53:52.2999821Z         "field": "reentry_condition",
2026-09-09T19:53:52.3000044Z         "expected": "MATRIZ_CONTENIDO",
2026-09-09T19:53:52.3000263Z         "actual": "MATRIZ_CONTENIDO"
2026-09-09T19:53:52.3000464Z       },
2026-09-09T19:53:52.3000617Z       {
2026-09-09T19:53:52.3000776Z         "treatment": "RESUMEN",
2026-09-09T19:53:52.3000974Z         "field": "evidence",
2026-09-09T19:53:52.3001172Z         "expected": "MATRIZ_CONTENIDO",
2026-09-09T19:53:52.3001449Z         "actual": "MATRIZ_CONTENIDO"
2026-09-09T19:53:52.3001648Z       },
2026-09-09T19:53:52.3001798Z       {
2026-09-09T19:53:52.3001964Z         "treatment": "SALIDA",
2026-09-09T19:53:52.3002162Z         "field": "operation",
2026-09-09T19:53:52.3002359Z         "expected": "MATRIZ_CONTENIDO",
2026-09-09T19:53:52.3002568Z         "actual": "MATRIZ_CONTENIDO"
2026-09-09T19:53:52.3002761Z       },
2026-09-09T19:53:52.3002907Z       {
2026-09-09T19:53:52.3003061Z         "treatment": "SALIDA",
2026-09-09T19:53:52.3003253Z         "field": "contract",
2026-09-09T19:53:52.3003448Z         "expected": "MATRIZ_CONTENIDO",
2026-09-09T19:53:52.3003656Z         "actual": "MATRIZ_CONTENIDO"
2026-09-09T19:53:52.3003847Z       },
2026-09-09T19:53:52.3003993Z       {
2026-09-09T19:53:52.3004154Z         "treatment": "SALIDA",
2026-09-09T19:53:52.3004347Z         "field": "available",
2026-09-09T19:53:52.3004544Z         "expected": "MATRIZ_CONTENIDO",
2026-09-09T19:53:52.3004756Z         "actual": "MATRIZ_CONTENIDO"
2026-09-09T19:53:52.3004954Z       },
2026-09-09T19:53:52.3005099Z       {
2026-09-09T19:53:52.3005252Z         "treatment": "SALIDA",
2026-09-09T19:53:52.3005446Z         "field": "excluded",
2026-09-09T19:53:52.3005643Z         "expected": "MATRIZ_CONTENIDO",
2026-09-09T19:53:52.3005860Z         "actual": "MATRIZ_CONTENIDO"
2026-09-09T19:53:52.3006055Z       },
2026-09-09T19:53:52.3006209Z       {
2026-09-09T19:53:52.3006361Z         "treatment": "SALIDA",
2026-09-09T19:53:52.3006554Z         "field": "responsible",
2026-09-09T19:53:52.3006930Z         "expected": "MATRIZ_CONTENIDO",
2026-09-09T19:53:52.3007169Z         "actual": "MATRIZ_CONTENIDO"
2026-09-09T19:53:52.3007373Z       },
2026-09-09T19:53:52.3007531Z       {
2026-09-09T19:53:52.3007697Z         "treatment": "SALIDA",
2026-09-09T19:53:52.3007897Z         "field": "stage",
2026-09-09T19:53:52.3008100Z         "expected": "MATRIZ_CONTENIDO",
2026-09-09T19:53:52.3008325Z         "actual": "MATRIZ_CONTENIDO"
2026-09-09T19:53:52.3008535Z       },
2026-09-09T19:53:52.3008697Z       {
2026-09-09T19:53:52.3008852Z         "treatment": "SALIDA",
2026-09-09T19:53:52.3009053Z         "field": "reentry_condition",
2026-09-09T19:53:52.3009275Z         "expected": "MATRIZ_CONTENIDO",
2026-09-09T19:53:52.3009492Z         "actual": "MATRIZ_CONTENIDO"
2026-09-09T19:53:52.3009693Z       },
2026-09-09T19:53:52.3009840Z       {
2026-09-09T19:53:52.3009997Z         "treatment": "SALIDA",
2026-09-09T19:53:52.3010194Z         "field": "evidence",
2026-09-09T19:53:52.3010391Z         "expected": "MATRIZ_CONTENIDO",
2026-09-09T19:53:52.3010604Z         "actual": "MATRIZ_CONTENIDO"
2026-09-09T19:53:52.3010806Z       },
2026-09-09T19:53:52.3010952Z       {
2026-09-09T19:53:52.3011107Z         "treatment": "FALLO",
2026-09-09T19:53:52.3011301Z         "field": "operation",
2026-09-09T19:53:52.3011501Z         "expected": "MATRIZ_CONTENIDO",
2026-09-09T19:53:52.3011716Z         "actual": "MATRIZ_CONTENIDO"
2026-09-09T19:53:52.3011914Z       },
2026-09-09T19:53:52.3012065Z       {
2026-09-09T19:53:52.3012222Z         "treatment": "FALLO",
2026-09-09T19:53:52.3012413Z         "field": "contract",
2026-09-09T19:53:52.3012616Z         "expected": "MATRIZ_CONTENIDO",
2026-09-09T19:53:52.3012830Z         "actual": "MATRIZ_CONTENIDO"
2026-09-09T19:53:52.3013101Z       },
2026-09-09T19:53:52.3013254Z       {
2026-09-09T19:53:52.3013411Z         "treatment": "FALLO",
2026-09-09T19:53:52.3013606Z         "field": "available",
2026-09-09T19:53:52.3013811Z         "expected": "MATRIZ_CONTENIDO",
2026-09-09T19:53:52.3014032Z         "actual": "MATRIZ_CONTENIDO"
2026-09-09T19:53:52.3014232Z       },
2026-09-09T19:53:52.3014382Z       {
2026-09-09T19:53:52.3014543Z         "treatment": "FALLO",
2026-09-09T19:53:52.3014737Z         "field": "excluded",
2026-09-09T19:53:52.3014936Z         "expected": "MATRIZ_CONTENIDO",
2026-09-09T19:53:52.3015158Z         "actual": "MATRIZ_CONTENIDO"
2026-09-09T19:53:52.3015352Z       },
2026-09-09T19:53:52.3015501Z       {
2026-09-09T19:53:52.3015656Z         "treatment": "FALLO",
2026-09-09T19:53:52.3015923Z         "field": "responsible",
2026-09-09T19:53:52.3016126Z         "expected": "MATRIZ_CONTENIDO",
2026-09-09T19:53:52.3016336Z         "actual": "MATRIZ_CONTENIDO"
2026-09-09T19:53:52.3016532Z       },
2026-09-09T19:53:52.3016683Z       {
2026-09-09T19:53:52.3017100Z         "treatment": "FALLO",
2026-09-09T19:53:52.3017303Z         "field": "stage",
2026-09-09T19:53:52.3017499Z         "expected": "MATRIZ_CONTENIDO",
2026-09-09T19:53:52.3017722Z         "actual": "MATRIZ_CONTENIDO"
2026-09-09T19:53:52.3017921Z       },
2026-09-09T19:53:52.3018072Z       {
2026-09-09T19:53:52.3018227Z         "treatment": "FALLO",
2026-09-09T19:53:52.3018427Z         "field": "reentry_condition",
2026-09-09T19:53:52.3018642Z         "expected": "MATRIZ_CONTENIDO",
2026-09-09T19:53:52.3018854Z         "actual": "MATRIZ_CONTENIDO"
2026-09-09T19:53:52.3019051Z       },
2026-09-09T19:53:52.3019197Z       {
2026-09-09T19:53:52.3019349Z         "treatment": "FALLO",
2026-09-09T19:53:52.3019543Z         "field": "evidence",
2026-09-09T19:53:52.3019748Z         "expected": "MATRIZ_CONTENIDO",
2026-09-09T19:53:52.3019958Z         "actual": "MATRIZ_CONTENIDO"
2026-09-09T19:53:52.3020156Z       },
2026-09-09T19:53:52.3020302Z       {
2026-09-09T19:53:52.3020465Z         "treatment": "REPRODUCCION",
2026-09-09T19:53:52.3020674Z         "field": "operation",
2026-09-09T19:53:52.3020874Z         "expected": "MATRIZ_CONTENIDO",
2026-09-09T19:53:52.3021092Z         "actual": "MATRIZ_CONTENIDO"
2026-09-09T19:53:52.3021286Z       },
2026-09-09T19:53:52.3021432Z       {
2026-09-09T19:53:52.3021590Z         "treatment": "REPRODUCCION",
2026-09-09T19:53:52.3021795Z         "field": "contract",
2026-09-09T19:53:52.3022002Z         "expected": "MATRIZ_CONTENIDO",
2026-09-09T19:53:52.3022219Z         "actual": "MATRIZ_CONTENIDO"
2026-09-09T19:53:52.3022420Z       },
2026-09-09T19:53:52.3022566Z       {
2026-09-09T19:53:52.3022722Z         "treatment": "REPRODUCCION",
2026-09-09T19:53:52.3022925Z         "field": "available",
2026-09-09T19:53:52.3023123Z         "expected": "MATRIZ_CONTENIDO",
2026-09-09T19:53:52.3023338Z         "actual": "MATRIZ_CONTENIDO"
2026-09-09T19:53:52.3023542Z       },
2026-09-09T19:53:52.3023687Z       {
2026-09-09T19:53:52.3023846Z         "treatment": "REPRODUCCION",
2026-09-09T19:53:52.3024058Z         "field": "excluded",
2026-09-09T19:53:52.3024255Z         "expected": "MATRIZ_CONTENIDO",
2026-09-09T19:53:52.3024473Z         "actual": "MATRIZ_CONTENIDO"
2026-09-09T19:53:52.3024674Z       },
2026-09-09T19:53:52.3024819Z       {
2026-09-09T19:53:52.3024975Z         "treatment": "REPRODUCCION",
2026-09-09T19:53:52.3025188Z         "field": "responsible",
2026-09-09T19:53:52.3025384Z         "expected": "MATRIZ_CONTENIDO",
2026-09-09T19:53:52.3025598Z         "actual": "MATRIZ_CONTENIDO"
2026-09-09T19:53:52.3025794Z       },
2026-09-09T19:53:52.3025941Z       {
2026-09-09T19:53:52.3026095Z         "treatment": "REPRODUCCION",
2026-09-09T19:53:52.3026307Z         "field": "stage",
2026-09-09T19:53:52.3026499Z         "expected": "MATRIZ_CONTENIDO",
2026-09-09T19:53:52.3026712Z         "actual": "MATRIZ_CONTENIDO"
2026-09-09T19:53:52.3027163Z       },
2026-09-09T19:53:52.3027313Z       {
2026-09-09T19:53:52.3027545Z         "treatment": "REPRODUCCION",
2026-09-09T19:53:52.3027759Z         "field": "reentry_condition",
2026-09-09T19:53:52.3027974Z         "expected": "MATRIZ_CONTENIDO",
2026-09-09T19:53:52.3028192Z         "actual": "MATRIZ_CONTENIDO"
2026-09-09T19:53:52.3028393Z       },
2026-09-09T19:53:52.3028541Z       {
2026-09-09T19:53:52.3028709Z         "treatment": "REPRODUCCION",
2026-09-09T19:53:52.3028923Z         "field": "evidence",
2026-09-09T19:53:52.3029124Z         "expected": "MATRIZ_CONTENIDO",
2026-09-09T19:53:52.3029342Z         "actual": "MATRIZ_CONTENIDO"
2026-09-09T19:53:52.3029542Z       },
2026-09-09T19:53:52.3029692Z       {
2026-09-09T19:53:52.3029849Z         "treatment": "SOPORTE",
2026-09-09T19:53:52.3030049Z         "field": "operation",
2026-09-09T19:53:52.3030304Z         "expected": "MATRIZ_CONTENIDO",
2026-09-09T19:53:52.3030516Z         "actual": "MATRIZ_CONTENIDO"
2026-09-09T19:53:52.3030714Z       },
2026-09-09T19:53:52.3030869Z       {
2026-09-09T19:53:52.3031027Z         "treatment": "SOPORTE",
2026-09-09T19:53:52.3031227Z         "field": "contract",
2026-09-09T19:53:52.3031424Z         "expected": "MATRIZ_CONTENIDO",
2026-09-09T19:53:52.3031641Z         "actual": "MATRIZ_CONTENIDO"
2026-09-09T19:53:52.3031841Z       },
2026-09-09T19:53:52.3031989Z       {
2026-09-09T19:53:52.3032144Z         "treatment": "SOPORTE",
2026-09-09T19:53:52.3032344Z         "field": "available",
2026-09-09T19:53:52.3032545Z         "expected": "MATRIZ_CONTENIDO",
2026-09-09T19:53:52.3032757Z         "actual": "MATRIZ_CONTENIDO"
2026-09-09T19:53:52.3032950Z       },
2026-09-09T19:53:52.3033106Z       {
2026-09-09T19:53:52.3033260Z         "treatment": "SOPORTE",
2026-09-09T19:53:52.3033453Z         "field": "excluded",
2026-09-09T19:53:52.3033647Z         "expected": "MATRIZ_CONTENIDO",
2026-09-09T19:53:52.3033861Z         "actual": "MATRIZ_CONTENIDO"
2026-09-09T19:53:52.3034055Z       },
2026-09-09T19:53:52.3034205Z       {
2026-09-09T19:53:52.3034358Z         "treatment": "SOPORTE",
2026-09-09T19:53:52.3034558Z         "field": "responsible",
2026-09-09T19:53:52.3034760Z         "expected": "MATRIZ_CONTENIDO",
2026-09-09T19:53:52.3034970Z         "actual": "MATRIZ_CONTENIDO"
2026-09-09T19:53:52.3035173Z       },
2026-09-09T19:53:52.3035319Z       {
2026-09-09T19:53:52.3035471Z         "treatment": "SOPORTE",
2026-09-09T19:53:52.3035659Z         "field": "stage",
2026-09-09T19:53:52.3035851Z         "expected": "MATRIZ_CONTENIDO",
2026-09-09T19:53:52.3036063Z         "actual": "MATRIZ_CONTENIDO"
2026-09-09T19:53:52.3036258Z       },
2026-09-09T19:53:52.3036405Z       {
2026-09-09T19:53:52.3036561Z         "treatment": "SOPORTE",
2026-09-09T19:53:52.3036870Z         "field": "reentry_condition",
2026-09-09T19:53:52.3037128Z         "expected": "MATRIZ_CONTENIDO",
2026-09-09T19:53:52.3037349Z         "actual": "MATRIZ_CONTENIDO"
2026-09-09T19:53:52.3037555Z       },
2026-09-09T19:53:52.3037704Z       {
2026-09-09T19:53:52.3037862Z         "treatment": "SOPORTE",
2026-09-09T19:53:52.3038056Z         "field": "evidence",
2026-09-09T19:53:52.3038261Z         "expected": "MATRIZ_CONTENIDO",
2026-09-09T19:53:52.3038473Z         "actual": "MATRIZ_CONTENIDO"
2026-09-09T19:53:52.3038671Z       },
2026-09-09T19:53:52.3038816Z       {
2026-09-09T19:53:52.3038973Z         "treatment": "CONSTITUCION",
2026-09-09T19:53:52.3039176Z         "field": "operation",
2026-09-09T19:53:52.3039378Z         "expected": "MATRIZ_CONTENIDO",
2026-09-09T19:53:52.3039597Z         "actual": "MATRIZ_CONTENIDO"
2026-09-09T19:53:52.3039791Z       },
2026-09-09T19:53:52.3039939Z       {
2026-09-09T19:53:52.3040096Z         "treatment": "CONSTITUCION",
2026-09-09T19:53:52.3040300Z         "field": "contract",
2026-09-09T19:53:52.3040498Z         "expected": "MATRIZ_CONTENIDO",
2026-09-09T19:53:52.3040711Z         "actual": "MATRIZ_CONTENIDO"
2026-09-09T19:53:52.3040907Z       },
2026-09-09T19:53:52.3041052Z       {
2026-09-09T19:53:52.3041207Z         "treatment": "CONSTITUCION",
2026-09-09T19:53:52.3041409Z         "field": "available",
2026-09-09T19:53:52.3041670Z         "expected": "MATRIZ_CONTENIDO",
2026-09-09T19:53:52.3041899Z         "actual": "MATRIZ_CONTENIDO"
2026-09-09T19:53:52.3042096Z       },
2026-09-09T19:53:52.3042241Z       {
2026-09-09T19:53:52.3042395Z         "treatment": "CONSTITUCION",
2026-09-09T19:53:52.3042596Z         "field": "excluded",
2026-09-09T19:53:52.3042799Z         "expected": "MATRIZ_CONTENIDO",
2026-09-09T19:53:52.3043022Z         "actual": "MATRIZ_CONTENIDO"
2026-09-09T19:53:52.3043219Z       },
2026-09-09T19:53:52.3043371Z       {
2026-09-09T19:53:52.3043532Z         "treatment": "CONSTITUCION",
2026-09-09T19:53:52.3043737Z         "field": "responsible",
2026-09-09T19:53:52.3043944Z         "expected": "MATRIZ_CONTENIDO",
2026-09-09T19:53:52.3044164Z         "actual": "MATRIZ_CONTENIDO"
2026-09-09T19:53:52.3044414Z       },
2026-09-09T19:53:52.3044563Z       {
2026-09-09T19:53:52.3044721Z         "treatment": "CONSTITUCION",
2026-09-09T19:53:52.3044927Z         "field": "stage",
2026-09-09T19:53:52.3045121Z         "expected": "MATRIZ_CONTENIDO",
2026-09-09T19:53:52.3045333Z         "actual": "MATRIZ_CONTENIDO"
2026-09-09T19:53:52.3045529Z       },
2026-09-09T19:53:52.3045677Z       {
2026-09-09T19:53:52.3045837Z         "treatment": "CONSTITUCION",
2026-09-09T19:53:52.3046063Z         "field": "reentry_condition",
2026-09-09T19:53:52.3046276Z         "expected": "MATRIZ_CONTENIDO",
2026-09-09T19:53:52.3046492Z         "actual": "MATRIZ_CONTENIDO"
2026-09-09T19:53:52.3046693Z       },
2026-09-09T19:53:52.3047006Z       {
2026-09-09T19:53:52.3047175Z         "treatment": "CONSTITUCION",
2026-09-09T19:53:52.3047385Z         "field": "evidence",
2026-09-09T19:53:52.3047587Z         "expected": "MATRIZ_CONTENIDO",
2026-09-09T19:53:52.3047808Z         "actual": "MATRIZ_CONTENIDO"
2026-09-09T19:53:52.3048013Z       },
2026-09-09T19:53:52.3048169Z       {
2026-09-09T19:53:52.3048366Z         "treatment": "PERIMETRO",
2026-09-09T19:53:52.3048583Z         "field": "operation",
2026-09-09T19:53:52.3048790Z         "expected": "MATRIZ_CONTENIDO",
2026-09-09T19:53:52.3049009Z         "actual": "MATRIZ_CONTENIDO"
2026-09-09T19:53:52.3049207Z       },
2026-09-09T19:53:52.3049356Z       {
2026-09-09T19:53:52.3049519Z         "treatment": "PERIMETRO",
2026-09-09T19:53:52.3049723Z         "field": "contract",
2026-09-09T19:53:52.3049924Z         "expected": "MATRIZ_CONTENIDO",
2026-09-09T19:53:52.3050140Z         "actual": "MATRIZ_CONTENIDO"
2026-09-09T19:53:52.3050337Z       },
2026-09-09T19:53:52.3050484Z       {
2026-09-09T19:53:52.3050648Z         "treatment": "PERIMETRO",
2026-09-09T19:53:52.3050846Z         "field": "available",
2026-09-09T19:53:52.3051044Z         "expected": "MATRIZ_CONTENIDO",
2026-09-09T19:53:52.3051258Z         "actual": "MATRIZ_CONTENIDO"
2026-09-09T19:53:52.3051455Z       },
2026-09-09T19:53:52.3051600Z       {
2026-09-09T19:53:52.3051755Z         "treatment": "PERIMETRO",
2026-09-09T19:53:52.3051955Z         "field": "excluded",
2026-09-09T19:53:52.3052155Z         "expected": "MATRIZ_CONTENIDO",
2026-09-09T19:53:52.3052371Z         "actual": "MATRIZ_CONTENIDO"
2026-09-09T19:53:52.3052569Z       },
2026-09-09T19:53:52.3052718Z       {
2026-09-09T19:53:52.3052884Z         "treatment": "PERIMETRO",
2026-09-09T19:53:52.3053087Z         "field": "responsible",
2026-09-09T19:53:52.3053287Z         "expected": "MATRIZ_CONTENIDO",
2026-09-09T19:53:52.3053504Z         "actual": "MATRIZ_CONTENIDO"
2026-09-09T19:53:52.3053702Z       },
2026-09-09T19:53:52.3053850Z       {
2026-09-09T19:53:52.3054010Z         "treatment": "PERIMETRO",
2026-09-09T19:53:52.3054206Z         "field": "stage",
2026-09-09T19:53:52.3054395Z         "expected": "MATRIZ_CONTENIDO",
2026-09-09T19:53:52.3054606Z         "actual": "MATRIZ_CONTENIDO"
2026-09-09T19:53:52.3054805Z       },
2026-09-09T19:53:52.3054964Z       {
2026-09-09T19:53:52.3055120Z         "treatment": "PERIMETRO",
2026-09-09T19:53:52.3055332Z         "field": "reentry_condition",
2026-09-09T19:53:52.3055546Z         "expected": "MATRIZ_CONTENIDO",
2026-09-09T19:53:52.3055819Z         "actual": "MATRIZ_CONTENIDO"
2026-09-09T19:53:52.3056016Z       },
2026-09-09T19:53:52.3056162Z       {
2026-09-09T19:53:52.3056317Z         "treatment": "PERIMETRO",
2026-09-09T19:53:52.3056513Z         "field": "evidence",
2026-09-09T19:53:52.3056711Z         "expected": "MATRIZ_CONTENIDO",
2026-09-09T19:53:52.3057193Z         "actual": "MATRIZ_CONTENIDO"
2026-09-09T19:53:52.3057403Z       }
2026-09-09T19:53:52.3057552Z     ]
2026-09-09T19:53:52.3057702Z   }
2026-09-09T19:53:52.3057853Z }
2026-09-09T19:53:52.3081898Z ##[group]Run mkdir -p artifacts/r0-browser
2026-09-09T19:53:52.3082214Z [36;1mmkdir -p artifacts/r0-browser[0m
2026-09-09T19:53:52.3082473Z [36;1mpython tests/r0_wasm_browser_manifest.py \[0m
2026-09-09T19:53:52.3082776Z [36;1m  --native-bin rust/target/release/sv-native \[0m
2026-09-09T19:53:52.3083218Z [36;1m  --native-probe rust/target/release/examples/assembly_probe \[0m
2026-09-09T19:53:52.3083559Z [36;1m  --output artifacts/r0-browser/manifest.json \[0m
2026-09-09T19:53:52.3083875Z [36;1m  --source-head "5627416505b119192423722e94a71a3137f1a17a" \[0m
2026-09-09T19:53:52.3084206Z [36;1m  --base-head "73c738348a9493a459744c62b8ade382ff595af5"[0m
2026-09-09T19:53:52.3084654Z [36;1mcp rust/target/wasm32-unknown-unknown/release/sv_wasm.wasm artifacts/r0-browser/sv_wasm.wasm[0m
2026-09-09T19:53:52.3104534Z shell: /usr/bin/bash -e {0}
2026-09-09T19:53:52.3104778Z ##[endgroup]
2026-09-09T19:53:52.5621357Z R0 browser manifest: 14 válidos y 106 inválidos
2026-09-09T19:53:52.5709455Z ##[group]Run CHROME=""
2026-09-09T19:53:52.5709737Z [36;1mCHROME=""[0m
2026-09-09T19:53:52.5710070Z [36;1mfor candidate in google-chrome google-chrome-stable chromium chromium-browser; do[0m
2026-09-09T19:53:52.5710475Z [36;1m  if command -v "$candidate" >/dev/null 2>&1; then[0m
2026-09-09T19:53:52.5710777Z [36;1m    CHROME="$(command -v "$candidate")"[0m
2026-09-09T19:53:52.5711009Z [36;1m    break[0m
2026-09-09T19:53:52.5711182Z [36;1m  fi[0m
2026-09-09T19:53:52.5711344Z [36;1mdone[0m
2026-09-09T19:53:52.5711520Z [36;1mif [ -z "$CHROME" ]; then[0m
2026-09-09T19:53:52.5711820Z [36;1m  echo "No hay navegador Chromium/Chrome disponible en el ejecutor" >&2[0m
2026-09-09T19:53:52.5712128Z [36;1m  exit 1[0m
2026-09-09T19:53:52.5712301Z [36;1mfi[0m
2026-09-09T19:53:52.5712550Z [36;1m"$CHROME" --version | tee artifacts/r0-browser/browser-version.txt[0m
2026-09-09T19:53:52.5712842Z [36;1m[0m
2026-09-09T19:53:52.5713177Z [36;1mpython -m http.server 8765 --bind 127.0.0.1 > artifacts/r0-browser/http-server.log 2>&1 &[0m
2026-09-09T19:53:52.5713583Z [36;1mSERVER_PID=$![0m
2026-09-09T19:53:52.5713827Z [36;1mtrap 'kill "$SERVER_PID" 2>/dev/null || true' EXIT[0m
2026-09-09T19:53:52.5714076Z [36;1m[0m
2026-09-09T19:53:52.5714239Z [36;1mREADY=0[0m
2026-09-09T19:53:52.5714422Z [36;1mfor _ in $(seq 1 40); do[0m
2026-09-09T19:53:52.5714762Z [36;1m  if curl -fsS http://127.0.0.1:8765/tests/r0_wasm_browser.html >/dev/null; then[0m
2026-09-09T19:53:52.5715092Z [36;1m    READY=1[0m
2026-09-09T19:53:52.5715269Z [36;1m    break[0m
2026-09-09T19:53:52.5715439Z [36;1m  fi[0m
2026-09-09T19:53:52.5715609Z [36;1m  sleep 0.25[0m
2026-09-09T19:53:52.5715785Z [36;1mdone[0m
2026-09-09T19:53:52.5715962Z [36;1mif [ "$READY" -ne 1 ]; then[0m
2026-09-09T19:53:52.5716227Z [36;1m  echo "Servidor HTTP de prueba no disponible" >&2[0m
2026-09-09T19:53:52.5716483Z [36;1m  exit 1[0m
2026-09-09T19:53:52.5716648Z [36;1mfi[0m
2026-09-09T19:53:52.5716939Z [36;1m[0m
2026-09-09T19:53:52.5717183Z [36;1m"$CHROME" \[0m
2026-09-09T19:53:52.5717371Z [36;1m  --headless=new \[0m
2026-09-09T19:53:52.5717569Z [36;1m  --no-sandbox \[0m
2026-09-09T19:53:52.5717774Z [36;1m  --disable-gpu \[0m
2026-09-09T19:53:52.5717989Z [36;1m  --disable-dev-shm-usage \[0m
2026-09-09T19:53:52.5718227Z [36;1m  --virtual-time-budget=30000 \[0m
2026-09-09T19:53:52.5718450Z [36;1m  --dump-dom \[0m
2026-09-09T19:53:52.5718688Z [36;1m  http://127.0.0.1:8765/tests/r0_wasm_browser.html \[0m
2026-09-09T19:53:52.5718998Z [36;1m  > artifacts/r0-browser/browser-parity-dom.html[0m
2026-09-09T19:53:52.5719254Z [36;1m[0m
2026-09-09T19:53:52.5719540Z [36;1mgrep -q 'data-status="pass"' artifacts/r0-browser/browser-parity-dom.html[0m
2026-09-09T19:53:52.5719950Z [36;1mgrep -q '"valid_ok":14' artifacts/r0-browser/browser-parity-dom.html[0m
2026-09-09T19:53:52.5720335Z [36;1mgrep -q '"invalid_ok":106' artifacts/r0-browser/browser-parity-dom.html[0m
2026-09-09T19:53:52.5720755Z [36;1mgrep -q '"closed_domains_ok":6' artifacts/r0-browser/browser-parity-dom.html[0m
2026-09-09T19:53:52.5721169Z [36;1mgrep -q '"sensitivity_ok":5' artifacts/r0-browser/browser-parity-dom.html[0m
2026-09-09T19:53:52.5721571Z [36;1mgrep -q '"bridge_ok":18' artifacts/r0-browser/browser-parity-dom.html[0m
2026-09-09T19:53:52.5722082Z [36;1mgrep -q '"horizon_ok":20' artifacts/r0-browser/browser-parity-dom.html[0m
2026-09-09T19:53:52.5722466Z [36;1mgrep -q '"domain_ok":24' artifacts/r0-browser/browser-parity-dom.html[0m
2026-09-09T19:53:52.5722849Z [36;1mgrep -q '"optional_ok":64' artifacts/r0-browser/browser-parity-dom.html[0m
2026-09-09T19:53:52.5723251Z [36;1mgrep -q '"ternarizer_ok":40' artifacts/r0-browser/browser-parity-dom.html[0m
2026-09-09T19:53:52.5746035Z shell: /usr/bin/bash -e {0}
2026-09-09T19:53:52.5746279Z ##[endgroup]
2026-09-09T19:53:52.5984415Z Google Chrome 152.0.7977.82 
2026-09-09T19:53:52.6088472Z curl: (7) Failed to connect to 127.0.0.1 port 8765 after 0 ms: Couldn't connect to server
2026-09-09T19:53:55.2193283Z [14262:14286:0909/195355.207744:ERROR:dbus/bus.cc:405] Failed to connect to the bus: Could not parse server address: Unknown address type (examples of valid types are "tcp" and on UNIX "unix")
2026-09-09T19:53:55.7862553Z [14262:14286:0909/195355.786062:ERROR:dbus/bus.cc:405] Failed to connect to the bus: Could not parse server address: Unknown address type (examples of valid types are "tcp" and on UNIX "unix")
2026-09-09T19:53:56.1867059Z [14262:14286:0909/195356.186482:ERROR:dbus/bus.cc:405] Failed to connect to the bus: Could not parse server address: Unknown address type (examples of valid types are "tcp" and on UNIX "unix")
2026-09-09T19:53:56.5492286Z [14262:14286:0909/195356.549028:ERROR:dbus/bus.cc:405] Failed to connect to the bus: Could not parse server address: Unknown address type (examples of valid types are "tcp" and on UNIX "unix")
2026-09-09T19:53:59.1821182Z [14262:14262:0909/195359.180932:ERROR:dbus/object_proxy.cc:572] Failed to call method: org.freedesktop.DBus.NameHasOwner: object_path= /org/freedesktop/DBus: unknown error type: 
2026-09-09T19:53:59.1823214Z [14262:14286:0909/195359.181061:ERROR:dbus/bus.cc:405] Failed to connect to the bus: Could not parse server address: Unknown address type (examples of valid types are "tcp" and on UNIX "unix")
2026-09-09T19:53:59.1875733Z [14262:14262:0909/195359.187385:ERROR:dbus/object_proxy.cc:572] Failed to call method: org.freedesktop.DBus.NameHasOwner: object_path= /org/freedesktop/DBus: unknown error type: 
2026-09-09T19:53:59.1878101Z [14262:14286:0909/195359.187432:ERROR:dbus/bus.cc:405] Failed to connect to the bus: Could not parse server address: Unknown address type (examples of valid types are "tcp" and on UNIX "unix")
2026-09-09T19:53:59.1933519Z [14262:14262:0909/195359.193214:ERROR:dbus/object_proxy.cc:572] Failed to call method: org.freedesktop.DBus.NameHasOwner: object_path= /org/freedesktop/DBus: unknown error type: 
2026-09-09T19:53:59.2129950Z [14262:14262:0909/195359.212805:ERROR:dbus/object_proxy.cc:572] Failed to call method: org.freedesktop.DBus.NameHasOwner: object_path= /org/freedesktop/DBus: unknown error type: 
2026-09-09T19:53:59.6036073Z [14262:14262:0909/195359.603397:ERROR:dbus/object_proxy.cc:572] Failed to call method: org.freedesktop.DBus.NameHasOwner: object_path= /org/freedesktop/DBus: unknown error type: 
2026-09-09T19:53:59.6091342Z [14262:14262:0909/195359.608978:ERROR:dbus/object_proxy.cc:572] Failed to call method: org.freedesktop.DBus.NameHasOwner: object_path= /org/freedesktop/DBus: unknown error type: 
2026-09-09T19:53:59.6092927Z [14262:14286:0909/195359.609147:ERROR:dbus/bus.cc:405] Failed to connect to the bus: Could not parse server address: Unknown address type (examples of valid types are "tcp" and on UNIX "unix")
2026-09-09T19:53:59.8324061Z [14262:14262:0909/195359.832133:ERROR:dbus/object_proxy.cc:572] Failed to call method: org.freedesktop.DBus.Properties.GetAll: object_path= /org/freedesktop/UPower/devices/DisplayDevice: org.freedesktop.DBus.Error.ServiceUnknown: The name org.freedesktop.UPower was not provided by any .service files
2026-09-09T19:53:59.8326131Z [14262:14262:0909/195359.832454:ERROR:dbus/object_proxy.cc:572] Failed to call method: org.freedesktop.DBus.NameHasOwner: object_path= /org/freedesktop/DBus: unknown error type: 
2026-09-09T19:53:59.8328064Z [14262:14286:0909/195359.832700:ERROR:dbus/bus.cc:405] Failed to connect to the bus: Could not parse server address: Unknown address type (examples of valid types are "tcp" and on UNIX "unix")
2026-09-09T19:54:00.0023856Z [14262:14262:0909/195400.002129:ERROR:dbus/object_proxy.cc:572] Failed to call method: org.freedesktop.DBus.NameHasOwner: object_path= /org/freedesktop/DBus: unknown error type: 
2026-09-09T19:54:00.0028772Z [14262:14286:0909/195400.002208:ERROR:dbus/bus.cc:405] Failed to connect to the bus: Could not parse server address: Unknown address type (examples of valid types are "tcp" and on UNIX "unix")
2026-09-09T19:54:00.0322717Z [14262:14262:0909/195400.031941:ERROR:dbus/object_proxy.cc:572] Failed to call method: org.freedesktop.DBus.NameHasOwner: object_path= /org/freedesktop/DBus: unknown error type: 
2026-09-09T19:54:02.0140439Z ##[group]Run CHROME=""
2026-09-09T19:54:02.0140717Z [36;1mCHROME=""[0m
2026-09-09T19:54:02.0141047Z [36;1mfor candidate in google-chrome google-chrome-stable chromium chromium-browser; do[0m
2026-09-09T19:54:02.0141472Z [36;1m  if command -v "$candidate" >/dev/null 2>&1; then[0m
2026-09-09T19:54:02.0141759Z [36;1m    CHROME="$(command -v "$candidate")"[0m
2026-09-09T19:54:02.0141999Z [36;1m    break[0m
2026-09-09T19:54:02.0142170Z [36;1m  fi[0m
2026-09-09T19:54:02.0142334Z [36;1mdone[0m
2026-09-09T19:54:02.0142505Z [36;1mtest -n "$CHROME"[0m
2026-09-09T19:54:02.0142854Z [36;1mpython -m http.server 8766 --bind 127.0.0.1 > artifacts/r0-browser/bindings-server.log 2>&1 &[0m
2026-09-09T19:54:02.0143216Z [36;1mSERVER_PID=$![0m
2026-09-09T19:54:02.0143462Z [36;1mtrap 'kill "$SERVER_PID" 2>/dev/null || true' EXIT[0m
2026-09-09T19:54:02.0143727Z [36;1mfor _ in $(seq 1 40); do[0m
2026-09-09T19:54:02.0144130Z [36;1m  if curl -fsS http://127.0.0.1:8766/tests/row7_bindings/browser.html >/dev/null; then break; fi[0m
2026-09-09T19:54:02.0144495Z [36;1m  sleep 0.25[0m
2026-09-09T19:54:02.0144672Z [36;1mdone[0m
2026-09-09T19:54:02.0145452Z [36;1m"$CHROME" --headless=new --no-sandbox --disable-gpu --disable-dev-shm-usage --virtual-time-budget=30000 --dump-dom http://127.0.0.1:8766/tests/row7_bindings/browser.html > artifacts/r0-browser/bindings-browser.html 2> artifacts/r0-browser/bindings-browser.log[0m
2026-09-09T19:54:02.0146250Z [36;1mpython - <<'PYCODE'[0m
2026-09-09T19:54:02.0146467Z [36;1mfrom pathlib import Path[0m
2026-09-09T19:54:02.0146709Z [36;1mfrom html.parser import HTMLParser[0m
2026-09-09T19:54:02.0147105Z [36;1mclass Result(HTMLParser):[0m
2026-09-09T19:54:02.0147332Z [36;1m    active=False[0m
2026-09-09T19:54:02.0147527Z [36;1m    text=''[0m
2026-09-09T19:54:02.0147740Z [36;1m    def handle_starttag(self, tag, attrs):[0m
2026-09-09T19:54:02.0148067Z [36;1m        if tag=='pre' and dict(attrs).get('id')=='result': self.active=True[0m
2026-09-09T19:54:02.0148392Z [36;1m    def handle_endtag(self, tag):[0m
2026-09-09T19:54:02.0148646Z [36;1m        if tag=='pre': self.active=False[0m
2026-09-09T19:54:02.0148894Z [36;1m    def handle_data(self, data):[0m
2026-09-09T19:54:02.0149141Z [36;1m        if self.active: self.text+=data[0m
2026-09-09T19:54:02.0149383Z [36;1mresult=Result()[0m
2026-09-09T19:54:02.0149689Z [36;1mresult.feed(Path('artifacts/r0-browser/bindings-browser.html').read_text())[0m
2026-09-09T19:54:02.0150195Z [36;1mexpected='CONFORME '+Path('artifacts/r0-browser/bindings-native.json').read_text().removesuffix('\n')[0m
2026-09-09T19:54:02.0150650Z [36;1massert result.text==expected, result.text[:2000][0m
2026-09-09T19:54:02.0151046Z [36;1mprint('LIG/0.1: nativo, WASI y navegador con identidad literal de resultados')[0m
2026-09-09T19:54:02.0151371Z [36;1mPYCODE[0m
2026-09-09T19:54:02.0172257Z shell: /usr/bin/bash -e {0}
2026-09-09T19:54:02.0172500Z ##[endgroup]
2026-09-09T19:54:02.0277802Z curl: (7) Failed to connect to 127.0.0.1 port 8766 after 0 ms: Couldn't connect to server
2026-09-09T19:54:03.2132618Z LIG/0.1: nativo, WASI y navegador con identidad literal de resultados
2026-09-09T19:54:03.2190648Z ##[group]Run CHROME=""
2026-09-09T19:54:03.2190922Z [36;1mCHROME=""[0m
2026-09-09T19:54:03.2191247Z [36;1mfor candidate in google-chrome google-chrome-stable chromium chromium-browser; do[0m
2026-09-09T19:54:03.2191663Z [36;1m  if command -v "$candidate" >/dev/null 2>&1; then[0m
2026-09-09T19:54:03.2191951Z [36;1m    CHROME="$(command -v "$candidate")"[0m
2026-09-09T19:54:03.2192189Z [36;1m    break[0m
2026-09-09T19:54:03.2192359Z [36;1m  fi[0m
2026-09-09T19:54:03.2192522Z [36;1mdone[0m
2026-09-09T19:54:03.2192695Z [36;1mtest -n "$CHROME"[0m
2026-09-09T19:54:03.2193030Z [36;1mpython -m http.server 8767 --bind 127.0.0.1 > artifacts/r0-browser/gh-server.log 2>&1 &[0m
2026-09-09T19:54:03.2193389Z [36;1mSERVER_PID=$![0m
2026-09-09T19:54:03.2193621Z [36;1mtrap 'kill "$SERVER_PID" 2>/dev/null || true' EXIT[0m
2026-09-09T19:54:03.2193895Z [36;1mfor _ in $(seq 1 40); do[0m
2026-09-09T19:54:03.2194279Z [36;1m  if curl -fsS http://127.0.0.1:8767/tests/row7_gh/browser.html >/dev/null; then break; fi[0m
2026-09-09T19:54:03.2194637Z [36;1m  sleep 0.25[0m
2026-09-09T19:54:03.2194815Z [36;1mdone[0m
2026-09-09T19:54:03.2195540Z [36;1m"$CHROME" --headless=new --no-sandbox --disable-gpu --disable-dev-shm-usage --virtual-time-budget=30000 --dump-dom http://127.0.0.1:8767/tests/row7_gh/browser.html > artifacts/r0-browser/gh-browser.html 2> artifacts/r0-browser/gh-browser.log[0m
2026-09-09T19:54:03.2196306Z [36;1mpython - <<'PYCODE'[0m
2026-09-09T19:54:03.2196523Z [36;1mfrom pathlib import Path[0m
2026-09-09T19:54:03.2196942Z [36;1mfrom html.parser import HTMLParser[0m
2026-09-09T19:54:03.2197240Z [36;1mclass Result(HTMLParser):[0m
2026-09-09T19:54:03.2197462Z [36;1m    active=False[0m
2026-09-09T19:54:03.2197665Z [36;1m    text=''[0m
2026-09-09T19:54:03.2197875Z [36;1m    def handle_starttag(self, tag, attrs):[0m
2026-09-09T19:54:03.2198208Z [36;1m        if tag=='pre' and dict(attrs).get('id')=='result': self.active=True[0m
2026-09-09T19:54:03.2198534Z [36;1m    def handle_endtag(self, tag):[0m
2026-09-09T19:54:03.2198787Z [36;1m        if tag=='pre': self.active=False[0m
2026-09-09T19:54:03.2199036Z [36;1m    def handle_data(self, data):[0m
2026-09-09T19:54:03.2199280Z [36;1m        if self.active: self.text+=data[0m
2026-09-09T19:54:03.2199516Z [36;1mresult=Result()[0m
2026-09-09T19:54:03.2199817Z [36;1mresult.feed(Path('artifacts/r0-browser/gh-browser.html').read_text())[0m
2026-09-09T19:54:03.2200300Z [36;1mexpected='CONFORME '+Path('artifacts/r0-browser/gh-native.json').read_text().removesuffix('\n')[0m
2026-09-09T19:54:03.2200733Z [36;1massert result.text==expected, result.text[:2000][0m
2026-09-09T19:54:03.2201114Z [36;1mprint('GH-LIG/0.1: nativo, WASI y navegador con identidad literal de resultados')[0m
2026-09-09T19:54:03.2201447Z [36;1mPYCODE[0m
2026-09-09T19:54:03.2221335Z shell: /usr/bin/bash -e {0}
2026-09-09T19:54:03.2221568Z ##[endgroup]
2026-09-09T19:54:03.2305426Z curl: (7) Failed to connect to 127.0.0.1 port 8767 after 0 ms: Couldn't connect to server
2026-09-09T19:54:04.3697620Z GH-LIG/0.1: nativo, WASI y navegador con identidad literal de resultados
2026-09-09T19:54:04.3757320Z ##[group]Run sha256sum rust/target/release/sv-native > artifacts/r0-wasm/sv-native.sha256
2026-09-09T19:54:04.3757871Z [36;1msha256sum rust/target/release/sv-native > artifacts/r0-wasm/sv-native.sha256[0m
2026-09-09T19:54:04.3758571Z [36;1msha256sum rust/target/release/examples/assembly_probe rust/target/wasm32-wasip1/release/examples/assembly_probe.wasm > artifacts/r0-wasm/assembly-probe.sha256[0m
2026-09-09T19:54:04.3759243Z [36;1mwc -c rust/target/release/sv-native > artifacts/r0-wasm/sv-native.bytes[0m
2026-09-09T19:54:04.3759745Z [36;1msha256sum rust/target/wasm32-wasip1/release/sv-native.wasm > artifacts/r0-wasm/sv-native-wasi.sha256[0m
2026-09-09T19:54:04.3760310Z [36;1mwc -c rust/target/wasm32-wasip1/release/sv-native.wasm > artifacts/r0-wasm/sv-native-wasi.bytes[0m
2026-09-09T19:54:04.3760894Z [36;1msha256sum rust/target/wasm32-unknown-unknown/release/sv_wasm.wasm > artifacts/r0-browser/sv-wasm-browser.sha256[0m
2026-09-09T19:54:04.3761674Z [36;1mwc -c rust/target/wasm32-unknown-unknown/release/sv_wasm.wasm > artifacts/r0-browser/sv-wasm-browser.bytes[0m
2026-09-09T19:54:04.3762159Z [36;1mgit rev-parse HEAD > artifacts/r0-wasm/git-checkout-head.txt[0m
2026-09-09T19:54:04.3762600Z [36;1mecho "5627416505b119192423722e94a71a3137f1a17a" > artifacts/r0-wasm/git-source-head.txt[0m
2026-09-09T19:54:04.3763093Z [36;1mecho "73c738348a9493a459744c62b8ade382ff595af5" > artifacts/r0-wasm/git-base-head.txt[0m
2026-09-09T19:54:04.3763551Z [36;1mgit rev-list --parents -n 1 HEAD > artifacts/r0-wasm/git-checkout-lineage.txt[0m
2026-09-09T19:54:04.3763948Z [36;1mrustc --version > artifacts/r0-wasm/rustc-version.txt[0m
2026-09-09T19:54:04.3764267Z [36;1mcargo --version > artifacts/r0-wasm/cargo-version.txt[0m
2026-09-09T19:54:04.3764579Z [36;1mnode --version > artifacts/r0-wasm/node-version.txt[0m
2026-09-09T19:54:04.3784680Z shell: /usr/bin/bash -e {0}
2026-09-09T19:54:04.3784929Z ##[endgroup]
2026-09-09T19:54:04.4164248Z Node 20 is being deprecated. This workflow is running with Node 24 by default. If you need to temporarily use Node 20, you can set the ACTIONS_ALLOW_USE_UNSECURE_NODE_VERSION=true environment variable. For more information see: https://github.blog/changelog/2025-09-19-deprecation-of-node-20-on-github-actions-runners/
2026-09-09T19:54:04.4165765Z ##[group]Run actions/upload-artifact@v4
2026-09-09T19:54:04.4165998Z with:
2026-09-09T19:54:04.4166182Z   name: r0-wasm-three-way-parity
2026-09-09T19:54:04.4166405Z   if-no-files-found: error
2026-09-09T19:54:04.4166606Z   retention-days: 90
2026-09-09T19:54:04.4168417Z   path: artifacts/r0-wasm/
artifacts/r0-browser/
rust/target/release/sv-native
rust/target/release/examples/binding_probe
rust/target/release/examples/gh_binding_probe
rust/target/wasm32-wasip1/release/examples/gh_binding_probe.wasm
rust/target/wasm32-wasip1/release/examples/binding_probe.wasm
rust/target/release/examples/assembly_probe
rust/target/wasm32-wasip1/release/examples/assembly_probe.wasm
rust/target/wasm32-wasip1/release/sv-native.wasm
rust/target/wasm32-unknown-unknown/release/sv_wasm.wasm
rust/Cargo.lock

2026-09-09T19:54:04.4169916Z   compression-level: 6
2026-09-09T19:54:04.4170111Z   overwrite: false
2026-09-09T19:54:04.4170317Z   include-hidden-files: false
2026-09-09T19:54:04.4170524Z ##[endgroup]
2026-09-09T19:54:04.5522679Z (node:14881) [DEP0040] DeprecationWarning: The `punycode` module is deprecated. Please use a userland alternative instead.
2026-09-09T19:54:04.5523462Z (Use `node --trace-deprecation ...` to show where the warning was created)
2026-09-09T19:54:04.7914884Z Multiple search paths detected. Calculating the least common ancestor of all paths
2026-09-09T19:54:04.7918226Z The least common ancestor is /home/runner/work/SV-lenguaje-de-computacion/SV-lenguaje-de-computacion. This will be the root directory of the artifact
2026-09-09T19:54:04.7919121Z With the provided path, there will be 1519 files uploaded
2026-09-09T19:54:04.7922552Z Artifact name is valid!
2026-09-09T19:54:04.7923002Z Root directory input is valid!
2026-09-09T19:54:05.0752456Z Beginning upload of artifact content to blob storage
2026-09-09T19:54:05.8041438Z (node:14881) [DEP0169] DeprecationWarning: `url.parse()` behavior is not standardized and prone to errors that have security implications. Use the WHATWG URL API instead. CVEs are not issued for `url.parse()` vulnerabilities.
2026-09-09T19:54:06.3586200Z Uploaded bytes 3492519
2026-09-09T19:54:06.4051007Z Finished uploading artifact content to blob storage!
2026-09-09T19:54:06.4052149Z SHA256 digest of uploaded artifact zip is 36fa01520ac6ff2b342708ebb66cbf575556996ca1fb1754780fbf0b172e48ea
2026-09-09T19:54:06.4053837Z Finalizing artifact upload
2026-09-09T19:54:06.6124176Z Artifact r0-wasm-three-way-parity.zip successfully finalized. Artifact ID 10122196473
2026-09-09T19:54:06.6124919Z Artifact r0-wasm-three-way-parity has been successfully uploaded! Final size is 3492519 bytes. Artifact ID is 10122196473
2026-09-09T19:54:06.6129515Z Artifact download URL: https://github.com/juantoniolloretegea/SV-lenguaje-de-computacion/actions/runs/34397677142/artifacts/10122196473
2026-09-09T19:54:06.6359701Z Node 20 is being deprecated. This workflow is running with Node 24 by default. If you need to temporarily use Node 20, you can set the ACTIONS_ALLOW_USE_UNSECURE_NODE_VERSION=true environment variable. For more information see: https://github.blog/changelog/2025-09-19-deprecation-of-node-20-on-github-actions-runners/
2026-09-09T19:54:06.6360682Z Post job cleanup.
2026-09-09T19:54:06.7044239Z [command]/usr/bin/git version
2026-09-09T19:54:06.7077378Z git version 2.55.0
2026-09-09T19:54:06.7113145Z Temporarily overriding HOME='/home/runner/work/_temp/9ad5dad7-63d3-4ef9-9da6-8ab76dd63460' before making global git config changes
2026-09-09T19:54:06.7114474Z Adding repository directory to the temporary git global config as a safe directory
2026-09-09T19:54:06.7115647Z [command]/usr/bin/git config --global --add safe.directory /home/runner/work/SV-lenguaje-de-computacion/SV-lenguaje-de-computacion
2026-09-09T19:54:06.7140204Z [command]/usr/bin/git config --local --name-only --get-regexp core\.sshCommand
2026-09-09T19:54:06.7167131Z [command]/usr/bin/git submodule foreach --recursive sh -c "git config --local --name-only --get-regexp 'core\.sshCommand' && git config --local --unset-all 'core.sshCommand' || :"
2026-09-09T19:54:06.7364656Z [command]/usr/bin/git config --local --name-only --get-regexp http\.https\:\/\/github\.com\/\.extraheader
2026-09-09T19:54:06.7385017Z http.https://github.com/.extraheader
2026-09-09T19:54:06.7393610Z [command]/usr/bin/git config --local --unset-all http.https://github.com/.extraheader
2026-09-09T19:54:06.7418569Z [command]/usr/bin/git submodule foreach --recursive sh -c "git config --local --name-only --get-regexp 'http\.https\:\/\/github\.com\/\.extraheader' && git config --local --unset-all 'http.https://github.com/.extraheader' || :"
2026-09-09T19:54:06.7585641Z [command]/usr/bin/git config --local --name-only --get-regexp ^includeIf\.gitdir:
2026-09-09T19:54:06.7612867Z [command]/usr/bin/git submodule foreach --recursive git config --local --show-origin --name-only --get-regexp remote.origin.url
2026-09-09T19:54:06.7909016Z Cleaning up orphan processes
2026-09-09T19:54:06.8115623Z ##[warning]Node.js 20 is deprecated. The following actions target Node.js 20 but are being forced to run on Node.js 24: actions/checkout@v4, actions/upload-artifact@v4. For more information see: https://github.blog/changelog/2025-09-19-deprecation-of-node-20-on-github-actions-runners/
