2026-09-09T19:52:50.0694529Z Current runner version: '2.337.0'
2026-09-09T19:52:50.0719794Z ##[group]Runner Image Provisioner
2026-09-09T19:52:50.0720624Z Hosted Compute Agent
2026-09-09T19:52:50.0721167Z Version: 20260828.587
2026-09-09T19:52:50.0721766Z Commit: abac92662cab4cc7352de4f9f9d2e2419aad9c29
2026-09-09T19:52:50.0722795Z Build Date: 2026-08-28T16:44:25Z
2026-09-09T19:52:50.0723457Z Worker ID: {060f722b-c9f0-4877-b11c-a477743f526c}
2026-09-09T19:52:50.0724134Z Azure Region: centralus
2026-09-09T19:52:50.0724684Z ##[endgroup]
2026-09-09T19:52:50.0726132Z ##[group]Operating System
2026-09-09T19:52:50.0726742Z Ubuntu
2026-09-09T19:52:50.0727238Z 24.04.4
2026-09-09T19:52:50.0727711Z LTS
2026-09-09T19:52:50.0728213Z ##[endgroup]
2026-09-09T19:52:50.0728769Z ##[group]Runner Image
2026-09-09T19:52:50.0729375Z Image: ubuntu-24.04
2026-09-09T19:52:50.0729886Z Version: 20260831.293.1
2026-09-09T19:52:50.0731029Z Included Software: https://github.com/actions/runner-images/blob/ubuntu24/20260831.293/images/ubuntu/Ubuntu2404-Readme.md
2026-09-09T19:52:50.0732553Z Image Release: https://github.com/actions/runner-images/releases/tag/ubuntu24%2F20260831.293
2026-09-09T19:52:50.0733430Z ##[endgroup]
2026-09-09T19:52:50.0734416Z ##[group]GITHUB_TOKEN Permissions
2026-09-09T19:52:50.0737090Z Contents: read
2026-09-09T19:52:50.0737669Z Metadata: read
2026-09-09T19:52:50.0738260Z ##[endgroup]
2026-09-09T19:52:50.0740440Z Secret source: Actions
2026-09-09T19:52:50.0741360Z Cache mode: write
2026-09-09T19:52:50.0742697Z Prepare workflow directory
2026-09-09T19:52:50.1065224Z Prepare all required actions
2026-09-09T19:52:50.1115084Z Getting action download info
2026-09-09T19:52:50.4011197Z Download action repository 'actions/checkout@v4' (SHA:11d5960a326750d5838078e36cf38b85af677262)
2026-09-09T19:52:50.5227578Z Download action repository 'actions/upload-artifact@v4' (SHA:ea165f8d65b6e75b540449e92b4886f43607fa02)
2026-09-09T19:52:50.7106753Z Complete job name: core-native-wasm
2026-09-09T19:52:50.7906028Z Node 20 is being deprecated. This workflow is running with Node 24 by default. If you need to temporarily use Node 20, you can set the ACTIONS_ALLOW_USE_UNSECURE_NODE_VERSION=true environment variable. For more information see: https://github.blog/changelog/2025-09-19-deprecation-of-node-20-on-github-actions-runners/
2026-09-09T19:52:50.7914651Z ##[group]Run actions/checkout@v4
2026-09-09T19:52:50.7915337Z with:
2026-09-09T19:52:50.7915855Z   repository: juantoniolloretegea/SV-lenguaje-de-computacion
2026-09-09T19:52:50.7919514Z   token: ***
2026-09-09T19:52:50.7919898Z   ssh-strict: true
2026-09-09T19:52:50.7920291Z   ssh-user: git
2026-09-09T19:52:50.7920699Z   persist-credentials: true
2026-09-09T19:52:50.7921142Z   clean: true
2026-09-09T19:52:50.7921551Z   sparse-checkout-cone-mode: true
2026-09-09T19:52:50.7922029Z   fetch-depth: 1
2026-09-09T19:52:50.7922617Z   fetch-tags: false
2026-09-09T19:52:50.7923015Z   show-progress: true
2026-09-09T19:52:50.7923411Z   lfs: false
2026-09-09T19:52:50.7923838Z   submodules: false
2026-09-09T19:52:50.7924241Z   set-safe-directory: true
2026-09-09T19:52:50.7924703Z   allow-unsafe-pr-checkout: false
2026-09-09T19:52:50.7925407Z ##[endgroup]
2026-09-09T19:52:50.8929660Z Syncing repository: juantoniolloretegea/SV-lenguaje-de-computacion
2026-09-09T19:52:50.8932242Z ##[group]Getting Git version info
2026-09-09T19:52:50.8933659Z Working directory is '/home/runner/work/SV-lenguaje-de-computacion/SV-lenguaje-de-computacion'
2026-09-09T19:52:50.8934914Z [command]/usr/bin/git version
2026-09-09T19:52:50.9021668Z git version 2.55.0
2026-09-09T19:52:50.9037242Z ##[endgroup]
2026-09-09T19:52:50.9053455Z Temporarily overriding HOME='/home/runner/work/_temp/d1b31dff-e4fc-4bee-9e61-38f3d3200e9e' before making global git config changes
2026-09-09T19:52:50.9055988Z Adding repository directory to the temporary git global config as a safe directory
2026-09-09T19:52:50.9067470Z [command]/usr/bin/git config --global --add safe.directory /home/runner/work/SV-lenguaje-de-computacion/SV-lenguaje-de-computacion
2026-09-09T19:52:50.9125759Z Deleting the contents of '/home/runner/work/SV-lenguaje-de-computacion/SV-lenguaje-de-computacion'
2026-09-09T19:52:50.9133773Z ##[group]Initializing the repository
2026-09-09T19:52:50.9143380Z [command]/usr/bin/git init /home/runner/work/SV-lenguaje-de-computacion/SV-lenguaje-de-computacion
2026-09-09T19:52:50.9247045Z hint: Using 'master' as the name for the initial branch. This default branch name
2026-09-09T19:52:50.9248939Z hint: will change to "main" in Git 3.0. To configure the initial branch name
2026-09-09T19:52:50.9250604Z hint: to use in all of your new repositories, which will suppress this warning,
2026-09-09T19:52:50.9251940Z hint: call:
2026-09-09T19:52:50.9252851Z hint:
2026-09-09T19:52:50.9253736Z hint: 	git config --global init.defaultBranch <name>
2026-09-09T19:52:50.9254809Z hint:
2026-09-09T19:52:50.9255927Z hint: Names commonly chosen instead of 'master' are 'main', 'trunk' and
2026-09-09T19:52:50.9257632Z hint: 'development'. The just-created branch can be renamed via this command:
2026-09-09T19:52:50.9258961Z hint:
2026-09-09T19:52:50.9259684Z hint: 	git branch -m <name>
2026-09-09T19:52:50.9260522Z hint:
2026-09-09T19:52:50.9261621Z hint: Disable this message with "git config set advice.defaultBranchName false"
2026-09-09T19:52:50.9268252Z Initialized empty Git repository in /home/runner/work/SV-lenguaje-de-computacion/SV-lenguaje-de-computacion/.git/
2026-09-09T19:52:50.9276916Z [command]/usr/bin/git remote add origin https://github.com/juantoniolloretegea/SV-lenguaje-de-computacion
2026-09-09T19:52:50.9324320Z ##[endgroup]
2026-09-09T19:52:50.9325651Z ##[group]Disabling automatic garbage collection
2026-09-09T19:52:50.9327646Z [command]/usr/bin/git config --local gc.auto 0
2026-09-09T19:52:50.9355841Z ##[endgroup]
2026-09-09T19:52:50.9357139Z ##[group]Setting up auth
2026-09-09T19:52:50.9362539Z [command]/usr/bin/git config --local --name-only --get-regexp core\.sshCommand
2026-09-09T19:52:50.9392004Z [command]/usr/bin/git submodule foreach --recursive sh -c "git config --local --name-only --get-regexp 'core\.sshCommand' && git config --local --unset-all 'core.sshCommand' || :"
2026-09-09T19:52:50.9749578Z [command]/usr/bin/git config --local --name-only --get-regexp http\.https\:\/\/github\.com\/\.extraheader
2026-09-09T19:52:50.9780570Z [command]/usr/bin/git submodule foreach --recursive sh -c "git config --local --name-only --get-regexp 'http\.https\:\/\/github\.com\/\.extraheader' && git config --local --unset-all 'http.https://github.com/.extraheader' || :"
2026-09-09T19:52:50.9970257Z [command]/usr/bin/git config --local --name-only --get-regexp ^includeIf\.gitdir:
2026-09-09T19:52:50.9998207Z [command]/usr/bin/git submodule foreach --recursive git config --local --show-origin --name-only --get-regexp remote.origin.url
2026-09-09T19:52:51.0178447Z [command]/usr/bin/git config --local http.https://github.com/.extraheader AUTHORIZATION: basic ***
2026-09-09T19:52:51.0208703Z ##[endgroup]
2026-09-09T19:52:51.0209664Z ##[group]Fetching the repository
2026-09-09T19:52:51.0218676Z [command]/usr/bin/git -c protocol.version=2 fetch --no-tags --prune --no-recurse-submodules --depth=1 origin +e5854e72ed0159c140dbd289a5645c143ebd0867:refs/remotes/pull/89/merge
2026-09-09T19:52:51.8971040Z From https://github.com/juantoniolloretegea/SV-lenguaje-de-computacion
2026-09-09T19:52:51.8974537Z  * [new ref]         e5854e72ed0159c140dbd289a5645c143ebd0867 -> pull/89/merge
2026-09-09T19:52:51.8981011Z ##[endgroup]
2026-09-09T19:52:51.8983962Z ##[group]Determining the checkout info
2026-09-09T19:52:51.8986837Z ##[endgroup]
2026-09-09T19:52:51.8988755Z [command]/usr/bin/git sparse-checkout disable
2026-09-09T19:52:51.9041974Z [command]/usr/bin/git config --local --unset-all extensions.worktreeConfig
2026-09-09T19:52:51.9067190Z ##[group]Checking out the ref
2026-09-09T19:52:51.9070298Z [command]/usr/bin/git checkout --progress --force refs/remotes/pull/89/merge
2026-09-09T19:52:51.9445677Z Note: switching to 'refs/remotes/pull/89/merge'.
2026-09-09T19:52:51.9446701Z 
2026-09-09T19:52:51.9447486Z You are in 'detached HEAD' state. You can look around, make experimental
2026-09-09T19:52:51.9449740Z changes and commit them, and you can discard any commits you make in this
2026-09-09T19:52:51.9452787Z state without impacting any branches by switching back to a branch.
2026-09-09T19:52:51.9454539Z 
2026-09-09T19:52:51.9455650Z If you want to create a new branch to retain commits you create, you may
2026-09-09T19:52:51.9458462Z do so (now or later) by using -c with the switch command. Example:
2026-09-09T19:52:51.9460007Z 
2026-09-09T19:52:51.9460643Z   git switch -c <new-branch-name>
2026-09-09T19:52:51.9461781Z 
2026-09-09T19:52:51.9462713Z Or undo this operation with:
2026-09-09T19:52:51.9463897Z 
2026-09-09T19:52:51.9464764Z   git switch -
2026-09-09T19:52:51.9465726Z 
2026-09-09T19:52:51.9467231Z Turn off this advice by setting config variable advice.detachedHead to false
2026-09-09T19:52:51.9469498Z 
2026-09-09T19:52:51.9471626Z HEAD is now at e5854e7 Merge 5627416505b119192423722e94a71a3137f1a17a into 73c738348a9493a459744c62b8ade382ff595af5
2026-09-09T19:52:51.9477134Z ##[endgroup]
2026-09-09T19:52:51.9503302Z [command]/usr/bin/git log -1 --format=%H
2026-09-09T19:52:51.9525537Z e5854e72ed0159c140dbd289a5645c143ebd0867
2026-09-09T19:52:51.9781475Z ##[group]Run rustup toolchain install 1.98.0 --profile minimal
2026-09-09T19:52:51.9783999Z [36;1mrustup toolchain install 1.98.0 --profile minimal[0m
2026-09-09T19:52:51.9785624Z [36;1mrustup default 1.98.0[0m
2026-09-09T19:52:51.9786981Z [36;1mrustup target add wasm32-unknown-unknown[0m
2026-09-09T19:52:51.9788418Z [36;1mrustc --version[0m
2026-09-09T19:52:51.9789554Z [36;1mcargo --version[0m
2026-09-09T19:52:51.9816538Z shell: /usr/bin/bash -e {0}
2026-09-09T19:52:51.9817780Z ##[endgroup]
2026-09-09T19:52:52.0413975Z info: syncing channel updates for 1.98.0-x86_64-unknown-linux-gnu
2026-09-09T19:52:52.2817573Z info: latest update on 2026-08-20 for version 1.98.0 (88d9e12ae 2026-08-18)
2026-09-09T19:52:52.2835283Z info: downloading 3 components
2026-09-09T19:53:00.8522483Z 
2026-09-09T19:53:00.8601198Z   1.98.0-x86_64-unknown-linux-gnu installed - rustc 1.98.0 (88d9e12ae 2026-08-18)
2026-09-09T19:53:00.8602657Z 
2026-09-09T19:53:00.8680341Z info: using existing install for 1.98.0-x86_64-unknown-linux-gnu
2026-09-09T19:53:01.1549073Z info: default toolchain set to 1.98.0-x86_64-unknown-linux-gnu
2026-09-09T19:53:01.1549798Z 
2026-09-09T19:53:01.1639202Z   1.98.0-x86_64-unknown-linux-gnu unchanged - rustc 1.98.0 (88d9e12ae 2026-08-18)
2026-09-09T19:53:01.1653924Z 
2026-09-09T19:53:01.2125879Z info: downloading component rust-std
2026-09-09T19:53:04.1915573Z rustc 1.98.0 (88d9e12ae 2026-08-18)
2026-09-09T19:53:04.1999499Z cargo 1.98.0 (797e8a9bc 2026-08-05)
2026-09-09T19:53:04.2056001Z ##[group]Run node tests/row7_gh/contract_hash.mjs --referencia
2026-09-09T19:53:04.2056462Z [36;1mnode tests/row7_gh/contract_hash.mjs --referencia[0m
2026-09-09T19:53:04.2080922Z shell: /usr/bin/bash -e {0}
2026-09-09T19:53:04.2081222Z ##[endgroup]
2026-09-09T19:53:04.4285450Z Codificación LIG/0.1 conforme al testigo independiente: beff99707d648d591714e431b462bf61546da931771a6168cd80b1c8037f7dc0
2026-09-09T19:53:04.4396885Z ##[group]Run mkdir -p rust/target
2026-09-09T19:53:04.4397439Z [36;1mmkdir -p rust/target[0m
2026-09-09T19:53:04.4398233Z [36;1mrustc --edition=2021 --test tests/row7_gh/generar_entradas.rs -o rust/target/gh-input-tests[0m
2026-09-09T19:53:04.4399046Z [36;1mrust/target/gh-input-tests[0m
2026-09-09T19:53:04.4399584Z [36;1mnode --test tests/row7_gh/documentary_json.test.mjs[0m
2026-09-09T19:53:04.4436635Z shell: /usr/bin/bash -e {0}
2026-09-09T19:53:04.4437099Z ##[endgroup]
2026-09-09T19:53:04.6975682Z 
2026-09-09T19:53:04.6976311Z running 7 tests
2026-09-09T19:53:04.6987566Z test documentary_json::tests::preserves_fixed_values_order_and_unicode ... ok
2026-09-09T19:53:04.6988413Z test documentary_json::tests::rejects_duplicate_and_index_keys ... ok
2026-09-09T19:53:04.6988971Z test documentary_json::tests::rejects_invalid_unicode_and_utf8 ... ok
2026-09-09T19:53:04.6989792Z test documentary_json::tests::rejects_json_syntax_instead_of_repairing_it ... ok
2026-09-09T19:53:04.6990456Z test documentary_json::tests::rejects_numeric_conversion_before_it_loses_information ... ok
2026-09-09T19:53:04.7025013Z test tests::source_and_literal_controls_have_their_own_causes ... ok
2026-09-09T19:53:04.8263615Z test tests::fixed_source_regenerates_all_committed_input_bytes ... ok
2026-09-09T19:53:04.8263962Z 
2026-09-09T19:53:04.8264228Z test result: ok. 7 passed; 0 failed; 0 ignored; 0 measured; 0 filtered out; finished in 0.13s
2026-09-09T19:53:04.8264559Z 
2026-09-09T19:53:04.8833626Z TAP version 13
2026-09-09T19:53:04.9650744Z # Subtest: Conserva valores fijados, orden y escalares Unicode
2026-09-09T19:53:04.9666035Z ok 1 - Conserva valores fijados, orden y escalares Unicode
2026-09-09T19:53:04.9666719Z   ---
2026-09-09T19:53:04.9667074Z   duration_ms: 22.230198
2026-09-09T19:53:04.9667469Z   type: 'test'
2026-09-09T19:53:04.9667691Z   ...
2026-09-09T19:53:04.9673617Z # Subtest: Rechaza conversiones numéricas antes de perder información
2026-09-09T19:53:04.9674554Z ok 2 - Rechaza conversiones numéricas antes de perder información
2026-09-09T19:53:04.9675133Z   ---
2026-09-09T19:53:04.9675452Z   duration_ms: 1.359754
2026-09-09T19:53:04.9675799Z   type: 'test'
2026-09-09T19:53:04.9676121Z   ...
2026-09-09T19:53:04.9693779Z # Subtest: Rechaza claves repetidas e índices; preserva claves ordinarias
2026-09-09T19:53:04.9695024Z ok 3 - Rechaza claves repetidas e índices; preserva claves ordinarias
2026-09-09T19:53:04.9696416Z   ---
2026-09-09T19:53:04.9696791Z   duration_ms: 0.65821
2026-09-09T19:53:04.9697083Z   type: 'test'
2026-09-09T19:53:04.9697293Z   ...
2026-09-09T19:53:04.9697739Z # Subtest: Rechaza sustitutos Unicode aislados y UTF-8 inválido
2026-09-09T19:53:04.9698220Z ok 4 - Rechaza sustitutos Unicode aislados y UTF-8 inválido
2026-09-09T19:53:04.9698532Z   ---
2026-09-09T19:53:04.9698733Z   duration_ms: 0.748657
2026-09-09T19:53:04.9698953Z   type: 'test'
2026-09-09T19:53:04.9699208Z   ...
2026-09-09T19:53:04.9699739Z # Subtest: Rechaza sintaxis inválida sin reparación
2026-09-09T19:53:04.9700247Z ok 5 - Rechaza sintaxis inválida sin reparación
2026-09-09T19:53:04.9700528Z   ---
2026-09-09T19:53:04.9700725Z   duration_ms: 0.309499
2026-09-09T19:53:04.9700950Z   type: 'test'
2026-09-09T19:53:04.9701150Z   ...
2026-09-09T19:53:04.9701464Z # Subtest: Admite el testigo G/H y conserva sus identificadores y ocho pares
2026-09-09T19:53:04.9701978Z ok 6 - Admite el testigo G/H y conserva sus identificadores y ocho pares
2026-09-09T19:53:04.9702462Z   ---
2026-09-09T19:53:04.9702681Z   duration_ms: 16.346616
2026-09-09T19:53:04.9702903Z   type: 'test'
2026-09-09T19:53:04.9703096Z   ...
2026-09-09T19:53:04.9986495Z 1..6
2026-09-09T19:53:04.9986962Z # tests 6
2026-09-09T19:53:04.9987286Z # suites 0
2026-09-09T19:53:04.9987615Z # pass 6
2026-09-09T19:53:04.9987944Z # fail 0
2026-09-09T19:53:04.9988271Z # cancelled 0
2026-09-09T19:53:04.9988598Z # skipped 0
2026-09-09T19:53:04.9988870Z # todo 0
2026-09-09T19:53:04.9989368Z # duration_ms 135.740648
2026-09-09T19:53:05.0055275Z ##[group]Run rustc --edition=2021 tests/row7_gh/generar_entradas.rs -o rust/target/gh-generate
2026-09-09T19:53:05.0055908Z [36;1mrustc --edition=2021 tests/row7_gh/generar_entradas.rs -o rust/target/gh-generate[0m
2026-09-09T19:53:05.0056337Z [36;1mrust/target/gh-generate --check[0m
2026-09-09T19:53:05.0056630Z [36;1mmkdir -p artifacts/gh-lig[0m
2026-09-09T19:53:05.0057126Z [36;1mcargo run --manifest-path rust/Cargo.toml -p sv_core --example gh_binding_probe > artifacts/gh-lig/native.json[0m
2026-09-09T19:53:05.0057864Z [36;1mnode tests/row7_gh/verificar.mjs artifacts/gh-lig/native.json --autoprueba > artifacts/gh-lig/verification.json[0m
2026-09-09T19:53:05.0058407Z [36;1mcat artifacts/gh-lig/verification.json[0m
2026-09-09T19:53:05.0080001Z shell: /usr/bin/bash -e {0}
2026-09-09T19:53:05.0080280Z ##[endgroup]
2026-09-09T19:53:05.3404747Z GH-LIG: 48 entradas regenerables desde el testigo G/H exacto
2026-09-09T19:53:05.3827036Z    Compiling sv_core v0.1.0 (/home/runner/work/SV-lenguaje-de-computacion/SV-lenguaje-de-computacion/rust/sv_core)
2026-09-09T19:53:06.4206962Z warning: associated function `from_core_id` is never used
2026-09-09T19:53:06.4208046Z    --> sv_core/src/control.rs:155:27
2026-09-09T19:53:06.4208794Z     |
2026-09-09T19:53:06.4209746Z 141 |           impl $name {
2026-09-09T19:53:06.4210728Z     |           ---------- associated function in this implementation
2026-09-09T19:53:06.4211320Z ...
2026-09-09T19:53:06.4211761Z 155 |               pub(crate) fn from_core_id(id: ControlId) -> Self {
2026-09-09T19:53:06.4212508Z     |                             ^^^^^^^^^^^^
2026-09-09T19:53:06.4212966Z ...
2026-09-09T19:53:06.4213290Z 162 | / opaque_control_ref!(
2026-09-09T19:53:06.4213736Z 163 | |     InformationRef,
2026-09-09T19:53:06.4214631Z 164 | |     "Referencia nominal a información dentro del dominio de control."
2026-09-09T19:53:06.4215294Z 165 | | );
2026-09-09T19:53:06.4215648Z     | |_- in this macro invocation
2026-09-09T19:53:06.4216129Z     |
2026-09-09T19:53:06.4216578Z     = note: `#[warn(dead_code)]` (part of `#[warn(unused)]`) on by default
2026-09-09T19:53:06.4217625Z     = note: this warning originates in the macro `opaque_control_ref` (in Nightly builds, run with -Z macro-backtrace for more info)
2026-09-09T19:53:06.4218516Z 
2026-09-09T19:53:06.4218785Z warning: associated function `from_core_id` is never used
2026-09-09T19:53:06.4219349Z    --> sv_core/src/control.rs:155:27
2026-09-09T19:53:06.4219785Z     |
2026-09-09T19:53:06.4220119Z 141 |           impl $name {
2026-09-09T19:53:06.4220624Z     |           ---------- associated function in this implementation
2026-09-09T19:53:06.4221186Z ...
2026-09-09T19:53:06.4221636Z 155 |               pub(crate) fn from_core_id(id: ControlId) -> Self {
2026-09-09T19:53:06.4222216Z     |                             ^^^^^^^^^^^^
2026-09-09T19:53:06.4222822Z ...
2026-09-09T19:53:06.4223149Z 166 | / opaque_control_ref!(
2026-09-09T19:53:06.4223590Z 167 | |     AdmittedEvidenceRef,
2026-09-09T19:53:06.4224587Z 168 | |     "Referencia a evidencia cuya admisión debe proceder de una verificación gobernada."
2026-09-09T19:53:06.4225387Z 169 | | );
2026-09-09T19:53:06.4225719Z     | |_- in this macro invocation
2026-09-09T19:53:06.4226150Z     |
2026-09-09T19:53:06.4227018Z     = note: this warning originates in the macro `opaque_control_ref` (in Nightly builds, run with -Z macro-backtrace for more info)
2026-09-09T19:53:06.4227906Z 
2026-09-09T19:53:06.4228144Z warning: associated function `from_core_id` is never used
2026-09-09T19:53:06.4228680Z    --> sv_core/src/control.rs:155:27
2026-09-09T19:53:06.4229577Z     |
2026-09-09T19:53:06.4229868Z 141 |           impl $name {
2026-09-09T19:53:06.4230335Z     |           ---------- associated function in this implementation
2026-09-09T19:53:06.4230877Z ...
2026-09-09T19:53:06.4231295Z 155 |               pub(crate) fn from_core_id(id: ControlId) -> Self {
2026-09-09T19:53:06.4231873Z     |                             ^^^^^^^^^^^^
2026-09-09T19:53:06.4233083Z ...
2026-09-09T19:53:06.4233682Z 170 | / opaque_control_ref!(
2026-09-09T19:53:06.4234093Z 171 | |     ConstitutedFactRef,
2026-09-09T19:53:06.4234926Z 172 | |     "Referencia a un hecho semántico constituido; no equivale a autoridad."
2026-09-09T19:53:06.4235607Z 173 | | );
2026-09-09T19:53:06.4235960Z     | |_- in this macro invocation
2026-09-09T19:53:06.4236349Z     |
2026-09-09T19:53:06.4237250Z     = note: this warning originates in the macro `opaque_control_ref` (in Nightly builds, run with -Z macro-backtrace for more info)
2026-09-09T19:53:06.4238063Z 
2026-09-09T19:53:06.4238266Z warning: associated function `from_core_id` is never used
2026-09-09T19:53:06.4238706Z    --> sv_core/src/control.rs:155:27
2026-09-09T19:53:06.4239106Z     |
2026-09-09T19:53:06.4239502Z 141 |           impl $name {
2026-09-09T19:53:06.4239937Z     |           ---------- associated function in this implementation
2026-09-09T19:53:06.4240368Z ...
2026-09-09T19:53:06.4240978Z 155 |               pub(crate) fn from_core_id(id: ControlId) -> Self {
2026-09-09T19:53:06.4241459Z     |                             ^^^^^^^^^^^^
2026-09-09T19:53:06.4241879Z ...
2026-09-09T19:53:06.4242149Z 174 | / opaque_control_ref!(
2026-09-09T19:53:06.4242638Z 175 | |     AuthorityRef,
2026-09-09T19:53:06.4243441Z 176 | |     "Referencia a autoridad constituida; su constructor no forma parte de la API pública."
2026-09-09T19:53:06.4244131Z 177 | | );
2026-09-09T19:53:06.4244424Z     | |_- in this macro invocation
2026-09-09T19:53:06.4244808Z     |
2026-09-09T19:53:06.4245517Z     = note: this warning originates in the macro `opaque_control_ref` (in Nightly builds, run with -Z macro-backtrace for more info)
2026-09-09T19:53:06.4246317Z 
2026-09-09T19:53:06.4246556Z warning: associated function `from_core_id` is never used
2026-09-09T19:53:06.4247147Z    --> sv_core/src/control.rs:155:27
2026-09-09T19:53:06.4247513Z     |
2026-09-09T19:53:06.4247777Z 141 |           impl $name {
2026-09-09T19:53:06.4248233Z     |           ---------- associated function in this implementation
2026-09-09T19:53:06.4248691Z ...
2026-09-09T19:53:06.4249056Z 155 |               pub(crate) fn from_core_id(id: ControlId) -> Self {
2026-09-09T19:53:06.4249597Z     |                             ^^^^^^^^^^^^
2026-09-09T19:53:06.4249987Z ...
2026-09-09T19:53:06.4250266Z 178 | / opaque_control_ref!(
2026-09-09T19:53:06.4250618Z 179 | |     EnablementRef,
2026-09-09T19:53:06.4251367Z 180 | |     "Referencia a una habilitación de autoridad ya existente; no amplía autoridad."
2026-09-09T19:53:06.4251994Z 181 | | );
2026-09-09T19:53:06.4252290Z     | |_- in this macro invocation
2026-09-09T19:53:06.4252809Z     |
2026-09-09T19:53:06.4253540Z     = note: this warning originates in the macro `opaque_control_ref` (in Nightly builds, run with -Z macro-backtrace for more info)
2026-09-09T19:53:06.4254240Z 
2026-09-09T19:53:06.4254454Z warning: associated function `from_core_id` is never used
2026-09-09T19:53:06.4254951Z    --> sv_core/src/control.rs:155:27
2026-09-09T19:53:06.4255351Z     |
2026-09-09T19:53:06.4255633Z 141 |           impl $name {
2026-09-09T19:53:06.4256068Z     |           ---------- associated function in this implementation
2026-09-09T19:53:06.4256534Z ...
2026-09-09T19:53:06.4256905Z 155 |               pub(crate) fn from_core_id(id: ControlId) -> Self {
2026-09-09T19:53:06.4257410Z     |                             ^^^^^^^^^^^^
2026-09-09T19:53:06.4257790Z ...
2026-09-09T19:53:06.4258067Z 186 | / opaque_control_ref!(
2026-09-09T19:53:06.4258422Z 187 | |     FormRef,
2026-09-09T19:53:06.4258986Z 188 | |     "Referencia a una forma de transición constituida."
2026-09-09T19:53:06.4259455Z 189 | | );
2026-09-09T19:53:06.4259752Z     | |_- in this macro invocation
2026-09-09T19:53:06.4260098Z     |
2026-09-09T19:53:06.4260794Z     = note: this warning originates in the macro `opaque_control_ref` (in Nightly builds, run with -Z macro-backtrace for more info)
2026-09-09T19:53:06.4261559Z 
2026-09-09T19:53:06.4261792Z warning: associated function `from_core_id` is never used
2026-09-09T19:53:06.4262794Z    --> sv_core/src/control.rs:155:27
2026-09-09T19:53:06.4263214Z     |
2026-09-09T19:53:06.4263491Z 141 |           impl $name {
2026-09-09T19:53:06.4263942Z     |           ---------- associated function in this implementation
2026-09-09T19:53:06.4264472Z ...
2026-09-09T19:53:06.4264884Z 155 |               pub(crate) fn from_core_id(id: ControlId) -> Self {
2026-09-09T19:53:06.4265405Z     |                             ^^^^^^^^^^^^
2026-09-09T19:53:06.4265814Z ...
2026-09-09T19:53:06.4266074Z 190 | / opaque_control_ref!(
2026-09-09T19:53:06.4266411Z 191 | |     EffectFamilyRef,
2026-09-09T19:53:06.4267076Z 192 | |     "Referencia a una familia de efectos fijada por constitución."
2026-09-09T19:53:06.4267661Z 193 | | );
2026-09-09T19:53:06.4267962Z     | |_- in this macro invocation
2026-09-09T19:53:06.4268308Z     |
2026-09-09T19:53:06.4269006Z     = note: this warning originates in the macro `opaque_control_ref` (in Nightly builds, run with -Z macro-backtrace for more info)
2026-09-09T19:53:06.4269897Z 
2026-09-09T19:53:06.4270125Z warning: associated function `from_core_id` is never used
2026-09-09T19:53:06.4270622Z    --> sv_core/src/control.rs:155:27
2026-09-09T19:53:06.4270983Z     |
2026-09-09T19:53:06.4271257Z 141 |           impl $name {
2026-09-09T19:53:06.4271670Z     |           ---------- associated function in this implementation
2026-09-09T19:53:06.4272118Z ...
2026-09-09T19:53:06.4272682Z 155 |               pub(crate) fn from_core_id(id: ControlId) -> Self {
2026-09-09T19:53:06.4273162Z     |                             ^^^^^^^^^^^^
2026-09-09T19:53:06.4273530Z ...
2026-09-09T19:53:06.4273805Z 194 | / opaque_control_ref!(
2026-09-09T19:53:06.4274151Z 195 | |     EffectRef,
2026-09-09T19:53:06.4274673Z 196 | |     "Referencia a un efecto concreto; identificarlo no equivale a autorizarlo."
2026-09-09T19:53:06.4275288Z 197 | | );
2026-09-09T19:53:06.4275617Z     | |_- in this macro invocation
2026-09-09T19:53:06.4275977Z     |
2026-09-09T19:53:06.4276682Z     = note: this warning originates in the macro `opaque_control_ref` (in Nightly builds, run with -Z macro-backtrace for more info)
2026-09-09T19:53:06.4277394Z 
2026-09-09T19:53:06.4277604Z warning: associated function `from_core_id` is never used
2026-09-09T19:53:06.4278101Z    --> sv_core/src/control.rs:155:27
2026-09-09T19:53:06.4278477Z     |
2026-09-09T19:53:06.4278745Z 141 |           impl $name {
2026-09-09T19:53:06.4279196Z     |           ---------- associated function in this implementation
2026-09-09T19:53:06.4279653Z ...
2026-09-09T19:53:06.4280092Z 155 |               pub(crate) fn from_core_id(id: ControlId) -> Self {
2026-09-09T19:53:06.4280608Z     |                             ^^^^^^^^^^^^
2026-09-09T19:53:06.4280999Z ...
2026-09-09T19:53:06.4281283Z 198 | / opaque_control_ref!(
2026-09-09T19:53:06.4281626Z 199 | |     ContextRef,
2026-09-09T19:53:06.4282143Z 200 | |     "Referencia a una ligadura de contexto relevante para autoridad o forma."
2026-09-09T19:53:06.4282877Z 201 | | );
2026-09-09T19:53:06.4283223Z     | |_- in this macro invocation
2026-09-09T19:53:06.4378616Z     |
2026-09-09T19:53:06.4379815Z     = note: this warning originates in the macro `opaque_control_ref` (in Nightly builds, run with -Z macro-backtrace for more info)
2026-09-09T19:53:06.4380701Z 
2026-09-09T19:53:06.4380934Z warning: associated function `from_core_id` is never used
2026-09-09T19:53:06.4381425Z    --> sv_core/src/control.rs:155:27
2026-09-09T19:53:06.4381800Z     |
2026-09-09T19:53:06.4382077Z 141 |           impl $name {
2026-09-09T19:53:06.4382681Z     |           ---------- associated function in this implementation
2026-09-09T19:53:06.4383223Z ...
2026-09-09T19:53:06.4383587Z 155 |               pub(crate) fn from_core_id(id: ControlId) -> Self {
2026-09-09T19:53:06.4384119Z     |                             ^^^^^^^^^^^^
2026-09-09T19:53:06.4384482Z ...
2026-09-09T19:53:06.4384768Z 202 | / opaque_control_ref!(
2026-09-09T19:53:06.4385152Z 203 | |     AuthorityHolderRef,
2026-09-09T19:53:06.4386214Z 204 | |     "Referencia al titular de una autoridad; no constituye autoridad por sí misma."
2026-09-09T19:53:06.4386828Z 205 | | );
2026-09-09T19:53:06.4387129Z     | |_- in this macro invocation
2026-09-09T19:53:06.4387527Z     |
2026-09-09T19:53:06.4388266Z     = note: this warning originates in the macro `opaque_control_ref` (in Nightly builds, run with -Z macro-backtrace for more info)
2026-09-09T19:53:06.4388975Z 
2026-09-09T19:53:06.4389199Z warning: associated function `from_core_id` is never used
2026-09-09T19:53:06.4389701Z    --> sv_core/src/control.rs:155:27
2026-09-09T19:53:06.4390070Z     |
2026-09-09T19:53:06.4390375Z 141 |           impl $name {
2026-09-09T19:53:06.4390858Z     |           ---------- associated function in this implementation
2026-09-09T19:53:06.4391339Z ...
2026-09-09T19:53:06.4391787Z 155 |               pub(crate) fn from_core_id(id: ControlId) -> Self {
2026-09-09T19:53:06.4392484Z     |                             ^^^^^^^^^^^^
2026-09-09T19:53:06.4393103Z ...
2026-09-09T19:53:06.4393391Z 206 | / opaque_control_ref!(
2026-09-09T19:53:06.4393751Z 207 | |     GovernedObjectRef,
2026-09-09T19:53:06.4394283Z 208 | |     "Referencia a un objeto candidato a pertenecer al dominio gobernado D_a."
2026-09-09T19:53:06.4394842Z 209 | | );
2026-09-09T19:53:06.4395137Z     | |_- in this macro invocation
2026-09-09T19:53:06.4395501Z     |
2026-09-09T19:53:06.4396183Z     = note: this warning originates in the macro `opaque_control_ref` (in Nightly builds, run with -Z macro-backtrace for more info)
2026-09-09T19:53:06.4396909Z 
2026-09-09T19:53:06.4397175Z warning: associated function `from_core_id` is never used
2026-09-09T19:53:06.4397735Z    --> sv_core/src/control.rs:155:27
2026-09-09T19:53:06.4398110Z     |
2026-09-09T19:53:06.4398390Z 141 |           impl $name {
2026-09-09T19:53:06.4398823Z     |           ---------- associated function in this implementation
2026-09-09T19:53:06.4399273Z ...
2026-09-09T19:53:06.4399637Z 155 |               pub(crate) fn from_core_id(id: ControlId) -> Self {
2026-09-09T19:53:06.4400153Z     |                             ^^^^^^^^^^^^
2026-09-09T19:53:06.4400577Z ...
2026-09-09T19:53:06.4400870Z 210 | / opaque_control_ref!(
2026-09-09T19:53:06.4401274Z 211 | |     AccumulationRuleRef,
2026-09-09T19:53:06.4402086Z 212 | |     "Referencia a una regla gobernada de acumulación o a un predicado de traza."
2026-09-09T19:53:06.4402978Z 213 | | );
2026-09-09T19:53:06.4403269Z     | |_- in this macro invocation
2026-09-09T19:53:06.4403692Z     |
2026-09-09T19:53:06.4404410Z     = note: this warning originates in the macro `opaque_control_ref` (in Nightly builds, run with -Z macro-backtrace for more info)
2026-09-09T19:53:06.4405158Z 
2026-09-09T19:53:06.4405378Z warning: associated function `from_core_id` is never used
2026-09-09T19:53:06.4405883Z    --> sv_core/src/control.rs:155:27
2026-09-09T19:53:06.4406224Z     |
2026-09-09T19:53:06.4406526Z 141 |           impl $name {
2026-09-09T19:53:06.4406973Z     |           ---------- associated function in this implementation
2026-09-09T19:53:06.4407483Z ...
2026-09-09T19:53:06.4407854Z 155 |               pub(crate) fn from_core_id(id: ControlId) -> Self {
2026-09-09T19:53:06.4408402Z     |                             ^^^^^^^^^^^^
2026-09-09T19:53:06.4408807Z ...
2026-09-09T19:53:06.4409102Z 214 | / opaque_control_ref!(
2026-09-09T19:53:06.4409462Z 215 | |     RequirementRef,
2026-09-09T19:53:06.4410259Z 216 | |     "Referencia a una obligación de Req; identificarla no acredita su cumplimiento."
2026-09-09T19:53:06.4410909Z 217 | | );
2026-09-09T19:53:06.4411190Z     | |_- in this macro invocation
2026-09-09T19:53:06.4411540Z     |
2026-09-09T19:53:06.4412274Z     = note: this warning originates in the macro `opaque_control_ref` (in Nightly builds, run with -Z macro-backtrace for more info)
2026-09-09T19:53:06.4413194Z 
2026-09-09T19:53:06.4413444Z warning: associated function `from_core_id` is never used
2026-09-09T19:53:06.4413935Z    --> sv_core/src/control.rs:155:27
2026-09-09T19:53:06.4414356Z     |
2026-09-09T19:53:06.4414850Z 141 |           impl $name {
2026-09-09T19:53:06.4415276Z     |           ---------- associated function in this implementation
2026-09-09T19:53:06.4415745Z ...
2026-09-09T19:53:06.4416144Z 155 |               pub(crate) fn from_core_id(id: ControlId) -> Self {
2026-09-09T19:53:06.4416690Z     |                             ^^^^^^^^^^^^
2026-09-09T19:53:06.4417057Z ...
2026-09-09T19:53:06.4417321Z 218 | / opaque_control_ref!(
2026-09-09T19:53:06.4417654Z 219 | |     VerifierRef,
2026-09-09T19:53:06.4418288Z 220 | |     "Referencia a un verificador concreto; su mera existencia no acredita aplicabilidad."
2026-09-09T19:53:06.4418925Z 221 | | );
2026-09-09T19:53:06.4419218Z     | |_- in this macro invocation
2026-09-09T19:53:06.4419566Z     |
2026-09-09T19:53:06.4420235Z     = note: this warning originates in the macro `opaque_control_ref` (in Nightly builds, run with -Z macro-backtrace for more info)
2026-09-09T19:53:06.4420969Z 
2026-09-09T19:53:06.4421198Z warning: associated function `from_core_id` is never used
2026-09-09T19:53:06.4421877Z    --> sv_core/src/control.rs:155:27
2026-09-09T19:53:06.4422261Z     |
2026-09-09T19:53:06.4422706Z 141 |           impl $name {
2026-09-09T19:53:06.4423160Z     |           ---------- associated function in this implementation
2026-09-09T19:53:06.4423663Z ...
2026-09-09T19:53:06.4424024Z 155 |               pub(crate) fn from_core_id(id: ControlId) -> Self {
2026-09-09T19:53:06.4424556Z     |                             ^^^^^^^^^^^^
2026-09-09T19:53:06.4424965Z ...
2026-09-09T19:53:06.4425259Z 222 | / opaque_control_ref!(
2026-09-09T19:53:06.4425609Z 223 | |     VerifierFamilyRef,
2026-09-09T19:53:06.4426338Z 224 | |     "Referencia a una familia de verificadores admisibles para una obligación."
2026-09-09T19:53:06.4426955Z 225 | | );
2026-09-09T19:53:06.4427259Z     | |_- in this macro invocation
2026-09-09T19:53:06.4427612Z     |
2026-09-09T19:53:06.4428308Z     = note: this warning originates in the macro `opaque_control_ref` (in Nightly builds, run with -Z macro-backtrace for more info)
2026-09-09T19:53:06.4428996Z 
2026-09-09T19:53:06.4429226Z warning: associated function `from_core_id` is never used
2026-09-09T19:53:06.4429718Z    --> sv_core/src/control.rs:155:27
2026-09-09T19:53:06.4430078Z     |
2026-09-09T19:53:06.4430347Z 141 |           impl $name {
2026-09-09T19:53:06.4430796Z     |           ---------- associated function in this implementation
2026-09-09T19:53:06.4431271Z ...
2026-09-09T19:53:06.4431639Z 155 |               pub(crate) fn from_core_id(id: ControlId) -> Self {
2026-09-09T19:53:06.4432141Z     |                             ^^^^^^^^^^^^
2026-09-09T19:53:06.4432683Z ...
2026-09-09T19:53:06.4432951Z 226 | / opaque_control_ref!(
2026-09-09T19:53:06.4433316Z 227 | |     ApplicabilityRuleRef,
2026-09-09T19:53:06.4434164Z 228 | |     "Referencia a una regla previamente constituida de aplicabilidad de comprobación."
2026-09-09T19:53:06.4434785Z 229 | | );
2026-09-09T19:53:06.4435071Z     | |_- in this macro invocation
2026-09-09T19:53:06.4435435Z     |
2026-09-09T19:53:06.4436135Z     = note: this warning originates in the macro `opaque_control_ref` (in Nightly builds, run with -Z macro-backtrace for more info)
2026-09-09T19:53:06.4436830Z 
2026-09-09T19:53:06.4437050Z warning: associated function `from_core_id` is never used
2026-09-09T19:53:06.4437554Z    --> sv_core/src/control.rs:155:27
2026-09-09T19:53:06.4437935Z     |
2026-09-09T19:53:06.4438201Z 141 |           impl $name {
2026-09-09T19:53:06.4438637Z     |           ---------- associated function in this implementation
2026-09-09T19:53:06.4439094Z ...
2026-09-09T19:53:06.4439447Z 155 |               pub(crate) fn from_core_id(id: ControlId) -> Self {
2026-09-09T19:53:06.4439978Z     |                             ^^^^^^^^^^^^
2026-09-09T19:53:06.4440410Z ...
2026-09-09T19:53:06.4440717Z 230 | / opaque_control_ref!(
2026-09-09T19:53:06.4441104Z 231 | |     ConflictResolutionRuleRef,
2026-09-09T19:53:06.4442064Z 232 | |     "Referencia a una regla previamente constituida de resolución de conflicto entre comprobaciones."
2026-09-09T19:53:06.4443091Z 233 | | );
2026-09-09T19:53:06.4443305Z     | |_- in this macro invocation
2026-09-09T19:53:06.4443545Z     |
2026-09-09T19:53:06.4443995Z     = note: this warning originates in the macro `opaque_control_ref` (in Nightly builds, run with -Z macro-backtrace for more info)
2026-09-09T19:53:06.4444420Z 
2026-09-09T19:53:06.4444573Z warning: associated function `from_core_id` is never used
2026-09-09T19:53:06.4444897Z    --> sv_core/src/control.rs:155:27
2026-09-09T19:53:06.4445134Z     |
2026-09-09T19:53:06.4445316Z 141 |           impl $name {
2026-09-09T19:53:06.4445590Z     |           ---------- associated function in this implementation
2026-09-09T19:53:06.4445920Z ...
2026-09-09T19:53:06.4446168Z 155 |               pub(crate) fn from_core_id(id: ControlId) -> Self {
2026-09-09T19:53:06.4446488Z     |                             ^^^^^^^^^^^^
2026-09-09T19:53:06.4446733Z ...
2026-09-09T19:53:06.4446915Z 234 | / opaque_control_ref!(
2026-09-09T19:53:06.4447226Z 235 | |     CoverageRuleRef,
2026-09-09T19:53:06.4447630Z 236 | |     "Referencia a una regla previamente constituida de cobertura de comprobaciones exigibles."
2026-09-09T19:53:06.4448052Z 237 | | );
2026-09-09T19:53:06.4448250Z     | |_- in this macro invocation
2026-09-09T19:53:06.4448480Z     |
2026-09-09T19:53:06.4448911Z     = note: this warning originates in the macro `opaque_control_ref` (in Nightly builds, run with -Z macro-backtrace for more info)
2026-09-09T19:53:06.4449338Z 
2026-09-09T19:53:06.4449486Z warning: associated function `from_core_id` is never used
2026-09-09T19:53:06.4449802Z    --> sv_core/src/control.rs:155:27
2026-09-09T19:53:06.4450038Z     |
2026-09-09T19:53:06.4450223Z 141 |           impl $name {
2026-09-09T19:53:06.4450500Z     |           ---------- associated function in this implementation
2026-09-09T19:53:06.4450793Z ...
2026-09-09T19:53:06.4451026Z 155 |               pub(crate) fn from_core_id(id: ControlId) -> Self {
2026-09-09T19:53:06.4451351Z     |                             ^^^^^^^^^^^^
2026-09-09T19:53:06.4451596Z ...
2026-09-09T19:53:06.4451784Z 238 | / opaque_control_ref!(
2026-09-09T19:53:06.4452019Z 239 | |     ReuseRuleRef,
2026-09-09T19:53:06.4452914Z 240 | |     "Referencia a una regla previamente constituida de reutilización de resultados cualificados."
2026-09-09T19:53:06.4453357Z 241 | | );
2026-09-09T19:53:06.4453561Z     | |_- in this macro invocation
2026-09-09T19:53:06.4453791Z     |
2026-09-09T19:53:06.4454228Z     = note: this warning originates in the macro `opaque_control_ref` (in Nightly builds, run with -Z macro-backtrace for more info)
2026-09-09T19:53:06.4454644Z 
2026-09-09T19:53:06.4454790Z warning: associated function `from_core_id` is never used
2026-09-09T19:53:06.4455101Z    --> sv_core/src/control.rs:155:27
2026-09-09T19:53:06.4455329Z     |
2026-09-09T19:53:06.4455505Z 141 |           impl $name {
2026-09-09T19:53:06.4455773Z     |           ---------- associated function in this implementation
2026-09-09T19:53:06.4456081Z ...
2026-09-09T19:53:06.4456314Z 155 |               pub(crate) fn from_core_id(id: ControlId) -> Self {
2026-09-09T19:53:06.4456621Z     |                             ^^^^^^^^^^^^
2026-09-09T19:53:06.4456854Z ...
2026-09-09T19:53:06.4457028Z 242 | / opaque_control_ref!(
2026-09-09T19:53:06.4457257Z 243 | |     ReuseBindingKeyRef,
2026-09-09T19:53:06.4457821Z 244 | |     "Referencia a una dimensión constituida cuya continuidad puede ser exigible para reutilizar un resultado."
2026-09-09T19:53:06.4458288Z 245 | | );
2026-09-09T19:53:06.4458475Z     | |_- in this macro invocation
2026-09-09T19:53:06.4458701Z     |
2026-09-09T19:53:06.4459129Z     = note: this warning originates in the macro `opaque_control_ref` (in Nightly builds, run with -Z macro-backtrace for more info)
2026-09-09T19:53:06.4459556Z 
2026-09-09T19:53:06.4459702Z warning: associated function `from_core_id` is never used
2026-09-09T19:53:06.4460012Z    --> sv_core/src/control.rs:155:27
2026-09-09T19:53:06.4460246Z     |
2026-09-09T19:53:06.4460432Z 141 |           impl $name {
2026-09-09T19:53:06.4460869Z     |           ---------- associated function in this implementation
2026-09-09T19:53:06.4461167Z ...
2026-09-09T19:53:06.4461406Z 155 |               pub(crate) fn from_core_id(id: ControlId) -> Self {
2026-09-09T19:53:06.4461724Z     |                             ^^^^^^^^^^^^
2026-09-09T19:53:06.4461966Z ...
2026-09-09T19:53:06.4462162Z 246 | / opaque_control_ref!(
2026-09-09T19:53:06.4462579Z 247 | |     ReuseBindingValueRef,
2026-09-09T19:53:06.4463155Z 248 | |     "Referencia al valor constituido de una dimensión de reutilización; identificarlo no acredita su vigencia."
2026-09-09T19:53:06.4463623Z 249 | | );
2026-09-09T19:53:06.4463818Z     | |_- in this macro invocation
2026-09-09T19:53:06.4464053Z     |
2026-09-09T19:53:06.4464493Z     = note: this warning originates in the macro `opaque_control_ref` (in Nightly builds, run with -Z macro-backtrace for more info)
2026-09-09T19:53:06.4464914Z 
2026-09-09T19:53:06.4465187Z warning: constant `PROFILE_ID` is never used
2026-09-09T19:53:06.4465510Z  --> sv_core/src/identifier_profile.rs:6:18
2026-09-09T19:53:06.4465776Z   |
2026-09-09T19:53:06.4466057Z 6 | pub(crate) const PROFILE_ID: &str = "svp-grammar-0.2-lex-es-1";
2026-09-09T19:53:06.4466395Z   |                  ^^^^^^^^^^
2026-09-09T19:53:06.4466535Z 
2026-09-09T19:53:06.4466666Z warning: function `is_reserved_word` is never used
2026-09-09T19:53:06.4466980Z   --> sv_core/src/identifier_profile.rs:22:15
2026-09-09T19:53:06.4467242Z    |
2026-09-09T19:53:06.4467475Z 22 | pub(crate) fn is_reserved_word(word: &str) -> bool {
2026-09-09T19:53:06.4467762Z    |               ^^^^^^^^^^^^^^^^
2026-09-09T19:53:06.4467917Z 
2026-09-09T19:53:06.4468047Z warning: method `matches_descriptor` is never used
2026-09-09T19:53:06.4468358Z    --> sv_core/src/requirements_reuse.rs:121:19
2026-09-09T19:53:06.4468623Z     |
2026-09-09T19:53:06.4468801Z  44 | impl ReuseRule {
2026-09-09T19:53:06.4469039Z     | -------------- method in this implementation
2026-09-09T19:53:06.4469302Z ...
2026-09-09T19:53:06.4469634Z 121 |     pub(crate) fn matches_descriptor(&self, descriptor: &RequirementDescriptor) -> bool {
2026-09-09T19:53:06.4470046Z     |                   ^^^^^^^^^^^^^^^^^^
2026-09-09T19:53:06.4470213Z 
2026-09-09T19:53:06.4470367Z warning: hiding a lifetime that's elided elsewhere is confusing
2026-09-09T19:53:06.4470702Z     --> sv_core/src/frontend.rs:2146:13
2026-09-09T19:53:06.4470945Z      |
2026-09-09T19:53:06.4471129Z 2146 |     fn peek(&self) -> &Token {
2026-09-09T19:53:06.4471368Z      |             ^^^^^     ^^^^^^
2026-09-09T19:53:06.4471598Z      |             |         ||
2026-09-09T19:53:06.4471851Z      |             |         |the same lifetime is hidden here
2026-09-09T19:53:06.4472161Z      |             |         the same lifetime is elided here
2026-09-09T19:53:06.4472548Z      |             the lifetime is elided here
2026-09-09T19:53:06.4472795Z      |
2026-09-09T19:53:06.4473139Z      = help: the same lifetime is referred to in inconsistent ways, making the signature confusing
2026-09-09T19:53:06.4473616Z      = note: `#[warn(mismatched_lifetime_syntaxes)]` on by default
2026-09-09T19:53:06.4473947Z help: use `'_` for type paths
2026-09-09T19:53:06.4474175Z      |
2026-09-09T19:53:06.4474394Z 2146 |     fn peek(&self) -> &Token<'_> {
2026-09-09T19:53:06.4474651Z      |                             ++++
2026-09-09T19:53:06.4474804Z 
2026-09-09T19:53:09.0552047Z warning: `sv_core` (lib) generated 25 warnings (run `cargo fix --lib -p sv_core` to apply 1 suggestion)
2026-09-09T19:53:09.1571959Z warning: function `check_witness` is never used
2026-09-09T19:53:09.1572998Z   --> sv_core/examples/../../../tests/row7_gh/probe.rs:59:8
2026-09-09T19:53:09.1573661Z    |
2026-09-09T19:53:09.1574128Z 59 | pub fn check_witness(witness: &str) -> Result<(), String> {
2026-09-09T19:53:09.1574507Z    |        ^^^^^^^^^^^^^
2026-09-09T19:53:09.1574750Z    |
2026-09-09T19:53:09.1575062Z    = note: `#[warn(dead_code)]` (part of `#[warn(unused)]`) on by default
2026-09-09T19:53:09.1575397Z 
2026-09-09T19:53:09.4093403Z warning: `sv_core` (example "gh_binding_probe") generated 1 warning
2026-09-09T19:53:09.4094335Z     Finished `dev` profile [unoptimized + debuginfo] target(s) in 4.06s
2026-09-09T19:53:09.4095666Z      Running `rust/target/debug/examples/gh_binding_probe`
2026-09-09T19:53:10.8462765Z {
2026-09-09T19:53:10.8463577Z   "verification": "CONFORME_EN_TRANSPORTE_DOCUMENTAL",
2026-09-09T19:53:10.8464261Z   "transports": 48,
2026-09-09T19:53:10.8464666Z   "full_recoveries": 16,
2026-09-09T19:53:10.8465093Z   "recoveries_with_declared_side_information": 16,
2026-09-09T19:53:10.8465529Z   "reduced_controls": 16,
2026-09-09T19:53:10.8465874Z   "losses_in_H": 8,
2026-09-09T19:53:10.8466204Z   "matrix": {
2026-09-09T19:53:10.8466509Z     "g10": 15,
2026-09-09T19:53:10.8466741Z     "lsv": 44,
2026-09-09T19:53:10.8466994Z     "links": 81,
2026-09-09T19:53:10.8467328Z     "specified": 12,
2026-09-09T19:53:10.8467682Z     "documentary": 8,
2026-09-09T19:53:10.8468292Z     "families": 6,
2026-09-09T19:53:10.8468617Z     "queries": 18,
2026-09-09T19:53:10.8469041Z     "reviewed_document_sha256": "1927c3ac2605f01128d46f2aaed74516d9915463c5949625aabbd8bd324ac15f",
2026-09-09T19:53:10.8469510Z     "reviewed_document_content_matches": true,
2026-09-09T19:53:10.8469808Z     "clinical_integration_executed": false,
2026-09-09T19:53:10.8470113Z     "decision_sufficiency_automatically_proven": false
2026-09-09T19:53:10.8470393Z   },
2026-09-09T19:53:10.8470584Z   "contract_hashes_recomputed": 48,
2026-09-09T19:53:10.8470996Z   "codec_reference_hash": "beff99707d648d591714e431b462bf61546da931771a6168cd80b1c8037f7dc0",
2026-09-09T19:53:10.8471435Z   "program_projection_bytes_hashed": true,
2026-09-09T19:53:10.8471760Z   "program_semantics_independently_revalidated": false,
2026-09-09T19:53:10.8472088Z   "executor_run_proven_by_report_alone": false,
2026-09-09T19:53:10.8473424Z   "sv_query_executed": false,
2026-09-09T19:53:10.8473824Z   "q0_executed": false,
2026-09-09T19:53:10.8474232Z   "clinical_authority_authenticated": false,
2026-09-09T19:53:10.8474623Z   "sensitivity": {
2026-09-09T19:53:10.8474846Z     "reserialized_control": "ACCEPTED",
2026-09-09T19:53:10.8475107Z     "directed_mutations": 28,
2026-09-09T19:53:10.8475337Z     "survivors": 0,
2026-09-09T19:53:10.8475576Z     "semantic_artifact_hashes_recalculated": true,
2026-09-09T19:53:10.8475903Z     "semantic_contract_hashes_recalculated": true,
2026-09-09T19:53:10.8476181Z     "results": [
2026-09-09T19:53:10.8476371Z       {
2026-09-09T19:53:10.8476569Z         "id": "MG01_omitir_transporte",
2026-09-09T19:53:10.8476834Z         "expected": "INVENTARIO",
2026-09-09T19:53:10.8477084Z         "actual": "INVENTARIO"
2026-09-09T19:53:10.8477305Z       },
2026-09-09T19:53:10.8477479Z       {
2026-09-09T19:53:10.8477672Z         "id": "MG02_duplicar_identidad",
2026-09-09T19:53:10.8477939Z         "expected": "IDENTIDAD_TESTIGO",
2026-09-09T19:53:10.8478204Z         "actual": "IDENTIDAD_TESTIGO"
2026-09-09T19:53:10.8478452Z       },
2026-09-09T19:53:10.8478625Z       {
2026-09-09T19:53:10.8478851Z         "id": "MG03_procedencia_con_huella_recalculada",
2026-09-09T19:53:10.8479150Z         "expected": "PROCEDENCIA",
2026-09-09T19:53:10.8479398Z         "actual": "PROCEDENCIA"
2026-09-09T19:53:10.8479621Z       },
2026-09-09T19:53:10.8479788Z       {
2026-09-09T19:53:10.8479975Z         "id": "MG04_detalle_oculto_en_H",
2026-09-09T19:53:10.8480236Z         "expected": "PROCEDENCIA",
2026-09-09T19:53:10.8480480Z         "actual": "PROCEDENCIA"
2026-09-09T19:53:10.8480695Z       },
2026-09-09T19:53:10.8480863Z       {
2026-09-09T19:53:10.8481051Z         "id": "MG05_S_retirada",
2026-09-09T19:53:10.8481287Z         "expected": "INVENTARIO_S",
2026-09-09T19:53:10.8481536Z         "actual": "INVENTARIO_S"
2026-09-09T19:53:10.8481758Z       },
2026-09-09T19:53:10.8481928Z       {
2026-09-09T19:53:10.8482113Z         "id": "MG06_S_atribuida_a_H",
2026-09-09T19:53:10.8482527Z         "expected": "ALCANCE_S",
2026-09-09T19:53:10.8482789Z         "actual": "ALCANCE_S"
2026-09-09T19:53:10.8483215Z       },
2026-09-09T19:53:10.8483391Z       {
2026-09-09T19:53:10.8483593Z         "id": "MG07_operacion_sustituida",
2026-09-09T19:53:10.8483872Z         "expected": "OPERACION",
2026-09-09T19:53:10.8484110Z         "actual": "OPERACION"
2026-09-09T19:53:10.8484332Z       },
2026-09-09T19:53:10.8484508Z       {
2026-09-09T19:53:10.8484713Z         "id": "MG08_referente_sustituido",
2026-09-09T19:53:10.8484969Z         "expected": "REFERENTE",
2026-09-09T19:53:10.8485216Z         "actual": "REFERENTE"
2026-09-09T19:53:10.8485428Z       },
2026-09-09T19:53:10.8485596Z       {
2026-09-09T19:53:10.8485788Z         "id": "MG09_H_filtra_estado",
2026-09-09T19:53:10.8486047Z         "expected": "CONTRATO_RECALCULO",
2026-09-09T19:53:10.8486317Z         "actual": "CONTRATO_RECALCULO"
2026-09-09T19:53:10.8486555Z       },
2026-09-09T19:53:10.8486717Z       {
2026-09-09T19:53:10.8486907Z         "id": "MG10_huella_de_artefacto",
2026-09-09T19:53:10.8487250Z         "expected": "ARTEFACTO_INTEGRIDAD",
2026-09-09T19:53:10.8487524Z         "actual": "ARTEFACTO_INTEGRIDAD"
2026-09-09T19:53:10.8487769Z       },
2026-09-09T19:53:10.8487944Z       {
2026-09-09T19:53:10.8488146Z         "id": "MG11_artefacto_lateral_oculto",
2026-09-09T19:53:10.8488421Z         "expected": "REGISTRO_ARTEFACTOS",
2026-09-09T19:53:10.8488686Z         "actual": "REGISTRO_ARTEFACTOS"
2026-09-09T19:53:10.8488920Z       },
2026-09-09T19:53:10.8489087Z       {
2026-09-09T19:53:10.8489273Z         "id": "MG12_formulacion_omitida",
2026-09-09T19:53:10.8489531Z         "expected": "MATRIZ_INVENTARIO",
2026-09-09T19:53:10.8489795Z         "actual": "MATRIZ_INVENTARIO"
2026-09-09T19:53:10.8490027Z       },
2026-09-09T19:53:10.8490198Z       {
2026-09-09T19:53:10.8490411Z         "id": "MG13_SP_cerrada_sin_ejecucion",
2026-09-09T19:53:10.8490684Z         "expected": "MATRIZ_SP_ESTADO",
2026-09-09T19:53:10.8490945Z         "actual": "MATRIZ_SP_ESTADO"
2026-09-09T19:53:10.8491178Z       },
2026-09-09T19:53:10.8491349Z       {
2026-09-09T19:53:10.8491540Z         "id": "MG14_fila_cerrada",
2026-09-09T19:53:10.8491785Z         "expected": "MATRIZ_ALCANCE",
2026-09-09T19:53:10.8492035Z         "actual": "MATRIZ_ALCANCE"
2026-09-09T19:53:10.8492267Z       },
2026-09-09T19:53:10.8492863Z       {
2026-09-09T19:53:10.8493096Z         "id": "MG15_S_sustituida_con_huella_recalculada",
2026-09-09T19:53:10.8493409Z         "expected": "CONTENIDO_S",
2026-09-09T19:53:10.8493657Z         "actual": "CONTENIDO_S"
2026-09-09T19:53:10.8493890Z       },
2026-09-09T19:53:10.8494069Z       {
2026-09-09T19:53:10.8494272Z         "id": "MG16_definicion_sustituida",
2026-09-09T19:53:10.8494534Z         "expected": "DEFINICION",
2026-09-09T19:53:10.8494775Z         "actual": "DEFINICION"
2026-09-09T19:53:10.8494997Z       },
2026-09-09T19:53:10.8495164Z       {
2026-09-09T19:53:10.8495349Z         "id": "MH01_huella_F0",
2026-09-09T19:53:10.8495588Z         "expected": "CONTRATO_RECALCULO",
2026-09-09T19:53:10.8495862Z         "actual": "CONTRATO_RECALCULO"
2026-09-09T19:53:10.8496104Z       },
2026-09-09T19:53:10.8496275Z       {
2026-09-09T19:53:10.8496631Z         "id": "MH02_huella_HS",
2026-09-09T19:53:10.8496871Z         "expected": "CONTRATO_RECALCULO",
2026-09-09T19:53:10.8497132Z         "actual": "CONTRATO_RECALCULO"
2026-09-09T19:53:10.8497368Z       },
2026-09-09T19:53:10.8497534Z       {
2026-09-09T19:53:10.8497717Z         "id": "MH03_ambas_H_falsas",
2026-09-09T19:53:10.8497966Z         "expected": "CONTRATO_RECALCULO",
2026-09-09T19:53:10.8498225Z         "actual": "CONTRATO_RECALCULO"
2026-09-09T19:53:10.8498467Z       },
2026-09-09T19:53:10.8498631Z       {
2026-09-09T19:53:10.8498826Z         "id": "MH04_todas_las_huellas_cero",
2026-09-09T19:53:10.8499090Z         "expected": "CONTRATO_RECALCULO",
2026-09-09T19:53:10.8499354Z         "actual": "CONTRATO_RECALCULO"
2026-09-09T19:53:10.8499587Z       },
2026-09-09T19:53:10.8499754Z       {
2026-09-09T19:53:10.8499942Z         "id": "MH05_propietario_y_huella",
2026-09-09T19:53:10.8500320Z         "expected": "CONTRATO_TESTIGO",
2026-09-09T19:53:10.8500584Z         "actual": "CONTRATO_TESTIGO"
2026-09-09T19:53:10.8500820Z       },
2026-09-09T19:53:10.8500995Z       {
2026-09-09T19:53:10.8501191Z         "id": "MH06_alias_y_huella",
2026-09-09T19:53:10.8501444Z         "expected": "CONTRATO_TESTIGO",
2026-09-09T19:53:10.8501703Z         "actual": "CONTRATO_TESTIGO"
2026-09-09T19:53:10.8501936Z       },
2026-09-09T19:53:10.8502115Z       {
2026-09-09T19:53:10.8502428Z         "id": "MH07_artefacto_y_huella",
2026-09-09T19:53:10.8502804Z         "expected": "CONTRATO_TESTIGO",
2026-09-09T19:53:10.8503089Z         "actual": "CONTRATO_TESTIGO"
2026-09-09T19:53:10.8503323Z       },
2026-09-09T19:53:10.8503494Z       {
2026-09-09T19:53:10.8503709Z         "id": "MH08_proyeccion_contractual_y_huella",
2026-09-09T19:53:10.8504004Z         "expected": "CONTRATO_TESTIGO",
2026-09-09T19:53:10.8504255Z         "actual": "CONTRATO_TESTIGO"
2026-09-09T19:53:10.8504483Z       },
2026-09-09T19:53:10.8504733Z       {
2026-09-09T19:53:10.8504926Z         "id": "MH09_fuente_portadora",
2026-09-09T19:53:10.8505186Z         "expected": "PROGRAMA_FUENTE",
2026-09-09T19:53:10.8505438Z         "actual": "PROGRAMA_FUENTE"
2026-09-09T19:53:10.8505671Z       },
2026-09-09T19:53:10.8505843Z       {
2026-09-09T19:53:10.8506047Z         "id": "MH10_proyeccion_sin_metadatos",
2026-09-09T19:53:10.8506325Z         "expected": "PROGRAMA_PROYECCION",
2026-09-09T19:53:10.8506599Z         "actual": "PROGRAMA_PROYECCION"
2026-09-09T19:53:10.8506835Z       },
2026-09-09T19:53:10.8507000Z       {
2026-09-09T19:53:10.8507184Z         "id": "MH11_contrato_ausente",
2026-09-09T19:53:10.8507429Z         "expected": "CONTRATO_TESTIGO",
2026-09-09T19:53:10.8507677Z         "actual": "CONTRATO_TESTIGO"
2026-09-09T19:53:10.8507904Z       },
2026-09-09T19:53:10.8508067Z       {
2026-09-09T19:53:10.8508246Z         "id": "MH12_clase_y_huella",
2026-09-09T19:53:10.8508491Z         "expected": "CONTRATO_TESTIGO",
2026-09-09T19:53:10.8508750Z         "actual": "CONTRATO_TESTIGO"
2026-09-09T19:53:10.8508986Z       }
2026-09-09T19:53:10.8509155Z     ]
2026-09-09T19:53:10.8509335Z   },
2026-09-09T19:53:10.8509516Z   "input_sensitivity": {
2026-09-09T19:53:10.8509743Z     "entrypoint": "CLI",
2026-09-09T19:53:10.8509969Z     "raw_input_control": "ACCEPTED",
2026-09-09T19:53:10.8510225Z     "reserialized_control": "ACCEPTED",
2026-09-09T19:53:10.8510485Z     "directed_mutations": 15,
2026-09-09T19:53:10.8510718Z     "survivors": 0,
2026-09-09T19:53:10.8510917Z     "results": [
2026-09-09T19:53:10.8511105Z       {
2026-09-09T19:53:10.8511298Z         "id": "ME01_schema_repetido",
2026-09-09T19:53:10.8511568Z         "expected": "JSON_CLAVE_REPETIDA",
2026-09-09T19:53:10.8511833Z         "actual": "JSON_CLAVE_REPETIDA"
2026-09-09T19:53:10.8512068Z       },
2026-09-09T19:53:10.8512236Z       {
2026-09-09T19:53:10.8512573Z         "id": "ME02_results_repetido",
2026-09-09T19:53:10.8512844Z         "expected": "JSON_CLAVE_REPETIDA",
2026-09-09T19:53:10.8513126Z         "actual": "JSON_CLAVE_REPETIDA"
2026-09-09T19:53:10.8513371Z       },
2026-09-09T19:53:10.8513549Z       {
2026-09-09T19:53:10.8513746Z         "id": "ME03_propietario_repetido",
2026-09-09T19:53:10.8514022Z         "expected": "JSON_CLAVE_REPETIDA",
2026-09-09T19:53:10.8514292Z         "actual": "JSON_CLAVE_REPETIDA"
2026-09-09T19:53:10.8514524Z       },
2026-09-09T19:53:10.8514689Z       {
2026-09-09T19:53:10.8514888Z         "id": "ME04_clave_escapada_repetida",
2026-09-09T19:53:10.8515158Z         "expected": "JSON_CLAVE_REPETIDA",
2026-09-09T19:53:10.8515418Z         "actual": "JSON_CLAVE_REPETIDA"
2026-09-09T19:53:10.8515650Z       },
2026-09-09T19:53:10.8515815Z       {
2026-09-09T19:53:10.8515998Z         "id": "ME05_matriz_repetida",
2026-09-09T19:53:10.8516251Z         "expected": "JSON_CLAVE_REPETIDA",
2026-09-09T19:53:10.8516509Z         "actual": "JSON_CLAVE_REPETIDA"
2026-09-09T19:53:10.8516743Z       },
2026-09-09T19:53:10.8516914Z       {
2026-09-09T19:53:10.8517266Z         "id": "ME06_proyeccion_repetida",
2026-09-09T19:53:10.8517585Z         "expected": "PROGRAMA_PROYECCION:JSON_CLAVE_REPETIDA",
2026-09-09T19:53:10.8517942Z         "actual": "PROGRAMA_PROYECCION:JSON_CLAVE_REPETIDA"
2026-09-09T19:53:10.8518236Z       },
2026-09-09T19:53:10.8518410Z       {
2026-09-09T19:53:10.8518600Z         "id": "ME07_utf8_invalido",
2026-09-09T19:53:10.8518848Z         "expected": "JSON_UTF8",
2026-09-09T19:53:10.8519091Z         "actual": "JSON_UTF8"
2026-09-09T19:53:10.8519305Z       },
2026-09-09T19:53:10.8519475Z       {
2026-09-09T19:53:10.8519669Z         "id": "ME08_unicode_invalido",
2026-09-09T19:53:10.8519921Z         "expected": "JSON_UNICODE",
2026-09-09T19:53:10.8520165Z         "actual": "JSON_UNICODE"
2026-09-09T19:53:10.8520383Z       },
2026-09-09T19:53:10.8520552Z       {
2026-09-09T19:53:10.8520762Z         "id": "ME09_entero_fuera_de_subconjunto",
2026-09-09T19:53:10.8521044Z         "expected": "JSON_NUMERO_RANGO",
2026-09-09T19:53:10.8521306Z         "actual": "JSON_NUMERO_RANGO"
2026-09-09T19:53:10.8521608Z       },
2026-09-09T19:53:10.8521775Z       {
2026-09-09T19:53:10.8521958Z         "id": "ME10_forma_numerica",
2026-09-09T19:53:10.8522217Z         "expected": "JSON_NUMERO_FORMA",
2026-09-09T19:53:10.8522720Z         "actual": "JSON_NUMERO_FORMA"
2026-09-09T19:53:10.8522962Z       },
2026-09-09T19:53:10.8523139Z       {
2026-09-09T19:53:10.8523333Z         "id": "ME11_clave_que_reordena",
2026-09-09T19:53:10.8523599Z         "expected": "JSON_CLAVE_INDICE",
2026-09-09T19:53:10.8523863Z         "actual": "JSON_CLAVE_INDICE"
2026-09-09T19:53:10.8524094Z       },
2026-09-09T19:53:10.8524260Z       {
2026-09-09T19:53:10.8524444Z         "id": "ME12_matriz_prosa",
2026-09-09T19:53:10.8524682Z         "expected": "MATRIZ_HUELLA",
2026-09-09T19:53:10.8524925Z         "actual": "MATRIZ_HUELLA"
2026-09-09T19:53:10.8525156Z       },
2026-09-09T19:53:10.8525320Z       {
2026-09-09T19:53:10.8525504Z         "id": "ME13_matriz_reserializada",
2026-09-09T19:53:10.8525768Z         "expected": "MATRIZ_HUELLA",
2026-09-09T19:53:10.8526015Z         "actual": "MATRIZ_HUELLA"
2026-09-09T19:53:10.8526235Z       },
2026-09-09T19:53:10.8526398Z       {
2026-09-09T19:53:10.8526598Z         "id": "ME14_matriz_propiedad_adicional",
2026-09-09T19:53:10.8526867Z         "expected": "MATRIZ_HUELLA",
2026-09-09T19:53:10.8527107Z         "actual": "MATRIZ_HUELLA"
2026-09-09T19:53:10.8527326Z       },
2026-09-09T19:53:10.8527496Z       {
2026-09-09T19:53:10.8527702Z         "id": "ME15_variante_conflictiva_repetida",
2026-09-09T19:53:10.8527988Z         "expected": "JSON_CLAVE_REPETIDA",
2026-09-09T19:53:10.8528314Z         "actual": "JSON_CLAVE_REPETIDA"
2026-09-09T19:53:10.8528557Z       }
2026-09-09T19:53:10.8528725Z     ]
2026-09-09T19:53:10.8528891Z   },
2026-09-09T19:53:10.8529076Z   "matrix_sensitivity": {
2026-09-09T19:53:10.8529305Z     "entrypoint": "API",
2026-09-09T19:53:10.8529534Z     "reviewed_control": "ACCEPTED",
2026-09-09T19:53:10.8529799Z     "directed_mutations": 104,
2026-09-09T19:53:10.8530056Z     "survivors": 0,
2026-09-09T19:53:10.8530251Z     "results": [
2026-09-09T19:53:10.8530439Z       {
2026-09-09T19:53:10.8530626Z         "treatment": "IDENTIDAD",
2026-09-09T19:53:10.8530862Z         "field": "operation",
2026-09-09T19:53:10.8531101Z         "expected": "MATRIZ_CONTENIDO",
2026-09-09T19:53:10.8531355Z         "actual": "MATRIZ_CONTENIDO"
2026-09-09T19:53:10.8531585Z       },
2026-09-09T19:53:10.8531757Z       {
2026-09-09T19:53:10.8531941Z         "treatment": "IDENTIDAD",
2026-09-09T19:53:10.8532173Z         "field": "contract",
2026-09-09T19:53:10.8532598Z         "expected": "MATRIZ_CONTENIDO",
2026-09-09T19:53:10.8532872Z         "actual": "MATRIZ_CONTENIDO"
2026-09-09T19:53:10.8533112Z       },
2026-09-09T19:53:10.8533283Z       {
2026-09-09T19:53:10.8533464Z         "treatment": "IDENTIDAD",
2026-09-09T19:53:10.8533699Z         "field": "available",
2026-09-09T19:53:10.8533932Z         "expected": "MATRIZ_CONTENIDO",
2026-09-09T19:53:10.8534187Z         "actual": "MATRIZ_CONTENIDO"
2026-09-09T19:53:10.8534528Z       },
2026-09-09T19:53:10.8534707Z       {
2026-09-09T19:53:10.8534889Z         "treatment": "IDENTIDAD",
2026-09-09T19:53:10.8535130Z         "field": "excluded",
2026-09-09T19:53:10.8535373Z         "expected": "MATRIZ_CONTENIDO",
2026-09-09T19:53:10.8535619Z         "actual": "MATRIZ_CONTENIDO"
2026-09-09T19:53:10.8535848Z       },
2026-09-09T19:53:10.8536017Z       {
2026-09-09T19:53:10.8536196Z         "treatment": "IDENTIDAD",
2026-09-09T19:53:10.8536434Z         "field": "responsible",
2026-09-09T19:53:10.8536675Z         "expected": "MATRIZ_CONTENIDO",
2026-09-09T19:53:10.8536923Z         "actual": "MATRIZ_CONTENIDO"
2026-09-09T19:53:10.8537149Z       },
2026-09-09T19:53:10.8537318Z       {
2026-09-09T19:53:10.8537499Z         "treatment": "IDENTIDAD",
2026-09-09T19:53:10.8537733Z         "field": "stage",
2026-09-09T19:53:10.8537966Z         "expected": "MATRIZ_CONTENIDO",
2026-09-09T19:53:10.8538216Z         "actual": "MATRIZ_CONTENIDO"
2026-09-09T19:53:10.8538509Z       },
2026-09-09T19:53:10.8538715Z       {
2026-09-09T19:53:10.8538897Z         "treatment": "IDENTIDAD",
2026-09-09T19:53:10.8539136Z         "field": "reentry_condition",
2026-09-09T19:53:10.8539389Z         "expected": "MATRIZ_CONTENIDO",
2026-09-09T19:53:10.8539637Z         "actual": "MATRIZ_CONTENIDO"
2026-09-09T19:53:10.8539861Z       },
2026-09-09T19:53:10.8540031Z       {
2026-09-09T19:53:10.8540217Z         "treatment": "IDENTIDAD",
2026-09-09T19:53:10.8540457Z         "field": "evidence",
2026-09-09T19:53:10.8540698Z         "expected": "MATRIZ_CONTENIDO",
2026-09-09T19:53:10.8540945Z         "actual": "MATRIZ_CONTENIDO"
2026-09-09T19:53:10.8541173Z       },
2026-09-09T19:53:10.8541340Z       {
2026-09-09T19:53:10.8541516Z         "treatment": "BYTES",
2026-09-09T19:53:10.8541743Z         "field": "operation",
2026-09-09T19:53:10.8541974Z         "expected": "MATRIZ_CONTENIDO",
2026-09-09T19:53:10.8542223Z         "actual": "MATRIZ_CONTENIDO"
2026-09-09T19:53:10.8542537Z       },
2026-09-09T19:53:10.8542709Z       {
2026-09-09T19:53:10.8542890Z         "treatment": "BYTES",
2026-09-09T19:53:10.8543125Z         "field": "contract",
2026-09-09T19:53:10.8543358Z         "expected": "MATRIZ_CONTENIDO",
2026-09-09T19:53:10.8543615Z         "actual": "MATRIZ_CONTENIDO"
2026-09-09T19:53:10.8543843Z       },
2026-09-09T19:53:10.8544010Z       {
2026-09-09T19:53:10.8544184Z         "treatment": "BYTES",
2026-09-09T19:53:10.8544402Z         "field": "available",
2026-09-09T19:53:10.8544632Z         "expected": "MATRIZ_CONTENIDO",
2026-09-09T19:53:10.8544879Z         "actual": "MATRIZ_CONTENIDO"
2026-09-09T19:53:10.8545109Z       },
2026-09-09T19:53:10.8545275Z       {
2026-09-09T19:53:10.8545461Z         "treatment": "BYTES",
2026-09-09T19:53:10.8545684Z         "field": "excluded",
2026-09-09T19:53:10.8545913Z         "expected": "MATRIZ_CONTENIDO",
2026-09-09T19:53:10.8546169Z         "actual": "MATRIZ_CONTENIDO"
2026-09-09T19:53:10.8546394Z       },
2026-09-09T19:53:10.8546566Z       {
2026-09-09T19:53:10.8546743Z         "treatment": "BYTES",
2026-09-09T19:53:10.8546972Z         "field": "responsible",
2026-09-09T19:53:10.8547211Z         "expected": "MATRIZ_CONTENIDO",
2026-09-09T19:53:10.8547462Z         "actual": "MATRIZ_CONTENIDO"
2026-09-09T19:53:10.8547694Z       },
2026-09-09T19:53:10.8547868Z       {
2026-09-09T19:53:10.8548056Z         "treatment": "BYTES",
2026-09-09T19:53:10.8548288Z         "field": "stage",
2026-09-09T19:53:10.8548510Z         "expected": "MATRIZ_CONTENIDO",
2026-09-09T19:53:10.8548762Z         "actual": "MATRIZ_CONTENIDO"
2026-09-09T19:53:10.8548992Z       },
2026-09-09T19:53:10.8549157Z       {
2026-09-09T19:53:10.8549331Z         "treatment": "BYTES",
2026-09-09T19:53:10.8549565Z         "field": "reentry_condition",
2026-09-09T19:53:10.8549817Z         "expected": "MATRIZ_CONTENIDO",
2026-09-09T19:53:10.8550073Z         "actual": "MATRIZ_CONTENIDO"
2026-09-09T19:53:10.8550303Z       },
2026-09-09T19:53:10.8550477Z       {
2026-09-09T19:53:10.8550657Z         "treatment": "BYTES",
2026-09-09T19:53:10.8550971Z         "field": "evidence",
2026-09-09T19:53:10.8551213Z         "expected": "MATRIZ_CONTENIDO",
2026-09-09T19:53:10.8551467Z         "actual": "MATRIZ_CONTENIDO"
2026-09-09T19:53:10.8551696Z       },
2026-09-09T19:53:10.8551869Z       {
2026-09-09T19:53:10.8552050Z         "treatment": "CONTEXTO",
2026-09-09T19:53:10.8552282Z         "field": "operation",
2026-09-09T19:53:10.8552599Z         "expected": "MATRIZ_CONTENIDO",
2026-09-09T19:53:10.8552851Z         "actual": "MATRIZ_CONTENIDO"
2026-09-09T19:53:10.8553088Z       },
2026-09-09T19:53:10.8553257Z       {
2026-09-09T19:53:10.8553434Z         "treatment": "CONTEXTO",
2026-09-09T19:53:10.8553665Z         "field": "contract",
2026-09-09T19:53:10.8553896Z         "expected": "MATRIZ_CONTENIDO",
2026-09-09T19:53:10.8554148Z         "actual": "MATRIZ_CONTENIDO"
2026-09-09T19:53:10.8554379Z       },
2026-09-09T19:53:10.8554545Z       {
2026-09-09T19:53:10.8554719Z         "treatment": "CONTEXTO",
2026-09-09T19:53:10.8555014Z         "field": "available",
2026-09-09T19:53:10.8555242Z         "expected": "MATRIZ_CONTENIDO",
2026-09-09T19:53:10.8555489Z         "actual": "MATRIZ_CONTENIDO"
2026-09-09T19:53:10.8555728Z       },
2026-09-09T19:53:10.8555897Z       {
2026-09-09T19:53:10.8556076Z         "treatment": "CONTEXTO",
2026-09-09T19:53:10.8556307Z         "field": "excluded",
2026-09-09T19:53:10.8556540Z         "expected": "MATRIZ_CONTENIDO",
2026-09-09T19:53:10.8556789Z         "actual": "MATRIZ_CONTENIDO"
2026-09-09T19:53:10.8557017Z       },
2026-09-09T19:53:10.8557182Z       {
2026-09-09T19:53:10.8557361Z         "treatment": "CONTEXTO",
2026-09-09T19:53:10.8557596Z         "field": "responsible",
2026-09-09T19:53:10.8557835Z         "expected": "MATRIZ_CONTENIDO",
2026-09-09T19:53:10.8558091Z         "actual": "MATRIZ_CONTENIDO"
2026-09-09T19:53:10.8558317Z       },
2026-09-09T19:53:10.8558489Z       {
2026-09-09T19:53:10.8558667Z         "treatment": "CONTEXTO",
2026-09-09T19:53:10.8558898Z         "field": "stage",
2026-09-09T19:53:10.8559125Z         "expected": "MATRIZ_CONTENIDO",
2026-09-09T19:53:10.8559381Z         "actual": "MATRIZ_CONTENIDO"
2026-09-09T19:53:10.8559607Z       },
2026-09-09T19:53:10.8559771Z       {
2026-09-09T19:53:10.8559950Z         "treatment": "CONTEXTO",
2026-09-09T19:53:10.8560186Z         "field": "reentry_condition",
2026-09-09T19:53:10.8560435Z         "expected": "MATRIZ_CONTENIDO",
2026-09-09T19:53:10.8560690Z         "actual": "MATRIZ_CONTENIDO"
2026-09-09T19:53:10.8560915Z       },
2026-09-09T19:53:10.8561085Z       {
2026-09-09T19:53:10.8561260Z         "treatment": "CONTEXTO",
2026-09-09T19:53:10.8561485Z         "field": "evidence",
2026-09-09T19:53:10.8561712Z         "expected": "MATRIZ_CONTENIDO",
2026-09-09T19:53:10.8561960Z         "actual": "MATRIZ_CONTENIDO"
2026-09-09T19:53:10.8562192Z       },
2026-09-09T19:53:10.8562530Z       {
2026-09-09T19:53:10.8562728Z         "treatment": "CLINICA",
2026-09-09T19:53:10.8562967Z         "field": "operation",
2026-09-09T19:53:10.8563217Z         "expected": "MATRIZ_CONTENIDO",
2026-09-09T19:53:10.8563472Z         "actual": "MATRIZ_CONTENIDO"
2026-09-09T19:53:10.8563697Z       },
2026-09-09T19:53:10.8563866Z       {
2026-09-09T19:53:10.8564044Z         "treatment": "CLINICA",
2026-09-09T19:53:10.8564270Z         "field": "contract",
2026-09-09T19:53:10.8564502Z         "expected": "MATRIZ_CONTENIDO",
2026-09-09T19:53:10.8564752Z         "actual": "MATRIZ_CONTENIDO"
2026-09-09T19:53:10.8564982Z       },
2026-09-09T19:53:10.8565155Z       {
2026-09-09T19:53:10.8565333Z         "treatment": "CLINICA",
2026-09-09T19:53:10.8565560Z         "field": "available",
2026-09-09T19:53:10.8565801Z         "expected": "MATRIZ_CONTENIDO",
2026-09-09T19:53:10.8566054Z         "actual": "MATRIZ_CONTENIDO"
2026-09-09T19:53:10.8566282Z       },
2026-09-09T19:53:10.8566452Z       {
2026-09-09T19:53:10.8566632Z         "treatment": "CLINICA",
2026-09-09T19:53:10.8566857Z         "field": "excluded",
2026-09-09T19:53:10.8567094Z         "expected": "MATRIZ_CONTENIDO",
2026-09-09T19:53:10.8567449Z         "actual": "MATRIZ_CONTENIDO"
2026-09-09T19:53:10.8567683Z       },
2026-09-09T19:53:10.8567851Z       {
2026-09-09T19:53:10.8568033Z         "treatment": "CLINICA",
2026-09-09T19:53:10.8568280Z         "field": "responsible",
2026-09-09T19:53:10.8568519Z         "expected": "MATRIZ_CONTENIDO",
2026-09-09T19:53:10.8568781Z         "actual": "MATRIZ_CONTENIDO"
2026-09-09T19:53:10.8569010Z       },
2026-09-09T19:53:10.8569175Z       {
2026-09-09T19:53:10.8569353Z         "treatment": "CLINICA",
2026-09-09T19:53:10.8569575Z         "field": "stage",
2026-09-09T19:53:10.8569793Z         "expected": "MATRIZ_CONTENIDO",
2026-09-09T19:53:10.8570039Z         "actual": "MATRIZ_CONTENIDO"
2026-09-09T19:53:10.8570265Z       },
2026-09-09T19:53:10.8570431Z       {
2026-09-09T19:53:10.8570608Z         "treatment": "CLINICA",
2026-09-09T19:53:10.8570851Z         "field": "reentry_condition",
2026-09-09T19:53:10.8571102Z         "expected": "MATRIZ_CONTENIDO",
2026-09-09T19:53:10.8571421Z         "actual": "MATRIZ_CONTENIDO"
2026-09-09T19:53:10.8571648Z       },
2026-09-09T19:53:10.8571812Z       {
2026-09-09T19:53:10.8571986Z         "treatment": "CLINICA",
2026-09-09T19:53:10.8572209Z         "field": "evidence",
2026-09-09T19:53:10.8572526Z         "expected": "MATRIZ_CONTENIDO",
2026-09-09T19:53:10.8572776Z         "actual": "MATRIZ_CONTENIDO"
2026-09-09T19:53:10.8573006Z       },
2026-09-09T19:53:10.8573180Z       {
2026-09-09T19:53:10.8573371Z         "treatment": "AUTORIDAD",
2026-09-09T19:53:10.8573613Z         "field": "operation",
2026-09-09T19:53:10.8573851Z         "expected": "MATRIZ_CONTENIDO",
2026-09-09T19:53:10.8574105Z         "actual": "MATRIZ_CONTENIDO"
2026-09-09T19:53:10.8574341Z       },
2026-09-09T19:53:10.8574516Z       {
2026-09-09T19:53:10.8574703Z         "treatment": "AUTORIDAD",
2026-09-09T19:53:10.8574937Z         "field": "contract",
2026-09-09T19:53:10.8575167Z         "expected": "MATRIZ_CONTENIDO",
2026-09-09T19:53:10.8575420Z         "actual": "MATRIZ_CONTENIDO"
2026-09-09T19:53:10.8575658Z       },
2026-09-09T19:53:10.8575833Z       {
2026-09-09T19:53:10.8576029Z         "treatment": "AUTORIDAD",
2026-09-09T19:53:10.8576263Z         "field": "available",
2026-09-09T19:53:10.8576495Z         "expected": "MATRIZ_CONTENIDO",
2026-09-09T19:53:10.8576751Z         "actual": "MATRIZ_CONTENIDO"
2026-09-09T19:53:10.8576980Z       },
2026-09-09T19:53:10.8577149Z       {
2026-09-09T19:53:10.8577333Z         "treatment": "AUTORIDAD",
2026-09-09T19:53:10.8577567Z         "field": "excluded",
2026-09-09T19:53:10.8577800Z         "expected": "MATRIZ_CONTENIDO",
2026-09-09T19:53:10.8578053Z         "actual": "MATRIZ_CONTENIDO"
2026-09-09T19:53:10.8578280Z       },
2026-09-09T19:53:10.8578453Z       {
2026-09-09T19:53:10.8578633Z         "treatment": "AUTORIDAD",
2026-09-09T19:53:10.8578864Z         "field": "responsible",
2026-09-09T19:53:10.8579095Z         "expected": "MATRIZ_CONTENIDO",
2026-09-09T19:53:10.8579342Z         "actual": "MATRIZ_CONTENIDO"
2026-09-09T19:53:10.8579575Z       },
2026-09-09T19:53:10.8579740Z       {
2026-09-09T19:53:10.8579917Z         "treatment": "AUTORIDAD",
2026-09-09T19:53:10.8580147Z         "field": "stage",
2026-09-09T19:53:10.8580366Z         "expected": "MATRIZ_CONTENIDO",
2026-09-09T19:53:10.8580611Z         "actual": "MATRIZ_CONTENIDO"
2026-09-09T19:53:10.8580834Z       },
2026-09-09T19:53:10.8581008Z       {
2026-09-09T19:53:10.8581188Z         "treatment": "AUTORIDAD",
2026-09-09T19:53:10.8581428Z         "field": "reentry_condition",
2026-09-09T19:53:10.8581676Z         "expected": "MATRIZ_CONTENIDO",
2026-09-09T19:53:10.8581930Z         "actual": "MATRIZ_CONTENIDO"
2026-09-09T19:53:10.8582153Z       },
2026-09-09T19:53:10.8582398Z       {
2026-09-09T19:53:10.8582590Z         "treatment": "AUTORIDAD",
2026-09-09T19:53:10.8582825Z         "field": "evidence",
2026-09-09T19:53:10.8583063Z         "expected": "MATRIZ_CONTENIDO",
2026-09-09T19:53:10.8583317Z         "actual": "MATRIZ_CONTENIDO"
2026-09-09T19:53:10.8583565Z       },
2026-09-09T19:53:10.8583824Z       {
2026-09-09T19:53:10.8584024Z         "treatment": "CRITICIDAD",
2026-09-09T19:53:10.8584265Z         "field": "operation",
2026-09-09T19:53:10.8584504Z         "expected": "MATRIZ_CONTENIDO",
2026-09-09T19:53:10.8584759Z         "actual": "MATRIZ_CONTENIDO"
2026-09-09T19:53:10.8584990Z       },
2026-09-09T19:53:10.8585165Z       {
2026-09-09T19:53:10.8585356Z         "treatment": "CRITICIDAD",
2026-09-09T19:53:10.8585598Z         "field": "contract",
2026-09-09T19:53:10.8585835Z         "expected": "MATRIZ_CONTENIDO",
2026-09-09T19:53:10.8586095Z         "actual": "MATRIZ_CONTENIDO"
2026-09-09T19:53:10.8586322Z       },
2026-09-09T19:53:10.8586489Z       {
2026-09-09T19:53:10.8586674Z         "treatment": "CRITICIDAD",
2026-09-09T19:53:10.8586914Z         "field": "available",
2026-09-09T19:53:10.8587144Z         "expected": "MATRIZ_CONTENIDO",
2026-09-09T19:53:10.8587392Z         "actual": "MATRIZ_CONTENIDO"
2026-09-09T19:53:10.8587621Z       },
2026-09-09T19:53:10.8587852Z       {
2026-09-09T19:53:10.8588039Z         "treatment": "CRITICIDAD",
2026-09-09T19:53:10.8588275Z         "field": "excluded",
2026-09-09T19:53:10.8588502Z         "expected": "MATRIZ_CONTENIDO",
2026-09-09T19:53:10.8588764Z         "actual": "MATRIZ_CONTENIDO"
2026-09-09T19:53:10.8588996Z       },
2026-09-09T19:53:10.8589162Z       {
2026-09-09T19:53:10.8589344Z         "treatment": "CRITICIDAD",
2026-09-09T19:53:10.8589587Z         "field": "responsible",
2026-09-09T19:53:10.8589821Z         "expected": "MATRIZ_CONTENIDO",
2026-09-09T19:53:10.8590073Z         "actual": "MATRIZ_CONTENIDO"
2026-09-09T19:53:10.8590300Z       },
2026-09-09T19:53:10.8590467Z       {
2026-09-09T19:53:10.8590653Z         "treatment": "CRITICIDAD",
2026-09-09T19:53:10.8590886Z         "field": "stage",
2026-09-09T19:53:10.8591117Z         "expected": "MATRIZ_CONTENIDO",
2026-09-09T19:53:10.8591363Z         "actual": "MATRIZ_CONTENIDO"
2026-09-09T19:53:10.8591590Z       },
2026-09-09T19:53:10.8591766Z       {
2026-09-09T19:53:10.8591954Z         "treatment": "CRITICIDAD",
2026-09-09T19:53:10.8592200Z         "field": "reentry_condition",
2026-09-09T19:53:10.8592540Z         "expected": "MATRIZ_CONTENIDO",
2026-09-09T19:53:10.8592791Z         "actual": "MATRIZ_CONTENIDO"
2026-09-09T19:53:10.8593022Z       },
2026-09-09T19:53:10.8593196Z       {
2026-09-09T19:53:10.8593384Z         "treatment": "CRITICIDAD",
2026-09-09T19:53:10.8593623Z         "field": "evidence",
2026-09-09T19:53:10.8593871Z         "expected": "MATRIZ_CONTENIDO",
2026-09-09T19:53:10.8594125Z         "actual": "MATRIZ_CONTENIDO"
2026-09-09T19:53:10.8594359Z       },
2026-09-09T19:53:10.8594532Z       {
2026-09-09T19:53:10.8594716Z         "treatment": "RESUMEN",
2026-09-09T19:53:10.8594948Z         "field": "operation",
2026-09-09T19:53:10.8595184Z         "expected": "MATRIZ_CONTENIDO",
2026-09-09T19:53:10.8595431Z         "actual": "MATRIZ_CONTENIDO"
2026-09-09T19:53:10.8595660Z       },
2026-09-09T19:53:10.8595826Z       {
2026-09-09T19:53:10.8596017Z         "treatment": "RESUMEN",
2026-09-09T19:53:10.8596259Z         "field": "contract",
2026-09-09T19:53:10.8596494Z         "expected": "MATRIZ_CONTENIDO",
2026-09-09T19:53:10.8596747Z         "actual": "MATRIZ_CONTENIDO"
2026-09-09T19:53:10.8596974Z       },
2026-09-09T19:53:10.8597140Z       {
2026-09-09T19:53:10.8597316Z         "treatment": "RESUMEN",
2026-09-09T19:53:10.8597538Z         "field": "available",
2026-09-09T19:53:10.8597766Z         "expected": "MATRIZ_CONTENIDO",
2026-09-09T19:53:10.8598013Z         "actual": "MATRIZ_CONTENIDO"
2026-09-09T19:53:10.8598244Z       },
2026-09-09T19:53:10.8598412Z       {
2026-09-09T19:53:10.8598586Z         "treatment": "RESUMEN",
2026-09-09T19:53:10.8598817Z         "field": "excluded",
2026-09-09T19:53:10.8599042Z         "expected": "MATRIZ_CONTENIDO",
2026-09-09T19:53:10.8599288Z         "actual": "MATRIZ_CONTENIDO"
2026-09-09T19:53:10.8599513Z       },
2026-09-09T19:53:10.8599684Z       {
2026-09-09T19:53:10.8599861Z         "treatment": "RESUMEN",
2026-09-09T19:53:10.8600173Z         "field": "responsible",
2026-09-09T19:53:10.8600415Z         "expected": "MATRIZ_CONTENIDO",
2026-09-09T19:53:10.8600665Z         "actual": "MATRIZ_CONTENIDO"
2026-09-09T19:53:10.8600896Z       },
2026-09-09T19:53:10.8601066Z       {
2026-09-09T19:53:10.8601256Z         "treatment": "RESUMEN",
2026-09-09T19:53:10.8601479Z         "field": "stage",
2026-09-09T19:53:10.8601708Z         "expected": "MATRIZ_CONTENIDO",
2026-09-09T19:53:10.8601954Z         "actual": "MATRIZ_CONTENIDO"
2026-09-09T19:53:10.8602182Z       },
2026-09-09T19:53:10.8602521Z       {
2026-09-09T19:53:10.8602717Z         "treatment": "RESUMEN",
2026-09-09T19:53:10.8602956Z         "field": "reentry_condition",
2026-09-09T19:53:10.8603213Z         "expected": "MATRIZ_CONTENIDO",
2026-09-09T19:53:10.8603469Z         "actual": "MATRIZ_CONTENIDO"
2026-09-09T19:53:10.8603701Z       },
2026-09-09T19:53:10.8603873Z       {
2026-09-09T19:53:10.8604063Z         "treatment": "RESUMEN",
2026-09-09T19:53:10.8604364Z         "field": "evidence",
2026-09-09T19:53:10.8604599Z         "expected": "MATRIZ_CONTENIDO",
2026-09-09T19:53:10.8604857Z         "actual": "MATRIZ_CONTENIDO"
2026-09-09T19:53:10.8605085Z       },
2026-09-09T19:53:10.8605262Z       {
2026-09-09T19:53:10.8605454Z         "treatment": "SALIDA",
2026-09-09T19:53:10.8605697Z         "field": "operation",
2026-09-09T19:53:10.8605945Z         "expected": "MATRIZ_CONTENIDO",
2026-09-09T19:53:10.8606200Z         "actual": "MATRIZ_CONTENIDO"
2026-09-09T19:53:10.8606432Z       },
2026-09-09T19:53:10.8606608Z       {
2026-09-09T19:53:10.8606785Z         "treatment": "SALIDA",
2026-09-09T19:53:10.8607013Z         "field": "contract",
2026-09-09T19:53:10.8607246Z         "expected": "MATRIZ_CONTENIDO",
2026-09-09T19:53:10.8607493Z         "actual": "MATRIZ_CONTENIDO"
2026-09-09T19:53:10.8607718Z       },
2026-09-09T19:53:10.8607880Z       {
2026-09-09T19:53:10.8608057Z         "treatment": "SALIDA",
2026-09-09T19:53:10.8608282Z         "field": "available",
2026-09-09T19:53:10.8608520Z         "expected": "MATRIZ_CONTENIDO",
2026-09-09T19:53:10.8608772Z         "actual": "MATRIZ_CONTENIDO"
2026-09-09T19:53:10.8609003Z       },
2026-09-09T19:53:10.8609169Z       {
2026-09-09T19:53:10.8609346Z         "treatment": "SALIDA",
2026-09-09T19:53:10.8609575Z         "field": "excluded",
2026-09-09T19:53:10.8609803Z         "expected": "MATRIZ_CONTENIDO",
2026-09-09T19:53:10.8610054Z         "actual": "MATRIZ_CONTENIDO"
2026-09-09T19:53:10.8610282Z       },
2026-09-09T19:53:10.8610453Z       {
2026-09-09T19:53:10.8610631Z         "treatment": "SALIDA",
2026-09-09T19:53:10.8610859Z         "field": "responsible",
2026-09-09T19:53:10.8611094Z         "expected": "MATRIZ_CONTENIDO",
2026-09-09T19:53:10.8611339Z         "actual": "MATRIZ_CONTENIDO"
2026-09-09T19:53:10.8611582Z       },
2026-09-09T19:53:10.8611752Z       {
2026-09-09T19:53:10.8611932Z         "treatment": "SALIDA",
2026-09-09T19:53:10.8612157Z         "field": "stage",
2026-09-09T19:53:10.8612477Z         "expected": "MATRIZ_CONTENIDO",
2026-09-09T19:53:10.8612733Z         "actual": "MATRIZ_CONTENIDO"
2026-09-09T19:53:10.8612967Z       },
2026-09-09T19:53:10.8613139Z       {
2026-09-09T19:53:10.8613321Z         "treatment": "SALIDA",
2026-09-09T19:53:10.8613564Z         "field": "reentry_condition",
2026-09-09T19:53:10.8613816Z         "expected": "MATRIZ_CONTENIDO",
2026-09-09T19:53:10.8614078Z         "actual": "MATRIZ_CONTENIDO"
2026-09-09T19:53:10.8614317Z       },
2026-09-09T19:53:10.8614495Z       {
2026-09-09T19:53:10.8614685Z         "treatment": "SALIDA",
2026-09-09T19:53:10.8614909Z         "field": "evidence",
2026-09-09T19:53:10.8615139Z         "expected": "MATRIZ_CONTENIDO",
2026-09-09T19:53:10.8615386Z         "actual": "MATRIZ_CONTENIDO"
2026-09-09T19:53:10.8615613Z       },
2026-09-09T19:53:10.8615784Z       {
2026-09-09T19:53:10.8615958Z         "treatment": "FALLO",
2026-09-09T19:53:10.8616182Z         "field": "operation",
2026-09-09T19:53:10.8616412Z         "expected": "MATRIZ_CONTENIDO",
2026-09-09T19:53:10.8616769Z         "actual": "MATRIZ_CONTENIDO"
2026-09-09T19:53:10.8617006Z       },
2026-09-09T19:53:10.8617178Z       {
2026-09-09T19:53:10.8617357Z         "treatment": "FALLO",
2026-09-09T19:53:10.8617579Z         "field": "contract",
2026-09-09T19:53:10.8617807Z         "expected": "MATRIZ_CONTENIDO",
2026-09-09T19:53:10.8618055Z         "actual": "MATRIZ_CONTENIDO"
2026-09-09T19:53:10.8618282Z       },
2026-09-09T19:53:10.8618457Z       {
2026-09-09T19:53:10.8618636Z         "treatment": "FALLO",
2026-09-09T19:53:10.8618860Z         "field": "available",
2026-09-09T19:53:10.8619088Z         "expected": "MATRIZ_CONTENIDO",
2026-09-09T19:53:10.8619346Z         "actual": "MATRIZ_CONTENIDO"
2026-09-09T19:53:10.8619576Z       },
2026-09-09T19:53:10.8619744Z       {
2026-09-09T19:53:10.8619918Z         "treatment": "FALLO",
2026-09-09T19:53:10.8620143Z         "field": "excluded",
2026-09-09T19:53:10.8620371Z         "expected": "MATRIZ_CONTENIDO",
2026-09-09T19:53:10.8620624Z         "actual": "MATRIZ_CONTENIDO"
2026-09-09T19:53:10.8620919Z       },
2026-09-09T19:53:10.8621094Z       {
2026-09-09T19:53:10.8621272Z         "treatment": "FALLO",
2026-09-09T19:53:10.8621498Z         "field": "responsible",
2026-09-09T19:53:10.8621747Z         "expected": "MATRIZ_CONTENIDO",
2026-09-09T19:53:10.8622006Z         "actual": "MATRIZ_CONTENIDO"
2026-09-09T19:53:10.8622238Z       },
2026-09-09T19:53:10.8622491Z       {
2026-09-09T19:53:10.8622673Z         "treatment": "FALLO",
2026-09-09T19:53:10.8622894Z         "field": "stage",
2026-09-09T19:53:10.8623119Z         "expected": "MATRIZ_CONTENIDO",
2026-09-09T19:53:10.8623379Z         "actual": "MATRIZ_CONTENIDO"
2026-09-09T19:53:10.8623612Z       },
2026-09-09T19:53:10.8623791Z       {
2026-09-09T19:53:10.8623979Z         "treatment": "FALLO",
2026-09-09T19:53:10.8624222Z         "field": "reentry_condition",
2026-09-09T19:53:10.8624496Z         "expected": "MATRIZ_CONTENIDO",
2026-09-09T19:53:10.8624744Z         "actual": "MATRIZ_CONTENIDO"
2026-09-09T19:53:10.8624980Z       },
2026-09-09T19:53:10.8625152Z       {
2026-09-09T19:53:10.8625329Z         "treatment": "FALLO",
2026-09-09T19:53:10.8625552Z         "field": "evidence",
2026-09-09T19:53:10.8625778Z         "expected": "MATRIZ_CONTENIDO",
2026-09-09T19:53:10.8626023Z         "actual": "MATRIZ_CONTENIDO"
2026-09-09T19:53:10.8626250Z       },
2026-09-09T19:53:10.8626415Z       {
2026-09-09T19:53:10.8626600Z         "treatment": "REPRODUCCION",
2026-09-09T19:53:10.8626851Z         "field": "operation",
2026-09-09T19:53:10.8627079Z         "expected": "MATRIZ_CONTENIDO",
2026-09-09T19:53:10.8627326Z         "actual": "MATRIZ_CONTENIDO"
2026-09-09T19:53:10.8627551Z       },
2026-09-09T19:53:10.8627721Z       {
2026-09-09T19:53:10.8627900Z         "treatment": "REPRODUCCION",
2026-09-09T19:53:10.8628136Z         "field": "contract",
2026-09-09T19:53:10.8628365Z         "expected": "MATRIZ_CONTENIDO",
2026-09-09T19:53:10.8628613Z         "actual": "MATRIZ_CONTENIDO"
2026-09-09T19:53:10.8628845Z       },
2026-09-09T19:53:10.8629012Z       {
2026-09-09T19:53:10.8629197Z         "treatment": "REPRODUCCION",
2026-09-09T19:53:10.8629451Z         "field": "available",
2026-09-09T19:53:10.8629687Z         "expected": "MATRIZ_CONTENIDO",
2026-09-09T19:53:10.8629932Z         "actual": "MATRIZ_CONTENIDO"
2026-09-09T19:53:10.8630157Z       },
2026-09-09T19:53:10.8630324Z       {
2026-09-09T19:53:10.8630508Z         "treatment": "REPRODUCCION",
2026-09-09T19:53:10.8630756Z         "field": "excluded",
2026-09-09T19:53:10.8630986Z         "expected": "MATRIZ_CONTENIDO",
2026-09-09T19:53:10.8631231Z         "actual": "MATRIZ_CONTENIDO"
2026-09-09T19:53:10.8631462Z       },
2026-09-09T19:53:10.8631631Z       {
2026-09-09T19:53:10.8631818Z         "treatment": "REPRODUCCION",
2026-09-09T19:53:10.8632062Z         "field": "responsible",
2026-09-09T19:53:10.8632299Z         "expected": "MATRIZ_CONTENIDO",
2026-09-09T19:53:10.8653726Z         "actual": "MATRIZ_CONTENIDO"
2026-09-09T19:53:10.8654120Z       },
2026-09-09T19:53:10.8654325Z       {
2026-09-09T19:53:10.8654683Z         "treatment": "REPRODUCCION",
2026-09-09T19:53:10.8654964Z         "field": "stage",
2026-09-09T19:53:10.8655207Z         "expected": "MATRIZ_CONTENIDO",
2026-09-09T19:53:10.8655476Z         "actual": "MATRIZ_CONTENIDO"
2026-09-09T19:53:10.8655711Z       },
2026-09-09T19:53:10.8655883Z       {
2026-09-09T19:53:10.8656070Z         "treatment": "REPRODUCCION",
2026-09-09T19:53:10.8656335Z         "field": "reentry_condition",
2026-09-09T19:53:10.8656587Z         "expected": "MATRIZ_CONTENIDO",
2026-09-09T19:53:10.8656838Z         "actual": "MATRIZ_CONTENIDO"
2026-09-09T19:53:10.8657064Z       },
2026-09-09T19:53:10.8657234Z       {
2026-09-09T19:53:10.8657417Z         "treatment": "REPRODUCCION",
2026-09-09T19:53:10.8657657Z         "field": "evidence",
2026-09-09T19:53:10.8657890Z         "expected": "MATRIZ_CONTENIDO",
2026-09-09T19:53:10.8658140Z         "actual": "MATRIZ_CONTENIDO"
2026-09-09T19:53:10.8658368Z       },
2026-09-09T19:53:10.8658633Z       {
2026-09-09T19:53:10.8658828Z         "treatment": "SOPORTE",
2026-09-09T19:53:10.8659071Z         "field": "operation",
2026-09-09T19:53:10.8659311Z         "expected": "MATRIZ_CONTENIDO",
2026-09-09T19:53:10.8659564Z         "actual": "MATRIZ_CONTENIDO"
2026-09-09T19:53:10.8659794Z       },
2026-09-09T19:53:10.8659972Z       {
2026-09-09T19:53:10.8660153Z         "treatment": "SOPORTE",
2026-09-09T19:53:10.8660387Z         "field": "contract",
2026-09-09T19:53:10.8660618Z         "expected": "MATRIZ_CONTENIDO",
2026-09-09T19:53:10.8660868Z         "actual": "MATRIZ_CONTENIDO"
2026-09-09T19:53:10.8661098Z       },
2026-09-09T19:53:10.8661265Z       {
2026-09-09T19:53:10.8661454Z         "treatment": "SOPORTE",
2026-09-09T19:53:10.8661683Z         "field": "available",
2026-09-09T19:53:10.8661920Z         "expected": "MATRIZ_CONTENIDO",
2026-09-09T19:53:10.8662172Z         "actual": "MATRIZ_CONTENIDO"
2026-09-09T19:53:10.8662522Z       },
2026-09-09T19:53:10.8662699Z       {
2026-09-09T19:53:10.8662889Z         "treatment": "SOPORTE",
2026-09-09T19:53:10.8663129Z         "field": "excluded",
2026-09-09T19:53:10.8663372Z         "expected": "MATRIZ_CONTENIDO",
2026-09-09T19:53:10.8663677Z         "actual": "MATRIZ_CONTENIDO"
2026-09-09T19:53:10.8663906Z       },
2026-09-09T19:53:10.8664078Z       {
2026-09-09T19:53:10.8664256Z         "treatment": "SOPORTE",
2026-09-09T19:53:10.8664479Z         "field": "responsible",
2026-09-09T19:53:10.8664713Z         "expected": "MATRIZ_CONTENIDO",
2026-09-09T19:53:10.8664958Z         "actual": "MATRIZ_CONTENIDO"
2026-09-09T19:53:10.8665185Z       },
2026-09-09T19:53:10.8665353Z       {
2026-09-09T19:53:10.8665533Z         "treatment": "SOPORTE",
2026-09-09T19:53:10.8665755Z         "field": "stage",
2026-09-09T19:53:10.8665976Z         "expected": "MATRIZ_CONTENIDO",
2026-09-09T19:53:10.8666221Z         "actual": "MATRIZ_CONTENIDO"
2026-09-09T19:53:10.8666456Z       },
2026-09-09T19:53:10.8666622Z       {
2026-09-09T19:53:10.8666798Z         "treatment": "SOPORTE",
2026-09-09T19:53:10.8667039Z         "field": "reentry_condition",
2026-09-09T19:53:10.8667292Z         "expected": "MATRIZ_CONTENIDO",
2026-09-09T19:53:10.8667541Z         "actual": "MATRIZ_CONTENIDO"
2026-09-09T19:53:10.8667766Z       },
2026-09-09T19:53:10.8667934Z       {
2026-09-09T19:53:10.8668113Z         "treatment": "SOPORTE",
2026-09-09T19:53:10.8668337Z         "field": "evidence",
2026-09-09T19:53:10.8668566Z         "expected": "MATRIZ_CONTENIDO",
2026-09-09T19:53:10.8668817Z         "actual": "MATRIZ_CONTENIDO"
2026-09-09T19:53:10.8669056Z       },
2026-09-09T19:53:10.8669224Z       {
2026-09-09T19:53:10.8669410Z         "treatment": "CONSTITUCION",
2026-09-09T19:53:10.8669651Z         "field": "operation",
2026-09-09T19:53:10.8669884Z         "expected": "MATRIZ_CONTENIDO",
2026-09-09T19:53:10.8670138Z         "actual": "MATRIZ_CONTENIDO"
2026-09-09T19:53:10.8670364Z       },
2026-09-09T19:53:10.8670531Z       {
2026-09-09T19:53:10.8670717Z         "treatment": "CONSTITUCION",
2026-09-09T19:53:10.8670957Z         "field": "contract",
2026-09-09T19:53:10.8671282Z         "expected": "MATRIZ_CONTENIDO",
2026-09-09T19:53:10.8671568Z         "actual": "MATRIZ_CONTENIDO"
2026-09-09T19:53:10.8671805Z       },
2026-09-09T19:53:10.8671981Z       {
2026-09-09T19:53:10.8672168Z         "treatment": "CONSTITUCION",
2026-09-09T19:53:10.8672511Z         "field": "available",
2026-09-09T19:53:10.8672750Z         "expected": "MATRIZ_CONTENIDO",
2026-09-09T19:53:10.8672996Z         "actual": "MATRIZ_CONTENIDO"
2026-09-09T19:53:10.8673225Z       },
2026-09-09T19:53:10.8673392Z       {
2026-09-09T19:53:10.8673574Z         "treatment": "CONSTITUCION",
2026-09-09T19:53:10.8673816Z         "field": "excluded",
2026-09-09T19:53:10.8674043Z         "expected": "MATRIZ_CONTENIDO",
2026-09-09T19:53:10.8674298Z         "actual": "MATRIZ_CONTENIDO"
2026-09-09T19:53:10.8674528Z       },
2026-09-09T19:53:10.8674700Z       {
2026-09-09T19:53:10.8674877Z         "treatment": "CONSTITUCION",
2026-09-09T19:53:10.8675116Z         "field": "responsible",
2026-09-09T19:53:10.8675416Z         "expected": "MATRIZ_CONTENIDO",
2026-09-09T19:53:10.8675657Z         "actual": "MATRIZ_CONTENIDO"
2026-09-09T19:53:10.8675875Z       },
2026-09-09T19:53:10.8676039Z       {
2026-09-09T19:53:10.8676214Z         "treatment": "CONSTITUCION",
2026-09-09T19:53:10.8676443Z         "field": "stage",
2026-09-09T19:53:10.8676679Z         "expected": "MATRIZ_CONTENIDO",
2026-09-09T19:53:10.8676923Z         "actual": "MATRIZ_CONTENIDO"
2026-09-09T19:53:10.8677143Z       },
2026-09-09T19:53:10.8677313Z       {
2026-09-09T19:53:10.8677496Z         "treatment": "CONSTITUCION",
2026-09-09T19:53:10.8677744Z         "field": "reentry_condition",
2026-09-09T19:53:10.8677994Z         "expected": "MATRIZ_CONTENIDO",
2026-09-09T19:53:10.8678243Z         "actual": "MATRIZ_CONTENIDO"
2026-09-09T19:53:10.8678469Z       },
2026-09-09T19:53:10.8678636Z       {
2026-09-09T19:53:10.8678819Z         "treatment": "CONSTITUCION",
2026-09-09T19:53:10.8679058Z         "field": "evidence",
2026-09-09T19:53:10.8679302Z         "expected": "MATRIZ_CONTENIDO",
2026-09-09T19:53:10.8679550Z         "actual": "MATRIZ_CONTENIDO"
2026-09-09T19:53:10.8679779Z       },
2026-09-09T19:53:10.8679950Z       {
2026-09-09T19:53:10.8680162Z         "treatment": "PERIMETRO",
2026-09-09T19:53:10.8680404Z         "field": "operation",
2026-09-09T19:53:10.8680636Z         "expected": "MATRIZ_CONTENIDO",
2026-09-09T19:53:10.8680881Z         "actual": "MATRIZ_CONTENIDO"
2026-09-09T19:53:10.8681109Z       },
2026-09-09T19:53:10.8681277Z       {
2026-09-09T19:53:10.8681462Z         "treatment": "PERIMETRO",
2026-09-09T19:53:10.8681703Z         "field": "contract",
2026-09-09T19:53:10.8681930Z         "expected": "MATRIZ_CONTENIDO",
2026-09-09T19:53:10.8682174Z         "actual": "MATRIZ_CONTENIDO"
2026-09-09T19:53:10.8682523Z       },
2026-09-09T19:53:10.8682694Z       {
2026-09-09T19:53:10.8682872Z         "treatment": "PERIMETRO",
2026-09-09T19:53:10.8683115Z         "field": "available",
2026-09-09T19:53:10.8683350Z         "expected": "MATRIZ_CONTENIDO",
2026-09-09T19:53:10.8683603Z         "actual": "MATRIZ_CONTENIDO"
2026-09-09T19:53:10.8683830Z       },
2026-09-09T19:53:10.8683996Z       {
2026-09-09T19:53:10.8684182Z         "treatment": "PERIMETRO",
2026-09-09T19:53:10.8684410Z         "field": "excluded",
2026-09-09T19:53:10.8684640Z         "expected": "MATRIZ_CONTENIDO",
2026-09-09T19:53:10.8684886Z         "actual": "MATRIZ_CONTENIDO"
2026-09-09T19:53:10.8685110Z       },
2026-09-09T19:53:10.8685275Z       {
2026-09-09T19:53:10.8685455Z         "treatment": "PERIMETRO",
2026-09-09T19:53:10.8685693Z         "field": "responsible",
2026-09-09T19:53:10.8685927Z         "expected": "MATRIZ_CONTENIDO",
2026-09-09T19:53:10.8686181Z         "actual": "MATRIZ_CONTENIDO"
2026-09-09T19:53:10.8686408Z       },
2026-09-09T19:53:10.8686575Z       {
2026-09-09T19:53:10.8686765Z         "treatment": "PERIMETRO",
2026-09-09T19:53:10.8686994Z         "field": "stage",
2026-09-09T19:53:10.8687218Z         "expected": "MATRIZ_CONTENIDO",
2026-09-09T19:53:10.8687563Z         "actual": "MATRIZ_CONTENIDO"
2026-09-09T19:53:10.8687804Z       },
2026-09-09T19:53:10.8687979Z       {
2026-09-09T19:53:10.8688163Z         "treatment": "PERIMETRO",
2026-09-09T19:53:10.8688405Z         "field": "reentry_condition",
2026-09-09T19:53:10.8688659Z         "expected": "MATRIZ_CONTENIDO",
2026-09-09T19:53:10.8688911Z         "actual": "MATRIZ_CONTENIDO"
2026-09-09T19:53:10.8689141Z       },
2026-09-09T19:53:10.8689328Z       {
2026-09-09T19:53:10.8689509Z         "treatment": "PERIMETRO",
2026-09-09T19:53:10.8689740Z         "field": "evidence",
2026-09-09T19:53:10.8689970Z         "expected": "MATRIZ_CONTENIDO",
2026-09-09T19:53:10.8690218Z         "actual": "MATRIZ_CONTENIDO"
2026-09-09T19:53:10.8690443Z       }
2026-09-09T19:53:10.8690610Z     ]
2026-09-09T19:53:10.8690790Z   }
2026-09-09T19:53:10.8690959Z }
2026-09-09T19:53:10.8744550Z Node 20 is being deprecated. This workflow is running with Node 24 by default. If you need to temporarily use Node 20, you can set the ACTIONS_ALLOW_USE_UNSECURE_NODE_VERSION=true environment variable. For more information see: https://github.blog/changelog/2025-09-19-deprecation-of-node-20-on-github-actions-runners/
2026-09-09T19:53:10.8746439Z ##[group]Run actions/upload-artifact@v4
2026-09-09T19:53:10.8746708Z with:
2026-09-09T19:53:10.8746912Z   name: gh-lig-documental
2026-09-09T19:53:10.8747145Z   if-no-files-found: error
2026-09-09T19:53:10.8747382Z   retention-days: 90
2026-09-09T19:53:10.8747600Z   path: artifacts/gh-lig/
2026-09-09T19:53:10.8747826Z   compression-level: 6
2026-09-09T19:53:10.8748036Z   overwrite: false
2026-09-09T19:53:10.8748254Z   include-hidden-files: false
2026-09-09T19:53:10.8748488Z ##[endgroup]
2026-09-09T19:53:11.0343644Z (node:2998) [DEP0040] DeprecationWarning: The `punycode` module is deprecated. Please use a userland alternative instead.
2026-09-09T19:53:11.0344441Z (Use `node --trace-deprecation ...` to show where the warning was created)
2026-09-09T19:53:11.0398862Z With the provided path, there will be 2 files uploaded
2026-09-09T19:53:11.0401810Z Artifact name is valid!
2026-09-09T19:53:11.0402742Z Root directory input is valid!
2026-09-09T19:53:11.3265659Z Beginning upload of artifact content to blob storage
2026-09-09T19:53:11.3498801Z (node:2998) [DEP0169] DeprecationWarning: `url.parse()` behavior is not standardized and prone to errors that have security implications. Use the WHATWG URL API instead. CVEs are not issued for `url.parse()` vulnerabilities.
2026-09-09T19:53:11.4821989Z Uploaded bytes 13173
2026-09-09T19:53:11.5228844Z Finished uploading artifact content to blob storage!
2026-09-09T19:53:11.5229730Z SHA256 digest of uploaded artifact zip is b45f294c7975dee428099632131e85cd51d707bb205d02af58f52aa867f0a95b
2026-09-09T19:53:11.5232115Z Finalizing artifact upload
2026-09-09T19:53:11.7390538Z Artifact gh-lig-documental.zip successfully finalized. Artifact ID 10122161274
2026-09-09T19:53:11.7391885Z Artifact gh-lig-documental has been successfully uploaded! Final size is 13173 bytes. Artifact ID is 10122161274
2026-09-09T19:53:11.7403706Z Artifact download URL: https://github.com/juantoniolloretegea/SV-lenguaje-de-computacion/actions/runs/34397677412/artifacts/10122161274
2026-09-09T19:53:11.7534089Z ##[group]Run cargo test --manifest-path rust/Cargo.toml --workspace
2026-09-09T19:53:11.7534564Z [36;1mcargo test --manifest-path rust/Cargo.toml --workspace[0m
2026-09-09T19:53:11.7556808Z shell: /usr/bin/bash -e {0}
2026-09-09T19:53:11.7557083Z ##[endgroup]
2026-09-09T19:53:11.7778975Z warning: associated function `from_core_id` is never used
2026-09-09T19:53:11.7779582Z    --> sv_core/src/control.rs:155:27
2026-09-09T19:53:11.7779995Z     |
2026-09-09T19:53:11.7780302Z 141 |           impl $name {
2026-09-09T19:53:11.7780789Z     |           ---------- associated function in this implementation
2026-09-09T19:53:11.7781311Z ...
2026-09-09T19:53:11.7781716Z 155 |               pub(crate) fn from_core_id(id: ControlId) -> Self {
2026-09-09T19:53:11.7782221Z     |                             ^^^^^^^^^^^^
2026-09-09T19:53:11.7782794Z ...
2026-09-09T19:53:11.7783116Z 162 | / opaque_control_ref!(
2026-09-09T19:53:11.7783526Z 163 | |     InformationRef,
2026-09-09T19:53:11.7784486Z 164 | |     "Referencia nominal a información dentro del dominio de control."
2026-09-09T19:53:11.7785102Z 165 | | );
2026-09-09T19:53:11.7785418Z     | |_- in this macro invocation
2026-09-09T19:53:11.7785808Z     |
2026-09-09T19:53:11.7786272Z     = note: `#[warn(dead_code)]` (part of `#[warn(unused)]`) on by default
2026-09-09T19:53:11.7787356Z     = note: this warning originates in the macro `opaque_control_ref` (in Nightly builds, run with -Z macro-backtrace for more info)
2026-09-09T19:53:11.7788150Z 
2026-09-09T19:53:11.7788402Z warning: associated function `from_core_id` is never used
2026-09-09T19:53:11.7788965Z    --> sv_core/src/control.rs:155:27
2026-09-09T19:53:11.7789380Z     |
2026-09-09T19:53:11.7789690Z 141 |           impl $name {
2026-09-09T19:53:11.7790181Z     |           ---------- associated function in this implementation
2026-09-09T19:53:11.7790943Z ...
2026-09-09T19:53:11.7791211Z 155 |               pub(crate) fn from_core_id(id: ControlId) -> Self {
2026-09-09T19:53:11.7791558Z     |                             ^^^^^^^^^^^^
2026-09-09T19:53:11.7791818Z ...
2026-09-09T19:53:11.7792015Z 166 | / opaque_control_ref!(
2026-09-09T19:53:11.7792279Z 167 | |     AdmittedEvidenceRef,
2026-09-09T19:53:11.7792966Z 168 | |     "Referencia a evidencia cuya admisión debe proceder de una verificación gobernada."
2026-09-09T19:53:11.7793488Z 169 | | );
2026-09-09T19:53:11.7793743Z     | |_- in this macro invocation
2026-09-09T19:53:11.7794112Z     |
2026-09-09T19:53:11.7794790Z     = note: this warning originates in the macro `opaque_control_ref` (in Nightly builds, run with -Z macro-backtrace for more info)
2026-09-09T19:53:11.7795519Z 
2026-09-09T19:53:11.7795663Z warning: associated function `from_core_id` is never used
2026-09-09T19:53:11.7796012Z    --> sv_core/src/control.rs:155:27
2026-09-09T19:53:11.7796344Z     |
2026-09-09T19:53:11.7796525Z 141 |           impl $name {
2026-09-09T19:53:11.7796808Z     |           ---------- associated function in this implementation
2026-09-09T19:53:11.7797115Z ...
2026-09-09T19:53:11.7797362Z 155 |               pub(crate) fn from_core_id(id: ControlId) -> Self {
2026-09-09T19:53:11.7797682Z     |                             ^^^^^^^^^^^^
2026-09-09T19:53:11.7797925Z ...
2026-09-09T19:53:11.7798107Z 170 | / opaque_control_ref!(
2026-09-09T19:53:11.7798352Z 171 | |     ConstitutedFactRef,
2026-09-09T19:53:11.7798797Z 172 | |     "Referencia a un hecho semántico constituido; no equivale a autoridad."
2026-09-09T19:53:11.7799158Z 173 | | );
2026-09-09T19:53:11.7799398Z     | |_- in this macro invocation
2026-09-09T19:53:11.7799695Z     |
2026-09-09T19:53:11.7800240Z     = note: this warning originates in the macro `opaque_control_ref` (in Nightly builds, run with -Z macro-backtrace for more info)
2026-09-09T19:53:11.7800756Z 
2026-09-09T19:53:11.7801054Z warning: associated function `from_core_id` is never used
2026-09-09T19:53:11.7801458Z    --> sv_core/src/control.rs:155:27
2026-09-09T19:53:11.7801863Z     |
2026-09-09T19:53:11.7805169Z 141 |           impl $name {
2026-09-09T19:53:11.7805664Z     |           ---------- associated function in this implementation
2026-09-09T19:53:11.7806010Z ...
2026-09-09T19:53:11.7806258Z 155 |               pub(crate) fn from_core_id(id: ControlId) -> Self {
2026-09-09T19:53:11.7806788Z     |                             ^^^^^^^^^^^^
2026-09-09T19:53:11.7811307Z ...
2026-09-09T19:53:11.7811607Z 174 | / opaque_control_ref!(
2026-09-09T19:53:11.7811967Z 175 | |     AuthorityRef,
2026-09-09T19:53:11.7813072Z 176 | |     "Referencia a autoridad constituida; su constructor no forma parte de la API pública."
2026-09-09T19:53:11.7817392Z 177 | | );
2026-09-09T19:53:11.7817618Z     | |_- in this macro invocation
2026-09-09T19:53:11.7817855Z     |
2026-09-09T19:53:11.7818311Z     = note: this warning originates in the macro `opaque_control_ref` (in Nightly builds, run with -Z macro-backtrace for more info)
2026-09-09T19:53:11.7818753Z 
2026-09-09T19:53:11.7818904Z warning: associated function `from_core_id` is never used
2026-09-09T19:53:11.7819229Z    --> sv_core/src/control.rs:155:27
2026-09-09T19:53:11.7819469Z     |
2026-09-09T19:53:11.7819657Z 141 |           impl $name {
2026-09-09T19:53:11.7819936Z     |           ---------- associated function in this implementation
2026-09-09T19:53:11.7820256Z ...
2026-09-09T19:53:11.7820498Z 155 |               pub(crate) fn from_core_id(id: ControlId) -> Self {
2026-09-09T19:53:11.7820817Z     |                             ^^^^^^^^^^^^
2026-09-09T19:53:11.7821062Z ...
2026-09-09T19:53:11.7821250Z 178 | / opaque_control_ref!(
2026-09-09T19:53:11.7821482Z 179 | |     EnablementRef,
2026-09-09T19:53:11.7821980Z 180 | |     "Referencia a una habilitación de autoridad ya existente; no amplía autoridad."
2026-09-09T19:53:11.7822568Z 181 | | );
2026-09-09T19:53:11.7822782Z     | |_- in this macro invocation
2026-09-09T19:53:11.7823185Z     |
2026-09-09T19:53:11.7823626Z     = note: this warning originates in the macro `opaque_control_ref` (in Nightly builds, run with -Z macro-backtrace for more info)
2026-09-09T19:53:11.7824062Z 
2026-09-09T19:53:11.7824202Z warning: associated function `from_core_id` is never used
2026-09-09T19:53:11.7824530Z    --> sv_core/src/control.rs:155:27
2026-09-09T19:53:11.7824771Z     |
2026-09-09T19:53:11.7824952Z 141 |           impl $name {
2026-09-09T19:53:11.7825229Z     |           ---------- associated function in this implementation
2026-09-09T19:53:11.7825532Z ...
2026-09-09T19:53:11.7825764Z 155 |               pub(crate) fn from_core_id(id: ControlId) -> Self {
2026-09-09T19:53:11.7826078Z     |                             ^^^^^^^^^^^^
2026-09-09T19:53:11.7826319Z ...
2026-09-09T19:53:11.7826512Z 186 | / opaque_control_ref!(
2026-09-09T19:53:11.7826737Z 187 | |     FormRef,
2026-09-09T19:53:11.7827255Z 188 | |     "Referencia a una forma de transición constituida."
2026-09-09T19:53:11.7827854Z 189 | | );
2026-09-09T19:53:11.7828216Z     | |_- in this macro invocation
2026-09-09T19:53:11.7828626Z     |
2026-09-09T19:53:11.7829073Z     = note: this warning originates in the macro `opaque_control_ref` (in Nightly builds, run with -Z macro-backtrace for more info)
2026-09-09T19:53:11.7829500Z 
2026-09-09T19:53:11.7829644Z warning: associated function `from_core_id` is never used
2026-09-09T19:53:11.7829969Z    --> sv_core/src/control.rs:155:27
2026-09-09T19:53:11.7830208Z     |
2026-09-09T19:53:11.7830394Z 141 |           impl $name {
2026-09-09T19:53:11.7830675Z     |           ---------- associated function in this implementation
2026-09-09T19:53:11.7830973Z ...
2026-09-09T19:53:11.7831221Z 155 |               pub(crate) fn from_core_id(id: ControlId) -> Self {
2026-09-09T19:53:11.7831538Z     |                             ^^^^^^^^^^^^
2026-09-09T19:53:11.7831787Z ...
2026-09-09T19:53:11.7831970Z 190 | / opaque_control_ref!(
2026-09-09T19:53:11.7832214Z 191 | |     EffectFamilyRef,
2026-09-09T19:53:11.7832746Z 192 | |     "Referencia a una familia de efectos fijada por constitución."
2026-09-09T19:53:11.7833094Z 193 | | );
2026-09-09T19:53:11.7833429Z     | |_- in this macro invocation
2026-09-09T19:53:11.7833689Z     |
2026-09-09T19:53:11.7834140Z     = note: this warning originates in the macro `opaque_control_ref` (in Nightly builds, run with -Z macro-backtrace for more info)
2026-09-09T19:53:11.7834570Z 
2026-09-09T19:53:11.7834713Z warning: associated function `from_core_id` is never used
2026-09-09T19:53:11.7835046Z    --> sv_core/src/control.rs:155:27
2026-09-09T19:53:11.7835297Z     |
2026-09-09T19:53:11.7835482Z 141 |           impl $name {
2026-09-09T19:53:11.7835765Z     |           ---------- associated function in this implementation
2026-09-09T19:53:11.7836064Z ...
2026-09-09T19:53:11.7836308Z 155 |               pub(crate) fn from_core_id(id: ControlId) -> Self {
2026-09-09T19:53:11.7836628Z     |                             ^^^^^^^^^^^^
2026-09-09T19:53:11.7836877Z ...
2026-09-09T19:53:11.7837056Z 194 | / opaque_control_ref!(
2026-09-09T19:53:11.7837282Z 195 | |     EffectRef,
2026-09-09T19:53:11.7837627Z 196 | |     "Referencia a un efecto concreto; identificarlo no equivale a autorizarlo."
2026-09-09T19:53:11.7837997Z 197 | | );
2026-09-09T19:53:11.7838187Z     | |_- in this macro invocation
2026-09-09T19:53:11.7838418Z     |
2026-09-09T19:53:11.7838857Z     = note: this warning originates in the macro `opaque_control_ref` (in Nightly builds, run with -Z macro-backtrace for more info)
2026-09-09T19:53:11.7839276Z 
2026-09-09T19:53:11.7839424Z warning: associated function `from_core_id` is never used
2026-09-09T19:53:11.7839740Z    --> sv_core/src/control.rs:155:27
2026-09-09T19:53:11.7839979Z     |
2026-09-09T19:53:11.7840164Z 141 |           impl $name {
2026-09-09T19:53:11.7840440Z     |           ---------- associated function in this implementation
2026-09-09T19:53:11.7840739Z ...
2026-09-09T19:53:11.7840973Z 155 |               pub(crate) fn from_core_id(id: ControlId) -> Self {
2026-09-09T19:53:11.7841373Z     |                             ^^^^^^^^^^^^
2026-09-09T19:53:11.7841624Z ...
2026-09-09T19:53:11.7841808Z 198 | / opaque_control_ref!(
2026-09-09T19:53:11.7842039Z 199 | |     ContextRef,
2026-09-09T19:53:11.7842531Z 200 | |     "Referencia a una ligadura de contexto relevante para autoridad o forma."
2026-09-09T19:53:11.7842911Z 201 | | );
2026-09-09T19:53:11.7843109Z     | |_- in this macro invocation
2026-09-09T19:53:11.7843341Z     |
2026-09-09T19:53:11.7843788Z     = note: this warning originates in the macro `opaque_control_ref` (in Nightly builds, run with -Z macro-backtrace for more info)
2026-09-09T19:53:11.7844209Z 
2026-09-09T19:53:11.7844422Z warning: associated function `from_core_id` is never used
2026-09-09T19:53:11.7844915Z    --> sv_core/src/control.rs:155:27
2026-09-09T19:53:11.7845341Z     |
2026-09-09T19:53:11.7845660Z 141 |           impl $name {
2026-09-09T19:53:11.7846134Z     |           ---------- associated function in this implementation
2026-09-09T19:53:11.7846653Z ...
2026-09-09T19:53:11.7847029Z 155 |               pub(crate) fn from_core_id(id: ControlId) -> Self {
2026-09-09T19:53:11.7847571Z     |                             ^^^^^^^^^^^^
2026-09-09T19:53:11.7847974Z ...
2026-09-09T19:53:11.7848274Z 202 | / opaque_control_ref!(
2026-09-09T19:53:11.7848674Z 203 | |     AuthorityHolderRef,
2026-09-09T19:53:11.7849491Z 204 | |     "Referencia al titular de una autoridad; no constituye autoridad por sí misma."
2026-09-09T19:53:11.7850182Z 205 | | );
2026-09-09T19:53:11.7850511Z     | |_- in this macro invocation
2026-09-09T19:53:11.7850915Z     |
2026-09-09T19:53:11.7851784Z     = note: this warning originates in the macro `opaque_control_ref` (in Nightly builds, run with -Z macro-backtrace for more info)
2026-09-09T19:53:11.7853256Z 
2026-09-09T19:53:11.7853516Z warning: associated function `from_core_id` is never used
2026-09-09T19:53:11.7854085Z    --> sv_core/src/control.rs:155:27
2026-09-09T19:53:11.7854480Z     |
2026-09-09T19:53:11.7854791Z 141 |           impl $name {
2026-09-09T19:53:11.7855265Z     |           ---------- associated function in this implementation
2026-09-09T19:53:11.7855796Z ...
2026-09-09T19:53:11.7856423Z 155 |               pub(crate) fn from_core_id(id: ControlId) -> Self {
2026-09-09T19:53:11.7857000Z     |                             ^^^^^^^^^^^^
2026-09-09T19:53:11.7857442Z ...
2026-09-09T19:53:11.7857768Z 206 | / opaque_control_ref!(
2026-09-09T19:53:11.7858195Z 207 | |     GovernedObjectRef,
2026-09-09T19:53:11.7858818Z 208 | |     "Referencia a un objeto candidato a pertenecer al dominio gobernado D_a."
2026-09-09T19:53:11.7859503Z 209 | | );
2026-09-09T19:53:11.7859842Z     | |_- in this macro invocation
2026-09-09T19:53:11.7860256Z     |
2026-09-09T19:53:11.7861056Z     = note: this warning originates in the macro `opaque_control_ref` (in Nightly builds, run with -Z macro-backtrace for more info)
2026-09-09T19:53:11.7861824Z 
2026-09-09T19:53:11.7862084Z warning: associated function `from_core_id` is never used
2026-09-09T19:53:11.7862857Z    --> sv_core/src/control.rs:155:27
2026-09-09T19:53:11.7863288Z     |
2026-09-09T19:53:11.7863597Z 141 |           impl $name {
2026-09-09T19:53:11.7864119Z     |           ---------- associated function in this implementation
2026-09-09T19:53:11.7864633Z ...
2026-09-09T19:53:11.7865038Z 155 |               pub(crate) fn from_core_id(id: ControlId) -> Self {
2026-09-09T19:53:11.7865604Z     |                             ^^^^^^^^^^^^
2026-09-09T19:53:11.7866055Z ...
2026-09-09T19:53:11.7866370Z 210 | / opaque_control_ref!(
2026-09-09T19:53:11.7866798Z 211 | |     AccumulationRuleRef,
2026-09-09T19:53:11.7867617Z 212 | |     "Referencia a una regla gobernada de acumulación o a un predicado de traza."
2026-09-09T19:53:11.7868265Z 213 | | );
2026-09-09T19:53:11.7868590Z     | |_- in this macro invocation
2026-09-09T19:53:11.7868958Z     |
2026-09-09T19:53:11.7869715Z     = note: this warning originates in the macro `opaque_control_ref` (in Nightly builds, run with -Z macro-backtrace for more info)
2026-09-09T19:53:11.7870648Z 
2026-09-09T19:53:11.7870903Z warning: associated function `from_core_id` is never used
2026-09-09T19:53:11.7871466Z    --> sv_core/src/control.rs:155:27
2026-09-09T19:53:11.7871888Z     |
2026-09-09T19:53:11.7872200Z 141 |           impl $name {
2026-09-09T19:53:11.7872813Z     |           ---------- associated function in this implementation
2026-09-09T19:53:11.7873342Z ...
2026-09-09T19:53:11.7873750Z 155 |               pub(crate) fn from_core_id(id: ControlId) -> Self {
2026-09-09T19:53:11.7874298Z     |                             ^^^^^^^^^^^^
2026-09-09T19:53:11.7874717Z ...
2026-09-09T19:53:11.7875017Z 214 | / opaque_control_ref!(
2026-09-09T19:53:11.7875398Z 215 | |     RequirementRef,
2026-09-09T19:53:11.7876172Z 216 | |     "Referencia a una obligación de Req; identificarla no acredita su cumplimiento."
2026-09-09T19:53:11.7876826Z 217 | | );
2026-09-09T19:53:11.7877162Z     | |_- in this macro invocation
2026-09-09T19:53:11.7877567Z     |
2026-09-09T19:53:11.7878325Z     = note: this warning originates in the macro `opaque_control_ref` (in Nightly builds, run with -Z macro-backtrace for more info)
2026-09-09T19:53:11.7879074Z 
2026-09-09T19:53:11.7879314Z warning: associated function `from_core_id` is never used
2026-09-09T19:53:11.7879851Z    --> sv_core/src/control.rs:155:27
2026-09-09T19:53:11.7880257Z     |
2026-09-09T19:53:11.7880562Z 141 |           impl $name {
2026-09-09T19:53:11.7881044Z     |           ---------- associated function in this implementation
2026-09-09T19:53:11.7881569Z ...
2026-09-09T19:53:11.7881957Z 155 |               pub(crate) fn from_core_id(id: ControlId) -> Self {
2026-09-09T19:53:11.7882610Z     |                             ^^^^^^^^^^^^
2026-09-09T19:53:11.7883032Z ...
2026-09-09T19:53:11.7883348Z 218 | / opaque_control_ref!(
2026-09-09T19:53:11.7883739Z 219 | |     VerifierRef,
2026-09-09T19:53:11.7884387Z 220 | |     "Referencia a un verificador concreto; su mera existencia no acredita aplicabilidad."
2026-09-09T19:53:11.7885128Z 221 | | );
2026-09-09T19:53:11.7885461Z     | |_- in this macro invocation
2026-09-09T19:53:11.7885877Z     |
2026-09-09T19:53:11.7886841Z     = note: this warning originates in the macro `opaque_control_ref` (in Nightly builds, run with -Z macro-backtrace for more info)
2026-09-09T19:53:11.7887611Z 
2026-09-09T19:53:11.7887853Z warning: associated function `from_core_id` is never used
2026-09-09T19:53:11.7888375Z    --> sv_core/src/control.rs:155:27
2026-09-09T19:53:11.7888833Z     |
2026-09-09T19:53:11.7889133Z 141 |           impl $name {
2026-09-09T19:53:11.7889624Z     |           ---------- associated function in this implementation
2026-09-09T19:53:11.7890147Z ...
2026-09-09T19:53:11.7890571Z 155 |               pub(crate) fn from_core_id(id: ControlId) -> Self {
2026-09-09T19:53:11.7891117Z     |                             ^^^^^^^^^^^^
2026-09-09T19:53:11.7891525Z ...
2026-09-09T19:53:11.7891814Z 222 | / opaque_control_ref!(
2026-09-09T19:53:11.7892241Z 223 | |     VerifierFamilyRef,
2026-09-09T19:53:11.7893301Z 224 | |     "Referencia a una familia de verificadores admisibles para una obligación."
2026-09-09T19:53:11.7893997Z 225 | | );
2026-09-09T19:53:11.7894321Z     | |_- in this macro invocation
2026-09-09T19:53:11.7894715Z     |
2026-09-09T19:53:11.7895460Z     = note: this warning originates in the macro `opaque_control_ref` (in Nightly builds, run with -Z macro-backtrace for more info)
2026-09-09T19:53:11.7896214Z 
2026-09-09T19:53:11.7896444Z warning: associated function `from_core_id` is never used
2026-09-09T19:53:11.7896944Z    --> sv_core/src/control.rs:155:27
2026-09-09T19:53:11.7897332Z     |
2026-09-09T19:53:11.7897617Z 141 |           impl $name {
2026-09-09T19:53:11.7898043Z     |           ---------- associated function in this implementation
2026-09-09T19:53:11.7898591Z ...
2026-09-09T19:53:11.7898998Z 155 |               pub(crate) fn from_core_id(id: ControlId) -> Self {
2026-09-09T19:53:11.7899541Z     |                             ^^^^^^^^^^^^
2026-09-09T19:53:11.7900258Z ...
2026-09-09T19:53:11.7900583Z 226 | / opaque_control_ref!(
2026-09-09T19:53:11.7900992Z 227 | |     ApplicabilityRuleRef,
2026-09-09T19:53:11.7901797Z 228 | |     "Referencia a una regla previamente constituida de aplicabilidad de comprobación."
2026-09-09T19:53:11.7902594Z 229 | | );
2026-09-09T19:53:11.7902950Z     | |_- in this macro invocation
2026-09-09T19:53:11.7903329Z     |
2026-09-09T19:53:11.7904036Z     = note: this warning originates in the macro `opaque_control_ref` (in Nightly builds, run with -Z macro-backtrace for more info)
2026-09-09T19:53:11.7904699Z 
2026-09-09T19:53:11.7904954Z warning: associated function `from_core_id` is never used
2026-09-09T19:53:11.7905457Z    --> sv_core/src/control.rs:155:27
2026-09-09T19:53:11.7905859Z     |
2026-09-09T19:53:11.7906195Z 141 |           impl $name {
2026-09-09T19:53:11.7906667Z     |           ---------- associated function in this implementation
2026-09-09T19:53:11.7907157Z ...
2026-09-09T19:53:11.7907550Z 155 |               pub(crate) fn from_core_id(id: ControlId) -> Self {
2026-09-09T19:53:11.7908096Z     |                             ^^^^^^^^^^^^
2026-09-09T19:53:11.7908486Z ...
2026-09-09T19:53:11.7908806Z 230 | / opaque_control_ref!(
2026-09-09T19:53:11.7909206Z 231 | |     ConflictResolutionRuleRef,
2026-09-09T19:53:11.7910205Z 232 | |     "Referencia a una regla previamente constituida de resolución de conflicto entre comprobaciones."
2026-09-09T19:53:11.7910965Z 233 | | );
2026-09-09T19:53:11.7911275Z     | |_- in this macro invocation
2026-09-09T19:53:11.7911656Z     |
2026-09-09T19:53:11.7912570Z     = note: this warning originates in the macro `opaque_control_ref` (in Nightly builds, run with -Z macro-backtrace for more info)
2026-09-09T19:53:11.7913346Z 
2026-09-09T19:53:11.7913570Z warning: associated function `from_core_id` is never used
2026-09-09T19:53:11.7914082Z    --> sv_core/src/control.rs:155:27
2026-09-09T19:53:11.7914473Z     |
2026-09-09T19:53:11.7914763Z 141 |           impl $name {
2026-09-09T19:53:11.7915229Z     |           ---------- associated function in this implementation
2026-09-09T19:53:11.7915732Z ...
2026-09-09T19:53:11.7916121Z 155 |               pub(crate) fn from_core_id(id: ControlId) -> Self {
2026-09-09T19:53:11.7916830Z     |                             ^^^^^^^^^^^^
2026-09-09T19:53:11.7917224Z ...
2026-09-09T19:53:11.7917497Z 234 | / opaque_control_ref!(
2026-09-09T19:53:11.7917836Z 235 | |     CoverageRuleRef,
2026-09-09T19:53:11.7918563Z 236 | |     "Referencia a una regla previamente constituida de cobertura de comprobaciones exigibles."
2026-09-09T19:53:11.7919302Z 237 | | );
2026-09-09T19:53:11.7919597Z     | |_- in this macro invocation
2026-09-09T19:53:11.7919973Z     |
2026-09-09T19:53:11.7920682Z     = note: this warning originates in the macro `opaque_control_ref` (in Nightly builds, run with -Z macro-backtrace for more info)
2026-09-09T19:53:11.7921435Z 
2026-09-09T19:53:11.7921689Z warning: associated function `from_core_id` is never used
2026-09-09T19:53:11.7922260Z    --> sv_core/src/control.rs:155:27
2026-09-09T19:53:11.7922819Z     |
2026-09-09T19:53:11.7923205Z 141 |           impl $name {
2026-09-09T19:53:11.7923733Z     |           ---------- associated function in this implementation
2026-09-09T19:53:11.7924235Z ...
2026-09-09T19:53:11.7924606Z 155 |               pub(crate) fn from_core_id(id: ControlId) -> Self {
2026-09-09T19:53:11.7925141Z     |                             ^^^^^^^^^^^^
2026-09-09T19:53:11.7925504Z ...
2026-09-09T19:53:11.7925694Z 238 | / opaque_control_ref!(
2026-09-09T19:53:11.7925936Z 239 | |     ReuseRuleRef,
2026-09-09T19:53:11.7926491Z 240 | |     "Referencia a una regla previamente constituida de reutilización de resultados cualificados."
2026-09-09T19:53:11.7926947Z 241 | | );
2026-09-09T19:53:11.7927150Z     | |_- in this macro invocation
2026-09-09T19:53:11.7927388Z     |
2026-09-09T19:53:11.7927844Z     = note: this warning originates in the macro `opaque_control_ref` (in Nightly builds, run with -Z macro-backtrace for more info)
2026-09-09T19:53:11.7928449Z 
2026-09-09T19:53:11.7928603Z warning: associated function `from_core_id` is never used
2026-09-09T19:53:11.7928934Z    --> sv_core/src/control.rs:155:27
2026-09-09T19:53:11.7929195Z     |
2026-09-09T19:53:11.7929398Z 141 |           impl $name {
2026-09-09T19:53:11.7929707Z     |           ---------- associated function in this implementation
2026-09-09T19:53:11.7930003Z ...
2026-09-09T19:53:11.7930241Z 155 |               pub(crate) fn from_core_id(id: ControlId) -> Self {
2026-09-09T19:53:11.7930562Z     |                             ^^^^^^^^^^^^
2026-09-09T19:53:11.7930809Z ...
2026-09-09T19:53:11.7930999Z 242 | / opaque_control_ref!(
2026-09-09T19:53:11.7931236Z 243 | |     ReuseBindingKeyRef,
2026-09-09T19:53:11.7932129Z 244 | |     "Referencia a una dimensión constituida cuya continuidad puede ser exigible para reutilizar un resultado."
2026-09-09T19:53:11.7932986Z 245 | | );
2026-09-09T19:53:11.7933325Z     | |_- in this macro invocation
2026-09-09T19:53:11.7933703Z     |
2026-09-09T19:53:11.7934382Z     = note: this warning originates in the macro `opaque_control_ref` (in Nightly builds, run with -Z macro-backtrace for more info)
2026-09-09T19:53:11.7935047Z 
2026-09-09T19:53:11.7935285Z warning: associated function `from_core_id` is never used
2026-09-09T19:53:11.7935807Z    --> sv_core/src/control.rs:155:27
2026-09-09T19:53:11.7936199Z     |
2026-09-09T19:53:11.7936508Z 141 |           impl $name {
2026-09-09T19:53:11.7936960Z     |           ---------- associated function in this implementation
2026-09-09T19:53:11.7937446Z ...
2026-09-09T19:53:11.7937722Z 155 |               pub(crate) fn from_core_id(id: ControlId) -> Self {
2026-09-09T19:53:11.7938044Z     |                             ^^^^^^^^^^^^
2026-09-09T19:53:11.7938430Z ...
2026-09-09T19:53:11.7938751Z 246 | / opaque_control_ref!(
2026-09-09T19:53:11.7939159Z 247 | |     ReuseBindingValueRef,
2026-09-09T19:53:11.7940096Z 248 | |     "Referencia al valor constituido de una dimensión de reutilización; identificarlo no acredita su vigencia."
2026-09-09T19:53:11.7940822Z 249 | | );
2026-09-09T19:53:11.7941152Z     | |_- in this macro invocation
2026-09-09T19:53:11.7941503Z     |
2026-09-09T19:53:11.7942586Z     = note: this warning originates in the macro `opaque_control_ref` (in Nightly builds, run with -Z macro-backtrace for more info)
2026-09-09T19:53:11.7943247Z 
2026-09-09T19:53:11.7943432Z warning: constant `PROFILE_ID` is never used
2026-09-09T19:53:11.7943925Z  --> sv_core/src/identifier_profile.rs:6:18
2026-09-09T19:53:11.7944313Z   |
2026-09-09T19:53:11.7944729Z 6 | pub(crate) const PROFILE_ID: &str = "svp-grammar-0.2-lex-es-1";
2026-09-09T19:53:11.7945310Z   |                  ^^^^^^^^^^
2026-09-09T19:53:11.7945540Z 
2026-09-09T19:53:11.7945765Z warning: function `is_reserved_word` is never used
2026-09-09T19:53:11.7946275Z   --> sv_core/src/identifier_profile.rs:22:15
2026-09-09T19:53:11.7946722Z    |
2026-09-09T19:53:11.7947106Z 22 | pub(crate) fn is_reserved_word(word: &str) -> bool {
2026-09-09T19:53:11.7947617Z    |               ^^^^^^^^^^^^^^^^
2026-09-09T19:53:11.7947886Z 
2026-09-09T19:53:11.7948102Z warning: method `matches_descriptor` is never used
2026-09-09T19:53:11.7948612Z    --> sv_core/src/requirements_reuse.rs:121:19
2026-09-09T19:53:11.7949057Z     |
2026-09-09T19:53:11.7949354Z  44 | impl ReuseRule {
2026-09-09T19:53:11.7949740Z     | -------------- method in this implementation
2026-09-09T19:53:11.7950198Z ...
2026-09-09T19:53:11.7950787Z 121 |     pub(crate) fn matches_descriptor(&self, descriptor: &RequirementDescriptor) -> bool {
2026-09-09T19:53:11.7951590Z     |                   ^^^^^^^^^^^^^^^^^^
2026-09-09T19:53:11.7951876Z 
2026-09-09T19:53:11.7952161Z warning: hiding a lifetime that's elided elsewhere is confusing
2026-09-09T19:53:11.7952928Z     --> sv_core/src/frontend.rs:2146:13
2026-09-09T19:53:11.7953311Z      |
2026-09-09T19:53:11.7953611Z 2146 |     fn peek(&self) -> &Token {
2026-09-09T19:53:11.7954049Z      |             ^^^^^     ^^^^^^
2026-09-09T19:53:11.7954448Z      |             |         ||
2026-09-09T19:53:11.7955057Z      |             |         |the same lifetime is hidden here
2026-09-09T19:53:11.7955594Z      |             |         the same lifetime is elided here
2026-09-09T19:53:11.7956127Z      |             the lifetime is elided here
2026-09-09T19:53:11.7956563Z      |
2026-09-09T19:53:11.7957165Z      = help: the same lifetime is referred to in inconsistent ways, making the signature confusing
2026-09-09T19:53:11.7957992Z      = note: `#[warn(mismatched_lifetime_syntaxes)]` on by default
2026-09-09T19:53:11.7958580Z help: use `'_` for type paths
2026-09-09T19:53:11.7958937Z      |
2026-09-09T19:53:11.7959289Z 2146 |     fn peek(&self) -> &Token<'_> {
2026-09-09T19:53:11.7959740Z      |                             ++++
2026-09-09T19:53:11.7966988Z 
2026-09-09T19:53:11.7968157Z warning: `sv_core` (lib) generated 25 warnings (run `cargo fix --lib -p sv_core` to apply 1 suggestion)
2026-09-09T19:53:11.7969997Z    Compiling sv_wasm v0.1.0 (/home/runner/work/SV-lenguaje-de-computacion/SV-lenguaje-de-computacion/rust/sv_wasm)
2026-09-09T19:53:11.7972182Z    Compiling sv_native v0.1.0 (/home/runner/work/SV-lenguaje-de-computacion/SV-lenguaje-de-computacion/rust/sv_native)
2026-09-09T19:53:11.7973473Z    Compiling sv_core v0.1.0 (/home/runner/work/SV-lenguaje-de-computacion/SV-lenguaje-de-computacion/rust/sv_core)
2026-09-09T19:53:12.8365451Z warning: function `check_witness` is never used
2026-09-09T19:53:12.8393660Z   --> sv_core/examples/../../../tests/row7_gh/probe.rs:59:8
2026-09-09T19:53:12.8423087Z    |
2026-09-09T19:53:12.8453378Z 59 | pub fn check_witness(witness: &str) -> Result<(), String> {
2026-09-09T19:53:12.8453949Z    |        ^^^^^^^^^^^^^
2026-09-09T19:53:12.8454358Z    |
2026-09-09T19:53:12.8454861Z    = note: `#[warn(dead_code)]` (part of `#[warn(unused)]`) on by default
2026-09-09T19:53:12.8455186Z 
2026-09-09T19:53:13.6242707Z warning: `sv_core` (example "gh_binding_probe_browser") generated 1 warning
2026-09-09T19:53:14.8524309Z warning: function `report` is never used
2026-09-09T19:53:14.8525792Z    --> sv_core/tests/../../../tests/row7_bindings/cases.rs:165:8
2026-09-09T19:53:14.8526654Z     |
2026-09-09T19:53:14.8527214Z 165 | pub fn report()->Result<String,String> {
2026-09-09T19:53:14.8528096Z     |        ^^^^^^
2026-09-09T19:53:14.8528593Z     |
2026-09-09T19:53:14.8529186Z     = note: `#[warn(dead_code)]` (part of `#[warn(unused)]`) on by default
2026-09-09T19:53:14.8540355Z 
2026-09-09T19:53:15.1866381Z warning: `sv_core` (example "gh_binding_probe") generated 1 warning (1 duplicate)
2026-09-09T19:53:15.4951899Z warning: `sv_core` (test "bindings") generated 1 warning
2026-09-09T19:53:17.6426602Z warning: function `permission_plan` is never used
2026-09-09T19:53:17.6427495Z    --> sv_core/src/authority/transitions/reuse_tests.rs:288:4
2026-09-09T19:53:17.6428141Z     |
2026-09-09T19:53:17.6428579Z 288 | fn permission_plan() -> GenesisPlan {
2026-09-09T19:53:17.6429142Z     |    ^^^^^^^^^^^^^^^
2026-09-09T19:53:17.6429556Z     |
2026-09-09T19:53:17.6430119Z     = note: `#[warn(dead_code)]` (part of `#[warn(unused)]`) on by default
2026-09-09T19:53:17.6430510Z 
2026-09-09T19:53:20.7379768Z warning: `sv_core` (lib test) generated 4 warnings (3 duplicates)
2026-09-09T19:53:20.7380355Z     Finished `test` profile [unoptimized + debuginfo] target(s) in 8.97s
2026-09-09T19:53:20.7399780Z      Running unittests src/lib.rs (rust/target/debug/deps/sv_core-9f6bf0705a27b544)
2026-09-09T19:53:20.7410321Z 
2026-09-09T19:53:20.7410837Z running 211 tests
2026-09-09T19:53:20.7413348Z test admissibility::tests::admissibility_labels_are_exact ... ok
2026-09-09T19:53:20.7414185Z test admissibility::tests::admissibility_spec_rejects_missing_rule ... ok
2026-09-09T19:53:20.7415154Z test admissibility::tests::admissibility_spec_rejects_zero_parameter_id ... ok
2026-09-09T19:53:20.7416245Z test admissibility::tests::admissibility_state_is_exactly_the_closed_v0_2_set ... ok
2026-09-09T19:53:20.7417517Z test admissibility::tests::admitted_observation_does_not_itself_create_tri ... ok
2026-09-09T19:53:20.7418825Z test admissibility::tests::only_ok_and_degraded_are_positively_admitted ... ok
2026-09-09T19:53:20.7419680Z test admissibility::tests::technical_capture_failure_remains_outside_tri ... ok
2026-09-09T19:53:20.7420553Z test admissibility::tests::valid_admissibility_spec_preserves_identity_parameter_and_rule ... ok
2026-09-09T19:53:20.7421449Z test authority::tests::authority_rejects_effect_outside_its_governed_domain ... ok
2026-09-09T19:53:20.7422242Z test authority::tests::authority_rejects_effect_outside_its_context ... ok
2026-09-09T19:53:20.7434201Z test authority::tests::constituted_authority_binds_holder_context_envelope_and_domain ... ok
2026-09-09T19:53:20.7434875Z test authority::tests::effect_envelope_uses_the_complete_effect_scope ... ok
2026-09-09T19:53:20.7435410Z test authority::tests::duplicate_members_do_not_expand_envelope_or_domain ... ok
2026-09-09T19:53:20.7436341Z test authority::tests::effect_scope_requires_complete_constituted_effect_and_domain ... ok
2026-09-09T19:53:20.7437430Z test authority::tests::form_descriptor_freezes_the_constituted_dimensions ... ok
2026-09-09T19:53:20.7438197Z test authority::tests::form_scope_requires_family_and_context_together ... ok
2026-09-09T19:53:20.7438981Z test authority::tests::governed_domain_membership_is_decidable_before_exercise ... ok
2026-09-09T19:53:20.7439981Z test authority::transitions::reuse_tests::accredited_but_incomplete_coverage_never_forms_permit ... ok
2026-09-09T19:53:20.7440985Z test authority::transitions::reuse_tests::complete_governed_da_forms_a_sealed_permit ... ok
2026-09-09T19:53:20.7442037Z test authority::transitions::reuse_tests::duplicate_reuse_binding_key_rejects_t0_atomically ... ok
2026-09-09T19:53:20.7443452Z test authority::transitions::reuse_tests::duplicate_reuse_rule_reference_across_requirements_rejects_t0_atomically ... ok
2026-09-09T19:53:20.7444615Z test authority::transitions::reuse_tests::empty_reuse_binding_set_rejects_t0_atomically ... ok
2026-09-09T19:53:20.7445738Z test authority::transitions::reuse_tests::adapter_error_after_dispatch_is_indeterminate_not_non_execution ... ok
2026-09-09T19:53:20.7447311Z test authority::transitions::reuse_tests::different_effect_cannot_cross_mediation_with_valid_permit ... ok
2026-09-09T19:53:20.7448599Z test authority::transitions::reuse_tests::effect_outside_required_authority_scope_is_closed_before_permit ... ok
2026-09-09T19:53:20.7452638Z test authority::transitions::reuse_tests::form_without_required_authority_cannot_form_permit ... ok
2026-09-09T19:53:20.7461115Z test authority::transitions::reuse_tests::mediated_t_e_executes_once_and_records_append_only_trace ... ok
2026-09-09T19:53:20.7462688Z test authority::transitions::reuse_tests::governed_accumulation_contracts_remain_closed_before_adapter ... ok
2026-09-09T19:53:20.7463610Z test authority::transitions::reuse_tests::form_effect_mismatch_is_closed_before_permit ... ok
2026-09-09T19:53:20.7464629Z test authority::transitions::reuse_tests::r1_4_unit_one_does_not_make_authorizing_classes_productive ... ok
2026-09-09T19:53:20.7465515Z test authority::transitions::reuse_tests::r1_4_unit_three_does_not_make_authorizing_classes_productive ... ok
2026-09-09T19:53:20.7466524Z test authority::transitions::reuse_tests::non_exercise_commitment_is_rejected_before_adapter_dispatch ... ok
2026-09-09T19:53:20.7467340Z test authority::transitions::reuse_tests::r1_4_unit_two_does_not_make_authorizing_classes_productive ... ok
2026-09-09T19:53:20.7468356Z test authority::transitions::reuse_tests::idempotent_requires_new_governed_attempt_and_new_exercise_ref ... ok
2026-09-09T19:53:20.7469199Z test authority::transitions::reuse_tests::not_verifiable_requirements_never_form_positive_permit ... ok
2026-09-09T19:53:20.7470448Z test authority::transitions::reuse_tests::r1_5_conflict_trace_preserves_each_individual_check_before_dn_resolution ... ok
2026-09-09T19:53:20.7471989Z test authority::transitions::reuse_tests::r1_5_refuted_decision_is_traced_without_mediation_or_exercise ... ok
2026-09-09T19:53:20.7473560Z test authority::transitions::reuse_tests::r1_5_traced_chain_from_t0_binds_decision_mediation_and_real_exercise ... ok
2026-09-09T19:53:20.7475131Z test authority::transitions::reuse_tests::r1_5_incomplete_coverage_traces_resolved_da_as_qualified_dn ... ok
2026-09-09T19:53:20.7476487Z test authority::transitions::reuse_tests::refuted_requirements_never_form_positive_permit ... ok
2026-09-09T19:53:20.7479780Z test authority::transitions::reuse_tests::valid_permit_is_consumed_into_exact_mediated_commitment ... ok
2026-09-09T19:53:20.7481731Z test authority::transitions::tests::applicability_mismatch_rejects_whole_genesis ... ok
2026-09-09T19:53:20.7488611Z test authority::transitions::reuse_tests::single_use_blocks_second_dispatch_after_confirmed_exercise ... ok
2026-09-09T19:53:20.7490038Z test authority::transitions::tests::authority_effect_outside_context_is_rejected_without_partial_state ... ok
2026-09-09T19:53:20.7491542Z test authority::transitions::reuse_tests::single_use_blocks_second_dispatch_after_indeterminate_attempt ... ok
2026-09-09T19:53:20.7494676Z test authority::transitions::tests::authority_effect_outside_domain_is_rejected_without_partial_state ... ok
2026-09-09T19:53:20.7496065Z test authority::transitions::reuse_tests::reuse_rule_is_constituted_by_t0_and_bound_to_requirement ... ok
2026-09-09T19:53:20.7497603Z test authority::transitions::tests::authorizing_form_requires_prior_authority_reference ... ok
2026-09-09T19:53:20.7498846Z test authority::transitions::tests::conflict_rule_without_applicable_decisive_verifier_rejects_t0_atomically ... ok
2026-09-09T19:53:20.7500141Z test authority::transitions::tests::controlled_form_without_context_is_rejected_before_constitution ... ok
2026-09-09T19:53:20.7501316Z test authority::transitions::tests::consumed_external_premise_cannot_seed_another_genesis ... ok
2026-09-09T19:53:20.7502909Z test authority::transitions::tests::coverage_required_verifier_without_applicability_rejects_t0_atomically ... ok
2026-09-09T19:53:20.7504108Z test authority::transitions::tests::duplicate_authority_reference_is_rejected_atomically ... ok
2026-09-09T19:53:20.7505181Z test authority::transitions::tests::coverage_rule_is_constituted_by_t0_and_bound_to_requirement ... ok
2026-09-09T19:53:20.7506696Z test authority::transitions::tests::duplicate_conflict_rule_reference_across_requirements_rejects_t0_atomically ... ok
2026-09-09T19:53:20.7508034Z test authority::transitions::tests::controlled_form_without_requirements_is_rejected_atomically ... ok
2026-09-09T19:53:20.7509007Z test authority::transitions::tests::empty_coverage_required_set_rejects_t0_atomically ... ok
2026-09-09T19:53:20.7510018Z test authority::transitions::tests::duplicate_coverage_required_verifier_rejects_t0_atomically ... ok
2026-09-09T19:53:20.7511201Z test authority::transitions::tests::duplicate_coverage_rule_reference_across_requirements_rejects_t0_atomically ... ok
2026-09-09T19:53:20.7512300Z test authority::transitions::tests::duplicate_form_reference_is_rejected_atomically ... ok
2026-09-09T19:53:20.7513537Z test authority::transitions::tests::governance_constitutive_and_recovery_remain_non_productive ... ok
2026-09-09T19:53:20.7514500Z test authority::transitions::tests::missing_required_authority_is_rejected ... ok
2026-09-09T19:53:20.7515399Z test authority::transitions::tests::information_verification_enablement_and_exercise_are_non_authorizing ... ok
2026-09-09T19:53:20.7516475Z test authority::transitions::tests::missing_mandatory_core_rejects_whole_genesis ... ok
2026-09-09T19:53:20.7517436Z test authority::transitions::tests::only_genesis_has_productive_disposition_in_r1_3_unit_2 ... ok
2026-09-09T19:53:20.7518487Z test authority::transitions::tests::rejected_empty_genesis_does_not_consume_t0_or_premise ... ok
2026-09-09T19:53:20.7519522Z test authority::transitions::tests::uncontrolled_genesis_remains_valid_without_requirements ... ok
2026-09-09T19:53:20.7520399Z test authority::transitions::tests::second_t0_on_the_same_continuity_is_rejected ... ok
2026-09-09T19:53:20.7521195Z test c03_tests::c03_rejects_criticalities_while_no_surface_producer_exists ... ok
2026-09-09T19:53:20.7522476Z test authority::transitions::tests::valid_t0_constitutes_initial_state_and_consumes_genesis ... ok
2026-09-09T19:53:20.7523245Z test c03_tests::c03_rejects_external_or_duplicated_evaluation_sources ... ok
2026-09-09T19:53:20.7524128Z test c03_tests::c03_accepts_a_coherent_declared_subset_without_exhaustivity ... ok
2026-09-09T19:53:20.7524652Z test c03_tests::c03_rejects_a_gate_or_supervision_that_escapes_the_causal_closure ... ok
2026-09-09T19:53:20.7525199Z test c03_tests::c03_rejects_states_outside_architecture_or_multiple_states_for_one_node ... ok
2026-09-09T19:53:20.7525780Z test control_tests::continuity_occupancy_has_distinct_uninhabited_and_inhabited_states ... ok
2026-09-09T19:53:20.7526320Z test control_tests::check_results_are_exactly_the_three_sec0d_results ... ok
2026-09-09T19:53:20.7526813Z test control_tests::technical_check_results_are_a_type_distinct_from_tri ... ok
2026-09-09T19:53:20.7527286Z test control_tests::control_id_rejects_empty_or_blank_identifiers ... ok
2026-09-09T19:53:20.7527769Z test decision_trace::tests::decision_references_are_structural_ordinals ... ok
2026-09-09T19:53:20.7528218Z test equivalence::tests::json_escape_is_deterministic ... ok
2026-09-09T19:53:20.7528662Z test execution::tests::decimal_successor_is_unbounded_by_machine_word_width ... ok
2026-09-09T19:53:20.7529159Z test frame_tests::distinct_architecture_nodes_accept_distinct_states ... ok
2026-09-09T19:53:20.7529601Z test frame_tests::duplicate_eval_source_is_rejected ... ok
2026-09-09T19:53:20.7530036Z test control_tests::protected_reference_categories_are_nominally_distinct ... ok
2026-09-09T19:53:20.7530485Z test frame_tests::duplicate_state_reference_is_rejected ... ok
2026-09-09T19:53:20.7531050Z test frame_tests::eval_source_outside_frame_is_rejected ... ok
2026-09-09T19:53:20.7531810Z test decision_trace::tests::decimal_successor_is_not_machine_word_bounded ... ok
2026-09-09T19:53:20.7533019Z test frame_tests::frame_is_not_exhaustive ... ok
2026-09-09T19:53:20.7533790Z test control_tests::transition_classes_preserve_the_eight_contractual_labels ... ok
2026-09-09T19:53:20.7534827Z test frame_tests::gate_input_outside_frame_is_rejected ... ok
2026-09-09T19:53:20.7535530Z test frame_tests::non_empty_criticalities_are_rejected ... ok
2026-09-09T19:53:20.7536255Z test frame_tests::multiple_states_for_same_node_are_rejected ... ok
2026-09-09T19:53:20.7537025Z test frame_tests::supervision_cell_target_inside_frame_is_valid ... ok
2026-09-09T19:53:20.7537775Z test frame_tests::state_outside_architecture_is_rejected ... ok
2026-09-09T19:53:20.7538545Z test frame_tests::supervision_cell_target_outside_frame_is_rejected ... ok
2026-09-09T19:53:20.7539413Z test frame_tests::supervision_composed_target_outside_frame_is_rejected ... ok
2026-09-09T19:53:20.7540315Z test frame_tests::supervision_system_target_matching_architecture_is_valid ... ok
2026-09-09T19:53:20.7541154Z test frame_tests::supervision_meta_eval_outside_frame_is_rejected ... ok
2026-09-09T19:53:20.7541786Z test frame_tests::supervision_system_target_must_match_architecture ... ok
2026-09-09T19:53:20.7547137Z test frontend::source_profile_public_tests_2a::selector_textual_y_abi_son_cerrados_y_estables ... ok
2026-09-09T19:53:20.7548529Z test frame_tests::valid_frame_preserves_declared_references_and_unbounded_nat_index ... ok
2026-09-09T19:53:20.7549890Z test frontend::profile_catalog_tests_2a::catalogos_y_aislamiento_interperfil_son_exhaustivos ... ok
2026-09-09T19:53:20.7551063Z test frontend::tests::sha256_matches_known_vector ... ok
2026-09-09T19:53:20.7551996Z test identifier_profile::tests::cubre_la_ortografia_espanola_del_perfil ... ok
2026-09-09T19:53:20.7553715Z test identifier_profile::tests::excluye_formas_no_canónicas_y_otros_alfabetos ... ok
2026-09-09T19:53:20.7554888Z test identifier_profile::tests::las_palabras_reservadas_no_son_identificadores ... ok
2026-09-09T19:53:20.7555879Z test ir_tests::admissibility_state_order_from_ir_is_preserved ... ok
2026-09-09T19:53:20.7557196Z test ir_tests::frame_ir_preserves_unbounded_index_declared_order_and_immutability ... ok
2026-09-09T19:53:20.7645044Z test frontend::union_surface_index_tests_2a::indice_conjunto_preserva_identidad_y_pertenencia_de_perfil ... ok
2026-09-09T19:53:20.7646086Z test ir_tests::object_type_and_level_are_derived_not_supplied ... ok
2026-09-09T19:53:20.7646978Z test frontend::tests::query_context_variants_are_materialized_as_closed_ir_variants ... ok
2026-09-09T19:53:20.7647864Z test ir_tests::program_header_is_fixed_and_order_is_preserved ... ok
2026-09-09T19:53:20.7648580Z test ir_tests::operation_type_and_result_are_derived_not_supplied ... ok
2026-09-09T19:53:20.7649346Z test ir_tests::query_and_supervision_variants_keep_canonical_labels ... ok
2026-09-09T19:53:20.7650173Z test ir_tests::resolve_operation_preserves_identified_target_and_instances ... ok
2026-09-09T19:53:20.7651024Z test ir_tests::trajectory_append_only_is_constitutive_in_the_representation ... ok
2026-09-09T19:53:20.7651807Z test ir_tests::tri_has_distinct_language_and_ir_labels ... ok
2026-09-09T19:53:20.7653444Z test multisource_assembly_tests_2b::el_perfil_erroneo_no_se_rescata_por_la_otra_unidad ... ok
2026-09-09T19:53:20.7654407Z test multisource_assembly_tests_2b::admite_las_cuatro_combinaciones_de_perfil ... ok
2026-09-09T19:53:20.7655582Z test multisource_assembly_tests_2b::la_identidad_de_ensamblaje_es_determinista_y_sensible_al_orden ... ok
2026-09-09T19:53:20.7656757Z test multisource_assembly_tests_2b::las_colisiones_globales_se_rechazan ... ok
2026-09-09T19:53:20.7657711Z test nat::tests::nat_accepts_values_beyond_u64_without_narrowing ... ok
2026-09-09T19:53:20.7658615Z test nat::tests::nat_has_one_internal_decimal_representation_per_value ... ok
2026-09-09T19:53:20.7659435Z test nat::tests::nat_rejects_non_decimal_material ... ok
2026-09-09T19:53:20.7660392Z test multisource_assembly_tests_2b::referencia_transfronteriza_exige_el_ensamblaje_global ... ok
2026-09-09T19:53:20.7661602Z test requirements::tests::aggregation_rejects_duplicate_check_for_same_requirement ... ok
2026-09-09T19:53:20.7663026Z test multisource_assembly_tests_2b::una_produccion_no_puede_cruzar_la_frontera_de_archivo ... ok
2026-09-09T19:53:20.7664421Z test requirements::tests::aggregation_rejects_same_reference_with_different_material_binding ... ok
2026-09-09T19:53:20.7665527Z test requirements::tests::aggregation_requires_complete_coverage ... ok
2026-09-09T19:53:20.7666819Z      Running tests/admissibility_table_causal.rs (rust/target/debug/deps/admissibility_table_causal-8911373653e15fdc)
2026-09-09T19:53:20.7668288Z      Running tests/architecture_type_guards.rs (rust/target/debug/deps/architecture_type_guards-e63f5ba1c527b1f9)
2026-09-09T19:53:20.7669528Z      Running tests/bindings.rs (rust/target/debug/deps/bindings-e3479c09a1b0b2e2)
2026-09-09T19:53:20.7670442Z test requirements::tests::all_accredited_aggregates_to_da ... ok
2026-09-09T19:53:20.7671446Z test requirements::tests::applicability_must_match_requirement_context_family_and_rule ... ok
2026-09-09T19:53:20.7673131Z test requirements::tests::nominal_da_cannot_form_an_aggregable_check_without_applicability ... ok
2026-09-09T19:53:20.7674240Z test requirements::tests::dn_is_preserved_when_there_is_no_refutation ... ok
2026-09-09T19:53:20.7675076Z test requirements::tests::refutation_precedes_not_verifiable ... ok
2026-09-09T19:53:20.7675927Z test frontend::tests::compiles_all_current_valid_cases_from_actual_svp_text ... ok
2026-09-09T19:53:20.7676856Z test requirements::tests::requirement_set_rejects_empty_req ... ok
2026-09-09T19:53:20.7677764Z test requirements::tests::requirement_set_rejects_reused_reference ... ok
2026-09-09T19:53:20.7678751Z test requirements::tests::requirement_set_requires_the_non_eludible_core ... ok
2026-09-09T19:53:20.7679803Z test requirements_bridge::tests::aggregation_is_independent_of_result_order ... ok
2026-09-09T19:53:20.7680810Z test requirements_bridge::tests::aggregation_rejects_foreign_material_binding ... ok
2026-09-09T19:53:20.7681668Z test requirements_bridge::tests::aggregation_rejects_duplicate_requirement_result ... ok
2026-09-09T19:53:20.7682970Z test requirements_bridge::tests::aggregation_rejects_unexpected_requirement_result ... ok
2026-09-09T19:53:20.7684022Z test requirements_bridge::tests::aggregation_requires_complete_requirement_coverage ... ok
2026-09-09T19:53:20.7685146Z test requirements_bridge::tests::conflict_without_rule_preserves_each_individual_result ... ok
2026-09-09T19:53:20.7686209Z test requirements_bridge::tests::complete_accreditation_aggregates_to_da ... ok
2026-09-09T19:53:20.7687161Z test requirements_bridge::tests::dn_is_preserved_without_refutation ... ok
2026-09-09T19:53:20.7688352Z test requirements_bridge::tests::homogeneous_single_check_is_sealed_with_descriptor_and_observation ... ok
2026-09-09T19:53:20.7689630Z test requirements_conflict::tests::absent_decisive_verifier_leaves_conflict_at_dn ... ok
2026-09-09T19:53:20.7690905Z test requirements_conflict::tests::accredited_and_not_verifiable_without_rule_remain_not_verifiable ... ok
2026-09-09T19:53:20.7692123Z test requirements_bridge::tests::refutation_precedes_dn_after_resolution ... ok
2026-09-09T19:53:20.7693431Z test requirements_conflict::tests::accredited_and_refuted_without_rule_become_not_verifiable ... ok
2026-09-09T19:53:20.7694568Z test requirements_conflict::tests::decisive_dn_verifier_cannot_promote_conflict ... ok
2026-09-09T19:53:20.7695697Z test requirements_conflict::tests::conflict_result_is_independent_of_input_order ... ok
2026-09-09T19:53:20.7696892Z test requirements_conflict::tests::decisive_accredited_verifier_resolves_conflict_to_da ... ok
2026-09-09T19:53:20.7698100Z test requirements_conflict::tests::decisive_refuted_verifier_resolves_conflict_to_dr ... ok
2026-09-09T19:53:20.7699051Z test requirements_conflict::tests::empty_check_set_is_rejected ... ok
2026-09-09T19:53:20.7699882Z test requirements_conflict::tests::homogeneous_accredited_checks_remain_accredited ... ok
2026-09-09T19:53:20.7700982Z test requirements_conflict::tests::homogeneous_not_verifiable_checks_remain_not_verifiable ... ok
2026-09-09T19:53:20.7702076Z test requirements_conflict::tests::homogeneous_refuted_checks_remain_refuted ... ok
2026-09-09T19:53:20.7703649Z test requirements_conflict::tests::majority_does_not_override_constituted_decisive_verifier ... ok
2026-09-09T19:53:20.7704810Z test requirements_conflict::tests::mixed_requirements_are_not_a_single_conflict ... ok
2026-09-09T19:53:20.7706018Z test requirements_conflict::tests::refuted_and_not_verifiable_without_rule_become_not_verifiable ... ok
2026-09-09T19:53:20.7707322Z test requirements_conflict::tests::public_governed_path_rejects_foreign_material_binding ... ok
2026-09-09T19:53:20.7708541Z test requirements_conflict::tests::repeated_verifier_is_rejected_instead_of_weighted ... ok
2026-09-09T19:53:20.7709785Z test requirements_conflict::tests::public_governed_path_without_rule_keeps_conflict_at_dn ... ok
2026-09-09T19:53:20.7711167Z test requirements_conflict::tests::repeated_verifier_with_incompatible_results_is_rejected_on_public_path ... ok
2026-09-09T19:53:20.7712623Z test requirements_coverage::tests::absence_of_rule_is_not_empty_positive_coverage ... ok
2026-09-09T19:53:20.7713761Z test requirements_coverage::tests::all_required_participants_complete_coverage ... ok
2026-09-09T19:53:20.7714923Z test requirements_coverage::tests::coverage_rule_rejects_duplicate_required_verifier ... ok
2026-09-09T19:53:20.7716156Z test requirements_coverage::tests::accredited_results_without_coverage_rules_aggregate_to_dn ... ok
2026-09-09T19:53:20.7717434Z test requirements_coverage::tests::coverage_rule_identity_is_part_of_the_resolved_binding ... ok
2026-09-09T19:53:20.7718722Z test requirements_coverage::tests::extra_participant_does_not_replace_a_missing_required_one ... ok
2026-09-09T19:53:20.7719907Z test requirements_coverage::tests::coverage_rule_rejects_empty_required_set ... ok
2026-09-09T19:53:20.7721154Z test requirements_coverage::tests::complete_coverage_of_all_accredited_requirements_aggregates_to_da ... ok
2026-09-09T19:53:20.7722628Z test requirements_coverage::tests::missing_required_participant_is_explicit ... ok
2026-09-09T19:53:20.7723771Z test requirements_coverage::tests::refutation_is_not_erased_by_absent_coverage_rule ... ok
2026-09-09T19:53:20.7724838Z test requirements_coverage::tests::missing_required_verifier_prevents_da ... ok
2026-09-09T19:53:20.7725888Z test requirements_coverage::tests::result_from_other_requirement_is_rejected ... ok
2026-09-09T19:53:20.7727122Z test requirements_coverage::tests::rule_bound_to_other_context_is_rejected_even_if_attached_for_test ... ok
2026-09-09T19:53:20.7728264Z test requirements_reuse::tests::changed_context_closes_to_dn ... ok
2026-09-09T19:53:20.7729169Z test requirements_reuse::tests::changed_single_binding_closes_to_dn ... ok
2026-09-09T19:53:20.7730084Z test requirements_reuse::tests::exact_continuity_preserves_da ... ok
2026-09-09T19:53:20.7731069Z test requirements_reuse::tests::exact_continuity_preserves_dn_without_promotion ... ok
2026-09-09T19:53:20.7732045Z test requirements_reuse::tests::exact_continuity_preserves_dr ... ok
2026-09-09T19:53:20.7733157Z test requirements_reuse::tests::incomplete_coverage_cannot_reappear_as_historical_da ... ok
2026-09-09T19:53:20.7734226Z test requirements_reuse::tests::missing_current_rule_closes_to_dn ... ok
2026-09-09T19:53:20.7735179Z test requirements_reuse::tests::other_requirement_is_structural_error ... ok
2026-09-09T19:53:20.7736178Z test requirements_reuse::tests::reuse_rule_rejects_duplicate_binding_key ... ok
2026-09-09T19:53:20.7737169Z test requirements_reuse::tests::reuse_rule_rejects_empty_binding_set ... ok
2026-09-09T19:53:20.7738148Z test resolution_tests::cell_target_u_is_reviewable_and_closure_remains_u ... ok
2026-09-09T19:53:20.7739066Z test resolution_tests::context_instance_must_match_res_spec_exactly ... ok
2026-09-09T19:53:20.7739995Z test resolution_tests::coupled_target_uses_the_effective_updated_vector ... ok
2026-09-09T19:53:20.7741039Z test requirements_reuse::tests::same_rule_reference_with_changed_binding_is_not_reusable ... ok
2026-09-09T19:53:20.7742075Z test resolution_tests::position_beyond_effective_vector_is_rejected ... ok
2026-09-09T19:53:20.7743475Z test resolution_tests::arbitrary_precision_position_cannot_overflow_into_a_valid_index ... ok
2026-09-09T19:53:20.7744589Z test resolution_tests::res_spec_preserves_opaque_contract_references ... ok
2026-09-09T19:53:20.7745567Z test resolution_tests::mechanism_instance_must_match_res_spec_exactly ... ok
2026-09-09T19:53:20.7746527Z test resolution_tests::review_does_not_mutate_the_effective_state ... ok
2026-09-09T19:53:20.7747617Z test resolution_tests::review_material_never_becomes_positive_closure_by_execution_alone ... ok
2026-09-09T19:53:20.7748704Z test resolution_tests::non_evaluable_target_is_rejected_with_e305 ... ok
2026-09-09T19:53:20.7749539Z test resolution_tests::target_value_must_be_a_constituted_u ... ok
2026-09-09T19:53:20.7750352Z test resolution_tests::zero_position_is_rejected_as_not_one_based ... ok
2026-09-09T19:53:20.7751003Z test tests::technical_invalidity_is_not_u ... ok
2026-09-09T19:53:20.7751650Z test tests::tri_has_a_stable_one_byte_representation ... ok
2026-09-09T19:53:20.7752523Z test tests::tri_is_exactly_ternary_at_the_public_boundary ... ok
2026-09-09T19:53:20.7753313Z test tests::tri_numeric_representation_is_canonical ... ok
2026-09-09T19:53:20.7753964Z test tests::tri_roundtrip_is_canonical ... ok
2026-09-09T19:53:20.7754613Z test tests::tri_textual_representation_is_canonical ... ok
2026-09-09T19:53:20.7755422Z test tests::version_constants_match_the_integrated_frontend_contract ... ok
2026-09-09T19:53:20.7756469Z test transition_data_wellformed::tests::decimal_order_does_not_narrow_unbounded_naturals ... ok
2026-09-09T19:53:20.7757516Z test wellformed::tests::decimal_order_does_not_narrow_unbounded_nat ... ok
2026-09-09T19:53:20.7758093Z 
2026-09-09T19:53:20.7758560Z test result: ok. 211 passed; 0 failed; 0 ignored; 0 measured; 0 filtered out; finished in 0.02s
2026-09-09T19:53:20.7759228Z 
2026-09-09T19:53:20.7759379Z 
2026-09-09T19:53:20.7759535Z running 3 tests
2026-09-09T19:53:20.7760046Z test el_cierre_interno_historico_falla_en_sintaxis ... ok
2026-09-09T19:53:20.7760831Z test salida_ajena_al_codominio_alcanza_la_guarda_semantica ... ok
2026-09-09T19:53:20.7761741Z test sustituir_solo_la_salida_por_un_miembro_declarado_admite_la_tabla ... ok
2026-09-09T19:53:20.7762437Z 
2026-09-09T19:53:20.7762891Z test result: ok. 3 passed; 0 failed; 0 ignored; 0 measured; 0 filtered out; finished in 0.00s
2026-09-09T19:53:20.7763539Z 
2026-09-09T19:53:20.7763545Z 
2026-09-09T19:53:20.7763704Z running 3 tests
2026-09-09T19:53:20.7764240Z test compose_graph_exige_composition_graph_en_ambos_perfiles ... ok
2026-09-09T19:53:20.7765119Z test frame_architecture_exige_composition_graph_en_ambos_perfiles ... ok
2026-09-09T19:53:20.7765914Z test frame_y_compose_conservan_sus_controles_validos ... ok
2026-09-09T19:53:20.7766378Z 
2026-09-09T19:53:20.7766827Z test result: ok. 3 passed; 0 failed; 0 ignored; 0 measured; 0 filtered out; finished in 0.00s
2026-09-09T19:53:20.7767485Z 
2026-09-09T19:53:20.7767491Z 
2026-09-09T19:53:20.7767639Z running 45 tests
2026-09-09T19:53:20.7883498Z test l00_esquema ... ok
2026-09-09T19:53:20.7938684Z test l00_identidad_vacia ... ok
2026-09-09T19:53:20.8042853Z test l00_operacion_duplicada ... ok
2026-09-09T19:53:20.8143876Z test l01_version ... ok
2026-09-09T19:53:20.8212784Z test l00_uso_duplicado ... ok
2026-09-09T19:53:20.8302851Z test l02_orden_expectativa ... ok
2026-09-09T19:53:20.8483121Z test l03_programa ... ok
2026-09-09T19:53:20.8512893Z test l04_bytes ... ok
2026-09-09T19:53:20.8542997Z test l05_version_duplicada ... ok
2026-09-09T19:53:20.8688361Z test l06_referencia_ausente ... ok
2026-09-09T19:53:20.8803020Z test l06_referencia_exacta ... ok
2026-09-09T19:53:20.8832911Z test l07_clase ... ok
2026-09-09T19:53:20.8980265Z test l08_instancia_duplicada ... ok
2026-09-09T19:53:20.9055912Z test l09_parametro ... ok
2026-09-09T19:53:20.9172899Z test l09_propietario ... ok
2026-09-09T19:53:20.9292940Z test l10_admision_ajena ... ok
2026-09-09T19:53:20.9336475Z test l10_admision_tipo ... ok
2026-09-09T19:53:20.9373497Z test controles_positivos_preservan_identidad_orden_y_multiplicidad ... ok
2026-09-09T19:53:20.9415588Z test l10_captura_ajena ... ok
2026-09-09T19:53:20.9612926Z test l10_captura_tipo ... ok
2026-09-09T19:53:20.9642881Z test l11_numeral_admision ... ok
2026-09-09T19:53:20.9689626Z test l11_numeral_captura ... ok
2026-09-09T19:53:20.9733037Z test l12_regla ... ok
2026-09-09T19:53:20.9903024Z test l13_espacio ... ok
2026-09-09T19:53:20.9932855Z test l15_operacion ... ok
2026-09-09T19:53:20.9992889Z test l13_ternarizador_ajeno ... ok
2026-09-09T19:53:21.0035045Z test l14_procedencia ... ok
2026-09-09T19:53:21.0159915Z test l15_version_operacion ... ok
2026-09-09T19:53:21.0163113Z test l16_instancia_ausente ... ok
2026-09-09T19:53:21.0293125Z test l17_destino_ausente ... ok
2026-09-09T19:53:21.0322774Z test l18_destino_ausente ... ok
2026-09-09T19:53:21.0456891Z test l18_destino_tipo ... ok
2026-09-09T19:53:21.0473156Z test l18_nodo_ajeno ... ok
2026-09-09T19:53:21.0509063Z test l19_cero ... ok
2026-09-09T19:53:21.0584531Z test l19_diez ... ok
2026-09-09T19:53:21.0733479Z test l20_colision ... ok
2026-09-09T19:53:21.0747424Z test l19_nat_grande ... ok
2026-09-09T19:53:21.0853047Z test l21_comparticion_ausente ... ok
2026-09-09T19:53:21.0933374Z test l22_alias_destino ... ok
2026-09-09T19:53:21.0971339Z test l22_alias_instancia ... ok
2026-09-09T19:53:21.1038840Z test l22_alias_posterior ... ok
2026-09-09T19:53:21.1171786Z test l23_comparticion_incompleta ... ok
2026-09-09T19:53:21.1217526Z test l24_lateral_ausente ... ok
2026-09-09T19:53:21.1219826Z test l23_comparticion_orden ... ok
2026-09-09T19:53:21.1270666Z test l24_lateral_oculta ... ok
2026-09-09T19:53:21.1270939Z 
2026-09-09T19:53:21.1271352Z test result: ok. 45 passed; 0 failed; 0 ignored; 0 measured; 0 filtered out; finished in 0.36s
2026-09-09T19:53:21.1271922Z 
2026-09-09T19:53:21.1274615Z      Running tests/bridge_set.rs (rust/target/debug/deps/bridge_set-38720aba5ea81af3)
2026-09-09T19:53:21.1283694Z 
2026-09-09T19:53:21.1283868Z running 3 tests
2026-09-09T19:53:21.1288771Z test duplicate_nat_positions_are_rejected_before_ir_admission ... ok
2026-09-09T19:53:21.1291119Z test empty_set_and_declared_order_are_preserved ... ok
2026-09-09T19:53:21.1291738Z test existing_range_rejection_keeps_precedence ... ok
2026-09-09T19:53:21.1292145Z 
2026-09-09T19:53:21.1292659Z test result: ok. 3 passed; 0 failed; 0 ignored; 0 measured; 0 filtered out; finished in 0.00s
2026-09-09T19:53:21.1293170Z 
2026-09-09T19:53:21.1293479Z      Running tests/cell_geometry_native.rs (rust/target/debug/deps/cell_geometry_native-f5d08cc51e268b59)
2026-09-09T19:53:21.1301292Z 
2026-09-09T19:53:21.1301536Z running 4 tests
2026-09-09T19:53:21.1306520Z test vector_de_longitud_dieciseis_es_admisible_para_b_cuatro ... ok
2026-09-09T19:53:21.1307637Z test b_menor_que_tres_se_rechaza_nativamente_en_ambos_perfiles ... ok
2026-09-09T19:53:21.1308475Z test b_tres_y_b_cuatro_derivan_nueve_y_dieciseis_posiciones ... ok
2026-09-09T19:53:21.1308955Z test longitud_de_vector_distinta_de_n_se_rechaza_nativamente ... ok
2026-09-09T19:53:21.1309366Z 
2026-09-09T19:53:21.1309782Z test result: ok. 4 passed; 0 failed; 0 ignored; 0 measured; 0 filtered out; finished in 0.00s
2026-09-09T19:53:21.1310151Z 
2026-09-09T19:53:21.1310452Z      Running tests/codomain_uniqueness.rs (rust/target/debug/deps/codomain_uniqueness-9d387cf8f1c88b1b)
2026-09-09T19:53:21.1317253Z 
2026-09-09T19:53:21.1317376Z running 3 tests
2026-09-09T19:53:21.1321762Z test n0_01_rechaza_miembro_duplicado_en_ambos_perfiles ... ok
2026-09-09T19:53:21.1322618Z test n0_01_conserva_codominios_distintos_en_ambos_perfiles ... ok
2026-09-09T19:53:21.1323120Z test n0_01_el_ensamblaje_no_rescata_un_codominio_duplicado ... ok
2026-09-09T19:53:21.1323404Z 
2026-09-09T19:53:21.1323643Z test result: ok. 3 passed; 0 failed; 0 ignored; 0 measured; 0 filtered out; finished in 0.00s
2026-09-09T19:53:21.1323963Z 
2026-09-09T19:53:21.1324385Z      Running tests/context_wellformed.rs (rust/target/debug/deps/context_wellformed-d96c5ed24650c13e)
2026-09-09T19:53:21.1331735Z 
2026-09-09T19:53:21.1332064Z running 11 tests
2026-09-09T19:53:21.1451893Z test query_architecture_gate_entrada_ajena ... ok
2026-09-09T19:53:21.1453614Z test query_architecture_cell_ajena ... ok
2026-09-09T19:53:21.1454360Z test query_architecture_eval_nodo_ajeno ... ok
2026-09-09T19:53:21.1455190Z test query_architecture_eval_celda_ajena ... ok
2026-09-09T19:53:21.1540089Z test query_coverage_silent_u_ajena ... ok
2026-09-09T19:53:21.1573061Z test query_comparison_frame_ajeno ... ok
2026-09-09T19:53:21.1573653Z test query_coverage_interface_ajena ... ok
2026-09-09T19:53:21.1574206Z test query_point_frame_ajeno ... ok
2026-09-09T19:53:21.1613012Z test query_trajectory_ajena ... ok
2026-09-09T19:53:21.1654730Z test trajectory_horizon_arquitectura_distinta ... ok
2026-09-09T19:53:21.1655603Z test trajectory_frame_arquitectura_distinta ... ok
2026-09-09T19:53:21.1655983Z 
2026-09-09T19:53:21.1656381Z test result: ok. 11 passed; 0 failed; 0 ignored; 0 measured; 0 filtered out; finished in 0.03s
2026-09-09T19:53:21.1656972Z 
2026-09-09T19:53:21.1659992Z      Running tests/cyb_authority_boundary.rs (rust/target/debug/deps/cyb_authority_boundary-ad89efce2fcd2b6c)
2026-09-09T19:53:21.1668797Z 
2026-09-09T19:53:21.1669067Z running 9 tests
2026-09-09T19:53:21.2023617Z test fa01_referencia_de_autoridad_privada ... ok
2026-09-09T19:53:21.2053654Z test fa02_macro_no_elude_referencia_privada ... ok
2026-09-09T19:53:21.2056223Z test fa03_premisa_externa_no_fabricable ... ok
2026-09-09T19:53:21.2405070Z test fa04_macro_no_elude_premisa_privada ... ok
2026-09-09T19:53:21.2454413Z test fa06_resultado_elegido_no_es_permiso ... ok
2026-09-09T19:53:21.2499288Z test fa05_ligadura_validada_no_es_autoridad ... ok
2026-09-09T19:53:21.2870889Z test fa07_booleano_no_sustituye_premisa ... ok
2026-09-09T19:53:21.3568898Z test datos_documentales_no_constituyen_autoridad ... ok
2026-09-09T19:53:21.3754101Z test macro_de_datos_nominales_admitida ... ok
2026-09-09T19:53:21.3754478Z 
2026-09-09T19:53:21.3754756Z test result: ok. 9 passed; 0 failed; 0 ignored; 0 measured; 0 filtered out; finished in 0.21s
2026-09-09T19:53:21.3755151Z 
2026-09-09T19:53:21.3755607Z      Running tests/cyb_reception.rs (rust/target/debug/deps/cyb_reception-28ef2efde3c31c5a)
2026-09-09T19:53:21.3765130Z 
2026-09-09T19:53:21.3765856Z running 12 tests
2026-09-09T19:53:21.4043270Z test cyb_instancias_documentales_independientes ... ok
2026-09-09T19:53:21.8303547Z test cyb_rechazos_causales_y_reparaciones ... ok
2026-09-09T19:53:23.5821343Z test cyb_definicion_y_modulos_exactos ... ok
2026-09-09T19:53:24.7743119Z test cyb_ensamblaje_directo ... ok
2026-09-09T19:53:24.7746405Z test probe::json::tests::preserves_fixed_values_order_and_unicode ... ok
2026-09-09T19:53:24.7747456Z test probe::json::tests::rejects_duplicate_and_index_keys ... ok
2026-09-09T19:53:24.7748397Z test probe::json::tests::rejects_invalid_unicode_and_utf8 ... ok
2026-09-09T19:53:24.7749421Z test probe::json::tests::rejects_json_syntax_instead_of_repairing_it ... ok
2026-09-09T19:53:24.7750462Z test probe::json::tests::rejects_numeric_conversion_before_it_loses_information ... ok
2026-09-09T19:53:24.7970812Z test cyb_ensamblaje_inverso ... ok
2026-09-09T19:53:25.0771584Z test cyb_transporte_en ... ok
2026-09-09T19:53:26.1255034Z test cyb_transporte_es ... ok
2026-09-09T19:53:26.1255381Z 
2026-09-09T19:53:26.1255822Z test result: ok. 12 passed; 0 failed; 0 ignored; 0 measured; 0 filtered out; finished in 4.75s
2026-09-09T19:53:26.1256439Z 
2026-09-09T19:53:26.1258671Z      Running tests/diagnostic_frontend.rs (rust/target/debug/deps/diagnostic_frontend-cfe398c76c30e302)
2026-09-09T19:53:26.1267154Z 
2026-09-09T19:53:26.1267285Z running 7 tests
2026-09-09T19:53:26.1271870Z test lexical_character_and_foreign_surface_keep_original_ranges ... ok
2026-09-09T19:53:26.1272871Z test eof_preserves_original_utf8_bytes_and_selected_language ... ok
2026-09-09T19:53:26.1273658Z test optional_fields_repetition_and_order_are_distinct ... ok
2026-09-09T19:53:26.1274515Z test mixed_assembly_attributes_only_the_faulty_unit_even_with_duplicate_file_names ... ok
2026-09-09T19:53:26.1275774Z test quoted_text_is_not_copied_into_the_new_explanation ... ok
2026-09-09T19:53:26.1276547Z test source_hash_changes_with_original_bytes_without_normalization ... ok
2026-09-09T19:53:26.1277496Z test valid_foreign_contextual_identifiers_and_professional_literals_are_unchanged ... ok
2026-09-09T19:53:26.1278110Z 
2026-09-09T19:53:26.1278358Z test result: ok. 7 passed; 0 failed; 0 ignored; 0 measured; 0 filtered out; finished in 0.00s
2026-09-09T19:53:26.1278667Z 
2026-09-09T19:53:26.1278944Z      Running tests/domain_parameters.rs (rust/target/debug/deps/domain_parameters-48cafe0685ab2722)
2026-09-09T19:53:26.1284514Z 
2026-09-09T19:53:26.1284639Z running 3 tests
2026-09-09T19:53:26.1291303Z test exact_names_and_order_are_preserved_without_numeric_binding ... ok
2026-09-09T19:53:26.1292747Z test unconsumed_domain_rejects_repeated_nominal_identity ... ok
2026-09-09T19:53:26.1298637Z test previous_chain_and_reference_rejections_remain_first ... ok
2026-09-09T19:53:26.1299149Z 
2026-09-09T19:53:26.1299564Z test result: ok. 3 passed; 0 failed; 0 ignored; 0 measured; 0 filtered out; finished in 0.00s
2026-09-09T19:53:26.1299897Z 
2026-09-09T19:53:26.1300460Z      Running tests/gh_bindings.rs (rust/target/debug/deps/gh_bindings-af743f2f014cd251)
2026-09-09T19:53:26.1308990Z 
2026-09-09T19:53:26.1309142Z running 8 tests
2026-09-09T19:53:26.1593470Z test antecedente_enmienda ... ok
2026-09-09T19:53:26.1603117Z test atribucion_documental ... ok
2026-09-09T19:53:26.1603433Z test estado_propuesta ... ok
2026-09-09T19:53:26.1603715Z test adjudicacion_separada ... ok
2026-09-09T19:53:26.1843852Z test extremo_de_ventana ... ok
2026-09-09T19:53:26.1863536Z test unidad_metodo_referencia ... ok
2026-09-09T19:53:26.1877468Z test ligaduras_ordenadas ... ok
2026-09-09T19:53:26.1879664Z test u_y_configuracion_ausente ... ok
2026-09-09T19:53:26.1880377Z 
2026-09-09T19:53:26.1880840Z test result: ok. 8 passed; 0 failed; 0 ignored; 0 measured; 0 filtered out; finished in 0.06s
2026-09-09T19:53:26.1881418Z 
2026-09-09T19:53:26.1883221Z      Running tests/grammar_closed_domains.rs (rust/target/debug/deps/grammar_closed_domains-bcf8bb67d13e224c)
2026-09-09T19:53:26.1892517Z 
2026-09-09T19:53:26.1892674Z running 5 tests
2026-09-09T19:53:26.1896305Z test dg01_rechaza_kind_ajeno_en_y_es ... ok
2026-09-09T19:53:26.1896880Z test dg02_rechaza_pattern_ajeno_en_y_es ... ok
2026-09-09T19:53:26.1897462Z test dg03_rechaza_regime_ajeno_en_y_es ... ok
2026-09-09T19:53:26.1898097Z test ensamblaje_no_rescata_un_literal_ajeno_de_otra_unidad ... ok
2026-09-09T19:53:26.1900176Z test dominios_canónicos_siguen_admitidos_en_y_es ... ok
2026-09-09T19:53:26.1900408Z 
2026-09-09T19:53:26.1900845Z test result: ok. 5 passed; 0 failed; 0 ignored; 0 measured; 0 filtered out; finished in 0.00s
2026-09-09T19:53:26.1901406Z 
2026-09-09T19:53:26.1902270Z      Running tests/horizon_architecture.rs (rust/target/debug/deps/horizon_architecture-1615d4acc492fca6)
2026-09-09T19:53:26.1910749Z 
2026-09-09T19:53:26.1910880Z running 5 tests
2026-09-09T19:53:26.1923426Z test n0_04_existing_graph_must_be_wellformed ... ok
2026-09-09T19:53:26.1924302Z test n0_04_forward_reference_preserves_graph_and_events ... ok
2026-09-09T19:53:26.1934628Z test n0_04_missing_wrong_type_self_and_operation_in_both_profiles ... ok
2026-09-09T19:53:26.1937278Z test n0_04_agent_identity_and_equal_missing_names ... ok
2026-09-09T19:53:26.1950147Z test n0_04_mixed_assembly_resolves_or_rejects_in_both_orders ... ok
2026-09-09T19:53:26.1950664Z 
2026-09-09T19:53:26.1951096Z test result: ok. 5 passed; 0 failed; 0 ignored; 0 measured; 0 filtered out; finished in 0.00s
2026-09-09T19:53:26.1951669Z 
2026-09-09T19:53:26.1952111Z      Running tests/horizon_events.rs (rust/target/debug/deps/horizon_events-be5410cda4fd3acb)
2026-09-09T19:53:26.1959600Z 
2026-09-09T19:53:26.1959783Z running 3 tests
2026-09-09T19:53:26.1965052Z test uniqueness_is_local_and_preserves_declared_order ... ok
2026-09-09T19:53:26.1966571Z test duplicate_types_are_rejected_in_an_unconsumed_horizon ... ok
2026-09-09T19:53:26.1968948Z test previous_reference_empty_and_membership_diagnostics_remain_first ... ok
2026-09-09T19:53:26.1969534Z 
2026-09-09T19:53:26.1969804Z test result: ok. 3 passed; 0 failed; 0 ignored; 0 measured; 0 filtered out; finished in 0.00s
2026-09-09T19:53:26.1970165Z 
2026-09-09T19:53:26.1970632Z      Running tests/json_projection.rs (rust/target/debug/deps/json_projection-64ea6a6ff1da5665)
2026-09-09T19:53:26.1978315Z 
2026-09-09T19:53:26.1978467Z running 5 tests
2026-09-09T19:53:26.1985591Z test n0_03_conserva_guarda_previa_del_otro_mapa_variable ... ok
2026-09-09T19:53:26.1986259Z test n0_03_ensamblaje_no_rescata_duplicados_sin_celda ... ok
2026-09-09T19:53:26.1986706Z test n0_03_conserva_claves_compartidas_entre_mapas_y_mapa_vacio ... ok
2026-09-09T19:53:26.1987288Z test n0_03_rechaza_semantica_no_enlazada_en_es_en ... ok
2026-09-09T19:53:26.1987833Z test n0_03_ensamblaje_conserva_ambitos_y_referencias_de_n0_02 ... ok
2026-09-09T19:53:26.1988091Z 
2026-09-09T19:53:26.1988322Z test result: ok. 5 passed; 0 failed; 0 ignored; 0 measured; 0 filtered out; finished in 0.00s
2026-09-09T19:53:26.1988660Z 
2026-09-09T19:53:26.1988929Z      Running tests/optional_fields.rs (rust/target/debug/deps/optional_fields-7aac2bf55c50ed5b)
2026-09-09T19:53:26.1994659Z 
2026-09-09T19:53:26.1994817Z running 2 tests
2026-09-09T19:53:26.1998200Z test optional_absence_and_list_occurrences_are_preserved ... ok
2026-09-09T19:53:26.1999743Z test malformed_declarations_are_rejected_without_a_consumer ... ok
2026-09-09T19:53:26.2000260Z 
2026-09-09T19:53:26.2000676Z test result: ok. 2 passed; 0 failed; 0 ignored; 0 measured; 0 filtered out; finished in 0.00s
2026-09-09T19:53:26.2001153Z 
2026-09-09T19:53:26.2003075Z      Running tests/output_semantics_totality.rs (rust/target/debug/deps/output_semantics_totality-5bda3ca7398b0654)
2026-09-09T19:53:26.2011640Z 
2026-09-09T19:53:26.2011772Z running 6 tests
2026-09-09T19:53:26.2043897Z test n0_02_cada_celda_comprueba_su_codominio_aunque_comparta_semantica ... ok
2026-09-09T19:53:26.2045669Z      Running tests/projection_metadata_native.rs (rust/target/debug/deps/projection_metadata_native-9cceed390e7393ea)
2026-09-09T19:53:26.2046412Z test n0_02_ensambla_relacion_total_entre_unidades_en_es ... ok
2026-09-09T19:53:26.2047155Z test n0_02_otra_semantica_no_completa_la_referenciada ... ok
2026-09-09T19:53:26.2047818Z test n0_02_preserva_orden_y_textos_compartidos_en_es_en ... ok
2026-09-09T19:53:26.2048468Z test n0_02_ensamblaje_no_rescata_relacion_invalida ... ok
2026-09-09T19:53:26.2049221Z test n0_02_rechaza_cuatro_defectos_en_es_en_y_referencias_adelantadas ... ok
2026-09-09T19:53:26.2049735Z 
2026-09-09T19:53:26.2050150Z test result: ok. 6 passed; 0 failed; 0 ignored; 0 measured; 0 filtered out; finished in 0.00s
2026-09-09T19:53:26.2050568Z 
2026-09-09T19:53:26.2055403Z 
2026-09-09T19:53:26.2055601Z running 3 tests
2026-09-09T19:53:26.2063549Z test bytes_fuente_distintos_modifican_la_huella_y_su_emision ... ok
2026-09-09T19:53:26.2065033Z test proyeccion_emite_una_vez_version_fichero_y_huella_reales ... ok
2026-09-09T19:53:26.2066109Z test source_file_modifica_la_proyeccion_sin_alterar_la_huella_del_contenido ... ok
2026-09-09T19:53:26.2066759Z 
2026-09-09T19:53:26.2067910Z      Running tests/transition_data_wellformed.rs (rust/target/debug/deps/transition_data_wellformed-9a9fd0956cc5e69a)
2026-09-09T19:53:26.2069304Z test result: ok. 3 passed; 0 failed; 0 ignored; 0 measured; 0 filtered out; finished in 0.00s
2026-09-09T19:53:26.2069995Z 
2026-09-09T19:53:26.2074929Z 
2026-09-09T19:53:26.2075222Z running 6 tests
2026-09-09T19:53:26.2092192Z test ensamblaje_mixto_no_rescata_transition_data_invalido ... ok
2026-09-09T19:53:26.2100799Z test transition_data_admite_nodos_declarados_posiciones_extremas_e_instancias_compartidas ... ok
2026-09-09T19:53:26.2102250Z test transition_data_rechaza_destino_inducido_repetido_con_valor_igual_o_distinto ... ok
2026-09-09T19:53:26.2104304Z      Running unittests src/main.rs (rust/target/debug/deps/sv_native-0aa23a621949d383)
2026-09-09T19:53:26.2105686Z test transition_data_rechaza_cero_y_posicion_superior_a_n_sin_estrechar_nat ... ok
2026-09-09T19:53:26.2106625Z test transition_data_rechaza_tipo_de_suceso_repetido_con_valor_igual_o_distinto ... ok
2026-09-09T19:53:26.2107519Z test transition_data_rechaza_nodo_ausente_tipo_incorrecto_o_fuera_de_arquitectura ... ok
2026-09-09T19:53:26.2108019Z 
2026-09-09T19:53:26.2108259Z test result: ok. 6 passed; 0 failed; 0 ignored; 0 measured; 0 filtered out; finished in 0.00s
2026-09-09T19:53:26.2108578Z 
2026-09-09T19:53:26.2111661Z 
2026-09-09T19:53:26.2111940Z running 0 tests
2026-09-09T19:53:26.2112175Z 
2026-09-09T19:53:26.2112712Z test result: ok. 0 passed; 0 failed; 0 ignored; 0 measured; 0 filtered out; finished in 0.00s
2026-09-09T19:53:26.2113278Z 
2026-09-09T19:53:26.2113668Z      Running unittests src/lib.rs (rust/target/debug/deps/sv_wasm-30d2e6110c8bbd15)
2026-09-09T19:53:26.2120380Z 
2026-09-09T19:53:26.2120531Z running 2 tests
2026-09-09T19:53:26.2122297Z test tests::exported_versions_match_core ... ok
2026-09-09T19:53:26.2123022Z test tests::wasm_boundary_delegates_tri_to_core ... ok
2026-09-09T19:53:26.2123399Z 
2026-09-09T19:53:26.2123728Z test result: ok. 2 passed; 0 failed; 0 ignored; 0 measured; 0 filtered out; finished in 0.00s
2026-09-09T19:53:26.2124161Z 
2026-09-09T19:53:26.2124260Z    Doc-tests sv_core
2026-09-09T19:53:26.3383210Z 
2026-09-09T19:53:26.3383674Z running 17 tests
2026-09-09T19:53:26.3684166Z test sv_core/src/control.rs - control (line 10) - compile fail ... ok
2026-09-09T19:53:26.3685202Z test sv_core/src/admissibility.rs - admissibility::CaptureOutcome (line 70) - compile fail ... ok
2026-09-09T19:53:26.3716368Z test sv_core/src/authority/transitions.rs - authority::transitions::ExternalGenesisPremise (line 63) - compile fail ... ok
2026-09-09T19:53:26.3717891Z test sv_core/src/admissibility.rs - admissibility::AdmissibilityState (line 11) - compile fail ... ok
2026-09-09T19:53:26.4024662Z test sv_core/src/control.rs - control (line 20) - compile fail ... ok
2026-09-09T19:53:26.4051313Z test sv_core/src/decision_trace.rs - decision_trace::DecisionTrace (line 330) - compile fail ... ok
2026-09-09T19:53:26.4074167Z test sv_core/src/lib.rs - (line 13) - compile fail ... ok
2026-09-09T19:53:26.4154228Z test sv_core/src/execution.rs - execution::ExecutionRequest (line 216) - compile fail ... ok
2026-09-09T19:53:26.4382774Z test sv_core/src/lib.rs - (line 21) - compile fail ... ok
2026-09-09T19:53:26.4384206Z test sv_core/src/lib.rs - (line 17) - compile fail ... ok
2026-09-09T19:53:26.4401631Z test sv_core/src/lib.rs - (line 27) - compile fail ... ok
2026-09-09T19:53:26.4518581Z test sv_core/src/mediation.rs - mediation::MediatedEffectCommitment (line 24) - compile fail ... ok
2026-09-09T19:53:26.4738857Z test sv_core/src/permission.rs - permission (line 10) - compile fail ... ok
2026-09-09T19:53:26.4739787Z test sv_core/src/permission.rs - permission (line 17) - compile fail ... ok
2026-09-09T19:53:26.4789469Z test sv_core/src/requirements_bridge.rs - requirements_bridge::ResolvedRequirementResult (line 121) - compile fail ... ok
2026-09-09T19:53:26.4869273Z test sv_core/src/requirements_reuse.rs - requirements_reuse::HistoricalQualifiedRequirementResult (line 156) - compile fail ... ok
2026-09-09T19:53:26.5014264Z test sv_core/src/requirements_reuse.rs - requirements_reuse::reuse_historical_requirement_result (line 368) - compile fail ... ok
2026-09-09T19:53:26.5015050Z 
2026-09-09T19:53:26.5015465Z test result: ok. 17 passed; 0 failed; 0 ignored; 0 measured; 0 filtered out; finished in 0.16s
2026-09-09T19:53:26.5016016Z 
2026-09-09T19:53:26.5023792Z    Doc-tests sv_wasm
2026-09-09T19:53:26.5149579Z 
2026-09-09T19:53:26.5150040Z running 0 tests
2026-09-09T19:53:26.5150223Z 
2026-09-09T19:53:26.5150493Z test result: ok. 0 passed; 0 failed; 0 ignored; 0 measured; 0 filtered out; finished in 0.00s
2026-09-09T19:53:26.5150868Z 
2026-09-09T19:53:26.5198487Z ##[group]Run cargo build --manifest-path rust/Cargo.toml -p sv_native
2026-09-09T19:53:26.5198980Z [36;1mcargo build --manifest-path rust/Cargo.toml -p sv_native[0m
2026-09-09T19:53:26.5219609Z shell: /usr/bin/bash -e {0}
2026-09-09T19:53:26.5219878Z ##[endgroup]
2026-09-09T19:53:26.5416203Z warning: associated function `from_core_id` is never used
2026-09-09T19:53:26.5416944Z    --> sv_core/src/control.rs:155:27
2026-09-09T19:53:26.5417427Z     |
2026-09-09T19:53:26.5417757Z 141 |           impl $name {
2026-09-09T19:53:26.5418326Z     |           ---------- associated function in this implementation
2026-09-09T19:53:26.5418911Z ...
2026-09-09T19:53:26.5419365Z 155 |               pub(crate) fn from_core_id(id: ControlId) -> Self {
2026-09-09T19:53:26.5419974Z     |                             ^^^^^^^^^^^^
2026-09-09T19:53:26.5420445Z ...
2026-09-09T19:53:26.5420791Z 162 | / opaque_control_ref!(
2026-09-09T19:53:26.5421217Z 163 | |     InformationRef,
2026-09-09T19:53:26.5422450Z 164 | |     "Referencia nominal a información dentro del dominio de control."
2026-09-09T19:53:26.5423134Z 165 | | );
2026-09-09T19:53:26.5423504Z     | |_- in this macro invocation
2026-09-09T19:53:26.5423942Z     |
2026-09-09T19:53:26.5424449Z     = note: `#[warn(dead_code)]` (part of `#[warn(unused)]`) on by default
2026-09-09T19:53:26.5425630Z     = note: this warning originates in the macro `opaque_control_ref` (in Nightly builds, run with -Z macro-backtrace for more info)
2026-09-09T19:53:26.5426510Z 
2026-09-09T19:53:26.5426771Z warning: associated function `from_core_id` is never used
2026-09-09T19:53:26.5427400Z    --> sv_core/src/control.rs:155:27
2026-09-09T19:53:26.5427863Z     |
2026-09-09T19:53:26.5428190Z 141 |           impl $name {
2026-09-09T19:53:26.5428711Z     |           ---------- associated function in this implementation
2026-09-09T19:53:26.5429279Z ...
2026-09-09T19:53:26.5429705Z 155 |               pub(crate) fn from_core_id(id: ControlId) -> Self {
2026-09-09T19:53:26.5430523Z     |                             ^^^^^^^^^^^^
2026-09-09T19:53:26.5430899Z ...
2026-09-09T19:53:26.5431201Z 166 | / opaque_control_ref!(
2026-09-09T19:53:26.5431857Z 167 | |     AdmittedEvidenceRef,
2026-09-09T19:53:26.5432901Z 168 | |     "Referencia a evidencia cuya admisión debe proceder de una verificación gobernada."
2026-09-09T19:53:26.5433438Z 169 | | );
2026-09-09T19:53:26.5433664Z     | |_- in this macro invocation
2026-09-09T19:53:26.5433905Z     |
2026-09-09T19:53:26.5434353Z     = note: this warning originates in the macro `opaque_control_ref` (in Nightly builds, run with -Z macro-backtrace for more info)
2026-09-09T19:53:26.5434792Z 
2026-09-09T19:53:26.5434942Z warning: associated function `from_core_id` is never used
2026-09-09T19:53:26.5435264Z    --> sv_core/src/control.rs:155:27
2026-09-09T19:53:26.5435545Z     |
2026-09-09T19:53:26.5435821Z 141 |           impl $name {
2026-09-09T19:53:26.5436268Z     |           ---------- associated function in this implementation
2026-09-09T19:53:26.5436812Z ...
2026-09-09T19:53:26.5437193Z 155 |               pub(crate) fn from_core_id(id: ControlId) -> Self {
2026-09-09T19:53:26.5437673Z     |                             ^^^^^^^^^^^^
2026-09-09T19:53:26.5437927Z ...
2026-09-09T19:53:26.5438114Z 170 | / opaque_control_ref!(
2026-09-09T19:53:26.5438351Z 171 | |     ConstitutedFactRef,
2026-09-09T19:53:26.5438809Z 172 | |     "Referencia a un hecho semántico constituido; no equivale a autoridad."
2026-09-09T19:53:26.5439183Z 173 | | );
2026-09-09T19:53:26.5439381Z     | |_- in this macro invocation
2026-09-09T19:53:26.5439611Z     |
2026-09-09T19:53:26.5440054Z     = note: this warning originates in the macro `opaque_control_ref` (in Nightly builds, run with -Z macro-backtrace for more info)
2026-09-09T19:53:26.5440487Z 
2026-09-09T19:53:26.5440729Z warning: associated function `from_core_id` is never used
2026-09-09T19:53:26.5441056Z    --> sv_core/src/control.rs:155:27
2026-09-09T19:53:26.5441296Z     |
2026-09-09T19:53:26.5441675Z 141 |           impl $name {
2026-09-09T19:53:26.5441984Z     |           ---------- associated function in this implementation
2026-09-09T19:53:26.5442289Z ...
2026-09-09T19:53:26.5442828Z 155 |               pub(crate) fn from_core_id(id: ControlId) -> Self {
2026-09-09T19:53:26.5443157Z     |                             ^^^^^^^^^^^^
2026-09-09T19:53:26.5443418Z ...
2026-09-09T19:53:26.5443608Z 174 | / opaque_control_ref!(
2026-09-09T19:53:26.5443847Z 175 | |     AuthorityRef,
2026-09-09T19:53:26.5444327Z 176 | |     "Referencia a autoridad constituida; su constructor no forma parte de la API pública."
2026-09-09T19:53:26.5444752Z 177 | | );
2026-09-09T19:53:26.5444951Z     | |_- in this macro invocation
2026-09-09T19:53:26.5445192Z     |
2026-09-09T19:53:26.5445637Z     = note: this warning originates in the macro `opaque_control_ref` (in Nightly builds, run with -Z macro-backtrace for more info)
2026-09-09T19:53:26.5446070Z 
2026-09-09T19:53:26.5446225Z warning: associated function `from_core_id` is never used
2026-09-09T19:53:26.5446554Z    --> sv_core/src/control.rs:155:27
2026-09-09T19:53:26.5446801Z     |
2026-09-09T19:53:26.5446989Z 141 |           impl $name {
2026-09-09T19:53:26.5447277Z     |           ---------- associated function in this implementation
2026-09-09T19:53:26.5447576Z ...
2026-09-09T19:53:26.5447816Z 155 |               pub(crate) fn from_core_id(id: ControlId) -> Self {
2026-09-09T19:53:26.5448141Z     |                             ^^^^^^^^^^^^
2026-09-09T19:53:26.5448387Z ...
2026-09-09T19:53:26.5448580Z 178 | / opaque_control_ref!(
2026-09-09T19:53:26.5448817Z 179 | |     EnablementRef,
2026-09-09T19:53:26.5449264Z 180 | |     "Referencia a una habilitación de autoridad ya existente; no amplía autoridad."
2026-09-09T19:53:26.5449656Z 181 | | );
2026-09-09T19:53:26.5449861Z     | |_- in this macro invocation
2026-09-09T19:53:26.5450098Z     |
2026-09-09T19:53:26.5450539Z     = note: this warning originates in the macro `opaque_control_ref` (in Nightly builds, run with -Z macro-backtrace for more info)
2026-09-09T19:53:26.5451091Z 
2026-09-09T19:53:26.5451234Z warning: associated function `from_core_id` is never used
2026-09-09T19:53:26.5451559Z    --> sv_core/src/control.rs:155:27
2026-09-09T19:53:26.5451807Z     |
2026-09-09T19:53:26.5451991Z 141 |           impl $name {
2026-09-09T19:53:26.5452274Z     |           ---------- associated function in this implementation
2026-09-09T19:53:26.5452753Z ...
2026-09-09T19:53:26.5452993Z 155 |               pub(crate) fn from_core_id(id: ControlId) -> Self {
2026-09-09T19:53:26.5453313Z     |                             ^^^^^^^^^^^^
2026-09-09T19:53:26.5453562Z ...
2026-09-09T19:53:26.5453755Z 186 | / opaque_control_ref!(
2026-09-09T19:53:26.5453981Z 187 | |     FormRef,
2026-09-09T19:53:26.5454319Z 188 | |     "Referencia a una forma de transición constituida."
2026-09-09T19:53:26.5454625Z 189 | | );
2026-09-09T19:53:26.5454821Z     | |_- in this macro invocation
2026-09-09T19:53:26.5455062Z     |
2026-09-09T19:53:26.5455509Z     = note: this warning originates in the macro `opaque_control_ref` (in Nightly builds, run with -Z macro-backtrace for more info)
2026-09-09T19:53:26.5455942Z 
2026-09-09T19:53:26.5456083Z warning: associated function `from_core_id` is never used
2026-09-09T19:53:26.5456405Z    --> sv_core/src/control.rs:155:27
2026-09-09T19:53:26.5456644Z     |
2026-09-09T19:53:26.5456826Z 141 |           impl $name {
2026-09-09T19:53:26.5457114Z     |           ---------- associated function in this implementation
2026-09-09T19:53:26.5457414Z ...
2026-09-09T19:53:26.5457663Z 155 |               pub(crate) fn from_core_id(id: ControlId) -> Self {
2026-09-09T19:53:26.5457980Z     |                             ^^^^^^^^^^^^
2026-09-09T19:53:26.5458225Z ...
2026-09-09T19:53:26.5458408Z 190 | / opaque_control_ref!(
2026-09-09T19:53:26.5458648Z 191 | |     EffectFamilyRef,
2026-09-09T19:53:26.5459027Z 192 | |     "Referencia a una familia de efectos fijada por constitución."
2026-09-09T19:53:26.5459370Z 193 | | );
2026-09-09T19:53:26.5459674Z     | |_- in this macro invocation
2026-09-09T19:53:26.5459940Z     |
2026-09-09T19:53:26.5460397Z     = note: this warning originates in the macro `opaque_control_ref` (in Nightly builds, run with -Z macro-backtrace for more info)
2026-09-09T19:53:26.5460831Z 
2026-09-09T19:53:26.5460975Z warning: associated function `from_core_id` is never used
2026-09-09T19:53:26.5461298Z    --> sv_core/src/control.rs:155:27
2026-09-09T19:53:26.5461555Z     |
2026-09-09T19:53:26.5461741Z 141 |           impl $name {
2026-09-09T19:53:26.5462019Z     |           ---------- associated function in this implementation
2026-09-09T19:53:26.5462449Z ...
2026-09-09T19:53:26.5462715Z 155 |               pub(crate) fn from_core_id(id: ControlId) -> Self {
2026-09-09T19:53:26.5463040Z     |                             ^^^^^^^^^^^^
2026-09-09T19:53:26.5463289Z ...
2026-09-09T19:53:26.5463472Z 194 | / opaque_control_ref!(
2026-09-09T19:53:26.5463699Z 195 | |     EffectRef,
2026-09-09T19:53:26.5464044Z 196 | |     "Referencia a un efecto concreto; identificarlo no equivale a autorizarlo."
2026-09-09T19:53:26.5464422Z 197 | | );
2026-09-09T19:53:26.5464618Z     | |_- in this macro invocation
2026-09-09T19:53:26.5464862Z     |
2026-09-09T19:53:26.5465304Z     = note: this warning originates in the macro `opaque_control_ref` (in Nightly builds, run with -Z macro-backtrace for more info)
2026-09-09T19:53:26.5465721Z 
2026-09-09T19:53:26.5465871Z warning: associated function `from_core_id` is never used
2026-09-09T19:53:26.5466192Z    --> sv_core/src/control.rs:155:27
2026-09-09T19:53:26.5466431Z     |
2026-09-09T19:53:26.5466618Z 141 |           impl $name {
2026-09-09T19:53:26.5466898Z     |           ---------- associated function in this implementation
2026-09-09T19:53:26.5467197Z ...
2026-09-09T19:53:26.5467439Z 155 |               pub(crate) fn from_core_id(id: ControlId) -> Self {
2026-09-09T19:53:26.5467768Z     |                             ^^^^^^^^^^^^
2026-09-09T19:53:26.5468017Z ...
2026-09-09T19:53:26.5468202Z 198 | / opaque_control_ref!(
2026-09-09T19:53:26.5468528Z 199 | |     ContextRef,
2026-09-09T19:53:26.5468879Z 200 | |     "Referencia a una ligadura de contexto relevante para autoridad o forma."
2026-09-09T19:53:26.5469248Z 201 | | );
2026-09-09T19:53:26.5469448Z     | |_- in this macro invocation
2026-09-09T19:53:26.5469682Z     |
2026-09-09T19:53:26.5470131Z     = note: this warning originates in the macro `opaque_control_ref` (in Nightly builds, run with -Z macro-backtrace for more info)
2026-09-09T19:53:26.5470554Z 
2026-09-09T19:53:26.5470701Z warning: associated function `from_core_id` is never used
2026-09-09T19:53:26.5471017Z    --> sv_core/src/control.rs:155:27
2026-09-09T19:53:26.5471264Z     |
2026-09-09T19:53:26.5471466Z 141 |           impl $name {
2026-09-09T19:53:26.5471743Z     |           ---------- associated function in this implementation
2026-09-09T19:53:26.5472036Z ...
2026-09-09T19:53:26.5472272Z 155 |               pub(crate) fn from_core_id(id: ControlId) -> Self {
2026-09-09T19:53:26.5472736Z     |                             ^^^^^^^^^^^^
2026-09-09T19:53:26.5472996Z ...
2026-09-09T19:53:26.5473193Z 202 | / opaque_control_ref!(
2026-09-09T19:53:26.5473436Z 203 | |     AuthorityHolderRef,
2026-09-09T19:53:26.5473907Z 204 | |     "Referencia al titular de una autoridad; no constituye autoridad por sí misma."
2026-09-09T19:53:26.5474304Z 205 | | );
2026-09-09T19:53:26.5474503Z     | |_- in this macro invocation
2026-09-09T19:53:26.5474731Z     |
2026-09-09T19:53:26.5475171Z     = note: this warning originates in the macro `opaque_control_ref` (in Nightly builds, run with -Z macro-backtrace for more info)
2026-09-09T19:53:26.5475598Z 
2026-09-09T19:53:26.5475751Z warning: associated function `from_core_id` is never used
2026-09-09T19:53:26.5476066Z    --> sv_core/src/control.rs:155:27
2026-09-09T19:53:26.5476339Z     |
2026-09-09T19:53:26.5476606Z 141 |           impl $name {
2026-09-09T19:53:26.5476916Z     |           ---------- associated function in this implementation
2026-09-09T19:53:26.5477210Z ...
2026-09-09T19:53:26.5477574Z 155 |               pub(crate) fn from_core_id(id: ControlId) -> Self {
2026-09-09T19:53:26.5477900Z     |                             ^^^^^^^^^^^^
2026-09-09T19:53:26.5478153Z ...
2026-09-09T19:53:26.5478343Z 206 | / opaque_control_ref!(
2026-09-09T19:53:26.5478581Z 207 | |     GovernedObjectRef,
2026-09-09T19:53:26.5478936Z 208 | |     "Referencia a un objeto candidato a pertenecer al dominio gobernado D_a."
2026-09-09T19:53:26.5479311Z 209 | | );
2026-09-09T19:53:26.5479510Z     | |_- in this macro invocation
2026-09-09T19:53:26.5479744Z     |
2026-09-09T19:53:26.5480185Z     = note: this warning originates in the macro `opaque_control_ref` (in Nightly builds, run with -Z macro-backtrace for more info)
2026-09-09T19:53:26.5480611Z 
2026-09-09T19:53:26.5480766Z warning: associated function `from_core_id` is never used
2026-09-09T19:53:26.5481087Z    --> sv_core/src/control.rs:155:27
2026-09-09T19:53:26.5481329Z     |
2026-09-09T19:53:26.5481512Z 141 |           impl $name {
2026-09-09T19:53:26.5481807Z     |           ---------- associated function in this implementation
2026-09-09T19:53:26.5482106Z ...
2026-09-09T19:53:26.5482478Z 155 |               pub(crate) fn from_core_id(id: ControlId) -> Self {
2026-09-09T19:53:26.5482806Z     |                             ^^^^^^^^^^^^
2026-09-09T19:53:26.5483055Z ...
2026-09-09T19:53:26.5483259Z 210 | / opaque_control_ref!(
2026-09-09T19:53:26.5483522Z 211 | |     AccumulationRuleRef,
2026-09-09T19:53:26.5483997Z 212 | |     "Referencia a una regla gobernada de acumulación o a un predicado de traza."
2026-09-09T19:53:26.5484375Z 213 | | );
2026-09-09T19:53:26.5484577Z     | |_- in this macro invocation
2026-09-09T19:53:26.5484808Z     |
2026-09-09T19:53:26.5485245Z     = note: this warning originates in the macro `opaque_control_ref` (in Nightly builds, run with -Z macro-backtrace for more info)
2026-09-09T19:53:26.5485666Z 
2026-09-09T19:53:26.5485810Z warning: associated function `from_core_id` is never used
2026-09-09T19:53:26.5486150Z    --> sv_core/src/control.rs:155:27
2026-09-09T19:53:26.5486497Z     |
2026-09-09T19:53:26.5486680Z 141 |           impl $name {
2026-09-09T19:53:26.5486959Z     |           ---------- associated function in this implementation
2026-09-09T19:53:26.5487265Z ...
2026-09-09T19:53:26.5487504Z 155 |               pub(crate) fn from_core_id(id: ControlId) -> Self {
2026-09-09T19:53:26.5487825Z     |                             ^^^^^^^^^^^^
2026-09-09T19:53:26.5488069Z ...
2026-09-09T19:53:26.5488260Z 214 | / opaque_control_ref!(
2026-09-09T19:53:26.5488495Z 215 | |     RequirementRef,
2026-09-09T19:53:26.5488948Z 216 | |     "Referencia a una obligación de Req; identificarla no acredita su cumplimiento."
2026-09-09T19:53:26.5489333Z 217 | | );
2026-09-09T19:53:26.5489533Z     | |_- in this macro invocation
2026-09-09T19:53:26.5489762Z     |
2026-09-09T19:53:26.5490196Z     = note: this warning originates in the macro `opaque_control_ref` (in Nightly builds, run with -Z macro-backtrace for more info)
2026-09-09T19:53:26.5490619Z 
2026-09-09T19:53:26.5490770Z warning: associated function `from_core_id` is never used
2026-09-09T19:53:26.5491089Z    --> sv_core/src/control.rs:155:27
2026-09-09T19:53:26.5491328Z     |
2026-09-09T19:53:26.5491510Z 141 |           impl $name {
2026-09-09T19:53:26.5491793Z     |           ---------- associated function in this implementation
2026-09-09T19:53:26.5492102Z ...
2026-09-09T19:53:26.5492508Z 155 |               pub(crate) fn from_core_id(id: ControlId) -> Self {
2026-09-09T19:53:26.5492834Z     |                             ^^^^^^^^^^^^
2026-09-09T19:53:26.5493084Z ...
2026-09-09T19:53:26.5493268Z 218 | / opaque_control_ref!(
2026-09-09T19:53:26.5493513Z 219 | |     VerifierRef,
2026-09-09T19:53:26.5493892Z 220 | |     "Referencia a un verificador concreto; su mera existencia no acredita aplicabilidad."
2026-09-09T19:53:26.5494303Z 221 | | );
2026-09-09T19:53:26.5494506Z     | |_- in this macro invocation
2026-09-09T19:53:26.5494751Z     |
2026-09-09T19:53:26.5495282Z     = note: this warning originates in the macro `opaque_control_ref` (in Nightly builds, run with -Z macro-backtrace for more info)
2026-09-09T19:53:26.5495712Z 
2026-09-09T19:53:26.5495854Z warning: associated function `from_core_id` is never used
2026-09-09T19:53:26.5496169Z    --> sv_core/src/control.rs:155:27
2026-09-09T19:53:26.5496436Z     |
2026-09-09T19:53:26.5496637Z 141 |           impl $name {
2026-09-09T19:53:26.5496926Z     |           ---------- associated function in this implementation
2026-09-09T19:53:26.5497235Z ...
2026-09-09T19:53:26.5497493Z 155 |               pub(crate) fn from_core_id(id: ControlId) -> Self {
2026-09-09T19:53:26.5497820Z     |                             ^^^^^^^^^^^^
2026-09-09T19:53:26.5498073Z ...
2026-09-09T19:53:26.5498258Z 222 | / opaque_control_ref!(
2026-09-09T19:53:26.5498502Z 223 | |     VerifierFamilyRef,
2026-09-09T19:53:26.5498945Z 224 | |     "Referencia a una familia de verificadores admisibles para una obligación."
2026-09-09T19:53:26.5499323Z 225 | | );
2026-09-09T19:53:26.5499524Z     | |_- in this macro invocation
2026-09-09T19:53:26.5499764Z     |
2026-09-09T19:53:26.5500196Z     = note: this warning originates in the macro `opaque_control_ref` (in Nightly builds, run with -Z macro-backtrace for more info)
2026-09-09T19:53:26.5500618Z 
2026-09-09T19:53:26.5500765Z warning: associated function `from_core_id` is never used
2026-09-09T19:53:26.5501074Z    --> sv_core/src/control.rs:155:27
2026-09-09T19:53:26.5501313Z     |
2026-09-09T19:53:26.5501496Z 141 |           impl $name {
2026-09-09T19:53:26.5501773Z     |           ---------- associated function in this implementation
2026-09-09T19:53:26.5502070Z ...
2026-09-09T19:53:26.5502440Z 155 |               pub(crate) fn from_core_id(id: ControlId) -> Self {
2026-09-09T19:53:26.5502775Z     |                             ^^^^^^^^^^^^
2026-09-09T19:53:26.5503018Z ...
2026-09-09T19:53:26.5503201Z 226 | / opaque_control_ref!(
2026-09-09T19:53:26.5503444Z 227 | |     ApplicabilityRuleRef,
2026-09-09T19:53:26.5503930Z 228 | |     "Referencia a una regla previamente constituida de aplicabilidad de comprobación."
2026-09-09T19:53:26.5504421Z 229 | | );
2026-09-09T19:53:26.5504619Z     | |_- in this macro invocation
2026-09-09T19:53:26.5504856Z     |
2026-09-09T19:53:26.5505304Z     = note: this warning originates in the macro `opaque_control_ref` (in Nightly builds, run with -Z macro-backtrace for more info)
2026-09-09T19:53:26.5505720Z 
2026-09-09T19:53:26.5505872Z warning: associated function `from_core_id` is never used
2026-09-09T19:53:26.5506201Z    --> sv_core/src/control.rs:155:27
2026-09-09T19:53:26.5506441Z     |
2026-09-09T19:53:26.5506637Z 141 |           impl $name {
2026-09-09T19:53:26.5506924Z     |           ---------- associated function in this implementation
2026-09-09T19:53:26.5507219Z ...
2026-09-09T19:53:26.5507461Z 155 |               pub(crate) fn from_core_id(id: ControlId) -> Self {
2026-09-09T19:53:26.5507783Z     |                             ^^^^^^^^^^^^
2026-09-09T19:53:26.5508030Z ...
2026-09-09T19:53:26.5508222Z 230 | / opaque_control_ref!(
2026-09-09T19:53:26.5508478Z 231 | |     ConflictResolutionRuleRef,
2026-09-09T19:53:26.5509030Z 232 | |     "Referencia a una regla previamente constituida de resolución de conflicto entre comprobaciones."
2026-09-09T19:53:26.5509474Z 233 | | );
2026-09-09T19:53:26.5509668Z     | |_- in this macro invocation
2026-09-09T19:53:26.5509897Z     |
2026-09-09T19:53:26.5510339Z     = note: this warning originates in the macro `opaque_control_ref` (in Nightly builds, run with -Z macro-backtrace for more info)
2026-09-09T19:53:26.5510754Z 
2026-09-09T19:53:26.5510901Z warning: associated function `from_core_id` is never used
2026-09-09T19:53:26.5511219Z    --> sv_core/src/control.rs:155:27
2026-09-09T19:53:26.5511455Z     |
2026-09-09T19:53:26.5511644Z 141 |           impl $name {
2026-09-09T19:53:26.5511922Z     |           ---------- associated function in this implementation
2026-09-09T19:53:26.5512215Z ...
2026-09-09T19:53:26.5512707Z 155 |               pub(crate) fn from_core_id(id: ControlId) -> Self {
2026-09-09T19:53:26.5513044Z     |                             ^^^^^^^^^^^^
2026-09-09T19:53:26.5513288Z ...
2026-09-09T19:53:26.5513477Z 234 | / opaque_control_ref!(
2026-09-09T19:53:26.5513710Z 235 | |     CoverageRuleRef,
2026-09-09T19:53:26.5514109Z 236 | |     "Referencia a una regla previamente constituida de cobertura de comprobaciones exigibles."
2026-09-09T19:53:26.5514534Z 237 | | );
2026-09-09T19:53:26.5514728Z     | |_- in this macro invocation
2026-09-09T19:53:26.5514960Z     |
2026-09-09T19:53:26.5515396Z     = note: this warning originates in the macro `opaque_control_ref` (in Nightly builds, run with -Z macro-backtrace for more info)
2026-09-09T19:53:26.5515823Z 
2026-09-09T19:53:26.5515972Z warning: associated function `from_core_id` is never used
2026-09-09T19:53:26.5516286Z    --> sv_core/src/control.rs:155:27
2026-09-09T19:53:26.5516524Z     |
2026-09-09T19:53:26.5516706Z 141 |           impl $name {
2026-09-09T19:53:26.5517002Z     |           ---------- associated function in this implementation
2026-09-09T19:53:26.5517306Z ...
2026-09-09T19:53:26.5517541Z 155 |               pub(crate) fn from_core_id(id: ControlId) -> Self {
2026-09-09T19:53:26.5517862Z     |                             ^^^^^^^^^^^^
2026-09-09T19:53:26.5518114Z ...
2026-09-09T19:53:26.5518299Z 238 | / opaque_control_ref!(
2026-09-09T19:53:26.5518536Z 239 | |     ReuseRuleRef,
2026-09-09T19:53:26.5519039Z 240 | |     "Referencia a una regla previamente constituida de reutilización de resultados cualificados."
2026-09-09T19:53:26.5519474Z 241 | | );
2026-09-09T19:53:26.5519668Z     | |_- in this macro invocation
2026-09-09T19:53:26.5519897Z     |
2026-09-09T19:53:26.5520339Z     = note: this warning originates in the macro `opaque_control_ref` (in Nightly builds, run with -Z macro-backtrace for more info)
2026-09-09T19:53:26.5520763Z 
2026-09-09T19:53:26.5520913Z warning: associated function `from_core_id` is never used
2026-09-09T19:53:26.5521230Z    --> sv_core/src/control.rs:155:27
2026-09-09T19:53:26.5521469Z     |
2026-09-09T19:53:26.5521738Z 141 |           impl $name {
2026-09-09T19:53:26.5522037Z     |           ---------- associated function in this implementation
2026-09-09T19:53:26.5522508Z ...
2026-09-09T19:53:26.5522766Z 155 |               pub(crate) fn from_core_id(id: ControlId) -> Self {
2026-09-09T19:53:26.5523092Z     |                             ^^^^^^^^^^^^
2026-09-09T19:53:26.5523346Z ...
2026-09-09T19:53:26.5523543Z 242 | / opaque_control_ref!(
2026-09-09T19:53:26.5523782Z 243 | |     ReuseBindingKeyRef,
2026-09-09T19:53:26.5524351Z 244 | |     "Referencia a una dimensión constituida cuya continuidad puede ser exigible para reutilizar un resultado."
2026-09-09T19:53:26.5524826Z 245 | | );
2026-09-09T19:53:26.5525027Z     | |_- in this macro invocation
2026-09-09T19:53:26.5525253Z     |
2026-09-09T19:53:26.5525688Z     = note: this warning originates in the macro `opaque_control_ref` (in Nightly builds, run with -Z macro-backtrace for more info)
2026-09-09T19:53:26.5526118Z 
2026-09-09T19:53:26.5526269Z warning: associated function `from_core_id` is never used
2026-09-09T19:53:26.5526589Z    --> sv_core/src/control.rs:155:27
2026-09-09T19:53:26.5526825Z     |
2026-09-09T19:53:26.5527008Z 141 |           impl $name {
2026-09-09T19:53:26.5527285Z     |           ---------- associated function in this implementation
2026-09-09T19:53:26.5527592Z ...
2026-09-09T19:53:26.5527828Z 155 |               pub(crate) fn from_core_id(id: ControlId) -> Self {
2026-09-09T19:53:26.5528146Z     |                             ^^^^^^^^^^^^
2026-09-09T19:53:26.5528388Z ...
2026-09-09T19:53:26.5528577Z 246 | / opaque_control_ref!(
2026-09-09T19:53:26.5528812Z 247 | |     ReuseBindingValueRef,
2026-09-09T19:53:26.5529366Z 248 | |     "Referencia al valor constituido de una dimensión de reutilización; identificarlo no acredita su vigencia."
2026-09-09T19:53:26.5529834Z 249 | | );
2026-09-09T19:53:26.5530034Z     | |_- in this macro invocation
2026-09-09T19:53:26.5530265Z     |
2026-09-09T19:53:26.5530796Z     = note: this warning originates in the macro `opaque_control_ref` (in Nightly builds, run with -Z macro-backtrace for more info)
2026-09-09T19:53:26.5531228Z 
2026-09-09T19:53:26.5531341Z warning: constant `PROFILE_ID` is never used
2026-09-09T19:53:26.5531654Z  --> sv_core/src/identifier_profile.rs:6:18
2026-09-09T19:53:26.5531918Z   |
2026-09-09T19:53:26.5532188Z 6 | pub(crate) const PROFILE_ID: &str = "svp-grammar-0.2-lex-es-1";
2026-09-09T19:53:26.5532696Z   |                  ^^^^^^^^^^
2026-09-09T19:53:26.5532853Z 
2026-09-09T19:53:26.5532992Z warning: function `is_reserved_word` is never used
2026-09-09T19:53:26.5533313Z   --> sv_core/src/identifier_profile.rs:22:15
2026-09-09T19:53:26.5533585Z    |
2026-09-09T19:53:26.5533846Z 22 | pub(crate) fn is_reserved_word(word: &str) -> bool {
2026-09-09T19:53:26.5534164Z    |               ^^^^^^^^^^^^^^^^
2026-09-09T19:53:26.5534316Z 
2026-09-09T19:53:26.5534448Z warning: method `matches_descriptor` is never used
2026-09-09T19:53:26.5534771Z    --> sv_core/src/requirements_reuse.rs:121:19
2026-09-09T19:53:26.5535044Z     |
2026-09-09T19:53:26.5535240Z  44 | impl ReuseRule {
2026-09-09T19:53:26.5535483Z     | -------------- method in this implementation
2026-09-09T19:53:26.5535750Z ...
2026-09-09T19:53:26.5536113Z 121 |     pub(crate) fn matches_descriptor(&self, descriptor: &RequirementDescriptor) -> bool {
2026-09-09T19:53:26.5536540Z     |                   ^^^^^^^^^^^^^^^^^^
2026-09-09T19:53:26.5536702Z 
2026-09-09T19:53:26.5536871Z warning: hiding a lifetime that's elided elsewhere is confusing
2026-09-09T19:53:26.5537208Z     --> sv_core/src/frontend.rs:2146:13
2026-09-09T19:53:26.5537451Z      |
2026-09-09T19:53:26.5537646Z 2146 |     fn peek(&self) -> &Token {
2026-09-09T19:53:26.5537894Z      |             ^^^^^     ^^^^^^
2026-09-09T19:53:26.5538127Z      |             |         ||
2026-09-09T19:53:26.5538386Z      |             |         |the same lifetime is hidden here
2026-09-09T19:53:26.5538704Z      |             |         the same lifetime is elided here
2026-09-09T19:53:26.5539174Z      |             the lifetime is elided here
2026-09-09T19:53:26.5539432Z      |
2026-09-09T19:53:26.5539775Z      = help: the same lifetime is referred to in inconsistent ways, making the signature confusing
2026-09-09T19:53:26.5540258Z      = note: `#[warn(mismatched_lifetime_syntaxes)]` on by default
2026-09-09T19:53:26.5540592Z help: use `'_` for type paths
2026-09-09T19:53:26.5540823Z      |
2026-09-09T19:53:26.5541029Z 2146 |     fn peek(&self) -> &Token<'_> {
2026-09-09T19:53:26.5541295Z      |                             ++++
2026-09-09T19:53:26.5541462Z 
2026-09-09T19:53:26.5541738Z warning: `sv_core` (lib) generated 25 warnings (run `cargo fix --lib -p sv_core` to apply 1 suggestion)
2026-09-09T19:53:26.5542505Z    Compiling sv_native v0.1.0 (/home/runner/work/SV-lenguaje-de-computacion/SV-lenguaje-de-computacion/rust/sv_native)
2026-09-09T19:53:26.6959604Z     Finished `dev` profile [unoptimized + debuginfo] target(s) in 0.16s
2026-09-09T19:53:26.6998500Z ##[group]Run python tests/run_conformance.py --rust-bin rust/target/debug/sv-native
2026-09-09T19:53:26.6999099Z [36;1mpython tests/run_conformance.py --rust-bin rust/target/debug/sv-native[0m
2026-09-09T19:53:26.7020078Z shell: /usr/bin/bash -e {0}
2026-09-09T19:53:26.7020350Z ##[endgroup]
2026-09-09T19:53:26.8834939Z Conformidad SV VALID OK: admissibility_spec_states_permutados
2026-09-09T19:53:26.8835659Z Conformidad SV VALID OK: cell_basic
2026-09-09T19:53:26.8836035Z Conformidad SV VALID OK: compose_basic
2026-09-09T19:53:26.8836371Z Conformidad SV VALID OK: frame_cell_spec_compartida_valida
2026-09-09T19:53:26.8836703Z Conformidad SV VALID OK: gate_table
2026-09-09T19:53:26.8837005Z Conformidad SV VALID OK: identificadores_espanol
2026-09-09T19:53:26.8837362Z Conformidad SV VALID OK: output_semantics_independientes
2026-09-09T19:53:26.8837732Z Conformidad SV VALID OK: output_semantics_total_permutada
2026-09-09T19:53:26.8838150Z Conformidad SV VALID OK: query_context_all_variants
2026-09-09T19:53:26.8838464Z Conformidad SV VALID OK: resolve_projection
2026-09-09T19:53:26.8838799Z Conformidad SV VALID OK: supervise_systemtarget_valido
2026-09-09T19:53:26.8839121Z Conformidad SV VALID OK: supervise_targets
2026-09-09T19:53:26.8839444Z Conformidad SV VALID OK: trajectory_alternance_valid
2026-09-09T19:53:26.8839776Z Conformidad SV VALID OK: transition_data_events
2026-09-09T19:53:26.8840134Z Conformidad SV INVALID OK: admissibility_spec_estados_legacy
2026-09-09T19:53:26.8840526Z Conformidad SV INVALID OK: admissibility_spec_failed_legacy
2026-09-09T19:53:26.8840911Z Conformidad SV INVALID OK: admissibility_spec_u_legacy
2026-09-09T19:53:26.8841271Z Conformidad SV INVALID OK: admissibility_table_incompleta
2026-09-09T19:53:26.8841669Z Conformidad SV INVALID OK: admissibility_table_output_fuera_codominio
2026-09-09T19:53:26.8842069Z Conformidad SV INVALID OK: agent_architecture_mismatch
2026-09-09T19:53:26.8842648Z Conformidad SV INVALID OK: agent_arquitecturas_reales_distintas
2026-09-09T19:53:26.8843011Z Conformidad SV INVALID OK: bad_b_value
2026-09-09T19:53:26.8843347Z Conformidad SV INVALID OK: bridge_position_fuera_de_rango
2026-09-09T19:53:26.8843737Z Conformidad SV INVALID OK: cellstate_vector_length_mismatch
2026-09-09T19:53:26.8844126Z Conformidad SV INVALID OK: codomain_miembro_duplicado
2026-09-09T19:53:26.8844473Z Conformidad SV INVALID OK: compose_cycle_graph
2026-09-09T19:53:26.8844822Z Conformidad SV INVALID OK: compose_graph_tipo_incorrecto
2026-09-09T19:53:26.8845172Z Conformidad SV INVALID OK: compose_patterns_vacios
2026-09-09T19:53:26.8845510Z Conformidad SV INVALID OK: compose_relations_vacias
2026-09-09T19:53:26.8845850Z Conformidad SV INVALID OK: conector_mapping_incompleto
2026-09-09T19:53:26.8846197Z Conformidad SV INVALID OK: conector_target_no_ternario
2026-09-09T19:53:26.8846531Z Conformidad SV INVALID OK: connector_clave_repetida
2026-09-09T19:53:26.8846873Z Conformidad SV INVALID OK: coupledspec_puente_repetido
2026-09-09T19:53:26.8847240Z Conformidad SV INVALID OK: coupledstate_update_fuera_bridges
2026-09-09T19:53:26.8847873Z Conformidad SV INVALID OK: domain_chain_mismatch
2026-09-09T19:53:26.8848226Z Conformidad SV INVALID OK: domain_parametro_nominal_repetido
2026-09-09T19:53:26.8848594Z Conformidad SV INVALID OK: duplicate_identifier
2026-09-09T19:53:26.8848963Z Conformidad SV INVALID OK: edge_connector_source_codomain_mismatch
2026-09-09T19:53:26.8849388Z Conformidad SV INVALID OK: edge_connector_target_position_mismatch
2026-09-09T19:53:26.8849772Z Conformidad SV INVALID OK: edge_position_fuera_bridges
2026-09-09T19:53:26.8850153Z Conformidad SV INVALID OK: frame_architecture_tipo_incorrecto
2026-09-09T19:53:26.8850545Z Conformidad SV INVALID OK: frame_criticality_no_producible
2026-09-09T19:53:26.8850917Z Conformidad SV INVALID OK: frame_estado_arquitectura_ajena
2026-09-09T19:53:26.8867277Z Conformidad SV INVALID OK: frame_eval_duplicado
2026-09-09T19:53:26.8867821Z Conformidad SV INVALID OK: frame_eval_externo
2026-09-09T19:53:26.8868455Z Conformidad SV INVALID OK: frame_gate_input_externo
2026-09-09T19:53:26.8868833Z Conformidad SV INVALID OK: frame_supervision_externa
2026-09-09T19:53:26.8869254Z Conformidad SV INVALID OK: gate_codominio_posicional_incompatible_con_tabla
2026-09-09T19:53:26.8869679Z Conformidad SV INVALID OK: gate_input_no_evalresult
2026-09-09T19:53:26.8870082Z Conformidad SV INVALID OK: gate_numero_entradas_incompatible_con_tabla
2026-09-09T19:53:26.8870470Z Conformidad SV INVALID OK: gate_undeclared_input
2026-09-09T19:53:26.8870824Z Conformidad SV INVALID OK: graph_conflicts_fuera_de_v0_1
2026-09-09T19:53:26.8871212Z Conformidad SV INVALID OK: graph_simple_concurrencia_mismo_puente
2026-09-09T19:53:26.8871609Z Conformidad SV INVALID OK: horizon_architecture_ausente
2026-09-09T19:53:26.8871992Z Conformidad SV INVALID OK: horizon_architecture_tipo_incorrecto
2026-09-09T19:53:26.8872597Z Conformidad SV INVALID OK: horizon_tipo_suceso_repetido
2026-09-09T19:53:26.8872989Z Conformidad SV INVALID OK: identificador_alfabeto_fuera_perfil
2026-09-09T19:53:26.8873402Z Conformidad SV INVALID OK: identificador_guion_bajo_inicial
2026-09-09T19:53:26.8873800Z Conformidad SV INVALID OK: identificador_latino_fuera_perfil
2026-09-09T19:53:26.8874187Z Conformidad SV INVALID OK: identificador_marca_combinante
2026-09-09T19:53:26.8874566Z Conformidad SV INVALID OK: identificador_palabra_reservada
2026-09-09T19:53:26.8874931Z Conformidad SV INVALID OK: invalid_role_literal
2026-09-09T19:53:26.8875252Z Conformidad SV INVALID OK: invalid_tri_literal
2026-09-09T19:53:26.8875558Z Conformidad SV INVALID OK: max_keyword
2026-09-09T19:53:26.8875855Z Conformidad SV INVALID OK: nat_digitos_no_ascii
2026-09-09T19:53:26.8876201Z Conformidad SV INVALID OK: output_semantics_clave_ajena
2026-09-09T19:53:26.8876560Z Conformidad SV INVALID OK: output_semantics_clave_ausente
2026-09-09T19:53:26.8876931Z Conformidad SV INVALID OK: output_semantics_clave_repetida
2026-09-09T19:53:26.8877302Z Conformidad SV INVALID OK: output_semantics_no_declarada
2026-09-09T19:53:26.8877702Z Conformidad SV INVALID OK: output_semantics_sin_celda_repetida
2026-09-09T19:53:26.8878071Z Conformidad SV INVALID OK: output_semantics_vacia
2026-09-09T19:53:26.8878405Z Conformidad SV INVALID OK: pattern_arity_repetida
2026-09-09T19:53:26.8878741Z Conformidad SV INVALID OK: pattern_campos_invertidos
2026-09-09T19:53:26.8879105Z Conformidad SV INVALID OK: pattern_constraints_repetida
2026-09-09T19:53:26.8879476Z Conformidad SV INVALID OK: pending_u_reconocido_no_habilitado
2026-09-09T19:53:26.8879849Z Conformidad SV INVALID OK: projection_campo_inexistente
2026-09-09T19:53:26.8880207Z Conformidad SV INVALID OK: projection_source_no_resultado
2026-09-09T19:53:26.8880579Z Conformidad SV INVALID OK: projection_undeclared_source
2026-09-09T19:53:26.8880939Z Conformidad SV INVALID OK: query_architecture_cell_ajena
2026-09-09T19:53:26.8881320Z Conformidad SV INVALID OK: query_architecture_eval_celda_ajena
2026-09-09T19:53:26.8881718Z Conformidad SV INVALID OK: query_architecture_eval_nodo_ajeno
2026-09-09T19:53:26.8882136Z Conformidad SV INVALID OK: query_architecture_gate_entrada_ajena
2026-09-09T19:53:26.8882799Z Conformidad SV INVALID OK: query_comparison_frame_ajeno
2026-09-09T19:53:26.8883138Z Conformidad SV INVALID OK: query_context_opaco
2026-09-09T19:53:26.8883524Z Conformidad SV INVALID OK: query_context_type_mismatch
2026-09-09T19:53:26.8883916Z Conformidad SV INVALID OK: query_coverage_interface_ajena
2026-09-09T19:53:26.8884279Z Conformidad SV INVALID OK: query_coverage_silent_u_ajena
2026-09-09T19:53:26.8884624Z Conformidad SV INVALID OK: query_point_frame_ajeno
2026-09-09T19:53:26.8884987Z Conformidad SV INVALID OK: query_trajectory_ajena
2026-09-09T19:53:26.8885334Z Conformidad SV INVALID OK: resolve_alias_estado_no_u
2026-09-09T19:53:26.8885689Z Conformidad SV INVALID OK: resolve_instancia_incompatible
2026-09-09T19:53:26.8886045Z Conformidad SV INVALID OK: resolve_missing_context
2026-09-09T19:53:26.8886384Z Conformidad SV INVALID OK: resolve_missing_mechanism
2026-09-09T19:53:26.8886842Z Conformidad SV INVALID OK: resolve_target_fuera_rango
2026-09-09T19:53:26.8887178Z Conformidad SV INVALID OK: resolve_target_no_u
2026-09-09T19:53:26.8887534Z Conformidad SV INVALID OK: semantic_relation_campos_invertidos
2026-09-09T19:53:26.8887947Z Conformidad SV INVALID OK: semantic_relation_constraints_repetida
2026-09-09T19:53:26.8888367Z Conformidad SV INVALID OK: semantic_relation_table_repetida
2026-09-09T19:53:26.8888795Z Conformidad SV INVALID OK: supervise_celltarget_tipo_incorrecto
2026-09-09T19:53:26.8889229Z Conformidad SV INVALID OK: supervise_composedtarget_tipo_incorrecto
2026-09-09T19:53:26.8889628Z Conformidad SV INVALID OK: supervise_coupled_wrong_role
2026-09-09T19:53:26.8889990Z Conformidad SV INVALID OK: supervise_meta_no_evalresult
2026-09-09T19:53:26.8890380Z Conformidad SV INVALID OK: supervise_systemtarget_tipo_incorrecto
2026-09-09T19:53:26.8890857Z Conformidad SV INVALID OK: supervise_target_opaco
2026-09-09T19:53:26.8891354Z Conformidad SV INVALID OK: supervise_undeclared_target
2026-09-09T19:53:26.8891912Z Conformidad SV INVALID OK: supervise_wrong_role
2026-09-09T19:53:26.8892630Z Conformidad SV INVALID OK: trajectory_alternance_violation
2026-09-09T19:53:26.8893286Z Conformidad SV INVALID OK: trajectory_frame_arquitectura_distinta
2026-09-09T19:53:26.8893996Z Conformidad SV INVALID OK: trajectory_horizon_arquitectura_distinta
2026-09-09T19:53:26.8894626Z Conformidad SV INVALID OK: transition_data_horizon_no_declarado
2026-09-09T19:53:26.8895199Z Conformidad SV INVALID OK: transition_event_fuera_horizon
2026-09-09T19:53:26.8895808Z Conformidad SV INVALID OK: transition_event_tipo_repetido
2026-09-09T19:53:26.8896394Z Conformidad SV INVALID OK: transition_induced_destino_repetido
2026-09-09T19:53:26.8896994Z Conformidad SV INVALID OK: transition_induced_node_ausente
2026-09-09T19:53:26.8897633Z Conformidad SV INVALID OK: transition_induced_node_fuera_arquitectura
2026-09-09T19:53:26.8898291Z Conformidad SV INVALID OK: transition_induced_node_tipo_incorrecto
2026-09-09T19:53:26.8898898Z Conformidad SV INVALID OK: transition_induced_parameters_vacios
2026-09-09T19:53:26.8899521Z Conformidad SV INVALID OK: transition_induced_position_cero
2026-09-09T19:53:26.8900184Z Conformidad SV INVALID OK: transition_induced_position_fuera_rango
2026-09-09T19:53:26.8900776Z Conformidad SV INVALID OK: u_coercion
2026-09-09T19:53:26.8901975Z Conformidad SV: 14/14 válidos frente a esperados comprometidos y 106/106 inválidos rechazados sobre el mismo .svp
2026-09-09T19:53:26.8942034Z ##[group]Run python tests/run_row7_transitiondata_conformance.py \
2026-09-09T19:53:26.8943037Z [36;1mpython tests/run_row7_transitiondata_conformance.py \[0m
2026-09-09T19:53:26.8943668Z [36;1m  --rust-bin rust/target/debug/sv-native[0m
2026-09-09T19:53:26.8976018Z shell: /usr/bin/bash -e {0}
2026-09-09T19:53:26.8976419Z ##[endgroup]
2026-09-09T19:53:26.9405422Z Fila 7 causal OK: compose_graph_tipo_incorrecto.svp
2026-09-09T19:53:26.9405979Z Fila 7 causal OK: frame_architecture_tipo_incorrecto.svp
2026-09-09T19:53:26.9406347Z Fila 7 causal OK: transition_event_tipo_repetido.svp
2026-09-09T19:53:26.9407006Z Fila 7 causal OK: transition_induced_destino_repetido.svp
2026-09-09T19:53:26.9407359Z Fila 7 causal OK: transition_induced_node_ausente.svp
2026-09-09T19:53:26.9407729Z Fila 7 causal OK: transition_induced_node_fuera_arquitectura.svp
2026-09-09T19:53:26.9408130Z Fila 7 causal OK: transition_induced_node_tipo_incorrecto.svp
2026-09-09T19:53:26.9408556Z Fila 7 causal OK: transition_induced_position_cero.svp
2026-09-09T19:53:26.9408925Z Fila 7 causal OK: transition_induced_position_fuera_rango.svp
2026-09-09T19:53:26.9409255Z Conformidad causal de fila 7: 9/9
2026-09-09T19:53:26.9484883Z ##[group]Run python tests/run_oracle_sensitivity.py \
2026-09-09T19:53:26.9485312Z [36;1mpython tests/run_oracle_sensitivity.py \[0m
2026-09-09T19:53:26.9485651Z [36;1m  --rust-bin rust/target/debug/sv-native \[0m
2026-09-09T19:53:26.9486000Z [36;1m  --output-dir artifacts/oracle-sensitivity[0m
2026-09-09T19:53:26.9507074Z shell: /usr/bin/bash -e {0}
2026-09-09T19:53:26.9507353Z ##[endgroup]
2026-09-09T19:53:27.0242998Z control_valid: CONTROL_CONFORME
2026-09-09T19:53:27.0243505Z crlf: PRESERVADO_Y_PERDIDA_INYECTADA_DETECTADA
2026-09-09T19:53:27.0243863Z string_crlf: PRESERVADO_Y_PERDIDA_INYECTADA_DETECTADA
2026-09-09T19:53:27.0244192Z semantics_duplicate: RECHAZO_N0_02_N0_03
2026-09-09T19:53:27.0244494Z semantics_unbound_duplicate: RECHAZO_N0_02_N0_03
2026-09-09T19:53:27.0355650Z Node 20 is being deprecated. This workflow is running with Node 24 by default. If you need to temporarily use Node 20, you can set the ACTIONS_ALLOW_USE_UNSECURE_NODE_VERSION=true environment variable. For more information see: https://github.blog/changelog/2025-09-19-deprecation-of-node-20-on-github-actions-runners/
2026-09-09T19:53:27.0356865Z ##[group]Run actions/upload-artifact@v4
2026-09-09T19:53:27.0357146Z with:
2026-09-09T19:53:27.0357359Z   name: oracle-sensitivity
2026-09-09T19:53:27.0357600Z   if-no-files-found: error
2026-09-09T19:53:27.0357845Z   retention-days: 90
2026-09-09T19:53:27.0358086Z   path: artifacts/oracle-sensitivity/
2026-09-09T19:53:27.0358369Z   compression-level: 6
2026-09-09T19:53:27.0358587Z   overwrite: false
2026-09-09T19:53:27.0358815Z   include-hidden-files: false
2026-09-09T19:53:27.0359054Z ##[endgroup]
2026-09-09T19:53:27.1995654Z (node:11675) [DEP0040] DeprecationWarning: The `punycode` module is deprecated. Please use a userland alternative instead.
2026-09-09T19:53:27.1996825Z (Use `node --trace-deprecation ...` to show where the warning was created)
2026-09-09T19:53:27.2078326Z With the provided path, there will be 16 files uploaded
2026-09-09T19:53:27.2084574Z Artifact name is valid!
2026-09-09T19:53:27.2085184Z Root directory input is valid!
2026-09-09T19:53:27.5146618Z Beginning upload of artifact content to blob storage
2026-09-09T19:53:27.5535741Z (node:11675) [DEP0169] DeprecationWarning: `url.parse()` behavior is not standardized and prone to errors that have security implications. Use the WHATWG URL API instead. CVEs are not issued for `url.parse()` vulnerabilities.
2026-09-09T19:53:27.6887811Z Uploaded bytes 5012
2026-09-09T19:53:27.7298166Z Finished uploading artifact content to blob storage!
2026-09-09T19:53:27.7299187Z SHA256 digest of uploaded artifact zip is dd756d8faff41abe579f57e4da1456f02129170a657fcd7c1ee77eba2d806842
2026-09-09T19:53:27.7300545Z Finalizing artifact upload
2026-09-09T19:53:27.9334959Z Artifact oracle-sensitivity.zip successfully finalized. Artifact ID 10122171651
2026-09-09T19:53:27.9336357Z Artifact oracle-sensitivity has been successfully uploaded! Final size is 5012 bytes. Artifact ID is 10122171651
2026-09-09T19:53:27.9342780Z Artifact download URL: https://github.com/juantoniolloretegea/SV-lenguaje-de-computacion/actions/runs/34397677412/artifacts/10122171651
2026-09-09T19:53:27.9447107Z ##[group]Run python tests/run_directed_mutation_sensitivity.py \
2026-09-09T19:53:27.9447682Z [36;1mpython tests/run_directed_mutation_sensitivity.py \[0m
2026-09-09T19:53:27.9448185Z [36;1m  --output-dir artifacts/directed-mutation-sensitivity[0m
2026-09-09T19:53:27.9471633Z shell: /usr/bin/bash -e {0}
2026-09-09T19:53:27.9471913Z ##[endgroup]
2026-09-09T19:54:06.2242248Z LB01: MUERTA
2026-09-09T19:54:06.2243118Z LB02: MUERTA
2026-09-09T19:54:06.2243671Z LB03: MUERTA
2026-09-09T19:54:06.2244213Z LB04: MUERTA
2026-09-09T19:54:06.2244674Z LB05: MUERTA
2026-09-09T19:54:06.2245221Z LB06: MUERTA
2026-09-09T19:54:06.2245552Z LB07: MUERTA
2026-09-09T19:54:06.2245854Z LB08: MUERTA
2026-09-09T19:54:06.2246135Z LB09: MUERTA
2026-09-09T19:54:06.2246433Z LB10: MUERTA
2026-09-09T19:54:06.2246723Z LB11: MUERTA
2026-09-09T19:54:06.2247120Z LB12: MUERTA
2026-09-09T19:54:06.2247424Z LB13: MUERTA
2026-09-09T19:54:06.2247694Z LB14: MUERTA
2026-09-09T19:54:06.2247962Z LB15: MUERTA
2026-09-09T19:54:06.2248362Z LB16: MUERTA
2026-09-09T19:54:06.2248648Z LB17: MUERTA
2026-09-09T19:54:06.2248921Z LB18: MUERTA
2026-09-09T19:54:06.2249198Z LB19: MUERTA
2026-09-09T19:54:06.2249469Z CX01: MUERTA
2026-09-09T19:54:06.2249748Z CX02: MUERTA
2026-09-09T19:54:06.2250034Z CX03: MUERTA
2026-09-09T19:54:06.2250327Z CX04: MUERTA
2026-09-09T19:54:06.2250588Z CX05: MUERTA
2026-09-09T19:54:06.2250869Z CX06: MUERTA
2026-09-09T19:54:06.2251160Z CX07: MUERTA
2026-09-09T19:54:06.2251439Z CX08: MUERTA
2026-09-09T19:54:06.2251732Z CX09: MUERTA
2026-09-09T19:54:06.2252017Z CX10: MUERTA
2026-09-09T19:54:06.2252293Z CX11: MUERTA
2026-09-09T19:54:06.2252728Z AT01: MUERTA
2026-09-09T19:54:06.2253010Z M01: MUERTA
2026-09-09T19:54:06.2253294Z M02: MUERTA
2026-09-09T19:54:06.2253570Z M08b: MUERTA
2026-09-09T19:54:06.2253847Z M08c: MUERTA
2026-09-09T19:54:06.2254160Z P01: MUERTA
2026-09-09T19:54:06.2254431Z P02: MUERTA
2026-09-09T19:54:06.2254703Z P03: MUERTA
2026-09-09T19:54:06.2254976Z TD01: MUERTA
2026-09-09T19:54:06.2255267Z TD02: MUERTA
2026-09-09T19:54:06.2255550Z TD03: MUERTA
2026-09-09T19:54:06.2255857Z TD04: MUERTA
2026-09-09T19:54:06.2256171Z TD05: MUERTA
2026-09-09T19:54:06.2256983Z Mutaciones dirigidas: 43/43 muertas; 0 supervivientes; 0 inválidas
2026-09-09T19:54:06.2367737Z Node 20 is being deprecated. This workflow is running with Node 24 by default. If you need to temporarily use Node 20, you can set the ACTIONS_ALLOW_USE_UNSECURE_NODE_VERSION=true environment variable. For more information see: https://github.blog/changelog/2025-09-19-deprecation-of-node-20-on-github-actions-runners/
2026-09-09T19:54:06.2368940Z ##[group]Run actions/upload-artifact@v4
2026-09-09T19:54:06.2369219Z with:
2026-09-09T19:54:06.2369444Z   name: directed-mutation-sensitivity
2026-09-09T19:54:06.2369723Z   if-no-files-found: error
2026-09-09T19:54:06.2369977Z   retention-days: 90
2026-09-09T19:54:06.2370247Z   path: artifacts/directed-mutation-sensitivity/
2026-09-09T19:54:06.2370555Z   compression-level: 6
2026-09-09T19:54:06.2370791Z   overwrite: false
2026-09-09T19:54:06.2371016Z   include-hidden-files: false
2026-09-09T19:54:06.2371267Z ##[endgroup]
2026-09-09T19:54:06.4019716Z (node:23076) [DEP0040] DeprecationWarning: The `punycode` module is deprecated. Please use a userland alternative instead.
2026-09-09T19:54:06.4020896Z (Use `node --trace-deprecation ...` to show where the warning was created)
2026-09-09T19:54:06.4234225Z With the provided path, there will be 132 files uploaded
2026-09-09T19:54:06.4239703Z Artifact name is valid!
2026-09-09T19:54:06.4240196Z Root directory input is valid!
2026-09-09T19:54:06.6941120Z Beginning upload of artifact content to blob storage
2026-09-09T19:54:06.8222794Z (node:23076) [DEP0169] DeprecationWarning: `url.parse()` behavior is not standardized and prone to errors that have security implications. Use the WHATWG URL API instead. CVEs are not issued for `url.parse()` vulnerabilities.
2026-09-09T19:54:07.0440153Z Uploaded bytes 161948
2026-09-09T19:54:07.0851679Z Finished uploading artifact content to blob storage!
2026-09-09T19:54:07.0853151Z SHA256 digest of uploaded artifact zip is a665beafad59df5aae21506729a1e3a6aabd641f8e75665271c65944713a6f62
2026-09-09T19:54:07.0854285Z Finalizing artifact upload
2026-09-09T19:54:07.3127760Z Artifact directed-mutation-sensitivity.zip successfully finalized. Artifact ID 10122196939
2026-09-09T19:54:07.3129743Z Artifact directed-mutation-sensitivity has been successfully uploaded! Final size is 161948 bytes. Artifact ID is 10122196939
2026-09-09T19:54:07.3136344Z Artifact download URL: https://github.com/juantoniolloretegea/SV-lenguaje-de-computacion/actions/runs/34397677412/artifacts/10122196939
2026-09-09T19:54:07.3240118Z ##[group]Run cargo check --manifest-path rust/Cargo.toml -p sv_core --target wasm32-unknown-unknown
2026-09-09T19:54:07.3240827Z [36;1mcargo check --manifest-path rust/Cargo.toml -p sv_core --target wasm32-unknown-unknown[0m
2026-09-09T19:54:07.3262672Z shell: /usr/bin/bash -e {0}
2026-09-09T19:54:07.3262977Z ##[endgroup]
2026-09-09T19:54:07.3551667Z     Checking sv_core v0.1.0 (/home/runner/work/SV-lenguaje-de-computacion/SV-lenguaje-de-computacion/rust/sv_core)
2026-09-09T19:54:08.3074847Z warning: associated function `from_core_id` is never used
2026-09-09T19:54:08.3075836Z    --> sv_core/src/control.rs:155:27
2026-09-09T19:54:08.3077931Z     |
2026-09-09T19:54:08.3078316Z 141 |           impl $name {
2026-09-09T19:54:08.3078909Z     |           ---------- associated function in this implementation
2026-09-09T19:54:08.3079502Z ...
2026-09-09T19:54:08.3080036Z 155 |               pub(crate) fn from_core_id(id: ControlId) -> Self {
2026-09-09T19:54:08.3080672Z     |                             ^^^^^^^^^^^^
2026-09-09T19:54:08.3081161Z ...
2026-09-09T19:54:08.3081536Z 162 | / opaque_control_ref!(
2026-09-09T19:54:08.3081991Z 163 | |     InformationRef,
2026-09-09T19:54:08.3083132Z 164 | |     "Referencia nominal a información dentro del dominio de control."
2026-09-09T19:54:08.3083831Z 165 | | );
2026-09-09T19:54:08.3084198Z     | |_- in this macro invocation
2026-09-09T19:54:08.3084610Z     |
2026-09-09T19:54:08.3085105Z     = note: `#[warn(dead_code)]` (part of `#[warn(unused)]`) on by default
2026-09-09T19:54:08.3086303Z     = note: this warning originates in the macro `opaque_control_ref` (in Nightly builds, run with -Z macro-backtrace for more info)
2026-09-09T19:54:08.3087208Z 
2026-09-09T19:54:08.3087511Z warning: associated function `from_core_id` is never used
2026-09-09T19:54:08.3088150Z    --> sv_core/src/control.rs:155:27
2026-09-09T19:54:08.3088610Z     |
2026-09-09T19:54:08.3088965Z 141 |           impl $name {
2026-09-09T19:54:08.3089546Z     |           ---------- associated function in this implementation
2026-09-09T19:54:08.3090147Z ...
2026-09-09T19:54:08.3104680Z 155 |               pub(crate) fn from_core_id(id: ControlId) -> Self {
2026-09-09T19:54:08.3105448Z     |                             ^^^^^^^^^^^^
2026-09-09T19:54:08.3105931Z ...
2026-09-09T19:54:08.3106217Z 166 | / opaque_control_ref!(
2026-09-09T19:54:08.3106599Z 167 | |     AdmittedEvidenceRef,
2026-09-09T19:54:08.3107552Z 168 | |     "Referencia a evidencia cuya admisión debe proceder de una verificación gobernada."
2026-09-09T19:54:08.3108182Z 169 | | );
2026-09-09T19:54:08.3108525Z     | |_- in this macro invocation
2026-09-09T19:54:08.3108909Z     |
2026-09-09T19:54:08.3109635Z     = note: this warning originates in the macro `opaque_control_ref` (in Nightly builds, run with -Z macro-backtrace for more info)
2026-09-09T19:54:08.3110296Z 
2026-09-09T19:54:08.3110536Z warning: associated function `from_core_id` is never used
2026-09-09T19:54:08.3111048Z    --> sv_core/src/control.rs:155:27
2026-09-09T19:54:08.3111498Z     |
2026-09-09T19:54:08.3111781Z 141 |           impl $name {
2026-09-09T19:54:08.3112251Z     |           ---------- associated function in this implementation
2026-09-09T19:54:08.3113031Z ...
2026-09-09T19:54:08.3113443Z 155 |               pub(crate) fn from_core_id(id: ControlId) -> Self {
2026-09-09T19:54:08.3113976Z     |                             ^^^^^^^^^^^^
2026-09-09T19:54:08.3114379Z ...
2026-09-09T19:54:08.3114684Z 170 | / opaque_control_ref!(
2026-09-09T19:54:08.3115069Z 171 | |     ConstitutedFactRef,
2026-09-09T19:54:08.3115823Z 172 | |     "Referencia a un hecho semántico constituido; no equivale a autoridad."
2026-09-09T19:54:08.3116711Z 173 | | );
2026-09-09T19:54:08.3117021Z     | |_- in this macro invocation
2026-09-09T19:54:08.3117403Z     |
2026-09-09T19:54:08.3118121Z     = note: this warning originates in the macro `opaque_control_ref` (in Nightly builds, run with -Z macro-backtrace for more info)
2026-09-09T19:54:08.3118836Z 
2026-09-09T19:54:08.3119315Z warning: associated function `from_core_id` is never used
2026-09-09T19:54:08.3119892Z    --> sv_core/src/control.rs:155:27
2026-09-09T19:54:08.3120310Z     |
2026-09-09T19:54:08.3120608Z 141 |           impl $name {
2026-09-09T19:54:08.3121067Z     |           ---------- associated function in this implementation
2026-09-09T19:54:08.3121569Z ...
2026-09-09T19:54:08.3121959Z 155 |               pub(crate) fn from_core_id(id: ControlId) -> Self {
2026-09-09T19:54:08.3122665Z     |                             ^^^^^^^^^^^^
2026-09-09T19:54:08.3123073Z ...
2026-09-09T19:54:08.3123367Z 174 | / opaque_control_ref!(
2026-09-09T19:54:08.3123745Z 175 | |     AuthorityRef,
2026-09-09T19:54:08.3124587Z 176 | |     "Referencia a autoridad constituida; su constructor no forma parte de la API pública."
2026-09-09T19:54:08.3125255Z 177 | | );
2026-09-09T19:54:08.3125586Z     | |_- in this macro invocation
2026-09-09T19:54:08.3125965Z     |
2026-09-09T19:54:08.3126730Z     = note: this warning originates in the macro `opaque_control_ref` (in Nightly builds, run with -Z macro-backtrace for more info)
2026-09-09T19:54:08.3127449Z 
2026-09-09T19:54:08.3127691Z warning: associated function `from_core_id` is never used
2026-09-09T19:54:08.3128203Z    --> sv_core/src/control.rs:155:27
2026-09-09T19:54:08.3128614Z     |
2026-09-09T19:54:08.3128937Z 141 |           impl $name {
2026-09-09T19:54:08.3129408Z     |           ---------- associated function in this implementation
2026-09-09T19:54:08.3129986Z ...
2026-09-09T19:54:08.3130389Z 155 |               pub(crate) fn from_core_id(id: ControlId) -> Self {
2026-09-09T19:54:08.3130943Z     |                             ^^^^^^^^^^^^
2026-09-09T19:54:08.3131386Z ...
2026-09-09T19:54:08.3131668Z 178 | / opaque_control_ref!(
2026-09-09T19:54:08.3132081Z 179 | |     EnablementRef,
2026-09-09T19:54:08.3133158Z 180 | |     "Referencia a una habilitación de autoridad ya existente; no amplía autoridad."
2026-09-09T19:54:08.3133813Z 181 | | );
2026-09-09T19:54:08.3134157Z     | |_- in this macro invocation
2026-09-09T19:54:08.3134565Z     |
2026-09-09T19:54:08.3135305Z     = note: this warning originates in the macro `opaque_control_ref` (in Nightly builds, run with -Z macro-backtrace for more info)
2026-09-09T19:54:08.3136091Z 
2026-09-09T19:54:08.3136352Z warning: associated function `from_core_id` is never used
2026-09-09T19:54:08.3136903Z    --> sv_core/src/control.rs:155:27
2026-09-09T19:54:08.3137360Z     |
2026-09-09T19:54:08.3137690Z 141 |           impl $name {
2026-09-09T19:54:08.3138208Z     |           ---------- associated function in this implementation
2026-09-09T19:54:08.3138716Z ...
2026-09-09T19:54:08.3139132Z 155 |               pub(crate) fn from_core_id(id: ControlId) -> Self {
2026-09-09T19:54:08.3139654Z     |                             ^^^^^^^^^^^^
2026-09-09T19:54:08.3140066Z ...
2026-09-09T19:54:08.3140372Z 186 | / opaque_control_ref!(
2026-09-09T19:54:08.3140785Z 187 | |     FormRef,
2026-09-09T19:54:08.3141376Z 188 | |     "Referencia a una forma de transición constituida."
2026-09-09T19:54:08.3141889Z 189 | | );
2026-09-09T19:54:08.3142223Z     | |_- in this macro invocation
2026-09-09T19:54:08.3142783Z     |
2026-09-09T19:54:08.3143508Z     = note: this warning originates in the macro `opaque_control_ref` (in Nightly builds, run with -Z macro-backtrace for more info)
2026-09-09T19:54:08.3144196Z 
2026-09-09T19:54:08.3144436Z warning: associated function `from_core_id` is never used
2026-09-09T19:54:08.3144957Z    --> sv_core/src/control.rs:155:27
2026-09-09T19:54:08.3145363Z     |
2026-09-09T19:54:08.3145666Z 141 |           impl $name {
2026-09-09T19:54:08.3146131Z     |           ---------- associated function in this implementation
2026-09-09T19:54:08.3146896Z ...
2026-09-09T19:54:08.3147302Z 155 |               pub(crate) fn from_core_id(id: ControlId) -> Self {
2026-09-09T19:54:08.3147851Z     |                             ^^^^^^^^^^^^
2026-09-09T19:54:08.3148243Z ...
2026-09-09T19:54:08.3148554Z 190 | / opaque_control_ref!(
2026-09-09T19:54:08.3149060Z 191 | |     EffectFamilyRef,
2026-09-09T19:54:08.3149746Z 192 | |     "Referencia a una familia de efectos fijada por constitución."
2026-09-09T19:54:08.3150299Z 193 | | );
2026-09-09T19:54:08.3150625Z     | |_- in this macro invocation
2026-09-09T19:54:08.3151009Z     |
2026-09-09T19:54:08.3151794Z     = note: this warning originates in the macro `opaque_control_ref` (in Nightly builds, run with -Z macro-backtrace for more info)
2026-09-09T19:54:08.3152670Z 
2026-09-09T19:54:08.3152907Z warning: associated function `from_core_id` is never used
2026-09-09T19:54:08.3153416Z    --> sv_core/src/control.rs:155:27
2026-09-09T19:54:08.3153816Z     |
2026-09-09T19:54:08.3154109Z 141 |           impl $name {
2026-09-09T19:54:08.3154599Z     |           ---------- associated function in this implementation
2026-09-09T19:54:08.3155080Z ...
2026-09-09T19:54:08.3155494Z 155 |               pub(crate) fn from_core_id(id: ControlId) -> Self {
2026-09-09T19:54:08.3156009Z     |                             ^^^^^^^^^^^^
2026-09-09T19:54:08.3156453Z ...
2026-09-09T19:54:08.3156731Z 194 | / opaque_control_ref!(
2026-09-09T19:54:08.3157120Z 195 | |     EffectRef,
2026-09-09T19:54:08.3157675Z 196 | |     "Referencia a un efecto concreto; identificarlo no equivale a autorizarlo."
2026-09-09T19:54:08.3158347Z 197 | | );
2026-09-09T19:54:08.3158659Z     | |_- in this macro invocation
2026-09-09T19:54:08.3159047Z     |
2026-09-09T19:54:08.3159775Z     = note: this warning originates in the macro `opaque_control_ref` (in Nightly builds, run with -Z macro-backtrace for more info)
2026-09-09T19:54:08.3160512Z 
2026-09-09T19:54:08.3160745Z warning: associated function `from_core_id` is never used
2026-09-09T19:54:08.3161275Z    --> sv_core/src/control.rs:155:27
2026-09-09T19:54:08.3161648Z     |
2026-09-09T19:54:08.3161948Z 141 |           impl $name {
2026-09-09T19:54:08.3162641Z     |           ---------- associated function in this implementation
2026-09-09T19:54:08.3163147Z ...
2026-09-09T19:54:08.3163543Z 155 |               pub(crate) fn from_core_id(id: ControlId) -> Self {
2026-09-09T19:54:08.3164047Z     |                             ^^^^^^^^^^^^
2026-09-09T19:54:08.3164433Z ...
2026-09-09T19:54:08.3164717Z 198 | / opaque_control_ref!(
2026-09-09T19:54:08.3165071Z 199 | |     ContextRef,
2026-09-09T19:54:08.3165618Z 200 | |     "Referencia a una ligadura de contexto relevante para autoridad o forma."
2026-09-09T19:54:08.3166195Z 201 | | );
2026-09-09T19:54:08.3166500Z     | |_- in this macro invocation
2026-09-09T19:54:08.3166871Z     |
2026-09-09T19:54:08.3167587Z     = note: this warning originates in the macro `opaque_control_ref` (in Nightly builds, run with -Z macro-backtrace for more info)
2026-09-09T19:54:08.3168292Z 
2026-09-09T19:54:08.3168515Z warning: associated function `from_core_id` is never used
2026-09-09T19:54:08.3169024Z    --> sv_core/src/control.rs:155:27
2026-09-09T19:54:08.3169392Z     |
2026-09-09T19:54:08.3169688Z 141 |           impl $name {
2026-09-09T19:54:08.3170131Z     |           ---------- associated function in this implementation
2026-09-09T19:54:08.3170597Z ...
2026-09-09T19:54:08.3170972Z 155 |               pub(crate) fn from_core_id(id: ControlId) -> Self {
2026-09-09T19:54:08.3171482Z     |                             ^^^^^^^^^^^^
2026-09-09T19:54:08.3171877Z ...
2026-09-09T19:54:08.3172176Z 202 | / opaque_control_ref!(
2026-09-09T19:54:08.3172770Z 203 | |     AuthorityHolderRef,
2026-09-09T19:54:08.3173539Z 204 | |     "Referencia al titular de una autoridad; no constituye autoridad por sí misma."
2026-09-09T19:54:08.3174158Z 205 | | );
2026-09-09T19:54:08.3174448Z     | |_- in this macro invocation
2026-09-09T19:54:08.3174824Z     |
2026-09-09T19:54:08.3175496Z     = note: this warning originates in the macro `opaque_control_ref` (in Nightly builds, run with -Z macro-backtrace for more info)
2026-09-09T19:54:08.3176446Z 
2026-09-09T19:54:08.3176678Z warning: associated function `from_core_id` is never used
2026-09-09T19:54:08.3177176Z    --> sv_core/src/control.rs:155:27
2026-09-09T19:54:08.3177550Z     |
2026-09-09T19:54:08.3177934Z 141 |           impl $name {
2026-09-09T19:54:08.3178390Z     |           ---------- associated function in this implementation
2026-09-09T19:54:08.3178861Z ...
2026-09-09T19:54:08.3179241Z 155 |               pub(crate) fn from_core_id(id: ControlId) -> Self {
2026-09-09T19:54:08.3179748Z     |                             ^^^^^^^^^^^^
2026-09-09T19:54:08.3180134Z ...
2026-09-09T19:54:08.3180411Z 206 | / opaque_control_ref!(
2026-09-09T19:54:08.3180781Z 207 | |     GovernedObjectRef,
2026-09-09T19:54:08.3181368Z 208 | |     "Referencia a un objeto candidato a pertenecer al dominio gobernado D_a."
2026-09-09T19:54:08.3181938Z 209 | | );
2026-09-09T19:54:08.3182249Z     | |_- in this macro invocation
2026-09-09T19:54:08.3182738Z     |
2026-09-09T19:54:08.3183789Z     = note: this warning originates in the macro `opaque_control_ref` (in Nightly builds, run with -Z macro-backtrace for more info)
2026-09-09T19:54:08.3184580Z 
2026-09-09T19:54:08.3184826Z warning: associated function `from_core_id` is never used
2026-09-09T19:54:08.3185320Z    --> sv_core/src/control.rs:155:27
2026-09-09T19:54:08.3185720Z     |
2026-09-09T19:54:08.3185999Z 141 |           impl $name {
2026-09-09T19:54:08.3186464Z     |           ---------- associated function in this implementation
2026-09-09T19:54:08.3186941Z ...
2026-09-09T19:54:08.3187329Z 155 |               pub(crate) fn from_core_id(id: ControlId) -> Self {
2026-09-09T19:54:08.3187825Z     |                             ^^^^^^^^^^^^
2026-09-09T19:54:08.3188245Z ...
2026-09-09T19:54:08.3188520Z 210 | / opaque_control_ref!(
2026-09-09T19:54:08.3188899Z 211 | |     AccumulationRuleRef,
2026-09-09T19:54:08.3189669Z 212 | |     "Referencia a una regla gobernada de acumulación o a un predicado de traza."
2026-09-09T19:54:08.3190320Z 213 | | );
2026-09-09T19:54:08.3190660Z     | |_- in this macro invocation
2026-09-09T19:54:08.3191045Z     |
2026-09-09T19:54:08.3191778Z     = note: this warning originates in the macro `opaque_control_ref` (in Nightly builds, run with -Z macro-backtrace for more info)
2026-09-09T19:54:08.3192670Z 
2026-09-09T19:54:08.3192932Z warning: associated function `from_core_id` is never used
2026-09-09T19:54:08.3193460Z    --> sv_core/src/control.rs:155:27
2026-09-09T19:54:08.3193829Z     |
2026-09-09T19:54:08.3194118Z 141 |           impl $name {
2026-09-09T19:54:08.3194617Z     |           ---------- associated function in this implementation
2026-09-09T19:54:08.3195125Z ...
2026-09-09T19:54:08.3195511Z 155 |               pub(crate) fn from_core_id(id: ControlId) -> Self {
2026-09-09T19:54:08.3196030Z     |                             ^^^^^^^^^^^^
2026-09-09T19:54:08.3196410Z ...
2026-09-09T19:54:08.3196699Z 214 | / opaque_control_ref!(
2026-09-09T19:54:08.3197116Z 215 | |     RequirementRef,
2026-09-09T19:54:08.3197925Z 216 | |     "Referencia a una obligación de Req; identificarla no acredita su cumplimiento."
2026-09-09T19:54:08.3198616Z 217 | | );
2026-09-09T19:54:08.3198956Z     | |_- in this macro invocation
2026-09-09T19:54:08.3199320Z     |
2026-09-09T19:54:08.3200074Z     = note: this warning originates in the macro `opaque_control_ref` (in Nightly builds, run with -Z macro-backtrace for more info)
2026-09-09T19:54:08.3200780Z 
2026-09-09T19:54:08.3201015Z warning: associated function `from_core_id` is never used
2026-09-09T19:54:08.3201527Z    --> sv_core/src/control.rs:155:27
2026-09-09T19:54:08.3201908Z     |
2026-09-09T19:54:08.3202198Z 141 |           impl $name {
2026-09-09T19:54:08.3202843Z     |           ---------- associated function in this implementation
2026-09-09T19:54:08.3203350Z ...
2026-09-09T19:54:08.3203734Z 155 |               pub(crate) fn from_core_id(id: ControlId) -> Self {
2026-09-09T19:54:08.3204469Z     |                             ^^^^^^^^^^^^
2026-09-09T19:54:08.3204875Z ...
2026-09-09T19:54:08.3205160Z 218 | / opaque_control_ref!(
2026-09-09T19:54:08.3205528Z 219 | |     VerifierRef,
2026-09-09T19:54:08.3206152Z 220 | |     "Referencia a un verificador concreto; su mera existencia no acredita aplicabilidad."
2026-09-09T19:54:08.3207005Z 221 | | );
2026-09-09T19:54:08.3207330Z     | |_- in this macro invocation
2026-09-09T19:54:08.3207707Z     |
2026-09-09T19:54:08.3208446Z     = note: this warning originates in the macro `opaque_control_ref` (in Nightly builds, run with -Z macro-backtrace for more info)
2026-09-09T19:54:08.3209155Z 
2026-09-09T19:54:08.3209406Z warning: associated function `from_core_id` is never used
2026-09-09T19:54:08.3209915Z    --> sv_core/src/control.rs:155:27
2026-09-09T19:54:08.3210305Z     |
2026-09-09T19:54:08.3210591Z 141 |           impl $name {
2026-09-09T19:54:08.3211061Z     |           ---------- associated function in this implementation
2026-09-09T19:54:08.3211569Z ...
2026-09-09T19:54:08.3212016Z 155 |               pub(crate) fn from_core_id(id: ControlId) -> Self {
2026-09-09T19:54:08.3212758Z     |                             ^^^^^^^^^^^^
2026-09-09T19:54:08.3213160Z ...
2026-09-09T19:54:08.3213419Z 222 | / opaque_control_ref!(
2026-09-09T19:54:08.3213819Z 223 | |     VerifierFamilyRef,
2026-09-09T19:54:08.3214618Z 224 | |     "Referencia a una familia de verificadores admisibles para una obligación."
2026-09-09T19:54:08.3215262Z 225 | | );
2026-09-09T19:54:08.3215564Z     | |_- in this macro invocation
2026-09-09T19:54:08.3215962Z     |
2026-09-09T19:54:08.3216659Z     = note: this warning originates in the macro `opaque_control_ref` (in Nightly builds, run with -Z macro-backtrace for more info)
2026-09-09T19:54:08.3217473Z 
2026-09-09T19:54:08.3217735Z warning: associated function `from_core_id` is never used
2026-09-09T19:54:08.3218333Z    --> sv_core/src/control.rs:155:27
2026-09-09T19:54:08.3218773Z     |
2026-09-09T19:54:08.3219126Z 141 |           impl $name {
2026-09-09T19:54:08.3219620Z     |           ---------- associated function in this implementation
2026-09-09T19:54:08.3220163Z ...
2026-09-09T19:54:08.3220578Z 155 |               pub(crate) fn from_core_id(id: ControlId) -> Self {
2026-09-09T19:54:08.3221139Z     |                             ^^^^^^^^^^^^
2026-09-09T19:54:08.3221544Z ...
2026-09-09T19:54:08.3221862Z 226 | / opaque_control_ref!(
2026-09-09T19:54:08.3222238Z 227 | |     ApplicabilityRuleRef,
2026-09-09T19:54:08.3223203Z 228 | |     "Referencia a una regla previamente constituida de aplicabilidad de comprobación."
2026-09-09T19:54:08.3223882Z 229 | | );
2026-09-09T19:54:08.3224207Z     | |_- in this macro invocation
2026-09-09T19:54:08.3224612Z     |
2026-09-09T19:54:08.3225371Z     = note: this warning originates in the macro `opaque_control_ref` (in Nightly builds, run with -Z macro-backtrace for more info)
2026-09-09T19:54:08.3226118Z 
2026-09-09T19:54:08.3226390Z warning: associated function `from_core_id` is never used
2026-09-09T19:54:08.3227003Z    --> sv_core/src/control.rs:155:27
2026-09-09T19:54:08.3227411Z     |
2026-09-09T19:54:08.3227691Z 141 |           impl $name {
2026-09-09T19:54:08.3228153Z     |           ---------- associated function in this implementation
2026-09-09T19:54:08.3228632Z ...
2026-09-09T19:54:08.3229036Z 155 |               pub(crate) fn from_core_id(id: ControlId) -> Self {
2026-09-09T19:54:08.3229550Z     |                             ^^^^^^^^^^^^
2026-09-09T19:54:08.3229973Z ...
2026-09-09T19:54:08.3230274Z 230 | / opaque_control_ref!(
2026-09-09T19:54:08.3230716Z 231 | |     ConflictResolutionRuleRef,
2026-09-09T19:54:08.3231652Z 232 | |     "Referencia a una regla previamente constituida de resolución de conflicto entre comprobaciones."
2026-09-09T19:54:08.3232579Z 233 | | );
2026-09-09T19:54:08.3232898Z     | |_- in this macro invocation
2026-09-09T19:54:08.3233268Z     |
2026-09-09T19:54:08.3233976Z     = note: this warning originates in the macro `opaque_control_ref` (in Nightly builds, run with -Z macro-backtrace for more info)
2026-09-09T19:54:08.3234901Z 
2026-09-09T19:54:08.3235142Z warning: associated function `from_core_id` is never used
2026-09-09T19:54:08.3235622Z    --> sv_core/src/control.rs:155:27
2026-09-09T19:54:08.3235970Z     |
2026-09-09T19:54:08.3236247Z 141 |           impl $name {
2026-09-09T19:54:08.3236813Z     |           ---------- associated function in this implementation
2026-09-09T19:54:08.3237308Z ...
2026-09-09T19:54:08.3237683Z 155 |               pub(crate) fn from_core_id(id: ControlId) -> Self {
2026-09-09T19:54:08.3238213Z     |                             ^^^^^^^^^^^^
2026-09-09T19:54:08.3238623Z ...
2026-09-09T19:54:08.3238926Z 234 | / opaque_control_ref!(
2026-09-09T19:54:08.3239310Z 235 | |     CoverageRuleRef,
2026-09-09T19:54:08.3240004Z 236 | |     "Referencia a una regla previamente constituida de cobertura de comprobaciones exigibles."
2026-09-09T19:54:08.3240738Z 237 | | );
2026-09-09T19:54:08.3241075Z     | |_- in this macro invocation
2026-09-09T19:54:08.3241496Z     |
2026-09-09T19:54:08.3242253Z     = note: this warning originates in the macro `opaque_control_ref` (in Nightly builds, run with -Z macro-backtrace for more info)
2026-09-09T19:54:08.3243161Z 
2026-09-09T19:54:08.3243415Z warning: associated function `from_core_id` is never used
2026-09-09T19:54:08.3243938Z    --> sv_core/src/control.rs:155:27
2026-09-09T19:54:08.3244334Z     |
2026-09-09T19:54:08.3244658Z 141 |           impl $name {
2026-09-09T19:54:08.3245212Z     |           ---------- associated function in this implementation
2026-09-09T19:54:08.3245835Z ...
2026-09-09T19:54:08.3246309Z 155 |               pub(crate) fn from_core_id(id: ControlId) -> Self {
2026-09-09T19:54:08.3246836Z     |                             ^^^^^^^^^^^^
2026-09-09T19:54:08.3247243Z ...
2026-09-09T19:54:08.3247536Z 238 | / opaque_control_ref!(
2026-09-09T19:54:08.3247911Z 239 | |     ReuseRuleRef,
2026-09-09T19:54:08.3248837Z 240 | |     "Referencia a una regla previamente constituida de reutilización de resultados cualificados."
2026-09-09T19:54:08.3249554Z 241 | | );
2026-09-09T19:54:08.3249902Z     | |_- in this macro invocation
2026-09-09T19:54:08.3250324Z     |
2026-09-09T19:54:08.3251139Z     = note: this warning originates in the macro `opaque_control_ref` (in Nightly builds, run with -Z macro-backtrace for more info)
2026-09-09T19:54:08.3251925Z 
2026-09-09T19:54:08.3252203Z warning: associated function `from_core_id` is never used
2026-09-09T19:54:08.3252988Z    --> sv_core/src/control.rs:155:27
2026-09-09T19:54:08.3253420Z     |
2026-09-09T19:54:08.3253760Z 141 |           impl $name {
2026-09-09T19:54:08.3254256Z     |           ---------- associated function in this implementation
2026-09-09T19:54:08.3254798Z ...
2026-09-09T19:54:08.3255267Z 155 |               pub(crate) fn from_core_id(id: ControlId) -> Self {
2026-09-09T19:54:08.3255846Z     |                             ^^^^^^^^^^^^
2026-09-09T19:54:08.3256301Z ...
2026-09-09T19:54:08.3256619Z 242 | / opaque_control_ref!(
2026-09-09T19:54:08.3257055Z 243 | |     ReuseBindingKeyRef,
2026-09-09T19:54:08.3258104Z 244 | |     "Referencia a una dimensión constituida cuya continuidad puede ser exigible para reutilizar un resultado."
2026-09-09T19:54:08.3258994Z 245 | | );
2026-09-09T19:54:08.3259344Z     | |_- in this macro invocation
2026-09-09T19:54:08.3259739Z     |
2026-09-09T19:54:08.3260565Z     = note: this warning originates in the macro `opaque_control_ref` (in Nightly builds, run with -Z macro-backtrace for more info)
2026-09-09T19:54:08.3261352Z 
2026-09-09T19:54:08.3261607Z warning: associated function `from_core_id` is never used
2026-09-09T19:54:08.3262204Z    --> sv_core/src/control.rs:155:27
2026-09-09T19:54:08.3262774Z     |
2026-09-09T19:54:08.3263090Z 141 |           impl $name {
2026-09-09T19:54:08.3263582Z     |           ---------- associated function in this implementation
2026-09-09T19:54:08.3264106Z ...
2026-09-09T19:54:08.3264496Z 155 |               pub(crate) fn from_core_id(id: ControlId) -> Self {
2026-09-09T19:54:08.3265296Z     |                             ^^^^^^^^^^^^
2026-09-09T19:54:08.3265758Z ...
2026-09-09T19:54:08.3266114Z 246 | / opaque_control_ref!(
2026-09-09T19:54:08.3266538Z 247 | |     ReuseBindingValueRef,
2026-09-09T19:54:08.3267683Z 248 | |     "Referencia al valor constituido de una dimensión de reutilización; identificarlo no acredita su vigencia."
2026-09-09T19:54:08.3268542Z 249 | | );
2026-09-09T19:54:08.3268871Z     | |_- in this macro invocation
2026-09-09T19:54:08.3269292Z     |
2026-09-09T19:54:08.3270088Z     = note: this warning originates in the macro `opaque_control_ref` (in Nightly builds, run with -Z macro-backtrace for more info)
2026-09-09T19:54:08.3270814Z 
2026-09-09T19:54:08.3270978Z warning: constant `PROFILE_ID` is never used
2026-09-09T19:54:08.3271440Z  --> sv_core/src/identifier_profile.rs:6:18
2026-09-09T19:54:08.3271854Z   |
2026-09-09T19:54:08.3272442Z 6 | pub(crate) const PROFILE_ID: &str = "svp-grammar-0.2-lex-es-1";
2026-09-09T19:54:08.3273026Z   |                  ^^^^^^^^^^
2026-09-09T19:54:08.3273295Z 
2026-09-09T19:54:08.3273497Z warning: function `is_reserved_word` is never used
2026-09-09T19:54:08.3274033Z   --> sv_core/src/identifier_profile.rs:22:15
2026-09-09T19:54:08.3274480Z    |
2026-09-09T19:54:08.3274882Z 22 | pub(crate) fn is_reserved_word(word: &str) -> bool {
2026-09-09T19:54:08.3275378Z    |               ^^^^^^^^^^^^^^^^
2026-09-09T19:54:08.3275632Z 
2026-09-09T19:54:08.3275845Z warning: method `matches_descriptor` is never used
2026-09-09T19:54:08.3276379Z    --> sv_core/src/requirements_reuse.rs:121:19
2026-09-09T19:54:08.3276873Z     |
2026-09-09T19:54:08.3277173Z  44 | impl ReuseRule {
2026-09-09T19:54:08.3277593Z     | -------------- method in this implementation
2026-09-09T19:54:08.3278027Z ...
2026-09-09T19:54:08.3278569Z 121 |     pub(crate) fn matches_descriptor(&self, descriptor: &RequirementDescriptor) -> bool {
2026-09-09T19:54:08.3279234Z     |                   ^^^^^^^^^^^^^^^^^^
2026-09-09T19:54:08.3279525Z 
2026-09-09T19:54:08.3279874Z warning: hiding a lifetime that's elided elsewhere is confusing
2026-09-09T19:54:08.3280443Z     --> sv_core/src/frontend.rs:2146:13
2026-09-09T19:54:08.3280865Z      |
2026-09-09T19:54:08.3281209Z 2146 |     fn peek(&self) -> &Token {
2026-09-09T19:54:08.3281631Z      |             ^^^^^     ^^^^^^
2026-09-09T19:54:08.3282030Z      |             |         ||
2026-09-09T19:54:08.3282639Z      |             |         |the same lifetime is hidden here
2026-09-09T19:54:08.3283156Z      |             |         the same lifetime is elided here
2026-09-09T19:54:08.3283610Z      |             the lifetime is elided here
2026-09-09T19:54:08.3284011Z      |
2026-09-09T19:54:08.3284551Z      = help: the same lifetime is referred to in inconsistent ways, making the signature confusing
2026-09-09T19:54:08.3285327Z      = note: `#[warn(mismatched_lifetime_syntaxes)]` on by default
2026-09-09T19:54:08.3285846Z help: use `'_` for type paths
2026-09-09T19:54:08.3286213Z      |
2026-09-09T19:54:08.3286545Z 2146 |     fn peek(&self) -> &Token<'_> {
2026-09-09T19:54:08.3287001Z      |                             ++++
2026-09-09T19:54:08.3287261Z 
2026-09-09T19:54:08.3944202Z warning: `sv_core` (lib) generated 25 warnings (run `cargo fix --lib -p sv_core` to apply 1 suggestion)
2026-09-09T19:54:08.3944822Z     Finished `dev` profile [unoptimized + debuginfo] target(s) in 1.05s
2026-09-09T19:54:08.3987679Z ##[group]Run cargo check --manifest-path rust/Cargo.toml -p sv_wasm --target wasm32-unknown-unknown
2026-09-09T19:54:08.3988399Z [36;1mcargo check --manifest-path rust/Cargo.toml -p sv_wasm --target wasm32-unknown-unknown[0m
2026-09-09T19:54:08.4009913Z shell: /usr/bin/bash -e {0}
2026-09-09T19:54:08.4010198Z ##[endgroup]
2026-09-09T19:54:08.4217693Z warning: associated function `from_core_id` is never used
2026-09-09T19:54:08.4218520Z    --> sv_core/src/control.rs:155:27
2026-09-09T19:54:08.4218969Z     |
2026-09-09T19:54:08.4219316Z 141 |           impl $name {
2026-09-09T19:54:08.4219819Z     |           ---------- associated function in this implementation
2026-09-09T19:54:08.4220670Z ...
2026-09-09T19:54:08.4221103Z 155 |               pub(crate) fn from_core_id(id: ControlId) -> Self {
2026-09-09T19:54:08.4221682Z     |                             ^^^^^^^^^^^^
2026-09-09T19:54:08.4222093Z ...
2026-09-09T19:54:08.4222573Z 162 | / opaque_control_ref!(
2026-09-09T19:54:08.4223088Z 163 | |     InformationRef,
2026-09-09T19:54:08.4223990Z 164 | |     "Referencia nominal a información dentro del dominio de control."
2026-09-09T19:54:08.4224702Z 165 | | );
2026-09-09T19:54:08.4225076Z     | |_- in this macro invocation
2026-09-09T19:54:08.4225479Z     |
2026-09-09T19:54:08.4225936Z     = note: `#[warn(dead_code)]` (part of `#[warn(unused)]`) on by default
2026-09-09T19:54:08.4226999Z     = note: this warning originates in the macro `opaque_control_ref` (in Nightly builds, run with -Z macro-backtrace for more info)
2026-09-09T19:54:08.4227808Z 
2026-09-09T19:54:08.4228091Z warning: associated function `from_core_id` is never used
2026-09-09T19:54:08.4228675Z    --> sv_core/src/control.rs:155:27
2026-09-09T19:54:08.4229142Z     |
2026-09-09T19:54:08.4229484Z 141 |           impl $name {
2026-09-09T19:54:08.4230041Z     |           ---------- associated function in this implementation
2026-09-09T19:54:08.4230599Z ...
2026-09-09T19:54:08.4231072Z 155 |               pub(crate) fn from_core_id(id: ControlId) -> Self {
2026-09-09T19:54:08.4231636Z     |                             ^^^^^^^^^^^^
2026-09-09T19:54:08.4232113Z ...
2026-09-09T19:54:08.4232717Z 166 | / opaque_control_ref!(
2026-09-09T19:54:08.4233197Z 167 | |     AdmittedEvidenceRef,
2026-09-09T19:54:08.4234283Z 168 | |     "Referencia a evidencia cuya admisión debe proceder de una verificación gobernada."
2026-09-09T19:54:08.4235057Z 169 | | );
2026-09-09T19:54:08.4235427Z     | |_- in this macro invocation
2026-09-09T19:54:08.4235866Z     |
2026-09-09T19:54:08.4236718Z     = note: this warning originates in the macro `opaque_control_ref` (in Nightly builds, run with -Z macro-backtrace for more info)
2026-09-09T19:54:08.4237572Z 
2026-09-09T19:54:08.4237854Z warning: associated function `from_core_id` is never used
2026-09-09T19:54:08.4238439Z    --> sv_core/src/control.rs:155:27
2026-09-09T19:54:08.4238921Z     |
2026-09-09T19:54:08.4239252Z 141 |           impl $name {
2026-09-09T19:54:08.4239831Z     |           ---------- associated function in this implementation
2026-09-09T19:54:08.4240386Z ...
2026-09-09T19:54:08.4240843Z 155 |               pub(crate) fn from_core_id(id: ControlId) -> Self {
2026-09-09T19:54:08.4241439Z     |                             ^^^^^^^^^^^^
2026-09-09T19:54:08.4241894Z ...
2026-09-09T19:54:08.4242230Z 170 | / opaque_control_ref!(
2026-09-09T19:54:08.4242864Z 171 | |     ConstitutedFactRef,
2026-09-09T19:54:08.4243664Z 172 | |     "Referencia a un hecho semántico constituido; no equivale a autoridad."
2026-09-09T19:54:08.4244315Z 173 | | );
2026-09-09T19:54:08.4244649Z     | |_- in this macro invocation
2026-09-09T19:54:08.4245069Z     |
2026-09-09T19:54:08.4245854Z     = note: this warning originates in the macro `opaque_control_ref` (in Nightly builds, run with -Z macro-backtrace for more info)
2026-09-09T19:54:08.4246589Z 
2026-09-09T19:54:08.4246867Z warning: associated function `from_core_id` is never used
2026-09-09T19:54:08.4247450Z    --> sv_core/src/control.rs:155:27
2026-09-09T19:54:08.4248230Z     |
2026-09-09T19:54:08.4248571Z 141 |           impl $name {
2026-09-09T19:54:08.4249076Z     |           ---------- associated function in this implementation
2026-09-09T19:54:08.4249612Z ...
2026-09-09T19:54:08.4250037Z 155 |               pub(crate) fn from_core_id(id: ControlId) -> Self {
2026-09-09T19:54:08.4250562Z     |                             ^^^^^^^^^^^^
2026-09-09T19:54:08.4250994Z ...
2026-09-09T19:54:08.4251318Z 174 | / opaque_control_ref!(
2026-09-09T19:54:08.4251720Z 175 | |     AuthorityRef,
2026-09-09T19:54:08.4252873Z 176 | |     "Referencia a autoridad constituida; su constructor no forma parte de la API pública."
2026-09-09T19:54:08.4253837Z 177 | | );
2026-09-09T19:54:08.4254162Z     | |_- in this macro invocation
2026-09-09T19:54:08.4254570Z     |
2026-09-09T19:54:08.4255441Z     = note: this warning originates in the macro `opaque_control_ref` (in Nightly builds, run with -Z macro-backtrace for more info)
2026-09-09T19:54:08.4256376Z 
2026-09-09T19:54:08.4256643Z warning: associated function `from_core_id` is never used
2026-09-09T19:54:08.4257210Z    --> sv_core/src/control.rs:155:27
2026-09-09T19:54:08.4257650Z     |
2026-09-09T19:54:08.4257984Z 141 |           impl $name {
2026-09-09T19:54:08.4258489Z     |           ---------- associated function in this implementation
2026-09-09T19:54:08.4259041Z ...
2026-09-09T19:54:08.4259465Z 155 |               pub(crate) fn from_core_id(id: ControlId) -> Self {
2026-09-09T19:54:08.4260066Z     |                             ^^^^^^^^^^^^
2026-09-09T19:54:08.4260520Z ...
2026-09-09T19:54:08.4260866Z 178 | / opaque_control_ref!(
2026-09-09T19:54:08.4261274Z 179 | |     EnablementRef,
2026-09-09T19:54:08.4262267Z 180 | |     "Referencia a una habilitación de autoridad ya existente; no amplía autoridad."
2026-09-09T19:54:08.4263156Z 181 | | );
2026-09-09T19:54:08.4263521Z     | |_- in this macro invocation
2026-09-09T19:54:08.4263974Z     |
2026-09-09T19:54:08.4264829Z     = note: this warning originates in the macro `opaque_control_ref` (in Nightly builds, run with -Z macro-backtrace for more info)
2026-09-09T19:54:08.4265666Z 
2026-09-09T19:54:08.4265933Z warning: associated function `from_core_id` is never used
2026-09-09T19:54:08.4266502Z    --> sv_core/src/control.rs:155:27
2026-09-09T19:54:08.4266931Z     |
2026-09-09T19:54:08.4267228Z 141 |           impl $name {
2026-09-09T19:54:08.4267721Z     |           ---------- associated function in this implementation
2026-09-09T19:54:08.4268233Z ...
2026-09-09T19:54:08.4268668Z 155 |               pub(crate) fn from_core_id(id: ControlId) -> Self {
2026-09-09T19:54:08.4269251Z     |                             ^^^^^^^^^^^^
2026-09-09T19:54:08.4269695Z ...
2026-09-09T19:54:08.4270038Z 186 | / opaque_control_ref!(
2026-09-09T19:54:08.4270454Z 187 | |     FormRef,
2026-09-09T19:54:08.4271087Z 188 | |     "Referencia a una forma de transición constituida."
2026-09-09T19:54:08.4271649Z 189 | | );
2026-09-09T19:54:08.4271997Z     | |_- in this macro invocation
2026-09-09T19:54:08.4272642Z     |
2026-09-09T19:54:08.4273494Z     = note: this warning originates in the macro `opaque_control_ref` (in Nightly builds, run with -Z macro-backtrace for more info)
2026-09-09T19:54:08.4274314Z 
2026-09-09T19:54:08.4274597Z warning: associated function `from_core_id` is never used
2026-09-09T19:54:08.4275198Z    --> sv_core/src/control.rs:155:27
2026-09-09T19:54:08.4275648Z     |
2026-09-09T19:54:08.4275989Z 141 |           impl $name {
2026-09-09T19:54:08.4276500Z     |           ---------- associated function in this implementation
2026-09-09T19:54:08.4277036Z ...
2026-09-09T19:54:08.4277484Z 155 |               pub(crate) fn from_core_id(id: ControlId) -> Self {
2026-09-09T19:54:08.4278087Z     |                             ^^^^^^^^^^^^
2026-09-09T19:54:08.4278469Z ...
2026-09-09T19:54:08.4278769Z 190 | / opaque_control_ref!(
2026-09-09T19:54:08.4279145Z 191 | |     EffectFamilyRef,
2026-09-09T19:54:08.4282221Z 192 | |     "Referencia a una familia de efectos fijada por constitución."
2026-09-09T19:54:08.4283236Z 193 | | );
2026-09-09T19:54:08.4283648Z     | |_- in this macro invocation
2026-09-09T19:54:08.4284072Z     |
2026-09-09T19:54:08.4284899Z     = note: this warning originates in the macro `opaque_control_ref` (in Nightly builds, run with -Z macro-backtrace for more info)
2026-09-09T19:54:08.4285707Z 
2026-09-09T19:54:08.4285977Z warning: associated function `from_core_id` is never used
2026-09-09T19:54:08.4286559Z    --> sv_core/src/control.rs:155:27
2026-09-09T19:54:08.4287013Z     |
2026-09-09T19:54:08.4287349Z 141 |           impl $name {
2026-09-09T19:54:08.4287859Z     |           ---------- associated function in this implementation
2026-09-09T19:54:08.4288414Z ...
2026-09-09T19:54:08.4289112Z 155 |               pub(crate) fn from_core_id(id: ControlId) -> Self {
2026-09-09T19:54:08.4289714Z     |                             ^^^^^^^^^^^^
2026-09-09T19:54:08.4290146Z ...
2026-09-09T19:54:08.4290488Z 194 | / opaque_control_ref!(
2026-09-09T19:54:08.4290858Z 195 | |     EffectRef,
2026-09-09T19:54:08.4291444Z 196 | |     "Referencia a un efecto concreto; identificarlo no equivale a autorizarlo."
2026-09-09T19:54:08.4292117Z 197 | | );
2026-09-09T19:54:08.4292636Z     | |_- in this macro invocation
2026-09-09T19:54:08.4293065Z     |
2026-09-09T19:54:08.4293886Z     = note: this warning originates in the macro `opaque_control_ref` (in Nightly builds, run with -Z macro-backtrace for more info)
2026-09-09T19:54:08.4294690Z 
2026-09-09T19:54:08.4294956Z warning: associated function `from_core_id` is never used
2026-09-09T19:54:08.4295538Z    --> sv_core/src/control.rs:155:27
2026-09-09T19:54:08.4295987Z     |
2026-09-09T19:54:08.4296310Z 141 |           impl $name {
2026-09-09T19:54:08.4296836Z     |           ---------- associated function in this implementation
2026-09-09T19:54:08.4297249Z ...
2026-09-09T19:54:08.4297519Z 155 |               pub(crate) fn from_core_id(id: ControlId) -> Self {
2026-09-09T19:54:08.4297858Z     |                             ^^^^^^^^^^^^
2026-09-09T19:54:08.4298125Z ...
2026-09-09T19:54:08.4298333Z 198 | / opaque_control_ref!(
2026-09-09T19:54:08.4298583Z 199 | |     ContextRef,
2026-09-09T19:54:08.4298933Z 200 | |     "Referencia a una ligadura de contexto relevante para autoridad o forma."
2026-09-09T19:54:08.4299329Z 201 | | );
2026-09-09T19:54:08.4299544Z     | |_- in this macro invocation
2026-09-09T19:54:08.4299804Z     |
2026-09-09T19:54:08.4300269Z     = note: this warning originates in the macro `opaque_control_ref` (in Nightly builds, run with -Z macro-backtrace for more info)
2026-09-09T19:54:08.4300712Z 
2026-09-09T19:54:08.4300878Z warning: associated function `from_core_id` is never used
2026-09-09T19:54:08.4301221Z    --> sv_core/src/control.rs:155:27
2026-09-09T19:54:08.4301484Z     |
2026-09-09T19:54:08.4301692Z 141 |           impl $name {
2026-09-09T19:54:08.4301989Z     |           ---------- associated function in this implementation
2026-09-09T19:54:08.4302482Z ...
2026-09-09T19:54:08.4302788Z 155 |               pub(crate) fn from_core_id(id: ControlId) -> Self {
2026-09-09T19:54:08.4303164Z     |                             ^^^^^^^^^^^^
2026-09-09T19:54:08.4303457Z ...
2026-09-09T19:54:08.4303667Z 202 | / opaque_control_ref!(
2026-09-09T19:54:08.4303940Z 203 | |     AuthorityHolderRef,
2026-09-09T19:54:08.4304467Z 204 | |     "Referencia al titular de una autoridad; no constituye autoridad por sí misma."
2026-09-09T19:54:08.4304875Z 205 | | );
2026-09-09T19:54:08.4305083Z     | |_- in this macro invocation
2026-09-09T19:54:08.4305335Z     |
2026-09-09T19:54:08.4305793Z     = note: this warning originates in the macro `opaque_control_ref` (in Nightly builds, run with -Z macro-backtrace for more info)
2026-09-09T19:54:08.4306232Z 
2026-09-09T19:54:08.4306405Z warning: associated function `from_core_id` is never used
2026-09-09T19:54:08.4306749Z    --> sv_core/src/control.rs:155:27
2026-09-09T19:54:08.4307019Z     |
2026-09-09T19:54:08.4307210Z 141 |           impl $name {
2026-09-09T19:54:08.4307515Z     |           ---------- associated function in this implementation
2026-09-09T19:54:08.4308006Z ...
2026-09-09T19:54:08.4308266Z 155 |               pub(crate) fn from_core_id(id: ControlId) -> Self {
2026-09-09T19:54:08.4308608Z     |                             ^^^^^^^^^^^^
2026-09-09T19:54:08.4308873Z ...
2026-09-09T19:54:08.4309082Z 206 | / opaque_control_ref!(
2026-09-09T19:54:08.4309333Z 207 | |     GovernedObjectRef,
2026-09-09T19:54:08.4309793Z 208 | |     "Referencia a un objeto candidato a pertenecer al dominio gobernado D_a."
2026-09-09T19:54:08.4310182Z 209 | | );
2026-09-09T19:54:08.4310392Z     | |_- in this macro invocation
2026-09-09T19:54:08.4310649Z     |
2026-09-09T19:54:08.4311104Z     = note: this warning originates in the macro `opaque_control_ref` (in Nightly builds, run with -Z macro-backtrace for more info)
2026-09-09T19:54:08.4311625Z 
2026-09-09T19:54:08.4311787Z warning: associated function `from_core_id` is never used
2026-09-09T19:54:08.4312118Z    --> sv_core/src/control.rs:155:27
2026-09-09T19:54:08.4312540Z     |
2026-09-09T19:54:08.4312758Z 141 |           impl $name {
2026-09-09T19:54:08.4313075Z     |           ---------- associated function in this implementation
2026-09-09T19:54:08.4313392Z ...
2026-09-09T19:54:08.4313654Z 155 |               pub(crate) fn from_core_id(id: ControlId) -> Self {
2026-09-09T19:54:08.4313990Z     |                             ^^^^^^^^^^^^
2026-09-09T19:54:08.4314269Z ...
2026-09-09T19:54:08.4314466Z 210 | / opaque_control_ref!(
2026-09-09T19:54:08.4314732Z 211 | |     AccumulationRuleRef,
2026-09-09T19:54:08.4315218Z 212 | |     "Referencia a una regla gobernada de acumulación o a un predicado de traza."
2026-09-09T19:54:08.4315609Z 213 | | );
2026-09-09T19:54:08.4315824Z     | |_- in this macro invocation
2026-09-09T19:54:08.4316082Z     |
2026-09-09T19:54:08.4316556Z     = note: this warning originates in the macro `opaque_control_ref` (in Nightly builds, run with -Z macro-backtrace for more info)
2026-09-09T19:54:08.4316981Z 
2026-09-09T19:54:08.4317147Z warning: associated function `from_core_id` is never used
2026-09-09T19:54:08.4317491Z    --> sv_core/src/control.rs:155:27
2026-09-09T19:54:08.4317748Z     |
2026-09-09T19:54:08.4317952Z 141 |           impl $name {
2026-09-09T19:54:08.4318245Z     |           ---------- associated function in this implementation
2026-09-09T19:54:08.4318556Z ...
2026-09-09T19:54:08.4318809Z 155 |               pub(crate) fn from_core_id(id: ControlId) -> Self {
2026-09-09T19:54:08.4319146Z     |                             ^^^^^^^^^^^^
2026-09-09T19:54:08.4319407Z ...
2026-09-09T19:54:08.4319605Z 214 | / opaque_control_ref!(
2026-09-09T19:54:08.4319845Z 215 | |     RequirementRef,
2026-09-09T19:54:08.4320317Z 216 | |     "Referencia a una obligación de Req; identificarla no acredita su cumplimiento."
2026-09-09T19:54:08.4320731Z 217 | | );
2026-09-09T19:54:08.4320937Z     | |_- in this macro invocation
2026-09-09T19:54:08.4321180Z     |
2026-09-09T19:54:08.4321647Z     = note: this warning originates in the macro `opaque_control_ref` (in Nightly builds, run with -Z macro-backtrace for more info)
2026-09-09T19:54:08.4322081Z 
2026-09-09T19:54:08.4322240Z warning: associated function `from_core_id` is never used
2026-09-09T19:54:08.4322733Z    --> sv_core/src/control.rs:155:27
2026-09-09T19:54:08.4323001Z     |
2026-09-09T19:54:08.4323198Z 141 |           impl $name {
2026-09-09T19:54:08.4323501Z     |           ---------- associated function in this implementation
2026-09-09T19:54:08.4323813Z ...
2026-09-09T19:54:08.4324083Z 155 |               pub(crate) fn from_core_id(id: ControlId) -> Self {
2026-09-09T19:54:08.4324423Z     |                             ^^^^^^^^^^^^
2026-09-09T19:54:08.4324692Z ...
2026-09-09T19:54:08.4324893Z 218 | / opaque_control_ref!(
2026-09-09T19:54:08.4325151Z 219 | |     VerifierRef,
2026-09-09T19:54:08.4325550Z 220 | |     "Referencia a un verificador concreto; su mera existencia no acredita aplicabilidad."
2026-09-09T19:54:08.4325977Z 221 | | );
2026-09-09T19:54:08.4326180Z     | |_- in this macro invocation
2026-09-09T19:54:08.4326441Z     |
2026-09-09T19:54:08.4327010Z     = note: this warning originates in the macro `opaque_control_ref` (in Nightly builds, run with -Z macro-backtrace for more info)
2026-09-09T19:54:08.4327454Z 
2026-09-09T19:54:08.4327619Z warning: associated function `from_core_id` is never used
2026-09-09T19:54:08.4327956Z    --> sv_core/src/control.rs:155:27
2026-09-09T19:54:08.4328229Z     |
2026-09-09T19:54:08.4328430Z 141 |           impl $name {
2026-09-09T19:54:08.4328747Z     |           ---------- associated function in this implementation
2026-09-09T19:54:08.4329066Z ...
2026-09-09T19:54:08.4329320Z 155 |               pub(crate) fn from_core_id(id: ControlId) -> Self {
2026-09-09T19:54:08.4329756Z     |                             ^^^^^^^^^^^^
2026-09-09T19:54:08.4330009Z ...
2026-09-09T19:54:08.4330206Z 222 | / opaque_control_ref!(
2026-09-09T19:54:08.4330453Z 223 | |     VerifierFamilyRef,
2026-09-09T19:54:08.4330919Z 224 | |     "Referencia a una familia de verificadores admisibles para una obligación."
2026-09-09T19:54:08.4331311Z 225 | | );
2026-09-09T19:54:08.4331521Z     | |_- in this macro invocation
2026-09-09T19:54:08.4331764Z     |
2026-09-09T19:54:08.4332212Z     = note: this warning originates in the macro `opaque_control_ref` (in Nightly builds, run with -Z macro-backtrace for more info)
2026-09-09T19:54:08.4332796Z 
2026-09-09T19:54:08.4332948Z warning: associated function `from_core_id` is never used
2026-09-09T19:54:08.4333283Z    --> sv_core/src/control.rs:155:27
2026-09-09T19:54:08.4333532Z     |
2026-09-09T19:54:08.4333737Z 141 |           impl $name {
2026-09-09T19:54:08.4334035Z     |           ---------- associated function in this implementation
2026-09-09T19:54:08.4334364Z ...
2026-09-09T19:54:08.4334618Z 155 |               pub(crate) fn from_core_id(id: ControlId) -> Self {
2026-09-09T19:54:08.4334962Z     |                             ^^^^^^^^^^^^
2026-09-09T19:54:08.4335218Z ...
2026-09-09T19:54:08.4335418Z 226 | / opaque_control_ref!(
2026-09-09T19:54:08.4335671Z 227 | |     ApplicabilityRuleRef,
2026-09-09T19:54:08.4336173Z 228 | |     "Referencia a una regla previamente constituida de aplicabilidad de comprobación."
2026-09-09T19:54:08.4336593Z 229 | | );
2026-09-09T19:54:08.4336810Z     | |_- in this macro invocation
2026-09-09T19:54:08.4337063Z     |
2026-09-09T19:54:08.4337516Z     = note: this warning originates in the macro `opaque_control_ref` (in Nightly builds, run with -Z macro-backtrace for more info)
2026-09-09T19:54:08.4337958Z 
2026-09-09T19:54:08.4338112Z warning: associated function `from_core_id` is never used
2026-09-09T19:54:08.4338438Z    --> sv_core/src/control.rs:155:27
2026-09-09T19:54:08.4338699Z     |
2026-09-09T19:54:08.4338889Z 141 |           impl $name {
2026-09-09T19:54:08.4339201Z     |           ---------- associated function in this implementation
2026-09-09T19:54:08.4339510Z ...
2026-09-09T19:54:08.4339767Z 155 |               pub(crate) fn from_core_id(id: ControlId) -> Self {
2026-09-09T19:54:08.4340096Z     |                             ^^^^^^^^^^^^
2026-09-09T19:54:08.4340367Z ...
2026-09-09T19:54:08.4340559Z 230 | / opaque_control_ref!(
2026-09-09T19:54:08.4340821Z 231 | |     ConflictResolutionRuleRef,
2026-09-09T19:54:08.4341373Z 232 | |     "Referencia a una regla previamente constituida de resolución de conflicto entre comprobaciones."
2026-09-09T19:54:08.4341836Z 233 | | );
2026-09-09T19:54:08.4342039Z     | |_- in this macro invocation
2026-09-09T19:54:08.4342291Z     |
2026-09-09T19:54:08.4342913Z     = note: this warning originates in the macro `opaque_control_ref` (in Nightly builds, run with -Z macro-backtrace for more info)
2026-09-09T19:54:08.4343359Z 
2026-09-09T19:54:08.4343516Z warning: associated function `from_core_id` is never used
2026-09-09T19:54:08.4343861Z    --> sv_core/src/control.rs:155:27
2026-09-09T19:54:08.4344115Z     |
2026-09-09T19:54:08.4344316Z 141 |           impl $name {
2026-09-09T19:54:08.4344611Z     |           ---------- associated function in this implementation
2026-09-09T19:54:08.4344933Z ...
2026-09-09T19:54:08.4345303Z 155 |               pub(crate) fn from_core_id(id: ControlId) -> Self {
2026-09-09T19:54:08.4345645Z     |                             ^^^^^^^^^^^^
2026-09-09T19:54:08.4345905Z ...
2026-09-09T19:54:08.4346109Z 234 | / opaque_control_ref!(
2026-09-09T19:54:08.4346359Z 235 | |     CoverageRuleRef,
2026-09-09T19:54:08.4346794Z 236 | |     "Referencia a una regla previamente constituida de cobertura de comprobaciones exigibles."
2026-09-09T19:54:08.4347234Z 237 | | );
2026-09-09T19:54:08.4347453Z     | |_- in this macro invocation
2026-09-09T19:54:08.4347701Z     |
2026-09-09T19:54:08.4348163Z     = note: this warning originates in the macro `opaque_control_ref` (in Nightly builds, run with -Z macro-backtrace for more info)
2026-09-09T19:54:08.4348666Z 
2026-09-09T19:54:08.4348812Z warning: associated function `from_core_id` is never used
2026-09-09T19:54:08.4349151Z    --> sv_core/src/control.rs:155:27
2026-09-09T19:54:08.4349402Z     |
2026-09-09T19:54:08.4349605Z 141 |           impl $name {
2026-09-09T19:54:08.4349899Z     |           ---------- associated function in this implementation
2026-09-09T19:54:08.4350216Z ...
2026-09-09T19:54:08.4350474Z 155 |               pub(crate) fn from_core_id(id: ControlId) -> Self {
2026-09-09T19:54:08.4350813Z     |                             ^^^^^^^^^^^^
2026-09-09T19:54:08.4351099Z ...
2026-09-09T19:54:08.4351295Z 238 | / opaque_control_ref!(
2026-09-09T19:54:08.4351544Z 239 | |     ReuseRuleRef,
2026-09-09T19:54:08.4352063Z 240 | |     "Referencia a una regla previamente constituida de reutilización de resultados cualificados."
2026-09-09T19:54:08.4352696Z 241 | | );
2026-09-09T19:54:08.4352909Z     | |_- in this macro invocation
2026-09-09T19:54:08.4353182Z     |
2026-09-09T19:54:08.4353636Z     = note: this warning originates in the macro `opaque_control_ref` (in Nightly builds, run with -Z macro-backtrace for more info)
2026-09-09T19:54:08.4354070Z 
2026-09-09T19:54:08.4354225Z warning: associated function `from_core_id` is never used
2026-09-09T19:54:08.4354555Z    --> sv_core/src/control.rs:155:27
2026-09-09T19:54:08.4354817Z     |
2026-09-09T19:54:08.4355009Z 141 |           impl $name {
2026-09-09T19:54:08.4355301Z     |           ---------- associated function in this implementation
2026-09-09T19:54:08.4355607Z ...
2026-09-09T19:54:08.4355861Z 155 |               pub(crate) fn from_core_id(id: ControlId) -> Self {
2026-09-09T19:54:08.4356187Z     |                             ^^^^^^^^^^^^
2026-09-09T19:54:08.4356450Z ...
2026-09-09T19:54:08.4356641Z 242 | / opaque_control_ref!(
2026-09-09T19:54:08.4356904Z 243 | |     ReuseBindingKeyRef,
2026-09-09T19:54:08.4357482Z 244 | |     "Referencia a una dimensión constituida cuya continuidad puede ser exigible para reutilizar un resultado."
2026-09-09T19:54:08.4357986Z 245 | | );
2026-09-09T19:54:08.4358203Z     | |_- in this macro invocation
2026-09-09T19:54:08.4358449Z     |
2026-09-09T19:54:08.4358906Z     = note: this warning originates in the macro `opaque_control_ref` (in Nightly builds, run with -Z macro-backtrace for more info)
2026-09-09T19:54:08.4359332Z 
2026-09-09T19:54:08.4359487Z warning: associated function `from_core_id` is never used
2026-09-09T19:54:08.4359826Z    --> sv_core/src/control.rs:155:27
2026-09-09T19:54:08.4360084Z     |
2026-09-09T19:54:08.4360284Z 141 |           impl $name {
2026-09-09T19:54:08.4360576Z     |           ---------- associated function in this implementation
2026-09-09T19:54:08.4360896Z ...
2026-09-09T19:54:08.4361145Z 155 |               pub(crate) fn from_core_id(id: ControlId) -> Self {
2026-09-09T19:54:08.4361484Z     |                             ^^^^^^^^^^^^
2026-09-09T19:54:08.4361741Z ...
2026-09-09T19:54:08.4361946Z 246 | / opaque_control_ref!(
2026-09-09T19:54:08.4362246Z 247 | |     ReuseBindingValueRef,
2026-09-09T19:54:08.4362901Z 248 | |     "Referencia al valor constituido de una dimensión de reutilización; identificarlo no acredita su vigencia."
2026-09-09T19:54:08.4363392Z 249 | | );
2026-09-09T19:54:08.4363629Z     | |_- in this macro invocation
2026-09-09T19:54:08.4364002Z     |
2026-09-09T19:54:08.4364484Z     = note: this warning originates in the macro `opaque_control_ref` (in Nightly builds, run with -Z macro-backtrace for more info)
2026-09-09T19:54:08.4364929Z 
2026-09-09T19:54:08.4365069Z warning: constant `PROFILE_ID` is never used
2026-09-09T19:54:08.4365388Z  --> sv_core/src/identifier_profile.rs:6:18
2026-09-09T19:54:08.4365671Z   |
2026-09-09T19:54:08.4365951Z 6 | pub(crate) const PROFILE_ID: &str = "svp-grammar-0.2-lex-es-1";
2026-09-09T19:54:08.4366310Z   |                  ^^^^^^^^^^
2026-09-09T19:54:08.4366458Z 
2026-09-09T19:54:08.4366593Z warning: function `is_reserved_word` is never used
2026-09-09T19:54:08.4366942Z   --> sv_core/src/identifier_profile.rs:22:15
2026-09-09T19:54:08.4367330Z    |
2026-09-09T19:54:08.4367581Z 22 | pub(crate) fn is_reserved_word(word: &str) -> bool {
2026-09-09T19:54:08.4368001Z    |               ^^^^^^^^^^^^^^^^
2026-09-09T19:54:08.4368169Z 
2026-09-09T19:54:08.4368309Z warning: method `matches_descriptor` is never used
2026-09-09T19:54:08.4368643Z    --> sv_core/src/requirements_reuse.rs:121:19
2026-09-09T19:54:08.4368940Z     |
2026-09-09T19:54:08.4369139Z  44 | impl ReuseRule {
2026-09-09T19:54:08.4369414Z     | -------------- method in this implementation
2026-09-09T19:54:08.4369702Z ...
2026-09-09T19:54:08.4370061Z 121 |     pub(crate) fn matches_descriptor(&self, descriptor: &RequirementDescriptor) -> bool {
2026-09-09T19:54:08.4370493Z     |                   ^^^^^^^^^^^^^^^^^^
2026-09-09T19:54:08.4370672Z 
2026-09-09T19:54:08.4370851Z warning: hiding a lifetime that's elided elsewhere is confusing
2026-09-09T19:54:08.4371215Z     --> sv_core/src/frontend.rs:2146:13
2026-09-09T19:54:08.4371481Z      |
2026-09-09T19:54:08.4371690Z 2146 |     fn peek(&self) -> &Token {
2026-09-09T19:54:08.4371953Z      |             ^^^^^     ^^^^^^
2026-09-09T19:54:08.4372211Z      |             |         ||
2026-09-09T19:54:08.4372568Z      |             |         |the same lifetime is hidden here
2026-09-09T19:54:08.4372918Z      |             |         the same lifetime is elided here
2026-09-09T19:54:08.4373232Z      |             the lifetime is elided here
2026-09-09T19:54:08.4373514Z      |
2026-09-09T19:54:08.4373878Z      = help: the same lifetime is referred to in inconsistent ways, making the signature confusing
2026-09-09T19:54:08.4374389Z      = note: `#[warn(mismatched_lifetime_syntaxes)]` on by default
2026-09-09T19:54:08.4374730Z help: use `'_` for type paths
2026-09-09T19:54:08.4374981Z      |
2026-09-09T19:54:08.4375198Z 2146 |     fn peek(&self) -> &Token<'_> {
2026-09-09T19:54:08.4375481Z      |                             ++++
2026-09-09T19:54:08.4375651Z 
2026-09-09T19:54:08.4375925Z warning: `sv_core` (lib) generated 25 warnings (run `cargo fix --lib -p sv_core` to apply 1 suggestion)
2026-09-09T19:54:08.4376633Z     Checking sv_wasm v0.1.0 (/home/runner/work/SV-lenguaje-de-computacion/SV-lenguaje-de-computacion/rust/sv_wasm)
2026-09-09T19:54:08.4695846Z     Finished `dev` profile [unoptimized + debuginfo] target(s) in 0.05s
2026-09-09T19:54:08.4814038Z Node 20 is being deprecated. This workflow is running with Node 24 by default. If you need to temporarily use Node 20, you can set the ACTIONS_ALLOW_USE_UNSECURE_NODE_VERSION=true environment variable. For more information see: https://github.blog/changelog/2025-09-19-deprecation-of-node-20-on-github-actions-runners/
2026-09-09T19:54:08.4815266Z Post job cleanup.
2026-09-09T19:54:08.5638735Z [command]/usr/bin/git version
2026-09-09T19:54:08.5678437Z git version 2.55.0
2026-09-09T19:54:08.5712930Z Temporarily overriding HOME='/home/runner/work/_temp/a9ab07b3-f7ae-42b4-9bd7-2c40cb20ffcf' before making global git config changes
2026-09-09T19:54:08.5714406Z Adding repository directory to the temporary git global config as a safe directory
2026-09-09T19:54:08.5718655Z [command]/usr/bin/git config --global --add safe.directory /home/runner/work/SV-lenguaje-de-computacion/SV-lenguaje-de-computacion
2026-09-09T19:54:08.5755612Z [command]/usr/bin/git config --local --name-only --get-regexp core\.sshCommand
2026-09-09T19:54:08.5786850Z [command]/usr/bin/git submodule foreach --recursive sh -c "git config --local --name-only --get-regexp 'core\.sshCommand' && git config --local --unset-all 'core.sshCommand' || :"
2026-09-09T19:54:08.5993086Z [command]/usr/bin/git config --local --name-only --get-regexp http\.https\:\/\/github\.com\/\.extraheader
2026-09-09T19:54:08.6020437Z http.https://github.com/.extraheader
2026-09-09T19:54:08.6031917Z [command]/usr/bin/git config --local --unset-all http.https://github.com/.extraheader
2026-09-09T19:54:08.6060713Z [command]/usr/bin/git submodule foreach --recursive sh -c "git config --local --name-only --get-regexp 'http\.https\:\/\/github\.com\/\.extraheader' && git config --local --unset-all 'http.https://github.com/.extraheader' || :"
2026-09-09T19:54:08.6276604Z [command]/usr/bin/git config --local --name-only --get-regexp ^includeIf\.gitdir:
2026-09-09T19:54:08.6310981Z [command]/usr/bin/git submodule foreach --recursive git config --local --show-origin --name-only --get-regexp remote.origin.url
2026-09-09T19:54:08.6674571Z Cleaning up orphan processes
2026-09-09T19:54:08.6929565Z ##[warning]Node.js 20 is deprecated. The following actions target Node.js 20 but are being forced to run on Node.js 24: actions/checkout@v4, actions/upload-artifact@v4. For more information see: https://github.blog/changelog/2025-09-19-deprecation-of-node-20-on-github-actions-runners/
