ID,Fecha,Hora_Europe_Madrid,Tipo_Hito,Frente_Fase,Resumen_Cambio,Motivo_Argumento,Base_Doctrinal_Tecnica,Artefactos_Afectados,Evidencia,Impacto,Objecion_Adversarial,Decision,Estado
RETP-2026-000,13/03/2026,21:02,REGISTRO_INICIAL,,Registro inicial de comienzo,,,,,trazabilidad,,,cerrado
RETP-2026-001,13/03/2026,19:08:39,CIERRE_PARCHE,PARCHE 2E-B / Fase IV,Se impone la alternancia constitutiva de Trajectory / se adapta la línea SEC-0 afectada / se añaden casos positivo y negativo de conformidad y se actualiza la suite a 17/17.,La alternancia de Trajectory constaba en la IR / pero no estaba impuesta todavía por el validator.,IR canónica v0.2; gramática superficial mínima v0.1; baseline SEC-0.,validator; runner de conformidad; casos de test; documentación de tests.,paquete de trabajo con efecto estructural del parche; resultados internos verificados; evidencias publicadas de actualización de archivos.,adecuacion_funcional; trazabilidad; gobierno_tecnico.,riesgo de reducir el parche a maquillaje de tests y riesgo de romper la línea adversarial previa.,cerrar el hueco mediante enforcement mínimo real y cobertura explícita de suite.,cerrado
RETP-2026-002,13/03/2026,20:12:56,DECISION_ARQUITECTONICA,Gobierno técnico / Fase IV,Se fija la jerarquía operativa del proyecto / el control dual ligero/duro y la prioridad de sanear la concordancia IR ↔ catálogo de errores ↔ validator ↔ runner ↔ documentación pública antes de abrir nuevos frentes funcionales o backend Rust.,El proyecto ha alcanzado suficiente madurez técnica y metodológica como para requerir una capa mínima de gobierno técnico sin duplicación doctrinal ni burocratización.,repositorio doctrinal vigente; Guía práctica del conocimiento profundo y la crítica de la razón pura; consensos operativos cerrados del frente del lenguaje.,metodología de trabajo; control de cambios; auditoría; registro técnico; planificación de siguientes frentes.,debate técnico consolidado y punto de restauración formal fijado.,trazabilidad; gobierno_tecnico; mantenibilidad.,riesgo de burocratización y de creación de una segunda capa doctrinal paralela.,adoptar una capa operativa subordinada / ligera durante la marcha y dura sólo en puntos de control.,cerrado
RETP-2026-003,14/03/2026,23:40:35,CAMBIO_DOCUMENTACION_PUBLICA,Microauditoría de concordancia / Fase IV,Se ajusta la documentación pública para distinguir entre validación implementada y concordancia fuerte total; se explicita la diferencia entre catálogo / emisión observable y cobertura de suite; y se sincroniza el registro dual .md/.csv.,La microauditoría ha constatado que el frontend está estable / pero la documentación pública sobreatribuía cobertura del validator y no reflejaba con precisión el estado observable del contrato diagnóstico ni la asimetría entre registro en prosa y registro tabular.,IR canónica v0.2; decisión C1C de regularización por Vía B; procedimiento de auditoría técnica del proyecto; suite y código fuente observables del frontend.,src/svp_validator.py; src/README.md; docs/referencia/ERRORES_CANONICOS_SV_v0_2.md; docs/calidad/REGISTRO_EVOLUCION_TECNICA_PROYECTO.md; docs/calidad/REGISTRO_EVOLUCION_TECNICA_PROYECTO.csv.,microauditoría cerrada de concordancia; contraste directo entre código fuente / suite observable y documentación pública; actualización sincronizada de los dos registros técnicos.,trazabilidad; gobierno_tecnico; mantenibilidad.,riesgo de convertir una microauditoría en pseudoavance sin corrección funcional real y riesgo de petrificar provisionalmente la ausencia de validación fuerte en N4/Uso.,sincerar primero el estado público verificable y reservar para bloque posterior / separado y adversarial / cualquier cierre funcional sobre N4/Uso o convergencia fuerte total.,cerrado
RETP-2026-004,14/03/2026,18:36:25,CAMBIO_DOCUMENTACION_PUBLICA,Beta / espejo doctrinal controlado / Fase IV,Se activa el espejo controlado entre especificaciones/ y beta/ / se alojan la matriz operativa y la publicación de frontera 0-1 en sus rutas diferenciadas y se actualizan los índices públicos del repositorio doctrinal y del repositorio del lenguaje sin alterar la jerarquía normativa.,Era necesario incrustar en ambos repositorios dos publicaciones estratégicas de alta sensibilidad metodológica sin confundir rango doctrinal / sin contaminar la IR ni la semántica canónica y dejando explícita la vigilancia diferenciada de beta/.,repositorio doctrinal SV-matematica-semantica; especificación transversal subordinada sobre la U; matriz operativa del Clasificador C0–C5; publicación Desde la terna (0 / 1 / U) hasta la nueva frontera (0 / 1 / U / 0-1); criterio de trazabilidad secuencial.,SV-matematica-semantica/README.md; SV-matematica-semantica/especificaciones/README.md; SV-matematica-semantica/especificaciones/proposiciones/matriz_operativa_completa_clasificador_sv.md; SV-matematica-semantica/especificaciones/laboratorio/desde_la_terna_0_1_u_hasta_la_nueva_frontera_0_1_u_0_1.md; SV-lenguaje-de-computacion/README.md; SV-lenguaje-de-computacion/beta/README.md; SV-lenguaje-de-computacion/beta/Lab.SV/desde_la_terna_0_1_u_hasta_la_nueva_frontera_0_1_u_0_1.md.,publicación secuencial validada por evidencia de confirmación; auditoría de ingestión de paquetes comprimidos verificados de ambos repositorios; verificación de jerarquía sin beta/ en el repositorio doctrinal y con Lab.SV como hija de beta/ en el repositorio del lenguaje.,trazabilidad; gobierno_tecnico; mantenibilidad; compatibilidad,riesgo de que el espejo físico eleve indebidamente el rango doctrinal de piezas experimentales o de que beta/ contamine el repositorio doctrinal.,mantener diferenciación estructural estricta: especificaciones/{nucleo /proposiciones /laboratorio} en el repositorio doctrinal y beta/{C1_proposiciones /Lab.SV} en el repositorio del lenguaje / con subordinación expresa en los README públicos.,cerrado
RETP-2026-005,14/03/2026,21:10:21,CIERRE_PARCHE,MICROPARCHE B / declaración operativa de rutas / Fase IV,Se registra el cierre del microparche B en el repositorio del lenguaje: declaración explícita de Ruta A / Ruta B / Beta en la matriz operativa / en beta/README.md y en README.md / con precisión expresa de que la triada no obliga a sincronía conceptual completa con el repositorio doctrinal.,El microparche B constaba ya materialmente en los documentos públicos del repositorio del lenguaje / pero faltaba su trazabilidad explícita en el registro técnico propio gobernado por docs/calidad/.,jerarquía entre repositorios fijada en README.md; regla de subordinación de beta/; distinción entre espejo material e identidad funcional; criterio de trazabilidad secuencial.,README.md; beta/README.md; beta/C1_proposiciones/matriz_operativa_completa_clasificador_sv.md; docs/calidad/REGISTRO_EVOLUCION_TECNICA_PROYECTO.md; docs/calidad/REGISTRO_EVOLUCION_TECNICA_PROYECTO.csv.,ingestión de paquete comprimido verificado del repositorio del lenguaje; contraste directo con el paquete comprimido verificado del repositorio doctrinal; verificación de presencia material de la triada de rutas en los tres documentos públicos; actualización sincronizada del registro dual .md/.csv.,trazabilidad; gobierno_tecnico; mantenibilidad; compatibilidad.,riesgo de registrar de forma redundante un cambio ya absorbido por el hito RETP-2026-004 o de deslizar por registro una equivalencia funcional impropia entre Beta del repositorio doctrinal y Beta del repositorio del lenguaje.,registrar el microparche B como cierre propio del repositorio del lenguaje y dejar expresamente fijado que la coincidencia material de la triada no impone sincronía conceptual completa entre repositorios de distinta misión.,cerrado
RETP-2026-006,16/03/2026,03:47:27,DECISION_ARQUITECTONICA,Gobierno técnico / decisión estratégica ternaria-Beta / Fase IV,Se fija la primacía activa de la célula ternaria SV / se declara la hibernación estratégica de la Beta como frente doctrinal activo y se establecen criterios de reactivación exclusivamente por contradicción local suficiente de la ternaria / dejando además publicada el acta operativa en beta/ACTA_DECISION_TERNARIA_Y_HIBERNACION_BETA.md.,La triple adversarial aplicada al corpus vigente (guía / doctrina fuerte de la U y Compilador) no acredita todavía insuficiencia material suficiente de la ternaria para abrir un frente cuaternario con rango doctrinal propio. Dada la restricción real de energía estratégica / se decide concentrar el esfuerzo vivo del proyecto en la vía ternaria y conservar Beta solo como laboratorio subsidiario e hibernado.,Guía práctica del conocimiento profundo y la crítica de la razón pura; Origen doctrinal / definición y alcance de la U en el Sistema Vectorial SV; Compilador doctrinal y célula meta SV(9 /3)-IA; acta estratégica publicada en beta/ACTA_DECISION_TERNARIA_Y_HIBERNACION_BETA.md.,beta/ACTA_DECISION_TERNARIA_Y_HIBERNACION_BETA.md; docs/calidad/REGISTRO_EVOLUCION_TECNICA_PROYECTO.md; docs/calidad/REGISTRO_EVOLUCION_TECNICA_PROYECTO.csv; repositorio privado SV-matematica-semantica-cuaternaria.,evidencia de publicación del acta en beta/; contraste adversarial del corpus publicado; decisión estratégica consolidada en acta y registro.,trazabilidad; gobierno_tecnico; mantenibilidad; compatibilidad.,riesgo de congelar prematuramente una vía cuaternaria potencialmente fértil y riesgo simétrico de dispersar recursos vitales en dos frentes cuando el corpus vigente todavía sostiene la suficiencia operativa y conceptual de la ternaria.,mantener activa la vía ternaria como único camino de desarrollo inmediato; hibernar la Beta como frente doctrinal activo; reabrir Beta solo si aparece contradicción local suficiente / consistente y no resoluble limpiamente en 0/1/U / sin estadística / inferencia ni minería de datos.,cerrado
RETP-2026-007,16/03/2026,04:50:23,DECISION_ARQUITECTONICA,Gobierno técnico / control de escalado a Ruta Beta / Fase IV,Se fija en el registro técnico que toda unidad encargada que concluya motivadamente que procede abrir la Ruta Beta deberá elevar antes un informe al núcleo de coordinación Beta / que valorará si autoriza o no el salto.,La hibernación estratégica de Beta exige una compuerta de control adicional para evitar reaperturas por fatiga / presión / anticipación o confusión entre complejidad local y contradicción material suficiente de la ternaria.,beta/ACTA_DECISION_TERNARIA_Y_HIBERNACION_BETA.md; primacía activa de la ternaria; criterio de contradicción local suficiente; criterio de continuidad operativa.,docs/calidad/REGISTRO_EVOLUCION_TECNICA_PROYECTO.csv.,instrucción expresa del responsable del proyecto; decisión estratégica previa de hibernación Beta; auditoría operativa de coherencia entre Beta y MICROPARCHE C.1.,trazabilidad; gobierno_tecnico; control_de_escalado; mantenibilidad.,riesgo de introducir una capa adicional de autorización o de desviar a Beta cuestiones que todavía deben resolverse limpiamente en Ruta B o Ruta A.,exigir informe previo al núcleo de coordinación Beta como condición de valoración final antes de autorizar cualquier salto propuesto a Ruta Beta por una unidad encargada.,cerrado
RETP-2026-008,18/03/2026,16:31:19,DECISION_ARQUITECTONICA,Continuidad del frente básico y habilitación del backend / Fase IV,Se incorpora un informe público en docs/arquitectura/ para declarar que la pendencia material de los sentidos restantes del frente básico no bloquea el avance del lenguaje SV hacia backend / siempre que el núcleo preserve puertos de extensión previstos y mantenga la subordinación doctrinal y técnica vigente.,La materialización ya observable de semántica / visión y motricidad permite afirmar una equivalencia estructural de clase entre los carriles ya abiertos y los sentidos restantes / de modo que éstos deben tratarse como extensiones subordinadas del frente básico y no como condición previa de refundación del núcleo.,programa de interfaces del Sistema Vectorial SV; IR canónica y bienformación del lenguaje SV — v0.2; Nota de arquitectura mínima del núcleo enganchable del lenguaje SV; README del repositorio SV-lenguaje-de-computacion.,docs/arquitectura/INFORME_DE_CONTINUIDAD_DEL_FRENTE_BASICO_Y_HABILITACION_DEL_BACKEND_SV.md; docs/calidad/REGISTRO_EVOLUCION_TECNICA_PROYECTO.md; docs/calidad/REGISTRO_EVOLUCION_TECNICA_PROYECTO.csv.,contraste público entre el programa de interfaces ya abierto en semántica / visión y motricidad / la IR v0.2 vigente / el criterio de núcleo enganchable ya fijado en docs/arquitectura/ y el estado público del repositorio del lenguaje.,trazabilidad; gobierno_tecnico; compatibilidad; mantenibilidad.,riesgo de petrificar prematuramente un núcleo incapaz de recibir futuros carriles perceptivos o de presentar el informe como cierre doctrinal superior cuando su naturaleza real es pública / técnica y subordinada.,declarar legítima la continuidad del backend bajo condición expresa de preservar puertos de extensión previstos y registrar el criterio como decisión arquitectónica pública en el repositorio del lenguaje.,cerrado
RETP-2026-009,18/03/2026,22:30:09,DECISION_GOBIERNO_TECNICO,Auditoría de árboles de repositorio verificados / fijación de sedes del ecosistema SV / Fase IV,Se fija SV-matematica-semantica como sede superior doctrinal y normativa del ecosistema y SV-lenguaje-de-computacion como sede central operativa y técnica / quedando además el pliego reconocido como ley interna de lectura y coherencia para la fase actual.,La auditoría directa de ambos repositorios muestra que la sede doctrinal ha alcanzado estabilidad suficiente de fase / mientras la fricción real del trabajo / la calidad / la validación y la deuda técnica se concentran en el repositorio del lenguaje / que resulta más apto como centro de gobierno operativo.,pliego de condiciones del Sistema Vectorial SV; auditoría cerrada de SV-matematica-semantica; auditoría cerrada de SV-lenguaje-de-computacion; jerarquía documental ya fijada; regla de no corrección silenciosa entre niveles.,docs/calidad/ACTA_DE_FIJACION_DE_SEDES_Y_GOBIERNO_TECNICO_DEL_ECOSISTEMA_SV_2026_03_18.md; docs/calidad/REGISTRO_EVOLUCION_TECNICA_PROYECTO.md; docs/calidad/REGISTRO_EVOLUCION_TECNICA_PROYECTO.csv; SV-matematica-semantica/documentos/registros/NOTA_DE_REMISION_SOBRE_SEDE_DOCTRINAL_Y_SEDE_OPERATIVA_DEL_ECOSISTEMA_SV_2026_03_18.md.,ingestión de paquetes comprimidos verificados de ambos repositorios; verificación directa de jerarquía / estructura / suite y documentos de calidad; cierre adversarial de Fases 1 / 2 y 3 del cruce entre sedes.,gobierno_tecnico; trazabilidad; mantenibilidad; coherencia_ecosistema.,riesgo de convertir la sede operativa en autoridad doctrinal de facto o / en el extremo opuesto / de seguir tratando la sede doctrinal como taller técnico diario y contaminar su estabilidad de fase.,mantener arriba la sede doctrinal y abajo la sede operativa / impedir la reapertura ordinaria de esta distribución y permitir solo tres supuestos de reconsideración: revisión del pliego obligada por la realidad del sistema / requerimiento muy complejo del lenguaje o acumulación de elementos parciales con fuerza suficiente de reconsideración.,cerrado
RETP-2026-010,18/03/2026,23:45:11,DECISION_GOBIERNO_TECNICO,Gobierno operativo del lenguaje / pliego doctrinal enlazado / manual SVP local / Wishlist IRQ / Fase IV,Se fijan el bloque local de gobierno operativo / el constructor del manual del lenguaje SVP con extensión .svp y el Wishlist IRQ del ecosistema SV / manteniendo la consulta pública consolidada del pliego en la sede doctrinal superior.,Era necesario ordenar dos frentes operativos del repositorio del lenguaje —la construcción progresiva del manual y la gestión disciplinada de la presión creativa lateral— sin desplazar la sede doctrinal superior ni duplicar innecesariamente el pliego y su bloque gráfico.,pliego de condiciones del Sistema Vectorial SV; fijación de sedes del ecosistema; frontera normativa del lenguaje SV; IR canónica v0.2; regla de segregación entre ruta activa y Beta.,docs/README.md; docs/gobierno/README.md; docs/gobierno/MANIFIESTO_PLIEGO_Y_ASSETS.md; docs/gobierno/WISHLIST_IRQ_DEL_ECOSISTEMA_SV.md; docs/gobierno/WISHLIST_IRQ_DEL_ECOSISTEMA_SV.csv; docs/manual_svp/README.md; docs/manual_svp/CONSTRUCTOR_DEL_MANUAL_DEL_LENGUAJE_SVP.md; docs/manual_svp/INDICE_Y_ESTADO_DEL_MANUAL_DEL_LENGUAJE_SVP.csv.,árbol real del repositorio operativo; existencia local del bloque de gobierno y del bloque manual SVP; remisión documental expresa del pliego a la sede doctrinal superior.,gobierno_tecnico; trazabilidad; mantenibilidad; autonomia_unidades; control_de_presion_creativa.,riesgo de multiplicar documentos sin eje rector o de abrir un circuito de ideas laterales que compita con la ruta activa del lenguaje.,mantener el pliego como referencia pública en la sede doctrinal superior / usar el constructor del manual como máquina de cierre progresivo del manual SVP y canalizar toda idea lateral por el Wishlist IRQ antes de convertirla en tarea o frente real.,cerrado
RETP-2026-011,18/03/2026,23:58:40,DECISION_GOBIERNO_TECNICO,Gobierno operativo del lenguaje / compatibilidad interlenguajes / lista de deseos IRQ / Fase IV,Se activa la política y protocolo de compatibilidad interlenguajes del Lenguaje SV / se incorpora la entrada WIRQ-2026-001 como primer deseo sustantivo de la lista de deseos IRQ y se amplía el constructor del manual SVP con un tramo específico de compatibilidad y adopción.,Era necesario dejar ya ordenada la futura compatibilidad del lenguaje con Python / Rust / C / C++ / Kotlin y la vigilancia de legado como Cobol para evitar deuda estructural y lluvia de ideas no gobernada.,pliego de condiciones del Sistema Vectorial SV; frontera normativa del lenguaje SV; IR canónica v0.2; constructor del manual SVP; lista de deseos IRQ del ecosistema SV.,docs/gobierno/WISHLIST_IRQ_DEL_ECOSISTEMA_SV.md; docs/gobierno/WISHLIST_IRQ_DEL_ECOSISTEMA_SV.csv; docs/gobierno/POLITICA_Y_PROTOCOLO_DE_COMPATIBILIDAD_INTERLENGUAJES_DEL_LENGUAJE_SV.md; docs/manual_svp/CONSTRUCTOR_DEL_MANUAL_DEL_LENGUAJE_SVP.md; docs/manual_svp/INDICE_Y_ESTADO_DEL_MANUAL_DEL_LENGUAJE_SVP.csv; docs/manual_svp/TRAMO_10_COMPATIBILIDAD_INTERLENGUAJES_Y_ADOPCION_DEL_LENGUAJE_SV.md; docs/calidad/ACTA_DE_ACTIVACION_DE_POLITICA_DE_COMPATIBILIDAD_INTERLENGUAJES_Y_REGISTRO_CERO_DE_LISTA_DE_DESEOS_IRQ_2026_03_18.md.,Construcción deliberada del bloque de compatibilidad; registro del deseo sustantivo inicial; ampliación del constructor del manual.,gobierno_tecnico; trazabilidad; adopcion_ecosistema; mantenibilidad; control_de_presion_creativa.,riesgo de abrir demasiado pronto un frente de bindings concretos y riesgo simétrico de no dejar sembrada a tiempo la política de compatibilidad y adopción del lenguaje.,activar ya la política y el protocolo / mantener abierta la línea en lista de deseos IRQ con IRQ-2 y abrir un tramo específico del manual SVP / dejando las implementaciones concretas por lenguaje para fases posteriores gobernadas por evidencia.,cerrado
RETP-2026-012,19/03/2026,06:39:08,APERTURA_FASE,Frente final del lenguaje SV / cierre operativo del lenguaje / Fase IV,Se abre formalmente el frente final del lenguaje SV / se fijan hoja de ruta / criterios de cierre / registro de deuda viva y tablero de bloques cerrables bajo gobierno técnico del repositorio operativo.,Una vez fijados pliego / sedes / publicación base / wishlist IRQ / política de compatibilidad y constructor del manual / el trabajo vivo del ecosistema queda concentrado en el cierre técnico del lenguaje y exige un marco operativo explícito.,pliego de condiciones del Sistema Vectorial SV; frontera normativa del lenguaje SV v0; IR canónica v0.2; nota de arquitectura mínima del núcleo enganchable; informe de continuidad del frente básico y habilitación del backend.,docs/arquitectura/ACTA_DE_APERTURA_DEL_FRENTE_FINAL_DEL_LENGUAJE_SV_2026_03_19.md; docs/arquitectura/HOJA_DE_RUTA_DEL_FRENTE_FINAL_DEL_LENGUAJE_SV.md; docs/arquitectura/CRITERIOS_DE_CIERRE_DEL_FRENTE_FINAL_DEL_LENGUAJE_SV.md; docs/arquitectura/README.md; docs/calidad/REGISTRO_DEUDA_VIVA_DEL_FRENTE_FINAL_DEL_LENGUAJE_SV.md; docs/calidad/TABLERO_DE_BLOQUES_CERRABLES_DEL_FRENTE_FINAL_DEL_LENGUAJE_SV.csv; docs/calidad/REGISTRO_EVOLUCION_TECNICA_PROYECTO.md; docs/calidad/REGISTRO_EVOLUCION_TECNICA_PROYECTO.csv; docs/README.md,cierre previo de auditoría de árboles de repositorio verificados / fijación de sedes del ecosistema / publicación del pliego y consolidación del gobierno operativo de fase.,gobierno_tecnico; trazabilidad; mantenibilidad; coherencia_ecosistema; preparacion_backend.,riesgo de abrir un nuevo frente nominal sin reducir deuda real o de desplazar prematuramente el esfuerzo al backend soberano sin cerrar antes el núcleo semántico-diagnóstico.,abrir el frente exclusivamente para sanear y cerrar mejor el lenguaje vigente / prohibiendo que esta apertura se use como excusa para reabrir doctrina / multiplicar interfaces o adelantar backend sin ABI mínimo fijado.,abierto
RETP-2026-013,19/03/2026,07:20:00,APERTURA_BLOQUE,Frente final del lenguaje SV / Bloque A — Contrato diagnóstico / Fase IV,Se abre la microauditoría cerrada del Bloque A y se crean matriz de concordancia diagnóstica / guía de lectura y plantilla de dictamen de saneamiento.,La deuda viva principal del frente final sigue concentrándose en la concordancia entre IR / catálogo público / implementación efectiva / validator y suite.,pliego de condiciones del Sistema Vectorial SV; Frontera normativa del lenguaje SV v0; IR canónica v0.2; hoja de ruta del frente final del lenguaje SV.,docs/calidad/ACTA_DE_APERTURA_DE_MICROAUDITORIA_DEL_BLOQUE_A_CONTRATO_DIAGNOSTICO_2026_03_19.md; docs/calidad/MATRIZ_DE_CONCORDANCIA_DIAGNOSTICA_IR_IMPLEMENTACION_SV.md; docs/calidad/MATRIZ_DE_CONCORDANCIA_DIAGNOSTICA_IR_IMPLEMENTACION_SV.csv; docs/calidad/DICTAMEN_DE_SANEAMIENTO_DEL_BLOQUE_A_CONTRATO_DIAGNOSTICO.md; registros técnicos .md/.csv.,paquete operativo de apertura del Bloque A.,gobierno_tecnico; trazabilidad; coherencia_diagnostica; mantenibilidad.,riesgo de abrir una microauditoría sin cerrar nada o de duplicar análisis ya realizados sin una matriz única de contraste.,abrir la microauditoría solo para producir matriz / clasificación y tratamiento recomendado del contrato diagnóstico vigente.,abierto
RETP-2026-014,19/03/2026,10:07:25,DECISION_GOBIERNO_TECNICO,Gobierno operativo del lenguaje / normalización de redacción pública / ampliación de Wishlist IRQ / Fase IV,Se amplía la Wishlist IRQ del ecosistema SV con las entradas WIRQ-2026-002 a WIRQ-2026-006 y se normaliza la redacción pública de los documentos afectados para excluir referencias operativas internas.,Era necesario incorporar nuevas líneas de deseo estratégico del responsable del proyecto sin desplazar el Bloque A — Contrato diagnóstico y / al mismo tiempo / depurar la documentación pública para excluir referencias privadas o procedimentales impropias de un registro público.,pliego de condiciones del Sistema Vectorial SV; Wishlist IRQ del ecosistema SV; registro tecnico vivo del frente final del lenguaje; criterio de bloques cerrables; regla de subordinacion entre ruta activa Wishlist y gobierno tecnico.,docs/gobierno/WISHLIST_IRQ_DEL_ECOSISTEMA_SV.md; docs/gobierno/WISHLIST_IRQ_DEL_ECOSISTEMA_SV.csv; docs/gobierno/README.md; docs/calidad/ACTA_DE_NORMALIZACION_DE_REDACCION_PUBLICA_Y_AMPLIACION_DE_WISHLIST_IRQ_2026_03_19.md; docs/calidad/REGISTRO_EVOLUCION_TECNICA_PROYECTO.md; docs/calidad/REGISTRO_EVOLUCION_TECNICA_PROYECTO.csv.,lectura directa del estado público del repositorio operativo; reevaluación adversarial de las IRQ nuevas; revisión de redacción pública y compilación única de artefactos documentales.,gobierno_tecnico; trazabilidad; mantenibilidad; control_de_presion_creativa; descubrilidad.,riesgo de mezclar mecánica interna con documentación pública y riesgo simétrico de absorber nuevas líneas de deseo sin un cauce público sobrio y revisable.,incorporar las nuevas entradas a la Wishlist IRQ con prioridad diferenciada / mantener su subordinación a la ruta activa del Bloque A y dejar normalizada la redacción pública de los documentos afectados.,cerrado
RETP-2026-015,19/03/2026,12:40:45,SANEAMIENTO_TECNICO,Frente final del lenguaje SV / Bloque A — Contrato diagnóstico / saneamiento local E007 E008 E009 / Fase IV,Se materializa el saneamiento local E007 E008 E009 con validacion efectiva de conectores y tablas de admisibilidad y con ampliacion de la suite adversarial.,La microauditoria del Bloque A habia identificado deuda real en la emision observable de E007 E008 y E009 y el repositorio ya muestra una cobertura mas sincera y verificable.,pliego de condiciones del Sistema Vectorial SV; IR canonica de bienformacion v0.2; Bloque A — Contrato diagnostico; criterio de saneamiento minimo por bloque cerrable.,src/svp_parser.py; src/svp_validator.py; tests/run_conformance.py; tests/conformance/invalid/conector_mapping_incompleto.svp; tests/conformance/invalid/conector_target_no_ternario.svp; tests/conformance/invalid/admissibility_table_incompleta.svp; docs/calidad/REGISTRO_EVOLUCION_TECNICA_PROYECTO.md; docs/calidad/REGISTRO_EVOLUCION_TECNICA_PROYECTO.csv.,revision directa de los PDFs de confirmacion del repositorio publico con presencia material del saneamiento local y de los tres casos invalidos anadidos.,coherencia_diagnostica; trazabilidad; mantenibilidad; cobertura_de_suite.,riesgo de confundir materializacion publica de archivos con ejecucion remota de la suite. El registro declara materializacion visible y no afirma ejecucion remota no acreditada.,dar por materializado el saneamiento local E007 E008 E009 y dejar pendiente un cierre posterior del subtramo E001 sin mezclarlo en esta ronda.,cerrado
RETP-2026-016,19/03/2026,12:40:46,DECISION_GOBIERNO_TECNICO,Gobierno operativo del lenguaje / ampliacion de Wishlist IRQ / agentes especializados / Fase IV,Se incorpora WIRQ-2026-007 a la Wishlist IRQ para recoger la generacion de agentes especializados por el lenguaje SV con configuracion precargada y remision estructural a SVperitus.,El deseo tiene alto valor estrategico de adopcion y especializacion experta pero no debe desplazar el Bloque A ni abrir una implementacion prematura.,pliego de condiciones del Sistema Vectorial SV; Wishlist IRQ del ecosistema SV; criterio de control de fase; plano N4 ya visible en domain agent y query_spec del lenguaje.,docs/gobierno/WISHLIST_IRQ_DEL_ECOSISTEMA_SV.md; docs/gobierno/WISHLIST_IRQ_DEL_ECOSISTEMA_SV.csv; docs/calidad/REGISTRO_EVOLUCION_TECNICA_PROYECTO.md; docs/calidad/REGISTRO_EVOLUCION_TECNICA_PROYECTO.csv.,revision del estado publico del Wishlist IRQ; lectura de la estructura superficial vigente del lenguaje; evaluacion adversarial de la nueva propuesta de agentes especializados.,adopcion_ecosistema; descubrilidad; gobierno_tecnico; control_de_presion_creativa.,riesgo de leer como compromiso de implementacion inmediata una linea que en esta fase solo puede admitirse como deseo estrategico subordinado y coordinado con SVperitus.,clasificar WIRQ-2026-007 como IRQ-4 con ruta aparcado y reabrirla solo con mayor madurez del nucleo y delimitacion formal del cruce con SVperitus.,cerrado
RETP-2026-017,19/03/2026,13:00:59,SANEAMIENTO_TECNICO,Frente final del lenguaje SV / Bloque A — Contrato diagnostico / saneamiento local E001 E507 / Fase IV,Se descomprime parcialmente la sobrecarga diagnostica de E001 al hacer que la coercion implicita de U mediante null o None emita E507 y al actualizar parser catalogo suite y documentacion publica asociada.,Tras sanear E007 E008 E009 el siguiente subtramo legitimo del Bloque A era reducir la bolsa generica de E001 sin abrir una refundicion completa del parser y el caso u_coercion.svp ofrecia un cierre local real verificable y de bajo radio de impacto.,pliego de condiciones del Sistema Vectorial SV; IR canonica de bienformacion v0.2; Bloque A — Contrato diagnostico; catalogo implementativo vigente; criterio de saneamiento minimo por bloque cerrable.,src/svp_errors.py; src/svp_parser.py; tests/run_conformance.py; tests/README.md; docs/referencia/ERRORES_CANONICOS_SV_v0_2.md; docs/calidad/REGISTRO_EVOLUCION_TECNICA_PROYECTO.md; docs/calidad/REGISTRO_EVOLUCION_TECNICA_PROYECTO.csv.,verificacion local del caso adversarial u_coercion.svp con emision E507 y ejecucion completa de la suite en el estado preparado para el paquete.,coherencia_diagnostica; trazabilidad; mantenibilidad; cobertura_de_suite.,riesgo de presentar este ajuste como resolucion total de la sobrecarga de E001. El parche no clausura todo E001 y solo extrae de su bolsa generica el subcaso de coercion implicita de U.,materializar el saneamiento local E001/E507 como bloque tecnico autonomo y mantener pendiente una futura depuracion mas amplia del parse diagnostico.,cerrado
RETP-2026-018,19/03/2026,13:20:00,CAMBIO_DOCUMENTACION_PUBLICA,Frente final del lenguaje SV / Bloque A — contrato diagnostico / sincronizacion publica de suite y catalogo / Fase IV,Se sincronizan tests README y catalogo publico con E007 E008 E009 y E507 ya materializados.,La documentacion publica seguia reflejando un estado anterior de la suite y del catalogo observable.,pliego de condiciones del Sistema Vectorial SV; Bloque A — Contrato diagnostico; criterio de sincronizacion publica por bloque.,tests/README.md; docs/referencia/ERRORES_CANONICOS_SV_v0_2.md; docs/calidad/REGISTRO_EVOLUCION_TECNICA_PROYECTO.md; docs/calidad/REGISTRO_EVOLUCION_TECNICA_PROYECTO.csv.,revision directa del estado publico ya materializado y contraste de documentacion con suite observable.,coherencia_diagnostica; trazabilidad; descubrilidad; mantenibilidad.,riesgo de presentar sincronizacion documental como avance funcional adicional.,actualizar documentacion publica en bloque minimo separado sin abrir nuevos frentes funcionales.,cerrado
RETP-2026-019,19/03/2026,13:40:00,CAMBIO_RUNNER,Frente final del lenguaje SV / Bloque A — Contrato diagnostico / ampliacion de cobertura explicita E005 E010 / Fase IV,Se amplía la suite observable con duplicate_identifier.svp e invalid_role_literal.svp y se sincronizan run_conformance README y catálogo público con la nueva cobertura de E005 y E010.,Tras los saneamientos locales previos el siguiente cierre legítimo era aumentar cobertura explícita de códigos ya emitibles y de bajo riesgo sin abrir una refundicion más amplia del parse diagnostico.,pliego de condiciones del Sistema Vectorial SV; Bloque A — Contrato diagnostico; catalogo implementativo vigente; criterio de bloques cerrables; suite observable del frontend de referencia.,tests/run_conformance.py; tests/README.md; tests/conformance/invalid/duplicate_identifier.svp; tests/conformance/invalid/invalid_role_literal.svp; docs/referencia/ERRORES_CANONICOS_SV_v0_2.md; docs/calidad/REGISTRO_EVOLUCION_TECNICA_PROYECTO.md; docs/calidad/REGISTRO_EVOLUCION_TECNICA_PROYECTO.csv.,verificacion local de la suite con 22 de 22 casos superados y comprobacion directa de emision E005 y E010 en los dos adversariales nuevos.,coherencia_diagnostica; trazabilidad; cobertura_de_suite; mantenibilidad.,riesgo de presentar ampliacion de cobertura como saneamiento funcional nuevo. El paquete hace explicita y verificable en la suite una parte mas del contrato diagnostico ya existente.,ampliar de forma controlada la cobertura observable del Bloque A sobre E005 y E010 / mantener E004 como deuda documentada de alcanzabilidad superficial / y reservar para bloque posterior cualquier descompresion adicional de E001.,cerrado
RETP-2026-020,19/03/2026,14:05:00,CAMBIO_DOCUMENTACION_PUBLICA,Frente final del lenguaje SV / Bloque A — contrato diagnostico / sinceramiento de cobertura explicita de E001 / Fase IV,Se retira E001 de la lista de codigos cubiertos explicitamente por la suite y se documenta que conserva emision observable sin caso adversarial explicito propio tras la extraccion local hacia E507.,La cobertura publica seguia sobreatribuyendo E001 aunque tests/run_conformance.py ya no declara ningun caso invalido con codigo esperado E001.,pliego de condiciones del Sistema Vectorial SV; Bloque A — Contrato diagnostico; catalogo implementativo vigente; criterio de sinceramiento publico del estado observable; suite observable del frontend de referencia.,docs/referencia/ERRORES_CANONICOS_SV_v0_2.md; docs/calidad/REGISTRO_EVOLUCION_TECNICA_PROYECTO.md; docs/calidad/REGISTRO_EVOLUCION_TECNICA_PROYECTO.csv.,contraste directo entre tests/run_conformance.py y la seccion de cobertura explicita del catalogo publico con ausencia observable de casos invalidos que esperen E001.,coherencia_diagnostica; trazabilidad; mantenibilidad; descubrilidad.,riesgo de registrar como hito separado una mera correccion de redaccion. Procede porque la sobreatribucion afecta al contrato diagnostico publico verificable.,sincerar la documentacion publica retirando E001 de la cobertura explicita de suite / mantener E001 como codigo con emision observable directa / y reservar para bloque posterior cualquier reintroduccion de cobertura explicita mediante un adversarial propio.,cerrado
RETP-2026-021,19/03/2026,14:25:00,CAMBIO_RUNNER,Frente final del lenguaje SV / Bloque A — Contrato diagnostico / reintroduccion de cobertura explicita de E001 / Fase IV,Se añade invalid_tri_literal.svp y se sincronizan suite y catalogo publico para devolver a E001 una cobertura explicita limpia y observable.,Tras el sinceramiento previo E001 habia quedado con emision observable directa pero sin adversarial propio y la superficie actual si permite un caso minimo de literal ternario no reconocido.,pliego de condiciones del Sistema Vectorial SV; Bloque A — Contrato diagnostico; catalogo implementativo vigente; suite observable del frontend de referencia; criterio de bloques cerrables.,tests/run_conformance.py; tests/README.md; tests/conformance/invalid/invalid_tri_literal.svp; docs/referencia/ERRORES_CANONICOS_SV_v0_2.md; docs/calidad/REGISTRO_EVOLUCION_TECNICA_PROYECTO.md; docs/calidad/REGISTRO_EVOLUCION_TECNICA_PROYECTO.csv.,verificacion local del nuevo caso adversarial con emision E001 y ejecucion completa de la suite en el estado preparado para el paquete.,coherencia_diagnostica; trazabilidad; cobertura_de_suite; mantenibilidad.,riesgo de reabrir la bolsa diagnostica de E001 de forma indiscriminada. El paquete no deshace E001/E507 y solo cubre el subcaso limpio de literal ternario no reconocido.,ampliar de forma controlada la cobertura observable de E001 mediante un adversarial minimo especifico y mantener separada cualquier depuracion posterior de otros errores sintacticos absorbidos por E001.,cerrado
RETP-2026-022,19/03/2026,17:10:00,CAMBIO_DOCUMENTACION_PUBLICA,Frente final del lenguaje SV / Bloque A — contrato diagnostico / normalizacion fina de dictamen y matriz / Fase IV,Se normalizan dictamen matriz y redaccion publica residual del Bloque A.,Persistian restos de plantilla y desalineaciones documentales tras el barrido E001 E010.,Pliego de condiciones; Bloque A — Contrato diagnostico; suite observable; auditoria de árbol del repositorio verificado.,docs/calidad/MATRIZ_DE_CONCORDANCIA_DIAGNOSTICA_IR_IMPLEMENTACION_SV.md; docs/calidad/MATRIZ_DE_CONCORDANCIA_DIAGNOSTICA_IR_IMPLEMENTACION_SV.csv; docs/calidad/DICTAMEN_DE_SANEAMIENTO_DEL_BLOQUE_A_CONTRATO_DIAGNOSTICO.md; docs/calidad/ACTA_DE_FIJACION_DE_SEDES_Y_GOBIERNO_TECNICO_DEL_ECOSISTEMA_SV_2026_03_18.md; docs/calidad/REGISTRO_EVOLUCION_TECNICA_PROYECTO.md; docs/calidad/REGISTRO_EVOLUCION_TECNICA_PROYECTO.csv.,contraste directo entre árbol del repositorio verificado suite matriz dictamen y documentos publicos de calidad.,coherencia_diagnostica; trazabilidad; mantenibilidad; redaccion_publica.,riesgo de tratar el bloque como simple retoque editorial sin reconocer su impacto sobre artefactos canonicos del Bloque A.,cerrar la limpieza fina de los artefactos canonicos del Bloque A antes de abrir E101 E111.,cerrado
RETP-2026-023,19/03/2026,17:35:00,CAMBIO_RUNNER,Frente final del lenguaje SV / Bloque A — contrato diagnostico / apertura de familia E101 E111 con cobertura explicita E101 E105 / Fase IV,Se amplía la suite observable con dos adversariales mínimos para E101 y E105 y se sincronizan tests catálogo y matriz diagnóstica con esa cobertura explícita inicial de la familia E101 E111.,La matriz canónica vigente situaba E101 y E105 como códigos con emisión directa observable pero todavía sin cobertura explícita de suite y eran los dos cierres locales de menor radio de impacto para abrir legítimamente la familia E101 E111.,Pliego de condiciones del Sistema Vectorial SV; Bloque A — Contrato diagnóstico; matriz diagnóstica canónica; catálogo implementativo vigente; suite observable del frontend de referencia; criterio de bloques cerrables.,tests/run_conformance.py; tests/README.md; tests/conformance/invalid/cellstate_vector_length_mismatch.svp; tests/conformance/invalid/bridge_position_fuera_de_rango.svp; docs/referencia/ERRORES_CANONICOS_SV_v0_2.md; docs/calidad/MATRIZ_DE_CONCORDANCIA_DIAGNOSTICA_IR_IMPLEMENTACION_SV.md; docs/calidad/MATRIZ_DE_CONCORDANCIA_DIAGNOSTICA_IR_IMPLEMENTACION_SV.csv; docs/calidad/REGISTRO_EVOLUCION_TECNICA_PROYECTO.md; docs/calidad/REGISTRO_EVOLUCION_TECNICA_PROYECTO.csv.,preparación del paquete técnico sobre estado verificado ya sincronizado y verificación local de la suite con dos adversariales mínimos añadidos.,coherencia_diagnostica; trazabilidad; cobertura_de_suite; mantenibilidad.,riesgo de presentar como apertura de familia una refundición amplia de la capa de estado. El bloque se limita a dos cierres locales ya emitibles y de bajo radio.,abrir la familia E101 E111 por E101 y E105 y reservar para la siguiente ronda el contraste fino E102 / E104 / E106 / E111.,cerrado
RETP-2026-024,19/03/2026,18:20:00,VERIFICABILIDAD_EXTERNA,Frente final del lenguaje SV / verificabilidad externa minima / FrameComparison ejemplos y senalizacion historica / Fase IV,Se refuerza la verificabilidad externa del repositorio con normalizacion de FrameComparison ejemplos canonicos minimos y sondas adversariales documentadas.,La lectura adversarial externa habia detectado un riesgo de credibilidad publica por redundancia lexica ausencia de ejemplos y senalizacion historica insuficiente en raiz.,Pliego de condiciones del Sistema Vectorial SV; Bloque A — Contrato diagnostico; criterio de verificabilidad externa minima; suite publica vigente; analisis adversarial externo contrastado con árbol del repositorio verificado.,src/svp_lexer.py; src/svp_parser.py; README.md; src/README.md; examples/README.md; examples/celula_basica_con_evaluacion.svp; examples/consulta_framecomparison.svp; tests/adversarial/README.md; tests/adversarial/documentados/README.md; tests/adversarial/documentados/celula_aislada_con_resolucion_u.svp; tests/adversarial/documentados/composicion_serie_con_trayectoria.svp; tests/adversarial/documentados/agente_con_consulta_y_dominio.svp; CONCORDANCIA_CATALOGO_ERRORES_IR_v0_2_IMPLEMENTACION_PARCHE_1A.md; docs/calidad/REGISTRO_EVOLUCION_TECNICA_PROYECTO.md; docs/calidad/REGISTRO_EVOLUCION_TECNICA_PROYECTO.csv.,contraste directo sobre árbol del repositorio verificado y verificacion local de la suite de conformidad tras la normalizacion de FrameComparison.,verificabilidad_externa; trazabilidad; descubrilidad; redaccion_publica; mantenibilidad.,riesgo de mezclar ejemplos publicos con sondas adversariales y de publicar materiales hibridos sin estatuto claro.,cerrar primero un bloque corto de verificabilidad externa minima con dos carriles publicos separados y dejar para la siguiente ronda el contraste fino E102 / E104 / E106 / E111.,cerrado
RETP-2026-025,19/03/2026,19:20:00,CAMBIO_DOCUMENTACION_PUBLICA,Frente final del lenguaje SV / Bloque A — contrato diagnostico / contraste fino E102 E104 E106 E111 / Fase IV,Se ejecuta el contraste fino publico de E102 E104 E106 y E111 mediante sondas adversariales documentadas y sincronizacion de matriz dictamen y registro.,Tras el cierre de verificabilidad externa minima el siguiente cuello de botella era sincerar el subtramo residual E102 / E104 / E106 / E111 antes de abandonar la familia E101 E111.,Pliego de condiciones del Sistema Vectorial SV; Bloque A — Contrato diagnostico; matriz diagnostica canonica; criterio de contraste fino por subtramos; árbol del repositorio verificado del frontend de referencia; capa publica de sondas adversariales documentadas.,tests/adversarial/documentados/README.md; tests/adversarial/documentados/e102_output_semantics_ausente_contraste.svp; tests/adversarial/documentados/e104_codominio_de_conector_invalido_contraste.svp; tests/adversarial/documentados/e106_relacion_semantica_ausente_contraste.svp; tests/adversarial/documentados/e111_codominio_sin_orden_total_contraste.md; docs/calidad/MATRIZ_DE_CONCORDANCIA_DIAGNOSTICA_IR_IMPLEMENTACION_SV.md; docs/calidad/MATRIZ_DE_CONCORDANCIA_DIAGNOSTICA_IR_IMPLEMENTACION_SV.csv; docs/calidad/DICTAMEN_DE_SANEAMIENTO_DEL_BLOQUE_A_CONTRATO_DIAGNOSTICO.md; docs/calidad/REGISTRO_EVOLUCION_TECNICA_PROYECTO.md; docs/calidad/REGISTRO_EVOLUCION_TECNICA_PROYECTO.csv.,contraste directo sobre árbol del repositorio verificado y lectura comparada entre IR v0.2 catalogo publico efectivo implementacion validator y superficie adversarial documentada.,coherencia_diagnostica; trazabilidad; verificabilidad_externa; redaccion_publica; mantenibilidad.,riesgo de presentar como cierre funcional lo que en realidad es un sinceramiento documental. El bloque no afirma convergencia semantica nueva y solo deja documentado con mayor precision el subtramo residual.,dar por ejecutado el contraste fino de E102 / E104 / E106 / E111 y trasladar el siguiente barrido legitimo a E201–E211.,cerrado
RETP-2026-026,19/03/2026,20:10:00,CAMBIO_RUNNER,Frente final del lenguaje SV / Bloque A — contrato diagnóstico / apertura de familia E201 E211 con cobertura explícita E202 E204 E205 / Fase IV,Se amplía la suite observable con tres adversariales mínimos para E202 E204 y E205 y se sincronizan tests catálogo matriz dictamen y registro con esa cobertura explícita inicial de la familia E201–E211.,Dentro de la familia E201–E211 / E202 / E204 y E205 eran los subcasos de menor radio y emisión más directa en la superficie publicada.,Pliego de condiciones del Sistema Vectorial SV / Bloque A — Contrato diagnóstico / matriz diagnóstica canónica / catálogo implementativo vigente / suite observable del frontend.,tests/run_conformance.py / tests/README.md / gate_input_no_evalresult.svp / query_context_opaco.svp / supervise_target_opaco.svp / docs/referencia/ERRORES_CANONICOS_SV_v0_2.md / matriz / dictamen / registro.,paquete técnico sobre árbol del repositorio verificado tras RETP-2026-025 / verificación local de suite con tres adversariales mínimos.,coherencia_diagnostica / trazabilidad / cobertura_de_suite / mantenibilidad.,riesgo de sobreatribuir cierre total de la familia E201–E211.,abrir la familia por sus tres casos directamente emitibles y reservar el resto residual para contraste fino posterior.,cerrado
RETP-2026-027,19/03/2026,23:10:34,SORPRESA_TECNICA,Frente final del lenguaje SV / gobernanza de coherencia entre frame histórico reapertura y consulta presente / Fase IV,Se registra una nota técnica de calidad para gobernar la tensión entre trayectoria histórica retorno legítimo a U cobertura y admisibilidad vigentes y consulta presente sin reabrir doctrina ni elevar aún el asunto a paper público.,El frente final del lenguaje exige cierre honesto entre IR validator runner capa de consulta y documentación pública. La tensión detectada no es wishlist ni papel doctrinal nuevo pero sí riesgo gobernable del frente.,sede doctrinal principal sobre horizonte transducción consulta y U / acta de apertura del frente final / IR canónica v0.2 / semántica formal de U en SVP.,docs/calidad/NOTA_TECNICA_SOBRE_FRAME_HISTORICO_REAPERTURA_Y_CONSULTA_PRESENTE_2026_03_19.md / docs/calidad/REGISTRO_EVOLUCION_TECNICA_PROYECTO.md / docs/calidad/REGISTRO_EVOLUCION_TECNICA_PROYECTO.csv / docs/calidad/REGISTRO_DEUDA_VIVA_DEL_FRENTE_FINAL_DEL_LENGUAJE_SV.md,lectura adversarial comparada del repositorio doctrinal principal y del repositorio del lenguaje con contraste expreso entre trayectoria U transducción consulta.,trazabilidad / gobierno_tecnico / fiabilidad / mantenibilidad,riesgo de duplicar doctrina ya existente y de sobreactuar como crisis basal un problema ya previsto parcialmente por la sede doctrinal superior.,registrar la tensión como nota técnica subordinada de calidad abrir deuda viva específica y reservar cualquier eventual publicación doctrinal nueva para un momento posterior solo si la bajada operativa acreditara insuficiencia real del marco vigente.,cerrado
RETP-2026-028,20/03/2026,11:45:22,CAMBIO_DOCUMENTACION_PUBLICA,Saneamiento de concordancia del bloque pliego-manual / Fase IV,Se regularizan docs/README.md / docs/gobierno/ / docs/manual_svp/ y el registro técnico para que la documentación pública del repositorio operativo refleje exactamente el árbol real: pliego y bloque gráfico en sede doctrinal superior / manual SVP de trabajo en sede operativa local.,La microauditoría adversarial del repositorio operativo constató discordancias entre varias afirmaciones documentales y la presencia material real de artefactos. Era necesario sincerar el bloque sin reabrir sedes ni multiplicar copias del pliego.,fijación de sedes del ecosistema SV; pliego de condiciones del Sistema Vectorial SV; protocolo interno ZIP → GitHub → Verificación → Registro → Cierre; árbol real del repositorio operativo contrastado sobre árbol del repositorio verificado.,docs/README.md; docs/gobierno/README.md; docs/gobierno/MANIFIESTO_PLIEGO_Y_ASSETS.md; docs/manual_svp/README.md; docs/calidad/REGISTRO_EVOLUCION_TECNICA_PROYECTO.md; docs/calidad/REGISTRO_EVOLUCION_TECNICA_PROYECTO.csv; docs/calidad/ACTA_DE_SANEAMIENTO_DE_CONCORDANCIA_DEL_BLOQUE_PLIEGO_MANUAL_RETP_2026_010_2026_03_20.md.,lectura completa del árbol del repositorio verificado SV-lenguaje-de-computacion-main; contraste del árbol real con README / manifiesto / registro y bloque manual; verificación de que el manual SVP permanece local en docs/manual_svp/ y de que el pliego canónico se consulta en SV-matematica-semantica.,trazabilidad; gobierno_tecnico; mantenibilidad; fiabilidad.,riesgo de presentar como carencia la ausencia de una copia local del pliego o de arrastrar una remisión ya obsoleta del manual SVP a la sede doctrinal.,reescribir el bloque documental y registral para formular de modo positivo y exacto la distribución vigente: pliego en sede doctrinal superior / manual SVP en sede operativa local.,cerrado
RETP-2026-029,20/03/2026,15:20:00,CAMBIO_FUNCIONAL_GOBERNADO,Frente final del lenguaje SV / Bloque E — ABI semántico-diagnóstico y endurecimiento inicial de N4/Uso / Fase IV,"Se materializa un contrato autónomo de enganche de interfaces futuras y se endurece la validación mínima de `Domain` `Agent` `QuerySpec` y `query`, sincronizando suite ejemplos catálogo público matriz diagnóstica y registro de deuda viva.",La pregunta de continuidad del backend exigía pasar de una mera nota arquitectónica a un contrato operativo verificable; el repo ya contenía la forma IR del enganche futuro pero faltaba volverla contrato diagnóstico observable.,pliego de condiciones del Sistema Vectorial SV; nota de arquitectura del núcleo enganchable; IR canónica v0.2; criterios de cierre del frente final; árbol del repositorio verificado auditado.,docs/arquitectura/CONTRATO_DE_ENGANCHE_DE_INTERFACES_FUTURAS_Y_ABI_SEMANTICO_DIAGNOSTICO_MINIMO.md; src/svp_validator.py; src/svp_errors.py; tests/run_conformance.py; tests/conformance/valid/query_context_all_variants.svp; tests/conformance/valid/query_context_all_variants.expected.json; tests/conformance/invalid/domain_chain_mismatch.svp; tests/conformance/invalid/agent_architecture_mismatch.svp; tests/conformance/invalid/query_context_type_mismatch.svp; tests/adversarial/deep_nested_query_valid.svp; examples/consulta_framecomparison.svp; docs/referencia/ERRORES_CANONICOS_SV_v0_2.md; docs/calidad/MATRIZ_DE_CONCORDANCIA_DIAGNOSTICA_IR_IMPLEMENTACION_SV.md; docs/calidad/MATRIZ_DE_CONCORDANCIA_DIAGNOSTICA_IR_IMPLEMENTACION_SV.csv; docs/calidad/REGISTRO_DEUDA_VIVA_DEL_FRENTE_FINAL_DEL_LENGUAJE_SV.md; docs/calidad/REGISTRO_EVOLUCION_TECNICA_PROYECTO.md; docs/calidad/REGISTRO_EVOLUCION_TECNICA_PROYECTO.csv.,árbol del repositorio verificado + lectura cruzada con pliego + ejecución local de tests de conformidad smoke CLI y SEC-0 tras el endurecimiento de N4/Uso.,trazabilidad; gobierno_tecnico; fiabilidad; mantenibilidad; enganchabilidad_futura.,riesgo de sobreatribuir cierre total del frente N4/Uso o de convertir el ABI mínimo en doctrina material exhaustiva sobre futuras interfaces.,fijar únicamente la cadena mínima de enganche y su validación observable; dejar reconocida la deuda residual sobre campos opacos y reservar para rondas posteriores cualquier semántica material adicional.,cerrado
RETP-2026-030,20/03/2026,16:51:49,CAMBIO_DOCUMENTACION_PUBLICA,Frente final del lenguaje SV / Bloque A — regularización dura post RETP-2026-026 y RETP-2026-029 / Fase IV,"Se sanean el dictamen del Bloque A y el registro técnico para eliminar la contradicción sobre el siguiente paso, fijar el estado real de E201–E211, E301–E304 y E401–E403, y dejar explícito que E303 no dispone aún de emisión específica autónoma acreditada.",Tras la materialización de RETP-2026-026 y RETP-2026-029 persistía una incoherencia documental interna sobre la secuencia real del Bloque A. Era necesario sanearla sin reabrir funcionalidad.,"pliego de condiciones del Sistema Vectorial SV; criterio de bloques cerrables; prioridad de concordancia fuerte entre IR, catálogo, validator, runner y documentación pública; árbol del repositorio verificado auditado.",docs/calidad/DICTAMEN_DE_SANEAMIENTO_DEL_BLOQUE_A_CONTRATO_DIAGNOSTICO.md; docs/calidad/REGISTRO_EVOLUCION_TECNICA_PROYECTO.md; docs/calidad/REGISTRO_EVOLUCION_TECNICA_PROYECTO.csv.,"lectura dura y adversarial del árbol del repositorio verificado; contraste cruzado entre dictamen, catálogo, deuda viva y registro técnico; verificación local de tests/run_conformance.py, tests/run_cli_smoke.py y tests/run_sec0_smoke.py sin regresión.",trazabilidad; gobierno_tecnico; mantenibilidad; fiabilidad.,riesgo de convertir un saneamiento documental en reapertura funcional encubierta o en maquillaje de cierre.,"regularizar solo la capa documental y registral, dejar explícita la deuda residual de la familia E301–E304 y reservar cualquier apertura funcional posterior para un bloque independiente y justificado.",cerrado
RETP-2026-031,20/03/2026,17:12:51,CAMBIO_DOCUMENTACION_PUBLICA,Frente final del lenguaje SV / Bloque A — regularización pública de la emitibilidad real de E301–E304 / Fase IV,"Se sincronizan el catálogo público y el registro técnico con la microauditoría E para dejar explícito que E304 sí es observable y cubierto, mientras E301, E302 y E303 no comparten todavía esa misma emitibilidad pública efectiva.","Tras RETP-2026-030 la capa interna ya había quedado saneada, pero la referencia pública seguía pudiendo inducir una lectura homogénea de la familia E301–E304. La microauditoría E mostró que E304 sí está materializado, que E301 y E302 dependen hoy de invariantes de tipo sin operación superficial publicada, y que E303 permanece sin emisión autónoma acreditada.",pliego de condiciones del Sistema Vectorial SV; GRAMATICA_SUPERFICIAL_MINIMA_SV_v0_1.md; IR_CANONICA_BIENFORMACION_SV_v0_2.md; src/svp_parser.py; src/svp_validator.py; src/svp_errors.py; docs/calidad/MATRIZ_DE_CONCORDANCIA_DIAGNOSTICA_IR_IMPLEMENTACION_SV.md; docs/calidad/DICTAMEN_DE_SANEAMIENTO_DEL_BLOQUE_A_CONTRATO_DIAGNOSTICO.md; árbol del repositorio verificado auditado.,docs/referencia/ERRORES_CANONICOS_SV_v0_2.md; docs/calidad/REGISTRO_EVOLUCION_TECNICA_PROYECTO.md; docs/calidad/REGISTRO_EVOLUCION_TECNICA_PROYECTO.csv.,"lectura con zoom corto de gramática, parser, validator y catálogo; contraste de casos sintéticos mínimos sobre TransitionData que muestran caída de ausencia de horizon_ref en parseo y de referencia ausente o de tipo incorrecto en E006; verificación local posterior de tests/run_conformance.py, tests/run_cli_smoke.py y tests/run_sec0_smoke.py sin regresión.",trazabilidad; redaccion_publica; coherencia_diagnostica; mantenibilidad; verificabilidad_externa.,"riesgo de rebajar ilegítimamente el catálogo implementativo o de contradecir el pliego al reinterpretar desde abajo la familia E301–E304. No procede: el lote no modifica parser, validator, IR ni gramática; solo regulariza la lectura pública de la emitibilidad ya constatada por evidencia directa.","sincerar la superficie pública de referencia para que el catálogo no sugiera una homogeneidad falsa dentro de E301–E304, mantener E304 como único cierre plenamente observable de la familia en la superficie actual y reservar cualquier eventual apertura funcional posterior para un bloque independiente y justificado.",cerrado
RETP-2026-032,22/03/2026,NO_CONSTA,CAMBIO_DOCUMENTACION_PUBLICA,UCBC provisional / regularización integral de numeración subordinada y vigilancia focal sobre suceso local / Fase IV,"Se regulariza el bloque UCBC para subordinar la numeración RETP al CSV maestro, se desincrustan identificadores registrales de las actas UCBC y se incorpora la nota pública sobre suceso local y horizonte declarado a la matriz de vigilancia temprana sin abrir deuda viva nueva.",El CSV maestro termina en RETP-2026-031 y por tanto no procede arrastrar una numeración incrustada en un acta como si gobernara el registro; era necesario corregir ahora la divergencia para evitar recaídas futuras y dejar toda la trazabilidad subordinada al registro maestro.,CSV maestro del registro técnico; pliego de condiciones del Sistema Vectorial SV; criterio de vigilancia UCBC subordinada; HTML verificado de la pieza publicada; árboles de repositorio verificados auditados.,docs/calidad/ACTA_TECNICA_DE_VIGILANCIA_UCBC_SOBRE_INTERFACES_Y_ALERTA_TEMPRANA_AL_LENGUAJE_SV_2026_03_21.md; docs/calidad/ACTA_TECNICA_DE_VIGILANCIA_UCBC_SOBRE_NOTA_DE_PRECISION_DE_SUCESO_LOCAL_Y_HORIZONTE_DECLARADO_2026_03_22.md; docs/calidad/MATRIZ_DE_VIGILANCIA_TEMPRANA_UCBC_INTERFACES_LENGUAJE_SV.md; docs/calidad/MATRIZ_DE_VIGILANCIA_TEMPRANA_UCBC_INTERFACES_LENGUAJE_SV.csv; docs/calidad/REGISTRO_EVOLUCION_TECNICA_PROYECTO.md; docs/calidad/REGISTRO_EVOLUCION_TECNICA_PROYECTO.csv,"contraste adversarial entre CSV maestro, acta UCBC del 21/03/2026 y lote de vigilancia focal del 22/03/2026; verificación de que el CSV termina en 031 y de que la nueva regularización restablece una única autoridad de numeración.",trazabilidad; gobierno_tecnico; mantenibilidad; fiabilidad; disciplina_registral,"riesgo de conservar una pseudo-continuidad cómoda entre el número incrustado en un acta y el siguiente lote, perpetuando así una fuente doble de verdad. No procede: el CSV manda y los documentos quedan subordinados a él.","regularizar de forma total el bloque UCBC: el registro maestro reasume la numeración RETP, las actas quedan sin numeración incrustada y la nueva vigilancia focal entra como parte del mismo hito registral 032.",cerrado
RETP-2026-033,22/03/2026,NO_CONSTA,CAMBIO_DOCUMENTACION_PUBLICA,Frente final del lenguaje SV / Bloque K — blindaje documental pre-backend del ABI mínimo / Fase IV,"Se alinean los README públicos de documentación arquitectura y gramática con el estado real del frontend, del ABI mínimo y del régimen prudente pre-backend, evitando tanto la invisibilización del contrato de enganche como la apariencia de inmadurez ya superada.","La lectura integral del árbol del repositorio verificado mostró una asimetría pública: el ABI mínimo y la arquitectura mínima ya estaban fijados y materializados,  pero no aparecían suficientemente indexados en todos los README rectores; además grammar/README seguía presentando la carpeta como pendiente de parser cuando el parser de referencia activo ya existe en src.",README raíz del repositorio; docs/README.md; docs/arquitectura/README.md; grammar/README.md; contrato de enganche mínimo; nota de arquitectura mínima; informe de continuidad del frente básico; árbol del repositorio verificado auditado con suite en verde.,docs/README.md; docs/arquitectura/README.md; grammar/README.md; docs/calidad/REGISTRO_EVOLUCION_TECNICA_PROYECTO.md; docs/calidad/REGISTRO_EVOLUCION_TECNICA_PROYECTO.csv.,lectura completa del árbol del repositorio verificado con foco reforzado en README actas y registros; contraste cruzado con la arquitectura vigente y verificación local posterior de tests/run_conformance.py tests/run_cli_smoke.py y tests/run_sec0_smoke.py sin regresión.,trazabilidad; descubribilidad_publica; mantenibilidad; resiliencia_prebackend; gobierno_tecnico.,riesgo doble: por un lado invisibilizar piezas rectoras ya vigentes del ABI mínimo y del núcleo enganchable; por otro lado sobreactuar ese blindaje como si implicara cierre total del frente o apertura automática del backend. No procede ninguno de los dos extremos.,"alinear la superficie pública mínima para que terceros y futuras unidades lean correctamente el estado real: ABI mínimo visible y arquitectura mínima indexada,  pero sin declarar cierre total de FFL-E ni salto automático a backend.",cerrado
RETP-2026-034,22/03/2026,NO_CONSTA,CAMBIO_DOCUMENTACION_PUBLICA,Frente final del lenguaje SV / Bloque L — coordinación documental y registral de resiliencia e hitos / Fase IV,"Se integra explícitamente el marco de estabilidad, resiliencia y horizontes, junto con los instrumentos de control por hitos, en la cadena de README y en el registro maestro; además se sanea la forma del registro .md para que vuelva a ser una fuente de lectura humana coordinada con el CSV.","La lectura íntegra del árbol del repositorio verificado mostró que el núcleo técnico estaba estable, pero todavía persistía una vulnerabilidad de continuidad operativa documental: el marco de resiliencia y los CSV de hitos existían, aunque no quedaban suficientemente descubiertos en la cadena principal de lectura, y el registro .md había quedado contaminado al final por una línea CSV cruda de RETP-2026-033.",README.md; docs/README.md; docs/arquitectura/README.md; docs/calidad/README.md; docs/arquitectura/MARCO_ESTABILIDAD_RESILIENCIA_LENGUAJE_SV.md; docs/calidad/MATRIZ_UCBC_HORIZONTES_LENGUAJE_SV.csv; docs/calidad/REGISTRO_CALIDAD_HITOS_LENGUAJE_SV.csv; docs/calidad/DEUDA_VIVA_HITOS_LENGUAJE_SV.csv; docs/calidad/REGISTRO_EVOLUCION_TECNICA_PROYECTO.md; árbol del repositorio verificado auditado con suite en verde.,README.md; docs/README.md; docs/arquitectura/README.md; docs/calidad/README.md; docs/calidad/REGISTRO_EVOLUCION_TECNICA_PROYECTO.md; docs/calidad/REGISTRO_EVOLUCION_TECNICA_PROYECTO.csv.,"lectura completa del árbol con foco reforzado en README, actas y registros; contraste interno entre arquitectura, calidad y control por hitos; verificación local posterior de tests/run_conformance.py, tests/run_cli_smoke.py y tests/run_sec0_smoke.py sin regresión.",trazabilidad; descubribilidad_publica; continuidad_operativa; resiliencia_prebackend; gobierno_tecnico.,"riesgo de sobreactuar el marco de resiliencia y los hitos como si autorizaran una implementación inmediata de semántica futura, o de presentar este saneamiento como cierre de FFL-E. No procede: el lote solo coordina la lectura pública y registral del estado vigente, sin tocar IR, gramática, validator, runner ni backend.",hacer inevitable para futuras unidades identificadas la lectura del marco de resiliencia y del control por hitos dentro de la cadena de README y restablecer la coordinación formal entre el registro .md y el CSV maestro.,cerrado
RETP-2026-035,22/03/2026,NO_CONSTA,CAMBIO_DOCUMENTACION_PUBLICA,Frente final del lenguaje SV / Bloque M — alineación de docs/index.html con el estado pre-backend / Fase IV,"Se alinea docs/index.html con el estado real pre-backend del lenguaje: la puerta pública del playground hace ya visibles la arquitectura mínima del núcleo enganchable, el contrato de enganche y ABI semántico-diagnóstico, el marco de estabilidad y resiliencia, y el bloque activo de calidad, vigilancia e hitos.","La auditoría del árbol del repositorio verificado confirmó que la cadena principal de README había quedado coordinada tras el Bloque L, pero persistía una asimetría residual en la superficie pública de entrada: docs/index.html seguía enlazando solo a repositorio, gramática, IR y doctrina, y no dejaba visible el nuevo marco rector pre-backend para lectores o futuras unidades que entrasen por esa puerta.",docs/index.html; README.md; docs/README.md; docs/arquitectura/README.md; docs/calidad/README.md; docs/arquitectura/NOTA_DE_ARQUITECTURA_MINIMA_DEL_NUCLEO_ENGANCHABLE_DEL_LENGUAJE_SV.md; docs/arquitectura/CONTRATO_DE_ENGANCHE_DE_INTERFACES_FUTURAS_Y_ABI_SEMANTICO_DIAGNOSTICO_MINIMO.md; docs/arquitectura/MARCO_ESTABILIDAD_RESILIENCIA_LENGUAJE_SV.md; árbol del repositorio verificado auditado con suite en verde.,docs/index.html; docs/calidad/REGISTRO_EVOLUCION_TECNICA_PROYECTO.md; docs/calidad/REGISTRO_EVOLUCION_TECNICA_PROYECTO.csv.,lectura íntegra del árbol del repositorio verificado con foco reforzado en README actas registros y puerta pública operativa; contraste de descubribilidad entre docs/index.html arquitectura y calidad; verificación local posterior de tests/run_conformance.py tests/run_cli_smoke.py y tests/run_sec0_smoke.py sin regresión.,trazabilidad; descubribilidad_publica; continuidad_operativa; resiliencia_prebackend; gobierno_tecnico.,riesgo doble: por un lado considerar docs/index.html como pieza secundaria y dejarla desalineada respecto del estado real del lenguaje; por otro lado sobreactuar la nueva visibilidad como si implicara cierre total de FFL-E o apertura automática del backend. No procede ninguno de los dos extremos.,"cerrar la asimetría residual de la puerta pública del playground para que cualquier unidad o lector externo encuentre desde docs/index.html el núcleo documental mínimo pre-backend, sin modificar gramática IR validator runner ni el estatuto prudente del frente.",cerrado
RETP-2026-036,23/03/2026,NO_CONSTA,CAMBIO_GOBIERNO_TECNICO_Y_CONTROL_DE_HITOS,Frente H1 — formalización auditada del primer hito del Lenguaje SV / Fase IV,"Se formaliza en un solo lote la verificación auditada de H1 — Base segura, se actualiza el registro de calidad de hitos y se propaga su lectura mínima a la cadena de README y a docs/index.html, dejando explícito que H1 no cierra el frente final ni abre automáticamente H2, H3 o backend.","La auditoría seria del primer hito mostró que ya existen materialmente gramática mínima estable, IR no incompatible con relaciones y acumulaciones futuras y validator no temporalista; faltaba consolidar ese estado como acto de gobierno técnico legible, resistente a la continuidad operativa y menos dependiente de microparches dispersos.",docs/arquitectura/MARCO_ESTABILIDAD_RESILIENCIA_LENGUAJE_SV.md; docs/arquitectura/CONTRATO_DE_ENGANCHE_DE_INTERFACES_FUTURAS_Y_ABI_SEMANTICO_DIAGNOSTICO_MINIMO.md; docs/arquitectura/NOTA_DE_ARQUITECTURA_MINIMA_DEL_NUCLEO_ENGANCHABLE_DEL_LENGUAJE_SV.md; docs/arquitectura/INFORME_DE_CONTINUIDAD_DEL_FRENTE_BASICO_Y_HABILITACION_DEL_BACKEND_SV.md; docs/calidad/REGISTRO_CALIDAD_HITOS_LENGUAJE_SV.csv; docs/calidad/DEUDA_VIVA_HITOS_LENGUAJE_SV.csv; docs/calidad/MATRIZ_UCBC_HORIZONTES_LENGUAJE_SV.csv; árbol del repositorio verificado auditado con suite en verde.,README.md; docs/README.md; docs/arquitectura/README.md; docs/calidad/README.md; docs/index.html; docs/calidad/ACTA_TECNICA_DE_VERIFICACION_DEL_HITO_1_BASE_SEGURA_2026_03_23.md; docs/calidad/REGISTRO_CALIDAD_HITOS_LENGUAJE_SV.csv; docs/calidad/REGISTRO_EVOLUCION_TECNICA_PROYECTO.md; docs/calidad/REGISTRO_EVOLUCION_TECNICA_PROYECTO.csv.,"lectura completa del árbol del repositorio verificado con foco en README, arquitectura, calidad, hitos y parser/validator; contraste adversarial de que la persistencia de deuda viva residual no impide por sí sola H1; verificación local posterior de tests/run_conformance.py, tests/run_cli_smoke.py y tests/run_sec0_smoke.py sin regresión.",gobierno_tecnico; continuidad_operativa; descubribilidad_publica; resiliencia_prebackend; control_de_hitos.,"riesgo de sobreatribuir la verificación de H1 como si implicara cierre total del frente o apertura automática de hitos posteriores/backend, y riesgo simétrico de negar H1 por la sola persistencia de deuda residual. No procede ninguno de los dos extremos.","declarar auditado H1 — Base segura como hito materialmente verificado, propagar esa lectura a la superficie pública mínima y mantener intacta la prudencia sobre H2, H3, FFL-A a FFL-E y backend soberano.",cerrado
RETP-2026-037,23/03/2026,16:59:50,CAMBIO_GOBIERNO_TECNICO_Y_CONTROL_DE_CALIDAD,Frente H2-pre y control adicional de base de verificación / Fase IV,"Se formaliza H2-pre como dictamen auditado de no bloqueo, se institucionaliza el barrido secuencial de actividad y latencia del repo y se crea un sistema de partes de trabajo por agente con taxonomía explícita de lectura del árbol del repositorio verificado.","La evaluación adversarial mostró que la nueva capa de seguridad es útil para reducir memoria espuria, inferencia no declarada y lectura parcial, siempre que no se apoye en fechas brutas del ZIP y que no infle innecesariamente el registro maestro. También se consideró necesario dejar asentado H2-pre sin sobreactuarlo como H2 logrado.",docs/arquitectura/MARCO_ESTABILIDAD_RESILIENCIA_LENGUAJE_SV.md; docs/calidad/REGISTRO_CALIDAD_HITOS_LENGUAJE_SV.csv; docs/calidad/DEUDA_VIVA_HITOS_LENGUAJE_SV.csv; docs/calidad/MATRIZ_UCBC_HORIZONTES_LENGUAJE_SV.csv; árbol del repositorio verificado auditado con suite en verde.,docs/README.md; docs/calidad/README.md; docs/calidad/ACTA_TECNICA_DE_MICROAUDITORIA_H2_PRE_NO_BLOQUEO_2026_03_23.md; docs/calidad/ACTA_DE_ACTIVACION_DEL_CONTROL_DE_BARRIDOS_Y_PARTES_POR_AGENTE_2026_03_23.md; docs/calidad/REGISTRO_CALIDAD_HITOS_LENGUAJE_SV.csv; docs/calidad/REGISTRO_BARRIDOS_DE_ACTIVIDAD_Y_LATENCIA_DEL_REPO.md; docs/calidad/REGISTRO_BARRIDOS_DE_ACTIVIDAD_Y_LATENCIA_DEL_REPO.csv; docs/calidad/REGISTRO_PARTES_DE_TRABAJO_POR_AGENTE.md; docs/calidad/REGISTRO_PARTES_DE_TRABAJO_POR_AGENTE.csv; docs/calidad/REGISTRO_EVOLUCION_TECNICA_PROYECTO.md; docs/calidad/REGISTRO_EVOLUCION_TECNICA_PROYECTO.csv.,"Lectura completa del árbol del repositorio verificado con foco en hitos, deuda viva, marco de resiliencia, cadena de README y registros de calidad; adversarial sobre utilidad y coste del control adicional; verificación local de tests/run_conformance.py, tests/run_cli_smoke.py y tests/run_sec0_smoke.py sin regresión.",gobierno_tecnico; trazabilidad_de_agente; control_de_calidad; resiliencia_operativa; continuidad_segura.,"Riesgo de convertir el nuevo control en burocracia anárquica, o de basarlo en fechas del ZIP como si fueran prueba suficiente de actividad real. No procede ninguno de los dos extremos: se adopta un control cíclico, sobrio y orientado a actividad/latencia/justificabilidad, no a cronología bruta del ZIP.","Formalizar H2-pre como no bloqueo auditado, mantener H2 en Pendiente, crear registros específicos de barridos y partes por agente, y conservar el registro maestro como capa de síntesis, no como bitácora exhaustiva.",cerrado
RETP-2026-038,23/03/2026,17:45:05,CAMBIO_GOBIERNO_TECNICO_Y_CONTROL_DE_HITOS,Frente H2-A — autorización restringida de apertura de H2 / Fase IV,"Se formaliza la autorización restringida de apertura de H2 como frente arquitectónico-auditor de trabajo, se actualiza el registro de hitos sin verificar todavía H2, y se deja trazabilidad adicional del paso mediante barrido secuencial y parte por agente.","Tras H1 verificado y H2-pre formalizado como no bloqueo, la adversarial mostró que ya existe base positiva suficiente para abrir H2 en régimen restringido. Faltaba convertir esa situación material en un acto explícito de gobierno técnico, sin confundirla con H2 logrado ni con apertura automática del backend.",docs/arquitectura/MARCO_ESTABILIDAD_RESILIENCIA_LENGUAJE_SV.md; docs/arquitectura/CONTRATO_DE_ENGANCHE_DE_INTERFACES_FUTURAS_Y_ABI_SEMANTICO_DIAGNOSTICO_MINIMO.md; docs/arquitectura/NOTA_DE_ARQUITECTURA_MINIMA_DEL_NUCLEO_ENGANCHABLE_DEL_LENGUAJE_SV.md; docs/calidad/ACTA_TECNICA_DE_VERIFICACION_DEL_HITO_1_BASE_SEGURA_2026_03_23.md; docs/calidad/ACTA_TECNICA_DE_MICROAUDITORIA_H2_PRE_NO_BLOQUEO_2026_03_23.md; docs/calidad/REGISTRO_CALIDAD_HITOS_LENGUAJE_SV.csv; árbol del repositorio verificado auditado con suite en verde.,README.md; docs/README.md; docs/arquitectura/README.md; docs/calidad/README.md; docs/index.html; docs/calidad/ACTA_TECNICA_DE_AUTORIZACION_RESTRINGIDA_DE_APERTURA_DE_H2_2026_03_23.md; docs/calidad/REGISTRO_CALIDAD_HITOS_LENGUAJE_SV.csv; docs/calidad/REGISTRO_BARRIDOS_DE_ACTIVIDAD_Y_LATENCIA_DEL_REPO.csv; docs/calidad/REGISTRO_PARTES_DE_TRABAJO_POR_AGENTE.csv; docs/calidad/REGISTRO_EVOLUCION_TECNICA_PROYECTO.md; docs/calidad/REGISTRO_EVOLUCION_TECNICA_PROYECTO.csv.,"Lectura completa del árbol del repositorio verificado con foco en arquitectura, README, calidad, hitos, barridos y partes por agente; adversarial específica sobre la autorización de H2; verificación local de tests/run_conformance.py, tests/run_cli_smoke.py y tests/run_sec0_smoke.py sin regresión.",gobierno_tecnico; control_de_hitos; continuidad_operativa; trazabilidad_de_agente; resiliencia_prebackend.,"Riesgo de sobreactuar H2-pre como si ya implicara H2 verificado, o de negar toda apertura de H2 por la sola permanencia de Q-04, Q-05, D-01 y D-02 en estado pendiente o de deuda viva. No procede ninguno de los dos extremos: la decisión correcta es una autorización restringida y explícitamente limitada.","Autorizar la apertura restringida de H2 como frente arquitectónico-auditor de trabajo, mantener Q-04 y Q-05 en Pendiente, y dejar asentado que esta autorización no abre automáticamente H3 ni el backend soberano.",cerrado
RETP-2026-039,23/03/2026,NO_CONSTA,CAMBIO_GOBIERNO_TECNICO_Y_CONTROL_DE_HITOS,H2 restringido / Fase IV,"Se consolida la serie auditada H2.1–H2.3 y se deja asentado que H2 restringido queda respaldado por auditoría mínima suficiente, sin verificarse todavía como hito positivo.","Tras las microauditorías H2.1, H2.2 y H2.3, la base material de H2 restringido quedó suficientemente respaldada para consolidación registral, sin que ello equivalga a verificación positiva de H2 ni apertura de H3 o backend.",docs/arquitectura/MARCO_ESTABILIDAD_RESILIENCIA_LENGUAJE_SV.md; IR_CANONICA_BIENFORMACION_SV_v0_2.md; src/svp_validator.py; src/svp_main.py; docs/calidad/REGISTRO_CALIDAD_HITOS_LENGUAJE_SV.csv; docs/calidad/DEUDA_VIVA_HITOS_LENGUAJE_SV.csv; docs/calidad/MATRIZ_UCBC_HORIZONTES_LENGUAJE_SV.csv; árbol del repositorio verificado auditado con suite en verde.,docs/calidad/README.md; docs/calidad/ACTA_TECNICA_DE_CONSOLIDACION_AUDITADA_DE_H2_RESTRINGIDO_2026_03_23.md; docs/calidad/REGISTRO_CALIDAD_HITOS_LENGUAJE_SV.csv; docs/calidad/DEUDA_VIVA_HITOS_LENGUAJE_SV.csv; docs/calidad/REGISTRO_EVOLUCION_TECNICA_PROYECTO.md; docs/calidad/REGISTRO_EVOLUCION_TECNICA_PROYECTO.csv.,microauditorías H2.1 H2.2 y H2.3 con base de verificación real del repo y verificación posterior de tests/run_conformance.py tests/run_cli_smoke.py y tests/run_sec0_smoke.py sin regresión.,gobierno_tecnico; control_de_hitos; continuidad_operativa; resiliencia_prebackend.,"Riesgo de presentar la superación de H2.1–H2.3 como si implicara H2 verificado, o de mantener H2 como mera hipótesis negativa de no-bloqueo pese a haber pasado ya la auditoría mínima suficiente. No procede ninguno de los dos extremos.","Consolidar registralmente H2 restringido como fase respaldada por auditoría mínima suficiente, manteniendo Q-04 y Q-05 en Pendiente y sin abrir H3 ni backend.",cerrado
RETP-2026-040,23/03/2026,20:02:35,CAMBIO_RUNNER,Frente final del lenguaje SV / Parche correctivo funcional acotado del frontend / Fase IV,"Se cierra y registra el lote correctivo del frontend que recupera especificidad diagnóstica visible, impone no-vaciedad en compose, elimina el falso positivo por orden textual en AdmissibilitySpec y corrige el diagnóstico de PendingU.","El parche ya quedó aplicado y auditado sobre el árbol del repositorio verificado, pero faltaba completar el paso de registro y cierre exigido por el circuito ZIP → GITHUB → VERIFICACIÓN → REGISTRO → CIERRE.",pliego de condiciones del Sistema Vectorial SV; procedimiento de auditoría técnica; mandato operativo de no mezclar este lote con regularización amplia del catálogo; árbol del repositorio verificado auditado tras verificación de cierre.,src/svp_errors.py; src/svp_parser.py; src/svp_validator.py; tests/run_conformance.py; tests/conformance/invalid/output_semantics_no_declarada.svp; tests/conformance/invalid/compose_relations_vacias.svp; tests/conformance/invalid/compose_patterns_vacios.svp; tests/conformance/invalid/pending_u_reconocido_no_habilitado.svp; tests/conformance/invalid/transition_data_horizon_no_declarado.svp; tests/conformance/valid/admissibility_spec_states_permutados.svp; tests/conformance/valid/admissibility_spec_states_permutados.expected.json; docs/calidad/ACTA_TECNICA_DE_CIERRE_AUDITADO_DEL_PARCHE_CORRECTIVO_DEL_FRONTEND_2026_03_23.md; docs/calidad/REGISTRO_EVOLUCION_TECNICA_PROYECTO.md; docs/calidad/REGISTRO_EVOLUCION_TECNICA_PROYECTO.csv; docs/calidad/REGISTRO_BARRIDOS_DE_ACTIVIDAD_Y_LATENCIA_DEL_REPO.csv; docs/calidad/REGISTRO_PARTES_DE_TRABAJO_POR_AGENTE.csv; docs/calidad/README.md.,verificacion posterior del árbol del repositorio verificado con confirmacion material de los archivos tocados y ejecucion local de tests/run_conformance.py 37/37 tests/run_cli_smoke.py 3/3 y tests/run_sec0_smoke.py 3/3 sin regresion.,coherencia_diagnostica; trazabilidad; cierre_auditado; cobertura_de_suite; gobierno_tecnico.,Riesgo de aprovechar el cierre para mezclarlo con regularizacion amplia de E106 E111 o del catalogo muerto. No procede: el registro consolida solo este lote acotado y su verificacion posterior.,Cerrar registralmente el parche correctivo del frontend como lote terminado y dejar separado cualquier frente posterior de regularizacion tecnica limitada.,cerrado
RETP-2026-041,24/03/2026,21:42:51,CAMBIO_DOCUMENTACION_PUBLICA_Y_CONCORDANCIA_DIAGNOSTICA,Frente final del lenguaje SV / Microparche documental rebasado del contrato diagnóstico visible / Fase IV,"Se resincroniza la documentación viva del contrato diagnóstico observable para reflejar la emitibilidad y cobertura explícita ya acreditadas de E102 E104 E208 E209 y E303, corrigiendo además los nombres implementativos stale de E102 y E104 en catálogo y matriz.","La lectura adversarial del árbol del repositorio verificado mostró que el árbol ya acredita materialmente esos cinco códigos por suite y validator, mientras varios documentos vivos seguían describiendo un estado anterior o arrastraban nombres implementativos ya no vigentes.",src/svp_errors.py; tests/run_conformance.py; tests/conformance/invalid/output_semantics_no_declarada.svp; tests/conformance/invalid/conector_target_no_ternario.svp; tests/conformance/invalid/compose_relations_vacias.svp; tests/conformance/invalid/compose_patterns_vacios.svp; tests/conformance/invalid/transition_data_horizon_no_declarado.svp; árbol del repositorio verificado auditado con suite en verde.,docs/referencia/ERRORES_CANONICOS_SV_v0_2.md; docs/calidad/MATRIZ_DE_CONCORDANCIA_DIAGNOSTICA_IR_IMPLEMENTACION_SV.md; docs/calidad/MATRIZ_DE_CONCORDANCIA_DIAGNOSTICA_IR_IMPLEMENTACION_SV.csv; docs/calidad/DICTAMEN_DE_SANEAMIENTO_DEL_BLOQUE_A_CONTRATO_DIAGNOSTICO.md; docs/calidad/ACTA_TECNICA_DE_SINCRONIZACION_DOCUMENTAL_DEL_CONTRATO_DIAGNOSTICO_VISIBLE_2026_03_24.md; docs/calidad/README.md; docs/calidad/REGISTRO_EVOLUCION_TECNICA_PROYECTO.md; docs/calidad/REGISTRO_EVOLUCION_TECNICA_PROYECTO.csv.,lectura VERIFICACION_INTEGRAL del árbol del repositorio verificado con contraste corto sobre src/svp_errors.py tests/run_conformance.py los casos inválidos afectados y la documentación viva; ejecución local posterior de tests/run_conformance.py 37/37 tests/run_cli_smoke.py 3/3 y tests/run_sec0_smoke.py 3/3 sin regresión.,coherencia_diagnostica; sincronizacion_documental; trazabilidad; control_de_calidad.,Riesgo de sobreactuar este lote como si implicara convergencia semántica plena con la IR v0.2 o reescritura silenciosa de historia cerrada. No procede: el lote se limita a resincronizar documentación viva y a añadir nota posterior explícita en el dictamen.,Abrir y cerrar como lote separado un microparche documental rebasado que sincronice el contrato diagnóstico visible sin tocar código ni mezclar otros frentes.,cerrado
RETP-2026-042,26/03/2026,13:26:00,DECISION_GOBIERNO_TECNICO,Lenguaje SV / sellado técnico mínimo prebackend y reordenación de continuidad tras la familia VII / Fase IV,"Se crea el bloque mínimo de gobierno para cerrar provisionalmente PC-HNA, registrar nueva deuda viva semántica y complementar el rumbo prebackend, fijando además que el siguiente frente correcto será la pieza marco de células especializadas y no NLP.","La doble auditoría externa y la consolidación de la familia VII muestran que el riesgo ya no está en el bloque congelado previamente saneado, sino en avanzar hacia frentes de alta presión semántica sin sellar antes el fundamento mínimo del lenguaje ni corregir expresamente el orden de continuidad.",árboles de repositorio verificados de SV-lenguaje-de-computacion y SV-matematica-semantica; documentación de calidad vigente; doble auditoría externa absorbida por la coordinación técnica; familia VII consolidada hasta su pieza más reciente.,docs/calidad/ACTA_TECNICA_DE_CIERRE_PROVISIONAL_DE_PC_HNA_Y_CONDICIONES_DE_REAPERTURA_2026_03_26.md; docs/calidad/ACTA_TECNICA_COMPLEMENTARIA_DE_CONTINUIDAD_TRAS_LA_FAMILIA_VII_Y_REORDENACION_DEL_RUMBO_PREBACKEND_2026_03_26.md; docs/calidad/DEUDA_VIVA_HITOS_LENGUAJE_SV.csv; docs/calidad/MATRIZ_UCBC_HORIZONTES_LENGUAJE_SV.csv; docs/calidad/ESPEJO_DOCTRINAL_COLECCIONES_LENGUAJE_SV.md; docs/calidad/README.md; docs/calidad/REGISTRO_EVOLUCION_TECNICA_PROYECTO.md; docs/calidad/REGISTRO_EVOLUCION_TECNICA_PROYECTO.csv; docs/calidad/REGISTRO_PARTES_DE_TRABAJO_POR_AGENTE.csv,"lectura VERIFICACION_INTEGRAL de árboles de repositorio verificados; triple contraste con auditorías externas; verificación de coherencia interna entre actas, deuda viva, matriz de horizontes, espejo doctrinal y README de calidad.",gobierno_tecnico; trazabilidad; continuidad_operativa; resiliencia_prebackend; cautela_semantica,"Riesgo de retrasar innecesariamente el proyecto con teoría total prematura, o de reordenar la continuidad por intuición sin dejar rastro explícito. No procede ninguno de los dos extremos: se fija un sellado técnico mínimo y una corrección de secuencia limitada, documentada y no implementativa.","Cerrar provisionalmente PC-HNA, abrir deuda viva semántica mínima y complementar el rumbo prebackend para que la siguiente pieza lógica sea la publicación marco de células especializadas.",cerrado
RETP-2026-043,26/03/2026,17:57:47,CAMBIO_DOCUMENTACION_PUBLICA,Lenguaje SV / sincronización del espejo doctrinal de células especializadas y alta registral de nota de hoja de ruta / Fase IV,"Se sincronizan README y espejo doctrinal del repo técnico con la publicación pública ya activa de la colección Células especializadas del Sistema Vectorial SV, se corrige EDCL-004 con la URL específica de release_1 y se registra formalmente la nota de hoja de ruta sobre la célula de verificación formal y generación matemática.","Tras el cierre del Lote A en la sede doctrinal, el repo técnico mantenía una narrativa stale de continuidad preparada para la colección celular y afirmaba ya en EDCL-004 una alta registral de la nota que todavía no constaba en el registro maestro.",árbol del repositorio verificado de SV-lenguaje-de-computacion; árbol del repositorio verificado de SV-matematica-semantica ya saneado en su sede ASCII; nota de hoja de ruta ya presente en docs/calidad; espejo doctrinal y README de calidad vigentes.,docs/calidad/README.md; docs/calidad/ESPEJO_DOCTRINAL_COLECCIONES_LENGUAJE_SV.md; docs/calidad/ESPEJO_DOCTRINAL_COLECCIONES_LENGUAJE_SV.csv; docs/calidad/REGISTRO_EVOLUCION_TECNICA_PROYECTO.md; docs/calidad/REGISTRO_EVOLUCION_TECNICA_PROYECTO.csv.,lectura VERIFICACION_INTEGRAL de árboles de repositorio verificados; contraste entre README de calidad espejo doctrinal y EDCL-004; verificación de que la nota ya existía materialmente sin alta efectiva en el registro maestro; contraste con la sede doctrinal ASCII ya saneada.,trazabilidad; sincronizacion_documental; gobierno_tecnico; continuidad_operativa.,"Riesgo de sobreactuar la publicación de la colección celular como autorización automática para abrir células específicas o para adelantar implementación. No procede: el lote se limita a sincronizar estado público y registro técnico, manteniendo la cautela de implementación y la subordinación a D-07, D-08 y al perfil funcional mínimo.",Cerrar como lote registral y documental separado la absorción técnica de la colección pública de células especializadas y dejar formalmente asentada la nota de hoja de ruta ya existente.,cerrado
RETP-2026-044,26/03/2026,NO_CONSTA,SANEAMIENTO_REGISTRAL_Y_ASENTAMIENTO_FINAL_DE_CICLO,Lenguaje SV / asentamiento final del ciclo UCBC12 y apertura trazable del piloto de seguridad estructural / Fase IV,"Se integra el Acta técnica como instrumento activo del bloque de calidad, se restaura el registro técnico en prosa como fuente legible coordinada con el CSV maestro y se sincroniza la sede doctrinal de células especializadas para reflejar ya la microauditoría de apertura del piloto de seguridad estructural.","Tras la urgencia ética y registral del ciclo UCBC12 permanecían tres asimetrías materiales: el README doctrinal de la sede celular seguía declarando que la carpeta contenía sólo README.md, el README de calidad no listaba todavía el Acta ya publicada y el registro técnico en prosa había quedado sustituido por la nota de hoja de ruta, perdiendo su función de lectura humana coordinada.",árbol del repositorio verificado de SV-lenguaje-de-computacion; evidencia documental verificable de la sede doctrinal celular ya publicada en GitHub; Acta técnica final ya publicada; microauditoría de apertura del piloto de seguridad estructural ya materialmente presente en la sede doctrinal; criterio de no bloqueo de la deuda IR relativo a la compuerta entre prohibición y protección.,documentos/celulas_especializadas_sv/README.md en SV-matematica-semantica; docs/calidad/README.md; docs/calidad/REGISTRO_EVOLUCION_TECNICA_PROYECTO.md; docs/calidad/REGISTRO_EVOLUCION_TECNICA_PROYECTO.csv; docs/calidad/ACTA_TECNICA_DE_PROHIBICION_ABSOLUTA_DE_USO_BELICO_Y_PRIMACIA_DE_SUPERVIVENCIA_HUMANA_EN_EL_SV_2026_03_26.md.,"lectura VERIFICACION_INTEGRAL del árbol del repositorio verificado de Lenguaje SV; lectura ajustada al objeto de la sede doctrinal celular mediante evidencia documental verificable; triple contraste adversarial entre README, registro técnico, Acta publicada y microauditoría del piloto.",trazabilidad; saneamiento_registral; continuidad_operativa; gobierno_tecnico; cautela_semantica; preservacion_editorial.,"Riesgo de prolongar la unidad UCBC12 con una zona gris entre publicación ética, apertura del piloto y registro maestro, o de convertir la deuda IR futura en bloqueo inmediato del sistema. No procede ninguno de los dos extremos: el lote sólo asienta, sincroniza y deja explícita la continuidad no bloqueante.","Cerrar el asentamiento final del ciclo UCBC12 antes de la continuidad operativa, dejando el Acta absorbida como límite superior, la sede celular actualizada y el registro técnico nuevamente legible y coordinado con el CSV maestro.",cerrado
RETP-2026-045,30/03/2026,NO_CONSTA,DECISION_GOBIERNO_TECNICO,Lenguaje SV / alerta formal por Colección I publicada custodia estructural y continuidad hacia NLP / Fase IV,"Se incorpora al bloque de calidad del Lenguaje SV una advertencia formal sobre la Release 2 del Documento 1 de la Colección I y sobre la obligación de vigilar bajo custodia estructural los futuros impactos del frente NLP y de su capa IA trazable asociada, sin imponer todavía implementación nueva.","La sede doctrinal superior ya muestra una colección nueva y visible con suelo algebraico publicado para gobierno determinista y continuidad inmediata hacia NLP. El Lenguaje SV necesitaba absorber ese hecho sin saltar de plano, sin duplicar doctrina y sin adelantar gramática IR validator runner ni backend.",árboles de repositorio verificados de SV-lenguaje-de-computacion y SV-matematica-semantica; Release 2 pública del Documento 1; espejo doctrinal vigente; matriz UCBC de horizontes vigente; README técnico del lenguaje ya advertido sobre custodia estructural.,README.md; docs/README.md; docs/calidad/README.md; docs/calidad/ACTA_TECNICA_DE_ALERTA_DE_GOBIERNO_SOBRE_COLECCION_I_CUSTODIA_ESTRUCTURAL_Y_FRENTE_NLP_2026_03_30.md; docs/calidad/REGISTRO_DE_COORDINACION_ENTRE_SEDES_APLICADAS_Y_SEDE_LOGISTICA_DEL_LENGUAJE_SV.csv; docs/calidad/ESPEJO_DOCTRINAL_COLECCIONES_LENGUAJE_SV.md; docs/calidad/ESPEJO_DOCTRINAL_COLECCIONES_LENGUAJE_SV.csv; docs/calidad/MATRIZ_UCBC_HORIZONTES_LENGUAJE_SV.csv; docs/calidad/REGISTRO_EVOLUCION_TECNICA_PROYECTO.md; docs/calidad/REGISTRO_EVOLUCION_TECNICA_PROYECTO.csv.,lectura VERIFICACION_INTEGRAL de árboles de repositorio verificados; contraste adversarial entre la nueva sede doctrinal de gobierno determinista la publicación visible del Documento 1 y los límites actuales del lenguaje; verificación de que el lote no introduce implementación ni doctrina duplicada.,gobierno_tecnico; trazabilidad; coordinacion_entre_sedes; cautela_semantica; continuidad_operativa.,"Riesgo de ignorar la nueva presión doctrinal y aplicada sobre el Lenguaje SV o de sobreactuarla hasta doblar ahora el curso natural del lenguaje. No procede ninguno de los dos extremos: el lote sólo advierte, sincroniza y deja vigilancia formal visible.","Cerrar como lote registral y documental separado la absorción técnica de la Colección I publicada y de la custodia estructural asociada, manteniendo NLP como continuidad vigilada y no como obligación implementativa inmediata.",cerrado
RETP-2026-046,14/08/2026,18:31:00,CIERRE_AUDITADO_CON_RESERVA,SV-AUTH / A.2 r2 + J6 estático de referencia / rama sv-auth-v0.2 / Fase IV,"Se cierra registralmente el macrolote SV-AUTH desarrollado en rama separada, se preservan A.2 v0.2.2, su sello r2 y J6 estático de referencia como sustrato técnico reutilizable y se bloquea cualquier integración automática en main.","El trabajo alcanzó un punto formal y ejecutable materialmente aprovechable, pero su continuación hacia el lenguaje integrado fue detenida deliberadamente para evitar avance arquitectónico precipitado y para exigir una autorización previa, transparente y trazable antes de tocar gramática, IR, parser, validator, runner, Playground o motor.",SV_AUTH_A2_CLAUSURA_OPERACIONAL_v0_2_2.md; SV_AUTH_A2_PRUEBAS_v0_2_2.md; SV_AUTH_A2_SELLO_Y_TRAZABILIDAD_r2_2026_08_13.md; rama sv-auth-v0.2; procedimiento de auditoría técnica; regla de barrido integral por macrolote.,docs/calidad/ACTA_TECNICA_DE_CIERRE_AUDITADO_Y_PRESERVACION_CONTROLADA_DE_SV_AUTH_A2_R2_Y_J6_2026_08_14.md; docs/calidad/REGISTRO_EVOLUCION_TECNICA_PROYECTO.md; docs/calidad/REGISTRO_EVOLUCION_TECNICA_PROYECTO.csv; docs/calidad/REGISTRO_BARRIDOS_DE_ACTIVIDAD_Y_LATENCIA_DEL_REPO.csv; docs/calidad/README.md; rama sv-auth-v0.2 como punto técnico de restauración.,"VERIFICACION_INTEGRAL del árbol y contraste main ↔ sv-auth-v0.2; punto auditado main=18a561eb81bda793db857381d1a1d4cda320a13c y sv-auth-v0.2=12874332ba1dfa28d2a00ca265f2ece8164871a0; 9 commits por delante y 0 por detrás antes del asiento; diferencia limitada a 8 archivos; r2 SHA-256 7c18761cf5546c8fdd9ad962c0ea3e0a54a9ddd4a4bf6d43c0ab29c7e4cf794f; 78/78, 537 sentencias, 24 no cubiertas, 96 %; J6 21/21 y 97 %; ausencia de integración AUTH en parser, validator, IR, gramática, runner, Playground o motor.",trazabilidad; gobierno_tecnico; preservacion_controlada; reproducibilidad; control_de_alcance; mantenibilidad.,"Riesgo doble: perder o relegar un trabajo válido por no estar en main, o retroproyectarlo como capacidad productiva ya integrada por estar formalizado y probado. Ninguno procede: el estado correcto es sustrato técnico preservado, auditado y latente, con integración futura bloqueada hasta decisión previa.",Cerrar el macrolote como LATENTE_LEGITIMO; preservar sv-auth-v0.2 en 12874332ba1dfa28d2a00ca265f2ece8164871a0; no fusionar ni integrar por esta acta; exigir acta arquitectónica previa antes de cualquier reapertura implementativa; no abrir deuda viva artificial ni mezclar publicaciones o transductores en esta regularización de Calidad.,cerrado
RETP-2026-047,16/08/2026,06:03,FIJACION_FUENTE_DOCTRINAL_Y_CONTINUIDAD_PRE_DSL,Aprendizaje trazable / fuente doctrinal fijada / continuidad N3-N4 y pre-DSL / Fase IV,"Se fija la fuente doctrinal efectiva del aprendizaje trazable tras DOI español, envío JAR y cápsula Code Ocean; se recupera el perímetro de custodia/continuidad y se establece la compuerta de matriz pre-DSL, manteniendo IR, gramática y código sin cambios.","El acta del 15/08 y la rama latente preservaban el núcleo, pero faltaba alta en el registro maestro y un mapa final que conservara de forma explícita custodia, pérdida de soporte, recuperación, procedencia y separación entre hecho histórico y veredicto operacional. La proximidad del frente DSL exige no partir de memoria ni de la serialización auxiliar.",Publicación doctrinal española DOI 10.21428/39829d0b.bebc607c; envío JAR 6a8347e5-23d3-4f03-87e7-1a8e95e5e594 v1.0 Technical check; Code Ocean 10.24433/CO.4645115.v1 provisional; IR_CANONICA_BIENFORMACION_SV_v0_2.md; GRAMATICA_SUPERFICIAL_MINIMA_SV_v0_1.md; acta SV-AUTH; nota de capa IA trazable; custodia estructural.,docs/calidad/ACTA_TECNICA_COMPLEMENTARIA_DE_FIJACION_DE_FUENTE_DOCTRINAL_Y_PRESERVACION_PRE_DSL_DEL_APRENDIZAJE_TRAZABLE_2026_08_16.md; docs/calidad/README.md; docs/calidad/REGISTRO_EVOLUCION_TECNICA_PROYECTO.md; docs/calidad/REGISTRO_EVOLUCION_TECNICA_PROYECTO.csv; docs/calidad/REGISTRO_BARRIDOS_DE_ACTIVIDAD_Y_LATENCIA_DEL_REPO.csv; rama traceable-learning-ir-v0.1 y TRACEABLE_LEARNING_MAPA_DE_CONTINUIDAD_IR_N3_N4_v0_2.md.,"VERIFICACION_INTEGRAL del perímetro afectado; fuente doctrinal en SV-matematica-semantica; DOI español; JAR v1.0 en Technical check; cápsula Code Ocean v1 en verificación con DOI provisional; 18 casos finitos de referencia; contraste material con IR v0.2, gramática v0.1, AUTH, REAL/SIM y custodia.",trazabilidad; gobierno_tecnico; continuidad_operativa; cautela_semantica; preservacion_controlada; preparacion_dsl.,"Riesgo doble: perder al bajar al DSL las distinciones costosas sobre custodia, recuperación, soporte y veredicto operacional, o sobreactuar la publicación incorporando prematuramente learn, episode o campos del checker a la gramática/IR. El riesgo simétrico es ignorar material técnicamente aprovechable por permanecer fuera de main.","Fijar la fuente; conservar v0.1 como historia y v0.2 como mapa prospectivo en la rama latente; no fusionar ni modificar IR/DSL/código; exigir como siguiente paso una matriz doctrina ↔ IR ↔ cambio mínimo ↔ juicio ↔ error ↔ lowering ↔ evidencia, seguida de acta de reapertura antes de implementación.",cerrado
RETP-2026-048,18/08/2026,11:34:13,REAPERTURA_GOBERNADA,Lenguaje SV / Ruta A / retorno a FFL-A,"Se levanta la pausa preventiva del 16/08 en el alcance expresamente autorizado y se reabre el frente técnico por Ruta A, con FFL-A como prioridad inmediata y sin expansión semántica automática.","Quedaron satisfechos el cierre funcional del antiguo programa de gobierno determinista, la reconciliación de la Dinámica general del Suceso y la microauditoría Potencial/Tesauro, que concluyó que ninguna de esas dos piezas bloquea el frente técnico inmediato.","ACTA_TECNICA_DE_ORDENACION_DE_CONTINUIDAD_SEMANTICA_Y_ARQUITECTONICA_DEL_LENGUAJE_SV_2026_08_16.md; Dinámica del Suceso, DOI 10.21428/39829d0b.8ea18396; decisión humana soberana de Ruta A.",docs/calidad/ACTA_TECNICA_DE_REAPERTURA_DEL_LENGUAJE_SV_POR_RUTA_A_Y_RETORNO_A_FFL_A_2026_08_18.md; docs/calidad/README.md.,acta pública de reapertura materializada en main; comprobación del repositorio fresco y de la pieza matemática canónica.,gobierno_tecnico; trazabilidad; continuidad_operativa; control_de_alcance.,"Riesgo de interpretar Ruta A como autorización indiscriminada para gramática, IR, backend, IA, seguridad posterior o NL→SVP.",Reabrir únicamente desde FFL-A y mantener cerradas las compuertas independientes no autorizadas.,cerrado
RETP-2026-049,18/08/2026,11:58:10,CIERRE_BLOQUE_Y_APERTURA_SECUENCIAL,Lenguaje SV / FFL-A → FFL-B,Se cierra FFL-A bajo Vía B con deuda residual explícita y gobernada y se activa secuencialmente FFL-B como único bloque técnico inmediato.,El crosswalk funcional acreditó concordancia suficiente para cerrar el contrato diagnóstico sin exigir convergencia nominal total entre IR canónica y catálogo implementativo; la deuda restante quedó localizada y sometida a tratamiento posterior.,IR_CANONICA_BIENFORMACION_SV_v0_2.md; decisión C1C de regularización por Vía B; matriz diagnóstica; crosswalk funcional; criterios de cierre del frente final.,docs/calidad/TABLERO_DE_BLOQUES_CERRABLES_DEL_FRENTE_FINAL_DEL_LENGUAJE_SV.csv; docs/calidad/REGISTRO_DEUDA_VIVA_DEL_FRENTE_FINAL_DEL_LENGUAJE_SV.md; documentación de crosswalk y cierre FFL-A.,"commits 5a709a1a6530ae9a071f3cfdffeaf4ac57430f99, fb661ea8d178473f115ee03097da53bca9ec17f7 y 53982de75d5e6ab147151dbb42cae61f9c62064e; tablero fresco con FFL-A cerrado y FFL-B abierto.",coherencia_diagnostica; gobierno_tecnico; trazabilidad; secuenciacion.,Riesgo de leer cierre bajo Vía B como desaparición de toda deuda o como autorización para abrir simultáneamente FFL-C/D/E.,Dar FFL-A por cerrado con deuda gobernada y mantener FFL-B como siguiente bloque único por dependencia material.,cerrado
RETP-2026-050,18/08/2026,12:28:08,DECISION_GOBIERNO_TECNICO,Lenguaje SV / FFL-B / materialización diagnóstica subordinada,"Se fija para FFL-B que sólo se materializarán obligaciones ya representables por datos existentes, con fundamento IR/doctrinal expreso, ruta diagnóstica inequívoca y prueba trazable; los nuevos códigos efectivos deberán sincronizar error, emisión, prueba, catálogo, matriz, crosswalk y deuda.","La reapertura técnica heredó divergencias reales entre la IR y la implementación, pero no autoriza inventar semántica ni diagnósticos por comodidad. Era necesario fijar una regla de microcierre antes de continuar la cadena de implementación.",IR canónica v0.2; acta de reapertura Ruta A; Vía B diagnóstica; procedimiento de auditoría técnica; estado fresco de parser/lowering/validator/serializer y suite.,docs/calidad y docs/referencia afectados por el gobierno de nuevos diagnósticos efectivos; src/ y tests/ como superficie subordinada de cada microcierre.,commit 0c14b320285b6bf55d36e5c3be1b332b3166cb1a y auditoría del repositorio fresco previa a los microcierres posteriores.,gobierno_tecnico; coherencia_diagnostica; control_de_alcance; mantenibilidad.,Riesgo doble de dejar obligaciones reales sin enforcement o de crear códigos/semántica para rellenar casillas históricas.,Trabajar por microbloques verificables y no materializar ninguna obligación sin ruta técnica y diagnóstica suficientemente acreditada.,cerrado
RETP-2026-051,18/08/2026,13:05:54,CAMBIO_FUNCIONAL_GOBERNADO,Lenguaje SV / FFL-B / J2.2 parcial / E112,"Se materializa la restricción posicional de CoupledState para impedir modificaciones fuera del BridgeSet del CoupledSpec de destino y se sincroniza E112 con catálogo, matriz, crosswalk y deuda viva.",J2.2 ya disponía de datos suficientes para comprobar el componente posicional sin introducir nueva semántica; la procedencia por conector no estaba todavía suficientemente representada y queda fuera de este microcierre.,"IR canónica v0.2, J2.2; AST y validator vigentes; decisión de FFL-B sobre materialización mínima bajo Vía B.",src/svp_errors.py; src/svp_validator.py; tests/run_conformance.py; tests/conformance/invalid/coupledstate_update_fuera_bridges.svp; docs/referencia/ERRORES_CANONICOS_SV_v0_2.md; matriz/crosswalk/deuda de docs/calidad.,commits 33f60e0c174b702c4c9a5f3ead17b5b810c7f486 y 64d4fc5d21c8f69cc2f88df5f872741bd0f7239c; lectura posterior de emisión y sincronización documental.,coherencia_ir_implementacion; trazabilidad; control_de_alcance; mantenibilidad.,Riesgo de presentar J2.2 como cerrado en su totalidad cuando sólo se acredita el componente posicional.,Cerrar únicamente la parte posicional mediante E112 y conservar fuera del alcance la procedencia por conector hasta disponer de representación inequívoca.,cerrado
RETP-2026-052,18/08/2026,13:15:04,CAMBIO_FUNCIONAL_GOBERNADO,Lenguaje SV / FFL-B / J2.3 / E113 ↔ E206 canónico,"Se materializan las compatibilidades de Edge ya representadas: posición dentro del BridgeSet del destino, igualdad entre Edge.position y Connector.target_position y compatibilidad del codominio fuente del conector con la célula transmisora; se sincroniza E113 como ruta efectiva de la obligación canónica E206.",La IR ya contenía los objetos y referencias necesarios para comprobar J2.3 sin ampliar gramática ni IR; el identificador E206 implementativo ya estaba ocupado con otra semántica bajo Vía B.,"IR canónica v0.2, J2.3 y E206 canónico; AST/validator vigentes; contrato diagnóstico Vía B.",src/svp_errors.py; src/svp_validator.py; tests/run_conformance.py; casos inválidos de compatibilidad Edge/Connector; docs/referencia/ERRORES_CANONICOS_SV_v0_2.md; matriz/crosswalk/deuda de docs/calidad.,commits b59bbb345b0e9d0ead8457fd80f8a7f8299ff129 y a2dd1ef59272ee9149283ccdc3c4d5cde7201f4b; contraste material de las tres comprobaciones.,coherencia_ir_implementacion; trazabilidad; contrato_diagnostico; mantenibilidad.,Riesgo de renumerar E206 implementativo o de declarar equivalencia semántica por coincidencia de identificador.,Mantener Vía B y registrar E113 como ruta efectiva explícita de la obligación E206 canónica sin renumeración masiva.,cerrado
RETP-2026-053,18/08/2026,13:25:03,CAMBIO_FUNCIONAL_GOBERNADO,Lenguaje SV / FFL-B / J4.3 / E307 ↔ E403 canónico,Se impone que cada tipo de suceso declarado en TransitionData.events pertenezca al Horizon referenciado y se sincroniza E307 como ruta efectiva de la obligación canónica E403.,TransitionData.events y Horizon.events ya existían materialmente en la gramática/AST; la comprobación era por tanto un descenso directo de una obligación ya representable y no exigía nueva semántica.,"IR canónica v0.2, J4.3 y E403 canónico; Dinámica del Suceso como marco superior ya reconciliado; AST/validator vigentes.",src/svp_errors.py; src/svp_validator.py; tests/run_conformance.py; tests/conformance/invalid/transition_event_fuera_horizon.svp; docs/referencia/ERRORES_CANONICOS_SV_v0_2.md; matriz/crosswalk/deuda de docs/calidad.,commits 91af0f0ac9d8c0b5b8d8c24e738aa3fe78477199 y d2c51e48bdc61e771a8c7744ea3bc571ee40a430; comprobación posterior de pertenencia y sincronización documental.,coherencia_ir_implementacion; trazabilidad; preservacion_semantica; mantenibilidad.,Riesgo de identificar TransitionData con suceso admisible o de convertir esta pertenencia de tipos en una ampliación de la semántica eventiva.,Limitar el microcierre a la pertenencia de tipos ya declarados al Horizon y no introducir nuevos nodos ni composición de sucesos.,cerrado
RETP-2026-054,18/08/2026,13:30:27,SORPRESA_TECNICA_Y_REVERSION,Lenguaje SV / FFL-B / intento E406 revertido,Se revierte íntegramente el intento de materializar E406 para TransitionData sin cambios inducidos al detectarse un diff no mínimo que remaquetaba código ajeno al alcance del microparche; el árbol final vuelve al estado anterior al intento y E406 permanece pendiente.,"Aunque la obligación canónica de TransitionData no vacío es candidata legítima, la forma concreta del parche violaba la disciplina de radio corto y podía ocultar cambios accidentales bajo una modificación funcional pequeña.",IR canónica v0.2; disciplina de parches mínimos; procedimiento de auditoría técnica; estado FFL-B previo al intento E406.,"src/svp_errors.py; src/svp_validator.py; tests/run_conformance.py y cualquier documentación tocada por el intento, todos restaurados al estado previo mediante reversión.",commits bc58066a89748d9712cfdb83214082b8d4755715 y e69ef46e53d93fb4a6e690602666b832afea674d; comparación posterior del árbol sin diferencias respecto del estado preintento.,control_de_calidad; trazabilidad; disciplina_de_parche; mantenibilidad.,"Riesgo de aceptar un parche funcionalmente plausible pese a un diff amplio no justificado, o de confundir la reversión con rechazo de la obligación E406.",Revertir el intento completo; mantener E406 como siguiente candidato únicamente mediante diff estrictamente mínimo y nueva verificación.,cerrado
RETP-2026-055,18/08/2026,21:35:25,CAMBIO_FUNCIONAL_GOBERNADO,Lenguaje SV / FFL-B / P0-A / contrato de estado evaluable,"Se reconcilia el contrato CellState / CoupledState / evaluate / Frame: evaluate acepta ambos estados evaluables, mientras Frame.cell_states conserva CoupledState; P0-A queda cerrado tras evidencia dinámica independiente.","Una regresión local había estrechado _validate_eval a CellStateDecl, contradiciendo la gramática vigente y la evaluación de configuración acoplada ya constituida, además de romper una sonda SEC-0 y ejemplos documentados.",Gramática superficial mínima v0.1; IR v0.2 y adenda técnica de estado evaluable acoplado; Documento I de composición intercelular; disciplina de radio corto.,ADENDA_TECNICA_IR_v0_2_ESTADO_EVALUABLE_ACOPLADO_2026_08_18.md; src/svp_validator.py; sondas y ejemplos afectados; docs/calidad/ACTA_TECNICA_DE_RECONCILIACION_DEL_CONTRATO_CELLSTATE_COUPLEDSTATE_EVALUATE_Y_FRAME_2026_08_18.md.,"rama agent/ffl-b-evaluable-state-reconcile verificada en b9db1a268e7acf8283f99eb6d7d09da243a9293c; conformidad 42/42, CLI 3/3, SEC-0 3/3; aceptación de las tres sondas discriminantes; cierre documental en 0fde188d77a3ebd2fb08f2ba33f51dd173a834c4.",coherencia_ir_implementacion; trazabilidad; control_de_regresion; secuenciacion.,"Riesgo de reparar la regresión relajando Frame para admitir CellState, o de mezclar en el mismo juicio el hueco independiente de supervise.","Mantener Frame.cell_states : CoupledState, restaurar evaluate(CellState | CoupledState) y separar P0-B como juicio posterior.",cerrado
RETP-2026-056,18/08/2026,21:35:25,CAMBIO_FUNCIONAL_GOBERNADO,Lenguaje SV / FFL-B / P0-B / J3.3 / E212-E211,Se impone meta_eval : EvalResult en supervise mediante E212 — SuperviseMetaNotEvalResult y se extiende E211 — SuperviseMetaNotSupervisor a la procedencia por CoupledState → CoupledSpec → CellSpec; P0-B queda cerrado tras adversarial dinámica independiente.,"J3.3 exige que el primer argumento de supervise sea un EvalResult procedente de una célula de segundo orden; el validator sólo comprobaba existencia y rol cuando el objeto ya era un EvalCmd, dejando atravesar referencias existentes de otro tipo y omitiendo la ruta acoplada autorizada por P0-A.","IR canónica v0.2, J3.3; P0-A; regularización diagnóstica por Vía B; contrato efectivo de supervise.","src/svp_errors.py; src/svp_validator.py; tests/run_conformance.py; dos adversariales nuevos; catálogo, matriz, crosswalk, deuda viva y docs/calidad/ACTA_TECNICA_P0_B_CONTRATO_META_EVAL_DE_SUPERVISE_2026_08_18.md.","rama agent/ffl-b-p0b-supervise-meta verificada en 8080e22ddd103b6a33ae157ce86bdf1de540025d; conformidad 44/44, CLI 3/3, SEC-0 3/3; emisión exacta E212 para tipo incorrecto y E211 para rol incorrecto por ruta acoplada; conservación de supervise_targets, evaluate(CoupledState) y Frame.cell_states : CoupledState.",coherencia_ir_implementacion; contrato_diagnostico; trazabilidad; control_de_regresion; mantenibilidad.,"Riesgo de colapsar en un único diagnóstico el fallo de tipo y el fallo de rol, o de reutilizar indebidamente E306, que protege el etiquetado del target : Supervisable.",Mantener E212 para tipo de meta_eval y E211 para procedencia Supervisor; declarar P0 estabilizado en sus dos partes y conservar E406 sin abrir hasta nueva microauditoría mínima.,cerrado
RETP-2026-057,18/08/2026,22:11:00,CAMBIO_FUNCIONAL_GOBERNADO,Lenguaje SV / FFL-B / J4.3 / E406 mínimo,"Se materializa y cierra E406 — InsufficientTransitionData para rechazar TransitionData con induced_parameters vacío, con convergencia exacta por identificador y sin atribuir cierre completo de J4.3.","La IR v0.2 asigna E406 exactamente a induced_parameters vacío; gramática, AST, parser y lowering ya representaban la lista y sólo faltaba la comprobación de no-vaciedad en el validator.","IR canónica v0.2, J4.3 y E406; acta de reapertura por Ruta A; decisión FFL-B de materialización diagnóstica subordinada; disciplina de radio corto.","src/svp_errors.py; src/svp_validator.py; tests/run_conformance.py; tests/conformance/invalid/transition_induced_parameters_vacios.svp; catálogo, matriz, crosswalk, deuda viva y docs/calidad/ACTA_TECNICA_FFL_B_E406_INDUCED_PARAMETERS_MINIMO_2026_08_18.md.","rama agent/ffl-b-e406-min-transition verificada en a1d3d98b1971fe3cb7c1941dc1b3d9ce41b1e54c; conformidad 45/45, CLI 3/3, SEC-0 3/3; E406 exacto para lista vacía; transition_data_events válido; E307 preservado y precedente; diff de un commit y radio corto.",coherencia_ir_implementacion; convergencia_diagnostica; trazabilidad; control_de_regresion; disciplina_de_parche.,Riesgo de convertir no-vaciedad en prueba de reconstructibilidad del operador inducido o declarar cerrado todo J4.3.,Cerrar sólo la cláusula de no-vaciedad mediante E406; mantener fuera de cierre la suficiencia reconstructiva y cualquier validación adicional de triples induced_parameters; no abrir automáticamente otro microcierre.,cerrado
RETP-2026-058,19/08/2026,06:32:40,CAMBIO_FUNCIONAL_GOBERNADO,Lenguaje SV / FFL-B / J1.4 / E011 / codominio de salida de AdmissibilityTable,Se materializa y cierra E011 — TableOutputNotInCodomain para rechazar una salida literal de AdmissibilityTable.table que no pertenezca al output_codomain declarado.,"La IR v0.2 tipa AdmissibilityTable.table como función hacia el codominio de salida; el AST y el validador ya conservaban el codominio y las salidas, pero no comprobaban esa pertenencia.",IR canónica v0.2; definición de AdmissibilityTable y J1.4; Vía B; RETP-2026-050.,"src/svp_errors.py; src/svp_validator.py; tests/run_conformance.py; tests/conformance/invalid/admissibility_table_output_fuera_codominio.svp; docs/referencia/ERRORES_CANONICOS_SV_v0_2.md; matriz, tabla de correspondencias funcionales, deuda viva y docs/calidad/ACTA_TECNICA_DE_CIERRE_FFL_B_E011_CODOMINIO_DE_SALIDA_DE_ADMISSIBILITYTABLE_2026_08_19.md.","rama agent/ffl-b-e011-table-output verificada en c42ea2b7f8ba5a52143107ae3058e36bc8154a98; conformidad 46/46, pruebas rápidas de línea de órdenes 3/3, SEC-0 3/3; emisión exacta E011; E009 preservado para tabla incompleta; gate_table.svp válido.",coherencia_ir_implementacion; contrato_diagnostico; trazabilidad; control_de_regresion; mantenibilidad.,Riesgo de presentar la pertenencia al codominio como cierre completo de J1.4 o como ejecución material de GateResult.,Cerrar exclusivamente la pertenencia de cada salida literal al output_codomain; mantener fuera de este cierre las restantes obligaciones de J1.4 que no estén acreditadas por otra ruta.,cerrado
RETP-2026-059,19/08/2026,07:03:00,CAMBIO_FUNCIONAL_GOBERNADO,Lenguaje SV / FFL-B / proyección estructural / E213-E214,Se materializan y cierran E213 — ProjectionSourceNotResult y E214 — ProjectionFieldNotFound para exigir que la fuente de una proyección sea un productor superficial de resultado y que el campo pertenezca al esquema canónico correspondiente.,"La operación de proyección ya existía en la superficie y descendía a IR con source y field; la IR v0.2 fija los esquemas de los cinco objetos de resultado producidos por operadores de superficie, pero el validador sólo comprobaba que la fuente estuviera declarada.",Gramática superficial mínima v0.1; IR canónica v0.2; Vía B; RETP-2026-050.,"src/svp_errors.py; src/svp_validator.py; tests/run_conformance.py; tests/conformance/invalid/projection_source_no_resultado.svp; tests/conformance/invalid/projection_campo_inexistente.svp; tests/README.md; catálogo, matriz, tabla de correspondencias funcionales, deuda viva y docs/calidad/ACTA_TECNICA_DE_CIERRE_FFL_B_E213_E214_PROYECCION_DE_RESULTADOS_2026_08_19.md.","confirmación funcional dc5761bec9ebb4e7aabec3af10bc8aa77896e2f1; conformidad 48/48, pruebas rápidas de línea de órdenes 3/3, SEC-0 3/3; emisión exacta E213/E214; E006 preservado para fuente inexistente; resolve_projection.svp válido.",coherencia_ir_implementacion; contrato_diagnostico; trazabilidad; control_de_regresion; mantenibilidad.,Riesgo de presentar la validación estructural como ejecución de resultados o de atribuir disponibilidad superficial a campos canónicos cuyos nombres son palabras reservadas.,"Cerrar exclusivamente el tipo de fuente y la pertenencia del campo; mantener fuera de alcance la ejecución material, el cálculo de valores proyectados y cualquier cambio de gramática.",cerrado
RETP-2026-060,19/08/2026,NO_CONSTA,RECEPCION_DOCTRINAL_LATENTE,Lenguaje SV / fundamentos / no clausura certificada,"Se recibe la publicación No clausura certificada en sistemas finitos de resolución con estatuto LATENTE_LEGITIMO, sin código, gramática ni IR.",El árbol de main no contenía asiento de recepción de DOI 10.21428/39829d0b.f0892864; la doctrina ya publicada no debe perderse ni convertirse en semántica ejecutiva.,Publicación DOI 10.21428/39829d0b.f0892864; sede SV-matematica-semantica/documentos/fundamentos/; IR canónica v0.2; gramática superficial mínima v0.1.,acta; README de calidad; registro .md; registro .csv,"base 552a142…; comparación restringida a un acta nueva, indexación del README y una sola fila RETP-2026-060",trazabilidad; gobierno_tecnico; preservacion_semantica,"Riesgo de interpretar el certificado como trabajo pendiente, como cuarto valor o como autorización de lenguaje SVP, AUTH, aprendizaje o infraestructura de ejecución",Recibir con estatuto LATENTE_LEGITIMO y no implementar hasta acta arquitectónica previa,cerrado
RETP-2026-061,19/08/2026,NO_CONSTA,CAMBIO_FUNCIONAL_GOBERNADO,Lenguaje SV / FFL-B / resolve / E206-E207 efectivos,Se documentan E206 — ResolveMissingContext y E207 — ResolveMissingMechanism como diagnósticos efectivos de análisis sintáctico para la ausencia acreditada de context y mechanism en resolve.,"E206/E207 efectivos no cierran E108 canónico ni J1.6, no tipan Context ni Mechanism y no ejecutan resolve.",Gramática superficial mínima v0.1; IR canónica v0.2; Vía B; lote funcional 02dc7c4…,catálogo; matriz; tabla de correspondencias; deuda viva; tests/README.md; README de calidad; acta E206/E207; registro .md; registro .csv,"confirmación funcional 02dc7c4…; conformidad 50/50, interfaz de línea de órdenes 3/3, SEC-0 3/3; resolve_missing_context.svp → E206; resolve_missing_mechanism.svp → E207",contrato_diagnostico; trazabilidad; control_de_regresion,"Riesgo de presentar E206/E207 efectivos como cierre de E108, de J1.6 o como equivalencia con el E206 canónico EdgeConnectorMismatch",Documentar el alcance sintáctico acotado y conservar abierta la semántica material de J1.6,cerrado
RETP-2026-062,19/08/2026,20:40:45,CORRECCION_ESTRUCTURAL,Lenguaje SV / FFL-B / graph_decl / coherencia de representación,"Se elimina conflicts de graph_decl, de GraphDecl y del descenso a IR; CompositionGraph conserva únicamente nodes, edges, relation y regime, y el uso superficial de conflicts se rechaza con E001.",El campo conflicts no pertenece a la definición de CompositionGraph y la superficie v0.1 no dispone de una declaración completa de ConflictOperator; mantenerlo producía una representación sin fundamento suficiente.,Gramática superficial mínima v0.1; IR v0.2; J2.3; contrato diagnóstico vigente.,GRAMATICA_SUPERFICIAL_MINIMA_SV_v0_1.md; src/svp_ast.py; src/svp_parser.py; src/svp_ir.py; tests/conformance/invalid/graph_conflicts_fuera_de_v0_1.svp; tests/run_conformance.py.,commit 058befbd6402c80ac7bc1d10eab0d8d035126531; conformidad 51/51; interfaz de línea de órdenes 3/3; SEC-0 3/3; graph_conflicts_fuera_de_v0_1.svp → E001.,coherencia_representacion; trazabilidad; control_de_regresion.,Riesgo de interpretar la retirada de conflicts como materialización de MissingConflictOperator o como supresión del régimen General.,Retirar únicamente el campo sin fundamento; conservar el régimen General y mantener sin materializar la obligación MissingConflictOperator definida en la IR.,cerrado
RETP-2026-063,19/08/2026,21:11:57,CAMBIO_DOCUMENTACION_PUBLICA,Lenguaje SV / documentación principal / actualización de estado,"Se actualiza el README principal para reflejar el estado técnico vigente del Lenguaje SV, conservar sus fundamentos y antecedentes médicos, mantener la dedicatoria final y mejorar la orientación pública del repositorio.","La presentación anterior arrastraba fechas, cifras y descripciones técnicas ya superadas y no mostraba con suficiente precisión el desarrollo alcanzado por la etapa frontal y sus pruebas.",Estado público del repositorio a 19/08/2026; fundamentos del Sistema SV; documentación técnica vigente; evidencia de pruebas y registros de calidad.,README.md.,commits e0a58ea6af6a370960b244e9c9f06636994523d6 y a2c4cdfdc17408ce6a989a8a1c52a8b3ff7d5e02; comparación desde 058befbd limitada a README.md.,exactitud_documental; trazabilidad; comprensibilidad_publica.,Riesgo de que una actualización de presentación altere o sobredimensione capacidades técnicas no demostradas.,"Actualizar únicamente la exposición pública y conservar sin cambios la implementación, la gramática, la IR y el contrato diagnóstico.",cerrado
RETP-2026-064,19/08/2026,21:31:26,CAMBIO_FUNCIONAL_GOBERNADO,Lenguaje SV / FFL-B / J2.3 / régimen Simple / E114,"Se impone en régimen Simple la unicidad del par (target, position): dos o más aristas sobre la misma posición puente de una misma célula receptora se rechazan mediante E114 — SimpleRegimeConcurrency.","J2.3 exige que cada par (target, position) reciba a lo sumo una arista en régimen Simple; los datos necesarios ya estaban representados y la comprobación podía incorporarse sin ampliar gramática ni IR.","IR v0.2, J2.3; Vía B; estado vigente de CompositionGraph y del validador.",src/svp_errors.py; src/svp_validator.py; tests/conformance/invalid/graph_simple_concurrencia_mismo_puente.svp; tests/run_conformance.py; catálogo efectivo; matriz; tabla de correspondencias; documentación de pruebas y calidad.,commit 0911d246050a9f739a3b8235f3bfd861584b4273; conformidad 52/52; interfaz de línea de órdenes 3/3; SEC-0 3/3; emisión exacta E114; conservación de E001 para graph_conflicts_fuera_de_v0_1.svp.,coherencia_ir_implementacion; trazabilidad; control_de_regresion.,Riesgo de confundir la unicidad exigida por el régimen Simple con la obligación distinta de declarar ConflictOperator cuando existe concurrencia en régimen General.,Aplicar E114 únicamente al régimen Simple; no extender la comprobación al régimen General y mantener sin materializar MissingConflictOperator.,cerrado
RETP-2026-065,19/08/2026,21:50:14,CAMBIO_FUNCIONAL_GOBERNADO,Lenguaje SV / FFL-B / J3.3 / contenido estructural de Supervisable,"Se exige que CellTarget contenga un EvalResult, ComposedTarget un GateResult y SystemTarget un CompositionGraph; la incompatibilidad de tipo se rechaza mediante E006 y E205 conserva la exigencia de constructor explícito.","La definición de Supervisable fija de forma expresa el tipo admitido por cada constructor, mientras la validación anterior comprobaba únicamente la existencia de la referencia.","IR v0.2, J3.3; definición de Supervisable; Vía B; comportamiento vigente de _require_ref con comprobación de tipo.",src/svp_validator.py; tests/conformance/invalid/supervise_celltarget_tipo_incorrecto.svp; tests/conformance/invalid/supervise_composedtarget_tipo_incorrecto.svp; tests/conformance/invalid/supervise_systemtarget_tipo_incorrecto.svp; tests/run_conformance.py; tests/README.md; catálogo efectivo; tabla de correspondencias funcionales.,commit 59e055ea8a66437c91558e1e8096eb5c6e670b8c; conformidad 55/55; interfaz de línea de órdenes 3/3; SEC-0 3/3; tres emisiones E006 por incompatibilidad de tipo; supervise_targets.svp válido; comprobación adicional positiva de SystemTarget(CompositionGraph).,coherencia_ir_implementacion; trazabilidad; control_de_regresion.,Riesgo de interpretar el tipado de los constructores como cierre completo de J3.3 o de confundir E006 con E205.,"Cerrar únicamente la correspondencia estructural entre constructor y contenido; mantener fuera el determinismo de verdict, el efecto de Veto y la ejecución completa de la supervisión.",cerrado
RETP-2026-066,19/08/2026,NO_CONSTA,SINCRONIZACION_REGISTRAL_Y_CALIDAD,Lenguaje SV / calidad / actualización de registros,"Se actualizan el registro de evolución, la deuda viva, el índice de calidad y el tablero de bloques para incorporar los cambios RETP-062 a RETP-065, reflejar la conformidad 55/55 y mantener FFL-B como único bloque técnico activo.","Los registros vivos terminaban en RETP-061 o reflejaban estados anteriores: faltaban la retirada de conflicts, E114, el tipado de Supervisable y la actualización del README principal; además, el tablero mostraba FFL-C, FFL-D y FFL-E como abiertos pese a la secuencia vigente.",Estado publicado de main hasta 59e055ea8a66437c91558e1e8096eb5c6e670b8c; registros de calidad; evidencia de conformidad y documentación vigente.,docs/calidad/REGISTRO_EVOLUCION_TECNICA_PROYECTO.md; docs/calidad/REGISTRO_EVOLUCION_TECNICA_PROYECTO.csv; docs/calidad/REGISTRO_DEUDA_VIVA_DEL_FRENTE_FINAL_DEL_LENGUAJE_SV.md; docs/calidad/README.md; docs/calidad/TABLERO_DE_BLOQUES_CERRABLES_DEL_FRENTE_FINAL_DEL_LENGUAJE_SV.csv.,"base 59e055ea8a66437c91558e1e8096eb5c6e670b8c; contraste directo entre registros vivos, commits 058befbd, a2c4cdfd, 0911d246 y 59e055ea, y resultados 55/55, 3/3 y 3/3.",trazabilidad; exactitud_documental; control_de_alcance.,"Riesgo de convertir una sincronización registral en apertura funcional, alterar la historia ya cerrada o atribuir a FFL-C, FFL-D y FFL-E un estado que no corresponde.","Actualizar únicamente los documentos vivos de calidad, conservar íntegros los asientos históricos previos y dejar FFL-C, FFL-D y FFL-E en estado pendiente hasta decisión expresa.",cerrado
RETP-2026-067,19/08/2026,22:31:48,CAMBIO_FUNCIONAL_GOBERNADO,Lenguaje SV / FFL-B / J3.2 parcial / firma de gate / E215,"Se materializa E215 — GateTableSignatureMismatch para exigir que la secuencia de EvalResult recibida por gate coincida, en número y codominio por posición, con AdmissibilityTable.input_codomains.",La IR v0.2 conserva la firma ordenada de codominios de entrada de AdmissibilityTable y la implementación ya permite reconstruir el codominio de cada EvalResult desde CellState o CoupledState; faltaba contrastar ambas secuencias.,IR v0.2; J1.4 y J3.2; definición de AdmissibilityTable y GateResult; Vía B; RETP-2026-050.,src/svp_errors.py; src/svp_validator.py; tests/run_conformance.py; tests/conformance/invalid/gate_numero_entradas_incompatible_con_tabla.svp; tests/conformance/invalid/gate_codominio_posicional_incompatible_con_tabla.svp.,commit 15398f3441c80168f5d09866b0cba4e74221a6aa; conformidad 57/57; interfaz de línea de órdenes 3/3; SEC-0 3/3; dos emisiones E215; gate_table.svp admisible; comprobaciones positivas adicionales sobre CellState y CoupledState.,coherencia_ir_implementacion; trazabilidad; control_de_regresion; mantenibilidad.,Riesgo de presentar la firma estructural de gate como ejecución de la tabla o como cálculo de GateResult.output.,"Cerrar exclusivamente la concordancia de número y codominio por posición; mantener fuera la ejecución de gate, el cálculo de output y cualquier ampliación de ConflictOperator, CriticalityResult o semántica de supervisión.",cerrado
RETP-2026-068,19/08/2026,NO_CONSTA,CIERRE_BLOQUE_Y_SINCRONIZACION_REGISTRAL,Lenguaje SV / cierre de FFL-B / deuda técnica delimitada,"Se cierra FFL-B tras E215 y se sincronizan los documentos de calidad, referencia y pruebas con la evidencia 57/57, manteniendo FFL-C, FFL-D y FFL-E en estado pendiente.","La revisión final de las obligaciones restantes concluye que su tratamiento exigiría ampliar representación, semántica o ejecución: ConflictOperator en régimen General, procedencia completa de CoupledState, suficiencia reconstructiva de TransitionData, producción de CriticalityResult, ejecución de GateResult.output y semántica ejecutiva completa de SupervisionResult.",IR v0.2; gramática superficial mínima v0.1; deuda viva; tabla de correspondencias funcionales; evidencia acumulada de FFL-B; decisión de cierre del 19/08/2026.,docs/calidad/README.md; docs/calidad/REGISTRO_DEUDA_VIVA_DEL_FRENTE_FINAL_DEL_LENGUAJE_SV.md; docs/calidad/REGISTRO_EVOLUCION_TECNICA_PROYECTO.md; docs/calidad/REGISTRO_EVOLUCION_TECNICA_PROYECTO.csv; docs/calidad/TABLERO_DE_BLOQUES_CERRABLES_DEL_FRENTE_FINAL_DEL_LENGUAJE_SV.csv; docs/calidad/MATRIZ_DE_CONCORDANCIA_DIAGNOSTICA_IR_IMPLEMENTACION_SV.md; docs/calidad/MATRIZ_DE_CONCORDANCIA_DIAGNOSTICA_IR_IMPLEMENTACION_SV.csv; docs/calidad/CROSSWALK_FUNCIONAL_DE_OBLIGACIONES_DIAGNOSTICAS_IR_V0_2_Y_FRONTEND_VIA_B_2026_08_18.md; docs/referencia/ERRORES_CANONICOS_SV_v0_2.md; tests/README.md.,"base funcional 15398f3441c80168f5d09866b0cba4e74221a6aa; conformidad 57/57, interfaz de línea de órdenes 3/3 y SEC-0 3/3; revisión final de representabilidad de obligaciones restantes.",cierre_ffl_b; trazabilidad; exactitud_documental; control_de_alcance; mantenibilidad.,Riesgo doble de mantener FFL-B abierto indefinidamente por capacidades aún no representadas o de declarar resueltas obligaciones que requieren una ampliación posterior del lenguaje.,"Cerrar FFL-B con deuda explícita; no abrir automáticamente FFL-C, FFL-D ni FFL-E; cualquier reapertura o apertura posterior requerirá decisión expresa y fundamento técnico identificable.",cerrado
RETP-2026-069,20/08/2026,07:23:44,APERTURA_BLOQUE_Y_PREPARACION_PROBATORIA,Lenguaje SV / FFL-C / pruebas y evidencia,"Se abre FFL-C para comprobar la suficiencia de la evidencia reproducible, con escritura funcional limitada a tests/ y lectura sobre la implementación y la especificación.",FFL-B estaba cerrado y el tablero exigía una decisión expresa antes de activar el bloque de pruebas y evidencia.,Cierre de FFL-B; matriz diagnóstica; batería de conformidad; reglas de continuidad del frente final.,tests/; tests/COBERTURA_OBSERVABLE_FFL_C_2026_08_20.md; documentación de Calidad asociada.,commit 910af1dd0c7ba1f811f4b77a7872626e1c3e695d; caso SystemTarget(CompositionGraph) en a0af722b0ba51cabd5d5fea9c7d719d3ba775e5d; caracterización E006 en 1e7ffa795fe0528888834dd35d09c321cb00c9f3; inventario 3d48c422915b0e0bed65ba2e7ce8b807d7a94c33.,trazabilidad; cobertura; suficiencia_probatoria.,Riesgo de ampliar el lenguaje para fabricar cobertura o de confundir ausencia de caso con ausencia de propiedad.,Persistir únicamente comprobaciones que acrediten afirmaciones técnicas ya existentes y clasificar las ausencias de cobertura sin ampliar el lenguaje.,cerrado
RETP-2026-070,20/08/2026,08:16:26,CIERRE_BLOQUE_Y_SINCRONIZACION_DE_EVIDENCIA,Lenguaje SV / FFL-C / cierre probatorio,Se cierra FFL-C tras una verificación independiente en modo de solo lectura y se sincroniza la evidencia de cobertura del corte.,Las cuatro baterías del bloque concluyeron sin divergencias y el árbol permaneció sin cambios antes y después de la ejecución.,Criterios de FFL-C; corpus de conformidad; contrato diagnóstico y clasificación de alcanzabilidad.,tests/; tests/COBERTURA_OBSERVABLE_FFL_C_2026_08_20.md; registros de Calidad.,corte 3d48c422915b0e0bed65ba2e7ce8b807d7a94c33; conformidad 58/58; interfaz de línea de órdenes 3/3; SEC-0 3/3; caracterización E006 4/4; árbol limpio.,cierre_ffl_c; trazabilidad; evidencia_reproducible.,Riesgo de convertir cobertura parcial de diagnósticos en afirmación de exhaustividad o de materializar capacidades ausentes.,Cerrar FFL-C dentro del alcance probado y mantener las capacidades no materializadas como deuda explícita.,cerrado
RETP-2026-071,29/08/2026,NO_CONSTA,INTEGRACION_PUBLICACION_Y_CIERRE_DE_CONFORMIDAD,Lenguaje SV / Beta B2 / realización estable bilingüe / cierre DFL-007,"Se integra y publica B2 como realización estable bilingüe SVP-ES/SVP-EN; se cierran DG-01/02/03 sobre identidad canónica, se constituyen normativamente los perfiles fuente, se corrige la navegación efectiva del Historial Beta, se reconcilian DD-01 y VH-01 y se restaura la continuidad R0-R2 afectada por DFL-007.","La verificación ampliada de B2 descubrió huecos heredados de cierre gramatical y desajustes documentales que exigían corrección antes de proseguir R2, sin convertir cada paso mecánico de la misma operación en un hito registral independiente.",Gramática canónica 0.2; IR 0.3; especificación normativa de perfiles fuente; encargo DFL-007; cierre técnico de R1; apertura de R2.,"rust/sv_core; rust/sv_wasm; pruebas R0; ESPECIFICACION_NORMATIVA_PERFILES_FUENTE_SVP_ES_EN_v1_2026_08_29.md; GRAMATICA_SUPERFICIAL_MINIMA_SV_v0_2.md; entorno estable; README.md; historial, deuda y acta de Calidad.","PR #55; main de realización c1acf943a7a44ce81080881e59283de8a2019606; WASM 378956 bytes SHA-256 95c7d1e0313567ef099c6e426a7fcee8ff4a5ac8adb670265f859f1bf03caab3; paquete 167503 bytes SHA-256 566200f97bfea86a0b7ce7c4919bac9d5367a67b8cba719eef1c573942d696f5; ejecuciones 33271992372, 33271992363, 33271992371 y 33271992457; comprobación material del Historial Beta; acta de conformidad de 29/08/2026.",conformidad_gramatical; bilingüismo_nativo; seguridad; trazabilidad; continuidad_r0_r1_r2; exactitud_documental.,"Riesgo de confundir publicación con conformidad, perfil léxico con perfil fuente, cierre de DG-03 con materialización de J2.3-General o cierre de DFL-007 con cierre de R2.","Cerrar DFL-007 sólo tras corrección, regresiones permanentes, reconciliación normativa y revalidación de R1; mantener J2.3-General como deuda separada, R2 abierto y las Garantías I/II en NO_PROBADO. Registrar todo el ciclo B2 como un único hito material.",cerrado
RETP-2026-072,04/09/2026,22:04:26,FIJACION_ARQUITECTONICA,"Lenguaje SV / arquitectura de software / núcleo, frontera y host","Se constituye un único núcleo semántico en Rust, un contrato de frontera canónico pendiente de especificación y un host operacional desacoplado; WebAssembly y .NET quedan como candidatas sometidas a prueba, no como elecciones irreversibles.","La integración hospitalaria, la periferia conectada y la ciberseguridad no pueden cargarse sobre el núcleo ni aplazarse como simples puertos; era necesario fijar responsabilidades, criterios de revisión y orden de dependencias sin incorporar el laboratorio privado.","IR 0.3; realización estable B2; acta de transición de PR #60; distinción vigente entre perfiles fuente, perfiles de dominio y agentes; revisión estructural de PR #61.",docs/calidad/ACTA_TECNICA_DE_ARQUITECTURA_DE_SOFTWARE_NUCLEO_FRONTERA_Y_HOST_SV_2026_09_04.md; docs/calidad/REGISTRO_EVOLUCION_TECNICA_PROYECTO.md; docs/calidad/REGISTRO_EVOLUCION_TECNICA_PROYECTO.csv.,main@736ea643d7f65ba4bf26dbbb321383b8becc8d64; PR #61@fafd65b887658d8aecf429aa1fb78b7f78174e92; blobs a23b34fa9528b020c1ad505c8fb5018097458b51 y 8393f86b87f738a09e4516acf04fba96e95bb5d0; inspección de 68 casos inválidos.,separacion_de_responsabilidades; portabilidad; seguridad_de_frontera; trazabilidad; control_de_regresion; continuidad_interdominio.,"Riesgo de convertir .NET o WebAssembly en dogma, duplicar la semántica del núcleo, confundir dominio con agente o dar por completa una red que normaliza el orden JSON y no ejercita Bottom distinto de Tri.U.","Conservar Rust como único núcleo; especificar la frontera antes del host; mantener WebAssembly, FFI y .NET sujetas a prototipo, licencias y comparación reproducible; exigir contraejemplo de failure_symbol y oráculo de bytes crudos.",cerrado
RETP-2026-073,05/09/2026,13:42:20,FIJACION_RESTRICCIONES_DE_DISENO,Lenguaje SV / pilares / frontera de autoridad dominio-agente-núcleo,"Se fija una pieza rectora que preserva la célula exacta como vector plano de longitud n=b², separa U de cualquier fallo o relleno y delimita qué constituyen las unidades de dominio y agente frente a lo que el Lenguaje debe validar sin decidir. AGENTS.md impone su lectura y la identificación del corte antes de actuar.","La realización sólo protege hoy b≥3, la derivación de n y la longitud del vector; faltaba impedir que esa cobertura parcial se confundiera con un contrato completo o que futuras capas rellenaran por inferencia las decisiones no representadas.",Fundamentos algebraico-semánticos del Sistema Vectorial SV; especificación doctrinal de U; IR canónica v0.3; fundamentos y arquitectura general de agentes especializados DOI 10.21428/39829d0b.183e10f3; acta de arquitectura RETP-2026-072.,AGENTS.md; docs/calidad/PILARES_Y_RESTRICCIONES_DE_DISENO_DEL_LENGUAJE_DE_COMPUTACION_SV_2026_09_05.md; README.md; docs/calidad/README.md; acta de arquitectura; registros RETP CSV y MD.,"main@ec00a5464239df081d0165fd09a1b738c579555b; inspección de frontend.rs, ir.rs, wellformed.rs, svp_validator.py, svp_ir.py e IR v0.3; contraste con fuentes doctrinales aportadas. Cambio exclusivamente documental.",autoridad_explicita; seguridad_semantica; no_inferencia; diagnostico; trazabilidad; continuidad_dominio_agente; custodia_algebraica.,"Riesgo doble de convertir la pieza en burocracia sin efecto o, por el extremo contrario, de hacer que el Lenguaje invada la constitución de dominios y agentes. Riesgo adicional de atribuir a sv_core ejecución algebraica completa todavía no acreditada.","Hacer la pieza visible desde la portada y Calidad; exigir desde la raíz lectura previa, corte explícito y detención ante contradicción; obligar a fallar cerrado sin reparación silenciosa; declarar no representados los contratos dominio→células→agente; conservar bus, host y tamaños concretos fuera de esta decisión.",cerrado
RETP-2026-074,05/09/2026,14:56:55,CIERRE_INTRINSECO_GOBERNADO,Lenguaje SV / N0-01 / unicidad de Codomain,"Se impone que Codomain sea una secuencia finita explícita, no vacía y sin miembros repetidos; Python y Rust rechazan vacío o duplicidad mediante E004 InvalidCodomain, incluido el ensamblaje.",La semántica de conjunto de Codomain no admite repetición; aceptarla produciría una representación ambigua o con pérdida y permitiría divergencias entre realizaciones.,IR canónica v0.3; radiografía N0; acta N0-01; Pilares y restricciones de diseño RETP-2026-073.,src/sv_core/wellformed.rs; src/svp_errors.py; src/svp_validator.py; tests Rust; corpus inválido; documentación IR y errores; README; actas N0 y N0-01; registros RETP CSV y MD.,"main@230a205b08f4c54c9c8d9c1c7ad35b2f6ddbbfc4; rama sincronizada por c1975b9077284aeb240378ff00cd1253e25495b2; verificación local Python: conformidad 80/80, CLI 3/3, caracterización E006 4/4 y compileall; cabeza final a4f00b96809e48ecc1c4b01da17bf9ef24400cdf: Conformidad SVP 33967778938, R0 Rust 33967778943, R0-8 Baseline nativa 33967779060 y R0 WASM paridad de tres vías 33967778928, todas success; adversarial posterior confirma N0-01 y registra fuera de su radio la deuda E107, BridgeSet repetido, multiplicidad de Horizon.events e identidad diagnóstica Rust textual.",seguridad_semantica; fallo_cerrado; paridad_python_rust; diagnostico; trazabilidad; no_reparacion_silenciosa.,"Riesgo de confundir unicidad con ordenación de Codomain o totalidad de OutputSemantics; riesgo de extrapolar este cierre a Ternarizer, BridgeSet o Horizon.events; riesgo de atribuirle ejecución algebraica, decisiones de célula, dominio, agente, bus o host que no contiene.","Mantener N0-01 estrictamente intrínseco; admitir sólo Codomain explícito no vacío y sin repetidos; no reparar ni reordenar; individualizar E107, BridgeSet, Horizon.events y diagnóstico Rust bajo sus actos o deudas propios; dejar N0-02 y los restantes cierres fuera de este acto.",cerrado
RETP-2026-075,06/09/2026,NO_CONSTA,FIJACION_ARQUITECTONICA_Y_SUFICIENCIA_DE_CIERRE,Lenguaje SV / perfiles / contratos / ensamblaje / frontera,"Se fija el marco canónico de representación, dominio y soporte tecnológico, los tres ensamblajes, las obligaciones de suficiencia para el cierre nuclear y la prueba previa en laboratorio de las realizaciones tecnológicas.","La terna y el trabajo experimental debían quedar vinculados de forma visible a Calidad y a las obligaciones de semántica e IR, sin duplicar el laboratorio ni anticipar tipos o garantías.",Pilares RETP-073; arquitectura RETP-072; perfiles fuente ES/EN; FFL-E; transición OP-IMM-001; N0; registro experimental 020.,AGENTS.md; docs/calidad/ACTA_TECNICA_DE_PERFILES_CONTRATOS_Y_ENSAMBLAJE_DEL_LENGUAJE_SV_2026_09_06.md; README de Calidad; adendas de Pilares y arquitectura; RETP CSV/Markdown.,main 230a205b08f4c54c9c8d9c1c7ad35b2f6ddbbfc4; PR61 ad8e8dd30930e35b75bf5f2fad78938d36233b78; laboratorio e97fed715ff5e3ae19bbaccaf2852e9cd3288377; publicación 566aef09824f080c5cc09722223b5ac7327a32b4; contraste documental y enlaces a evidencia previa.,suficiencia_representacional; encaje_contractual; ensayo_previo; reutilizacion_de_evidencia; trazabilidad; continuidad_de_cierre.,"Riesgo de identificar tres ensamblajes distintos, convertir IDs en validación o garantía, cerrar una operación insuficientemente representada, universalizar el dominio médico o exigir repeticiones sin cambio relevante.",Constituir el marco documental y su lectura prioritaria; preservar la secuencia nuclear y las sedes competentes; probar previamente las realizaciones tecnológicas; mantener RETP-074 reservado a N0-01 en PR61 sin integrarlo en este cambio.,cerrado_documental
RETP-2026-076,06/09/2026,NO_CONSTA,ACTUALIZACION_RECTORA_DE_CONTINUIDAD,Lenguaje SV / cierre nuclear / retornos IMM-CYB / perfiles / R2-R4,Adenda de secuencia al acta de transición desde OP-IMM-001; obligaciones PT01–PT14 distribuidas por etapa y punto de reanudación desde PR61/N0-01.,"Evitar confundir niveles de IR con fases, clausura nuclear con aptitud material y retorno acotado con cierre integral de Inmunología; conservar la evidencia tecnológica previa.",Pilares RETP-073; arquitectura RETP-072/073; perfiles RETP-075; N0; actas privadas R0/R1 V2; 020; R2-0 y entorno soberano.,Acta de transición OP-IMM-001; AGENTS.md; README Calidad; adenda de acta de perfiles; RETP Markdown/CSV.,main 605d900fc535aec4b0010820499b93e44d111f5c; PR61 ad8e8dd30930e35b75bf5f2fad78938d36233b78; antecedentes privados 20da3c781286bee1966c22cf1fc7a4755be35b9b; contraste documental e identidades.,continuidad_serial; suficiencia_semantica_IR; perfiles_tecnologicos_por_etapa; trazabilidad; evidencia_reutilizable.,"Riesgo de inventar N1/N2 como fases, saltar oráculos, adelantar K2, exigir toda Inmunología, olvidar K1-T o atribuir cierre R2/R3/R4 desde ensayos locales.",Actualizar acta existente; mantener secuencia y competencias; no integrar PR61 ni cambiar realización; preservar RETP-074 y 075; registro nuevo 076.,cerrado_documental
RETP-2026-077,06/09/2026,22:26:33,RECEPCION_Y_RECONCILIACION_GOBERNADA,Lenguaje SV / PR61 / N0-01 / relevo a oráculos,"Reconciliación de N0-01 con main vigente, conservando radiografía, deuda y asientos 074/075/076 íntegros.",Recibir la fila 1 de RETP-076 sin transferir los verdes del candidato antiguo ni ampliar el cierre semántico.,Pilares RETP-073; perfiles RETP-075; secuencia RETP-076; acta N0-01 y radiografía.,AGENTS; acta N0-01 §8; transición §18; Calidad README; RETP CSV y Markdown.,"Entrada ad8e8dd30930e35b75bf5f2fad78938d36233b78; main 981159d6428197d1ad1d748649f1d8f690b2f588; base común 230a205b08f4c54c9c8d9c1c7ad35b2f6ddbbfc4. Python 80/80, CLI 3/3, E006 4/4; Rust 210+3+5+2 y 17 documentales; R0-7 12+68; check WASM; doce salidas por emisor preservadas literalmente frente a main. Cabeza reconciliada, cuatro controles nuevos e integración identificados en https://github.com/juantoniolloretegea/SV-lenguaje-de-computacion/pull/61.","PT01/PT04/PT14 recibidos en su alcance; sólo unicidad de Codomain, E004 y conservación ES/EN/ensamblaje.",La equivalencia normalizada no demuestra identidad literal ni un retorno no nulo diagnóstico correcto. El caso nuevo se comprueba con rc=1/E004/stdout vacío; reparación general queda en fila 2.,Recepción efectiva en main al integrarse PR61 con verificaciones del candidato exacto; después reparar oráculos y continuar K1 desde N0-02.,Recepción delimitada; promoción por el expediente PR61
RETP-2026-078,06/09/2026,NO_CONSTA,REPARACION_DE_ORACULOS,Lenguaje SV / fila 2 / PT02-PT04-PT13,Comparación de pares JSON ordenados y bytes; rechazo controlado por retorno e identidad diagnóstica; controles de sensibilidad.,La normalización podía ocultar homónimos y orden; retornos no nulos podían confundir rechazo con fallo interno o señal.,Pilares RETP-073; perfiles RETP-075; secuencia RETP-076 y recepción RETP-077; N0 y N0-01.,Comprobadores tests; cuatro flujos CI; acta de oráculos; transición §19; deuda DFL-001/008; índices y RETP.,main 91dc5a3c3b2298ef3fd1b2eefe607f379643e076; 80 casos conservados; 16 pruebas del observador; 1 control y 3 divergencias detectadas; verificaciones y promoción en el expediente de la candidata enlazado por el acta.,"PT02/PT04/PT13 con identidades PT01/PT14; sin modificación de fuente, núcleo, gramática, IR ni esperados JSON.",Detección no equivale a reparación; concordancia diagnóstica Python/Rust incompleta; diferencias de presentación no son identidad literal.,"Reparar observadores sin adaptar automáticamente esperados; conservar N0-02/N0-03, DFL-001 y DFL-008; continuar K1 desde N0-02 tras promoción.",Reparación delimitada; promoción sujeta al candidato exacto
RETP-2026-079,06/09/2026,NO_CONSTA,CIERRE_INTRINSECO_GOBERNADO,Lenguaje SV / fila 3 / K1 / N0-02,Totalidad y unicidad de la relación CellSpec–OutputSemantics–Codomain; J-K1 y E115.,J1.1 requiere una interpretación por símbolo; la admisión previa permitía pérdidas y homónimos.,Pilares RETP-073; perfiles RETP-075; secuencia RETP-076; oráculos RETP-078; IR v0.2 J1.1 y radiografía N0-02.,IR v0.3 §6.2; catálogo efectivo; validadores Python/Rust; pruebas y corpus; acta N0-02; transición §20; deuda; índices y RETP.,Base ed61af2fb80641866356a7138cc87763eab005d9; conformidad 85/85; Python N0-02 5/5 y Rust 6/6; doce salidas conservadas por emisor; cuatro negativos previamente admitidos; controles de candidata y promoción en expediente enlazado por acta.,PT04/PT13/PT14 con PT01/PT02; ES/EN y ensamblaje Rust; misma gramática y esquema IR.,El cierre de la relación no impide homónimos en declaraciones sin CellSpec; sensibilidad v2 conserva N0-03 y DFL-008. DFL-001 sigue abierta.,Cerrar N0-02 después de los cuatro flujos correctos sobre candidata exacta; continuar K1 por N0-03 sin inferir ni reparar el programa.,Cierre relacional delimitado; promoción sujeta al candidato exacto
RETP-2026-080,06/09/2026,NO_CONSTA,CIERRE_INTRINSECO_GOBERNADO,Lenguaje SV / fila 3 / K1 / N0-03,Unicidad de toda OutputSemantics y estabilidad de la proyección JSON; J-J0; precisión explícita de E115.,La sonda sin CellSpec seguía admitida y perdía miembros en Python o emitía homónimos en Rust.,Pilares RETP-073; perfiles RETP-075; secuencia RETP-076; radiografía N0-03; oráculos RETP-078 y cierre N0-02 RETP-079.,IR v0.3 §6.3; catálogo; validadores; observador y corpus; acta N0-03; transición §21; deuda; índices y RETP.,Base 016b2f4d1f896dcbd4e8d177e8db4e736e2cd571; 88/88; Python N0-03 3/3; Rust 5/5; observador 19/19; trece salidas por emisor conservadas; cinco sondas preservadas; controles y promoción en expediente de candidata enlazado por acta.,"PT04/PT13/PT14 y PT01/PT02; ES/EN y ensamblaje Rust; unicidad local a cada mapa; misma gramática, esquema IR y emisores.",Recorrido JSON no equivale a importación de IR ni a adecuación operacional universal; DFL-001/008 siguen abiertas. La precisión del texto general E115 se declara.,Cerrar N0-03 con los cuatro flujos correctos sobre candidata exacta y continuar por N0-04 sin completar referencias ni reinterpretar cadenas.,Cierre de proyección delimitado; promoción sujeta al candidato exacto
RETP-2026-081,07/09/2026,NO_CONSTA,CIERRE_INTRINSECO_GOBERNADO,Lenguaje SV / fila 3 / K1 / N0-04,Referencia real de arquitectura de todos los horizontes; J-H0 y coherencia de Agent con su dominio.,La existencia y tipo del referente no se acreditaban por una cadena no vacía o dos nombres iguales.,Pilares RETP-073; perfiles RETP-075; secuencia RETP-076 y relevo RETP-080; IR v0.2 ArchitectureId y radiografía N0-04.,IR v0.3 §6.4; catálogo; validadores; corpus y pruebas; acta N0-04; transición §22; deuda; índices y RETP.,Base f9aa3ebada0db222bb9d196f94a9b42dac185f97; 91/91; Python N0-04 4/4 y Rust 5/5; 13 positivos y 74 negativos conservados por vía; un positivo histórico corregido explícitamente; controles y promoción en expediente enlazado.,PT04/PT13/PT14 con PT01/PT02; ES/EN y ensamblaje Rust; mismos emisores y versiones.,Arquitectura colgante en positivo histórico no puede conservarse como admisión conforme; corrección y huellas explícitas. DFL-001/008 siguen abiertas.,Cerrar N0-04 tras cuatro flujos correctos y continuar por unicidad de CoupledSpec.bridges bajo BridgeSet; no por N0-05/K2.,Cierre referencial delimitado; promoción sujeta al candidato exacto
RETP-2026-082,07/09/2026,NO_CONSTA,RETIRADA_GOBERNADA_Y_CONTINUIDAD,Lenguaje SV / oráculos / K1,Retirada del compilador Python; conformidad directa de SV; conservación de esperados y testigos.,Eliminar autoridad accidental del compilador heredado sin perder obligaciones ni trazabilidad.,Decisión humana; Pilares 073; perfiles 075; secuencia 076 y relevo 081.,src; tests; workflows; índices; oráculos §9; transición §23; deuda viva; RETP.,91/91 nativo; 18 observador; CLI; SEC0 3/3; banco 5/5; paridad WASI y navegador exigida en CI de la candidata.,Retirada activa; corpus y núcleo conservados en este commit; DFL009 diferida a retorno CYB.,Eliminar Python no acredita catálogo completo ni corrige la pérdida compartida DFL010.,Retirar; conservar testigos; continuar K1 por BridgeSet; evaluar servicio nativo y Cloudflare en fila9.,Efectivo tras candidata verificada e integración; K1 abierto.
RETP-2026-083,07/09/2026,NO_CONSTA,CIERRE_INTRINSECO_GOBERNADO,Lenguaje SV / K1 / BridgeSet,Rechazo de posiciones repetidas de CoupledSpec.bridges como valores Nat; J-B0.,La representación de BridgeSet admitía repeticiones contra J1.2.,IR v0.2 CoupledSpec y J1.2; IR v0.3 §6.5; Pilares; perfiles; secuencia §14.,wellformed; prueba BridgeSet; testigos ES/EN y ensamblaje; corpus; workflows; IR; radiografía; transición; deuda; RETP.,92/92 nativo; 3 pruebas intrínsecas y 18 testigos; 14 esperados y 91 salidas anteriores conservados; nativo/WASI/navegador exigidos sobre candidata.,Cierre limitado de unicidad; misma gramática e IR; ningún emisor modificado.,No deduplicar ni ordenar; no trasladar la decisión a Horizon.events ni inventar código diagnóstico.,Promover tras cuatro flujos y continuar K1 por multiplicidad de Horizon.events.,Cierre limitado efectivo tras candidata verificada e integración; F pendiente.
RETP-2026-084,07/09/2026,NO_CONSTA,DICTAMEN_Y_CIERRE_INTRINSECO,Lenguaje SV / K1 / Horizon.events,J-H1: declaración única de cada identidad de tipo por horizonte; rechazo sin deduplicar.,Resolver multiplicidad por tipos declarados frente a instancias; no por analogía con BridgeSet.,Documento III release1 §§3.2-3.5 4.1 9; IRv0.2 nivel3 J4.3; IRv0.3 §6.6; Pilares; perfiles; secuencia§14.,wellformed; prueba Horizon; banco20; corpus; workflowWASM; IR; radiografía§16; transición§25; deuda; RETP.,93/93; 3 pruebas integración; 20 testigos perfiles y ensamblaje; 92 observables previos y14 esperados conservados; cuatroflujos exigidos.,Cierre limitado de multiplicidad de tipos; mismo esquema y emisores.,No confundir tipos con episodios; no extrapolar a TransitionData ni a horizonte vacío; sustitución explícita de testigo N0-04.,Promover tras nativo/WASI/navegador en candidata exacta; continuar mínimo Domain y multiplicidad parameter_id.,Efectivo tras verificación e integración; K1 abierto y F pendiente.
RETP-2026-085,07/09/2026,NO_CONSTA,RECEPCION_DOCUMENTAL,Lenguaje SV / K1 / Documento III,DOI estable en cuatro referencias; cotejo de actualización y notación del operador inducido.,Corregir la release obsoleta sin perder trazabilidad ni asumir cierre ajeno.,Decisión humana; Documento III DOI bb86c65d; Pilares; perfiles; secuencia25; Frontera e IR.,IRv0.2 referencias; IRv0.3 §6.6; Frontera; radiografía16.3; transición25; RETP.,Base 02cd27d; texto autor b8fd329 blob92caea3 frente a 1afa2ab blobe6cb8f4; cotejo completo; ConformidadSVP exigida.,Mismo J-H1; corrección 𝒯 a 𝒰 para InducedTransitionOp; código y corpus intactos.,HTTP403 editorial: evidencia limitada al repositorio identificado; no certificar edición posterior ni identidad literal web.,Recibir corrección tras verificación documental; continuar K1 Domain; mantener puertas F y DFL009 retorno CYB.,Cotejo documental delimitado; efectivo tras candidata verificada e integración.
RETP-2026-086,07/09/2026,NO_CONSTA,DICTAMEN_Y_CIERRE_NOMINAL,Lenguaje SV / K1 / Domain.parameters,J-D0: unicidad nominal local; rechazo sin deduplicar ni alterar orden.,Separar identidad nominal representable de ligaduras de instancia ausentes.,Documento V §5.1 e IV §§4.2-4.3 y6.1-6.4 en b8fd329; IRv0.3 §6.7; Pilares; perfiles; secuencia25.,wellformed; prueba Domain; banco24; corpus; workflowWASM; IR; radiografía17; transición26; deuda DFL005; RETP.,94/94; 3 pruebas integración; 24 testigos; 93 observables y14 esperados conservados; cuatro flujos exigidos sobre candidata exacta.,Cierre nominal limitado; mismo esquema y emisores; PT01/PT02/PT04/PT13/PT14.,"El numeral no identifica (C,j); no inferir correspondencia ni mínimo; diez testigos pendientes no certifican dominio completo.",Promover tras nativo/WASI/navegador; continuar concordancia DFL010 K1-T; F recibe ligaduras antes de admitir operaciones dependientes.,Efectivo tras verificación e integración; N0-06 K1 y F pendientes; DFL009 retorno CYB.
RETP-2026-087,07/09/2026,NO_CONSTA,CIERRE_CORRECTIVO_Y_CONCORDANCIA,Lenguaje SV / K1 / DFL-010,Rechazo de campos opcionales repetidos o invertidos antes de perder ocurrencias.,La producción admite cero o una ocurrencia y fija orden; matriz histórica no es emisión actual.,Gramática v0.1 §§5.4-5.5 y v0.2 §§1 y14; Pilares; perfiles; transición26.,frontend; optional_fields; banco64; corpus; workflowWASM; gramática; radiografía18; transición27; matriz; catálogo; deuda; RETP.,100/100; 2 pruebas integración; 64 testigos; 94 observables y14 esperados conservados; cuatro flujos exigidos.,DFL010 delimitada; mismas versiones; PT01/PT02/PT04/PT13/PT14.,Los elementos de listas no son campos repetidos; 51 códigos declarados no son51 emisiones; testigo E011 rechaza antes por sintaxis.,Integrar tras candidata verificada nativo/WASI/navegador; continuar K1-T antes de F.,Efectivo tras verificación e integración; DFL001/005 pendientes; DFL009 retorno CYB.
RETP-2026-088,07/09/2026,NO_CONSTA,DELIMITACION_GOBERNADA_Y_RELEVO,Lenguaje SV / K1-T → F,Delimitación de la ruta productiva observación→Tri no habilitada; declaración nominal preservada.,Los nombres no prueban conjuntos ni partición; la secuencia admite impedimento expreso.,Pilares; perfiles; transición27; N0§7; Gramática0.2; IR0.2/J1.5 bajo IR0.3§2; DocumentoIV§5 b8fd329.,IR§2.4; Gramática§15; banco40; workflow; radiografía19; transición28; concordancia; deuda; RETP.,Base1d3ebd2; 100/100; workspace; 40testigos; 100observables y14esperados conservados; cuatroflujos nativo/WASI/navegador exigidos.,Mismas versiones y estructura; PT01/PT02/PT04/PT13/PT14.,No confundir nombres con conjuntos ni exclusión con prueba; rectificar trece atribuciones E001 y estatuto E107.,Integrar candidata verificada; salida acotada K1 y relevo F; ligaduras/transducción antes de producción.,Efectivo tras integración verificada; E107/J1.5 productivo pendiente; DFL009 retorno CYB.
RETP-2026-089,07/09/2026,NO_CONSTA,CONTRATO_CANDIDATO_Y_RELEVO,Lenguaje SV / F → F-IF,F-SV/0.1-candidata: identidad y terna; ligaduras; suficiencia por operación; pérdida e información lateral.,Recibir DFL005 y K1-T sin inventar representación ni atribuir capacidad por compilación.,Pilares; perfiles; transición28; FFL-E; reconciliación IMM15↔44; N0/K1; IR0.3; matriz020 en374a10b.,Contrato F; transición29; remisión valoración; AGENTS; DFL005; RETP CSV/MD.,Base4d5f93b; revisión documental; control finito4estados; enlaces y registro; ConformidadSVP exigida; blobs ejecutables conservados.,Formulación fila4; ninguna ampliación de Gramática/IR ni plataforma; PT01–PT14 con aplicabilidad.,Suficiencia no acreditada no equivale a pérdida demostrada; nombres y cardinalidades no prueban ligaduras; paridad no demuestra semántica.,Integrar candidata verificada; siguiente fila5/F-IF con seis testigos; mantener operaciones dependientes sin admitir.,Candidata documental efectiva tras integración; contraste F-IF/IMM/CYB pendiente; DFL009 retorno CYB.
RETP-2026-090,07/09/2026,NO_CONSTA,CONTRASTE_SINTETICO_Y_RELEVO,Lenguaje SV / F-IF → G-H,Seis testigos documentales; 18 operaciones; matriz de suficiencia y pérdida por nivel.,Contrastar F sin atribuir a JSON o paridad suficiencia de la operación.,Pilares; perfiles; transición29; F; FFL-E; campos IR; recepción IMM15↔44.,Campaña F-IF; cases/observer/sensitivity/evidence; workflow; transición30; F; AGENTS; DFL005; RETP.,Base7dd6ef5; 48estados; 54filas:36suficientes/18pérdidas; 288recuperaciones; 144laterales; 24controles; 12tests; CI100 exigida.,Fila5 sintética; ninguna operación SV añadida; PT aplicables y laboratorio conservados.,Información lateral oculta; corpus parcial; sustitución historia por vista; interpretación confundida con fichero.,Integrar candidata exacta verificada; relevo fila6/G-H para aplicación y dictamen IMM.,Efectivo tras integración verificada; sin suficiencia clínica ni cierre de ligaduras/transducción.
RETP-2026-091,07/09/2026,NO_CONSTA,RECEPCION_DOCUMENTAL,Lenguaje SV / fila 7,Recepción G/H: suficiencia no acreditada para ejecutar Q0,Conectar al registro maestro la recepción candidata ya documentada; incorporación del índice el 08/09/2026,Tabla rectora de catorce filas; retorno G/H 54fe0d89c9e59065eae2bc8a38f5ec0832ece4b9,RETP_2026_091_RECEPCION_GH_Y_APERTURA_FILA_7.md; RETP_2026_091_RECEPCION_GH_Y_APERTURA_FILA_7.csv; registro maestro CSV/Markdown,Base bc3b22c9e9319e8f191390c8cfe9fa1577904d87; recepción 9b32edda21072b3d2a138d9e92d95febdbc21ac4; expediente enlazado,Trazabilidad; no ejecución de Q0,Confundir recepción candidata con integración o con imposibilidad de Q0,Conservar recepción literal; continuar fila 7 por sus obligaciones; entregar a Ciberseguridad sólo tras candidata apta,RECIBIDO_EN_CANDIDATA_NO_INTEGRADA
RETP-2026-092,07/09/2026,NO_CONSTA,MANDATO_Y_RESTAURACION_DOCUMENTAL,Lenguaje SV / fila 7,Español obligatorio y revisión integral final: DFL-011,Restaurar el 08/09/2026 dos objetos retirados sin revocación del mandato y conectarlos al maestro,Acta autorizada del español de 07/09/2026; RETP-2026-092; instrucción expresa del Director,ACTA_DE_USO_DEL_ESPANOL_EN_TODOS_LOS_REPOSITORIOS_SV_2026_09_07.md; RETP_2026_092_USO_DEL_ESPANOL_EN_REPOSITORIOS_SV.csv; deuda viva; registro maestro CSV/Markdown,Original 149fcbc0c7cd5a1b9b5870272e5f7f1103376185; acta blob 89be13febe50f2893e738471ab246e1ac33b45a7; CSV blob fe737cbe3a61e670ad1365b6d3cd1796e96e2a06,Restauración literal; DFL-011 reservada al español,La retirada no anula el mandato ni permite reutilizar DFL-011,Aplicación inmediata en redacción nueva; revisión integral de todos los repositorios antes del cierre final; no bloquea fila 7,PENDIENTE_DFL-011
RETP-2026-093,07/09/2026,NO_CONSTA,CORRECCION_LOCAL_Y_COBERTURA,Lenguaje SV / fila 7,TransitionData: cierre local candidato H04/H05 y corpus compartido 14+95,Enlazar al maestro el expediente candidato existente y rectificar su colisión DFL el 08/09/2026,Acta técnica correctiva de TransitionData; J4.3; RETP-091; deuda viva,RETP_2026_093_CORRECCION_TRANSITIONDATA_Y_ORACULOS_NATIVOS.md; RETP_2026_093_CORRECCION_TRANSITIONDATA_Y_ORACULOS_NATIVOS.csv; acta correctiva; deuda viva; registro maestro,Corte 80aee0a48adb72710770adbfbe9f5d0d71585a6f y ejecuciones 34164984055/34164984130/34164984049/34164984231 conservados en el expediente; sucesión documental 1864ebfbcf198fdefe6b8fb879a32f2c5e844993,Trazabilidad y numeración; no amplía el cierre local,Confundir las evidencias del corte anterior con pruebas de una cabeza posterior,Preservar H04/H05 locales; DFL-011 español; DFL-012 cell_ref; DFL-013 independencia; nueva verificación en RETP-094,CANDIDATA_VERIFICADA_NO_PROMOVIDA
RETP-2026-094,08/09/2026,NO_CONSTA,CORRECCION_DE_ORACULO_Y_REGISTROS,Lenguaje SV / fila 7,E115: cuatro causas discriminadas y prueba de intercambio,El token común omitía las diferencias de cuatro testigos; corregir expectativas y completar continuidad registral,N0-02 §2; IR 0.3 §6.2; testigos de totalidad/unicidad de OutputSemantics; regla de oráculos de fila 2,tests/oracle_support.py; tests/test_oracle_support.py; tests/run_oracle_sensitivity.py; tests/r0_wasm_browser_manifest.py; registro maestro CSV/Markdown; deuda viva; referencias candidatas RETP-093,Corte bf660b00c0c2b38c7e5e4327b1e89f0ec81348be; R0-8 Baseline nativa 34180315127 conforme; Conformidad SVP 34180315138 conforme; R0 Rust 34180315113 conforme; R0 WASM paridad nativa y navegador 34180315118 conforme; observador 23/23; corpus nativo/WASI/navegador 14+95; causal 9/9; banco 5/5; mutaciones 12/12; artefactos y SHA-256 en Markdown RETP-094; el primer corte a23c834 y sus fallos quedan como antecedente,Mayor discriminación causal del observador sin cambiar sv_core ni resultados esperados,Token único o compartido y mensaje idéntico no acreditan causalidad ni legitimidad; no existe porcentaje global medido,Mantener las expectativas causales del corpus y del banco; restauración literal y renumeración verificadas; conservar apilamiento sobre PR #77; fila 7 abierta,CANDIDATA_VERIFICADA_NO_PROMOVIDA
RETP-2026-095,08/09/2026,NO_CONSTA,CORRECCION_DE_TESTIGO_Y_ORACULO,Lenguaje SV / fila 7,E011: el testigo atraviesa la sintaxis y exige pertenencia de salida,El testigo E011 y su token aceptaban un error sintáctico ya registrado; alcanzar la guarda semántica existente,Gramática 0.2 §13; catálogo efectivo §3/E011; fila 2 de la tabla rectora; RETP-078/087; DFL-001,tests/conformance/invalid/admissibility_table_output_fuera_codominio.svp; tests/oracle_support.py; tests/test_oracle_support.py; rust/sv_core/tests/admissibility_table_causal.rs; tests/run_directed_mutation_sensitivity.py; maestro CSV/Markdown; deuda viva,Corte 461acc633d364a2eca964539a3835529fbc72c58; árbol idéntico en ensayo 439f88802e8fc67a0deb56b454eb1ee433cff2d3; R0 Rust 34183907220 conforme; Conformidad SVP 34183907211 conforme; R0-8 Baseline nativa 34183907292 conforme; R0 WASM paridad nativa y navegador 34183907306 conforme; observador25/25; Rust tabla3/3; corpus14+95 nativo/WASI/navegador; mutaciones13/13 incluidaAT01; artefactos y huellas en Markdown RETP-095,Corrige cobertura causal sin modificar la realización ni emitir el literal E011; corpus 14+95,Ausencia de un literal no prueba ausencia de guarda; la limitación ya estaba registrada; unicidad de token no mide causalidad,Conservar guarda semántica existente y testigo causal verificado; mantener DFL-001 y fila7 abiertas; no fusionar; restaurar base PR77 tras controles de cabeza final,CANDIDATA_VERIFICADA_NO_PROMOVIDA
RETP-2026-096,08/09/2026,NO_CONSTA,INTEGRACION_SECUENCIAL_VERIFICADA,Lenguaje SV / fila 7,Integrar PR77 y PR78; recepción y subcierre correctivo efectivos,Promover en orden las candidatas exactas ya revisadas y verificadas,Tabla rectora; G/H 54fe0d89; Pilares; perfiles; RETP091…095,Maestro CSV/Markdown; contrato candidato de continuidad y ligaduras,PR77 cabeza1cbe4b9e integración5e0f2e1f árbol717972e1 Conformidad34179902203; PR78 cabeza29984b41 integración1706099a árbol3f185843 R0Rust34187196322 R0834187196355 Conformidad34187196408 WASM34187196441 satisfactorios; árboles y firmas de integración verificados,G/H y H04/H05 locales integrados; no cierre general de fila7,No confundir cabeza anterior con reconciliación ni integración con cierre de toda capacidad,Continuar por contrato y oráculos DFL005 y coherencia H06/H07; conservar DFL011 y pausa IMM/CYB,RECEPCION_Y_SUBCIERRE_INTEGRADOS_FILA_7_ABIERTA
RETP-2026-097,08/09/2026,NO_CONSTA,COHERENCIA_LOCAL_Y_CONTRATO_PREVIO,Lenguaje SV / fila 7,H06/H07 locales; contrato DFL005 sin atribuir cobertura ni permisos,Impedir mezcla silenciosa de arquitecturas y referentes ajenos; constituir obligaciones antes de implementar ligaduras,IR0.2 J4.2/J5.1; IR0.3; G/H SP02/05/06/12; F; contrato cb8843b20ac84330ad4a5b46fe544c95ab8e7766,context_wellformed Rust y pruebas; once negativos comunes; testigos de contexto; observadores y flujo WASM; contrato; maestro CSV/Markdown; deuda viva,Candidata abe5e544; ensayo ac1d5e87 árbol50be23a1 idéntico; R0Rust34188332623 Conformidad34188332639 R0834188332608 WASM34188332624 conformes; sv_core211; contexto11 con controles; corpus14+106; mutaciones24/24; artefactos y huellas en Markdown RETP097,Coherencia estructural necesaria antes de admitir IR; sin ejecutar consulta ni transducción,Pertenencia al grafo no prueba identidad de instancia ni permisos; cadenas nominales no acreditan contratos; no porcentaje global,Verificar candidata exacta y conservar DFL005 como siguiente bloque material; fila7 abierta y CYB no emitida,CANDIDATA_VERIFICADA_NO_PROMOVIDA
RETP-2026-098,2026-09-08,08:00,CONTRATO_PREVIO_Y_REALIZACION_CANDIDATA,FILA_7_DFL_005,"LIG/0.1: contrato tipado por operación, identidades exactas y ligaduras comprobadas por sv_core",Materializar las ligaduras devueltas por G/H sin convertir documentos o nombres en ejecución,F-SV/0.1 §3.1; G/H SP-01/02/05; GH-DOC-07; contrato de continuidad §4,docs/arquitectura/CONTRATO_MATERIAL_DE_LIGADURAS_DFL_005_2026_09_08.md,Material c4c50a0677498c66dd77f7c5a61b5e2173fd291c; árbol 554c3c7a02da93277f108546c54156e173f12414; R0Rust 34193869757; conformidad 34193869739; R0-8 34193869735; WASM 34193869688: conformes; 45 pruebas Rust nuevas; 44 negativos y 9 positivos x4 entradas; 43/43 mutaciones dirigidas detectadas; informes LIG idénticos en nativo/WASI/navegador; artefactos y límites en Markdown RETP-098,Sede Rust tipada separada de gramática y serializador; validación de una operación solicitada,La huella no autentica autoridad ni prueba significado clínico; recalcular la expectativa en ataques semánticos para evitar enmascaramiento,Preparar candidata apilada sobre PR #79; matriz final de pérdidas y suficiencia operacional pendientes,CANDIDATA_VERIFICADA_NO_PROMOVIDA
RETP-2026-099,2026-09-08,NO_CONSTA,CONTRATO_PREVIO_Y_RESOLUCION_POR_OPERACION,FILA_7_RETORNO_GH,GH-LIG/0.1: matriz de resolución y testigos de transporte documental,Vincular cada pérdida recibida a capacidad; impedir cierre mediante referencias opacas,Tabla fila7 PT01/PT03/PT04/PT14; F; G/H54fe0d89; LIG/0.1,Contrato GH-LIG; tests/row7_gh; maestro CSV/Markdown; deuda viva,Material bcf25c5b566a6535ba1c3851346fbb355b98ae84 árbol 1396245f5ef0d14528dc2fa2347350d460b898ab; R0Rust34199496426 Conformidad34199496454 R0834199496495 WASM34199496428 conformes; 48 transportes;16F0;16HS;16controlesH;8pérdidasH;8pruebasRust;16/16ataquesobservador y43/43mutantesnúcleo detectados; artefactos en Markdown,Ningún cambio semántico del núcleo ni ejecución Q0,Recuperar con S no demuestra suficiencia de H; bytes conservados no son reglas clínicas ejecutadas,Revisar candidata #81 apilada sobre #80; inventario y transporte verificados; doce SP integradas pendientes; sin promoción ni entrega CYB,CANDIDATA_VERIFICADA_NO_PROMOVIDA
RETP-2026-100,2026-09-08,NO_CONSTA,RECTIFICACION_DE_ORACULO_CONTRACTUAL,FILA_7_GH_LIG,Recálculo externo de contract_sha256 desde contrato completo cotejado con testigo,Falsificación simétrica de H y huellas F0/HS no detectadas por el observador anterior,LIG/0.1 §2; GH-LIG §7; revisión externa de b58b4c88; RETP098/099,Sonda GH-LIG; observador; contrato del incremento; maestro CSV/Markdown; deuda viva,Material acfd168670ca69af33cc2966d9fce0fc9dd3adcd árbol bbc4a4d4ee7a5937e401cfed993e778abe5f7745; R0Rust34202350608 Conformidad34202350649 R0834202350672 WASM34202350725 conformes;48huellas recalculadas;28/28ataques observador;43/43mutantes previos; paridad literal3destinos; primer fallo34202052200 conservado; artefactos en Markdown,Informe de pruebas 0.2; sin cambio del núcleo ni de LIG/0.1,Igualdad entre huellas no demuestra su valor; inserciones de código no prueban conservación semántica,Corrección del observador verificada; cabeza final comprobada en PR81; mantener revisión humana de matriz y revisión de pila antes de promoción,CORRECCION_VERIFICADA_NO_PROMOVIDA
RETP-2026-101,08/09/2026,,CORRECCION_DE_DEPENDENCIAS,Fila 7 / verificación,Retirada de dos auxiliares Python LIG/GH; preparación Rust autónoma y codificador externo existente,Mandato de entrega final sin Python; no ocultar dependencia de pruebas,Pilares RETP-073; perfiles RETP-075; secuencia RETP-076/082; RETP-100,Preparación y lectores G/H; vector LIG; flujos; contrato de dependencias; maestro CSV/Markdown; deuda viva,Previo 9f1f39328e363c92d17d2aaf3fb0e51efff23930; material a20afe9d76da173295f5c123614189b31d705974; árbol 0cff4a5b0b907f1105e0519793fb9a56e2e6497d; R0Rust34209375380 Conformidad34209375465 R0834209375394 WASM34209375404 conformes; 7/7 Rust y 6/6 JS; 48 entradas intactas; 28/28 ataques; 43/43 mutantes; paridad literal; artefactos en Markdown,Dependencia residual: 17 archivos Python e invocaciones de CI; Node y sha256sum declarados,No compartir generador y observador; no perder números o miembros JSON; contar extensiones no mide dependencias completas,Candidata #82 apilada sobre #81; revisión externa y entrega final autónoma pendientes; fila 7 abierta,CORRECCION_VERIFICADA_NO_PROMOVIDA
RETP-2026-102,08/09/2026,,CANDIDATA_COMPLETA_VERIFICADA,Fila 7 / candidata completa,Reproducción Rust aislada sin intérpretes y revisión externa final del conjunto,Mandato del Director: continuar hasta candidata completa antes de auditoría fuerte,Pilares; perfiles; tabla rectora fila 7; RETP-097…101,Paquete y ensayo aislado; matriz; flujos; contrato; maestro CSV/Markdown; deuda viva,Previo 66f22db1324411fbc40e8adf3a5f5f15c7b4d3d7; material bb23381ba63a0512180ffb80f849a7241520b4c8; árbol 10101231bdc753516fb4f21155774508cbde46b5; R0Rust34212583875 Conformidad34212583972 R0834212583946 WASM34212583932 aislado34212583983 conformes; 227 archivos Git; 348 pruebas Rust aisladas; 4/4 ataques de paquete;48huellas;28/28ataques;43/43mutantes; paridad literal; huellas y artefactos en Markdown,Sin cambio del núcleo en este incremento; candidata completa incluye 578 inserciones de #79/#80,Paquete sin intérpretes no prueba retirada global de Python ni suficiencia Q0;17Python y CI residual explícitos,Auditoría fuerte de toda la diferencia desde main@1706099 antes de entrega CYB; sin pausas externas entre incrementos ni promoción automática,CANDIDATA_COMPLETA_PARA_ADVERSARIAL_NO_PROMOVIDA
RETP-2026-103,08/09/2026,,ADVERSARIAL_Y_CORRECCION,Fila 7 / fronteras de verificación,AF-01 JSON duplicado; AF-02 archivos especiales; AF-03 permisos: corregidos con regresiones causales,Auditoría fuerte acumulada #79–83 antes de CYB,Tabla fila7 PT01/PT04/PT14; LIG/GH-LIG; RETP097–102,Observador; paquete; regresiones; acta103; maestro CSV/Markdown; continuidad DFL001,Previo f6986cf828fb9e4047f0f68d1276d22b4835d29f; material0b7fa120f3f09f98399f07bf87cda9410ca1b54e árbol b66ac3cbc4287d594b3b97b214ef81c171b4ace2; flujos34224986578/34224986677/34224986628/34224986579/34224986696 conformes;11 ataques CLI;8 paquete;348 Rust;14+106;43 mutantes;28 ataques semánticos;48huellas;artefacto10055323351 descargado,Sin cambio semántico; ejecutable idéntico a#83; español y dominios intactos,Lector unitario no asegura entrada efectiva; inventario parcial omite FIFO; permisos no fijados alteran paquete,Adversarial concluida y tres correcciones verificadas; apta para integración gobernada y posterior decisión de entrega;17Python y exclusiones Q0/SP vigentes,ADVERSARIAL_CONCLUIDA_CORRECCIONES_VERIFICADAS_NO_PROMOVIDAS
RETP-2026-104,08/09/2026,,FIJACION_DE_MATRIZ_REVISADA,Fila 7 / integridad documental,AF-04 corregido: matriz literal fijada y documento completo cotejado por API,Prosa alterada admitida en e13dc839; duplicados ya corregidos por RETP103,Tabla fila7 PT01/PT03/PT04/PT14; GH-LIG; RETP103,Observador; regresiones; maestro CSV/Markdown; continuidad DFL001,Previo722a4146e051ec1518ff402291da9606a3e4125b; materialeef05771aa2b5101571b3de3d58c41bcb4d64a4c árbol837e3ce5986b1f6490b489e1eaad4b75e51fc334; cincoflujos34227864840/34227864842/34227864845/34227864830/34227864828 conformes;28ataques previos;15CLI;104textos API;48huellas;348Rust;43mutantes;artefacto10056512017 descargado,Sin cambios de matriz ni núcleo; SHA matriz1927c3ac2605f01128d46f2aaed74516d9915463c5949625aabbd8bd324ac15f,Fijar identidad no demuestra suficiencia clínica; la matriz reserializada requiere nuevo anclaje revisado,AF04 corregido en mismaPR84; reserva104 levantada; integración y decisión de entrega pendientes; sin apertura CYB,MATRIZ_REVISADA_FIJADA_Y_VERIFICADA_NO_PROMOVIDA
RETP-2026-105,2026-09-08,17:14:58,INTEGRACION_Y_ENTREGA_GOBERNADA,FILA_7_A_FILA_8_CYB,Integración PR85 del conjunto #79–#84 y entrega representacional al segundo falsador,Mandato humano expreso; faltaba integración y entrega técnica pese a instrucción CYB aprobada,AGENTS; Pilares RETP073; perfiles RETP075; tabla rectora filas7/8; LIG/0.1; GH-LIG/0.1; RETP096–104,Maestro CSV/Markdown y sucesión de deuda viva RETP105; sin cambio material adicional,Base: 1706099aef4a0e3846706c3963e7c76313adaf68; cabeza: ab61d9bb7a2002d3a4a389e292c2a9b0a850d264; integración: 140d319995a5df685860b348c0fd086ae6130faf; árbol: 46b2bbdbc65799c2753a2cd30fba343dde8140e2; flujos conformes: 34242084924 / 34242084948 / 34242084923 / 34242084881 / 34242084883; paquete SHA-256: 3ec9d06dfb184eb59249203b6758a2b433d9093e5db78593a51405a27013a398; corpus 14+106; 43 mutantes; 48 huellas; 348 pruebas Rust; custodia y límites en Markdown,Fila7 completada y entregada en alcance representacional al integrarse este asiento; fila8 habilitada para comenzar; núcleo no consolidado,Una huella fija la matriz candidata pero no acredita semántica ni cierre humano; no confundir entrega con recepción CYB ni paquete autónomo con retirada global Python,Emitir relevo identificado a CYB; comenzar perímetro y catálogo Excel con método reconciliado; no repetir autorización; Q0/SP sin ejecución; exclusiones por operación y deuda vigentes,ENTREGA_REPRESENTACIONAL_EFECTIVA_AL_INTEGRARSE_EL_ASIENTO
RETP-2026-106,2026-09-09,,RECEPCION_Y_CONTRASTE_DOCUMENTAL,RETORNO_CYB_FILA_9,Recepción aprobada OP-CYB-001; transporte LIG y uso documental externo de 78 casos y 18 pares,Contrastar la oferta integrada sin inventar arquitectura CYB ni confundir recuperación y ejecución,AGENTS; Pilares; perfiles; tabla filas8/9; RETP105; acta CYB169af16d; LIG/0.1,Maestro CSV/Markdown; expediente receptor; sucesión de deuda; once originales; banco Rust y observador externo; evidencia,Lenguaje66967a80; CYB169af16d; materialb3aa3f01; expectativas1a668710; candidata219d6a374c38d1a14a7e191592032f70f89ee402; árbol6997c987d51a9ef5d06b334a6f2dd04bd00e624f; seis flujos34342683917/34342683914/34342683846/34342683918/34342683797/34342683882; 186contratos; 744transportes por cuatro entradas; 24rechazos; 22mutantes externos; 12ataques observador; 359Rust aisladas; ZIP10100396197 SHA980a251d81fb033690822f6872211eb316137764ae2534358c50897654c76dd4,Suficiencia documental F0/HS y 18pérdidas H demostradas; no cambio de sv_core/src ni ejecución productiva CYB,Portador sintético no constituye dominio; S completa no acredita H sola; verde WASM previo no prueba campaña CYB; reglas externas no son transducción SV,Recibir retorno y conservar dictamen acotado; concretar consumidores operacionales; DFL009 evaluable en fila9 sin seleccionar plataforma; CYB en pausa; núcleo abierto,RECEPCION_Y_CONTRASTE_DOCUMENTAL_VERIFICADOS_EN_CANDIDATA
RETP-2026-107,2026-09-09,,CONTRATO_Y_ENLACE_DOCUMENTAL_VERIFICADO,RETORNO_CYB_FILA_9,Definición OP ligada a regla y consumidor exactos; evaluación documental DFL-009,El transporte previo no identificaba la regla externa efectivamente consumida,AGENTS; Pilares; perfiles; tabla fila9; RETP106; CYB169af16d; LIG/0.1; laboratorio018/020,Maestro CSV/Markdown; contrato consumo; banco y observador; evidencia; sucesión de deuda,Base60bfdf44; previo c1b75e41; material f5a43131c8743867ee039bfe52f1048a52314058; árbol7f6b333b88ed2da685289cf1cc33494ba181a558; seis flujos34350555281/34350555323/34350555291/34350555329/34350555311/34350555414; 186enlaces; 150consumos; 36rechazosH; 22mutantes; 12ataques previos; 9ataques enlace/selector; 360Rust aisladas; ZIP10103518809 SHA7e8f7dff2e5a34c6cf468a8f54b373a17586087cc98f31909aacc219b05e4293,Enlace documental comprobado; no ejecución profesional CYB ni cambio del núcleo; DFL009 evaluada con brechas materiales,Dos mjs visibles como datos de prueba sin intérprete; Node externo; 17Python pendientes; hash no acredita autoridad ni soporte,Continuar correspondencia operacional identidad/competencia/alcance; decisiones de dominio no inferidas; plataforma no seleccionada; fila9 abierta,ENLACE_DE_CONSUMO_DOCUMENTAL_VERIFICADO_EN_CANDIDATA
RETP-2026-108,2026-09-09,,FRONTERA_PUBLICA_VERIFICADA,RETORNO_CYB_FILA_9,Dos controles y siete rechazos de autoatribución desde clientes Rust y macros,La referencia documental y el resultado elegido no constituyen autoridad ni permiso,Pilares; perfiles; tabla fila9; RETP107; CYB169af16d P25–P32/C11,Contrato consumo §8; maestro CSV/Markdown; deuda; pruebas externas; flujo CYB; evidencia,Previo a0f04807; material6899f58be5d37f5cb130b71ab65d33b5c06f5229 árbol541d0871affb964e63e3715ea0f437f884b8e6d1; seis flujos34382276159/34382276114/34382276118/34382276131/34382276172/34382276135; 9sondas; 369Rust aisladas; ZIP10116340925 SHAe92a54a45fa623414a3928b4252e9a1315a51ffc5d88b95723f48f0b4c935e70; correcciones y repetición navegador conservadas,Sin cambio funcional del núcleo ni nuevas APIs; incorporación profesional pendiente,Privacidad no es confinamiento; rechazo por herramienta no acredita causa; macros de datos admitidas; paridad anterior no prueba nuevas sondas en WASM,Conservar barreras y formular recepción gobernada de referentes y premisa externa; no fabricar facultades; fila9 y PR88 abiertas,FRONTERA_PUBLICA_DE_AUTORIDAD_VERIFICADA_EN_CANDIDATA
RETP-2026-109,2026-09-09,,CONTRATO_DIAGNOSTICO_PREVIO,RETORNO_CYB_FILA_9,Identidad y causa invariantes; presentación ES/EN y contexto de ensamblaje,El diagnóstico actual ignora el perfil fuente y no atribuye los contextos relacionados,Pilares; perfiles; tabla fila9; español; catálogo efectivo; SEC.0-D; DFL001/011; RETP108,Contrato diagnóstico; continuidad consumo §9; deuda DFL001; maestro CSV/Markdown; evidencia RETP109,Corte26ebc9f139397b086ce630df358d6b0fb11d997b árbolb40b886aa35c4410dfcd8733f39df5cadeea3bdd; 13casos/26ejecuciones; Node24.19.0; artefacto10116699662 flujo34383121897 ZIPsha91a535e098f59b91f03f220438b712952fd1d120a5ad02200e7f4370b256e408; resultadosshaa1de1804090717bb2f5074c61daa8b3e4cc26f596be40afee4ad54a03f49c743,Contrato constituido en candidata; localización y DG01–DG14 pendientes; sin cambio funcional,Caracterizar salidas previas no verifica reparación; prosa y huellas no conceden autoridad; no Rust local ni WASI/navegador nuevos,Inventariar emisores y realizar estructura/procedencia/plantillas con oráculos versionados antes del enlace R1 y aprobación PR88; fila9 abierta,CONTRATO_PREVIO_CONSTITUIDO_EN_CANDIDATA_REALIZACION_PENDIENTE
RETP-2026-110,2026-09-09,,PRECISION_CONTRACTUAL,DIAGNOSTICO_FILA_9,Entrega visible en playground productivo y trazabilidad de dominio independiente del idioma,Evitar confundir traducción de interfaz con realización desplegada y perfil fuente con constitución de dominio,Pilares; acta perfiles §§3–8; transición; RETP109; mandato Director,Contrato diagnóstico §9; maestro CSV/Markdown,Corte4276c79be20a7bbf46ddd9440b5a83361bd03dd0 árbol91728c4f605604f01a6ee6fc1cca957c0935463d; revisión documental; URL pública identificada desde README/docs index; sin prueba funcional nueva,Aceptación candidata antes de integración; entrega comprobada después de despliegue; constituciones IMM/CYB preservadas,Fusión no acredita web; módulo anterior no acredita localización; idioma y nombres no constituyen ligadura de dominio,Verificar artefactos cargados y ES/EN/mixto; contrastar referencias IMM/CYB en alcance representable; explicitar ausencias; sin publicación ahora,PRECISION_CONTRACTUAL_EN_CANDIDATA_REALIZACION_Y_ENTREGA_VISIBLE_PENDIENTES
RETP-2026-115,2026-09-10,,RECEPCION_DOCUMENTAL_Y_PREPARACION,TUBERIAS_IA_FASE_003,Espejo de operaciones-17 y algoritmo candidato de NLP español sobre conocimiento exacto,Mandato del Director: visibilidad en Calidad y misma pregunta con misma respuesta sin inferencia opaca,AGENTS; Pilares; perfiles; transición; arquitectura; auditoría; retorno IMM54fe0d89,docs/calidad/tuberias-ia; maestro CSV y Markdown; copia idéntica en laboratorio,Grok c3b9a471; resultado67eeceea; 2406bytes sha25656840d45ede24480d5e53fc0e23ef79df891d6444e3b761386d05ba47cbba07f;8propuestas conformes;8pares nativo/WASI idénticos;medidas preservadas;fase00318controles sólo especificados,Recepción de evidencia existente y protocolo candidato; sin cambio de realización; aislamiento NO VERDE,Hash no contiene significado ni autoridad; selección LLM variable rompe identidad; inmutabilidad no prueba aislamiento,Conservar resultados; preparar gramática y consulta exactas para ensayo; Qwen y auditoría externa pendientes; reservas111–114 de PR89 preservadas,RESULTADOS_ESPEJADOS_PROTOCOLO_ESPECIFICADO_SIN_CIERRE_MATERIAL
RETP-2026-116,2026-09-10,,REALIZACION_Y_COMPROBACION,TUBERIAS_IA_NLP_ES27,Puesto ejecutable para Grok con consulta determinista en español,Orden humana de comprobar funcionamiento antes de optimizar,AGENTS; Pilares; perfiles; transición; Fase 003; RETP-115,Laboratorio: fuentes/puesto/encargo; Calidad: acta/evidencia/índice y RETP CSV/MD,Fuente 9ca6036a; lanzador b6209141; run 34475250778/1; 56 casos; 100 repeticiones por positivo y destino; 6 transportes inválidos; 28 medidas; ZIP SHA256 a3f5452b5868b5b2db2e88672a1212403f819b07e0bec996753dc3a57afcb8b7,Madrid y resto de esperados exactos en nativo/WASI; puesto disponible; captura de Grok pendiente,Corpus no acredita todo el español ni aislamiento; propuesta sintética no es entrega de Grok; revocación e integridad material pendientes,Entregar puesto comprobado; conservar resultados y evaluar retorno; sin cambio productivo ni optimización anticipada,PUESTO_COMPROBADO_CAPTURA_GROK_PENDIENTE_AISLAMIENTO_NO_VERDE
RETP-2026-117,2026-09-10,,RECEPCION_Y_CORRECCION_FUNCIONAL,TUBERIAS_IA_ES27_2,Cinco fallos del analizador observados por Grok y corregidos sobre su entrega original,Encargo vigente de funcionamiento antes de optimización y custodia en Calidad,AGENTS; Pilares; perfiles; transición; Fase 003; RETP-115/116,Laboratorio: analizador/observador/alcance/workflow/encargo002; Calidad: acta/evidencia/índice y registros,Original 34476110251/1; corregido 34477108267/1; fuente e18ed731; 1173 bytes SHA256 d0b46324e0a3f5039d028a39a739d7ec3311d67a9696d338802a30b2da84896e; 76 controles; 26 positivos por 100 repeticiones y destino,Misma entrega: 4 a 9 consultas con dato; 3 rechazos conservados; paridad nativo/WASI; 34 y 36 medidas preservadas,Paridad no demuestra funcionamiento ni universalidad; reejecución no es nueva sesión de Grok; aislamiento sigue pendiente,Conservar fallo original; recibir corrección y nueva prueba del participante; no optimizar todavía,FALLO_ORIGINAL_CONSERVADO_CORRECCION_COMPROBADA_NUEVA_CAPTURA_PENDIENTE_AISLAMIENTO_NO_VERDE
RETP-2026-118,2026-09-10,,RECEPCION_Y_CORRECCION_FUNCIONAL,TUBERIAS_IA_ES27_3,Cuatro fallos nuevos de reconocimiento corregidos; señal de rendimiento WASI pendiente,Seguir la iniciativa en laboratorio; funcionamiento antes de optimización; espejo en Calidad,AGENTS; Pilares; perfiles; transición; Fase 003; RETP-115/116/117,Laboratorio: analizador/observador/alcance/workflow/encargo003; Calidad: acta/evidencias/índice y registros,Original 34489800105/1; corregido 34491895499/1; fuente 387e9d5a; 1322 bytes SHA256 2345442c8f4eee3fcfcdc7f49f0712722ef65d7ff6d1613e46877ca59856b37b; 110 controles y 4400 positivos por destino,Misma entrega: 5 a 9 consultas con dato; 3 rechazos conservados; paridad nativo/WASI; 42/44 medidas y 160 comparaciones locales,Mayor mediana WASI; variabilidad y causa pendientes; reejecución no es nueva sesión ni aislamiento material,Conservar fallo y corrección; recibir nueva captura; caracterizar rendimiento antes de consolidar; sin optimización,CORRECCION_ACOTADA_COMPROBADA_NUEVA_CAPTURA_PENDIENTE_RENDIMIENTO_WASI_PENDIENTE_AISLAMIENTO_NO_VERDE
RETP-2026-119,2026-09-10,,APERTURA_Y_COMPROBACION_ACOTADA,TUBERIAS_IA_IE004,"Interpretación propuesta por IA, verificador experimental y falsación de ligadura semántica",Luz verde de Juan Antonio; rondas necesarias y finitas; hallazgos en Calidad,AGENTS; Pilares; perfiles; transición; arquitectura; Fase003 y RETP115–118,Laboratorio: fuentes/encargo/reserva/workflow; Calidad: fase004/acta/fuentes/evidencia/índice y CSV/MD,Fuente f8f0fa26da55663bbf24f944d121c05eef8070c9; run 34501044665/1; 20 controles x10 por destino; 6 tramas negativas por destino; 34 procesos; ZIP verificado,Paridad nativo/WASI; referencia equivocada admitida por receptor y detectada por observador; paquete Grok de24 casos comprometido,No Frame/R1/Q0; ceguera de acceso no acreditada; permiso conductor sintético; I01–I05 y ligadura semántica pendientes,Recibir24 casos y hallazgos; una confirmación independiente acotada; no tercera ronda automática ni promoción por media o success,PUESTO_DISPONIBLE_CAPTURA_PENDIENTE_BRECHA_SEMANTICA_CONFIRMADA_AISLAMIENTO_NO_VERDE
RETP-2026-120,2026-09-10,,RECEPCION_Y_CONFIRMACION_ACOTADA,TUBERIAS_IA_IE004,"Recepción de Grok: contexto, apoyo literal y confirmación final",Mandato de Juan Antonio; dominio distinto de agente; recorrido completo bajo núcleo; campaña finita,AGENTS; Pilares; perfiles; transición; arquitectura; Fase004; RETP119,"Laboratorio y Calidad: captura, oráculo001 abierto, salidas, hallazgos, medidas; encargo002 y compromiso reservado",Grok 2c41d40c5bb6eb5a97049884637a9aa621a86b28; receptor f8f0fa26da55663bbf24f944d121c05eef8070c9; binarios del run34501044665/1; recepción local 40 procesos,23/24 identificaciones; 22/24 respuestas; 14/16 consultas con dato; fallos L01 y L11; paridad nativo/WASI x3,Sesión reutilizada; brecha semántica persistente; I01–I05 y acoplamiento DSL/hardware no acreditados; CPU/RSS locales no observables,"Una confirmación final:24 casos,8 repetidos y16 nuevos; conversación nueva; receptor sin cambios; no tercera tanda automática",FALLOS_EN_LOTE_BRECHA_SEMANTICA_CONFIRMADA_AISLAMIENTO_NO_VERDE
RETP-2026-121,2026-09-10,,DIRECTRIZ_DOCUMENTAL,TUBERIAS_IA_PERFILES,Encaje lingüístico y separación entre investigación y aplicación del saber,"Mandato de Juan Antonio: español actual, encaje futuro por perfiles y excepción imperativa para evitar refactorización costosa",AGENTS; Pilares; perfiles y ensamblaje §7; perfiles fuente ES/EN; transición; arquitectura; RETP120,Acta e índice idénticos en Calidad y laboratorio; registros CSV y Markdown,Lenguaje 97a8546bd184161fc1c7c3aea55d5c1d0c19149e; laboratorio a4db8d622d02766689def38816e18d85c94a7bb3; especificación ES/EN y acta de perfiles leídas íntegramente,"Distingue fuente, interfaz e interacción; conserva dominio/universo/agente/soporte; conocimiento de aplicación versionado y sin incorporación automática",Perfiles fuente no acreditan comprensión NLP; no garantía universal ni necesidad de refactor nuclear demostrada; aislamiento NO VERDE,Documentar responsabilidades y excepción con evidencia concreta y cambio mínimo; mantener encargo IE004/002 y prioridades,DIRECTRIZ_DOCUMENTADA_REALIZACION_PENDIENTE_ENCARGO_SIN_CAMBIOS_AISLAMIENTO_NO_VERDE
RETP-2026-122,2026-09-10,,RECEPCION_FINAL_ACOTADA,TUBERIAS_IA_IE004,Recepción 002 y fin de las dos entregas previstas; candidata insuficiente,Depósito de Grok y aclaración de Juan Antonio; aplicar criterios congelados y límite de rondas,AGENTS; Pilares; perfiles; transición; arquitectura; Fase004; RETP119–121; compromiso002,"Laboratorio y Calidad: acta, originales, oráculo abierto, resultados, comparación, medidas y reproducción; índices y custodia; RETP CSV/MD",Grok 927f24d57701dda579ff822da7a7fdaf1eeed69e; entrega SHA256 47e5009c31f0dcd4ab6c1ed6db5d10b86dcb39e5671c385a2eeadef48b3843ef; misma fuente y binarios; 40 procesos locales,23/24 identificaciones y respuestas;17/18 consultas con dato;6/6 negativos;R01 persiste;R05 sirve unidad;paridad x3/destino,Independencia contextual no acreditada;8/8 rutas repetidas iguales pero6/8 correctas en ambas;brecha semántica e I01–I05 pendientes;CPU/RSS no observables,Aplicar insuficiencia prevista; sin tercera tanda automática ni retoques; conservar hallazgos para decidir mecanismo antes de promoción,CANDIDATA_INSUFICIENTE_EN_CONFIRMACION_SECUENCIA_PREVISTA_FINALIZADA_AISLAMIENTO_NO_VERDE
RETP-2026-123,2026-09-10,,WORKFLOW_Y_SUCESION_AUTORIZADA,TUBERIAS_IA_CONTEXTO_Y_PROCESO,Workflow acotado y repetición de contexto autorizada por Juan Antonio,Mandato posterior a RETP122: repetir fuera del proyecto y fijar método para evitar rondas sin objetivo,AGENTS; Pilares; perfiles; transición; arquitectura; Fase004; RETP120–122,Plan e índice espejados; índices de participante/control y custodia; RETP CSV/MD,Cortes Lenguaje52665a0181dcf09ebfcf4ceb5d941887e123862e y laboratorio748bf3fff14bb765d42f4d839f31e9a7047e2bbf; solicitudes002 SHA256de3d5093a8439ea6604d5c54f24add468e65389bd5beae6ce59a6d406d1343a8; nuevo depósito detectado40c70301/cd67d285 sin recepción funcional todavía,P0 recepción adicional; P1 causa; P2 mecanismo; P3 cualificación; P4 material; P5 recursos; P6 auditoría/decisión; métricas y paradas fijadas,Fuera del proyecto no acredita toda independencia; oráculo ya abierto impide presentarla como validación inédita; receptor con brecha; presupuestos productivos pendientes,"Una repetición adicional por orden humana; conservar capturas por commit, incluida la nueva llegada con nombres002; no generar otra para renombrar; etapas posteriores pendientes",WORKFLOW_DOCUMENTADO_REPETICION_CONTEXTO_AUTORIZADA_PENDIENTE_AISLAMIENTO_NO_VERDE
RETP-2026-124,2026-09-10,,RECEPCION_Y_DIAGNOSTICO_CAUSAL,TUBERIAS_IA_IE004_CONTEXTO_001,Repetición fuera del proyecto: 23/24 y diagnóstico causal acotado P1,Recibir la única repetición de contexto autorizada en RETP-123 y localizar causas sin rondas adicionales,AGENTS; Pilares; perfiles; transición; arquitectura; Fase 004; RETP-121–123,Acta y evidencias espejadas; índices y custodia; registros RETP CSV/MD,"Entrega 40c70301c520cc79f2a400424dfc184be31b2d78, SHA256 7a3fc3cfb7ea2084d7ac2ee5ce6a3cfefe02291c1d0f8efab10aaba5dfd20a41; informe cd67d2854c756cb073d02cd1440a57815b109ed9; mismos instrumentos; 40 procesos; salida 5418 bytes SHA256 a15e3db240bc606aae3a3efa15c86ab750a4398e30a181549ef70ee74774042d","23/24 identificaciones y respuestas, 17/18 datos debidos, 6/6 rechazos debidos; comparación 24/24 rutas y cuerpos iguales, nueve apoyos distintos; R01 persiste; paridad nativo/WASI","Contexto externo atestado por Juan Antonio, otras condiciones no controladas; oráculo ya abierto; causalidad interna del modelo no observada; brecha de sustitución e imposición material pendientes","P0 recibido y P1 documentado: mantener esperado R01, conservar L11 y su causa literal, localizar la falta de vínculo semántico; P2 pendiente de diseño; no otra ronda ni cambios de núcleo u oráculos",P0_RECIBIDO_P1_DOCUMENTADO_P2_PENDIENTE_AISLAMIENTO_NO_VERDE
RETP-2026-125,2026-09-10,,DISENO_CANDIDATO_P2,TUBERIAS_IA_VINCULO_PETICION_CONTEXTO_REFERENCIA,"Derivación lingüística verificable, unicidad y recuperación contra sustitución y rechazo injustificado",Luz verde para el mecanismo P2 posterior al diagnóstico RETP-124; evitar rondas sin causa,AGENTS; Pilares; perfiles; transición; arquitectura; Fase 004; RETP-121/123/124,"Acta, matriz y manifiesto espejados; índices y custodia; registros RETP CSV/MD",Cortes Lenguaje 19e1e18bb201f8f604178270970160ce7140b522 y laboratorio a1614b33eb29726a7b450dd5b6c489a17e0737c1; 18 obligaciones de diseño no ejecutadas; correspondencia con P1; cero nuevas consultas y ejecuciones,"Especifica cobertura íntegra, reglas gobernadas, unicidad antes de permisos y servicio ante diagnóstico falso; no cambia la base","Perfil completo y verificador no acreditados; ventaja del modelo, presupuestos e imposición material pendientes; matriz pública no sustituye reserva inédita",Una candidata documentada; P2 abierto hasta justificar suficiencia; completar/revisar perfil y reservar validación independiente antes de corregir; no otra ronda ni integración,DISENO_P2_DOCUMENTADO_SUFICIENCIA_NO_ACREDITADA_P3_NO_ABIERTO_AISLAMIENTO_NO_VERDE
RETP-2026-126,2026-09-10,,ESPECIFICACION_PERFIL_Y_PREPARACION_RESERVA,TUBERIAS_IA_P2_OWNERSHIP_PERFIL_ES,"Perfil español candidato, custodia/préstamos de texto y revisión/reserva independiente preparados",Luz verde de Juan Antonio y matiz de ownership; completar especificación P2 antes de corregir según RETP-123,AGENTS; Pilares; perfiles; transición; arquitectura; Fase 004; RETP-121/123–125; documentación oficial Rust,"Acta, perfil, cobertura documental, encargo y manifiesto espejados; índices/custodia; RETP CSV/MD",23 producciones; 48 antecedentes con oráculos conservados; máximos 80 bytes y 80 caracteres; cero ejecuciones nuevas y consultas al modelo,"Original custodiado, préstamos de lectura, exclusión por tupla y análisis con presupuesto propio; no confundir memoria y autoridad",Perfil sin cualificar; beneficio del agente y aislamiento pendientes; reserva independiente no disponible; revisión del autor no es auditoría independiente de su oráculo,Un encargo de revisión/reserva listo; sólo dictamen y compromiso para el implementador antes de corregir; P2 en revisión y sin nueva ronda Grok,PERFIL_P2_ESPECIFICADO_REVISION_RESERVA_PENDIENTES_P3_NO_INICIADO_AISLAMIENTO_NO_VERDE
RETP-2026-127,2026-09-10,,RECEPCION_AUDITORIA_CORRECCION_P2,TUBERIAS_IA_P2_RECURSOS,Recibido dictamen de defecto; perfil IE004-ES-P2/2 y guía de recursos candidatos publicados,Devolución de Claude y mandato humano de separar evidencia Python/Rust y controlar latencia sin seleccionar modelo,AGENTS; Pilares; perfiles; transición; arquitectura; Fase 004; RETP-121/123–126; documentación GitHub Actions,"Acta, cuatro originales, perfil /2, contrastes, encargo, guía y manifiesto espejados; índices/custodia; RETP CSV/MD",D1–D3 confirmados documentalmente; R1 elevado a bloqueante; 25 producciones y 16 contrastes no ejecutados; 60 entradas literales frente a 61 declaradas; cero ejecuciones Python/Rust nuevas,"Unicidad semántica previa a permisos, negación precisa y presupuestos A/V separados; latencias candidatas pendientes de medida material","Sin suficiencia de /2, reserva, utilidad del agente, paridad, aislamiento o rendimiento acreditados; exploración sintáctica no cualifica Rust",Una revisión focal de correcciones; reserva sólo si apta y custodiada; no otra ronda Grok ni ciclo /3 automático,PERFIL_P2_2_CANDIDATO_REVISION_FOCAL_RESERVA_DETENIDA_P3_NO_INICIADO_AISLAMIENTO_NO_VERDE
RETP-2026-128,2026-09-10,,RECEPCION_APTITUD_P2_PREPARACION_RESERVA,TUBERIAS_IA_P2_P3_CUSTODIA,Aptitud documental de /2 recibida; preparación única por Claude y custodia humana concretadas,"Retorno focal de Claude y mandato de continuidad acotada; separar custodia, autoría y evidencia Rust",AGENTS y rectoras recotejadas sin cambios respecto de RETP-127; Fase 004; RETP-121/123–127,"Acta, dos originales, encargo, contrato A/V, exposición, controles y manifiesto espejados; índices/custodia y RETP CSV/MD",Claude declara 48 derivaciones únicas y 16 contrastes sintácticos conformes; 60 sondas anteriores y 18 cadenas adicionales. Cero ejecuciones nuevas de Watson,"Autoría mantenida con conflicto declarado; compromiso candidato seguido de recepción humana; R8/R9 explícitos, R10 a controles de límites Rust y R11 a entradas separadas","Aptitud documental no acredita semántica ejecutada, cotas, rendimiento, aislamiento ni utilidad IA; reserva y recuperación aún pendientes",Una entrega reservada directa al custodio; sólo compromiso y recibo a Watson; después corrector/controles y una captura Grok,APTO_DOCUMENTAL_RESERVA_PENDIENTE_DE_CUSTODIA_P3_NO_INICIADO_AISLAMIENTO_NO_VERDE
RETP-2026-129,2026-09-11,,EXPEDIENTE_CIENTIFICO_ESTADO_DEL_ARTE,TUBERIAS_IA_DOCUMENTACION_CIENTIFICA,Revisión focal de 18 fuentes y expediente preparatorio falsable para revisión por pares,"Mandato humano de contrastar antecedentes y documentar método, resultados, críticas y límites",AGENTS releído; rectoras recotejadas sin cambios respecto de RETP-127/128; Fase 004 y RETP-123/124/127/128,"Estado del arte, BibTeX, fuentes/alcance, consultas, hipótesis/evidencias, acta y manifiesto espejados; índices y RETP CSV/MD",Bibliografía primaria consultada con alcance individual; historial cotejado; cero ejecuciones experimentales nuevas,CaMeL/FIDES delimitan antecedentes; no se reclama novedad de la barrera externa. Seis hipótesis con refutación y una pregunta de utilidad IA pendiente de tarea/métrica,"Revisión no sistemática; lecturas parciales declaradas, originales bibliográficos sin hash. P2/2 no cualificada en Rust, reserva/custodia pendientes",Recibir compromiso y confirmación humana de custodia según RETP-128; completar expediente con resultados reales sin abrir rondas nuevas,EXPEDIENTE_PREPARATORIO_P3_NO_INICIADO_AISLAMIENTO_NO_VERDE
RETP-2026-130,2026-09-11,,RECEPCION_RESERVA_P3_Y_PRECOMPROBACION_RUST,TUBERIAS_IA_P3,Compromiso P3 verificado y recibo humano separado; sonda pública de capacidad R10 preparada,Titular confirma recepción recuperable y separación; se cumple puerta RETP-128 antes del corrector,"AGENTS, Pilares, perfiles, transición completa, arquitectura; Fase004 y RETP-123/127/128/129","Compromiso original, recibo, acta, verificación, sonda Rust y casos públicos espejados; índices y RETP",3193 bytes y SHA256 coincidentes; perfil /2 31867 bytes y huella coincidentes; reserva no leída,Permite iniciar corrector/controles; se comprueba primero riesgo R10 con material público,"Custodia acreditada por declaración humana, sin inspección del almacén; sonda sintáctica no cualifica semántica",Cuatro configuraciones Rust nativo/WASI debug/release previstas; resultados posteriores identificados sin cambiar esperados,CUSTODIA_DECLARADA_P3_PRECOMPROBACION_CAPTURA_NO_HABILITADA_AISLAMIENTO_NO_VERDE
RETP-2026-131,2026-09-11,,CONTROL_PUBLICO_R10_RUST_RESULTADO,TUBERIAS_IA_P3,Recorrido instrumentado insuficiente: 69/72 en cuatro configuraciones Rust,Contraste público del riesgo R10 previo al corrector completo y a la captura reservada,Mismas rectoras y perfil /2 sin cambio; preparación RETP-130 publicada antes de ejecutar,"Adenda, fuente del lanzador, reproducción y evidencia textual por caso/configuración espejadas",48/48 históricas; 17/18 contrastes; 1/3 frontera tokens; 3/3 frontera bytes; primitivas 21/21,C02 con 17 tokens y CP-T-127/128 agotan 1m; se detiene avance a captura,Sonda sintáctica no semántica; contabilidad concreta no universal; tiempos de una muestra no benchmark,Próximo objeto: decisión causal de recorrido/imputación antes de corrector completo; reserva intacta,RECORRIDO_INSUFICIENTE_CAPTURA_NO_HABILITADA_RESERVA_CERRADA_AISLAMIENTO_NO_VERDE
RETP-2026-132,2026-09-11,,COSTE_R10_CALENDARIO_ALTERNATIVO,TUBERIAS_IA_P3,Preparar corrección causal por memo y bosque completo,Autorización humana para continuar coste y siguiente paso; insuficiencia RETP-131,"Rectoras vigentes; perfil /2, workflow123, guía127, captura128 y controles130",Decisión causal y fuentes fijadas antes de ejecutar; 72 mismos casos,Compilación preparatoria sin ejecución; huellas fijadas; resultados aún pendientes,Se hace explícita la diferencia de calendario y contabilidad frente a /2,Equivalencia sintáctica argumentada no prueba semántica ni conformidad del calendario /2,Cuatro configuraciones Rust; sin reintentos ni reserva; sucesión si pasan controles,PREPARADO_RESERVA_CERRADA_CAPTURA_NO_HABILITADA
RETP-2026-133,2026-09-11,,RESULTADO_COSTE_R10,TUBERIAS_IA_P3,72/72 públicos y 4/4 estructurales en cuatro configuraciones Rust; 21/21 primitivas,Cerrar corrección causal acotada y preparar evaluación semántica; inciso humano sobre Vec y arrays,Rectoras vigentes; semántica perfil /2 intacta; calendario alternativo explícito RETP-132,"Acta de resultado, evidencia recuperable, memoria y siguiente objeto espejados",Fuentes prepublicadas 638eba02/1d6f1183; máximo 62906 unidades propias; bosques completos idénticos,Tres fallos públicos de coste resueltos; arena sintáctica no acredita A completa,"Sin equivalencia silenciosa de contadores, benchmark ni cualificación semántica; realojos físicos no medidos",Termina esta ronda; preparar sucesora de calendario y evaluador tipado antes de captura,CONTRASTE_SINTACTICO_SATISFECHO_EVALUADOR_PENDIENTE_RESERVA_CERRADA
RETP-2026-134,2026-09-11,,PREPARACION_SEMANTICA_A,TUBERIAS_IA_P3,Fijar evaluador tipado y significados antes de permisos con memoria conjunta,Autorización humana y observación sobre texto UTF-8 y push sin límite lógico,Rectoras vigentes; semántica /2; sucesora calendario y contabilidad expresa,IE004-ES-P2/3-COSTE/1 y 61 controles semánticos más 72 sintácticos; fuentes espejadas,Compilación preparatoria; cero ejecuciones de casos; FIJACION_PREVIA identifica fuentes y esperados,Preserva todas las interpretaciones sin filtrarlas por política,Cupo de buffers no prueba RSS ni pila; no equivalencia silenciosa de contadores,Ejecutar cuatro configuraciones Rust y conservar cualquier fallo antes de una corrección causal,PREPARADO_PARA_CONTRASTE_PUBLICO_RESERVA_CERRADA
RETP-2026-135,2026-09-11,,RESULTADO_SEMANTICA_A,TUBERIAS_IA_P3,"61/61 semánticos, 72/72 sintácticos y 26 primitivas en cuatro configuraciones Rust",Completar autorización de significados antes de permisos y medir coste de texto agregado,Rectoras vigentes; /2 intacto; candidata sucesora IE004-ES-P2/3-COSTE/1 RETP-134,"Acta, fuentes previas, resultados, capturas recuperables, coste y siguiente objeto espejados",Prepublicación 5d0f0e5d/4e556e5d; cuatro ejecuciones sin corrección; trazas y cargos coinciden,Máximo público 621146 unidades; 1675752 B capacidad y 1777770 B pico solicitado; 1554 estados,"No prueba peor caso de 128 tokens, RSS, cobertura de español abierto, reserva o aporte IA",Cerrar esta ronda; fijar correspondencia y captura A/V antes de preparar P3,CONTRASTE_PUBLICO_SEMANTICO_SATISFECHO_CAPTURA_PENDIENTE_RESERVA_CERRADA
RETP-2026-136,2026-09-11,,PREPARACION_RECEPCION_AV,TUBERIAS_IA_P3,Correspondencia §§1–5 de /2 y recepción estricta separada de A/V,Continuar el siguiente objeto autorizado de RETP-135,Rectoras sin cambios; IE004-ES-P2/3-COSTE/1; IE004-RECEPCION-AV/1,"Fuentes, formatos, tabla, casos públicos y fijación previa espejados","23 A, 25 V, tres relaciones, 22 primitivas y nueve escenarios; ejecución pendiente",Rust 1.98.0 nativo/WASI debug/release; A antes de V; cotas previas,"Sin P3 reservado, RSS, aislamiento P4 ni aportación P5 acreditados",Ejecutar una matriz y conservar resultados; no abrir la reserva,PREPARADO_PARA_CONTRASTE_PUBLICO_RESERVA_CERRADA
RETP-2026-137,2026-09-11,,RESULTADO_RECEPCION_AV,TUBERIAS_IA_P3,"Cuatro configuraciones conformes: 23 A, 25 V, tres relaciones, 22 primitivas y nueve escenarios",Completar correspondencia y recepción separada autorizadas tras RETP-135,IE004-RECEPCION-AV/1; /3 hereda §§1–5 de /2; P3 integral pendiente,"Acta, resultado, comprobación y 409 archivos recuperables espejados",Prepublicación c6ad0c2b/141a40d0; una matriz; tres reproducciones por control; sin corrección,"Cuerpo A idéntico antes de V; V máximo 262144 B, 845002 unidades; sin EOF acotado por conductor","No acredita RSS, aislamiento P4, utilidad P5, reserva ni español universal",Cerrar alcance público; preparar adaptador de lote y decisión de compatibilidad P3,CONFORME_EN_ALCANCE_PUBLICO_RESERVA_CERRADA
RETP-2026-138,2026-09-11,,PREPARACION_ADAPTADOR_LOTE,TUBERIAS_IA_P3,Adaptador Rust del lote de 24 casos y matriz de compatibilidad /2 frente a /3,Luz verde al siguiente objeto documentado en RETP-137,Rectoras cotejadas; IE004-P3-TRANSPORTE/1; IE004-LOTE-ADAPTADOR/1,"Fuentes, contrato, 36 controles y lote sintético con procedencia espejados",Fijación antes de ejecutar; dos comprobaciones de tipos conformes sin consultas,Huella antes de decodificar; claves/orden/límites; preservación de pregunta/contexto,El calendario e intentos /2 no equivalen a /3; reserva y oráculo sin leer,Una matriz pública y custodia; preparar decisión humana sin abrir captura,PREPARADO_PARA_CONTRASTE_PUBLICO_RESERVA_CERRADA
RETP-2026-139,2026-09-11,,FALLO_Y_CORRECCION_CAUSAL,TUBERIAS_IA_P3,Adaptador 432/432; conductor 252/288; 36 fallos de montaje conservados,Se omitió revocado en las tres posiciones heredadas de A04,Configuración pública anterior y workflow de corrección causal única,"Resultado original, cotejo, montajes, conductor corregido y fijación",La única diferencia observada del cuerpo es vigente; originales y binarios intactos,Repetir sólo 36 observaciones fallidas con el montaje correcto,No se corrige el esperado ni se acredita P3 por el adaptador,Una corrección causal; inventario EISDIR reparado sin reejecutar matriz,FALLO_CONDUCTOR_CORRECCION_PREPARADA_RESERVA_CERRADA
RETP-2026-140,2026-09-11,,RESULTADO_ADAPTADOR_LOTE,TUBERIAS_IA_P3,Adaptador público conforme en cuatro configuraciones tras corrección causal del conductor,Completar el siguiente objeto de RETP-137 sin abrir la reserva,IE004-LOTE-ADAPTADOR/1; perfiles /2 y /3 distintos; rectoras conservadas,"Acta, resultado consolidado, 2879 archivos recuperables, matriz y decisión preparada",432 controles conformes; 252 recorridos iniciales y 36 corregidos; mismo Rust y esperados,24 posiciones por configuración repetidas tres veces; 765 metadatos cotejados,"La matriz inicial conserva FALLO; RSS, P4/P5 y compatibilidad integral P3 pendientes",Cerrar alcance público y someter asociación /2–/3 a decisión previa a captura,CONFORME_PUBLICO_TRAS_CORRECCION_CONDUCTOR_RESERVA_CERRADA
RETP-2026-141,2026-09-11,,SUCESION_WORKFLOW_ACOTADO,TUBERIAS_IA_SECUENCIA_Y_TRAZABILIDAD,Workflow V2 subordinado a actas y rectoras; único objeto de enlace resolución-evidencia-inscripción,"Mandato de Juan Antonio de leer las actas y evitar deriva entre núcleo, dominio, agente, interfaces y bibliotecas","Actas privadas SEC y R0/R1; Pilares, perfiles, transición y arquitectura; RETP-105 a 107, 121 y 123 a 140",tuberias-ia/WORKFLOW_ACOTADO_SUBORDINACION_IA_ES_V2_2026_09_11.md; inicio.md; RETP CSV/Markdown; espejo de workflow y navegación,"Revisión documental, compuertas explícitas, enlaces y preservación del original; sin nuevas ejecuciones",Cierre de análisis distinto de capacidad material; retorno a catálogo/localización y continuación de fila 9,"No convertir consulta en célula/SUCESO/Frame por defecto, ni traza en seguridad; no ocultar un bloqueo como deuda",Fijar expediente acotado siguiente; mantener reserva y asociación pendientes; no abrir examen ni nueva ronda,WORKFLOW_V2_DOCUMENTADO_TRAZABILIDAD_PENDIENTE_RESERVA_CERRADA
RETP-2026-142,2026-09-11,,CORRESPONDENCIA_Y_CONTRASTE_ACOTADO,TUBERIAS_IA_TRAZABILIDAD,Expediente de resolución-evidencia-inscripción aplicable; enlaces y carencias G1 a G4 localizados,"Cumplir el objeto único de RETP-141 sin anticipar dominio, agente o seguridad integral",Workflow V2; rectoras vigentes; contrato y cierre R1; Frame/N3/LIG; deuda DFL-003 a 006 y RETP-108,tuberias-ia/EXPEDIENTE_CORRESPONDENCIA_TRAZABILIDAD_IE004_2026_09_11.md; ie004/trazabilidad-142; inicio.md; RETP CSV/Markdown; espejo en laboratorio,50 blobs cotejados; 409 archivos recuperados; 36 recorridos históricos comprobados; A01 y V02/V04 reproducidos; rechazos de marco; 16 pruebas existentes de Frame,Expediente concluido; IE-004 no enlaza su resolución con la cadena R1 ni acredita transición; siguiente contrato de recibo G1,Marco binario no es Frame; traza no es pensamiento ni inscripción; contrato R1 existente no implica integración; dos fallos del observador conservados,"Cerrar sólo correspondencia; mantener G2-G4 y garantías materiales abiertas; no iniciar P4, modelo, agente ni reserva",CORRESPONDENCIA_CONCLUIDA_TRAZABILIDAD_INTEGRAL_NO_ACREDITADA
RETP-2026-143,2026-09-11,,CONTRATO_RECEPCION_CUSTODIADA,TUBERIAS_IA_G1,"Contrato G1/1 y testigos de completitud, pertenencia y anexado V","Realizar la intervención mínima localizada en RETP-142 sin anticipar dominio, agente ni Frame",Workflow V2; RETP-142 G1; contrato A/V; rectoras cotejadas sin cambio,tuberias-ia/ie004/recibo-g1; inicio.md; RETP CSV/Markdown; espejo en laboratorio,43 archivos de cápsula pública cotejados; 14 artefactos originales y mutaciones; 18 testigos preparados; ningún receptor G1 ejecutado,Fija obligaciones de recibo y distinción de fallo funcional frente a pérdida de evidencia; realización pendiente,Hashes no prueban pertenencia ni disponibilidad perpetua; duplicados e intercambios requieren continuidad del custodio; no autenticidad frente a host comprometido,Preparar realización nativa Rust con perfil de recursos y variantes positivas de fallo A antes de ejecutar; mantener G2-G4 y P3/P4/P5 pendientes,CONTRATO_G1_FIJADO_TESTIGOS_PREPARADOS_REALIZACION_PENDIENTE
RETP-2026-144,2026-09-11,,RESULTADO_CANDIDATA_G1_NATIVA,TUBERIAS_IA_G1,Receptor Rust con custodia intraproceso y recuperación; anexado V sin alterar A,Ejecutar el siguiente objeto autorizado en RETP-143,Workflow V2; G1/1; rectoras cotejadas; fuentes A/V intactas,Acta G1 nativo; candidata; perfil; tres cápsulas y antecedentes; inicio; RETP; espejo laboratorio,29/29 debug y 29/29 release; 20 testigos G1; 19 capturas idénticas; forja externa rechazada al compilar,Recibo completo distingue rechazo funcional de pérdida; dos defectos reproducidos y corregidos en un ciclo,Memoria intraproceso no acredita persistencia; interrupción notificada inyectada; hashes de realización declarados; P4/P5 pendientes,Cerrar alcance individual; siguiente enlace adaptador público del lote a G1; no abrir reserva ni modelos,CANDIDATA_G1_CONFORME_INTRAPROCESO_TRAS_CORRECCION
RETP-2026-145,2026-09-11,,RESULTADO_ENLACE_LOTE_G1,TUBERIAS_IA_TRAZABILIDAD_G1,Adaptador público conectado a seis custodios G1 con 24 recibos recuperables simultáneos,Completar el enlace único autorizado en RETP-144,Workflow V2; G1/1; adaptador existente; rectoras y fuentes intactas,"lote-g1: Rust, plan previo, acta, cápsula y resultado; inicio; RETP CSV/MD; espejo laboratorio",24/24 cuerpos históricos y 12/12 testigos en debug y release; 101 capturas idénticas; sin corrección,Identidad de lote y montaje fija ligada a invocación; tres vigencias revocadas conservadas; V no solicitada,"Diez preguntas distintas; memoria intraproceso; sin persistencia, RSS, WASI, inscripción/Frame o P4/P5 acreditados",Cerrar enlace público G1; siguiente G2 ya localizado: correspondencia con operación gobernada y procedencia de referentes; reserva cerrada,CONFORME_ENLACE_PUBLICO_INTRAPROCESO
RETP-2026-146,2026-09-11,,MEMORIA_DOCUMENTAL_FRAME_HUMANO,TUBERIAS_IA_CONTINUIDAD,Diálogo en PDF y Markdown con seis imágenes y diagrama original,Mandato de Juan Antonio de conservar el tramo y sus rectificaciones en laboratorio y Calidad,Conversación aportada; workflow vigente sin modificación; AGENTS del corte 86ab08e,tuberias-ia/frame-significado-humano-trazabilidad-y-fidelidad; inicio; RETP CSV y Markdown; espejo laboratorio,Revisión editorial y visual del PDF; cinco comparaciones recuperadas por el autor; siete imágenes originales y huellas de contenido,"Referencia legible para Watson, Claude y Grok sin modificar código ni doctrina",Dos intervenciones iniciales son síntesis editorial; reconstrucción observada no acredita causas internas; sin nuevos ensayos,Publicar copias idénticas y conservar el objeto técnico activo y sus puertas,MEMORIA_DOCUMENTAL_PUBLICADA_SIN_CIERRE_TECNICO
RETP-2026-147,2026-09-11,,INTEGRACION_ACOTADA_ADENDA_FRAME,TUBERIAS_IA_G2_Y_DIAGNOSTICO,Correspondencia de seis obligaciones; criterios A-L; ocho pasos; límite G2 y fallos para catálogo,Luz verde de Juan Antonio para unir adenda IA y frame antes de consolidar catálogo/localización,AGENTS; Pilares; perfiles; transición; workflow V2; CYB §12 bbac1b44; RETP-108/142/145/146,tuberias-ia/integracion-adenda-ia-frame-y-catalogo-errores; inicio; RETP CSV/MD; copia idéntica laboratorio,"11 fuentes cotejadas contra árbol; revisión de contratos y APIs; resultados anteriores reutilizados, sin ensayos nuevos",Evidencia del ejemplo acotada; recibo público no se convierte en facultad de actuación,"Criterios no son pruebas ejecutadas; autoridad profesional, reserva, P4/P5 y diagnóstico material siguen pendientes",Conservar lectura y recibo; exigir contrato de recepción para enlace R1; no fabricar referentes ni nuevas células,CORRESPONDENCIA_FIJADA_ENLACE_PRODUCTIVO_NO_ACREDITADO
RETP-2026-148,2026-09-11,,RECTIFICACION_Y_CONTRASTE_PUBLICO,TUBERIAS_IA_FIDELIDAD,Autoridad humana y alcance del agente recibidos; comprobación técnica asumida; seis casos nativos,Aclaración de Juan Antonio: humano experto autoriza en dominio constituido; agente define actuaciones; diseñar comprobación corresponde a Watson,Mandato actual; rectoras intactas; RETP-141/147; fuentes A/V/G1 existentes,tuberias-ia/rectificacion-autoridad-y-comprobacion-ia; inicio; RETP CSV/MD; espejo laboratorio,Seis observaciones en ejecutable Rust conservado; ocho procesos incluyendo intento detenido; ocho fuentes cotejadas; cápsula de 34 piezas,Se retira el bloqueo general; se localiza distinción integridad/fidelidad sin fabricar autoridad ni Frame,C3/C4 aceptados no son éxito de fidelidad; sin ataque demostrado a G1 o R1; esperado inicial C2 mal nombrado y corregido contra fuente,Continuar comprobación de referencia-transformación-entrega dentro del alcance; conservar puertas y aceptación final,BLOQUEO_GENERAL_RECTIFICADO_CARACTERIZACION_ACOTADA_EJECUTADA
RETP-2026-149,2026-09-11,,CANDIDATA_RUST_COMPROBADA,TUBERIAS_IA_ENTREGA_LITERAL,Referencia custodiada y comparación de entrega literal; dato y negación protegidos en la ruta candidata,Luz verde de Juan Antonio; RETP-148; integrar puntos 1 y 3 antes del cierre del catálogo,Pilares; acta de perfiles; conformidad IMM; workflow V2; RETP-142/144/145/147/148,tuberias-ia/entrega-literal-desde-recibo; inicio; pieza sucesora acotada; RETP CSV/MD; espejo laboratorio,Una matriz nativa debug/release; 31 procesos; 52 tests por modo; 4 contrastes CLI y 24 entregas por modo; 2 negativos de compilación por modo,Rechaza cuerpo distinto con huella coherente y conserva originales; una tentativa por recibo; causa recuperable; candidata sin promoción productiva,No verdad de origen ni equivalencia visual; no imposición global; custodia intraproceso; CLI sin detalle completo de causa anidada; catálogo abierto,Continuar correspondencia transformación/presentación en alcance; mantener compuertas y aceptación humana final,CONFORME_EN_FRONTERA_LITERAL_CANDIDATA
RETP-2026-150,2026-09-12,,CANDIDATA_RUST_COMPROBADA,TUBERIAS_IA_PRESENTACION_ACOTADA,Perfil de espacios fuera de cadenas desde EntregaLiteral; conservación de contenido y orden,Luz verde de Juan Antonio; continuación de RETP-149; transformación acotada conforme a contrato de suficiencia,Pilares; perfiles y ensamblaje; conformidad IMM; workflow V2; contrato de suficiencia §§4-6 y 10-11; RETP-149,tuberias-ia/presentacion-sin-perdida-de-contenido; inicio; pieza sucesora acotada; RETP CSV/MD; espejo laboratorio,Una matriz debug/release; 47 procesos; 62 pruebas por modo; 11 contrastes; 24 presentaciones; dos negativos de compilación por modo,Formato permitido aceptado; dato negación alcance y orden alterados rechazados; originales recuperables; sintaxis previa impide normalización reparadora,No interfaz gráfica ni comprensión humana; sin garantía de fuente ni imposición material; no localización cerrada; retención de intentos sólo en campaña,Continuar correspondencia por operación en compuertas existentes; preservar aceptación final humana,CONFORME_PERFIL_CANDIDATO_DE_ESPACIOS
RETP-2026-151,12/09/2026,04:22:07,AUDITORIA_ACOTADA,Núcleo / recepción algebraica,"Contraste de leyes constituidas con representación, validación y ejecución Rust.",Evitar diferir leyes comunes a agentes o confundir declaraciones con resultados.,Pilares; perfiles; secuencia rectora fila 10; Fundamentos; I–VI; IR 0.3.,Expediente algebraico; inicio; deuda viva; registro dual.,"Doce testigos finales: siete admisiones, cinco rechazos semánticos; antecedente sintáctico conservado; 30 procesos nativos.",Custodia y delimitación de capacidades.,Aceptar General o cambio en puente no acredita resolución de concurrencia ni productor.,Recibir carencias en deuda vigente y conservar workflow; no cambiar núcleo ni composiciones particulares.,AUDITORIA_ACOTADA_COMPLETADA; EJECUCION_ALGEBRAICA_PENDIENTE
RETP-2026-152,12/09/2026,04:46:57,REALIZACION_CANDIDATA,Tuberías IA / correspondencia documental,Vista de lectura ligada a invocación y procedencia.,Evitar atribuir respuestas idénticas a consultas distintas y preservar un relevo ejecutable.,Workflow V2; G1/1; G2 rectificado; RETP-149/150/151.,Candidata de lectura; evidencia; inicio; registro dual.,17 procesos; 12+9 tests por modo; 24 cuerpos previos; dos negativos de compilación por modo.,Correspondencia documental comprobada.,Identidad y bytes correctos no prueban origen físico ni permiso profesional.,Mantener G2 profesional abierto y preparar sus productores protegidos sin autoridad ficticia.,CONFORME_EN_ALCANCE_DOCUMENTAL
RETP-2026-153,12/09/2026,05:04:54,HALLAZGO_Y_CORRECCION_CANDIDATA,R1 / pertenencia de instancia,Cruces de permiso y compromiso reproducidos; candidata discrimina instancia.,Igual ordinal y constitución no prueban pertenencia a la continuidad.,Workflow V2; R1-5; RETP-152; DFL-005.,Sonda; cápsulas; parche; deuda; inicio; registro dual.,217 unitarios por modo; dos cruces previos; candidato rechaza; tamaños y frontera pública.,Aislamiento lógico candidato; sin integración productiva.,Montaje de prueba no acredita autoridad humana ni admisión externa.,Conservar fallo y candidata; concretar productores pendientes sin fabricar autoridad.,FALLO_REPRODUCIDO_CORRECCION_CANDIDATA_CONFORME
RETP-2026-154,12/09/2026,03:27:17 UTC,REALIZACION_CANDIDATA_ACOTADA,R1 / recepción y comprobación observada,Recepción bajo premisa existente y comparador exacto específico con evidencia ligada.,No confundir acto declarado con emisor autenticado ni igualdad con autoridad.,Workflow V2; contrato CYB §8.3; RETP-153.,Contrato; candidata; cápsula; resultados; registro dual.,231 unitarios por modo; cliente público; tres clientes negativos y cuatro errores esperados.,Recepción técnica y comparación conformes; no admisión profesional.,Premisa de ensayo; instalador confiable supuesto; verificadores nucleares no realizados.,Mantener inhabilitada actuación profesional hasta recepción material de premisa y verificadores.,RECEPCION_Y_COMPARACION_CANDIDATAS_CONFORMES_ADMISION_PROFESIONAL_NO_ACREDITADA
RETP-2026-155,12/09/2026,,CONSOLIDACION_DOCUMENTAL,Tuberías IA / continuidad,Apuntes de auditoría en PDF y Markdown; carpeta hermana del frame.,Evitar pérdida de comprensión y repetición del autor.,Explicación de Juan Antonio; frame; rectoras vigentes; RETP-154.,Expediente; cinco capturas; soporte; índices; registro dual; espejo.,Ocho páginas revisadas; tres ejemplos Rust; seis procesos; salidas exactas.,Continuidad documental y evidencia recuperable.,No nueva semántica ni garantía universal ni cierre técnico.,Conservar el siguiente objeto de RETP-154.,REFERENCIA_DOCUMENTAL_CONSOLIDADA
RETP-2026-156,12/09/2026,,ADENDA_DOCUMENTAL,Frame / encaje visual y continuidad,Adenda PDF/MD de polígonos y logo; léame primero compartido.,Conservar comprensión y conformidad humana; reducir repetición y carga.,Explicación del autor; Pilares; expediente frame; RETP-154/155; documentación Rust.,Adenda; tres imágenes; navegación; manifiestos; índices; registro dual; espejo.,Siete páginas revisadas; originales intactos; huellas y enlaces cotejados.,Secuencia conceptual recuperable para futuras unidades.,Cascarones históricos; eficiencia no presumida; cierre de comprensión no cierre técnico.,Recibir conformidad y conservar siguiente objeto RETP-154.,ENCAJE_VISUAL_COMPRENDIDO_CONFORMIDAD_HUMANA_RECIBIDA_DOCUMENTADO
RETP-2026-157,12/09/2026,,CANDIDATA_DIAGNOSTICA,Paso 6 / recepción / ES-EN,Causas en el emisor; API previa conservada; catálogo local ES/EN,Pérdida del campo causante y necesidad de reproducción auditable,Pilares; perfiles; transición; RETP-109/110; RETP-147/148; workflow V2,"Cápsula, parche, scripts, catálogo, encargo y evidencia en Calidad y laboratorio",239 unitarios por configuración; 40 casos x 3 x 2; 18 procesos; 4 clientes negativos; tres procesos instrumentales adicionales comprueban corrección de espera final sin timeout,Trazabilidad causal y localización; no modificación productiva,"Premisa sintética; DG global, A-L completo, otros destinos y proveedores pendientes",Continuar migración de emisores y recibir reproducción externa sin alterar reservas,DIAGNOSTICOS_CANDIDATOS_NATIVOS_CONFORMES_CIERRE_GLOBAL_PENDIENTE
RETP-2026-158,12/09/2026,,CANDIDATA_DIAGNOSTICA,Paso 6 / compilador / procedencia / ES-EN,E004/E115 y colisiones desde el emisor; sidecar original por unidad,Pérdida de procedencia y causas textuales en el compilador,Pilares; perfiles; transición; RETP-109/110; workflow V2; RETP-157,"Cápsulas, parche, corpus, catálogo ES/EN, instrumento y evidencia en Calidad/laboratorio",239 unitarios por modo; corpus 14/106 idéntico; 29 casos x3x2; cuatro clientes negativos,Información diagnóstica aditiva; IR y código productivo conservados,Emisores restantes; DG global; WASI/navegador; productor profesional y proveedores pendientes,Completar emisores y preparar encargo común en SVcustos con esperados custodiados,DIAGNOSTICOS_COMPILADOR_CANDIDATOS_NATIVOS_CONFORMES_CIERRE_GLOBAL_PENDIENTE
RETP-2026-159,12/09/2026,,CANDIDATA_DIAGNOSTICA,Paso 6 / sintaxis / perfil fuente / ES-EN,Intervalos originales en primitivas y causa de grafía incompatible desde el emisor,Pérdida de ubicación sintáctica y causa genérica de perfil,Pilares; perfiles; transición; RETP-109/110; workflow V2; RETP-147/158,"Cápsulas, cambio incremental, casos, catálogo y evidencia en Calidad/laboratorio",239 unitarios por modo; corpus 14/106 idéntico; 40 fuentes y 64 ensamblajes x3x2; sensibilidad 2/2; reproducción portátil,Diagnóstico experimental /2; API heredada e IR conservadas,Emisores restantes; DG global; WASI/navegador; recepción profesional pendientes,Completar emisores diagnósticos; encargo externo pendiente,CONFORME_EN_ALCANCE_NATIVO_CIERRE_GLOBAL_PENDIENTE
