2026-09-09T20:37:02.8817753Z Current runner version: '2.337.0'
2026-09-09T20:37:02.8835742Z ##[group]Runner Image Provisioner
2026-09-09T20:37:02.8836500Z Hosted Compute Agent
2026-09-09T20:37:02.8836928Z Version: 20260828.587
2026-09-09T20:37:02.8837388Z Commit: abac92662cab4cc7352de4f9f9d2e2419aad9c29
2026-09-09T20:37:02.8837911Z Build Date: 2026-08-28T16:44:25Z
2026-09-09T20:37:02.8838383Z Worker ID: {3ce46817-5d76-4194-bf40-5fcdca91b3f9}
2026-09-09T20:37:02.8838908Z Azure Region: centralus
2026-09-09T20:37:02.8839307Z ##[endgroup]
2026-09-09T20:37:02.8840112Z ##[group]Operating System
2026-09-09T20:37:02.8840614Z Ubuntu
2026-09-09T20:37:02.8841012Z 24.04.5
2026-09-09T20:37:02.8841397Z LTS
2026-09-09T20:37:02.8841758Z ##[endgroup]
2026-09-09T20:37:02.8842131Z ##[group]Runner Image
2026-09-09T20:37:02.8842990Z Image: ubuntu-24.04
2026-09-09T20:37:02.8843409Z Version: 20260907.300.1
2026-09-09T20:37:02.8844331Z Included Software: https://github.com/actions/runner-images/blob/ubuntu24/20260907.300/images/ubuntu/Ubuntu2404-Readme.md
2026-09-09T20:37:02.8845367Z Image Release: https://github.com/actions/runner-images/releases/tag/ubuntu24%2F20260907.300
2026-09-09T20:37:02.8846057Z ##[endgroup]
2026-09-09T20:37:02.8846852Z ##[group]GITHUB_TOKEN Permissions
2026-09-09T20:37:02.8848405Z Contents: read
2026-09-09T20:37:02.8848804Z Metadata: read
2026-09-09T20:37:02.8849225Z ##[endgroup]
2026-09-09T20:37:02.8850748Z Secret source: Actions
2026-09-09T20:37:02.8851478Z Cache mode: write
2026-09-09T20:37:02.8851976Z Prepare workflow directory
2026-09-09T20:37:02.9137816Z Prepare all required actions
2026-09-09T20:37:02.9173749Z Getting action download info
2026-09-09T20:37:03.1553917Z Download action repository 'actions/checkout@v4' (SHA:11d5960a326750d5838078e36cf38b85af677262)
2026-09-09T20:37:03.8013783Z Download action repository 'actions/upload-artifact@v4' (SHA:ea165f8d65b6e75b540449e92b4886f43607fa02)
2026-09-09T20:37:04.2834724Z Complete job name: construccion-aislada
2026-09-09T20:37:04.3421415Z Node 20 is being deprecated. This workflow is running with Node 24 by default. If you need to temporarily use Node 20, you can set the ACTIONS_ALLOW_USE_UNSECURE_NODE_VERSION=true environment variable. For more information see: https://github.blog/changelog/2025-09-19-deprecation-of-node-20-on-github-actions-runners/
2026-09-09T20:37:04.3429381Z ##[group]Run actions/checkout@v4
2026-09-09T20:37:04.3430100Z with:
2026-09-09T20:37:04.3430567Z   ref: b7636296f2c75715691464df83a030d006a2f054
2026-09-09T20:37:04.3431420Z   repository: juantoniolloretegea/SV-lenguaje-de-computacion
2026-09-09T20:37:04.3437602Z   token: ***
2026-09-09T20:37:04.3438083Z   ssh-strict: true
2026-09-09T20:37:04.3438554Z   ssh-user: git
2026-09-09T20:37:04.3439015Z   persist-credentials: true
2026-09-09T20:37:04.3439547Z   clean: true
2026-09-09T20:37:04.3440003Z   sparse-checkout-cone-mode: true
2026-09-09T20:37:04.3440561Z   fetch-depth: 1
2026-09-09T20:37:04.3441054Z   fetch-tags: false
2026-09-09T20:37:04.3441617Z   show-progress: true
2026-09-09T20:37:04.3442107Z   lfs: false
2026-09-09T20:37:04.3442667Z   submodules: false
2026-09-09T20:37:04.3443142Z   set-safe-directory: true
2026-09-09T20:37:04.3443706Z   allow-unsafe-pr-checkout: false
2026-09-09T20:37:04.3444443Z ##[endgroup]
2026-09-09T20:37:04.4215952Z Syncing repository: juantoniolloretegea/SV-lenguaje-de-computacion
2026-09-09T20:37:04.4217848Z ##[group]Getting Git version info
2026-09-09T20:37:04.4219055Z Working directory is '/home/runner/work/SV-lenguaje-de-computacion/SV-lenguaje-de-computacion'
2026-09-09T20:37:04.4220419Z [command]/usr/bin/git version
2026-09-09T20:37:04.4298219Z git version 2.55.0
2026-09-09T20:37:04.4344043Z ##[endgroup]
2026-09-09T20:37:04.4356786Z Temporarily overriding HOME='/home/runner/work/_temp/ff0ec481-a43f-4b75-afa5-5d7c94e82d79' before making global git config changes
2026-09-09T20:37:04.4359040Z Adding repository directory to the temporary git global config as a safe directory
2026-09-09T20:37:04.4363149Z [command]/usr/bin/git config --global --add safe.directory /home/runner/work/SV-lenguaje-de-computacion/SV-lenguaje-de-computacion
2026-09-09T20:37:04.4405491Z Deleting the contents of '/home/runner/work/SV-lenguaje-de-computacion/SV-lenguaje-de-computacion'
2026-09-09T20:37:04.4410704Z ##[group]Initializing the repository
2026-09-09T20:37:04.4412002Z [command]/usr/bin/git init /home/runner/work/SV-lenguaje-de-computacion/SV-lenguaje-de-computacion
2026-09-09T20:37:04.4815383Z hint: Using 'master' as the name for the initial branch. This default branch name
2026-09-09T20:37:04.4816609Z hint: will change to "main" in Git 3.0. To configure the initial branch name
2026-09-09T20:37:04.4817827Z hint: to use in all of your new repositories, which will suppress this warning,
2026-09-09T20:37:04.4818706Z hint: call:
2026-09-09T20:37:04.4819104Z hint:
2026-09-09T20:37:04.4819705Z hint: 	git config --global init.defaultBranch <name>
2026-09-09T20:37:04.4820358Z hint:
2026-09-09T20:37:04.4821015Z hint: Names commonly chosen instead of 'master' are 'main', 'trunk' and
2026-09-09T20:37:04.4822152Z hint: 'development'. The just-created branch can be renamed via this command:
2026-09-09T20:37:04.4823257Z hint:
2026-09-09T20:37:04.4823738Z hint: 	git branch -m <name>
2026-09-09T20:37:04.4824247Z hint:
2026-09-09T20:37:04.4824974Z hint: Disable this message with "git config set advice.defaultBranchName false"
2026-09-09T20:37:04.4830062Z Initialized empty Git repository in /home/runner/work/SV-lenguaje-de-computacion/SV-lenguaje-de-computacion/.git/
2026-09-09T20:37:04.4838058Z [command]/usr/bin/git remote add origin https://github.com/juantoniolloretegea/SV-lenguaje-de-computacion
2026-09-09T20:37:04.4909901Z ##[endgroup]
2026-09-09T20:37:04.4911004Z ##[group]Disabling automatic garbage collection
2026-09-09T20:37:04.4912287Z [command]/usr/bin/git config --local gc.auto 0
2026-09-09T20:37:04.4937127Z ##[endgroup]
2026-09-09T20:37:04.4938728Z ##[group]Setting up auth
2026-09-09T20:37:04.4943063Z [command]/usr/bin/git config --local --name-only --get-regexp core\.sshCommand
2026-09-09T20:37:04.4966274Z [command]/usr/bin/git submodule foreach --recursive sh -c "git config --local --name-only --get-regexp 'core\.sshCommand' && git config --local --unset-all 'core.sshCommand' || :"
2026-09-09T20:37:04.5266210Z [command]/usr/bin/git config --local --name-only --get-regexp http\.https\:\/\/github\.com\/\.extraheader
2026-09-09T20:37:04.5289314Z [command]/usr/bin/git submodule foreach --recursive sh -c "git config --local --name-only --get-regexp 'http\.https\:\/\/github\.com\/\.extraheader' && git config --local --unset-all 'http.https://github.com/.extraheader' || :"
2026-09-09T20:37:04.5431257Z [command]/usr/bin/git config --local --name-only --get-regexp ^includeIf\.gitdir:
2026-09-09T20:37:04.5455192Z [command]/usr/bin/git submodule foreach --recursive git config --local --show-origin --name-only --get-regexp remote.origin.url
2026-09-09T20:37:04.5601253Z [command]/usr/bin/git config --local http.https://github.com/.extraheader AUTHORIZATION: basic ***
2026-09-09T20:37:04.5627100Z ##[endgroup]
2026-09-09T20:37:04.5628493Z ##[group]Fetching the repository
2026-09-09T20:37:04.5635663Z [command]/usr/bin/git -c protocol.version=2 fetch --no-tags --prune --no-recurse-submodules --depth=1 origin b7636296f2c75715691464df83a030d006a2f054
2026-09-09T20:37:05.7987904Z From https://github.com/juantoniolloretegea/SV-lenguaje-de-computacion
2026-09-09T20:37:05.7989792Z  * branch            b7636296f2c75715691464df83a030d006a2f054 -> FETCH_HEAD
2026-09-09T20:37:05.7994396Z ##[endgroup]
2026-09-09T20:37:05.7996548Z ##[group]Determining the checkout info
2026-09-09T20:37:05.7998086Z ##[endgroup]
2026-09-09T20:37:05.8009443Z [command]/usr/bin/git sparse-checkout disable
2026-09-09T20:37:05.8407559Z [command]/usr/bin/git config --local --unset-all extensions.worktreeConfig
2026-09-09T20:37:05.8428984Z ##[group]Checking out the ref
2026-09-09T20:37:05.8431909Z [command]/usr/bin/git checkout --progress --force b7636296f2c75715691464df83a030d006a2f054
2026-09-09T20:37:05.8755952Z Note: switching to 'b7636296f2c75715691464df83a030d006a2f054'.
2026-09-09T20:37:05.8756496Z 
2026-09-09T20:37:05.8756715Z You are in 'detached HEAD' state. You can look around, make experimental
2026-09-09T20:37:05.8757314Z changes and commit them, and you can discard any commits you make in this
2026-09-09T20:37:05.8757751Z state without impacting any branches by switching back to a branch.
2026-09-09T20:37:05.8758002Z 
2026-09-09T20:37:05.8758245Z If you want to create a new branch to retain commits you create, you may
2026-09-09T20:37:05.8758686Z do so (now or later) by using -c with the switch command. Example:
2026-09-09T20:37:05.8758931Z 
2026-09-09T20:37:05.8759261Z   git switch -c <new-branch-name>
2026-09-09T20:37:05.8759531Z 
2026-09-09T20:37:05.8759733Z Or undo this operation with:
2026-09-09T20:37:05.8759972Z 
2026-09-09T20:37:05.8760138Z   git switch -
2026-09-09T20:37:05.8760375Z 
2026-09-09T20:37:05.8760733Z Turn off this advice by setting config variable advice.detachedHead to false
2026-09-09T20:37:05.8761086Z 
2026-09-09T20:37:05.8761761Z HEAD is now at b763629 Conservar las aserciones E115 del lector de proyección ante la envoltura diagnóstica
2026-09-09T20:37:05.8767132Z ##[endgroup]
2026-09-09T20:37:05.8797188Z [command]/usr/bin/git log -1 --format=%H
2026-09-09T20:37:05.8813671Z b7636296f2c75715691464df83a030d006a2f054
2026-09-09T20:37:05.8974712Z ##[group]Run rustup toolchain install 1.98.0 --profile minimal
2026-09-09T20:37:05.8975215Z [36;1mrustup toolchain install 1.98.0 --profile minimal[0m
2026-09-09T20:37:05.8975622Z [36;1mrustup default 1.98.0[0m
2026-09-09T20:37:05.8975916Z [36;1mrustc --version[0m
2026-09-09T20:37:05.8976171Z [36;1mcargo --version[0m
2026-09-09T20:37:05.8999778Z shell: /usr/bin/bash --noprofile --norc -e -o pipefail {0}
2026-09-09T20:37:05.9000227Z ##[endgroup]
2026-09-09T20:37:06.0454247Z info: syncing channel updates for 1.98.0-x86_64-unknown-linux-gnu
2026-09-09T20:37:06.3232773Z info: latest update on 2026-08-20 for version 1.98.0 (88d9e12ae 2026-08-18)
2026-09-09T20:37:06.3233273Z info: downloading 3 components
2026-09-09T20:37:13.0740304Z 
2026-09-09T20:37:13.0810971Z   1.98.0-x86_64-unknown-linux-gnu installed - rustc 1.98.0 (88d9e12ae 2026-08-18)
2026-09-09T20:37:13.0811498Z 
2026-09-09T20:37:13.0873315Z info: using existing install for 1.98.0-x86_64-unknown-linux-gnu
2026-09-09T20:37:13.0886980Z info: default toolchain set to 1.98.0-x86_64-unknown-linux-gnu
2026-09-09T20:37:13.0887360Z 
2026-09-09T20:37:13.0952993Z   1.98.0-x86_64-unknown-linux-gnu unchanged - rustc 1.98.0 (88d9e12ae 2026-08-18)
2026-09-09T20:37:13.0953516Z 
2026-09-09T20:37:13.1058765Z rustc 1.98.0 (88d9e12ae 2026-08-18)
2026-09-09T20:37:13.1127423Z cargo 1.98.0 (797e8a9bc 2026-08-05)
2026-09-09T20:37:13.1185255Z ##[group]Run mkdir -p artifacts/fila7
2026-09-09T20:37:13.1185585Z [36;1mmkdir -p artifacts/fila7[0m
2026-09-09T20:37:13.1185880Z [36;1mcut=$(git rev-parse HEAD)[0m
2026-09-09T20:37:13.1186187Z [36;1mtest "$cut" = 'b7636296f2c75715691464df83a030d006a2f054'[0m
2026-09-09T20:37:13.1186645Z [36;1mbash tests/row7_candidate/empaquetar.sh "$cut" artifacts/fila7/paquete[0m
2026-09-09T20:37:13.1187213Z [36;1mbash tests/row7_candidate/empaquetar.sh "$cut" artifacts/fila7/repeticion[0m
2026-09-09T20:37:13.1187712Z [36;1mcmp artifacts/fila7/paquete/fila7-fuentes.tar.gz artifacts/fila7/repeticion/fila7-fuentes.tar.gz[0m
2026-09-09T20:37:13.1188397Z [36;1mbash tests/row7_candidate/autoprueba_paquete.sh artifacts/fila7/paquete/fuentes | tee artifacts/fila7/controles-paquete.txt[0m
2026-09-09T20:37:13.1189167Z [36;1mbash tests/row7_candidate/autoprueba_permisos.sh "$cut" | tee artifacts/fila7/controles-permisos.txt[0m
2026-09-09T20:37:13.1210426Z shell: /usr/bin/bash --noprofile --norc -e -o pipefail {0}
2026-09-09T20:37:13.1210750Z ##[endgroup]
2026-09-09T20:37:13.2060700Z CONFORME_EN_INTEGRIDAD_DE_PAQUETE
2026-09-09T20:37:13.2369731Z Paquete del corte b7636296f2c75715691464df83a030d006a2f054; 252 archivos Git y dos objetos de inventario.
2026-09-09T20:37:13.3157138Z CONFORME_EN_INTEGRIDAD_DE_PAQUETE
2026-09-09T20:37:13.3460642Z Paquete del corte b7636296f2c75715691464df83a030d006a2f054; 252 archivos Git y dos objetos de inventario.
2026-09-09T20:37:13.3961634Z CONFORME_EN_INTEGRIDAD_DE_PAQUETE
2026-09-09T20:37:13.4262984Z PYTHON: RECHAZADO por PAQUETE_TIPO
2026-09-09T20:37:13.4742060Z INESPERADO: RECHAZADO por PAQUETE_INVENTARIO
2026-09-09T20:37:13.4931416Z AUSENTE: RECHAZADO por PAQUETE_AUSENTE
2026-09-09T20:37:13.5452841Z ALTERADO: RECHAZADO por PAQUETE_HUELLA
2026-09-09T20:37:13.6241109Z FIFO: RECHAZADO por PAQUETE_TIPO_ESPECIAL
2026-09-09T20:37:13.6356243Z FIFO_PERMITIDO: RECHAZADO por PAQUETE_TIPO_ESPECIAL
2026-09-09T20:37:13.6476962Z FIFO_CORTE: RECHAZADO por PAQUETE_TIPO_ESPECIAL
2026-09-09T20:37:13.6575404Z ENLACE: RECHAZADO por PAQUETE_ENLACE
2026-09-09T20:37:13.6576172Z Controles de paquete: 8/8 rechazados por su causa; control íntegro admitido.
2026-09-09T20:37:13.7622571Z CONFORME_EN_INTEGRIDAD_DE_PAQUETE
2026-09-09T20:37:13.7927250Z Paquete del corte b7636296f2c75715691464df83a030d006a2f054; 252 archivos Git y dos objetos de inventario.
2026-09-09T20:37:13.8696261Z CONFORME_EN_INTEGRIDAD_DE_PAQUETE
2026-09-09T20:37:13.8999748Z Paquete del corte b7636296f2c75715691464df83a030d006a2f054; 252 archivos Git y dos objetos de inventario.
2026-09-09T20:37:13.9013685Z PERMISOS_INDEPENDIENTES: máscaras de proceso y Git 0000/0077; paquete idéntico.
2026-09-09T20:37:13.9029064Z 566b002a54c2da3c15eb43b135561728b27dd738874c904cda72a7293f0f209b
2026-09-09T20:37:13.9109775Z ##[group]Run docker pull ubuntu:24.04
2026-09-09T20:37:13.9110169Z [36;1mdocker pull ubuntu:24.04[0m
2026-09-09T20:37:13.9110536Z [36;1mbase_image=$(docker image inspect ubuntu:24.04 --format '{{index .RepoDigests 0}}')[0m
2026-09-09T20:37:13.9110980Z [36;1mprintf '%s\n' "$base_image" > artifacts/fila7/imagen-base.txt[0m
2026-09-09T20:37:13.9111438Z [36;1mdocker build --build-arg BASE_IMAGE="$base_image" -t sv-fila7-sin-interpretes tests/row7_candidate[0m
2026-09-09T20:37:13.9111933Z [36;1mdocker image inspect sv-fila7-sin-interpretes > artifacts/fila7/imagen-ejecutada.json[0m
2026-09-09T20:37:13.9136938Z shell: /usr/bin/bash --noprofile --norc -e -o pipefail {0}
2026-09-09T20:37:13.9137315Z ##[endgroup]
2026-09-09T20:37:15.9371098Z 24.04: Pulling from library/ubuntu
2026-09-09T20:37:16.1641888Z e51aee9c82ec: Pulling fs layer
2026-09-09T20:37:16.5282599Z e51aee9c82ec: Verifying Checksum
2026-09-09T20:37:16.5283062Z e51aee9c82ec: Download complete
2026-09-09T20:37:17.3389552Z e51aee9c82ec: Pull complete
2026-09-09T20:37:17.5071815Z Digest: sha256:224a1869083a311ef3f13648a154ba79832fbef6364d31493642ca03082da254
2026-09-09T20:37:17.5968537Z Status: Downloaded newer image for ubuntu:24.04
2026-09-09T20:37:17.5982268Z docker.io/library/ubuntu:24.04
2026-09-09T20:37:20.0279930Z #0 building with "default" instance using docker driver
2026-09-09T20:37:20.0280219Z 
2026-09-09T20:37:20.0280544Z #1 [internal] load build definition from Dockerfile
2026-09-09T20:37:20.0280915Z #1 transferring dockerfile: 317B 0.0s done
2026-09-09T20:37:20.0281190Z #1 DONE 0.1s
2026-09-09T20:37:20.1493964Z 
2026-09-09T20:37:20.1495319Z #2 [internal] load metadata for docker.io/library/ubuntu@sha256:224a1869083a311ef3f13648a154ba79832fbef6364d31493642ca03082da254
2026-09-09T20:37:20.1495897Z #2 DONE 0.0s
2026-09-09T20:37:20.1496137Z 
2026-09-09T20:37:20.1496304Z #3 [internal] load .dockerignore
2026-09-09T20:37:20.1496938Z #3 transferring context:
2026-09-09T20:37:20.3588073Z #3 transferring context: 2B done
2026-09-09T20:37:20.3588791Z #3 DONE 0.2s
2026-09-09T20:37:20.3589259Z 
2026-09-09T20:37:20.3589933Z #4 [1/3] FROM docker.io/library/ubuntu@sha256:224a1869083a311ef3f13648a154ba79832fbef6364d31493642ca03082da254
2026-09-09T20:37:20.6241643Z #4 DONE 0.4s
2026-09-09T20:37:20.7775875Z 
2026-09-09T20:37:20.7779638Z #5 [2/3] RUN apt-get update  && apt-get install -y --no-install-recommends gcc libc6-dev ca-certificates  && rm -rf /var/lib/apt/lists/*
2026-09-09T20:37:21.4537133Z #5 0.826 Get:1 http://security.ubuntu.com/ubuntu noble-security InRelease [126 kB]
2026-09-09T20:37:21.6660809Z #5 0.888 Get:2 http://archive.ubuntu.com/ubuntu noble InRelease [256 kB]
2026-09-09T20:37:22.0932202Z #5 1.466 Get:3 http://security.ubuntu.com/ubuntu noble-security/restricted amd64 Packages [1791 kB]
2026-09-09T20:37:22.3740304Z #5 1.747 Get:4 http://archive.ubuntu.com/ubuntu noble-updates InRelease [126 kB]
2026-09-09T20:37:22.5722785Z #5 1.945 Get:5 http://archive.ubuntu.com/ubuntu noble-backports InRelease [126 kB]
2026-09-09T20:37:22.7710029Z #5 2.144 Get:6 http://archive.ubuntu.com/ubuntu noble/restricted amd64 Packages [117 kB]
2026-09-09T20:37:22.9845070Z #5 2.203 Get:7 http://archive.ubuntu.com/ubuntu noble/main amd64 Packages [1808 kB]
2026-09-09T20:37:22.9845884Z #5 2.213 Get:8 http://security.ubuntu.com/ubuntu noble-security/universe amd64 Packages [1530 kB]
2026-09-09T20:37:22.9846813Z #5 2.357 Get:9 http://security.ubuntu.com/ubuntu noble-security/main amd64 Packages [1240 kB]
2026-09-09T20:37:23.0878287Z #5 2.461 Get:10 http://security.ubuntu.com/ubuntu noble-security/multiverse amd64 Packages [50.0 kB]
2026-09-09T20:37:23.3498031Z #5 2.723 Get:11 http://archive.ubuntu.com/ubuntu noble/multiverse amd64 Packages [331 kB]
2026-09-09T20:37:23.5297658Z #5 2.752 Get:12 http://archive.ubuntu.com/ubuntu noble/universe amd64 Packages [19.3 MB]
2026-09-09T20:37:24.3185641Z #5 3.691 Get:13 http://archive.ubuntu.com/ubuntu noble-updates/multiverse amd64 Packages [55.8 kB]
2026-09-09T20:37:24.4869481Z #5 3.692 Get:14 http://archive.ubuntu.com/ubuntu noble-updates/restricted amd64 Packages [1902 kB]
2026-09-09T20:37:24.4870569Z #5 3.697 Get:15 http://archive.ubuntu.com/ubuntu noble-updates/main amd64 Packages [1562 kB]
2026-09-09T20:37:24.4871277Z #5 3.702 Get:16 http://archive.ubuntu.com/ubuntu noble-updates/universe amd64 Packages [2151 kB]
2026-09-09T20:37:24.4871987Z #5 3.708 Get:17 http://archive.ubuntu.com/ubuntu noble-backports/main amd64 Packages [48.9 kB]
2026-09-09T20:37:24.4873007Z #5 3.709 Get:18 http://archive.ubuntu.com/ubuntu noble-backports/multiverse amd64 Packages [671 B]
2026-09-09T20:37:24.4873761Z #5 3.709 Get:19 http://archive.ubuntu.com/ubuntu noble-backports/universe amd64 Packages [35.9 kB]
2026-09-09T20:37:24.9699020Z #5 4.343 Fetched 32.6 MB in 4s (8718 kB/s)
2026-09-09T20:37:25.5765042Z #5 4.343 Reading package lists...
2026-09-09T20:37:26.2397712Z #5 5.013 Reading package lists...
2026-09-09T20:37:26.3805184Z #5 5.622 Building dependency tree...
2026-09-09T20:37:26.3805656Z #5 5.753 Reading state information...
2026-09-09T20:37:26.5241776Z #5 5.897 The following additional packages will be installed:
2026-09-09T20:37:26.5242851Z #5 5.897   binutils binutils-common binutils-x86-64-linux-gnu cpp cpp-13
2026-09-09T20:37:26.5243878Z #5 5.897   cpp-13-x86-64-linux-gnu cpp-x86-64-linux-gnu gcc-13 gcc-13-base
2026-09-09T20:37:26.5244541Z #5 5.897   gcc-13-x86-64-linux-gnu gcc-x86-64-linux-gnu libasan8 libatomic1 libbinutils
2026-09-09T20:37:26.6453762Z #5 5.897   libc-dev-bin libcc1-0 libcrypt-dev libctf-nobfd0 libctf0 libgcc-13-dev
2026-09-09T20:37:26.6454483Z #5 5.897   libgomp1 libgprofng0 libhwasan0 libisl23 libitm1 libjansson4 liblsan0
2026-09-09T20:37:26.6455041Z #5 5.898   libmpc3 libmpfr6 libquadmath0 libsframe1 libtsan2 libubsan1 linux-libc-dev
2026-09-09T20:37:26.6455600Z #5 5.898   openssl rpcsvc-proto
2026-09-09T20:37:26.6455894Z #5 5.899 Suggested packages:
2026-09-09T20:37:26.6456335Z #5 5.899   binutils-doc gprofng-gui cpp-doc gcc-13-locales cpp-13-doc gcc-multilib make
2026-09-09T20:37:26.6456930Z #5 5.899   manpages-dev autoconf automake libtool flex bison gdb gcc-doc
2026-09-09T20:37:26.6457379Z #5 5.899   gcc-13-multilib gcc-13-doc gdb-x86-64-linux-gnu glibc-doc
2026-09-09T20:37:26.6457843Z #5 5.899 Recommended packages:
2026-09-09T20:37:26.6458159Z #5 5.899   manpages manpages-dev libc-devtools
2026-09-09T20:37:26.6458600Z #5 6.018 The following NEW packages will be installed:
2026-09-09T20:37:26.6459056Z #5 6.018   binutils binutils-common binutils-x86-64-linux-gnu ca-certificates cpp
2026-09-09T20:37:26.8854989Z #5 6.018   cpp-13 cpp-13-x86-64-linux-gnu cpp-x86-64-linux-gnu gcc gcc-13 gcc-13-base
2026-09-09T20:37:26.8855767Z #5 6.020   gcc-13-x86-64-linux-gnu gcc-x86-64-linux-gnu libasan8 libatomic1 libbinutils
2026-09-09T20:37:26.8856230Z #5 6.020   libc-dev-bin libc6-dev libcc1-0 libcrypt-dev libctf-nobfd0 libctf0
2026-09-09T20:37:26.8856926Z #5 6.020   libgcc-13-dev libgomp1 libgprofng0 libhwasan0 libisl23 libitm1 libjansson4
2026-09-09T20:37:26.8857390Z #5 6.020   liblsan0 libmpc3 libmpfr6 libquadmath0 libsframe1 libtsan2 libubsan1
2026-09-09T20:37:26.8857766Z #5 6.020   linux-libc-dev openssl rpcsvc-proto
2026-09-09T20:37:26.8858107Z #5 6.108 0 upgraded, 39 newly installed, 0 to remove and 1 not upgraded.
2026-09-09T20:37:26.8858420Z #5 6.108 Need to get 55.9 MB of archives.
2026-09-09T20:37:26.8858779Z #5 6.108 After this operation, 192 MB of additional disk space will be used.
2026-09-09T20:37:26.8859280Z #5 6.108 Get:1 http://archive.ubuntu.com/ubuntu noble-updates/main amd64 openssl amd64 3.0.13-0ubuntu3.15 [1003 kB]
2026-09-09T20:37:27.0482978Z #5 6.421 Get:2 http://archive.ubuntu.com/ubuntu noble-updates/main amd64 ca-certificates all 20260601~24.04.1 [139 kB]
2026-09-09T20:37:27.1552919Z #5 6.426 Get:3 http://archive.ubuntu.com/ubuntu noble/main amd64 libjansson4 amd64 2.14-2build2 [32.8 kB]
2026-09-09T20:37:27.1553760Z #5 6.426 Get:4 http://archive.ubuntu.com/ubuntu noble-updates/main amd64 binutils-common amd64 2.42-4ubuntu2.10 [240 kB]
2026-09-09T20:37:27.1555392Z #5 6.435 Get:5 http://archive.ubuntu.com/ubuntu noble-updates/main amd64 libsframe1 amd64 2.42-4ubuntu2.10 [15.7 kB]
2026-09-09T20:37:27.1556820Z #5 6.456 Get:6 http://archive.ubuntu.com/ubuntu noble-updates/main amd64 libbinutils amd64 2.42-4ubuntu2.10 [577 kB]
2026-09-09T20:37:27.1557456Z #5 6.476 Get:7 http://archive.ubuntu.com/ubuntu noble-updates/main amd64 libctf-nobfd0 amd64 2.42-4ubuntu2.10 [98.0 kB]
2026-09-09T20:37:27.1558016Z #5 6.491 Get:8 http://archive.ubuntu.com/ubuntu noble-updates/main amd64 libctf0 amd64 2.42-4ubuntu2.10 [94.5 kB]
2026-09-09T20:37:27.1559200Z #5 6.493 Get:9 http://archive.ubuntu.com/ubuntu noble-updates/main amd64 libgprofng0 amd64 2.42-4ubuntu2.10 [849 kB]
2026-09-09T20:37:27.1559798Z #5 6.528 Get:10 http://archive.ubuntu.com/ubuntu noble-updates/main amd64 binutils-x86-64-linux-gnu amd64 2.42-4ubuntu2.10 [2463 kB]
2026-09-09T20:37:27.3313178Z #5 6.579 Get:11 http://archive.ubuntu.com/ubuntu noble-updates/main amd64 binutils amd64 2.42-4ubuntu2.10 [18.2 kB]
2026-09-09T20:37:27.3315699Z #5 6.580 Get:12 http://archive.ubuntu.com/ubuntu noble-updates/main amd64 gcc-13-base amd64 13.3.0-6ubuntu2~24.04.1 [51.6 kB]
2026-09-09T20:37:27.3317540Z #5 6.580 Get:13 http://archive.ubuntu.com/ubuntu noble-updates/main amd64 libisl23 amd64 0.26-3build1.1 [680 kB]
2026-09-09T20:37:27.3318165Z #5 6.599 Get:14 http://archive.ubuntu.com/ubuntu noble-updates/main amd64 libmpfr6 amd64 4.2.1-1build1.1 [353 kB]
2026-09-09T20:37:27.3321828Z #5 6.602 Get:15 http://archive.ubuntu.com/ubuntu noble-updates/main amd64 libmpc3 amd64 1.3.1-1build1.1 [54.6 kB]
2026-09-09T20:37:27.3324469Z #5 6.603 Get:16 http://archive.ubuntu.com/ubuntu noble-updates/main amd64 cpp-13-x86-64-linux-gnu amd64 13.3.0-6ubuntu2~24.04.1 [10.7 MB]
2026-09-09T20:37:27.3328198Z #5 6.703 Get:17 http://archive.ubuntu.com/ubuntu noble-updates/main amd64 cpp-13 amd64 13.3.0-6ubuntu2~24.04.1 [1042 B]
2026-09-09T20:37:27.3328785Z #5 6.703 Get:18 http://archive.ubuntu.com/ubuntu noble/main amd64 cpp-x86-64-linux-gnu amd64 4:13.2.0-7ubuntu1 [5326 B]
2026-09-09T20:37:27.4436512Z #5 6.704 Get:19 http://archive.ubuntu.com/ubuntu noble/main amd64 cpp amd64 4:13.2.0-7ubuntu1 [22.4 kB]
2026-09-09T20:37:27.4439910Z #5 6.704 Get:20 http://archive.ubuntu.com/ubuntu noble-updates/main amd64 libcc1-0 amd64 14.2.0-4ubuntu2~24.04.1 [48.0 kB]
2026-09-09T20:37:27.4441757Z #5 6.705 Get:21 http://archive.ubuntu.com/ubuntu noble-updates/main amd64 libgomp1 amd64 14.2.0-4ubuntu2~24.04.1 [148 kB]
2026-09-09T20:37:27.4443111Z #5 6.705 Get:22 http://archive.ubuntu.com/ubuntu noble-updates/main amd64 libitm1 amd64 14.2.0-4ubuntu2~24.04.1 [29.7 kB]
2026-09-09T20:37:27.4445005Z #5 6.706 Get:23 http://archive.ubuntu.com/ubuntu noble-updates/main amd64 libatomic1 amd64 14.2.0-4ubuntu2~24.04.1 [10.5 kB]
2026-09-09T20:37:27.4446920Z #5 6.706 Get:24 http://archive.ubuntu.com/ubuntu noble-updates/main amd64 libasan8 amd64 14.2.0-4ubuntu2~24.04.1 [3027 kB]
2026-09-09T20:37:27.4448357Z #5 6.720 Get:25 http://archive.ubuntu.com/ubuntu noble-updates/main amd64 liblsan0 amd64 14.2.0-4ubuntu2~24.04.1 [1322 kB]
2026-09-09T20:37:27.4449063Z #5 6.740 Get:26 http://archive.ubuntu.com/ubuntu noble-updates/main amd64 libtsan2 amd64 14.2.0-4ubuntu2~24.04.1 [2772 kB]
2026-09-09T20:37:27.4449788Z #5 6.784 Get:27 http://archive.ubuntu.com/ubuntu noble-updates/main amd64 libubsan1 amd64 14.2.0-4ubuntu2~24.04.1 [1184 kB]
2026-09-09T20:37:27.4450453Z #5 6.791 Get:28 http://archive.ubuntu.com/ubuntu noble-updates/main amd64 libhwasan0 amd64 14.2.0-4ubuntu2~24.04.1 [1641 kB]
2026-09-09T20:37:27.4451098Z #5 6.800 Get:29 http://archive.ubuntu.com/ubuntu noble-updates/main amd64 libquadmath0 amd64 14.2.0-4ubuntu2~24.04.1 [153 kB]
2026-09-09T20:37:27.4452116Z #5 6.801 Get:30 http://archive.ubuntu.com/ubuntu noble-updates/main amd64 libgcc-13-dev amd64 13.3.0-6ubuntu2~24.04.1 [2681 kB]
2026-09-09T20:37:27.4453004Z #5 6.816 Get:31 http://archive.ubuntu.com/ubuntu noble-updates/main amd64 gcc-13-x86-64-linux-gnu amd64 13.3.0-6ubuntu2~24.04.1 [21.1 MB]
2026-09-09T20:37:27.5474749Z #5 6.920 Get:32 http://archive.ubuntu.com/ubuntu noble-updates/main amd64 gcc-13 amd64 13.3.0-6ubuntu2~24.04.1 [494 kB]
2026-09-09T20:37:27.7092836Z #5 6.922 Get:33 http://archive.ubuntu.com/ubuntu noble/main amd64 gcc-x86-64-linux-gnu amd64 4:13.2.0-7ubuntu1 [1212 B]
2026-09-09T20:37:27.7093635Z #5 6.922 Get:34 http://archive.ubuntu.com/ubuntu noble/main amd64 gcc amd64 4:13.2.0-7ubuntu1 [5018 B]
2026-09-09T20:37:27.7094235Z #5 6.923 Get:35 http://archive.ubuntu.com/ubuntu noble-updates/main amd64 libc-dev-bin amd64 2.39-0ubuntu8.8 [20.4 kB]
2026-09-09T20:37:27.7094901Z #5 6.924 Get:36 http://archive.ubuntu.com/ubuntu noble-updates/main amd64 linux-libc-dev amd64 6.8.0-139.139 [1527 kB]
2026-09-09T20:37:27.7095567Z #5 6.930 Get:37 http://archive.ubuntu.com/ubuntu noble/main amd64 libcrypt-dev amd64 1:4.4.36-4build1 [112 kB]
2026-09-09T20:37:27.7096167Z #5 6.931 Get:38 http://archive.ubuntu.com/ubuntu noble/main amd64 rpcsvc-proto amd64 1.4.2-0ubuntu7 [67.4 kB]
2026-09-09T20:37:27.7096788Z #5 6.932 Get:39 http://archive.ubuntu.com/ubuntu noble-updates/main amd64 libc6-dev amd64 2.39-0ubuntu8.8 [2125 kB]
2026-09-09T20:37:27.7914972Z #5 7.164 debconf: delaying package configuration, since apt-utils is not installed
2026-09-09T20:37:28.0022661Z #5 7.202 Fetched 55.9 MB in 1s (61.1 MB/s)
2026-09-09T20:37:28.0023544Z #5 7.217 Selecting previously unselected package openssl.
2026-09-09T20:37:28.0023894Z #5 7.217 (Reading database ... 
2026-09-09T20:37:28.0024179Z (Reading database ... 5%
2026-09-09T20:37:28.0024456Z (Reading database ... 10%
2026-09-09T20:37:28.0024713Z (Reading database ... 15%
2026-09-09T20:37:28.0024997Z (Reading database ... 20%
2026-09-09T20:37:28.0025289Z (Reading database ... 25%
2026-09-09T20:37:28.0025574Z (Reading database ... 30%
2026-09-09T20:37:28.0025836Z (Reading database ... 35%
2026-09-09T20:37:28.0026084Z (Reading database ... 40%
2026-09-09T20:37:28.0026372Z (Reading database ... 45%
2026-09-09T20:37:28.0026651Z (Reading database ... 50%
2026-09-09T20:37:28.0026897Z (Reading database ... 55%
2026-09-09T20:37:28.0027185Z (Reading database ... 60%
2026-09-09T20:37:28.0027434Z (Reading database ... 65%
2026-09-09T20:37:28.0027696Z (Reading database ... 70%
2026-09-09T20:37:28.0027955Z (Reading database ... 75%
2026-09-09T20:37:28.0028203Z (Reading database ... 80%
2026-09-09T20:37:28.0028497Z (Reading database ... 85%
2026-09-09T20:37:28.0028746Z (Reading database ... 90%
2026-09-09T20:37:28.0029007Z (Reading database ... 95%
2026-09-09T20:37:28.0029296Z (Reading database ... 100%
2026-09-09T20:37:28.0029630Z (Reading database ... 4381 files and directories currently installed.)
2026-09-09T20:37:28.0030075Z #5 7.222 Preparing to unpack .../00-openssl_3.0.13-0ubuntu3.15_amd64.deb ...
2026-09-09T20:37:28.0030783Z #5 7.225 Unpacking openssl (3.0.13-0ubuntu3.15) ...
2026-09-09T20:37:28.1565964Z #5 7.529 Selecting previously unselected package ca-certificates.
2026-09-09T20:37:28.2764649Z #5 7.531 Preparing to unpack .../01-ca-certificates_20260601~24.04.1_all.deb ...
2026-09-09T20:37:28.2765465Z #5 7.566 Unpacking ca-certificates (20260601~24.04.1) ...
2026-09-09T20:37:28.2765833Z #5 7.648 Selecting previously unselected package libjansson4:amd64.
2026-09-09T20:37:28.4081559Z #5 7.650 Preparing to unpack .../02-libjansson4_2.14-2build2_amd64.deb ...
2026-09-09T20:37:28.4082089Z #5 7.655 Unpacking libjansson4:amd64 (2.14-2build2) ...
2026-09-09T20:37:28.4082705Z #5 7.673 Selecting previously unselected package binutils-common:amd64.
2026-09-09T20:37:28.4083183Z #5 7.674 Preparing to unpack .../03-binutils-common_2.42-4ubuntu2.10_amd64.deb ...
2026-09-09T20:37:28.4083563Z #5 7.676 Unpacking binutils-common:amd64 (2.42-4ubuntu2.10) ...
2026-09-09T20:37:28.4084011Z #5 7.781 Selecting previously unselected package libsframe1:amd64.
2026-09-09T20:37:28.5264528Z #5 7.782 Preparing to unpack .../04-libsframe1_2.42-4ubuntu2.10_amd64.deb ...
2026-09-09T20:37:28.5265485Z #5 7.784 Unpacking libsframe1:amd64 (2.42-4ubuntu2.10) ...
2026-09-09T20:37:28.5265883Z #5 7.898 Selecting previously unselected package libbinutils:amd64.
2026-09-09T20:37:28.6794334Z #5 7.900 Preparing to unpack .../05-libbinutils_2.42-4ubuntu2.10_amd64.deb ...
2026-09-09T20:37:28.6794981Z #5 7.902 Unpacking libbinutils:amd64 (2.42-4ubuntu2.10) ...
2026-09-09T20:37:28.7645830Z #5 8.137 Selecting previously unselected package libctf-nobfd0:amd64.
2026-09-09T20:37:28.8654541Z #5 8.139 Preparing to unpack .../06-libctf-nobfd0_2.42-4ubuntu2.10_amd64.deb ...
2026-09-09T20:37:28.8654998Z #5 8.167 Unpacking libctf-nobfd0:amd64 (2.42-4ubuntu2.10) ...
2026-09-09T20:37:28.8655447Z #5 8.235 Selecting previously unselected package libctf0:amd64.
2026-09-09T20:37:28.8655831Z #5 8.236 Preparing to unpack .../07-libctf0_2.42-4ubuntu2.10_amd64.deb ...
2026-09-09T20:37:28.8656258Z #5 8.238 Unpacking libctf0:amd64 (2.42-4ubuntu2.10) ...
2026-09-09T20:37:29.0966897Z #5 8.258 Selecting previously unselected package libgprofng0:amd64.
2026-09-09T20:37:29.0967656Z #5 8.259 Preparing to unpack .../08-libgprofng0_2.42-4ubuntu2.10_amd64.deb ...
2026-09-09T20:37:29.0968083Z #5 8.262 Unpacking libgprofng0:amd64 (2.42-4ubuntu2.10) ...
2026-09-09T20:37:29.0968478Z #5 8.286 Selecting previously unselected package binutils-x86-64-linux-gnu.
2026-09-09T20:37:29.0968991Z #5 8.288 Preparing to unpack .../09-binutils-x86-64-linux-gnu_2.42-4ubuntu2.10_amd64.deb ...
2026-09-09T20:37:29.0969400Z #5 8.319 Unpacking binutils-x86-64-linux-gnu (2.42-4ubuntu2.10) ...
2026-09-09T20:37:29.1631228Z #5 8.536 Selecting previously unselected package binutils.
2026-09-09T20:37:29.3955338Z #5 8.537 Preparing to unpack .../10-binutils_2.42-4ubuntu2.10_amd64.deb ...
2026-09-09T20:37:29.3955990Z #5 8.556 Unpacking binutils (2.42-4ubuntu2.10) ...
2026-09-09T20:37:29.3956365Z #5 8.599 Selecting previously unselected package gcc-13-base:amd64.
2026-09-09T20:37:29.3956736Z #5 8.600 Preparing to unpack .../11-gcc-13-base_13.3.0-6ubuntu2~24.04.1_amd64.deb ...
2026-09-09T20:37:29.3957201Z #5 8.618 Unpacking gcc-13-base:amd64 (13.3.0-6ubuntu2~24.04.1) ...
2026-09-09T20:37:29.4273470Z #5 8.800 Selecting previously unselected package libisl23:amd64.
2026-09-09T20:37:29.5810191Z #5 8.801 Preparing to unpack .../12-libisl23_0.26-3build1.1_amd64.deb ...
2026-09-09T20:37:29.5810876Z #5 8.803 Unpacking libisl23:amd64 (0.26-3build1.1) ...
2026-09-09T20:37:29.6557548Z #5 9.028 Selecting previously unselected package libmpfr6:amd64.
2026-09-09T20:37:29.8081440Z #5 9.029 Preparing to unpack .../13-libmpfr6_4.2.1-1build1.1_amd64.deb ...
2026-09-09T20:37:29.8082013Z #5 9.030 Unpacking libmpfr6:amd64 (4.2.1-1build1.1) ...
2026-09-09T20:37:29.8717386Z #5 9.245 Selecting previously unselected package libmpc3:amd64.
2026-09-09T20:37:29.9927867Z #5 9.246 Preparing to unpack .../14-libmpc3_1.3.1-1build1.1_amd64.deb ...
2026-09-09T20:37:29.9928577Z #5 9.247 Unpacking libmpc3:amd64 (1.3.1-1build1.1) ...
2026-09-09T20:37:29.9929063Z #5 9.366 Selecting previously unselected package cpp-13-x86-64-linux-gnu.
2026-09-09T20:37:30.2049580Z #5 9.367 Preparing to unpack .../15-cpp-13-x86-64-linux-gnu_13.3.0-6ubuntu2~24.04.1_amd64.deb ...
2026-09-09T20:37:30.2050324Z #5 9.427 Unpacking cpp-13-x86-64-linux-gnu (13.3.0-6ubuntu2~24.04.1) ...
2026-09-09T20:37:30.3328068Z #5 9.706 Selecting previously unselected package cpp-13.
2026-09-09T20:37:30.4338334Z #5 9.707 Preparing to unpack .../16-cpp-13_13.3.0-6ubuntu2~24.04.1_amd64.deb ...
2026-09-09T20:37:30.4338836Z #5 9.709 Unpacking cpp-13 (13.3.0-6ubuntu2~24.04.1) ...
2026-09-09T20:37:30.4339527Z #5 9.807 Selecting previously unselected package cpp-x86-64-linux-gnu.
2026-09-09T20:37:30.5867033Z #5 9.808 Preparing to unpack .../17-cpp-x86-64-linux-gnu_4%3a13.2.0-7ubuntu1_amd64.deb ...
2026-09-09T20:37:30.5867652Z #5 9.809 Unpacking cpp-x86-64-linux-gnu (4:13.2.0-7ubuntu1) ...
2026-09-09T20:37:30.5876254Z #5 9.961 Selecting previously unselected package cpp.
2026-09-09T20:37:30.7511684Z #5 9.962 Preparing to unpack .../18-cpp_4%3a13.2.0-7ubuntu1_amd64.deb ...
2026-09-09T20:37:30.7512252Z #5 9.967 Unpacking cpp (4:13.2.0-7ubuntu1) ...
2026-09-09T20:37:30.7512879Z #5 9.982 Selecting previously unselected package libcc1-0:amd64.
2026-09-09T20:37:30.7513594Z #5 9.983 Preparing to unpack .../19-libcc1-0_14.2.0-4ubuntu2~24.04.1_amd64.deb ...
2026-09-09T20:37:30.7513964Z #5 9.985 Unpacking libcc1-0:amd64 (14.2.0-4ubuntu2~24.04.1) ...
2026-09-09T20:37:30.7514321Z #5 10.02 Selecting previously unselected package libgomp1:amd64.
2026-09-09T20:37:30.7514713Z #5 10.02 Preparing to unpack .../20-libgomp1_14.2.0-4ubuntu2~24.04.1_amd64.deb ...
2026-09-09T20:37:30.7515076Z #5 10.02 Unpacking libgomp1:amd64 (14.2.0-4ubuntu2~24.04.1) ...
2026-09-09T20:37:30.7515438Z #5 10.03 Selecting previously unselected package libitm1:amd64.
2026-09-09T20:37:30.7515797Z #5 10.03 Preparing to unpack .../21-libitm1_14.2.0-4ubuntu2~24.04.1_amd64.deb ...
2026-09-09T20:37:30.7516177Z #5 10.04 Unpacking libitm1:amd64 (14.2.0-4ubuntu2~24.04.1) ...
2026-09-09T20:37:30.7516506Z #5 10.05 Selecting previously unselected package libatomic1:amd64.
2026-09-09T20:37:30.7516865Z #5 10.05 Preparing to unpack .../22-libatomic1_14.2.0-4ubuntu2~24.04.1_amd64.deb ...
2026-09-09T20:37:30.7517315Z #5 10.05 Unpacking libatomic1:amd64 (14.2.0-4ubuntu2~24.04.1) ...
2026-09-09T20:37:30.7517647Z #5 10.12 Selecting previously unselected package libasan8:amd64.
2026-09-09T20:37:30.9063312Z #5 10.13 Preparing to unpack .../23-libasan8_14.2.0-4ubuntu2~24.04.1_amd64.deb ...
2026-09-09T20:37:30.9063839Z #5 10.13 Unpacking libasan8:amd64 (14.2.0-4ubuntu2~24.04.1) ...
2026-09-09T20:37:31.1205432Z #5 10.49 Selecting previously unselected package liblsan0:amd64.
2026-09-09T20:37:31.2401292Z #5 10.49 Preparing to unpack .../24-liblsan0_14.2.0-4ubuntu2~24.04.1_amd64.deb ...
2026-09-09T20:37:31.2401849Z #5 10.50 Unpacking liblsan0:amd64 (14.2.0-4ubuntu2~24.04.1) ...
2026-09-09T20:37:31.2402234Z #5 10.52 Selecting previously unselected package libtsan2:amd64.
2026-09-09T20:37:31.2402823Z #5 10.52 Preparing to unpack .../25-libtsan2_14.2.0-4ubuntu2~24.04.1_amd64.deb ...
2026-09-09T20:37:31.2403214Z #5 10.53 Unpacking libtsan2:amd64 (14.2.0-4ubuntu2~24.04.1) ...
2026-09-09T20:37:31.2403577Z #5 10.58 Selecting previously unselected package libubsan1:amd64.
2026-09-09T20:37:31.2403955Z #5 10.58 Preparing to unpack .../26-libubsan1_14.2.0-4ubuntu2~24.04.1_amd64.deb ...
2026-09-09T20:37:31.2404324Z #5 10.58 Unpacking libubsan1:amd64 (14.2.0-4ubuntu2~24.04.1) ...
2026-09-09T20:37:31.2404697Z #5 10.61 Selecting previously unselected package libhwasan0:amd64.
2026-09-09T20:37:31.3449395Z #5 10.61 Preparing to unpack .../27-libhwasan0_14.2.0-4ubuntu2~24.04.1_amd64.deb ...
2026-09-09T20:37:31.3449850Z #5 10.62 Unpacking libhwasan0:amd64 (14.2.0-4ubuntu2~24.04.1) ...
2026-09-09T20:37:31.3450488Z #5 10.72 Selecting previously unselected package libquadmath0:amd64.
2026-09-09T20:37:31.4968030Z #5 10.72 Preparing to unpack .../28-libquadmath0_14.2.0-4ubuntu2~24.04.1_amd64.deb ...
2026-09-09T20:37:31.5382177Z #5 10.91 Unpacking libquadmath0:amd64 (14.2.0-4ubuntu2~24.04.1) ...
2026-09-09T20:37:31.7133992Z #5 10.93 Selecting previously unselected package libgcc-13-dev:amd64.
2026-09-09T20:37:31.7134741Z #5 10.93 Preparing to unpack .../29-libgcc-13-dev_13.3.0-6ubuntu2~24.04.1_amd64.deb ...
2026-09-09T20:37:31.7135139Z #5 10.94 Unpacking libgcc-13-dev:amd64 (13.3.0-6ubuntu2~24.04.1) ...
2026-09-09T20:37:32.6919930Z #5 12.06 Selecting previously unselected package gcc-13-x86-64-linux-gnu.
2026-09-09T20:37:32.8438145Z #5 12.07 Preparing to unpack .../30-gcc-13-x86-64-linux-gnu_13.3.0-6ubuntu2~24.04.1_amd64.deb ...
2026-09-09T20:37:33.0123262Z #5 12.39 Unpacking gcc-13-x86-64-linux-gnu (13.3.0-6ubuntu2~24.04.1) ...
2026-09-09T20:37:33.4717932Z #5 12.84 Selecting previously unselected package gcc-13.
2026-09-09T20:37:33.7122302Z #5 12.85 Preparing to unpack .../31-gcc-13_13.3.0-6ubuntu2~24.04.1_amd64.deb ...
2026-09-09T20:37:33.7123184Z #5 12.85 Unpacking gcc-13 (13.3.0-6ubuntu2~24.04.1) ...
2026-09-09T20:37:33.7123534Z #5 12.93 Selecting previously unselected package gcc-x86-64-linux-gnu.
2026-09-09T20:37:33.7124084Z #5 12.93 Preparing to unpack .../32-gcc-x86-64-linux-gnu_4%3a13.2.0-7ubuntu1_amd64.deb ...
2026-09-09T20:37:33.7141060Z #5 12.93 Unpacking gcc-x86-64-linux-gnu (4:13.2.0-7ubuntu1) ...
2026-09-09T20:37:33.7986491Z #5 13.17 Selecting previously unselected package gcc.
2026-09-09T20:37:33.9963116Z #5 13.17 Preparing to unpack .../33-gcc_4%3a13.2.0-7ubuntu1_amd64.deb ...
2026-09-09T20:37:33.9963777Z #5 13.17 Unpacking gcc (4:13.2.0-7ubuntu1) ...
2026-09-09T20:37:33.9964105Z #5 13.19 Selecting previously unselected package libc-dev-bin.
2026-09-09T20:37:33.9964484Z #5 13.19 Preparing to unpack .../34-libc-dev-bin_2.39-0ubuntu8.8_amd64.deb ...
2026-09-09T20:37:33.9964909Z #5 13.20 Unpacking libc-dev-bin (2.39-0ubuntu8.8) ...
2026-09-09T20:37:33.9965249Z #5 13.22 Selecting previously unselected package linux-libc-dev:amd64.
2026-09-09T20:37:33.9965707Z #5 13.22 Preparing to unpack .../35-linux-libc-dev_6.8.0-139.139_amd64.deb ...
2026-09-09T20:37:33.9966058Z #5 13.22 Unpacking linux-libc-dev:amd64 (6.8.0-139.139) ...
2026-09-09T20:37:34.2844025Z #5 13.66 Selecting previously unselected package libcrypt-dev:amd64.
2026-09-09T20:37:34.4891108Z #5 13.66 Preparing to unpack .../36-libcrypt-dev_1%3a4.4.36-4build1_amd64.deb ...
2026-09-09T20:37:34.4891586Z #5 13.68 Unpacking libcrypt-dev:amd64 (1:4.4.36-4build1) ...
2026-09-09T20:37:34.4892153Z #5 13.69 Selecting previously unselected package rpcsvc-proto.
2026-09-09T20:37:34.4892700Z #5 13.70 Preparing to unpack .../37-rpcsvc-proto_1.4.2-0ubuntu7_amd64.deb ...
2026-09-09T20:37:34.4893083Z #5 13.70 Unpacking rpcsvc-proto (1.4.2-0ubuntu7) ...
2026-09-09T20:37:34.4893449Z #5 13.71 Selecting previously unselected package libc6-dev:amd64.
2026-09-09T20:37:34.4893817Z #5 13.71 Preparing to unpack .../38-libc6-dev_2.39-0ubuntu8.8_amd64.deb ...
2026-09-09T20:37:34.4894210Z #5 13.71 Unpacking libc6-dev:amd64 (2.39-0ubuntu8.8) ...
2026-09-09T20:37:34.4990933Z #5 13.87 Setting up binutils-common:amd64 (2.42-4ubuntu2.10) ...
2026-09-09T20:37:34.6285641Z #5 13.88 Setting up linux-libc-dev:amd64 (6.8.0-139.139) ...
2026-09-09T20:37:34.6286316Z #5 13.88 Setting up libctf-nobfd0:amd64 (2.42-4ubuntu2.10) ...
2026-09-09T20:37:34.6286734Z #5 13.89 Setting up libgomp1:amd64 (14.2.0-4ubuntu2~24.04.1) ...
2026-09-09T20:37:34.6287072Z #5 13.89 Setting up libsframe1:amd64 (2.42-4ubuntu2.10) ...
2026-09-09T20:37:34.6287461Z #5 13.90 Setting up libjansson4:amd64 (2.14-2build2) ...
2026-09-09T20:37:34.6287863Z #5 13.90 Setting up rpcsvc-proto (1.4.2-0ubuntu7) ...
2026-09-09T20:37:34.6288194Z #5 13.90 Setting up gcc-13-base:amd64 (13.3.0-6ubuntu2~24.04.1) ...
2026-09-09T20:37:34.6288562Z #5 13.91 Setting up libmpfr6:amd64 (4.2.1-1build1.1) ...
2026-09-09T20:37:34.6288947Z #5 13.91 Setting up libquadmath0:amd64 (14.2.0-4ubuntu2~24.04.1) ...
2026-09-09T20:37:34.6289563Z #5 13.91 Setting up libmpc3:amd64 (1.3.1-1build1.1) ...
2026-09-09T20:37:34.6289888Z #5 13.93 Setting up libatomic1:amd64 (14.2.0-4ubuntu2~24.04.1) ...
2026-09-09T20:37:34.6290220Z #5 13.93 Setting up libubsan1:amd64 (14.2.0-4ubuntu2~24.04.1) ...
2026-09-09T20:37:34.6290584Z #5 13.94 Setting up libhwasan0:amd64 (14.2.0-4ubuntu2~24.04.1) ...
2026-09-09T20:37:34.6290921Z #5 13.94 Setting up libcrypt-dev:amd64 (1:4.4.36-4build1) ...
2026-09-09T20:37:34.6291246Z #5 13.95 Setting up libasan8:amd64 (14.2.0-4ubuntu2~24.04.1) ...
2026-09-09T20:37:34.6291591Z #5 13.95 Setting up libtsan2:amd64 (14.2.0-4ubuntu2~24.04.1) ...
2026-09-09T20:37:34.6291991Z #5 14.00 Setting up libbinutils:amd64 (2.42-4ubuntu2.10) ...
2026-09-09T20:37:34.7294163Z #5 14.01 Setting up libisl23:amd64 (0.26-3build1.1) ...
2026-09-09T20:37:34.7294634Z #5 14.01 Setting up libc-dev-bin (2.39-0ubuntu8.8) ...
2026-09-09T20:37:34.7295120Z #5 14.01 Setting up openssl (3.0.13-0ubuntu3.15) ...
2026-09-09T20:37:34.7295554Z #5 14.02 Setting up libcc1-0:amd64 (14.2.0-4ubuntu2~24.04.1) ...
2026-09-09T20:37:34.7296001Z #5 14.08 Setting up liblsan0:amd64 (14.2.0-4ubuntu2~24.04.1) ...
2026-09-09T20:37:34.7296490Z #5 14.09 Setting up libitm1:amd64 (14.2.0-4ubuntu2~24.04.1) ...
2026-09-09T20:37:34.7296883Z #5 14.10 Setting up libctf0:amd64 (2.42-4ubuntu2.10) ...
2026-09-09T20:37:34.7297643Z #5 14.10 Setting up cpp-13-x86-64-linux-gnu (13.3.0-6ubuntu2~24.04.1) ...
2026-09-09T20:37:34.7298183Z #5 14.10 Setting up ca-certificates (20260601~24.04.1) ...
2026-09-09T20:37:34.9238191Z #5 14.15 debconf: unable to initialize frontend: Dialog
2026-09-09T20:37:34.9238680Z #5 14.15 debconf: (TERM is not set, so the dialog frontend is not usable.)
2026-09-09T20:37:34.9239134Z #5 14.15 debconf: falling back to frontend: Readline
2026-09-09T20:37:34.9239443Z #5 14.15 debconf: unable to initialize frontend: Readline
2026-09-09T20:37:34.9246993Z #5 14.15 debconf: (Can't locate Term/ReadLine.pm in @INC (you may need to install the Term::ReadLine module) (@INC entries checked: /etc/perl /usr/local/lib/x86_64-linux-gnu/perl/5.38.2 /usr/local/share/perl/5.38.2 /usr/lib/x86_64-linux-gnu/perl5/5.38 /usr/share/perl5 /usr/lib/x86_64-linux-gnu/perl-base /usr/lib/x86_64-linux-gnu/perl/5.38 /usr/share/perl/5.38 /usr/local/lib/site_perl) at /usr/share/perl5/Debconf/FrontEnd/Readline.pm line 8.)
2026-09-09T20:37:34.9248708Z #5 14.15 debconf: falling back to frontend: Teletype
2026-09-09T20:37:34.9848936Z #5 14.36 Updating certificates in /etc/ssl/certs...
2026-09-09T20:37:35.2658372Z #5 14.64 121 added, 0 removed; done.
2026-09-09T20:37:35.5305143Z #5 14.90 Setting up libgprofng0:amd64 (2.42-4ubuntu2.10) ...
2026-09-09T20:37:35.6444250Z #5 14.91 Setting up libgcc-13-dev:amd64 (13.3.0-6ubuntu2~24.04.1) ...
2026-09-09T20:37:35.6444699Z #5 14.91 Setting up libc6-dev:amd64 (2.39-0ubuntu8.8) ...
2026-09-09T20:37:35.6445272Z #5 14.92 Setting up binutils-x86-64-linux-gnu (2.42-4ubuntu2.10) ...
2026-09-09T20:37:35.6445644Z #5 14.92 Setting up cpp-x86-64-linux-gnu (4:13.2.0-7ubuntu1) ...
2026-09-09T20:37:35.6446085Z #5 14.92 Setting up cpp-13 (13.3.0-6ubuntu2~24.04.1) ...
2026-09-09T20:37:35.6446460Z #5 14.93 Setting up gcc-13-x86-64-linux-gnu (13.3.0-6ubuntu2~24.04.1) ...
2026-09-09T20:37:35.6446789Z #5 14.93 Setting up binutils (2.42-4ubuntu2.10) ...
2026-09-09T20:37:35.6447111Z #5 14.93 Setting up gcc-13 (13.3.0-6ubuntu2~24.04.1) ...
2026-09-09T20:37:35.6447411Z #5 14.94 Setting up cpp (4:13.2.0-7ubuntu1) ...
2026-09-09T20:37:35.6447854Z #5 14.95 Setting up gcc-x86-64-linux-gnu (4:13.2.0-7ubuntu1) ...
2026-09-09T20:37:35.6448199Z #5 15.02 Setting up gcc (4:13.2.0-7ubuntu1) ...
2026-09-09T20:37:35.8190685Z #5 15.03 Processing triggers for libc-bin (2.39-0ubuntu8.8) ...
2026-09-09T20:37:35.8191212Z #5 15.04 Processing triggers for ca-certificates (20260601~24.04.1) ...
2026-09-09T20:37:35.8191607Z #5 15.04 Updating certificates in /etc/ssl/certs...
2026-09-09T20:37:35.8915951Z #5 15.26 0 added, 0 removed; done.
2026-09-09T20:37:35.8916474Z #5 15.26 Running hooks in /etc/ca-certificates/update.d...
2026-09-09T20:37:36.0426642Z #5 15.27 done.
2026-09-09T20:37:39.7280812Z #5 DONE 19.1s
2026-09-09T20:37:39.8888457Z 
2026-09-09T20:37:39.8890010Z #6 [3/3] RUN for command in python python3 node nodejs; do       if command -v "$command"; then exit 1; fi;     done
2026-09-09T20:37:40.2008033Z #6 DONE 0.5s
2026-09-09T20:37:40.3527309Z 
2026-09-09T20:37:40.3528540Z #7 exporting to image
2026-09-09T20:37:40.3533541Z #7 exporting layers
2026-09-09T20:37:41.2780240Z #7 exporting layers 1.1s done
2026-09-09T20:37:41.3259523Z #7 writing image sha256:bca0705de5255c328aef4e353ea81fc911db747278a1b40401551403e5043090 done
2026-09-09T20:37:41.3260199Z #7 naming to docker.io/library/sv-fila7-sin-interpretes done
2026-09-09T20:37:41.3260807Z #7 DONE 1.1s
2026-09-09T20:37:41.3261007Z 
2026-09-09T20:37:41.3261446Z  [33m1 warning found (use docker --debug to expand):
2026-09-09T20:37:41.3262077Z [0m - InvalidDefaultArgInFrom: Default value for ARG ${BASE_IMAGE} results in empty or invalid base image name (line 2)
2026-09-09T20:37:41.4976208Z ##[group]Run toolchain=$(dirname "$(dirname "$(rustup which --toolchain 1.98.0 rustc)")")
2026-09-09T20:37:41.4976775Z [36;1mtoolchain=$(dirname "$(dirname "$(rustup which --toolchain 1.98.0 rustc)")")[0m
2026-09-09T20:37:41.4977134Z [36;1mmkdir -p artifacts/fila7/ejecucion[0m
2026-09-09T20:37:41.4977654Z [36;1mdocker run --rm --network none --cap-drop ALL --security-opt no-new-privileges --read-only --tmpfs /tmp:rw,nosuid,size=128m \[0m
2026-09-09T20:37:41.4978111Z [36;1m  --user "$(id -u):$(id -g)" \[0m
2026-09-09T20:37:41.4978390Z [36;1m  -v "$toolchain:/opt/rust:ro" \[0m
2026-09-09T20:37:41.4978740Z [36;1m  -v "$PWD/artifacts/fila7/paquete/fuentes:/work:rw" \[0m
2026-09-09T20:37:41.4979042Z [36;1m  -v "$PWD/artifacts/fila7/ejecucion:/out:rw" \[0m
2026-09-09T20:37:41.4979915Z [36;1m  -v "$PWD/tests/row7_candidate/ejecutar_aislado.sh:/ejecutar.sh:ro" \[0m
2026-09-09T20:37:41.4980467Z [36;1m  sv-fila7-sin-interpretes /bin/bash /ejecutar.sh 2>&1 | tee artifacts/fila7/ejecucion.log[0m
2026-09-09T20:37:41.5000421Z shell: /usr/bin/bash --noprofile --norc -e -o pipefail {0}
2026-09-09T20:37:41.5000883Z ##[endgroup]
2026-09-09T20:37:43.3038806Z rustc 1.98.0 (88d9e12ae 2026-08-18)
2026-09-09T20:37:43.3070846Z cargo 1.98.0 (797e8a9bc 2026-08-05)
2026-09-09T20:37:43.3203737Z INTERPRETES_PYTHON_NODE_AUSENTES
2026-09-09T20:37:43.3502015Z    Compiling sv_core v0.1.0 (/work/rust/sv_core)
2026-09-09T20:37:44.0919070Z warning: associated function `from_core_id` is never used
2026-09-09T20:37:44.0920383Z    --> sv_core/src/control.rs:155:27
2026-09-09T20:37:44.0921131Z     |
2026-09-09T20:37:44.0921752Z 141 |           impl $name {
2026-09-09T20:37:44.0922314Z     |           ---------- associated function in this implementation
2026-09-09T20:37:44.0922991Z ...
2026-09-09T20:37:44.0923372Z 155 |               pub(crate) fn from_core_id(id: ControlId) -> Self {
2026-09-09T20:37:44.0923792Z     |                             ^^^^^^^^^^^^
2026-09-09T20:37:44.0924127Z ...
2026-09-09T20:37:44.0924478Z 162 | / opaque_control_ref!(
2026-09-09T20:37:44.0924796Z 163 | |     InformationRef,
2026-09-09T20:37:44.0925436Z 164 | |     "Referencia nominal a información dentro del dominio de control."
2026-09-09T20:37:44.0925874Z 165 | | );
2026-09-09T20:37:44.0926207Z     | |_- in this macro invocation
2026-09-09T20:37:44.0926534Z     |
2026-09-09T20:37:44.0927076Z     = note: `#[warn(dead_code)]` (part of `#[warn(unused)]`) on by default
2026-09-09T20:37:44.0927757Z     = note: this warning originates in the macro `opaque_control_ref` (in Nightly builds, run with -Z macro-backtrace for more info)
2026-09-09T20:37:44.0928311Z 
2026-09-09T20:37:44.0928585Z warning: associated function `from_core_id` is never used
2026-09-09T20:37:44.0929057Z    --> sv_core/src/control.rs:155:27
2026-09-09T20:37:44.0929512Z     |
2026-09-09T20:37:44.0929854Z 141 |           impl $name {
2026-09-09T20:37:44.0930288Z     |           ---------- associated function in this implementation
2026-09-09T20:37:44.0930762Z ...
2026-09-09T20:37:44.0931425Z 155 |               pub(crate) fn from_core_id(id: ControlId) -> Self {
2026-09-09T20:37:44.0931912Z     |                             ^^^^^^^^^^^^
2026-09-09T20:37:44.0932315Z ...
2026-09-09T20:37:44.0932976Z 166 | / opaque_control_ref!(
2026-09-09T20:37:44.0933381Z 167 | |     AdmittedEvidenceRef,
2026-09-09T20:37:44.0934148Z 168 | |     "Referencia a evidencia cuya admisión debe proceder de una verificación gobernada."
2026-09-09T20:37:44.0934697Z 169 | | );
2026-09-09T20:37:44.0935140Z     | |_- in this macro invocation
2026-09-09T20:37:44.0935615Z     |
2026-09-09T20:37:44.0936242Z     = note: this warning originates in the macro `opaque_control_ref` (in Nightly builds, run with -Z macro-backtrace for more info)
2026-09-09T20:37:44.0936781Z 
2026-09-09T20:37:44.0937062Z warning: associated function `from_core_id` is never used
2026-09-09T20:37:44.0937566Z    --> sv_core/src/control.rs:155:27
2026-09-09T20:37:44.0937977Z     |
2026-09-09T20:37:44.0938638Z 141 |           impl $name {
2026-09-09T20:37:44.0939180Z     |           ---------- associated function in this implementation
2026-09-09T20:37:44.0939672Z ...
2026-09-09T20:37:44.0940153Z 155 |               pub(crate) fn from_core_id(id: ControlId) -> Self {
2026-09-09T20:37:44.0940627Z     |                             ^^^^^^^^^^^^
2026-09-09T20:37:44.0941019Z ...
2026-09-09T20:37:44.0941373Z 170 | / opaque_control_ref!(
2026-09-09T20:37:44.0941701Z 171 | |     ConstitutedFactRef,
2026-09-09T20:37:44.0942246Z 172 | |     "Referencia a un hecho semántico constituido; no equivale a autoridad."
2026-09-09T20:37:44.0942993Z 173 | | );
2026-09-09T20:37:44.0943279Z     | |_- in this macro invocation
2026-09-09T20:37:44.0943625Z     |
2026-09-09T20:37:44.0944093Z     = note: this warning originates in the macro `opaque_control_ref` (in Nightly builds, run with -Z macro-backtrace for more info)
2026-09-09T20:37:44.0944506Z 
2026-09-09T20:37:44.0944719Z warning: associated function `from_core_id` is never used
2026-09-09T20:37:44.0945113Z    --> sv_core/src/control.rs:155:27
2026-09-09T20:37:44.0945452Z     |
2026-09-09T20:37:44.0945773Z 141 |           impl $name {
2026-09-09T20:37:44.0946125Z     |           ---------- associated function in this implementation
2026-09-09T20:37:44.0946483Z ...
2026-09-09T20:37:44.0946838Z 155 |               pub(crate) fn from_core_id(id: ControlId) -> Self {
2026-09-09T20:37:44.0947213Z     |                             ^^^^^^^^^^^^
2026-09-09T20:37:44.0947548Z ...
2026-09-09T20:37:44.0947838Z 174 | / opaque_control_ref!(
2026-09-09T20:37:44.0948183Z 175 | |     AuthorityRef,
2026-09-09T20:37:44.0948704Z 176 | |     "Referencia a autoridad constituida; su constructor no forma parte de la API pública."
2026-09-09T20:37:44.0949182Z 177 | | );
2026-09-09T20:37:44.0949512Z     | |_- in this macro invocation
2026-09-09T20:37:44.0950009Z     |
2026-09-09T20:37:44.0950505Z     = note: this warning originates in the macro `opaque_control_ref` (in Nightly builds, run with -Z macro-backtrace for more info)
2026-09-09T20:37:44.0951103Z 
2026-09-09T20:37:44.0951384Z warning: associated function `from_core_id` is never used
2026-09-09T20:37:44.0952554Z    --> sv_core/src/control.rs:155:27
2026-09-09T20:37:44.0953216Z     |
2026-09-09T20:37:44.0953479Z 141 |           impl $name {
2026-09-09T20:37:44.0953893Z     |           ---------- associated function in this implementation
2026-09-09T20:37:44.0954285Z ...
2026-09-09T20:37:44.0954608Z 155 |               pub(crate) fn from_core_id(id: ControlId) -> Self {
2026-09-09T20:37:44.0955018Z     |                             ^^^^^^^^^^^^
2026-09-09T20:37:44.0955328Z ...
2026-09-09T20:37:44.0955579Z 178 | / opaque_control_ref!(
2026-09-09T20:37:44.0955904Z 179 | |     EnablementRef,
2026-09-09T20:37:44.0956547Z 180 | |     "Referencia a una habilitación de autoridad ya existente; no amplía autoridad."
2026-09-09T20:37:44.0957023Z 181 | | );
2026-09-09T20:37:44.0957278Z     | |_- in this macro invocation
2026-09-09T20:37:44.0957577Z     |
2026-09-09T20:37:44.0958312Z     = note: this warning originates in the macro `opaque_control_ref` (in Nightly builds, run with -Z macro-backtrace for more info)
2026-09-09T20:37:44.0959029Z 
2026-09-09T20:37:44.0959189Z warning: associated function `from_core_id` is never used
2026-09-09T20:37:44.0959583Z    --> sv_core/src/control.rs:155:27
2026-09-09T20:37:44.0959895Z     |
2026-09-09T20:37:44.0960167Z 141 |           impl $name {
2026-09-09T20:37:44.0960548Z     |           ---------- associated function in this implementation
2026-09-09T20:37:44.0960911Z ...
2026-09-09T20:37:44.0961215Z 155 |               pub(crate) fn from_core_id(id: ControlId) -> Self {
2026-09-09T20:37:44.0961623Z     |                             ^^^^^^^^^^^^
2026-09-09T20:37:44.0961927Z ...
2026-09-09T20:37:44.0962185Z 186 | / opaque_control_ref!(
2026-09-09T20:37:44.0962629Z 187 | |     FormRef,
2026-09-09T20:37:44.0963034Z 188 | |     "Referencia a una forma de transición constituida."
2026-09-09T20:37:44.0963434Z 189 | | );
2026-09-09T20:37:44.0963867Z     | |_- in this macro invocation
2026-09-09T20:37:44.0964180Z     |
2026-09-09T20:37:44.0964680Z     = note: this warning originates in the macro `opaque_control_ref` (in Nightly builds, run with -Z macro-backtrace for more info)
2026-09-09T20:37:44.0965106Z 
2026-09-09T20:37:44.0965285Z warning: associated function `from_core_id` is never used
2026-09-09T20:37:44.0965823Z    --> sv_core/src/control.rs:155:27
2026-09-09T20:37:44.0966123Z     |
2026-09-09T20:37:44.0966374Z 141 |           impl $name {
2026-09-09T20:37:44.0966717Z     |           ---------- associated function in this implementation
2026-09-09T20:37:44.0967110Z ...
2026-09-09T20:37:44.0967456Z 155 |               pub(crate) fn from_core_id(id: ControlId) -> Self {
2026-09-09T20:37:44.0967843Z     |                             ^^^^^^^^^^^^
2026-09-09T20:37:44.0968163Z ...
2026-09-09T20:37:44.0968403Z 190 | / opaque_control_ref!(
2026-09-09T20:37:44.0968696Z 191 | |     EffectFamilyRef,
2026-09-09T20:37:44.0969213Z 192 | |     "Referencia a una familia de efectos fijada por constitución."
2026-09-09T20:37:44.0969610Z 193 | | );
2026-09-09T20:37:44.0969878Z     | |_- in this macro invocation
2026-09-09T20:37:44.0970195Z     |
2026-09-09T20:37:44.0970722Z     = note: this warning originates in the macro `opaque_control_ref` (in Nightly builds, run with -Z macro-backtrace for more info)
2026-09-09T20:37:44.0971198Z 
2026-09-09T20:37:44.0971407Z warning: associated function `from_core_id` is never used
2026-09-09T20:37:44.0971806Z    --> sv_core/src/control.rs:155:27
2026-09-09T20:37:44.0972771Z     |
2026-09-09T20:37:44.0973043Z 141 |           impl $name {
2026-09-09T20:37:44.0973404Z     |           ---------- associated function in this implementation
2026-09-09T20:37:44.0973821Z ...
2026-09-09T20:37:44.0974133Z 155 |               pub(crate) fn from_core_id(id: ControlId) -> Self {
2026-09-09T20:37:44.0974569Z     |                             ^^^^^^^^^^^^
2026-09-09T20:37:44.0974891Z ...
2026-09-09T20:37:44.0975143Z 194 | / opaque_control_ref!(
2026-09-09T20:37:44.0975491Z 195 | |     EffectRef,
2026-09-09T20:37:44.0975891Z 196 | |     "Referencia a un efecto concreto; identificarlo no equivale a autorizarlo."
2026-09-09T20:37:44.0976321Z 197 | | );
2026-09-09T20:37:44.0976597Z     | |_- in this macro invocation
2026-09-09T20:37:44.0976896Z     |
2026-09-09T20:37:44.0977422Z     = note: this warning originates in the macro `opaque_control_ref` (in Nightly builds, run with -Z macro-backtrace for more info)
2026-09-09T20:37:44.0977920Z 
2026-09-09T20:37:44.0978127Z warning: associated function `from_core_id` is never used
2026-09-09T20:37:44.0978515Z    --> sv_core/src/control.rs:155:27
2026-09-09T20:37:44.0978872Z     |
2026-09-09T20:37:44.0979126Z 141 |           impl $name {
2026-09-09T20:37:44.0979516Z     |           ---------- associated function in this implementation
2026-09-09T20:37:44.0979897Z ...
2026-09-09T20:37:44.0980206Z 155 |               pub(crate) fn from_core_id(id: ControlId) -> Self {
2026-09-09T20:37:44.0980613Z     |                             ^^^^^^^^^^^^
2026-09-09T20:37:44.0981130Z ...
2026-09-09T20:37:44.0981418Z 198 | / opaque_control_ref!(
2026-09-09T20:37:44.0981730Z 199 | |     ContextRef,
2026-09-09T20:37:44.0982131Z 200 | |     "Referencia a una ligadura de contexto relevante para autoridad o forma."
2026-09-09T20:37:44.0982853Z 201 | | );
2026-09-09T20:37:44.0983134Z     | |_- in this macro invocation
2026-09-09T20:37:44.0983409Z     |
2026-09-09T20:37:44.0983942Z     = note: this warning originates in the macro `opaque_control_ref` (in Nightly builds, run with -Z macro-backtrace for more info)
2026-09-09T20:37:44.0984442Z 
2026-09-09T20:37:44.0984619Z warning: associated function `from_core_id` is never used
2026-09-09T20:37:44.0985064Z    --> sv_core/src/control.rs:155:27
2026-09-09T20:37:44.0985396Z     |
2026-09-09T20:37:44.0985625Z 141 |           impl $name {
2026-09-09T20:37:44.0986016Z     |           ---------- associated function in this implementation
2026-09-09T20:37:44.0986388Z ...
2026-09-09T20:37:44.0986812Z 155 |               pub(crate) fn from_core_id(id: ControlId) -> Self {
2026-09-09T20:37:44.0987255Z     |                             ^^^^^^^^^^^^
2026-09-09T20:37:44.0987572Z ...
2026-09-09T20:37:44.0987847Z 202 | / opaque_control_ref!(
2026-09-09T20:37:44.0988154Z 203 | |     AuthorityHolderRef,
2026-09-09T20:37:44.0988773Z 204 | |     "Referencia al titular de una autoridad; no constituye autoridad por sí misma."
2026-09-09T20:37:44.0989265Z 205 | | );
2026-09-09T20:37:44.0989519Z     | |_- in this macro invocation
2026-09-09T20:37:44.0989836Z     |
2026-09-09T20:37:44.0990348Z     = note: this warning originates in the macro `opaque_control_ref` (in Nightly builds, run with -Z macro-backtrace for more info)
2026-09-09T20:37:44.0990823Z 
2026-09-09T20:37:44.0990971Z warning: associated function `from_core_id` is never used
2026-09-09T20:37:44.0991414Z    --> sv_core/src/control.rs:155:27
2026-09-09T20:37:44.0991728Z     |
2026-09-09T20:37:44.0992060Z 141 |           impl $name {
2026-09-09T20:37:44.0992642Z     |           ---------- associated function in this implementation
2026-09-09T20:37:44.0993055Z ...
2026-09-09T20:37:44.0993427Z 155 |               pub(crate) fn from_core_id(id: ControlId) -> Self {
2026-09-09T20:37:44.0993813Z     |                             ^^^^^^^^^^^^
2026-09-09T20:37:44.0994118Z ...
2026-09-09T20:37:44.0994375Z 206 | / opaque_control_ref!(
2026-09-09T20:37:44.0994676Z 207 | |     GovernedObjectRef,
2026-09-09T20:37:44.0995117Z 208 | |     "Referencia a un objeto candidato a pertenecer al dominio gobernado D_a."
2026-09-09T20:37:44.0995578Z 209 | | );
2026-09-09T20:37:44.0995848Z     | |_- in this macro invocation
2026-09-09T20:37:44.0996158Z     |
2026-09-09T20:37:44.0996664Z     = note: this warning originates in the macro `opaque_control_ref` (in Nightly builds, run with -Z macro-backtrace for more info)
2026-09-09T20:37:44.0997174Z 
2026-09-09T20:37:44.0997361Z warning: associated function `from_core_id` is never used
2026-09-09T20:37:44.0997753Z    --> sv_core/src/control.rs:155:27
2026-09-09T20:37:44.0998050Z     |
2026-09-09T20:37:44.0998354Z 141 |           impl $name {
2026-09-09T20:37:44.0998710Z     |           ---------- associated function in this implementation
2026-09-09T20:37:44.0999164Z ...
2026-09-09T20:37:44.0999459Z 155 |               pub(crate) fn from_core_id(id: ControlId) -> Self {
2026-09-09T20:37:44.0999825Z     |                             ^^^^^^^^^^^^
2026-09-09T20:37:44.1000173Z ...
2026-09-09T20:37:44.1000434Z 210 | / opaque_control_ref!(
2026-09-09T20:37:44.1000763Z 211 | |     AccumulationRuleRef,
2026-09-09T20:37:44.1001350Z 212 | |     "Referencia a una regla gobernada de acumulación o a un predicado de traza."
2026-09-09T20:37:44.1001789Z 213 | | );
2026-09-09T20:37:44.1002064Z     | |_- in this macro invocation
2026-09-09T20:37:44.1002567Z     |
2026-09-09T20:37:44.1003104Z     = note: this warning originates in the macro `opaque_control_ref` (in Nightly builds, run with -Z macro-backtrace for more info)
2026-09-09T20:37:44.1003656Z 
2026-09-09T20:37:44.1004004Z warning: associated function `from_core_id` is never used
2026-09-09T20:37:44.1004415Z    --> sv_core/src/control.rs:155:27
2026-09-09T20:37:44.1004752Z     |
2026-09-09T20:37:44.1005018Z 141 |           impl $name {
2026-09-09T20:37:44.1005378Z     |           ---------- associated function in this implementation
2026-09-09T20:37:44.1005829Z ...
2026-09-09T20:37:44.1006125Z 155 |               pub(crate) fn from_core_id(id: ControlId) -> Self {
2026-09-09T20:37:44.1006538Z     |                             ^^^^^^^^^^^^
2026-09-09T20:37:44.1006993Z ...
2026-09-09T20:37:44.1007222Z 214 | / opaque_control_ref!(
2026-09-09T20:37:44.1007559Z 215 | |     RequirementRef,
2026-09-09T20:37:44.1008259Z 216 | |     "Referencia a una obligación de Req; identificarla no acredita su cumplimiento."
2026-09-09T20:37:44.1008939Z 217 | | );
2026-09-09T20:37:44.1009229Z     | |_- in this macro invocation
2026-09-09T20:37:44.1009524Z     |
2026-09-09T20:37:44.1010186Z     = note: this warning originates in the macro `opaque_control_ref` (in Nightly builds, run with -Z macro-backtrace for more info)
2026-09-09T20:37:44.1010668Z 
2026-09-09T20:37:44.1010828Z warning: associated function `from_core_id` is never used
2026-09-09T20:37:44.1011222Z    --> sv_core/src/control.rs:155:27
2026-09-09T20:37:44.1011567Z     |
2026-09-09T20:37:44.1011821Z 141 |           impl $name {
2026-09-09T20:37:44.1012191Z     |           ---------- associated function in this implementation
2026-09-09T20:37:44.1012820Z ...
2026-09-09T20:37:44.1013134Z 155 |               pub(crate) fn from_core_id(id: ControlId) -> Self {
2026-09-09T20:37:44.1013544Z     |                             ^^^^^^^^^^^^
2026-09-09T20:37:44.1013849Z ...
2026-09-09T20:37:44.1014106Z 218 | / opaque_control_ref!(
2026-09-09T20:37:44.1014406Z 219 | |     VerifierRef,
2026-09-09T20:37:44.1014854Z 220 | |     "Referencia a un verificador concreto; su mera existencia no acredita aplicabilidad."
2026-09-09T20:37:44.1015473Z 221 | | );
2026-09-09T20:37:44.1015755Z     | |_- in this macro invocation
2026-09-09T20:37:44.1016076Z     |
2026-09-09T20:37:44.1016599Z     = note: this warning originates in the macro `opaque_control_ref` (in Nightly builds, run with -Z macro-backtrace for more info)
2026-09-09T20:37:44.1017075Z 
2026-09-09T20:37:44.1017260Z warning: associated function `from_core_id` is never used
2026-09-09T20:37:44.1017711Z    --> sv_core/src/control.rs:155:27
2026-09-09T20:37:44.1018021Z     |
2026-09-09T20:37:44.1018272Z 141 |           impl $name {
2026-09-09T20:37:44.1018631Z     |           ---------- associated function in this implementation
2026-09-09T20:37:44.1019026Z ...
2026-09-09T20:37:44.1019401Z 155 |               pub(crate) fn from_core_id(id: ControlId) -> Self {
2026-09-09T20:37:44.1019807Z     |                             ^^^^^^^^^^^^
2026-09-09T20:37:44.1020141Z ...
2026-09-09T20:37:44.1020392Z 222 | / opaque_control_ref!(
2026-09-09T20:37:44.1020706Z 223 | |     VerifierFamilyRef,
2026-09-09T20:37:44.1021299Z 224 | |     "Referencia a una familia de verificadores admisibles para una obligación."
2026-09-09T20:37:44.1021753Z 225 | | );
2026-09-09T20:37:44.1022001Z     | |_- in this macro invocation
2026-09-09T20:37:44.1022542Z     |
2026-09-09T20:37:44.1023085Z     = note: this warning originates in the macro `opaque_control_ref` (in Nightly builds, run with -Z macro-backtrace for more info)
2026-09-09T20:37:44.1023543Z 
2026-09-09T20:37:44.1023794Z warning: associated function `from_core_id` is never used
2026-09-09T20:37:44.1024193Z    --> sv_core/src/control.rs:155:27
2026-09-09T20:37:44.1024491Z     |
2026-09-09T20:37:44.1024769Z 141 |           impl $name {
2026-09-09T20:37:44.1025114Z     |           ---------- associated function in this implementation
2026-09-09T20:37:44.1025508Z ...
2026-09-09T20:37:44.1025826Z 155 |               pub(crate) fn from_core_id(id: ControlId) -> Self {
2026-09-09T20:37:44.1026243Z     |                             ^^^^^^^^^^^^
2026-09-09T20:37:44.1026598Z ...
2026-09-09T20:37:44.1026861Z 226 | / opaque_control_ref!(
2026-09-09T20:37:44.1027387Z 227 | |     ApplicabilityRuleRef,
2026-09-09T20:37:44.1028009Z 228 | |     "Referencia a una regla previamente constituida de aplicabilidad de comprobación."
2026-09-09T20:37:44.1028502Z 229 | | );
2026-09-09T20:37:44.1028785Z     | |_- in this macro invocation
2026-09-09T20:37:44.1029121Z     |
2026-09-09T20:37:44.1029636Z     = note: this warning originates in the macro `opaque_control_ref` (in Nightly builds, run with -Z macro-backtrace for more info)
2026-09-09T20:37:44.1030167Z 
2026-09-09T20:37:44.1030363Z warning: associated function `from_core_id` is never used
2026-09-09T20:37:44.1030769Z    --> sv_core/src/control.rs:155:27
2026-09-09T20:37:44.1031100Z     |
2026-09-09T20:37:44.1031366Z 141 |           impl $name {
2026-09-09T20:37:44.1031711Z     |           ---------- associated function in this implementation
2026-09-09T20:37:44.1032115Z ...
2026-09-09T20:37:44.1032784Z 155 |               pub(crate) fn from_core_id(id: ControlId) -> Self {
2026-09-09T20:37:44.1033322Z     |                             ^^^^^^^^^^^^
2026-09-09T20:37:44.1033711Z ...
2026-09-09T20:37:44.1033937Z 230 | / opaque_control_ref!(
2026-09-09T20:37:44.1034278Z 231 | |     ConflictResolutionRuleRef,
2026-09-09T20:37:44.1034936Z 232 | |     "Referencia a una regla previamente constituida de resolución de conflicto entre comprobaciones."
2026-09-09T20:37:44.1035469Z 233 | | );
2026-09-09T20:37:44.1035764Z     | |_- in this macro invocation
2026-09-09T20:37:44.1036065Z     |
2026-09-09T20:37:44.1036584Z     = note: this warning originates in the macro `opaque_control_ref` (in Nightly builds, run with -Z macro-backtrace for more info)
2026-09-09T20:37:44.1037046Z 
2026-09-09T20:37:44.1037250Z warning: associated function `from_core_id` is never used
2026-09-09T20:37:44.1037647Z    --> sv_core/src/control.rs:155:27
2026-09-09T20:37:44.1037991Z     |
2026-09-09T20:37:44.1038250Z 141 |           impl $name {
2026-09-09T20:37:44.1038636Z     |           ---------- associated function in this implementation
2026-09-09T20:37:44.1038997Z ...
2026-09-09T20:37:44.1039426Z 155 |               pub(crate) fn from_core_id(id: ControlId) -> Self {
2026-09-09T20:37:44.1040032Z     |                             ^^^^^^^^^^^^
2026-09-09T20:37:44.1040372Z ...
2026-09-09T20:37:44.1040698Z 234 | / opaque_control_ref!(
2026-09-09T20:37:44.1040990Z 235 | |     CoverageRuleRef,
2026-09-09T20:37:44.1041467Z 236 | |     "Referencia a una regla previamente constituida de cobertura de comprobaciones exigibles."
2026-09-09T20:37:44.1041990Z 237 | | );
2026-09-09T20:37:44.1042262Z     | |_- in this macro invocation
2026-09-09T20:37:44.1042814Z     |
2026-09-09T20:37:44.1043315Z     = note: this warning originates in the macro `opaque_control_ref` (in Nightly builds, run with -Z macro-backtrace for more info)
2026-09-09T20:37:44.1043780Z 
2026-09-09T20:37:44.1043917Z warning: associated function `from_core_id` is never used
2026-09-09T20:37:44.1044361Z    --> sv_core/src/control.rs:155:27
2026-09-09T20:37:44.1044691Z     |
2026-09-09T20:37:44.1044951Z 141 |           impl $name {
2026-09-09T20:37:44.1045277Z     |           ---------- associated function in this implementation
2026-09-09T20:37:44.1045631Z ...
2026-09-09T20:37:44.1045984Z 155 |               pub(crate) fn from_core_id(id: ControlId) -> Self {
2026-09-09T20:37:44.1046371Z     |                             ^^^^^^^^^^^^
2026-09-09T20:37:44.1046680Z ...
2026-09-09T20:37:44.1046926Z 238 | / opaque_control_ref!(
2026-09-09T20:37:44.1047220Z 239 | |     ReuseRuleRef,
2026-09-09T20:37:44.1047913Z 240 | |     "Referencia a una regla previamente constituida de reutilización de resultados cualificados."
2026-09-09T20:37:44.1048545Z 241 | | );
2026-09-09T20:37:44.1048808Z     | |_- in this macro invocation
2026-09-09T20:37:44.1049113Z     |
2026-09-09T20:37:44.1049645Z     = note: this warning originates in the macro `opaque_control_ref` (in Nightly builds, run with -Z macro-backtrace for more info)
2026-09-09T20:37:44.1050170Z 
2026-09-09T20:37:44.1050358Z warning: associated function `from_core_id` is never used
2026-09-09T20:37:44.1050925Z    --> sv_core/src/control.rs:155:27
2026-09-09T20:37:44.1051219Z     |
2026-09-09T20:37:44.1051495Z 141 |           impl $name {
2026-09-09T20:37:44.1051907Z     |           ---------- associated function in this implementation
2026-09-09T20:37:44.1052786Z ...
2026-09-09T20:37:44.1053111Z 155 |               pub(crate) fn from_core_id(id: ControlId) -> Self {
2026-09-09T20:37:44.1053479Z     |                             ^^^^^^^^^^^^
2026-09-09T20:37:44.1053837Z ...
2026-09-09T20:37:44.1054109Z 242 | / opaque_control_ref!(
2026-09-09T20:37:44.1054409Z 243 | |     ReuseBindingKeyRef,
2026-09-09T20:37:44.1055110Z 244 | |     "Referencia a una dimensión constituida cuya continuidad puede ser exigible para reutilizar un resultado."
2026-09-09T20:37:44.1055647Z 245 | | );
2026-09-09T20:37:44.1055946Z     | |_- in this macro invocation
2026-09-09T20:37:44.1056262Z     |
2026-09-09T20:37:44.1056883Z     = note: this warning originates in the macro `opaque_control_ref` (in Nightly builds, run with -Z macro-backtrace for more info)
2026-09-09T20:37:44.1057362Z 
2026-09-09T20:37:44.1057558Z warning: associated function `from_core_id` is never used
2026-09-09T20:37:44.1057957Z    --> sv_core/src/control.rs:155:27
2026-09-09T20:37:44.1058292Z     |
2026-09-09T20:37:44.1058569Z 141 |           impl $name {
2026-09-09T20:37:44.1058914Z     |           ---------- associated function in this implementation
2026-09-09T20:37:44.1059341Z ...
2026-09-09T20:37:44.1059644Z 155 |               pub(crate) fn from_core_id(id: ControlId) -> Self {
2026-09-09T20:37:44.1060038Z     |                             ^^^^^^^^^^^^
2026-09-09T20:37:44.1060363Z ...
2026-09-09T20:37:44.1060590Z 246 | / opaque_control_ref!(
2026-09-09T20:37:44.1061296Z 247 | |     ReuseBindingValueRef,
2026-09-09T20:37:44.1061937Z 248 | |     "Referencia al valor constituido de una dimensión de reutilización; identificarlo no acredita su vigencia."
2026-09-09T20:37:44.1062719Z 249 | | );
2026-09-09T20:37:44.1063024Z     | |_- in this macro invocation
2026-09-09T20:37:44.1063335Z     |
2026-09-09T20:37:44.1063844Z     = note: this warning originates in the macro `opaque_control_ref` (in Nightly builds, run with -Z macro-backtrace for more info)
2026-09-09T20:37:44.1064293Z 
2026-09-09T20:37:44.1064464Z warning: function `compile_svp` is never used
2026-09-09T20:37:44.1064812Z    --> sv_core/src/frontend.rs:803:8
2026-09-09T20:37:44.1065145Z     |
2026-09-09T20:37:44.1065563Z 803 | pub fn compile_svp(source: &str, source_file: &str) -> Result<IrProgram, FrontendError> {
2026-09-09T20:37:44.1066055Z     |        ^^^^^^^^^^^
2026-09-09T20:37:44.1066235Z 
2026-09-09T20:37:44.1066399Z warning: function `compile_svp_with_profile` is never used
2026-09-09T20:37:44.1066837Z    --> sv_core/src/frontend.rs:807:8
2026-09-09T20:37:44.1067187Z     |
2026-09-09T20:37:44.1067450Z 807 | pub fn compile_svp_with_profile(
2026-09-09T20:37:44.1067787Z     |        ^^^^^^^^^^^^^^^^^^^^^^^^
2026-09-09T20:37:44.1067961Z 
2026-09-09T20:37:44.1068134Z warning: constant `PROFILE_ID` is never used
2026-09-09T20:37:44.1068490Z  --> sv_core/src/identifier_profile.rs:6:18
2026-09-09T20:37:44.1068890Z   |
2026-09-09T20:37:44.1069203Z 6 | pub(crate) const PROFILE_ID: &str = "svp-grammar-0.2-lex-es-1";
2026-09-09T20:37:44.1069618Z   |                  ^^^^^^^^^^
2026-09-09T20:37:44.1069829Z 
2026-09-09T20:37:44.1069992Z warning: function `is_reserved_word` is never used
2026-09-09T20:37:44.1070354Z   --> sv_core/src/identifier_profile.rs:22:15
2026-09-09T20:37:44.1070736Z    |
2026-09-09T20:37:44.1071033Z 22 | pub(crate) fn is_reserved_word(word: &str) -> bool {
2026-09-09T20:37:44.1071381Z    |               ^^^^^^^^^^^^^^^^
2026-09-09T20:37:44.1071593Z 
2026-09-09T20:37:44.1071734Z warning: method `matches_descriptor` is never used
2026-09-09T20:37:44.1072126Z    --> sv_core/src/requirements_reuse.rs:121:19
2026-09-09T20:37:44.1072683Z     |
2026-09-09T20:37:44.1072971Z  44 | impl ReuseRule {
2026-09-09T20:37:44.1073296Z     | -------------- method in this implementation
2026-09-09T20:37:44.1073793Z ...
2026-09-09T20:37:44.1074201Z 121 |     pub(crate) fn matches_descriptor(&self, descriptor: &RequirementDescriptor) -> bool {
2026-09-09T20:37:44.1074700Z     |                   ^^^^^^^^^^^^^^^^^^
2026-09-09T20:37:44.1074909Z 
2026-09-09T20:37:44.1075132Z warning: hiding a lifetime that's elided elsewhere is confusing
2026-09-09T20:37:44.1075510Z     --> sv_core/src/frontend.rs:2161:13
2026-09-09T20:37:44.1075848Z      |
2026-09-09T20:37:44.1076156Z 2161 |     fn peek(&self) -> &Token {
2026-09-09T20:37:44.1076479Z      |             ^^^^^     ^^^^^^
2026-09-09T20:37:44.1076984Z      |             |         ||
2026-09-09T20:37:44.1077285Z      |             |         |the same lifetime is hidden here
2026-09-09T20:37:44.1077694Z      |             |         the same lifetime is elided here
2026-09-09T20:37:44.1078081Z      |             the lifetime is elided here
2026-09-09T20:37:44.1078403Z      |
2026-09-09T20:37:44.1079079Z      = help: the same lifetime is referred to in inconsistent ways, making the signature confusing
2026-09-09T20:37:44.1079668Z      = note: `#[warn(mismatched_lifetime_syntaxes)]` on by default
2026-09-09T20:37:44.1080114Z help: use `'_` for type paths
2026-09-09T20:37:44.1080422Z      |
2026-09-09T20:37:44.1080703Z 2161 |     fn peek(&self) -> &Token<'_> {
2026-09-09T20:37:44.1081045Z      |                             ++++
2026-09-09T20:37:44.1081242Z 
2026-09-09T20:37:49.6208447Z warning: `sv_core` (lib) generated 27 warnings (run `cargo fix --lib -p sv_core` to apply 1 suggestion)
2026-09-09T20:37:49.6209381Z    Compiling sv_native v0.1.0 (/work/rust/sv_native)
2026-09-09T20:37:49.6209812Z    Compiling sv_wasm v0.1.0 (/work/rust/sv_wasm)
2026-09-09T20:37:49.8225666Z     Finished `release` profile [optimized] target(s) in 6.49s
2026-09-09T20:37:49.8336802Z    Compiling sv_core v0.1.0 (/work/rust/sv_core)
2026-09-09T20:37:50.7203381Z warning: associated function `from_core_id` is never used
2026-09-09T20:37:50.7204135Z    --> sv_core/src/control.rs:155:27
2026-09-09T20:37:50.7204779Z     |
2026-09-09T20:37:50.7205156Z 141 |           impl $name {
2026-09-09T20:37:50.7205664Z     |           ---------- associated function in this implementation
2026-09-09T20:37:50.7206260Z ...
2026-09-09T20:37:50.7206637Z 155 |               pub(crate) fn from_core_id(id: ControlId) -> Self {
2026-09-09T20:37:50.7207182Z     |                             ^^^^^^^^^^^^
2026-09-09T20:37:50.7207573Z ...
2026-09-09T20:37:50.7207978Z 162 | / opaque_control_ref!(
2026-09-09T20:37:50.7208344Z 163 | |     InformationRef,
2026-09-09T20:37:50.7209427Z 164 | |     "Referencia nominal a información dentro del dominio de control."
2026-09-09T20:37:50.7209912Z 165 | | );
2026-09-09T20:37:50.7210286Z     | |_- in this macro invocation
2026-09-09T20:37:50.7210641Z     |
2026-09-09T20:37:50.7210993Z     = note: `#[warn(dead_code)]` (part of `#[warn(unused)]`) on by default
2026-09-09T20:37:50.7211878Z     = note: this warning originates in the macro `opaque_control_ref` (in Nightly builds, run with -Z macro-backtrace for more info)
2026-09-09T20:37:50.7212663Z 
2026-09-09T20:37:50.7215150Z warning: associated function `from_core_id` is never used
2026-09-09T20:37:50.7215917Z    --> sv_core/src/control.rs:155:27
2026-09-09T20:37:50.7233205Z     |
2026-09-09T20:37:50.7233696Z 141 |           impl $name {
2026-09-09T20:37:50.7234398Z     |           ---------- associated function in this implementation
2026-09-09T20:37:50.7234898Z ...
2026-09-09T20:37:50.7235370Z 155 |               pub(crate) fn from_core_id(id: ControlId) -> Self {
2026-09-09T20:37:50.7235862Z     |                             ^^^^^^^^^^^^
2026-09-09T20:37:50.7236267Z ...
2026-09-09T20:37:50.7236698Z 166 | / opaque_control_ref!(
2026-09-09T20:37:50.7237121Z 167 | |     AdmittedEvidenceRef,
2026-09-09T20:37:50.7238064Z 168 | |     "Referencia a evidencia cuya admisión debe proceder de una verificación gobernada."
2026-09-09T20:37:50.7238706Z 169 | | );
2026-09-09T20:37:50.7239119Z     | |_- in this macro invocation
2026-09-09T20:37:50.7239872Z     |
2026-09-09T20:37:50.7240511Z     = note: this warning originates in the macro `opaque_control_ref` (in Nightly builds, run with -Z macro-backtrace for more info)
2026-09-09T20:37:50.7241119Z 
2026-09-09T20:37:50.7241384Z warning: associated function `from_core_id` is never used
2026-09-09T20:37:50.7241905Z    --> sv_core/src/control.rs:155:27
2026-09-09T20:37:50.7242589Z     |
2026-09-09T20:37:50.7242987Z 141 |           impl $name {
2026-09-09T20:37:50.7243440Z     |           ---------- associated function in this implementation
2026-09-09T20:37:50.7243941Z ...
2026-09-09T20:37:50.7244345Z 155 |               pub(crate) fn from_core_id(id: ControlId) -> Self {
2026-09-09T20:37:50.7244922Z     |                             ^^^^^^^^^^^^
2026-09-09T20:37:50.7245341Z ...
2026-09-09T20:37:50.7245698Z 170 | / opaque_control_ref!(
2026-09-09T20:37:50.7246125Z 171 | |     ConstitutedFactRef,
2026-09-09T20:37:50.7247058Z 172 | |     "Referencia a un hecho semántico constituido; no equivale a autoridad."
2026-09-09T20:37:50.7247775Z 173 | | );
2026-09-09T20:37:50.7248184Z     | |_- in this macro invocation
2026-09-09T20:37:50.7248603Z     |
2026-09-09T20:37:50.7249263Z     = note: this warning originates in the macro `opaque_control_ref` (in Nightly builds, run with -Z macro-backtrace for more info)
2026-09-09T20:37:50.7249821Z 
2026-09-09T20:37:50.7250138Z warning: associated function `from_core_id` is never used
2026-09-09T20:37:50.7250614Z    --> sv_core/src/control.rs:155:27
2026-09-09T20:37:50.7251175Z     |
2026-09-09T20:37:50.7251524Z 141 |           impl $name {
2026-09-09T20:37:50.7252045Z     |           ---------- associated function in this implementation
2026-09-09T20:37:50.7252878Z ...
2026-09-09T20:37:50.7253281Z 155 |               pub(crate) fn from_core_id(id: ControlId) -> Self {
2026-09-09T20:37:50.7253813Z     |                             ^^^^^^^^^^^^
2026-09-09T20:37:50.7254224Z ...
2026-09-09T20:37:50.7254590Z 174 | / opaque_control_ref!(
2026-09-09T20:37:50.7255058Z 175 | |     AuthorityRef,
2026-09-09T20:37:50.7255777Z 176 | |     "Referencia a autoridad constituida; su constructor no forma parte de la API pública."
2026-09-09T20:37:50.7256408Z 177 | | );
2026-09-09T20:37:50.7256783Z     | |_- in this macro invocation
2026-09-09T20:37:50.7257186Z     |
2026-09-09T20:37:50.7257834Z     = note: this warning originates in the macro `opaque_control_ref` (in Nightly builds, run with -Z macro-backtrace for more info)
2026-09-09T20:37:50.7258408Z 
2026-09-09T20:37:50.7258661Z warning: associated function `from_core_id` is never used
2026-09-09T20:37:50.7259253Z    --> sv_core/src/control.rs:155:27
2026-09-09T20:37:50.7259669Z     |
2026-09-09T20:37:50.7260041Z 141 |           impl $name {
2026-09-09T20:37:50.7260539Z     |           ---------- associated function in this implementation
2026-09-09T20:37:50.7261008Z ...
2026-09-09T20:37:50.7261450Z 155 |               pub(crate) fn from_core_id(id: ControlId) -> Self {
2026-09-09T20:37:50.7261997Z     |                             ^^^^^^^^^^^^
2026-09-09T20:37:50.7262725Z ...
2026-09-09T20:37:50.7263089Z 178 | / opaque_control_ref!(
2026-09-09T20:37:50.7263452Z 179 | |     EnablementRef,
2026-09-09T20:37:50.7264184Z 180 | |     "Referencia a una habilitación de autoridad ya existente; no amplía autoridad."
2026-09-09T20:37:50.7264745Z 181 | | );
2026-09-09T20:37:50.7265133Z     | |_- in this macro invocation
2026-09-09T20:37:50.7265562Z     |
2026-09-09T20:37:50.7266220Z     = note: this warning originates in the macro `opaque_control_ref` (in Nightly builds, run with -Z macro-backtrace for more info)
2026-09-09T20:37:50.7266813Z 
2026-09-09T20:37:50.7267116Z warning: associated function `from_core_id` is never used
2026-09-09T20:37:50.7267870Z    --> sv_core/src/control.rs:155:27
2026-09-09T20:37:50.7268324Z     |
2026-09-09T20:37:50.7268720Z 141 |           impl $name {
2026-09-09T20:37:50.7269153Z     |           ---------- associated function in this implementation
2026-09-09T20:37:50.7269678Z ...
2026-09-09T20:37:50.7270313Z 155 |               pub(crate) fn from_core_id(id: ControlId) -> Self {
2026-09-09T20:37:50.7270855Z     |                             ^^^^^^^^^^^^
2026-09-09T20:37:50.7271258Z ...
2026-09-09T20:37:50.7271876Z 186 | / opaque_control_ref!(
2026-09-09T20:37:50.7272287Z 187 | |     FormRef,
2026-09-09T20:37:50.7273189Z 188 | |     "Referencia a una forma de transición constituida."
2026-09-09T20:37:50.7273730Z 189 | | );
2026-09-09T20:37:50.7274088Z     | |_- in this macro invocation
2026-09-09T20:37:50.7274467Z     |
2026-09-09T20:37:50.7275093Z     = note: this warning originates in the macro `opaque_control_ref` (in Nightly builds, run with -Z macro-backtrace for more info)
2026-09-09T20:37:50.7275640Z 
2026-09-09T20:37:50.7275892Z warning: associated function `from_core_id` is never used
2026-09-09T20:37:50.7276381Z    --> sv_core/src/control.rs:155:27
2026-09-09T20:37:50.7276841Z     |
2026-09-09T20:37:50.7277181Z 141 |           impl $name {
2026-09-09T20:37:50.7277813Z     |           ---------- associated function in this implementation
2026-09-09T20:37:50.7278309Z ...
2026-09-09T20:37:50.7278713Z 155 |               pub(crate) fn from_core_id(id: ControlId) -> Self {
2026-09-09T20:37:50.7279243Z     |                             ^^^^^^^^^^^^
2026-09-09T20:37:50.7279646Z ...
2026-09-09T20:37:50.7280047Z 190 | / opaque_control_ref!(
2026-09-09T20:37:50.7280446Z 191 | |     EffectFamilyRef,
2026-09-09T20:37:50.7281015Z 192 | |     "Referencia a una familia de efectos fijada por constitución."
2026-09-09T20:37:50.7281558Z 193 | | );
2026-09-09T20:37:50.7281901Z     | |_- in this macro invocation
2026-09-09T20:37:50.7282278Z     |
2026-09-09T20:37:50.7283525Z     = note: this warning originates in the macro `opaque_control_ref` (in Nightly builds, run with -Z macro-backtrace for more info)
2026-09-09T20:37:50.7284076Z 
2026-09-09T20:37:50.7284428Z warning: associated function `from_core_id` is never used
2026-09-09T20:37:50.7284973Z    --> sv_core/src/control.rs:155:27
2026-09-09T20:37:50.7285453Z     |
2026-09-09T20:37:50.7286473Z 141 |           impl $name {
2026-09-09T20:37:50.7287171Z     |           ---------- associated function in this implementation
2026-09-09T20:37:50.7287788Z ...
2026-09-09T20:37:50.7288175Z 155 |               pub(crate) fn from_core_id(id: ControlId) -> Self {
2026-09-09T20:37:50.7288674Z     |                             ^^^^^^^^^^^^
2026-09-09T20:37:50.7289108Z ...
2026-09-09T20:37:50.7289420Z 194 | / opaque_control_ref!(
2026-09-09T20:37:50.7289872Z 195 | |     EffectRef,
2026-09-09T20:37:50.7290366Z 196 | |     "Referencia a un efecto concreto; identificarlo no equivale a autorizarlo."
2026-09-09T20:37:50.7290865Z 197 | | );
2026-09-09T20:37:50.7291226Z     | |_- in this macro invocation
2026-09-09T20:37:50.7291575Z     |
2026-09-09T20:37:50.7292189Z     = note: this warning originates in the macro `opaque_control_ref` (in Nightly builds, run with -Z macro-backtrace for more info)
2026-09-09T20:37:50.7292919Z 
2026-09-09T20:37:50.7293136Z warning: associated function `from_core_id` is never used
2026-09-09T20:37:50.7293633Z    --> sv_core/src/control.rs:155:27
2026-09-09T20:37:50.7294112Z     |
2026-09-09T20:37:50.7294399Z 141 |           impl $name {
2026-09-09T20:37:50.7294812Z     |           ---------- associated function in this implementation
2026-09-09T20:37:50.7295270Z ...
2026-09-09T20:37:50.7295626Z 155 |               pub(crate) fn from_core_id(id: ControlId) -> Self {
2026-09-09T20:37:50.7296086Z     |                             ^^^^^^^^^^^^
2026-09-09T20:37:50.7296444Z ...
2026-09-09T20:37:50.7296714Z 198 | / opaque_control_ref!(
2026-09-09T20:37:50.7297081Z 199 | |     ContextRef,
2026-09-09T20:37:50.7297597Z 200 | |     "Referencia a una ligadura de contexto relevante para autoridad o forma."
2026-09-09T20:37:50.7298097Z 201 | | );
2026-09-09T20:37:50.7298481Z     | |_- in this macro invocation
2026-09-09T20:37:50.7298839Z     |
2026-09-09T20:37:50.7299496Z     = note: this warning originates in the macro `opaque_control_ref` (in Nightly builds, run with -Z macro-backtrace for more info)
2026-09-09T20:37:50.7300259Z 
2026-09-09T20:37:50.7300454Z warning: associated function `from_core_id` is never used
2026-09-09T20:37:50.7300919Z    --> sv_core/src/control.rs:155:27
2026-09-09T20:37:50.7301288Z     |
2026-09-09T20:37:50.7301570Z 141 |           impl $name {
2026-09-09T20:37:50.7302062Z     |           ---------- associated function in this implementation
2026-09-09T20:37:50.7302770Z ...
2026-09-09T20:37:50.7303125Z 155 |               pub(crate) fn from_core_id(id: ControlId) -> Self {
2026-09-09T20:37:50.7303582Z     |                             ^^^^^^^^^^^^
2026-09-09T20:37:50.7303935Z ...
2026-09-09T20:37:50.7304285Z 202 | / opaque_control_ref!(
2026-09-09T20:37:50.7304626Z 203 | |     AuthorityHolderRef,
2026-09-09T20:37:50.7305297Z 204 | |     "Referencia al titular de una autoridad; no constituye autoridad por sí misma."
2026-09-09T20:37:50.7305861Z 205 | | );
2026-09-09T20:37:50.7306195Z     | |_- in this macro invocation
2026-09-09T20:37:50.7306585Z     |
2026-09-09T20:37:50.7307309Z     = note: this warning originates in the macro `opaque_control_ref` (in Nightly builds, run with -Z macro-backtrace for more info)
2026-09-09T20:37:50.7307830Z 
2026-09-09T20:37:50.7308032Z warning: associated function `from_core_id` is never used
2026-09-09T20:37:50.7308495Z    --> sv_core/src/control.rs:155:27
2026-09-09T20:37:50.7308837Z     |
2026-09-09T20:37:50.7309161Z 141 |           impl $name {
2026-09-09T20:37:50.7309560Z     |           ---------- associated function in this implementation
2026-09-09T20:37:50.7309978Z ...
2026-09-09T20:37:50.7310371Z 155 |               pub(crate) fn from_core_id(id: ControlId) -> Self {
2026-09-09T20:37:50.7310815Z     |                             ^^^^^^^^^^^^
2026-09-09T20:37:50.7311199Z ...
2026-09-09T20:37:50.7311497Z 206 | / opaque_control_ref!(
2026-09-09T20:37:50.7311861Z 207 | |     GovernedObjectRef,
2026-09-09T20:37:50.7312613Z 208 | |     "Referencia a un objeto candidato a pertenecer al dominio gobernado D_a."
2026-09-09T20:37:50.7313120Z 209 | | );
2026-09-09T20:37:50.7313426Z     | |_- in this macro invocation
2026-09-09T20:37:50.7313804Z     |
2026-09-09T20:37:50.7314404Z     = note: this warning originates in the macro `opaque_control_ref` (in Nightly builds, run with -Z macro-backtrace for more info)
2026-09-09T20:37:50.7314893Z 
2026-09-09T20:37:50.7315145Z warning: associated function `from_core_id` is never used
2026-09-09T20:37:50.7315579Z    --> sv_core/src/control.rs:155:27
2026-09-09T20:37:50.7315936Z     |
2026-09-09T20:37:50.7316287Z 141 |           impl $name {
2026-09-09T20:37:50.7316735Z     |           ---------- associated function in this implementation
2026-09-09T20:37:50.7317187Z ...
2026-09-09T20:37:50.7317588Z 155 |               pub(crate) fn from_core_id(id: ControlId) -> Self {
2026-09-09T20:37:50.7318099Z     |                             ^^^^^^^^^^^^
2026-09-09T20:37:50.7318527Z ...
2026-09-09T20:37:50.7318842Z 210 | / opaque_control_ref!(
2026-09-09T20:37:50.7319258Z 211 | |     AccumulationRuleRef,
2026-09-09T20:37:50.7320021Z 212 | |     "Referencia a una regla gobernada de acumulación o a un predicado de traza."
2026-09-09T20:37:50.7320672Z 213 | | );
2026-09-09T20:37:50.7321028Z     | |_- in this macro invocation
2026-09-09T20:37:50.7321389Z     |
2026-09-09T20:37:50.7322026Z     = note: this warning originates in the macro `opaque_control_ref` (in Nightly builds, run with -Z macro-backtrace for more info)
2026-09-09T20:37:50.7322857Z 
2026-09-09T20:37:50.7323139Z warning: associated function `from_core_id` is never used
2026-09-09T20:37:50.7323649Z    --> sv_core/src/control.rs:155:27
2026-09-09T20:37:50.7324083Z     |
2026-09-09T20:37:50.7324420Z 141 |           impl $name {
2026-09-09T20:37:50.7324841Z     |           ---------- associated function in this implementation
2026-09-09T20:37:50.7325337Z ...
2026-09-09T20:37:50.7325708Z 155 |               pub(crate) fn from_core_id(id: ControlId) -> Self {
2026-09-09T20:37:50.7326151Z     |                             ^^^^^^^^^^^^
2026-09-09T20:37:50.7326684Z ...
2026-09-09T20:37:50.7326980Z 214 | / opaque_control_ref!(
2026-09-09T20:37:50.7327412Z 215 | |     RequirementRef,
2026-09-09T20:37:50.7328050Z 216 | |     "Referencia a una obligación de Req; identificarla no acredita su cumplimiento."
2026-09-09T20:37:50.7328714Z 217 | | );
2026-09-09T20:37:50.7329011Z     | |_- in this macro invocation
2026-09-09T20:37:50.7329337Z     |
2026-09-09T20:37:50.7330101Z     = note: this warning originates in the macro `opaque_control_ref` (in Nightly builds, run with -Z macro-backtrace for more info)
2026-09-09T20:37:50.7330633Z 
2026-09-09T20:37:50.7330938Z warning: associated function `from_core_id` is never used
2026-09-09T20:37:50.7331535Z    --> sv_core/src/control.rs:155:27
2026-09-09T20:37:50.7331907Z     |
2026-09-09T20:37:50.7332177Z 141 |           impl $name {
2026-09-09T20:37:50.7332946Z     |           ---------- associated function in this implementation
2026-09-09T20:37:50.7333375Z ...
2026-09-09T20:37:50.7333852Z 155 |               pub(crate) fn from_core_id(id: ControlId) -> Self {
2026-09-09T20:37:50.7334362Z     |                             ^^^^^^^^^^^^
2026-09-09T20:37:50.7334718Z ...
2026-09-09T20:37:50.7335036Z 218 | / opaque_control_ref!(
2026-09-09T20:37:50.7335395Z 219 | |     VerifierRef,
2026-09-09T20:37:50.7335912Z 220 | |     "Referencia a un verificador concreto; su mera existencia no acredita aplicabilidad."
2026-09-09T20:37:50.7336447Z 221 | | );
2026-09-09T20:37:50.7336737Z     | |_- in this macro invocation
2026-09-09T20:37:50.7337081Z     |
2026-09-09T20:37:50.7337651Z     = note: this warning originates in the macro `opaque_control_ref` (in Nightly builds, run with -Z macro-backtrace for more info)
2026-09-09T20:37:50.7338207Z 
2026-09-09T20:37:50.7338393Z warning: associated function `from_core_id` is never used
2026-09-09T20:37:50.7338849Z    --> sv_core/src/control.rs:155:27
2026-09-09T20:37:50.7339191Z     |
2026-09-09T20:37:50.7339516Z 141 |           impl $name {
2026-09-09T20:37:50.7339927Z     |           ---------- associated function in this implementation
2026-09-09T20:37:50.7340331Z ...
2026-09-09T20:37:50.7340682Z 155 |               pub(crate) fn from_core_id(id: ControlId) -> Self {
2026-09-09T20:37:50.7341137Z     |                             ^^^^^^^^^^^^
2026-09-09T20:37:50.7341486Z ...
2026-09-09T20:37:50.7341910Z 222 | / opaque_control_ref!(
2026-09-09T20:37:50.7342309Z 223 | |     VerifierFamilyRef,
2026-09-09T20:37:50.7343112Z 224 | |     "Referencia a una familia de verificadores admisibles para una obligación."
2026-09-09T20:37:50.7343685Z 225 | | );
2026-09-09T20:37:50.7343961Z     | |_- in this macro invocation
2026-09-09T20:37:50.7344318Z     |
2026-09-09T20:37:50.7344916Z     = note: this warning originates in the macro `opaque_control_ref` (in Nightly builds, run with -Z macro-backtrace for more info)
2026-09-09T20:37:50.7345485Z 
2026-09-09T20:37:50.7345705Z warning: associated function `from_core_id` is never used
2026-09-09T20:37:50.7346160Z    --> sv_core/src/control.rs:155:27
2026-09-09T20:37:50.7346527Z     |
2026-09-09T20:37:50.7346823Z 141 |           impl $name {
2026-09-09T20:37:50.7347222Z     |           ---------- associated function in this implementation
2026-09-09T20:37:50.7347681Z ...
2026-09-09T20:37:50.7348043Z 155 |               pub(crate) fn from_core_id(id: ControlId) -> Self {
2026-09-09T20:37:50.7348495Z     |                             ^^^^^^^^^^^^
2026-09-09T20:37:50.7348867Z ...
2026-09-09T20:37:50.7349132Z 226 | / opaque_control_ref!(
2026-09-09T20:37:50.7349444Z 227 | |     ApplicabilityRuleRef,
2026-09-09T20:37:50.7350085Z 228 | |     "Referencia a una regla previamente constituida de aplicabilidad de comprobación."
2026-09-09T20:37:50.7350637Z 229 | | );
2026-09-09T20:37:50.7350927Z     | |_- in this macro invocation
2026-09-09T20:37:50.7351280Z     |
2026-09-09T20:37:50.7351823Z     = note: this warning originates in the macro `opaque_control_ref` (in Nightly builds, run with -Z macro-backtrace for more info)
2026-09-09T20:37:50.7352807Z 
2026-09-09T20:37:50.7353056Z warning: associated function `from_core_id` is never used
2026-09-09T20:37:50.7353647Z    --> sv_core/src/control.rs:155:27
2026-09-09T20:37:50.7354004Z     |
2026-09-09T20:37:50.7354267Z 141 |           impl $name {
2026-09-09T20:37:50.7354624Z     |           ---------- associated function in this implementation
2026-09-09T20:37:50.7355093Z ...
2026-09-09T20:37:50.7355459Z 155 |               pub(crate) fn from_core_id(id: ControlId) -> Self {
2026-09-09T20:37:50.7355923Z     |                             ^^^^^^^^^^^^
2026-09-09T20:37:50.7356270Z ...
2026-09-09T20:37:50.7356535Z 230 | / opaque_control_ref!(
2026-09-09T20:37:50.7356928Z 231 | |     ConflictResolutionRuleRef,
2026-09-09T20:37:50.7357655Z 232 | |     "Referencia a una regla previamente constituida de resolución de conflicto entre comprobaciones."
2026-09-09T20:37:50.7358262Z 233 | | );
2026-09-09T20:37:50.7358552Z     | |_- in this macro invocation
2026-09-09T20:37:50.7358866Z     |
2026-09-09T20:37:50.7359586Z     = note: this warning originates in the macro `opaque_control_ref` (in Nightly builds, run with -Z macro-backtrace for more info)
2026-09-09T20:37:50.7360322Z 
2026-09-09T20:37:50.7360535Z warning: associated function `from_core_id` is never used
2026-09-09T20:37:50.7360961Z    --> sv_core/src/control.rs:155:27
2026-09-09T20:37:50.7361314Z     |
2026-09-09T20:37:50.7361604Z 141 |           impl $name {
2026-09-09T20:37:50.7362013Z     |           ---------- associated function in this implementation
2026-09-09T20:37:50.7362659Z ...
2026-09-09T20:37:50.7362963Z 155 |               pub(crate) fn from_core_id(id: ControlId) -> Self {
2026-09-09T20:37:50.7363413Z     |                             ^^^^^^^^^^^^
2026-09-09T20:37:50.7363754Z ...
2026-09-09T20:37:50.7364025Z 234 | / opaque_control_ref!(
2026-09-09T20:37:50.7364339Z 235 | |     CoverageRuleRef,
2026-09-09T20:37:50.7364817Z 236 | |     "Referencia a una regla previamente constituida de cobertura de comprobaciones exigibles."
2026-09-09T20:37:50.7365393Z 237 | | );
2026-09-09T20:37:50.7365704Z     | |_- in this macro invocation
2026-09-09T20:37:50.7366054Z     |
2026-09-09T20:37:50.7366605Z     = note: this warning originates in the macro `opaque_control_ref` (in Nightly builds, run with -Z macro-backtrace for more info)
2026-09-09T20:37:50.7367119Z 
2026-09-09T20:37:50.7367329Z warning: associated function `from_core_id` is never used
2026-09-09T20:37:50.7367776Z    --> sv_core/src/control.rs:155:27
2026-09-09T20:37:50.7368126Z     |
2026-09-09T20:37:50.7368399Z 141 |           impl $name {
2026-09-09T20:37:50.7368789Z     |           ---------- associated function in this implementation
2026-09-09T20:37:50.7369199Z ...
2026-09-09T20:37:50.7369550Z 155 |               pub(crate) fn from_core_id(id: ControlId) -> Self {
2026-09-09T20:37:50.7370011Z     |                             ^^^^^^^^^^^^
2026-09-09T20:37:50.7370314Z ...
2026-09-09T20:37:50.7370643Z 238 | / opaque_control_ref!(
2026-09-09T20:37:50.7370952Z 239 | |     ReuseRuleRef,
2026-09-09T20:37:50.7371667Z 240 | |     "Referencia a una regla previamente constituida de reutilización de resultados cualificados."
2026-09-09T20:37:50.7372251Z 241 | | );
2026-09-09T20:37:50.7372874Z     | |_- in this macro invocation
2026-09-09T20:37:50.7373239Z     |
2026-09-09T20:37:50.7373769Z     = note: this warning originates in the macro `opaque_control_ref` (in Nightly builds, run with -Z macro-backtrace for more info)
2026-09-09T20:37:50.7375279Z 
2026-09-09T20:37:50.7375676Z warning: associated function `from_core_id` is never used
2026-09-09T20:37:50.7376173Z    --> sv_core/src/control.rs:155:27
2026-09-09T20:37:50.7376643Z     |
2026-09-09T20:37:50.7376948Z 141 |           impl $name {
2026-09-09T20:37:50.7377422Z     |           ---------- associated function in this implementation
2026-09-09T20:37:50.7377831Z ...
2026-09-09T20:37:50.7378185Z 155 |               pub(crate) fn from_core_id(id: ControlId) -> Self {
2026-09-09T20:37:50.7378600Z     |                             ^^^^^^^^^^^^
2026-09-09T20:37:50.7378960Z ...
2026-09-09T20:37:50.7379239Z 242 | / opaque_control_ref!(
2026-09-09T20:37:50.7379706Z 243 | |     ReuseBindingKeyRef,
2026-09-09T20:37:50.7380559Z 244 | |     "Referencia a una dimensión constituida cuya continuidad puede ser exigible para reutilizar un resultado."
2026-09-09T20:37:50.7381123Z 245 | | );
2026-09-09T20:37:50.7381430Z     | |_- in this macro invocation
2026-09-09T20:37:50.7381757Z     |
2026-09-09T20:37:50.7382301Z     = note: this warning originates in the macro `opaque_control_ref` (in Nightly builds, run with -Z macro-backtrace for more info)
2026-09-09T20:37:50.7383057Z 
2026-09-09T20:37:50.7383242Z warning: associated function `from_core_id` is never used
2026-09-09T20:37:50.7383667Z    --> sv_core/src/control.rs:155:27
2026-09-09T20:37:50.7383998Z     |
2026-09-09T20:37:50.7384307Z 141 |           impl $name {
2026-09-09T20:37:50.7384666Z     |           ---------- associated function in this implementation
2026-09-09T20:37:50.7385109Z ...
2026-09-09T20:37:50.7385545Z 155 |               pub(crate) fn from_core_id(id: ControlId) -> Self {
2026-09-09T20:37:50.7385979Z     |                             ^^^^^^^^^^^^
2026-09-09T20:37:50.7386333Z ...
2026-09-09T20:37:50.7386597Z 246 | / opaque_control_ref!(
2026-09-09T20:37:50.7386978Z 247 | |     ReuseBindingValueRef,
2026-09-09T20:37:50.7387688Z 248 | |     "Referencia al valor constituido de una dimensión de reutilización; identificarlo no acredita su vigencia."
2026-09-09T20:37:50.7388294Z 249 | | );
2026-09-09T20:37:50.7388579Z     | |_- in this macro invocation
2026-09-09T20:37:50.7388924Z     |
2026-09-09T20:37:50.7389504Z     = note: this warning originates in the macro `opaque_control_ref` (in Nightly builds, run with -Z macro-backtrace for more info)
2026-09-09T20:37:50.7389978Z 
2026-09-09T20:37:50.7390118Z warning: function `compile_svp` is never used
2026-09-09T20:37:50.7390453Z    --> sv_core/src/frontend.rs:803:8
2026-09-09T20:37:50.7390792Z     |
2026-09-09T20:37:50.7391217Z 803 | pub fn compile_svp(source: &str, source_file: &str) -> Result<IrProgram, FrontendError> {
2026-09-09T20:37:50.7391756Z     |        ^^^^^^^^^^^
2026-09-09T20:37:50.7391913Z 
2026-09-09T20:37:50.7392115Z warning: function `compile_svp_with_profile` is never used
2026-09-09T20:37:50.7393503Z    --> sv_core/src/frontend.rs:807:8
2026-09-09T20:37:50.7393881Z     |
2026-09-09T20:37:50.7394304Z 807 | pub fn compile_svp_with_profile(
2026-09-09T20:37:50.7394636Z     |        ^^^^^^^^^^^^^^^^^^^^^^^^
2026-09-09T20:37:50.7394860Z 
2026-09-09T20:37:50.7394998Z warning: constant `PROFILE_ID` is never used
2026-09-09T20:37:50.7395385Z  --> sv_core/src/identifier_profile.rs:6:18
2026-09-09T20:37:50.7395739Z   |
2026-09-09T20:37:50.7396119Z 6 | pub(crate) const PROFILE_ID: &str = "svp-grammar-0.2-lex-es-1";
2026-09-09T20:37:50.7396532Z   |                  ^^^^^^^^^^
2026-09-09T20:37:50.7396704Z 
2026-09-09T20:37:50.7396870Z warning: function `is_reserved_word` is never used
2026-09-09T20:37:50.7397643Z   --> sv_core/src/identifier_profile.rs:22:15
2026-09-09T20:37:50.7397996Z    |
2026-09-09T20:37:50.7398336Z 22 | pub(crate) fn is_reserved_word(word: &str) -> bool {
2026-09-09T20:37:50.7398681Z    |               ^^^^^^^^^^^^^^^^
2026-09-09T20:37:50.7398916Z 
2026-09-09T20:37:50.7399054Z warning: method `matches_descriptor` is never used
2026-09-09T20:37:50.7399470Z    --> sv_core/src/requirements_reuse.rs:121:19
2026-09-09T20:37:50.7399822Z     |
2026-09-09T20:37:50.7400099Z  44 | impl ReuseRule {
2026-09-09T20:37:50.7400382Z     | -------------- method in this implementation
2026-09-09T20:37:50.7400757Z ...
2026-09-09T20:37:50.7401144Z 121 |     pub(crate) fn matches_descriptor(&self, descriptor: &RequirementDescriptor) -> bool {
2026-09-09T20:37:50.7401617Z     |                   ^^^^^^^^^^^^^^^^^^
2026-09-09T20:37:50.7401835Z 
2026-09-09T20:37:50.7402275Z warning: hiding a lifetime that's elided elsewhere is confusing
2026-09-09T20:37:50.7402847Z     --> sv_core/src/frontend.rs:2161:13
2026-09-09T20:37:50.7403195Z      |
2026-09-09T20:37:50.7403452Z 2161 |     fn peek(&self) -> &Token {
2026-09-09T20:37:50.7404036Z      |             ^^^^^     ^^^^^^
2026-09-09T20:37:50.7404383Z      |             |         ||
2026-09-09T20:37:50.7404717Z      |             |         |the same lifetime is hidden here
2026-09-09T20:37:50.7405121Z      |             |         the same lifetime is elided here
2026-09-09T20:37:50.7405491Z      |             the lifetime is elided here
2026-09-09T20:37:50.7405807Z      |
2026-09-09T20:37:50.7406310Z      = help: the same lifetime is referred to in inconsistent ways, making the signature confusing
2026-09-09T20:37:50.7406872Z      = note: `#[warn(mismatched_lifetime_syntaxes)]` on by default
2026-09-09T20:37:50.7407287Z help: use `'_` for type paths
2026-09-09T20:37:50.7407578Z      |
2026-09-09T20:37:50.7407839Z 2161 |     fn peek(&self) -> &Token<'_> {
2026-09-09T20:37:50.7408214Z      |                             ++++
2026-09-09T20:37:50.7408415Z 
2026-09-09T20:37:51.2356355Z warning: function `permission_plan` is never used
2026-09-09T20:37:51.2357206Z    --> sv_core/src/authority/transitions/reuse_tests.rs:288:4
2026-09-09T20:37:51.2357813Z     |
2026-09-09T20:37:51.2358150Z 288 | fn permission_plan() -> GenesisPlan {
2026-09-09T20:37:51.2358575Z     |    ^^^^^^^^^^^^^^^
2026-09-09T20:37:51.2358850Z     |
2026-09-09T20:37:51.2359169Z     = note: `#[warn(dead_code)]` (part of `#[warn(unused)]`) on by default
2026-09-09T20:37:51.2359472Z 
2026-09-09T20:37:54.1046750Z warning: `sv_core` (lib) generated 27 warnings (run `cargo fix --lib -p sv_core` to apply 1 suggestion)
2026-09-09T20:37:54.1047798Z    Compiling sv_wasm v0.1.0 (/work/rust/sv_wasm)
2026-09-09T20:37:54.4917640Z    Compiling sv_native v0.1.0 (/work/rust/sv_native)
2026-09-09T20:37:54.9740179Z warning: function `check_witness` is never used
2026-09-09T20:37:54.9740765Z   --> sv_core/examples/../../../tests/row7_gh/probe.rs:59:8
2026-09-09T20:37:54.9741325Z    |
2026-09-09T20:37:54.9741664Z 59 | pub fn check_witness(witness: &str) -> Result<(), String> {
2026-09-09T20:37:54.9742078Z    |        ^^^^^^^^^^^^^
2026-09-09T20:37:54.9742664Z    |
2026-09-09T20:37:54.9743031Z    = note: `#[warn(dead_code)]` (part of `#[warn(unused)]`) on by default
2026-09-09T20:37:54.9743637Z 
2026-09-09T20:37:55.5446252Z warning: function `report` is never used
2026-09-09T20:37:55.5447117Z    --> sv_core/tests/../../../tests/row7_bindings/cases.rs:165:8
2026-09-09T20:37:55.5447889Z     |
2026-09-09T20:37:55.5448393Z 165 | pub fn report()->Result<String,String> {
2026-09-09T20:37:55.5448905Z     |        ^^^^^^
2026-09-09T20:37:55.5449310Z     |
2026-09-09T20:37:55.5449770Z     = note: `#[warn(dead_code)]` (part of `#[warn(unused)]`) on by default
2026-09-09T20:37:55.5450216Z 
2026-09-09T20:37:55.5681493Z warning: `sv_core` (example "gh_binding_probe_browser") generated 1 warning
2026-09-09T20:37:56.0838308Z warning: `sv_core` (test "bindings") generated 1 warning
2026-09-09T20:37:56.3693736Z warning: `sv_core` (example "gh_binding_probe") generated 1 warning (1 duplicate)
2026-09-09T20:37:56.6016443Z warning: `sv_core` (lib test) generated 4 warnings (3 duplicates)
2026-09-09T20:37:58.6094157Z     Finished `test` profile [unoptimized + debuginfo] target(s) in 8.78s
2026-09-09T20:37:58.6107422Z      Running unittests src/lib.rs (target/debug/deps/sv_core-9f6bf0705a27b544)
2026-09-09T20:37:58.6116628Z 
2026-09-09T20:37:58.6117081Z running 211 tests
2026-09-09T20:37:58.6119684Z test admissibility::tests::admissibility_labels_are_exact ... ok
2026-09-09T20:37:58.6123205Z test admissibility::tests::admissibility_spec_rejects_zero_parameter_id ... ok
2026-09-09T20:37:58.6124670Z test admissibility::tests::admissibility_spec_rejects_missing_rule ... ok
2026-09-09T20:37:58.6138961Z test admissibility::tests::admissibility_state_is_exactly_the_closed_v0_2_set ... ok
2026-09-09T20:37:58.6139864Z test admissibility::tests::admitted_observation_does_not_itself_create_tri ... ok
2026-09-09T20:37:58.6140508Z test admissibility::tests::only_ok_and_degraded_are_positively_admitted ... ok
2026-09-09T20:37:58.6141239Z test admissibility::tests::valid_admissibility_spec_preserves_identity_parameter_and_rule ... ok
2026-09-09T20:37:58.6142156Z test admissibility::tests::technical_capture_failure_remains_outside_tri ... ok
2026-09-09T20:37:58.6142942Z test authority::tests::authority_rejects_effect_outside_its_context ... ok
2026-09-09T20:37:58.6143504Z test authority::tests::authority_rejects_effect_outside_its_governed_domain ... ok
2026-09-09T20:37:58.6144081Z test authority::tests::duplicate_members_do_not_expand_envelope_or_domain ... ok
2026-09-09T20:37:58.6144699Z test authority::tests::constituted_authority_binds_holder_context_envelope_and_domain ... ok
2026-09-09T20:37:58.6145313Z test authority::tests::effect_envelope_uses_the_complete_effect_scope ... ok
2026-09-09T20:37:58.6145943Z test authority::tests::effect_scope_requires_complete_constituted_effect_and_domain ... ok
2026-09-09T20:37:58.6146667Z test authority::tests::form_descriptor_freezes_the_constituted_dimensions ... ok
2026-09-09T20:37:58.6147416Z test authority::tests::form_scope_requires_family_and_context_together ... ok
2026-09-09T20:37:58.6147975Z test authority::tests::governed_domain_membership_is_decidable_before_exercise ... ok
2026-09-09T20:37:58.6148656Z test authority::transitions::reuse_tests::accredited_but_incomplete_coverage_never_forms_permit ... ok
2026-09-09T20:37:58.6149325Z test authority::transitions::reuse_tests::complete_governed_da_forms_a_sealed_permit ... ok
2026-09-09T20:37:58.6149980Z test authority::transitions::reuse_tests::duplicate_reuse_binding_key_rejects_t0_atomically ... ok
2026-09-09T20:37:58.6150967Z test authority::transitions::reuse_tests::duplicate_reuse_rule_reference_across_requirements_rejects_t0_atomically ... ok
2026-09-09T20:37:58.6151763Z test authority::transitions::reuse_tests::adapter_error_after_dispatch_is_indeterminate_not_non_execution ... ok
2026-09-09T20:37:58.6152693Z test authority::transitions::reuse_tests::different_effect_cannot_cross_mediation_with_valid_permit ... ok
2026-09-09T20:37:58.6153454Z test authority::transitions::reuse_tests::empty_reuse_binding_set_rejects_t0_atomically ... ok
2026-09-09T20:37:58.6154218Z test authority::transitions::reuse_tests::effect_outside_required_authority_scope_is_closed_before_permit ... ok
2026-09-09T20:37:58.6155052Z test authority::transitions::reuse_tests::form_effect_mismatch_is_closed_before_permit ... ok
2026-09-09T20:37:58.6155795Z test authority::transitions::reuse_tests::form_without_required_authority_cannot_form_permit ... ok
2026-09-09T20:37:58.6159701Z test authority::transitions::reuse_tests::idempotent_requires_new_governed_attempt_and_new_exercise_ref ... ok
2026-09-09T20:37:58.6165128Z test authority::transitions::reuse_tests::mediated_t_e_executes_once_and_records_append_only_trace ... ok
2026-09-09T20:37:58.6166294Z test authority::transitions::reuse_tests::governed_accumulation_contracts_remain_closed_before_adapter ... ok
2026-09-09T20:37:58.6169056Z test authority::transitions::reuse_tests::non_exercise_commitment_is_rejected_before_adapter_dispatch ... ok
2026-09-09T20:37:58.6174259Z test authority::transitions::reuse_tests::r1_4_unit_one_does_not_make_authorizing_classes_productive ... ok
2026-09-09T20:37:58.6175155Z test authority::transitions::reuse_tests::not_verifiable_requirements_never_form_positive_permit ... ok
2026-09-09T20:37:58.6175933Z test authority::transitions::reuse_tests::r1_4_unit_two_does_not_make_authorizing_classes_productive ... ok
2026-09-09T20:37:58.6176625Z test authority::transitions::reuse_tests::r1_4_unit_three_does_not_make_authorizing_classes_productive ... ok
2026-09-09T20:37:58.6182549Z test authority::transitions::reuse_tests::r1_5_refuted_decision_is_traced_without_mediation_or_exercise ... ok
2026-09-09T20:37:58.6186016Z test authority::transitions::reuse_tests::r1_5_incomplete_coverage_traces_resolved_da_as_qualified_dn ... ok
2026-09-09T20:37:58.6187653Z test authority::transitions::reuse_tests::r1_5_traced_chain_from_t0_binds_decision_mediation_and_real_exercise ... ok
2026-09-09T20:37:58.6189019Z test authority::transitions::reuse_tests::r1_5_conflict_trace_preserves_each_individual_check_before_dn_resolution ... ok
2026-09-09T20:37:58.6190311Z test authority::transitions::reuse_tests::refuted_requirements_never_form_positive_permit ... ok
2026-09-09T20:37:58.6197612Z test authority::transitions::reuse_tests::reuse_rule_is_constituted_by_t0_and_bound_to_requirement ... ok
2026-09-09T20:37:58.6199210Z test authority::transitions::reuse_tests::single_use_blocks_second_dispatch_after_confirmed_exercise ... ok
2026-09-09T20:37:58.6200395Z test authority::transitions::reuse_tests::valid_permit_is_consumed_into_exact_mediated_commitment ... ok
2026-09-09T20:37:58.6203431Z test authority::transitions::reuse_tests::single_use_blocks_second_dispatch_after_indeterminate_attempt ... ok
2026-09-09T20:37:58.6205593Z test authority::transitions::tests::authority_effect_outside_domain_is_rejected_without_partial_state ... ok
2026-09-09T20:37:58.6206966Z test authority::transitions::tests::authority_effect_outside_context_is_rejected_without_partial_state ... ok
2026-09-09T20:37:58.6209275Z test authority::transitions::tests::authorizing_form_requires_prior_authority_reference ... ok
2026-09-09T20:37:58.6211254Z test authority::transitions::tests::applicability_mismatch_rejects_whole_genesis ... ok
2026-09-09T20:37:58.6212011Z test authority::transitions::tests::conflict_rule_without_applicable_decisive_verifier_rejects_t0_atomically ... ok
2026-09-09T20:37:58.6213748Z test authority::transitions::tests::consumed_external_premise_cannot_seed_another_genesis ... ok
2026-09-09T20:37:58.6214489Z test authority::transitions::tests::controlled_form_without_context_is_rejected_before_constitution ... ok
2026-09-09T20:37:58.6215176Z test authority::transitions::tests::controlled_form_without_requirements_is_rejected_atomically ... ok
2026-09-09T20:37:58.6215932Z test authority::transitions::tests::coverage_required_verifier_without_applicability_rejects_t0_atomically ... ok
2026-09-09T20:37:58.6216633Z test authority::transitions::tests::duplicate_authority_reference_is_rejected_atomically ... ok
2026-09-09T20:37:58.6217298Z test authority::transitions::tests::duplicate_coverage_required_verifier_rejects_t0_atomically ... ok
2026-09-09T20:37:58.6218035Z test authority::transitions::tests::duplicate_coverage_rule_reference_across_requirements_rejects_t0_atomically ... ok
2026-09-09T20:37:58.6218703Z test authority::transitions::tests::duplicate_form_reference_is_rejected_atomically ... ok
2026-09-09T20:37:58.6219992Z test authority::transitions::tests::duplicate_conflict_rule_reference_across_requirements_rejects_t0_atomically ... ok
2026-09-09T20:37:58.6220716Z test authority::transitions::tests::empty_coverage_required_set_rejects_t0_atomically ... ok
2026-09-09T20:37:58.6221398Z test authority::transitions::tests::governance_constitutive_and_recovery_remain_non_productive ... ok
2026-09-09T20:37:58.6222125Z test authority::transitions::tests::information_verification_enablement_and_exercise_are_non_authorizing ... ok
2026-09-09T20:37:58.6223203Z test authority::transitions::tests::coverage_rule_is_constituted_by_t0_and_bound_to_requirement ... ok
2026-09-09T20:37:58.6223966Z test authority::transitions::tests::only_genesis_has_productive_disposition_in_r1_3_unit_2 ... ok
2026-09-09T20:37:58.6224659Z test authority::transitions::tests::rejected_empty_genesis_does_not_consume_t0_or_premise ... ok
2026-09-09T20:37:58.6226565Z test authority::transitions::tests::missing_mandatory_core_rejects_whole_genesis ... ok
2026-09-09T20:37:58.6228612Z test authority::transitions::tests::missing_required_authority_is_rejected ... ok
2026-09-09T20:37:58.6229327Z test authority::transitions::tests::uncontrolled_genesis_remains_valid_without_requirements ... ok
2026-09-09T20:37:58.6230116Z test authority::transitions::tests::valid_t0_constitutes_initial_state_and_consumes_genesis ... ok
2026-09-09T20:37:58.6230814Z test authority::transitions::tests::second_t0_on_the_same_continuity_is_rejected ... ok
2026-09-09T20:37:58.6231459Z test c03_tests::c03_accepts_a_coherent_declared_subset_without_exhaustivity ... ok
2026-09-09T20:37:58.6234255Z test c03_tests::c03_rejects_criticalities_while_no_surface_producer_exists ... ok
2026-09-09T20:37:58.6234906Z test c03_tests::c03_rejects_external_or_duplicated_evaluation_sources ... ok
2026-09-09T20:37:58.6235495Z test control_tests::check_results_are_exactly_the_three_sec0d_results ... ok
2026-09-09T20:37:58.6236033Z test control_tests::control_id_rejects_empty_or_blank_identifiers ... ok
2026-09-09T20:37:58.6236665Z test control_tests::protected_reference_categories_are_nominally_distinct ... ok
2026-09-09T20:37:58.6237367Z test control_tests::technical_check_results_are_a_type_distinct_from_tri ... ok
2026-09-09T20:37:58.6238032Z test control_tests::transition_classes_preserve_the_eight_contractual_labels ... ok
2026-09-09T20:37:58.6238677Z test decision_trace::tests::decimal_successor_is_not_machine_word_bounded ... ok
2026-09-09T20:37:58.6239344Z test c03_tests::c03_rejects_states_outside_architecture_or_multiple_states_for_one_node ... ok
2026-09-09T20:37:58.6240175Z test decision_trace::tests::decision_references_are_structural_ordinals ... ok
2026-09-09T20:37:58.6240768Z test equivalence::tests::json_escape_is_deterministic ... ok
2026-09-09T20:37:58.6241357Z test execution::tests::decimal_successor_is_unbounded_by_machine_word_width ... ok
2026-09-09T20:37:58.6241989Z test frame_tests::distinct_architecture_nodes_accept_distinct_states ... ok
2026-09-09T20:37:58.6243804Z test frame_tests::duplicate_state_reference_is_rejected ... ok
2026-09-09T20:37:58.6244434Z test frame_tests::eval_source_outside_frame_is_rejected ... ok
2026-09-09T20:37:58.6244961Z test frame_tests::frame_is_not_exhaustive ... ok
2026-09-09T20:37:58.6245475Z test frame_tests::gate_input_outside_frame_is_rejected ... ok
2026-09-09T20:37:58.6246046Z test c03_tests::c03_rejects_a_gate_or_supervision_that_escapes_the_causal_closure ... ok
2026-09-09T20:37:58.6246739Z test control_tests::continuity_occupancy_has_distinct_uninhabited_and_inhabited_states ... ok
2026-09-09T20:37:58.6247364Z test frame_tests::duplicate_eval_source_is_rejected ... ok
2026-09-09T20:37:58.6247844Z test frame_tests::non_empty_criticalities_are_rejected ... ok
2026-09-09T20:37:58.6248300Z test frame_tests::state_outside_architecture_is_rejected ... ok
2026-09-09T20:37:58.6248776Z test frame_tests::multiple_states_for_same_node_are_rejected ... ok
2026-09-09T20:37:58.6249475Z test frame_tests::supervision_cell_target_outside_frame_is_rejected ... ok
2026-09-09T20:37:58.6250062Z test frame_tests::supervision_meta_eval_outside_frame_is_rejected ... ok
2026-09-09T20:37:58.6250625Z test frame_tests::supervision_cell_target_inside_frame_is_valid ... ok
2026-09-09T20:37:58.6251223Z test frame_tests::supervision_system_target_matching_architecture_is_valid ... ok
2026-09-09T20:37:58.6251812Z test frame_tests::supervision_system_target_must_match_architecture ... ok
2026-09-09T20:37:58.6252764Z test frame_tests::valid_frame_preserves_declared_references_and_unbounded_nat_index ... ok
2026-09-09T20:37:58.6253448Z test frame_tests::supervision_composed_target_outside_frame_is_rejected ... ok
2026-09-09T20:37:58.6254245Z test frontend::profile_catalog_tests_2a::catalogos_y_aislamiento_interperfil_son_exhaustivos ... ok
2026-09-09T20:37:58.6254907Z test frontend::tests::sha256_matches_known_vector ... ok
2026-09-09T20:37:58.6256021Z test frontend::source_profile_public_tests_2a::selector_textual_y_abi_son_cerrados_y_estables ... ok
2026-09-09T20:37:58.6256847Z test frontend::union_surface_index_tests_2a::indice_conjunto_preserva_identidad_y_pertenencia_de_perfil ... ok
2026-09-09T20:37:58.6257585Z test frontend::tests::query_context_variants_are_materialized_as_closed_ir_variants ... ok
2026-09-09T20:37:58.6258560Z test identifier_profile::tests::excluye_formas_no_canónicas_y_otros_alfabetos ... ok
2026-09-09T20:37:58.6264908Z test identifier_profile::tests::cubre_la_ortografia_espanola_del_perfil ... ok
2026-09-09T20:37:58.6265849Z test ir_tests::frame_ir_preserves_unbounded_index_declared_order_and_immutability ... ok
2026-09-09T20:37:58.6266987Z test identifier_profile::tests::las_palabras_reservadas_no_son_identificadores ... ok
2026-09-09T20:37:58.6267775Z test ir_tests::admissibility_state_order_from_ir_is_preserved ... ok
2026-09-09T20:37:58.6268490Z test ir_tests::object_type_and_level_are_derived_not_supplied ... ok
2026-09-09T20:37:58.6269241Z test ir_tests::operation_type_and_result_are_derived_not_supplied ... ok
2026-09-09T20:37:58.6270026Z test ir_tests::query_and_supervision_variants_keep_canonical_labels ... ok
2026-09-09T20:37:58.6270786Z test ir_tests::resolve_operation_preserves_identified_target_and_instances ... ok
2026-09-09T20:37:58.6271591Z test ir_tests::program_header_is_fixed_and_order_is_preserved ... ok
2026-09-09T20:37:58.6272471Z test ir_tests::trajectory_append_only_is_constitutive_in_the_representation ... ok
2026-09-09T20:37:58.6273575Z test ir_tests::tri_has_distinct_language_and_ir_labels ... ok
2026-09-09T20:37:58.6274872Z test multisource_assembly_tests_2b::el_perfil_erroneo_no_se_rescata_por_la_otra_unidad ... ok
2026-09-09T20:37:58.6276060Z test multisource_assembly_tests_2b::la_identidad_de_ensamblaje_es_determinista_y_sensible_al_orden ... ok
2026-09-09T20:37:58.6276763Z test multisource_assembly_tests_2b::las_colisiones_globales_se_rechazan ... ok
2026-09-09T20:37:58.6277500Z test multisource_assembly_tests_2b::una_produccion_no_puede_cruzar_la_frontera_de_archivo ... ok
2026-09-09T20:37:58.6278121Z test multisource_assembly_tests_2b::admite_las_cuatro_combinaciones_de_perfil ... ok
2026-09-09T20:37:58.6278720Z test nat::tests::nat_has_one_internal_decimal_representation_per_value ... ok
2026-09-09T20:37:58.6279197Z test nat::tests::nat_rejects_non_decimal_material ... ok
2026-09-09T20:37:58.6279787Z test requirements::tests::aggregation_rejects_duplicate_check_for_same_requirement ... ok
2026-09-09T20:37:58.6280900Z test requirements::tests::aggregation_rejects_same_reference_with_different_material_binding ... ok
2026-09-09T20:37:58.6281570Z test nat::tests::nat_accepts_values_beyond_u64_without_narrowing ... ok
2026-09-09T20:37:58.6282184Z test requirements::tests::all_accredited_aggregates_to_da ... ok
2026-09-09T20:37:58.6282895Z test requirements::tests::aggregation_requires_complete_coverage ... ok
2026-09-09T20:37:58.6283709Z test requirements::tests::applicability_must_match_requirement_context_family_and_rule ... ok
2026-09-09T20:37:58.6284594Z test requirements::tests::dn_is_preserved_when_there_is_no_refutation ... ok
2026-09-09T20:37:58.6285340Z test requirements::tests::nominal_da_cannot_form_an_aggregable_check_without_applicability ... ok
2026-09-09T20:37:58.6286083Z test frontend::tests::compiles_all_current_valid_cases_from_actual_svp_text ... ok
2026-09-09T20:37:58.6286683Z test requirements::tests::refutation_precedes_not_verifiable ... ok
2026-09-09T20:37:58.6287224Z test requirements::tests::requirement_set_rejects_empty_req ... ok
2026-09-09T20:37:58.6287860Z test requirements::tests::requirement_set_rejects_reused_reference ... ok
2026-09-09T20:37:58.6288551Z test requirements::tests::requirement_set_requires_the_non_eludible_core ... ok
2026-09-09T20:37:58.6289195Z test requirements_bridge::tests::aggregation_rejects_foreign_material_binding ... ok
2026-09-09T20:37:58.6289832Z test requirements_bridge::tests::aggregation_is_independent_of_result_order ... ok
2026-09-09T20:37:58.6291965Z test requirements_bridge::tests::aggregation_rejects_duplicate_requirement_result ... ok
2026-09-09T20:37:58.6294397Z test requirements_bridge::tests::aggregation_requires_complete_requirement_coverage ... ok
2026-09-09T20:37:58.6295225Z test requirements_bridge::tests::aggregation_rejects_unexpected_requirement_result ... ok
2026-09-09T20:37:58.6296058Z test requirements_bridge::tests::complete_accreditation_aggregates_to_da ... ok
2026-09-09T20:37:58.6296766Z test multisource_assembly_tests_2b::referencia_transfronteriza_exige_el_ensamblaje_global ... ok
2026-09-09T20:37:58.6297556Z test requirements_bridge::tests::homogeneous_single_check_is_sealed_with_descriptor_and_observation ... ok
2026-09-09T20:37:58.6298594Z test requirements_bridge::tests::conflict_without_rule_preserves_each_individual_result ... ok
2026-09-09T20:37:58.6299303Z test requirements_bridge::tests::dn_is_preserved_without_refutation ... ok
2026-09-09T20:37:58.6299900Z test requirements_bridge::tests::refutation_precedes_dn_after_resolution ... ok
2026-09-09T20:37:58.6300660Z test requirements_conflict::tests::absent_decisive_verifier_leaves_conflict_at_dn ... ok
2026-09-09T20:37:58.6301431Z test requirements_conflict::tests::accredited_and_refuted_without_rule_become_not_verifiable ... ok
2026-09-09T20:37:58.6302570Z test requirements_conflict::tests::accredited_and_not_verifiable_without_rule_remain_not_verifiable ... ok
2026-09-09T20:37:58.6303473Z test requirements_conflict::tests::conflict_result_is_independent_of_input_order ... ok
2026-09-09T20:37:58.6304222Z test requirements_conflict::tests::decisive_accredited_verifier_resolves_conflict_to_da ... ok
2026-09-09T20:37:58.6305114Z test requirements_conflict::tests::decisive_refuted_verifier_resolves_conflict_to_dr ... ok
2026-09-09T20:37:58.6305960Z test requirements_conflict::tests::decisive_dn_verifier_cannot_promote_conflict ... ok
2026-09-09T20:37:58.6306924Z test requirements_conflict::tests::homogeneous_not_verifiable_checks_remain_not_verifiable ... ok
2026-09-09T20:37:58.6307657Z test requirements_conflict::tests::homogeneous_refuted_checks_remain_refuted ... ok
2026-09-09T20:37:58.6308351Z test requirements_conflict::tests::empty_check_set_is_rejected ... ok
2026-09-09T20:37:58.6309211Z test requirements_conflict::tests::homogeneous_accredited_checks_remain_accredited ... ok
2026-09-09T20:37:58.6310042Z test requirements_conflict::tests::majority_does_not_override_constituted_decisive_verifier ... ok
2026-09-09T20:37:58.6311242Z test requirements_conflict::tests::mixed_requirements_are_not_a_single_conflict ... ok
2026-09-09T20:37:58.6313868Z test requirements_conflict::tests::public_governed_path_without_rule_keeps_conflict_at_dn ... ok
2026-09-09T20:37:58.6315148Z test requirements_conflict::tests::public_governed_path_rejects_foreign_material_binding ... ok
2026-09-09T20:37:58.6315976Z test requirements_conflict::tests::refuted_and_not_verifiable_without_rule_become_not_verifiable ... ok
2026-09-09T20:37:58.6316782Z test requirements_conflict::tests::repeated_verifier_is_rejected_instead_of_weighted ... ok
2026-09-09T20:37:58.6317534Z test requirements_coverage::tests::accredited_results_without_coverage_rules_aggregate_to_dn ... ok
2026-09-09T20:37:58.6318186Z test requirements_conflict::tests::repeated_verifier_with_incompatible_results_is_rejected_on_public_path ... ok
2026-09-09T20:37:58.6318882Z test requirements_coverage::tests::all_required_participants_complete_coverage ... ok
2026-09-09T20:37:58.6319579Z test requirements_coverage::tests::absence_of_rule_is_not_empty_positive_coverage ... ok
2026-09-09T20:37:58.6320250Z test requirements_coverage::tests::coverage_rule_identity_is_part_of_the_resolved_binding ... ok
2026-09-09T20:37:58.6320959Z test requirements_coverage::tests::coverage_rule_rejects_duplicate_required_verifier ... ok
2026-09-09T20:37:58.6321696Z test requirements_coverage::tests::complete_coverage_of_all_accredited_requirements_aggregates_to_da ... ok
2026-09-09T20:37:58.6324856Z test requirements_coverage::tests::coverage_rule_rejects_empty_required_set ... ok
2026-09-09T20:37:58.6325691Z test requirements_coverage::tests::extra_participant_does_not_replace_a_missing_required_one ... ok
2026-09-09T20:37:58.6326435Z test requirements_coverage::tests::missing_required_participant_is_explicit ... ok
2026-09-09T20:37:58.6327056Z test requirements_coverage::tests::refutation_is_not_erased_by_absent_coverage_rule ... ok
2026-09-09T20:37:58.6327751Z test requirements_coverage::tests::result_from_other_requirement_is_rejected ... ok
2026-09-09T20:37:58.6328360Z test requirements_coverage::tests::rule_bound_to_other_context_is_rejected_even_if_attached_for_test ... ok
2026-09-09T20:37:58.6328991Z test requirements_coverage::tests::missing_required_verifier_prevents_da ... ok
2026-09-09T20:37:58.6329703Z test requirements_reuse::tests::exact_continuity_preserves_da ... ok
2026-09-09T20:37:58.6330133Z test requirements_reuse::tests::exact_continuity_preserves_dn_without_promotion ... ok
2026-09-09T20:37:58.6330657Z test requirements_reuse::tests::changed_single_binding_closes_to_dn ... ok
2026-09-09T20:37:58.6331139Z test requirements_reuse::tests::exact_continuity_preserves_dr ... ok
2026-09-09T20:37:58.6331599Z test requirements_reuse::tests::incomplete_coverage_cannot_reappear_as_historical_da ... ok
2026-09-09T20:37:58.6332030Z test requirements_reuse::tests::missing_current_rule_closes_to_dn ... ok
2026-09-09T20:37:58.6332990Z test requirements_reuse::tests::reuse_rule_rejects_duplicate_binding_key ... ok
2026-09-09T20:37:58.6333450Z test requirements_reuse::tests::reuse_rule_rejects_empty_binding_set ... ok
2026-09-09T20:37:58.6333891Z test requirements_reuse::tests::other_requirement_is_structural_error ... ok
2026-09-09T20:37:58.6334412Z test resolution_tests::arbitrary_precision_position_cannot_overflow_into_a_valid_index ... ok
2026-09-09T20:37:58.6334889Z test resolution_tests::context_instance_must_match_res_spec_exactly ... ok
2026-09-09T20:37:58.6335341Z test requirements_reuse::tests::same_rule_reference_with_changed_binding_is_not_reusable ... ok
2026-09-09T20:37:58.6335798Z test resolution_tests::coupled_target_uses_the_effective_updated_vector ... ok
2026-09-09T20:37:58.6336234Z test resolution_tests::mechanism_instance_must_match_res_spec_exactly ... ok
2026-09-09T20:37:58.6336617Z test resolution_tests::non_evaluable_target_is_rejected_with_e305 ... ok
2026-09-09T20:37:58.6337058Z test resolution_tests::position_beyond_effective_vector_is_rejected ... ok
2026-09-09T20:37:58.6337644Z test resolution_tests::res_spec_preserves_opaque_contract_references ... ok
2026-09-09T20:37:58.6341612Z test resolution_tests::review_does_not_mutate_the_effective_state ... ok
2026-09-09T20:37:58.6342341Z test resolution_tests::review_material_never_becomes_positive_closure_by_execution_alone ... ok
2026-09-09T20:37:58.6342955Z test resolution_tests::target_value_must_be_a_constituted_u ... ok
2026-09-09T20:37:58.6343419Z test resolution_tests::zero_position_is_rejected_as_not_one_based ... ok
2026-09-09T20:37:58.6343918Z test tests::technical_invalidity_is_not_u ... ok
2026-09-09T20:37:58.6344325Z test tests::tri_has_a_stable_one_byte_representation ... ok
2026-09-09T20:37:58.6344785Z test requirements_reuse::tests::changed_context_closes_to_dn ... ok
2026-09-09T20:37:58.6345173Z test tests::tri_is_exactly_ternary_at_the_public_boundary ... ok
2026-09-09T20:37:58.6345595Z test resolution_tests::cell_target_u_is_reviewable_and_closure_remains_u ... ok
2026-09-09T20:37:58.6346004Z test tests::tri_numeric_representation_is_canonical ... ok
2026-09-09T20:37:58.6346347Z test tests::tri_textual_representation_is_canonical ... ok
2026-09-09T20:37:58.6346667Z test tests::tri_roundtrip_is_canonical ... ok
2026-09-09T20:37:58.6347032Z test tests::version_constants_match_the_integrated_frontend_contract ... ok
2026-09-09T20:37:58.6347498Z test transition_data_wellformed::tests::decimal_order_does_not_narrow_unbounded_naturals ... ok
2026-09-09T20:37:58.6347945Z test wellformed::tests::decimal_order_does_not_narrow_unbounded_nat ... ok
2026-09-09T20:37:58.6348193Z 
2026-09-09T20:37:58.6348415Z test result: ok. 211 passed; 0 failed; 0 ignored; 0 measured; 0 filtered out; finished in 0.02s
2026-09-09T20:37:58.6348659Z 
2026-09-09T20:37:58.6348949Z      Running tests/admissibility_table_causal.rs (target/debug/deps/admissibility_table_causal-8911373653e15fdc)
2026-09-09T20:37:58.6349251Z 
2026-09-09T20:37:58.6349363Z running 3 tests
2026-09-09T20:37:58.6349645Z test el_cierre_interno_historico_falla_en_sintaxis ... ok
2026-09-09T20:37:58.6350048Z test salida_ajena_al_codominio_alcanza_la_guarda_semantica ... ok
2026-09-09T20:37:58.6350594Z test sustituir_solo_la_salida_por_un_miembro_declarado_admite_la_tabla ... ok
2026-09-09T20:37:58.6350916Z 
2026-09-09T20:37:58.6351842Z test result: ok. 3 passed; 0 failed; 0 ignored; 0 measured; 0 filtered out; finished in 0.00s
2026-09-09T20:37:58.6352782Z 
2026-09-09T20:37:58.6353090Z      Running tests/architecture_type_guards.rs (target/debug/deps/architecture_type_guards-e63f5ba1c527b1f9)
2026-09-09T20:37:58.6353546Z 
2026-09-09T20:37:58.6354526Z running 3 tests
2026-09-09T20:37:58.6357421Z test frame_architecture_exige_composition_graph_en_ambos_perfiles ... ok
2026-09-09T20:37:58.6357972Z test compose_graph_exige_composition_graph_en_ambos_perfiles ... ok
2026-09-09T20:37:58.6358569Z test frame_y_compose_conservan_sus_controles_validos ... ok
2026-09-09T20:37:58.6359067Z 
2026-09-09T20:37:58.6359301Z test result: ok. 3 passed; 0 failed; 0 ignored; 0 measured; 0 filtered out; finished in 0.00s
2026-09-09T20:37:58.6359654Z 
2026-09-09T20:37:58.6359886Z      Running tests/bindings.rs (target/debug/deps/bindings-e3479c09a1b0b2e2)
2026-09-09T20:37:58.6366060Z 
2026-09-09T20:37:58.6366485Z running 45 tests
2026-09-09T20:37:58.6536101Z test l00_identidad_vacia ... ok
2026-09-09T20:37:58.6536740Z test l00_esquema ... ok
2026-09-09T20:37:58.6564510Z test l00_operacion_duplicada ... ok
2026-09-09T20:37:58.6703154Z test l01_version ... ok
2026-09-09T20:37:58.6723964Z test l02_orden_expectativa ... ok
2026-09-09T20:37:58.6725844Z test l00_uso_duplicado ... ok
2026-09-09T20:37:58.6872994Z test l03_programa ... ok
2026-09-09T20:37:58.6914984Z test l04_bytes ... ok
2026-09-09T20:37:58.6919116Z test l05_version_duplicada ... ok
2026-09-09T20:37:58.7061011Z test l06_referencia_ausente ... ok
2026-09-09T20:37:58.7128855Z test l07_clase ... ok
2026-09-09T20:37:58.7144545Z test l06_referencia_exacta ... ok
2026-09-09T20:37:58.7275259Z test l08_instancia_duplicada ... ok
2026-09-09T20:37:58.7294364Z test l09_parametro ... ok
2026-09-09T20:37:58.7394737Z test l09_propietario ... ok
2026-09-09T20:37:58.7494313Z test l10_admision_tipo ... ok
2026-09-09T20:37:58.7514538Z test l10_admision_ajena ... ok
2026-09-09T20:37:58.7545080Z test controles_positivos_preservan_identidad_orden_y_multiplicidad ... ok
2026-09-09T20:37:58.7630572Z test l10_captura_ajena ... ok
2026-09-09T20:37:58.7679861Z test l10_captura_tipo ... ok
2026-09-09T20:37:58.7714546Z test l11_numeral_admision ... ok
2026-09-09T20:37:58.7730254Z test l11_numeral_captura ... ok
2026-09-09T20:37:58.7837196Z test l12_regla ... ok
2026-09-09T20:37:58.7879195Z test l13_espacio ... ok
2026-09-09T20:37:58.7885967Z test l13_ternarizador_ajeno ... ok
2026-09-09T20:37:58.7919012Z test l14_procedencia ... ok
2026-09-09T20:37:58.8055970Z test l16_instancia_ausente ... ok
2026-09-09T20:37:58.8072845Z test l15_operacion ... ok
2026-09-09T20:37:58.8090925Z test l15_version_operacion ... ok
2026-09-09T20:37:58.8115846Z test l17_destino_ausente ... ok
2026-09-09T20:37:58.8249789Z test l18_destino_ausente ... ok
2026-09-09T20:37:58.8285062Z test l18_destino_tipo ... ok
2026-09-09T20:37:58.8287815Z test l18_nodo_ajeno ... ok
2026-09-09T20:37:58.8319986Z test l19_cero ... ok
2026-09-09T20:37:58.8439438Z test l19_diez ... ok
2026-09-09T20:37:58.8480329Z test l20_colision ... ok
2026-09-09T20:37:58.8489694Z test l19_nat_grande ... ok
2026-09-09T20:37:58.8518387Z test l21_comparticion_ausente ... ok
2026-09-09T20:37:58.8633634Z test l22_alias_instancia ... ok
2026-09-09T20:37:58.8649045Z test l22_alias_destino ... ok
2026-09-09T20:37:58.8723993Z test l22_alias_posterior ... ok
2026-09-09T20:37:58.8763274Z test l23_comparticion_incompleta ... ok
2026-09-09T20:37:58.8811978Z test l24_lateral_ausente ... ok
2026-09-09T20:37:58.8818405Z test l23_comparticion_orden ... ok
2026-09-09T20:37:58.8881766Z test l24_lateral_oculta ... ok
2026-09-09T20:37:58.8881986Z 
2026-09-09T20:37:58.8882437Z test result: ok. 45 passed; 0 failed; 0 ignored; 0 measured; 0 filtered out; finished in 0.25s
2026-09-09T20:37:58.8882819Z 
2026-09-09T20:37:58.8883986Z      Running tests/bridge_set.rs (target/debug/deps/bridge_set-38720aba5ea81af3)
2026-09-09T20:37:58.8891842Z 
2026-09-09T20:37:58.8894031Z running 3 tests
2026-09-09T20:37:58.8898784Z test empty_set_and_declared_order_are_preserved ... ok
2026-09-09T20:37:58.8899479Z test duplicate_nat_positions_are_rejected_before_ir_admission ... ok
2026-09-09T20:37:58.8900109Z test existing_range_rejection_keeps_precedence ... ok
2026-09-09T20:37:58.8900351Z 
2026-09-09T20:37:58.8900654Z test result: ok. 3 passed; 0 failed; 0 ignored; 0 measured; 0 filtered out; finished in 0.00s
2026-09-09T20:37:58.8900963Z 
2026-09-09T20:37:58.8901317Z      Running tests/cell_geometry_native.rs (target/debug/deps/cell_geometry_native-f5d08cc51e268b59)
2026-09-09T20:37:58.8910889Z 
2026-09-09T20:37:58.8911362Z running 4 tests
2026-09-09T20:37:58.8914226Z test b_menor_que_tres_se_rechaza_nativamente_en_ambos_perfiles ... ok
2026-09-09T20:37:58.8914823Z test vector_de_longitud_dieciseis_es_admisible_para_b_cuatro ... ok
2026-09-09T20:37:58.8915238Z test b_tres_y_b_cuatro_derivan_nueve_y_dieciseis_posiciones ... ok
2026-09-09T20:37:58.8915795Z test longitud_de_vector_distinta_de_n_se_rechaza_nativamente ... ok
2026-09-09T20:37:58.8916104Z 
2026-09-09T20:37:58.8916549Z test result: ok. 4 passed; 0 failed; 0 ignored; 0 measured; 0 filtered out; finished in 0.00s
2026-09-09T20:37:58.8916868Z 
2026-09-09T20:37:58.8917280Z      Running tests/codomain_uniqueness.rs (target/debug/deps/codomain_uniqueness-9d387cf8f1c88b1b)
2026-09-09T20:37:58.8925020Z 
2026-09-09T20:37:58.8925421Z running 3 tests
2026-09-09T20:37:58.8928477Z test n0_01_conserva_codominios_distintos_en_ambos_perfiles ... ok
2026-09-09T20:37:58.8929083Z test n0_01_el_ensamblaje_no_rescata_un_codominio_duplicado ... ok
2026-09-09T20:37:58.8929630Z test n0_01_rechaza_miembro_duplicado_en_ambos_perfiles ... ok
2026-09-09T20:37:58.8929914Z 
2026-09-09T20:37:58.8930277Z test result: ok. 3 passed; 0 failed; 0 ignored; 0 measured; 0 filtered out; finished in 0.00s
2026-09-09T20:37:58.8930630Z 
2026-09-09T20:37:58.8930949Z      Running tests/context_wellformed.rs (target/debug/deps/context_wellformed-d96c5ed24650c13e)
2026-09-09T20:37:58.8937411Z 
2026-09-09T20:37:58.8937902Z running 11 tests
2026-09-09T20:37:58.8994948Z test query_architecture_cell_ajena ... ok
2026-09-09T20:37:58.9015890Z test query_architecture_eval_celda_ajena ... ok
2026-09-09T20:37:58.9033238Z test query_architecture_gate_entrada_ajena ... ok
2026-09-09T20:37:58.9037598Z test query_architecture_eval_nodo_ajeno ... ok
2026-09-09T20:37:58.9068973Z test query_comparison_frame_ajeno ... ok
2026-09-09T20:37:58.9088787Z test query_coverage_interface_ajena ... ok
2026-09-09T20:37:58.9107530Z test query_point_frame_ajeno ... ok
2026-09-09T20:37:58.9123153Z test query_coverage_silent_u_ajena ... ok
2026-09-09T20:37:58.9142763Z test query_trajectory_ajena ... ok
2026-09-09T20:37:58.9158674Z test trajectory_horizon_arquitectura_distinta ... ok
2026-09-09T20:37:58.9160813Z test trajectory_frame_arquitectura_distinta ... ok
2026-09-09T20:37:58.9161063Z 
2026-09-09T20:37:58.9161344Z test result: ok. 11 passed; 0 failed; 0 ignored; 0 measured; 0 filtered out; finished in 0.02s
2026-09-09T20:37:58.9161605Z 
2026-09-09T20:37:58.9163847Z      Running tests/cyb_authority_boundary.rs (target/debug/deps/cyb_authority_boundary-ad89efce2fcd2b6c)
2026-09-09T20:37:58.9170288Z 
2026-09-09T20:37:58.9170552Z running 9 tests
2026-09-09T20:37:58.9439204Z test fa01_referencia_de_autoridad_privada ... ok
2026-09-09T20:37:58.9441699Z test fa02_macro_no_elude_referencia_privada ... ok
2026-09-09T20:37:58.9469716Z test fa03_premisa_externa_no_fabricable ... ok
2026-09-09T20:37:58.9701909Z test fa06_resultado_elegido_no_es_permiso ... ok
2026-09-09T20:37:58.9748461Z test fa04_macro_no_elude_premisa_privada ... ok
2026-09-09T20:37:58.9879060Z test fa05_ligadura_validada_no_es_autoridad ... ok
2026-09-09T20:37:59.0043593Z test fa07_booleano_no_sustituye_premisa ... ok
2026-09-09T20:37:59.0673945Z test datos_documentales_no_constituyen_autoridad ... ok
2026-09-09T20:37:59.0908823Z test macro_de_datos_nominales_admitida ... ok
2026-09-09T20:37:59.0909434Z 
2026-09-09T20:37:59.0910108Z test result: ok. 9 passed; 0 failed; 0 ignored; 0 measured; 0 filtered out; finished in 0.17s
2026-09-09T20:37:59.0910673Z 
2026-09-09T20:37:59.0910907Z      Running tests/cyb_reception.rs (target/debug/deps/cyb_reception-28ef2efde3c31c5a)
2026-09-09T20:37:59.0917808Z 
2026-09-09T20:37:59.0918187Z running 12 tests
2026-09-09T20:37:59.1164116Z test cyb_instancias_documentales_independientes ... ok
2026-09-09T20:37:59.4176100Z test cyb_rechazos_causales_y_reparaciones ... ok
2026-09-09T20:38:00.6013237Z test cyb_definicion_y_modulos_exactos ... ok
2026-09-09T20:38:01.4054725Z test cyb_ensamblaje_inverso ... ok
2026-09-09T20:38:01.4064686Z test probe::json::tests::preserves_fixed_values_order_and_unicode ... ok
2026-09-09T20:38:01.4065670Z test probe::json::tests::rejects_duplicate_and_index_keys ... ok
2026-09-09T20:38:01.4078111Z test probe::json::tests::rejects_invalid_unicode_and_utf8 ... ok
2026-09-09T20:38:01.4084065Z test probe::json::tests::rejects_json_syntax_instead_of_repairing_it ... ok
2026-09-09T20:38:01.4084906Z test probe::json::tests::rejects_numeric_conversion_before_it_loses_information ... ok
2026-09-09T20:38:01.4115254Z test cyb_ensamblaje_directo ... ok
2026-09-09T20:38:01.6275814Z test cyb_transporte_en ... ok
2026-09-09T20:38:02.3669286Z test cyb_transporte_es ... ok
2026-09-09T20:38:02.3669584Z 
2026-09-09T20:38:02.3669888Z test result: ok. 12 passed; 0 failed; 0 ignored; 0 measured; 0 filtered out; finished in 3.27s
2026-09-09T20:38:02.3670316Z 
2026-09-09T20:38:02.3671023Z      Running tests/diagnostic_frontend.rs (target/debug/deps/diagnostic_frontend-cfe398c76c30e302)
2026-09-09T20:38:02.3677397Z 
2026-09-09T20:38:02.3677760Z running 7 tests
2026-09-09T20:38:02.3683071Z test lexical_character_and_foreign_surface_keep_original_ranges ... ok
2026-09-09T20:38:02.3683989Z test optional_fields_repetition_and_order_are_distinct ... ok
2026-09-09T20:38:02.3684663Z test eof_preserves_original_utf8_bytes_and_selected_language ... ok
2026-09-09T20:38:02.3685279Z test mixed_assembly_attributes_only_the_faulty_unit_even_with_duplicate_file_names ... ok
2026-09-09T20:38:02.3685972Z test quoted_text_is_not_copied_into_the_new_explanation ... ok
2026-09-09T20:38:02.3686441Z test source_hash_changes_with_original_bytes_without_normalization ... ok
2026-09-09T20:38:02.3686918Z test valid_foreign_contextual_identifiers_and_professional_literals_are_unchanged ... ok
2026-09-09T20:38:02.3687210Z 
2026-09-09T20:38:02.3687398Z test result: ok. 7 passed; 0 failed; 0 ignored; 0 measured; 0 filtered out; finished in 0.00s
2026-09-09T20:38:02.3687664Z 
2026-09-09T20:38:02.3687888Z      Running tests/diagnostic_validation.rs (target/debug/deps/diagnostic_validation-bc49d6b5f0b03927)
2026-09-09T20:38:02.3692275Z 
2026-09-09T20:38:02.3692750Z running 8 tests
2026-09-09T20:38:02.3699278Z test cases::colision_conserva_ambas_declaraciones_aunque_coincida_el_archivo ... ok
2026-09-09T20:38:02.3699885Z test cases::cobertura_no_se_inventa_para_causas_pendientes ... ok
2026-09-09T20:38:02.3700568Z test cases::codominio_causa_codigo_prosa_y_control_en_ambos_perfiles ... ok
2026-09-09T20:38:02.3701106Z test cases::base_y_dominios_cerrados_se_localizan_sin_crear_codigos ... ok
2026-09-09T20:38:02.3701596Z test cases::colision_objeto_operacion_y_operacion_operacion_conserva_precedencia ... ok
2026-09-09T20:38:02.3703823Z test cases::fallo_local_no_atribuye_defecto_a_unidad_sana_y_huella_es_original ... ok
2026-09-09T20:38:02.3704283Z test cases::referencias_cruzadas_conservan_contextos_por_unidad_y_orden ... ok
2026-09-09T20:38:02.3709376Z test cases::semantica_distingue_repetidas_ausentes_y_ajenas_sin_revelar_textos ... ok
2026-09-09T20:38:02.3709960Z 
2026-09-09T20:38:02.3710305Z test result: ok. 8 passed; 0 failed; 0 ignored; 0 measured; 0 filtered out; finished in 0.00s
2026-09-09T20:38:02.3710741Z 
2026-09-09T20:38:02.3711024Z      Running tests/domain_parameters.rs (target/debug/deps/domain_parameters-48cafe0685ab2722)
2026-09-09T20:38:02.3717585Z 
2026-09-09T20:38:02.3717948Z running 3 tests
2026-09-09T20:38:02.3724243Z test unconsumed_domain_rejects_repeated_nominal_identity ... ok
2026-09-09T20:38:02.3724752Z test exact_names_and_order_are_preserved_without_numeric_binding ... ok
2026-09-09T20:38:02.3728300Z test previous_chain_and_reference_rejections_remain_first ... ok
2026-09-09T20:38:02.3728657Z 
2026-09-09T20:38:02.3728897Z test result: ok. 3 passed; 0 failed; 0 ignored; 0 measured; 0 filtered out; finished in 0.00s
2026-09-09T20:38:02.3729227Z 
2026-09-09T20:38:02.3729510Z      Running tests/gh_bindings.rs (target/debug/deps/gh_bindings-af743f2f014cd251)
2026-09-09T20:38:02.3736262Z 
2026-09-09T20:38:02.3736504Z running 8 tests
2026-09-09T20:38:02.3926542Z test antecedente_enmienda ... ok
2026-09-09T20:38:02.3927128Z test atribucion_documental ... ok
2026-09-09T20:38:02.3927808Z test adjudicacion_separada ... ok
2026-09-09T20:38:02.3928281Z test estado_propuesta ... ok
2026-09-09T20:38:02.4086738Z test ligaduras_ordenadas ... ok
2026-09-09T20:38:02.4104578Z test extremo_de_ventana ... ok
2026-09-09T20:38:02.4128110Z test u_y_configuracion_ausente ... ok
2026-09-09T20:38:02.4145483Z test unidad_metodo_referencia ... ok
2026-09-09T20:38:02.4145955Z 
2026-09-09T20:38:02.4146219Z test result: ok. 8 passed; 0 failed; 0 ignored; 0 measured; 0 filtered out; finished in 0.04s
2026-09-09T20:38:02.4146596Z 
2026-09-09T20:38:02.4149329Z      Running tests/grammar_closed_domains.rs (target/debug/deps/grammar_closed_domains-bcf8bb67d13e224c)
2026-09-09T20:38:02.4156967Z 
2026-09-09T20:38:02.4157380Z running 5 tests
2026-09-09T20:38:02.4160660Z test dg02_rechaza_pattern_ajeno_en_y_es ... ok
2026-09-09T20:38:02.4163560Z test dg01_rechaza_kind_ajeno_en_y_es ... ok
2026-09-09T20:38:02.4163941Z test dg03_rechaza_regime_ajeno_en_y_es ... ok
2026-09-09T20:38:02.4164379Z test ensamblaje_no_rescata_un_literal_ajeno_de_otra_unidad ... ok
2026-09-09T20:38:02.4165646Z test dominios_canónicos_siguen_admitidos_en_y_es ... ok
2026-09-09T20:38:02.4166118Z 
2026-09-09T20:38:02.4166599Z test result: ok. 5 passed; 0 failed; 0 ignored; 0 measured; 0 filtered out; finished in 0.00s
2026-09-09T20:38:02.4167017Z 
2026-09-09T20:38:02.4167354Z      Running tests/horizon_architecture.rs (target/debug/deps/horizon_architecture-1615d4acc492fca6)
2026-09-09T20:38:02.4174653Z 
2026-09-09T20:38:02.4175102Z running 5 tests
2026-09-09T20:38:02.4185284Z test n0_04_existing_graph_must_be_wellformed ... ok
2026-09-09T20:38:02.4186626Z test n0_04_forward_reference_preserves_graph_and_events ... ok
2026-09-09T20:38:02.4195408Z test n0_04_agent_identity_and_equal_missing_names ... ok
2026-09-09T20:38:02.4201012Z test n0_04_missing_wrong_type_self_and_operation_in_both_profiles ... ok
2026-09-09T20:38:02.4208310Z test n0_04_mixed_assembly_resolves_or_rejects_in_both_orders ... ok
2026-09-09T20:38:02.4208731Z 
2026-09-09T20:38:02.4209563Z test result: ok. 5 passed; 0 failed; 0 ignored; 0 measured; 0 filtered out; finished in 0.00s
2026-09-09T20:38:02.4209980Z 
2026-09-09T20:38:02.4210553Z      Running tests/horizon_events.rs (target/debug/deps/horizon_events-be5410cda4fd3acb)
2026-09-09T20:38:02.4218201Z 
2026-09-09T20:38:02.4218670Z running 3 tests
2026-09-09T20:38:02.4223901Z test uniqueness_is_local_and_preserves_declared_order ... ok
2026-09-09T20:38:02.4224333Z test duplicate_types_are_rejected_in_an_unconsumed_horizon ... ok
2026-09-09T20:38:02.4227962Z test previous_reference_empty_and_membership_diagnostics_remain_first ... ok
2026-09-09T20:38:02.4228446Z 
2026-09-09T20:38:02.4228847Z test result: ok. 3 passed; 0 failed; 0 ignored; 0 measured; 0 filtered out; finished in 0.00s
2026-09-09T20:38:02.4229232Z 
2026-09-09T20:38:02.4229462Z      Running tests/json_projection.rs (target/debug/deps/json_projection-64ea6a6ff1da5665)
2026-09-09T20:38:02.4235702Z 
2026-09-09T20:38:02.4235967Z running 5 tests
2026-09-09T20:38:02.4240789Z test n0_03_conserva_guarda_previa_del_otro_mapa_variable ... ok
2026-09-09T20:38:02.4241717Z test n0_03_conserva_claves_compartidas_entre_mapas_y_mapa_vacio ... ok
2026-09-09T20:38:02.4244894Z test n0_03_rechaza_semantica_no_enlazada_en_es_en ... ok
2026-09-09T20:38:02.4245414Z test n0_03_ensamblaje_no_rescata_duplicados_sin_celda ... ok
2026-09-09T20:38:02.4246238Z test n0_03_ensamblaje_conserva_ambitos_y_referencias_de_n0_02 ... ok
2026-09-09T20:38:02.4246568Z 
2026-09-09T20:38:02.4246759Z test result: ok. 5 passed; 0 failed; 0 ignored; 0 measured; 0 filtered out; finished in 0.00s
2026-09-09T20:38:02.4247016Z 
2026-09-09T20:38:02.4247239Z      Running tests/optional_fields.rs (target/debug/deps/optional_fields-7aac2bf55c50ed5b)
2026-09-09T20:38:02.4252974Z 
2026-09-09T20:38:02.4253125Z running 2 tests
2026-09-09T20:38:02.4257498Z test optional_absence_and_list_occurrences_are_preserved ... ok
2026-09-09T20:38:02.4258218Z test malformed_declarations_are_rejected_without_a_consumer ... ok
2026-09-09T20:38:02.4258647Z 
2026-09-09T20:38:02.4259031Z test result: ok. 2 passed; 0 failed; 0 ignored; 0 measured; 0 filtered out; finished in 0.00s
2026-09-09T20:38:02.4259485Z 
2026-09-09T20:38:02.4260377Z      Running tests/output_semantics_totality.rs (target/debug/deps/output_semantics_totality-5bda3ca7398b0654)
2026-09-09T20:38:02.4266593Z 
2026-09-09T20:38:02.4266972Z running 6 tests
2026-09-09T20:38:02.4274722Z test n0_02_otra_semantica_no_completa_la_referenciada ... ok
2026-09-09T20:38:02.4275273Z test n0_02_ensambla_relacion_total_entre_unidades_en_es ... ok
2026-09-09T20:38:02.4275822Z test n0_02_cada_celda_comprueba_su_codominio_aunque_comparta_semantica ... ok
2026-09-09T20:38:02.4276795Z test n0_02_preserva_orden_y_textos_compartidos_en_es_en ... ok
2026-09-09T20:38:02.4280401Z test n0_02_ensamblaje_no_rescata_relacion_invalida ... ok
2026-09-09T20:38:02.4402842Z test n0_02_rechaza_cuatro_defectos_en_es_en_y_referencias_adelantadas ... ok
2026-09-09T20:38:02.4403244Z 
2026-09-09T20:38:02.4403460Z test result: ok. 6 passed; 0 failed; 0 ignored; 0 measured; 0 filtered out; finished in 0.00s
2026-09-09T20:38:02.4403742Z 
2026-09-09T20:38:02.4404223Z      Running tests/projection_metadata_native.rs (target/debug/deps/projection_metadata_native-9cceed390e7393ea)
2026-09-09T20:38:02.4404759Z 
2026-09-09T20:38:02.4404940Z running 3 tests
2026-09-09T20:38:02.4405559Z test proyeccion_emite_una_vez_version_fichero_y_huella_reales ... ok
2026-09-09T20:38:02.4406089Z test source_file_modifica_la_proyeccion_sin_alterar_la_huella_del_contenido ... ok
2026-09-09T20:38:02.4406534Z test bytes_fuente_distintos_modifican_la_huella_y_su_emision ... ok
2026-09-09T20:38:02.4406784Z 
2026-09-09T20:38:02.4407007Z test result: ok. 3 passed; 0 failed; 0 ignored; 0 measured; 0 filtered out; finished in 0.00s
2026-09-09T20:38:02.4407291Z 
2026-09-09T20:38:02.4407663Z      Running tests/transition_data_wellformed.rs (target/debug/deps/transition_data_wellformed-9a9fd0956cc5e69a)
2026-09-09T20:38:02.4408033Z 
2026-09-09T20:38:02.4408127Z running 6 tests
2026-09-09T20:38:02.4408518Z test transition_data_rechaza_destino_inducido_repetido_con_valor_igual_o_distinto ... ok
2026-09-09T20:38:02.4409072Z test ensamblaje_mixto_no_rescata_transition_data_invalido ... ok
2026-09-09T20:38:02.4409591Z test transition_data_rechaza_cero_y_posicion_superior_a_n_sin_estrechar_nat ... ok
2026-09-09T20:38:02.4410180Z test transition_data_admite_nodos_declarados_posiciones_extremas_e_instancias_compartidas ... ok
2026-09-09T20:38:02.4410724Z test transition_data_rechaza_tipo_de_suceso_repetido_con_valor_igual_o_distinto ... ok
2026-09-09T20:38:02.4411237Z test transition_data_rechaza_nodo_ausente_tipo_incorrecto_o_fuera_de_arquitectura ... ok
2026-09-09T20:38:02.4411543Z 
2026-09-09T20:38:02.4411750Z test result: ok. 6 passed; 0 failed; 0 ignored; 0 measured; 0 filtered out; finished in 0.00s
2026-09-09T20:38:02.4412030Z 
2026-09-09T20:38:02.4412230Z      Running unittests src/main.rs (target/debug/deps/sv_native-0aa23a621949d383)
2026-09-09T20:38:02.4412672Z 
2026-09-09T20:38:02.4412758Z running 0 tests
2026-09-09T20:38:02.4412899Z 
2026-09-09T20:38:02.4413126Z test result: ok. 0 passed; 0 failed; 0 ignored; 0 measured; 0 filtered out; finished in 0.00s
2026-09-09T20:38:02.4413416Z 
2026-09-09T20:38:02.4413615Z      Running unittests src/lib.rs (target/debug/deps/sv_wasm-30d2e6110c8bbd15)
2026-09-09T20:38:02.4413846Z 
2026-09-09T20:38:02.4414102Z running 2 tests
2026-09-09T20:38:02.4414310Z test tests::exported_versions_match_core ... ok
2026-09-09T20:38:02.4414541Z test tests::wasm_boundary_delegates_tri_to_core ... ok
2026-09-09T20:38:02.4414691Z 
2026-09-09T20:38:02.4414849Z test result: ok. 2 passed; 0 failed; 0 ignored; 0 measured; 0 filtered out; finished in 0.00s
2026-09-09T20:38:02.4415071Z 
2026-09-09T20:38:02.4415138Z    Doc-tests sv_core
2026-09-09T20:38:02.5473585Z 
2026-09-09T20:38:02.5474184Z running 17 tests
2026-09-09T20:38:02.5784483Z test sv_core/src/control.rs - control (line 10) - compile fail ... ok
2026-09-09T20:38:02.5793805Z test sv_core/src/authority/transitions.rs - authority::transitions::ExternalGenesisPremise (line 63) - compile fail ... ok
2026-09-09T20:38:02.5819365Z test sv_core/src/admissibility.rs - admissibility::AdmissibilityState (line 11) - compile fail ... ok
2026-09-09T20:38:02.5843994Z test sv_core/src/admissibility.rs - admissibility::CaptureOutcome (line 70) - compile fail ... ok
2026-09-09T20:38:02.6056693Z test sv_core/src/decision_trace.rs - decision_trace::DecisionTrace (line 330) - compile fail ... ok
2026-09-09T20:38:02.6057541Z test sv_core/src/control.rs - control (line 20) - compile fail ... ok
2026-09-09T20:38:02.6129431Z test sv_core/src/execution.rs - execution::ExecutionRequest (line 216) - compile fail ... ok
2026-09-09T20:38:02.6206756Z test sv_core/src/lib.rs - (line 13) - compile fail ... ok
2026-09-09T20:38:02.6377430Z test sv_core/src/lib.rs - (line 17) - compile fail ... ok
2026-09-09T20:38:02.6404903Z test sv_core/src/lib.rs - (line 21) - compile fail ... ok
2026-09-09T20:38:02.6435623Z test sv_core/src/lib.rs - (line 27) - compile fail ... ok
2026-09-09T20:38:02.6573566Z test sv_core/src/mediation.rs - mediation::MediatedEffectCommitment (line 24) - compile fail ... ok
2026-09-09T20:38:02.6674984Z test sv_core/src/permission.rs - permission (line 10) - compile fail ... ok
2026-09-09T20:38:02.6724375Z test sv_core/src/permission.rs - permission (line 17) - compile fail ... ok
2026-09-09T20:38:02.6779591Z test sv_core/src/requirements_bridge.rs - requirements_bridge::ResolvedRequirementResult (line 121) - compile fail ... ok
2026-09-09T20:38:02.6838764Z test sv_core/src/requirements_reuse.rs - requirements_reuse::HistoricalQualifiedRequirementResult (line 156) - compile fail ... ok
2026-09-09T20:38:02.6921444Z test sv_core/src/requirements_reuse.rs - requirements_reuse::reuse_historical_requirement_result (line 368) - compile fail ... ok
2026-09-09T20:38:02.6921896Z 
2026-09-09T20:38:02.6922121Z test result: ok. 17 passed; 0 failed; 0 ignored; 0 measured; 0 filtered out; finished in 0.14s
2026-09-09T20:38:02.6922520Z 
2026-09-09T20:38:02.6929037Z    Doc-tests sv_wasm
2026-09-09T20:38:02.7044969Z 
2026-09-09T20:38:02.7045520Z running 0 tests
2026-09-09T20:38:02.7045683Z 
2026-09-09T20:38:02.7045869Z test result: ok. 0 passed; 0 failed; 0 ignored; 0 measured; 0 filtered out; finished in 0.00s
2026-09-09T20:38:02.7046099Z 
2026-09-09T20:38:02.9564992Z GH-LIG: 48 entradas regenerables desde el testigo G/H exacto
2026-09-09T20:38:02.9657540Z warning: associated function `from_core_id` is never used
2026-09-09T20:38:02.9657933Z    --> sv_core/src/control.rs:155:27
2026-09-09T20:38:02.9658139Z     |
2026-09-09T20:38:02.9658295Z 141 |           impl $name {
2026-09-09T20:38:02.9658522Z     |           ---------- associated function in this implementation
2026-09-09T20:38:02.9658758Z ...
2026-09-09T20:38:02.9658961Z 155 |               pub(crate) fn from_core_id(id: ControlId) -> Self {
2026-09-09T20:38:02.9659201Z     |                             ^^^^^^^^^^^^
2026-09-09T20:38:02.9659389Z ...
2026-09-09T20:38:02.9659533Z 162 | / opaque_control_ref!(
2026-09-09T20:38:02.9659712Z 163 | |     InformationRef,
2026-09-09T20:38:02.9660222Z 164 | |     "Referencia nominal a información dentro del dominio de control."
2026-09-09T20:38:02.9660482Z 165 | | );
2026-09-09T20:38:02.9660648Z     | |_- in this macro invocation
2026-09-09T20:38:02.9660829Z     |
2026-09-09T20:38:02.9661065Z     = note: `#[warn(dead_code)]` (part of `#[warn(unused)]`) on by default
2026-09-09T20:38:02.9661661Z     = note: this warning originates in the macro `opaque_control_ref` (in Nightly builds, run with -Z macro-backtrace for more info)
2026-09-09T20:38:02.9661962Z 
2026-09-09T20:38:02.9662080Z warning: associated function `from_core_id` is never used
2026-09-09T20:38:02.9662324Z    --> sv_core/src/control.rs:155:27
2026-09-09T20:38:02.9662710Z     |
2026-09-09T20:38:02.9662905Z 141 |           impl $name {
2026-09-09T20:38:02.9663178Z     |           ---------- associated function in this implementation
2026-09-09T20:38:02.9663500Z ...
2026-09-09T20:38:02.9663751Z 155 |               pub(crate) fn from_core_id(id: ControlId) -> Self {
2026-09-09T20:38:02.9663994Z     |                             ^^^^^^^^^^^^
2026-09-09T20:38:02.9664250Z ...
2026-09-09T20:38:02.9664435Z 166 | / opaque_control_ref!(
2026-09-09T20:38:02.9664672Z 167 | |     AdmittedEvidenceRef,
2026-09-09T20:38:02.9665334Z 168 | |     "Referencia a evidencia cuya admisión debe proceder de una verificación gobernada."
2026-09-09T20:38:02.9665671Z 169 | | );
2026-09-09T20:38:02.9665829Z     | |_- in this macro invocation
2026-09-09T20:38:02.9666110Z     |
2026-09-09T20:38:02.9666434Z     = note: this warning originates in the macro `opaque_control_ref` (in Nightly builds, run with -Z macro-backtrace for more info)
2026-09-09T20:38:02.9666802Z 
2026-09-09T20:38:02.9666941Z warning: associated function `from_core_id` is never used
2026-09-09T20:38:02.9667183Z    --> sv_core/src/control.rs:155:27
2026-09-09T20:38:02.9667365Z     |
2026-09-09T20:38:02.9667565Z 141 |           impl $name {
2026-09-09T20:38:02.9667831Z     |           ---------- associated function in this implementation
2026-09-09T20:38:02.9668107Z ...
2026-09-09T20:38:02.9668336Z 155 |               pub(crate) fn from_core_id(id: ControlId) -> Self {
2026-09-09T20:38:02.9668628Z     |                             ^^^^^^^^^^^^
2026-09-09T20:38:02.9668845Z ...
2026-09-09T20:38:02.9669025Z 170 | / opaque_control_ref!(
2026-09-09T20:38:02.9669274Z 171 | |     ConstitutedFactRef,
2026-09-09T20:38:02.9669727Z 172 | |     "Referencia a un hecho semántico constituido; no equivale a autoridad."
2026-09-09T20:38:02.9670062Z 173 | | );
2026-09-09T20:38:02.9670243Z     | |_- in this macro invocation
2026-09-09T20:38:02.9670448Z     |
2026-09-09T20:38:02.9670818Z     = note: this warning originates in the macro `opaque_control_ref` (in Nightly builds, run with -Z macro-backtrace for more info)
2026-09-09T20:38:02.9671210Z 
2026-09-09T20:38:02.9671439Z warning: associated function `from_core_id` is never used
2026-09-09T20:38:02.9671746Z    --> sv_core/src/control.rs:155:27
2026-09-09T20:38:02.9671997Z     |
2026-09-09T20:38:02.9672194Z 141 |           impl $name {
2026-09-09T20:38:02.9672610Z     |           ---------- associated function in this implementation
2026-09-09T20:38:02.9672902Z ...
2026-09-09T20:38:02.9673135Z 155 |               pub(crate) fn from_core_id(id: ControlId) -> Self {
2026-09-09T20:38:02.9673467Z     |                             ^^^^^^^^^^^^
2026-09-09T20:38:02.9673700Z ...
2026-09-09T20:38:02.9673882Z 174 | / opaque_control_ref!(
2026-09-09T20:38:02.9674122Z 175 | |     AuthorityRef,
2026-09-09T20:38:02.9674632Z 176 | |     "Referencia a autoridad constituida; su constructor no forma parte de la API pública."
2026-09-09T20:38:02.9675069Z 177 | | );
2026-09-09T20:38:02.9675281Z     | |_- in this macro invocation
2026-09-09T20:38:02.9675527Z     |
2026-09-09T20:38:02.9675976Z     = note: this warning originates in the macro `opaque_control_ref` (in Nightly builds, run with -Z macro-backtrace for more info)
2026-09-09T20:38:02.9676396Z 
2026-09-09T20:38:02.9676562Z warning: associated function `from_core_id` is never used
2026-09-09T20:38:02.9676890Z    --> sv_core/src/control.rs:155:27
2026-09-09T20:38:02.9677144Z     |
2026-09-09T20:38:02.9677331Z 141 |           impl $name {
2026-09-09T20:38:02.9677631Z     |           ---------- associated function in this implementation
2026-09-09T20:38:02.9678136Z ...
2026-09-09T20:38:02.9678383Z 155 |               pub(crate) fn from_core_id(id: ControlId) -> Self {
2026-09-09T20:38:02.9678683Z     |                             ^^^^^^^^^^^^
2026-09-09T20:38:02.9678963Z ...
2026-09-09T20:38:02.9679181Z 178 | / opaque_control_ref!(
2026-09-09T20:38:02.9679449Z 179 | |     EnablementRef,
2026-09-09T20:38:02.9679985Z 180 | |     "Referencia a una habilitación de autoridad ya existente; no amplía autoridad."
2026-09-09T20:38:02.9680425Z 181 | | );
2026-09-09T20:38:02.9680659Z     | |_- in this macro invocation
2026-09-09T20:38:02.9680945Z     |
2026-09-09T20:38:02.9681428Z     = note: this warning originates in the macro `opaque_control_ref` (in Nightly builds, run with -Z macro-backtrace for more info)
2026-09-09T20:38:02.9681893Z 
2026-09-09T20:38:02.9682061Z warning: associated function `from_core_id` is never used
2026-09-09T20:38:02.9683365Z    --> sv_core/src/control.rs:155:27
2026-09-09T20:38:02.9683664Z     |
2026-09-09T20:38:02.9684135Z 141 |           impl $name {
2026-09-09T20:38:02.9684488Z     |           ---------- associated function in this implementation
2026-09-09T20:38:02.9684838Z ...
2026-09-09T20:38:02.9685117Z 155 |               pub(crate) fn from_core_id(id: ControlId) -> Self {
2026-09-09T20:38:02.9685489Z     |                             ^^^^^^^^^^^^
2026-09-09T20:38:02.9685753Z ...
2026-09-09T20:38:02.9685966Z 186 | / opaque_control_ref!(
2026-09-09T20:38:02.9686250Z 187 | |     FormRef,
2026-09-09T20:38:02.9686689Z 188 | |     "Referencia a una forma de transición constituida."
2026-09-09T20:38:02.9687045Z 189 | | );
2026-09-09T20:38:02.9687278Z     | |_- in this macro invocation
2026-09-09T20:38:02.9687542Z     |
2026-09-09T20:38:02.9688043Z     = note: this warning originates in the macro `opaque_control_ref` (in Nightly builds, run with -Z macro-backtrace for more info)
2026-09-09T20:38:02.9688504Z 
2026-09-09T20:38:02.9688662Z warning: associated function `from_core_id` is never used
2026-09-09T20:38:02.9689036Z    --> sv_core/src/control.rs:155:27
2026-09-09T20:38:02.9689332Z     |
2026-09-09T20:38:02.9689558Z 141 |           impl $name {
2026-09-09T20:38:02.9689881Z     |           ---------- associated function in this implementation
2026-09-09T20:38:02.9690201Z ...
2026-09-09T20:38:02.9690495Z 155 |               pub(crate) fn from_core_id(id: ControlId) -> Self {
2026-09-09T20:38:02.9690852Z     |                             ^^^^^^^^^^^^
2026-09-09T20:38:02.9691129Z ...
2026-09-09T20:38:02.9691339Z 190 | / opaque_control_ref!(
2026-09-09T20:38:02.9691602Z 191 | |     EffectFamilyRef,
2026-09-09T20:38:02.9692046Z 192 | |     "Referencia a una familia de efectos fijada por constitución."
2026-09-09T20:38:02.9693138Z 193 | | );
2026-09-09T20:38:02.9693397Z     | |_- in this macro invocation
2026-09-09T20:38:02.9693665Z     |
2026-09-09T20:38:02.9694162Z     = note: this warning originates in the macro `opaque_control_ref` (in Nightly builds, run with -Z macro-backtrace for more info)
2026-09-09T20:38:02.9694604Z 
2026-09-09T20:38:02.9694807Z warning: associated function `from_core_id` is never used
2026-09-09T20:38:02.9695151Z    --> sv_core/src/control.rs:155:27
2026-09-09T20:38:02.9695423Z     |
2026-09-09T20:38:02.9695646Z 141 |           impl $name {
2026-09-09T20:38:02.9695947Z     |           ---------- associated function in this implementation
2026-09-09T20:38:02.9696277Z ...
2026-09-09T20:38:02.9696553Z 155 |               pub(crate) fn from_core_id(id: ControlId) -> Self {
2026-09-09T20:38:02.9696906Z     |                             ^^^^^^^^^^^^
2026-09-09T20:38:02.9697188Z ...
2026-09-09T20:38:02.9697393Z 194 | / opaque_control_ref!(
2026-09-09T20:38:02.9697649Z 195 | |     EffectRef,
2026-09-09T20:38:02.9698019Z 196 | |     "Referencia a un efecto concreto; identificarlo no equivale a autorizarlo."
2026-09-09T20:38:02.9698412Z 197 | | );
2026-09-09T20:38:02.9698651Z     | |_- in this macro invocation
2026-09-09T20:38:02.9698928Z     |
2026-09-09T20:38:02.9699418Z     = note: this warning originates in the macro `opaque_control_ref` (in Nightly builds, run with -Z macro-backtrace for more info)
2026-09-09T20:38:02.9700045Z 
2026-09-09T20:38:02.9700220Z warning: associated function `from_core_id` is never used
2026-09-09T20:38:02.9700569Z    --> sv_core/src/control.rs:155:27
2026-09-09T20:38:02.9700843Z     |
2026-09-09T20:38:02.9701056Z 141 |           impl $name {
2026-09-09T20:38:02.9701368Z     |           ---------- associated function in this implementation
2026-09-09T20:38:02.9701695Z ...
2026-09-09T20:38:02.9701970Z 155 |               pub(crate) fn from_core_id(id: ControlId) -> Self {
2026-09-09T20:38:02.9702329Z     |                             ^^^^^^^^^^^^
2026-09-09T20:38:02.9702813Z ...
2026-09-09T20:38:02.9703045Z 198 | / opaque_control_ref!(
2026-09-09T20:38:02.9703307Z 199 | |     ContextRef,
2026-09-09T20:38:02.9703693Z 200 | |     "Referencia a una ligadura de contexto relevante para autoridad o forma."
2026-09-09T20:38:02.9704112Z 201 | | );
2026-09-09T20:38:02.9704340Z     | |_- in this macro invocation
2026-09-09T20:38:02.9705129Z     |
2026-09-09T20:38:02.9705870Z     = note: this warning originates in the macro `opaque_control_ref` (in Nightly builds, run with -Z macro-backtrace for more info)
2026-09-09T20:38:02.9706320Z 
2026-09-09T20:38:02.9706478Z warning: associated function `from_core_id` is never used
2026-09-09T20:38:02.9706827Z    --> sv_core/src/control.rs:155:27
2026-09-09T20:38:02.9707101Z     |
2026-09-09T20:38:02.9707309Z 141 |           impl $name {
2026-09-09T20:38:02.9707606Z     |           ---------- associated function in this implementation
2026-09-09T20:38:02.9707900Z ...
2026-09-09T20:38:02.9708149Z 155 |               pub(crate) fn from_core_id(id: ControlId) -> Self {
2026-09-09T20:38:02.9708471Z     |                             ^^^^^^^^^^^^
2026-09-09T20:38:02.9708693Z ...
2026-09-09T20:38:02.9708866Z 202 | / opaque_control_ref!(
2026-09-09T20:38:02.9709096Z 203 | |     AuthorityHolderRef,
2026-09-09T20:38:02.9709635Z 204 | |     "Referencia al titular de una autoridad; no constituye autoridad por sí misma."
2026-09-09T20:38:02.9710049Z 205 | | );
2026-09-09T20:38:02.9710243Z     | |_- in this macro invocation
2026-09-09T20:38:02.9710477Z     |
2026-09-09T20:38:02.9710946Z     = note: this warning originates in the macro `opaque_control_ref` (in Nightly builds, run with -Z macro-backtrace for more info)
2026-09-09T20:38:02.9711455Z 
2026-09-09T20:38:02.9711621Z warning: associated function `from_core_id` is never used
2026-09-09T20:38:02.9711960Z    --> sv_core/src/control.rs:155:27
2026-09-09T20:38:02.9712204Z     |
2026-09-09T20:38:02.9712559Z 141 |           impl $name {
2026-09-09T20:38:02.9712878Z     |           ---------- associated function in this implementation
2026-09-09T20:38:02.9713207Z ...
2026-09-09T20:38:02.9713482Z 155 |               pub(crate) fn from_core_id(id: ControlId) -> Self {
2026-09-09T20:38:02.9713840Z     |                             ^^^^^^^^^^^^
2026-09-09T20:38:02.9714106Z ...
2026-09-09T20:38:02.9714289Z 206 | / opaque_control_ref!(
2026-09-09T20:38:02.9714559Z 207 | |     GovernedObjectRef,
2026-09-09T20:38:02.9714946Z 208 | |     "Referencia a un objeto candidato a pertenecer al dominio gobernado D_a."
2026-09-09T20:38:02.9715285Z 209 | | );
2026-09-09T20:38:02.9715457Z     | |_- in this macro invocation
2026-09-09T20:38:02.9715707Z     |
2026-09-09T20:38:02.9716126Z     = note: this warning originates in the macro `opaque_control_ref` (in Nightly builds, run with -Z macro-backtrace for more info)
2026-09-09T20:38:02.9716511Z 
2026-09-09T20:38:02.9716648Z warning: associated function `from_core_id` is never used
2026-09-09T20:38:02.9716939Z    --> sv_core/src/control.rs:155:27
2026-09-09T20:38:02.9717176Z     |
2026-09-09T20:38:02.9717353Z 141 |           impl $name {
2026-09-09T20:38:02.9717606Z     |           ---------- associated function in this implementation
2026-09-09T20:38:02.9717879Z ...
2026-09-09T20:38:02.9718160Z 155 |               pub(crate) fn from_core_id(id: ControlId) -> Self {
2026-09-09T20:38:02.9718574Z     |                             ^^^^^^^^^^^^
2026-09-09T20:38:02.9719121Z ...
2026-09-09T20:38:02.9719399Z 210 | / opaque_control_ref!(
2026-09-09T20:38:02.9719712Z 211 | |     AccumulationRuleRef,
2026-09-09T20:38:02.9720292Z 212 | |     "Referencia a una regla gobernada de acumulación o a un predicado de traza."
2026-09-09T20:38:02.9720744Z 213 | | );
2026-09-09T20:38:02.9720941Z     | |_- in this macro invocation
2026-09-09T20:38:02.9721155Z     |
2026-09-09T20:38:02.9721627Z     = note: this warning originates in the macro `opaque_control_ref` (in Nightly builds, run with -Z macro-backtrace for more info)
2026-09-09T20:38:02.9722053Z 
2026-09-09T20:38:02.9722225Z warning: associated function `from_core_id` is never used
2026-09-09T20:38:02.9722832Z    --> sv_core/src/control.rs:155:27
2026-09-09T20:38:02.9723178Z     |
2026-09-09T20:38:02.9723449Z 141 |           impl $name {
2026-09-09T20:38:02.9723828Z     |           ---------- associated function in this implementation
2026-09-09T20:38:02.9724191Z ...
2026-09-09T20:38:02.9724620Z 155 |               pub(crate) fn from_core_id(id: ControlId) -> Self {
2026-09-09T20:38:02.9725059Z     |                             ^^^^^^^^^^^^
2026-09-09T20:38:02.9725401Z ...
2026-09-09T20:38:02.9725659Z 214 | / opaque_control_ref!(
2026-09-09T20:38:02.9725985Z 215 | |     RequirementRef,
2026-09-09T20:38:02.9726593Z 216 | |     "Referencia a una obligación de Req; identificarla no acredita su cumplimiento."
2026-09-09T20:38:02.9727070Z 217 | | );
2026-09-09T20:38:02.9727339Z     | |_- in this macro invocation
2026-09-09T20:38:02.9727578Z     |
2026-09-09T20:38:02.9727980Z     = note: this warning originates in the macro `opaque_control_ref` (in Nightly builds, run with -Z macro-backtrace for more info)
2026-09-09T20:38:02.9728365Z 
2026-09-09T20:38:02.9728516Z warning: associated function `from_core_id` is never used
2026-09-09T20:38:02.9728824Z    --> sv_core/src/control.rs:155:27
2026-09-09T20:38:02.9729048Z     |
2026-09-09T20:38:02.9729225Z 141 |           impl $name {
2026-09-09T20:38:02.9729514Z     |           ---------- associated function in this implementation
2026-09-09T20:38:02.9729819Z ...
2026-09-09T20:38:02.9730058Z 155 |               pub(crate) fn from_core_id(id: ControlId) -> Self {
2026-09-09T20:38:02.9730357Z     |                             ^^^^^^^^^^^^
2026-09-09T20:38:02.9730602Z ...
2026-09-09T20:38:02.9730782Z 218 | / opaque_control_ref!(
2026-09-09T20:38:02.9731020Z 219 | |     VerifierRef,
2026-09-09T20:38:02.9731403Z 220 | |     "Referencia a un verificador concreto; su mera existencia no acredita aplicabilidad."
2026-09-09T20:38:02.9731790Z 221 | | );
2026-09-09T20:38:02.9731989Z     | |_- in this macro invocation
2026-09-09T20:38:02.9732222Z     |
2026-09-09T20:38:02.9732844Z     = note: this warning originates in the macro `opaque_control_ref` (in Nightly builds, run with -Z macro-backtrace for more info)
2026-09-09T20:38:02.9733297Z 
2026-09-09T20:38:02.9733439Z warning: associated function `from_core_id` is never used
2026-09-09T20:38:02.9733816Z    --> sv_core/src/control.rs:155:27
2026-09-09T20:38:02.9734054Z     |
2026-09-09T20:38:02.9734217Z 141 |           impl $name {
2026-09-09T20:38:02.9734462Z     |           ---------- associated function in this implementation
2026-09-09T20:38:02.9734702Z ...
2026-09-09T20:38:02.9734913Z 155 |               pub(crate) fn from_core_id(id: ControlId) -> Self {
2026-09-09T20:38:02.9735206Z     |                             ^^^^^^^^^^^^
2026-09-09T20:38:02.9735430Z ...
2026-09-09T20:38:02.9735605Z 222 | / opaque_control_ref!(
2026-09-09T20:38:02.9735836Z 223 | |     VerifierFamilyRef,
2026-09-09T20:38:02.9736294Z 224 | |     "Referencia a una familia de verificadores admisibles para una obligación."
2026-09-09T20:38:02.9736667Z 225 | | );
2026-09-09T20:38:02.9736869Z     | |_- in this macro invocation
2026-09-09T20:38:02.9737093Z     |
2026-09-09T20:38:02.9737527Z     = note: this warning originates in the macro `opaque_control_ref` (in Nightly builds, run with -Z macro-backtrace for more info)
2026-09-09T20:38:02.9737928Z 
2026-09-09T20:38:02.9738236Z warning: associated function `from_core_id` is never used
2026-09-09T20:38:02.9738535Z    --> sv_core/src/control.rs:155:27
2026-09-09T20:38:02.9738750Z     |
2026-09-09T20:38:02.9738908Z 141 |           impl $name {
2026-09-09T20:38:02.9739148Z     |           ---------- associated function in this implementation
2026-09-09T20:38:02.9739428Z ...
2026-09-09T20:38:02.9739660Z 155 |               pub(crate) fn from_core_id(id: ControlId) -> Self {
2026-09-09T20:38:02.9739974Z     |                             ^^^^^^^^^^^^
2026-09-09T20:38:02.9740194Z ...
2026-09-09T20:38:02.9740359Z 226 | / opaque_control_ref!(
2026-09-09T20:38:02.9740580Z 227 | |     ApplicabilityRuleRef,
2026-09-09T20:38:02.9741036Z 228 | |     "Referencia a una regla previamente constituida de aplicabilidad de comprobación."
2026-09-09T20:38:02.9741388Z 229 | | );
2026-09-09T20:38:02.9741573Z     | |_- in this macro invocation
2026-09-09T20:38:02.9741797Z     |
2026-09-09T20:38:02.9742307Z     = note: this warning originates in the macro `opaque_control_ref` (in Nightly builds, run with -Z macro-backtrace for more info)
2026-09-09T20:38:02.9742856Z 
2026-09-09T20:38:02.9743008Z warning: associated function `from_core_id` is never used
2026-09-09T20:38:02.9743360Z    --> sv_core/src/control.rs:155:27
2026-09-09T20:38:02.9743624Z     |
2026-09-09T20:38:02.9743823Z 141 |           impl $name {
2026-09-09T20:38:02.9744122Z     |           ---------- associated function in this implementation
2026-09-09T20:38:02.9744430Z ...
2026-09-09T20:38:02.9744657Z 155 |               pub(crate) fn from_core_id(id: ControlId) -> Self {
2026-09-09T20:38:02.9744952Z     |                             ^^^^^^^^^^^^
2026-09-09T20:38:02.9745181Z ...
2026-09-09T20:38:02.9745353Z 230 | / opaque_control_ref!(
2026-09-09T20:38:02.9745575Z 231 | |     ConflictResolutionRuleRef,
2026-09-09T20:38:02.9746021Z 232 | |     "Referencia a una regla previamente constituida de resolución de conflicto entre comprobaciones."
2026-09-09T20:38:02.9746352Z 233 | | );
2026-09-09T20:38:02.9746544Z     | |_- in this macro invocation
2026-09-09T20:38:02.9746719Z     |
2026-09-09T20:38:02.9747037Z     = note: this warning originates in the macro `opaque_control_ref` (in Nightly builds, run with -Z macro-backtrace for more info)
2026-09-09T20:38:02.9747467Z 
2026-09-09T20:38:02.9747633Z warning: associated function `from_core_id` is never used
2026-09-09T20:38:02.9747912Z    --> sv_core/src/control.rs:155:27
2026-09-09T20:38:02.9748097Z     |
2026-09-09T20:38:02.9748240Z 141 |           impl $name {
2026-09-09T20:38:02.9748447Z     |           ---------- associated function in this implementation
2026-09-09T20:38:02.9748665Z ...
2026-09-09T20:38:02.9748847Z 155 |               pub(crate) fn from_core_id(id: ControlId) -> Self {
2026-09-09T20:38:02.9749090Z     |                             ^^^^^^^^^^^^
2026-09-09T20:38:02.9749268Z ...
2026-09-09T20:38:02.9749409Z 234 | / opaque_control_ref!(
2026-09-09T20:38:02.9749581Z 235 | |     CoverageRuleRef,
2026-09-09T20:38:02.9749877Z 236 | |     "Referencia a una regla previamente constituida de cobertura de comprobaciones exigibles."
2026-09-09T20:38:02.9750173Z 237 | | );
2026-09-09T20:38:02.9750323Z     | |_- in this macro invocation
2026-09-09T20:38:02.9750490Z     |
2026-09-09T20:38:02.9750806Z     = note: this warning originates in the macro `opaque_control_ref` (in Nightly builds, run with -Z macro-backtrace for more info)
2026-09-09T20:38:02.9751103Z 
2026-09-09T20:38:02.9751210Z warning: associated function `from_core_id` is never used
2026-09-09T20:38:02.9751437Z    --> sv_core/src/control.rs:155:27
2026-09-09T20:38:02.9751611Z     |
2026-09-09T20:38:02.9751748Z 141 |           impl $name {
2026-09-09T20:38:02.9751948Z     |           ---------- associated function in this implementation
2026-09-09T20:38:02.9752158Z ...
2026-09-09T20:38:02.9752333Z 155 |               pub(crate) fn from_core_id(id: ControlId) -> Self {
2026-09-09T20:38:02.9752790Z     |                             ^^^^^^^^^^^^
2026-09-09T20:38:02.9752996Z ...
2026-09-09T20:38:02.9753251Z 238 | / opaque_control_ref!(
2026-09-09T20:38:02.9753431Z 239 | |     ReuseRuleRef,
2026-09-09T20:38:02.9753824Z 240 | |     "Referencia a una regla previamente constituida de reutilización de resultados cualificados."
2026-09-09T20:38:02.9754133Z 241 | | );
2026-09-09T20:38:02.9754283Z     | |_- in this macro invocation
2026-09-09T20:38:02.9754458Z     |
2026-09-09T20:38:02.9754772Z     = note: this warning originates in the macro `opaque_control_ref` (in Nightly builds, run with -Z macro-backtrace for more info)
2026-09-09T20:38:02.9755072Z 
2026-09-09T20:38:02.9755174Z warning: associated function `from_core_id` is never used
2026-09-09T20:38:02.9755406Z    --> sv_core/src/control.rs:155:27
2026-09-09T20:38:02.9755587Z     |
2026-09-09T20:38:02.9755721Z 141 |           impl $name {
2026-09-09T20:38:02.9755932Z     |           ---------- associated function in this implementation
2026-09-09T20:38:02.9756139Z ...
2026-09-09T20:38:02.9756379Z 155 |               pub(crate) fn from_core_id(id: ControlId) -> Self {
2026-09-09T20:38:02.9756620Z     |                             ^^^^^^^^^^^^
2026-09-09T20:38:02.9756802Z ...
2026-09-09T20:38:02.9756946Z 242 | / opaque_control_ref!(
2026-09-09T20:38:02.9757126Z 243 | |     ReuseBindingKeyRef,
2026-09-09T20:38:02.9757535Z 244 | |     "Referencia a una dimensión constituida cuya continuidad puede ser exigible para reutilizar un resultado."
2026-09-09T20:38:02.9757869Z 245 | | );
2026-09-09T20:38:02.9758021Z     | |_- in this macro invocation
2026-09-09T20:38:02.9758202Z     |
2026-09-09T20:38:02.9758507Z     = note: this warning originates in the macro `opaque_control_ref` (in Nightly builds, run with -Z macro-backtrace for more info)
2026-09-09T20:38:02.9758794Z 
2026-09-09T20:38:02.9758904Z warning: associated function `from_core_id` is never used
2026-09-09T20:38:02.9759132Z    --> sv_core/src/control.rs:155:27
2026-09-09T20:38:02.9759306Z     |
2026-09-09T20:38:02.9759443Z 141 |           impl $name {
2026-09-09T20:38:02.9759646Z     |           ---------- associated function in this implementation
2026-09-09T20:38:02.9759857Z ...
2026-09-09T20:38:02.9760029Z 155 |               pub(crate) fn from_core_id(id: ControlId) -> Self {
2026-09-09T20:38:02.9760256Z     |                             ^^^^^^^^^^^^
2026-09-09T20:38:02.9760438Z ...
2026-09-09T20:38:02.9760577Z 246 | / opaque_control_ref!(
2026-09-09T20:38:02.9760754Z 247 | |     ReuseBindingValueRef,
2026-09-09T20:38:02.9761143Z 248 | |     "Referencia al valor constituido de una dimensión de reutilización; identificarlo no acredita su vigencia."
2026-09-09T20:38:02.9761469Z 249 | | );
2026-09-09T20:38:02.9761617Z     | |_- in this macro invocation
2026-09-09T20:38:02.9761787Z     |
2026-09-09T20:38:02.9762098Z     = note: this warning originates in the macro `opaque_control_ref` (in Nightly builds, run with -Z macro-backtrace for more info)
2026-09-09T20:38:02.9762566Z 
2026-09-09T20:38:02.9762659Z warning: function `compile_svp` is never used
2026-09-09T20:38:02.9762891Z    --> sv_core/src/frontend.rs:803:8
2026-09-09T20:38:02.9763079Z     |
2026-09-09T20:38:02.9763329Z 803 | pub fn compile_svp(source: &str, source_file: &str) -> Result<IrProgram, FrontendError> {
2026-09-09T20:38:02.9763621Z     |        ^^^^^^^^^^^
2026-09-09T20:38:02.9763718Z 
2026-09-09T20:38:02.9763834Z warning: function `compile_svp_with_profile` is never used
2026-09-09T20:38:02.9764071Z    --> sv_core/src/frontend.rs:807:8
2026-09-09T20:38:02.9764253Z     |
2026-09-09T20:38:02.9764406Z 807 | pub fn compile_svp_with_profile(
2026-09-09T20:38:02.9764591Z     |        ^^^^^^^^^^^^^^^^^^^^^^^^
2026-09-09T20:38:02.9764711Z 
2026-09-09T20:38:02.9764795Z warning: constant `PROFILE_ID` is never used
2026-09-09T20:38:02.9765019Z  --> sv_core/src/identifier_profile.rs:6:18
2026-09-09T20:38:02.9765210Z   |
2026-09-09T20:38:02.9765410Z 6 | pub(crate) const PROFILE_ID: &str = "svp-grammar-0.2-lex-es-1";
2026-09-09T20:38:02.9765697Z   |                  ^^^^^^^^^^
2026-09-09T20:38:02.9765802Z 
2026-09-09T20:38:02.9765905Z warning: function `is_reserved_word` is never used
2026-09-09T20:38:02.9766211Z   --> sv_core/src/identifier_profile.rs:22:15
2026-09-09T20:38:02.9766408Z    |
2026-09-09T20:38:02.9766587Z 22 | pub(crate) fn is_reserved_word(word: &str) -> bool {
2026-09-09T20:38:02.9766813Z    |               ^^^^^^^^^^^^^^^^
2026-09-09T20:38:02.9766937Z 
2026-09-09T20:38:02.9767034Z warning: method `matches_descriptor` is never used
2026-09-09T20:38:02.9767268Z    --> sv_core/src/requirements_reuse.rs:121:19
2026-09-09T20:38:02.9767467Z     |
2026-09-09T20:38:02.9767610Z  44 | impl ReuseRule {
2026-09-09T20:38:02.9767801Z     | -------------- method in this implementation
2026-09-09T20:38:02.9767998Z ...
2026-09-09T20:38:02.9768247Z 121 |     pub(crate) fn matches_descriptor(&self, descriptor: &RequirementDescriptor) -> bool {
2026-09-09T20:38:02.9768545Z     |                   ^^^^^^^^^^^^^^^^^^
2026-09-09T20:38:02.9768669Z 
2026-09-09T20:38:02.9768785Z warning: hiding a lifetime that's elided elsewhere is confusing
2026-09-09T20:38:02.9769080Z     --> sv_core/src/frontend.rs:2161:13
2026-09-09T20:38:02.9769269Z      |
2026-09-09T20:38:02.9769415Z 2161 |     fn peek(&self) -> &Token {
2026-09-09T20:38:02.9769595Z      |             ^^^^^     ^^^^^^
2026-09-09T20:38:02.9769769Z      |             |         ||
2026-09-09T20:38:02.9769960Z      |             |         |the same lifetime is hidden here
2026-09-09T20:38:02.9770189Z      |             |         the same lifetime is elided here
2026-09-09T20:38:02.9770406Z      |             the lifetime is elided here
2026-09-09T20:38:02.9770587Z      |
2026-09-09T20:38:02.9770842Z      = help: the same lifetime is referred to in inconsistent ways, making the signature confusing
2026-09-09T20:38:02.9771185Z      = note: `#[warn(mismatched_lifetime_syntaxes)]` on by default
2026-09-09T20:38:02.9771429Z help: use `'_` for type paths
2026-09-09T20:38:02.9771597Z      |
2026-09-09T20:38:02.9771748Z 2161 |     fn peek(&self) -> &Token<'_> {
2026-09-09T20:38:02.9771943Z      |                             ++++
2026-09-09T20:38:02.9772056Z 
2026-09-09T20:38:02.9772254Z warning: `sv_core` (lib) generated 27 warnings (run `cargo fix --lib -p sv_core` to apply 1 suggestion)
2026-09-09T20:38:02.9772736Z    Compiling sv_core v0.1.0 (/work/rust/sv_core)
2026-09-09T20:38:03.5623341Z     Finished `release` profile [optimized] target(s) in 0.60s
2026-09-09T20:38:03.5625013Z      Running `target/release/examples/binding_probe`
2026-09-09T20:38:03.6409690Z warning: associated function `from_core_id` is never used
2026-09-09T20:38:03.6410358Z    --> sv_core/src/control.rs:155:27
2026-09-09T20:38:03.6411156Z     |
2026-09-09T20:38:03.6411399Z 141 |           impl $name {
2026-09-09T20:38:03.6411712Z     |           ---------- associated function in this implementation
2026-09-09T20:38:03.6412072Z ...
2026-09-09T20:38:03.6412644Z 155 |               pub(crate) fn from_core_id(id: ControlId) -> Self {
2026-09-09T20:38:03.6413283Z     |                             ^^^^^^^^^^^^
2026-09-09T20:38:03.6413927Z ...
2026-09-09T20:38:03.6414190Z 162 | / opaque_control_ref!(
2026-09-09T20:38:03.6415033Z 163 | |     InformationRef,
2026-09-09T20:38:03.6416116Z 164 | |     "Referencia nominal a información dentro del dominio de control."
2026-09-09T20:38:03.6416490Z 165 | | );
2026-09-09T20:38:03.6416701Z     | |_- in this macro invocation
2026-09-09T20:38:03.6417159Z     |
2026-09-09T20:38:03.6417477Z     = note: `#[warn(dead_code)]` (part of `#[warn(unused)]`) on by default
2026-09-09T20:38:03.6418173Z     = note: this warning originates in the macro `opaque_control_ref` (in Nightly builds, run with -Z macro-backtrace for more info)
2026-09-09T20:38:03.6418833Z 
2026-09-09T20:38:03.6418973Z warning: associated function `from_core_id` is never used
2026-09-09T20:38:03.6419407Z    --> sv_core/src/control.rs:155:27
2026-09-09T20:38:03.6419651Z     |
2026-09-09T20:38:03.6419831Z 141 |           impl $name {
2026-09-09T20:38:03.6420099Z     |           ---------- associated function in this implementation
2026-09-09T20:38:03.6420454Z ...
2026-09-09T20:38:03.6420913Z 155 |               pub(crate) fn from_core_id(id: ControlId) -> Self {
2026-09-09T20:38:03.6421240Z     |                             ^^^^^^^^^^^^
2026-09-09T20:38:03.6421491Z ...
2026-09-09T20:38:03.6421690Z 166 | / opaque_control_ref!(
2026-09-09T20:38:03.6421960Z 167 | |     AdmittedEvidenceRef,
2026-09-09T20:38:03.6422623Z 168 | |     "Referencia a evidencia cuya admisión debe proceder de una verificación gobernada."
2026-09-09T20:38:03.6423059Z 169 | | );
2026-09-09T20:38:03.6423275Z     | |_- in this macro invocation
2026-09-09T20:38:03.6423548Z     |
2026-09-09T20:38:03.6424027Z     = note: this warning originates in the macro `opaque_control_ref` (in Nightly builds, run with -Z macro-backtrace for more info)
2026-09-09T20:38:03.6424473Z 
2026-09-09T20:38:03.6424653Z warning: associated function `from_core_id` is never used
2026-09-09T20:38:03.6424997Z    --> sv_core/src/control.rs:155:27
2026-09-09T20:38:03.6425269Z     |
2026-09-09T20:38:03.6425575Z 141 |           impl $name {
2026-09-09T20:38:03.6425895Z     |           ---------- associated function in this implementation
2026-09-09T20:38:03.6426256Z ...
2026-09-09T20:38:03.6426513Z 155 |               pub(crate) fn from_core_id(id: ControlId) -> Self {
2026-09-09T20:38:03.6426913Z     |                             ^^^^^^^^^^^^
2026-09-09T20:38:03.6427175Z ...
2026-09-09T20:38:03.6427380Z 170 | / opaque_control_ref!(
2026-09-09T20:38:03.6427641Z 171 | |     ConstitutedFactRef,
2026-09-09T20:38:03.6428114Z 172 | |     "Referencia a un hecho semántico constituido; no equivale a autoridad."
2026-09-09T20:38:03.6428480Z 173 | | );
2026-09-09T20:38:03.6428695Z     | |_- in this macro invocation
2026-09-09T20:38:03.6428948Z     |
2026-09-09T20:38:03.6429407Z     = note: this warning originates in the macro `opaque_control_ref` (in Nightly builds, run with -Z macro-backtrace for more info)
2026-09-09T20:38:03.6429835Z 
2026-09-09T20:38:03.6430003Z warning: associated function `from_core_id` is never used
2026-09-09T20:38:03.6430360Z    --> sv_core/src/control.rs:155:27
2026-09-09T20:38:03.6430613Z     |
2026-09-09T20:38:03.6430810Z 141 |           impl $name {
2026-09-09T20:38:03.6431106Z     |           ---------- associated function in this implementation
2026-09-09T20:38:03.6431342Z ...
2026-09-09T20:38:03.6431641Z 155 |               pub(crate) fn from_core_id(id: ControlId) -> Self {
2026-09-09T20:38:03.6431920Z     |                             ^^^^^^^^^^^^
2026-09-09T20:38:03.6432102Z ...
2026-09-09T20:38:03.6432244Z 174 | / opaque_control_ref!(
2026-09-09T20:38:03.6432581Z 175 | |     AuthorityRef,
2026-09-09T20:38:03.6432939Z 176 | |     "Referencia a autoridad constituida; su constructor no forma parte de la API pública."
2026-09-09T20:38:03.6433235Z 177 | | );
2026-09-09T20:38:03.6433394Z     | |_- in this macro invocation
2026-09-09T20:38:03.6433569Z     |
2026-09-09T20:38:03.6433931Z     = note: this warning originates in the macro `opaque_control_ref` (in Nightly builds, run with -Z macro-backtrace for more info)
2026-09-09T20:38:03.6434403Z 
2026-09-09T20:38:03.6434625Z warning: associated function `from_core_id` is never used
2026-09-09T20:38:03.6434864Z    --> sv_core/src/control.rs:155:27
2026-09-09T20:38:03.6435044Z     |
2026-09-09T20:38:03.6435193Z 141 |           impl $name {
2026-09-09T20:38:03.6435402Z     |           ---------- associated function in this implementation
2026-09-09T20:38:03.6435622Z ...
2026-09-09T20:38:03.6435806Z 155 |               pub(crate) fn from_core_id(id: ControlId) -> Self {
2026-09-09T20:38:03.6436041Z     |                             ^^^^^^^^^^^^
2026-09-09T20:38:03.6436221Z ...
2026-09-09T20:38:03.6436366Z 178 | / opaque_control_ref!(
2026-09-09T20:38:03.6436545Z 179 | |     EnablementRef,
2026-09-09T20:38:03.6436888Z 180 | |     "Referencia a una habilitación de autoridad ya existente; no amplía autoridad."
2026-09-09T20:38:03.6437171Z 181 | | );
2026-09-09T20:38:03.6437321Z     | |_- in this macro invocation
2026-09-09T20:38:03.6437497Z     |
2026-09-09T20:38:03.6437824Z     = note: this warning originates in the macro `opaque_control_ref` (in Nightly builds, run with -Z macro-backtrace for more info)
2026-09-09T20:38:03.6438244Z 
2026-09-09T20:38:03.6438348Z warning: associated function `from_core_id` is never used
2026-09-09T20:38:03.6438588Z    --> sv_core/src/control.rs:155:27
2026-09-09T20:38:03.6438777Z     |
2026-09-09T20:38:03.6438933Z 141 |           impl $name {
2026-09-09T20:38:03.6439143Z     |           ---------- associated function in this implementation
2026-09-09T20:38:03.6439360Z ...
2026-09-09T20:38:03.6439535Z 155 |               pub(crate) fn from_core_id(id: ControlId) -> Self {
2026-09-09T20:38:03.6439763Z     |                             ^^^^^^^^^^^^
2026-09-09T20:38:03.6439941Z ...
2026-09-09T20:38:03.6440078Z 186 | / opaque_control_ref!(
2026-09-09T20:38:03.6440243Z 187 | |     FormRef,
2026-09-09T20:38:03.6440478Z 188 | |     "Referencia a una forma de transición constituida."
2026-09-09T20:38:03.6440696Z 189 | | );
2026-09-09T20:38:03.6440915Z     | |_- in this macro invocation
2026-09-09T20:38:03.6441097Z     |
2026-09-09T20:38:03.6441402Z     = note: this warning originates in the macro `opaque_control_ref` (in Nightly builds, run with -Z macro-backtrace for more info)
2026-09-09T20:38:03.6441687Z 
2026-09-09T20:38:03.6441795Z warning: associated function `from_core_id` is never used
2026-09-09T20:38:03.6442023Z    --> sv_core/src/control.rs:155:27
2026-09-09T20:38:03.6442196Z     |
2026-09-09T20:38:03.6442335Z 141 |           impl $name {
2026-09-09T20:38:03.6442706Z     |           ---------- associated function in this implementation
2026-09-09T20:38:03.6442925Z ...
2026-09-09T20:38:03.6443105Z 155 |               pub(crate) fn from_core_id(id: ControlId) -> Self {
2026-09-09T20:38:03.6443349Z     |                             ^^^^^^^^^^^^
2026-09-09T20:38:03.6443528Z ...
2026-09-09T20:38:03.6443671Z 190 | / opaque_control_ref!(
2026-09-09T20:38:03.6443845Z 191 | |     EffectFamilyRef,
2026-09-09T20:38:03.6444126Z 192 | |     "Referencia a una familia de efectos fijada por constitución."
2026-09-09T20:38:03.6444376Z 193 | | );
2026-09-09T20:38:03.6444533Z     | |_- in this macro invocation
2026-09-09T20:38:03.6444705Z     |
2026-09-09T20:38:03.6445015Z     = note: this warning originates in the macro `opaque_control_ref` (in Nightly builds, run with -Z macro-backtrace for more info)
2026-09-09T20:38:03.6445312Z 
2026-09-09T20:38:03.6445417Z warning: associated function `from_core_id` is never used
2026-09-09T20:38:03.6445654Z    --> sv_core/src/control.rs:155:27
2026-09-09T20:38:03.6445830Z     |
2026-09-09T20:38:03.6445967Z 141 |           impl $name {
2026-09-09T20:38:03.6446173Z     |           ---------- associated function in this implementation
2026-09-09T20:38:03.6446385Z ...
2026-09-09T20:38:03.6446547Z 155 |               pub(crate) fn from_core_id(id: ControlId) -> Self {
2026-09-09T20:38:03.6446779Z     |                             ^^^^^^^^^^^^
2026-09-09T20:38:03.6446958Z ...
2026-09-09T20:38:03.6447100Z 194 | / opaque_control_ref!(
2026-09-09T20:38:03.6447274Z 195 | |     EffectRef,
2026-09-09T20:38:03.6447520Z 196 | |     "Referencia a un efecto concreto; identificarlo no equivale a autorizarlo."
2026-09-09T20:38:03.6447797Z 197 | | );
2026-09-09T20:38:03.6447949Z     | |_- in this macro invocation
2026-09-09T20:38:03.6448121Z     |
2026-09-09T20:38:03.6448438Z     = note: this warning originates in the macro `opaque_control_ref` (in Nightly builds, run with -Z macro-backtrace for more info)
2026-09-09T20:38:03.6448739Z 
2026-09-09T20:38:03.6448841Z warning: associated function `from_core_id` is never used
2026-09-09T20:38:03.6449070Z    --> sv_core/src/control.rs:155:27
2026-09-09T20:38:03.6449248Z     |
2026-09-09T20:38:03.6449386Z 141 |           impl $name {
2026-09-09T20:38:03.6449587Z     |           ---------- associated function in this implementation
2026-09-09T20:38:03.6449804Z ...
2026-09-09T20:38:03.6449984Z 155 |               pub(crate) fn from_core_id(id: ControlId) -> Self {
2026-09-09T20:38:03.6450218Z     |                             ^^^^^^^^^^^^
2026-09-09T20:38:03.6450469Z ...
2026-09-09T20:38:03.6450605Z 198 | / opaque_control_ref!(
2026-09-09T20:38:03.6450777Z 199 | |     ContextRef,
2026-09-09T20:38:03.6451016Z 200 | |     "Referencia a una ligadura de contexto relevante para autoridad o forma."
2026-09-09T20:38:03.6451283Z 201 | | );
2026-09-09T20:38:03.6451431Z     | |_- in this macro invocation
2026-09-09T20:38:03.6451601Z     |
2026-09-09T20:38:03.6451901Z     = note: this warning originates in the macro `opaque_control_ref` (in Nightly builds, run with -Z macro-backtrace for more info)
2026-09-09T20:38:03.6452187Z 
2026-09-09T20:38:03.6452296Z warning: associated function `from_core_id` is never used
2026-09-09T20:38:03.6452667Z    --> sv_core/src/control.rs:155:27
2026-09-09T20:38:03.6452849Z     |
2026-09-09T20:38:03.6452988Z 141 |           impl $name {
2026-09-09T20:38:03.6453195Z     |           ---------- associated function in this implementation
2026-09-09T20:38:03.6453413Z ...
2026-09-09T20:38:03.6453658Z 155 |               pub(crate) fn from_core_id(id: ControlId) -> Self {
2026-09-09T20:38:03.6453893Z     |                             ^^^^^^^^^^^^
2026-09-09T20:38:03.6454073Z ...
2026-09-09T20:38:03.6454223Z 202 | / opaque_control_ref!(
2026-09-09T20:38:03.6454402Z 203 | |     AuthorityHolderRef,
2026-09-09T20:38:03.6454735Z 204 | |     "Referencia al titular de una autoridad; no constituye autoridad por sí misma."
2026-09-09T20:38:03.6455012Z 205 | | );
2026-09-09T20:38:03.6455158Z     | |_- in this macro invocation
2026-09-09T20:38:03.6455325Z     |
2026-09-09T20:38:03.6455628Z     = note: this warning originates in the macro `opaque_control_ref` (in Nightly builds, run with -Z macro-backtrace for more info)
2026-09-09T20:38:03.6455923Z 
2026-09-09T20:38:03.6456024Z warning: associated function `from_core_id` is never used
2026-09-09T20:38:03.6456249Z    --> sv_core/src/control.rs:155:27
2026-09-09T20:38:03.6456427Z     |
2026-09-09T20:38:03.6456572Z 141 |           impl $name {
2026-09-09T20:38:03.6456783Z     |           ---------- associated function in this implementation
2026-09-09T20:38:03.6456999Z ...
2026-09-09T20:38:03.6457174Z 155 |               pub(crate) fn from_core_id(id: ControlId) -> Self {
2026-09-09T20:38:03.6457408Z     |                             ^^^^^^^^^^^^
2026-09-09T20:38:03.6457590Z ...
2026-09-09T20:38:03.6457729Z 206 | / opaque_control_ref!(
2026-09-09T20:38:03.6457908Z 207 | |     GovernedObjectRef,
2026-09-09T20:38:03.6458160Z 208 | |     "Referencia a un objeto candidato a pertenecer al dominio gobernado D_a."
2026-09-09T20:38:03.6458426Z 209 | | );
2026-09-09T20:38:03.6458586Z     | |_- in this macro invocation
2026-09-09T20:38:03.6458755Z     |
2026-09-09T20:38:03.6459061Z     = note: this warning originates in the macro `opaque_control_ref` (in Nightly builds, run with -Z macro-backtrace for more info)
2026-09-09T20:38:03.6459345Z 
2026-09-09T20:38:03.6459454Z warning: associated function `from_core_id` is never used
2026-09-09T20:38:03.6459687Z    --> sv_core/src/control.rs:155:27
2026-09-09T20:38:03.6459863Z     |
2026-09-09T20:38:03.6460002Z 141 |           impl $name {
2026-09-09T20:38:03.6460216Z     |           ---------- associated function in this implementation
2026-09-09T20:38:03.6460427Z ...
2026-09-09T20:38:03.6460604Z 155 |               pub(crate) fn from_core_id(id: ControlId) -> Self {
2026-09-09T20:38:03.6460838Z     |                             ^^^^^^^^^^^^
2026-09-09T20:38:03.6461013Z ...
2026-09-09T20:38:03.6461160Z 210 | / opaque_control_ref!(
2026-09-09T20:38:03.6461345Z 211 | |     AccumulationRuleRef,
2026-09-09T20:38:03.6461661Z 212 | |     "Referencia a una regla gobernada de acumulación o a un predicado de traza."
2026-09-09T20:38:03.6461930Z 213 | | );
2026-09-09T20:38:03.6462078Z     | |_- in this macro invocation
2026-09-09T20:38:03.6462250Z     |
2026-09-09T20:38:03.6462733Z     = note: this warning originates in the macro `opaque_control_ref` (in Nightly builds, run with -Z macro-backtrace for more info)
2026-09-09T20:38:03.6463039Z 
2026-09-09T20:38:03.6463284Z warning: associated function `from_core_id` is never used
2026-09-09T20:38:03.6463526Z    --> sv_core/src/control.rs:155:27
2026-09-09T20:38:03.6463702Z     |
2026-09-09T20:38:03.6463854Z 141 |           impl $name {
2026-09-09T20:38:03.6464064Z     |           ---------- associated function in this implementation
2026-09-09T20:38:03.6464281Z ...
2026-09-09T20:38:03.6464462Z 155 |               pub(crate) fn from_core_id(id: ControlId) -> Self {
2026-09-09T20:38:03.6464691Z     |                             ^^^^^^^^^^^^
2026-09-09T20:38:03.6464868Z ...
2026-09-09T20:38:03.6465019Z 214 | / opaque_control_ref!(
2026-09-09T20:38:03.6465197Z 215 | |     RequirementRef,
2026-09-09T20:38:03.6465542Z 216 | |     "Referencia a una obligación de Req; identificarla no acredita su cumplimiento."
2026-09-09T20:38:03.6465821Z 217 | | );
2026-09-09T20:38:03.6465973Z     | |_- in this macro invocation
2026-09-09T20:38:03.6466150Z     |
2026-09-09T20:38:03.6466518Z     = note: this warning originates in the macro `opaque_control_ref` (in Nightly builds, run with -Z macro-backtrace for more info)
2026-09-09T20:38:03.6466820Z 
2026-09-09T20:38:03.6466922Z warning: associated function `from_core_id` is never used
2026-09-09T20:38:03.6467153Z    --> sv_core/src/control.rs:155:27
2026-09-09T20:38:03.6467333Z     |
2026-09-09T20:38:03.6467473Z 141 |           impl $name {
2026-09-09T20:38:03.6467686Z     |           ---------- associated function in this implementation
2026-09-09T20:38:03.6467895Z ...
2026-09-09T20:38:03.6468074Z 155 |               pub(crate) fn from_core_id(id: ControlId) -> Self {
2026-09-09T20:38:03.6468298Z     |                             ^^^^^^^^^^^^
2026-09-09T20:38:03.6468477Z ...
2026-09-09T20:38:03.6468612Z 218 | / opaque_control_ref!(
2026-09-09T20:38:03.6468782Z 219 | |     VerifierRef,
2026-09-09T20:38:03.6469053Z 220 | |     "Referencia a un verificador concreto; su mera existencia no acredita aplicabilidad."
2026-09-09T20:38:03.6469334Z 221 | | );
2026-09-09T20:38:03.6469481Z     | |_- in this macro invocation
2026-09-09T20:38:03.6469653Z     |
2026-09-09T20:38:03.6469958Z     = note: this warning originates in the macro `opaque_control_ref` (in Nightly builds, run with -Z macro-backtrace for more info)
2026-09-09T20:38:03.6470232Z 
2026-09-09T20:38:03.6470333Z warning: associated function `from_core_id` is never used
2026-09-09T20:38:03.6470560Z    --> sv_core/src/control.rs:155:27
2026-09-09T20:38:03.6470730Z     |
2026-09-09T20:38:03.6470865Z 141 |           impl $name {
2026-09-09T20:38:03.6471069Z     |           ---------- associated function in this implementation
2026-09-09T20:38:03.6471282Z ...
2026-09-09T20:38:03.6471456Z 155 |               pub(crate) fn from_core_id(id: ControlId) -> Self {
2026-09-09T20:38:03.6471676Z     |                             ^^^^^^^^^^^^
2026-09-09T20:38:03.6471856Z ...
2026-09-09T20:38:03.6471997Z 222 | / opaque_control_ref!(
2026-09-09T20:38:03.6472172Z 223 | |     VerifierFamilyRef,
2026-09-09T20:38:03.6472637Z 224 | |     "Referencia a una familia de verificadores admisibles para una obligación."
2026-09-09T20:38:03.6472915Z 225 | | );
2026-09-09T20:38:03.6473074Z     | |_- in this macro invocation
2026-09-09T20:38:03.6473247Z     |
2026-09-09T20:38:03.6473554Z     = note: this warning originates in the macro `opaque_control_ref` (in Nightly builds, run with -Z macro-backtrace for more info)
2026-09-09T20:38:03.6473853Z 
2026-09-09T20:38:03.6473955Z warning: associated function `from_core_id` is never used
2026-09-09T20:38:03.6474200Z    --> sv_core/src/control.rs:155:27
2026-09-09T20:38:03.6474372Z     |
2026-09-09T20:38:03.6474508Z 141 |           impl $name {
2026-09-09T20:38:03.6474715Z     |           ---------- associated function in this implementation
2026-09-09T20:38:03.6474929Z ...
2026-09-09T20:38:03.6475108Z 155 |               pub(crate) fn from_core_id(id: ControlId) -> Self {
2026-09-09T20:38:03.6475342Z     |                             ^^^^^^^^^^^^
2026-09-09T20:38:03.6475523Z ...
2026-09-09T20:38:03.6475668Z 226 | / opaque_control_ref!(
2026-09-09T20:38:03.6475921Z 227 | |     ApplicabilityRuleRef,
2026-09-09T20:38:03.6476268Z 228 | |     "Referencia a una regla previamente constituida de aplicabilidad de comprobación."
2026-09-09T20:38:03.6476572Z 229 | | );
2026-09-09T20:38:03.6476723Z     | |_- in this macro invocation
2026-09-09T20:38:03.6476895Z     |
2026-09-09T20:38:03.6477196Z     = note: this warning originates in the macro `opaque_control_ref` (in Nightly builds, run with -Z macro-backtrace for more info)
2026-09-09T20:38:03.6477470Z 
2026-09-09T20:38:03.6477578Z warning: associated function `from_core_id` is never used
2026-09-09T20:38:03.6477801Z    --> sv_core/src/control.rs:155:27
2026-09-09T20:38:03.6477971Z     |
2026-09-09T20:38:03.6478110Z 141 |           impl $name {
2026-09-09T20:38:03.6478314Z     |           ---------- associated function in this implementation
2026-09-09T20:38:03.6478525Z ...
2026-09-09T20:38:03.6478702Z 155 |               pub(crate) fn from_core_id(id: ControlId) -> Self {
2026-09-09T20:38:03.6478990Z     |                             ^^^^^^^^^^^^
2026-09-09T20:38:03.6479168Z ...
2026-09-09T20:38:03.6479307Z 230 | / opaque_control_ref!(
2026-09-09T20:38:03.6479490Z 231 | |     ConflictResolutionRuleRef,
2026-09-09T20:38:03.6479868Z 232 | |     "Referencia a una regla previamente constituida de resolución de conflicto entre comprobaciones."
2026-09-09T20:38:03.6480180Z 233 | | );
2026-09-09T20:38:03.6480330Z     | |_- in this macro invocation
2026-09-09T20:38:03.6480499Z     |
2026-09-09T20:38:03.6480805Z     = note: this warning originates in the macro `opaque_control_ref` (in Nightly builds, run with -Z macro-backtrace for more info)
2026-09-09T20:38:03.6481105Z 
2026-09-09T20:38:03.6481215Z warning: associated function `from_core_id` is never used
2026-09-09T20:38:03.6481444Z    --> sv_core/src/control.rs:155:27
2026-09-09T20:38:03.6481621Z     |
2026-09-09T20:38:03.6481760Z 141 |           impl $name {
2026-09-09T20:38:03.6481968Z     |           ---------- associated function in this implementation
2026-09-09T20:38:03.6482187Z ...
2026-09-09T20:38:03.6482458Z 155 |               pub(crate) fn from_core_id(id: ControlId) -> Self {
2026-09-09T20:38:03.6482728Z     |                             ^^^^^^^^^^^^
2026-09-09T20:38:03.6482908Z ...
2026-09-09T20:38:03.6483062Z 234 | / opaque_control_ref!(
2026-09-09T20:38:03.6483236Z 235 | |     CoverageRuleRef,
2026-09-09T20:38:03.6483527Z 236 | |     "Referencia a una regla previamente constituida de cobertura de comprobaciones exigibles."
2026-09-09T20:38:03.6483832Z 237 | | );
2026-09-09T20:38:03.6483987Z     | |_- in this macro invocation
2026-09-09T20:38:03.6484164Z     |
2026-09-09T20:38:03.6484473Z     = note: this warning originates in the macro `opaque_control_ref` (in Nightly builds, run with -Z macro-backtrace for more info)
2026-09-09T20:38:03.6484765Z 
2026-09-09T20:38:03.6484870Z warning: associated function `from_core_id` is never used
2026-09-09T20:38:03.6485101Z    --> sv_core/src/control.rs:155:27
2026-09-09T20:38:03.6485276Z     |
2026-09-09T20:38:03.6485426Z 141 |           impl $name {
2026-09-09T20:38:03.6485632Z     |           ---------- associated function in this implementation
2026-09-09T20:38:03.6485847Z ...
2026-09-09T20:38:03.6486023Z 155 |               pub(crate) fn from_core_id(id: ControlId) -> Self {
2026-09-09T20:38:03.6486254Z     |                             ^^^^^^^^^^^^
2026-09-09T20:38:03.6486432Z ...
2026-09-09T20:38:03.6486570Z 238 | / opaque_control_ref!(
2026-09-09T20:38:03.6486736Z 239 | |     ReuseRuleRef,
2026-09-09T20:38:03.6487090Z 240 | |     "Referencia a una regla previamente constituida de reutilización de resultados cualificados."
2026-09-09T20:38:03.6487395Z 241 | | );
2026-09-09T20:38:03.6487537Z     | |_- in this macro invocation
2026-09-09T20:38:03.6487700Z     |
2026-09-09T20:38:03.6488003Z     = note: this warning originates in the macro `opaque_control_ref` (in Nightly builds, run with -Z macro-backtrace for more info)
2026-09-09T20:38:03.6488294Z 
2026-09-09T20:38:03.6488411Z warning: associated function `from_core_id` is never used
2026-09-09T20:38:03.6488793Z    --> sv_core/src/control.rs:155:27
2026-09-09T20:38:03.6488972Z     |
2026-09-09T20:38:03.6489118Z 141 |           impl $name {
2026-09-09T20:38:03.6489329Z     |           ---------- associated function in this implementation
2026-09-09T20:38:03.6489542Z ...
2026-09-09T20:38:03.6489723Z 155 |               pub(crate) fn from_core_id(id: ControlId) -> Self {
2026-09-09T20:38:03.6489961Z     |                             ^^^^^^^^^^^^
2026-09-09T20:38:03.6490143Z ...
2026-09-09T20:38:03.6490285Z 242 | / opaque_control_ref!(
2026-09-09T20:38:03.6490466Z 243 | |     ReuseBindingKeyRef,
2026-09-09T20:38:03.6490860Z 244 | |     "Referencia a una dimensión constituida cuya continuidad puede ser exigible para reutilizar un resultado."
2026-09-09T20:38:03.6491192Z 245 | | );
2026-09-09T20:38:03.6491342Z     | |_- in this macro invocation
2026-09-09T20:38:03.6491506Z     |
2026-09-09T20:38:03.6491860Z     = note: this warning originates in the macro `opaque_control_ref` (in Nightly builds, run with -Z macro-backtrace for more info)
2026-09-09T20:38:03.6492164Z 
2026-09-09T20:38:03.6492275Z warning: associated function `from_core_id` is never used
2026-09-09T20:38:03.6492642Z    --> sv_core/src/control.rs:155:27
2026-09-09T20:38:03.6492830Z     |
2026-09-09T20:38:03.6492972Z 141 |           impl $name {
2026-09-09T20:38:03.6493181Z     |           ---------- associated function in this implementation
2026-09-09T20:38:03.6493399Z ...
2026-09-09T20:38:03.6493581Z 155 |               pub(crate) fn from_core_id(id: ControlId) -> Self {
2026-09-09T20:38:03.6493808Z     |                             ^^^^^^^^^^^^
2026-09-09T20:38:03.6493985Z ...
2026-09-09T20:38:03.6494129Z 246 | / opaque_control_ref!(
2026-09-09T20:38:03.6494315Z 247 | |     ReuseBindingValueRef,
2026-09-09T20:38:03.6494713Z 248 | |     "Referencia al valor constituido de una dimensión de reutilización; identificarlo no acredita su vigencia."
2026-09-09T20:38:03.6495045Z 249 | | );
2026-09-09T20:38:03.6495207Z     | |_- in this macro invocation
2026-09-09T20:38:03.6495377Z     |
2026-09-09T20:38:03.6495682Z     = note: this warning originates in the macro `opaque_control_ref` (in Nightly builds, run with -Z macro-backtrace for more info)
2026-09-09T20:38:03.6495967Z 
2026-09-09T20:38:03.6496055Z warning: function `compile_svp` is never used
2026-09-09T20:38:03.6496266Z    --> sv_core/src/frontend.rs:803:8
2026-09-09T20:38:03.6496440Z     |
2026-09-09T20:38:03.6496687Z 803 | pub fn compile_svp(source: &str, source_file: &str) -> Result<IrProgram, FrontendError> {
2026-09-09T20:38:03.6496975Z     |        ^^^^^^^^^^^
2026-09-09T20:38:03.6497066Z 
2026-09-09T20:38:03.6497171Z warning: function `compile_svp_with_profile` is never used
2026-09-09T20:38:03.6497404Z    --> sv_core/src/frontend.rs:807:8
2026-09-09T20:38:03.6497584Z     |
2026-09-09T20:38:03.6497738Z 807 | pub fn compile_svp_with_profile(
2026-09-09T20:38:03.6497927Z     |        ^^^^^^^^^^^^^^^^^^^^^^^^
2026-09-09T20:38:03.6498037Z 
2026-09-09T20:38:03.6498124Z warning: constant `PROFILE_ID` is never used
2026-09-09T20:38:03.6498336Z  --> sv_core/src/identifier_profile.rs:6:18
2026-09-09T20:38:03.6498512Z   |
2026-09-09T20:38:03.6498707Z 6 | pub(crate) const PROFILE_ID: &str = "svp-grammar-0.2-lex-es-1";
2026-09-09T20:38:03.6498953Z   |                  ^^^^^^^^^^
2026-09-09T20:38:03.6499058Z 
2026-09-09T20:38:03.6499154Z warning: function `is_reserved_word` is never used
2026-09-09T20:38:03.6499385Z   --> sv_core/src/identifier_profile.rs:22:15
2026-09-09T20:38:03.6499577Z    |
2026-09-09T20:38:03.6499749Z 22 | pub(crate) fn is_reserved_word(word: &str) -> bool {
2026-09-09T20:38:03.6499961Z    |               ^^^^^^^^^^^^^^^^
2026-09-09T20:38:03.6500072Z 
2026-09-09T20:38:03.6500160Z warning: method `matches_descriptor` is never used
2026-09-09T20:38:03.6500389Z    --> sv_core/src/requirements_reuse.rs:121:19
2026-09-09T20:38:03.6500594Z     |
2026-09-09T20:38:03.6500739Z  44 | impl ReuseRule {
2026-09-09T20:38:03.6500927Z     | -------------- method in this implementation
2026-09-09T20:38:03.6501186Z ...
2026-09-09T20:38:03.6501441Z 121 |     pub(crate) fn matches_descriptor(&self, descriptor: &RequirementDescriptor) -> bool {
2026-09-09T20:38:03.6501745Z     |                   ^^^^^^^^^^^^^^^^^^
2026-09-09T20:38:03.6501875Z 
2026-09-09T20:38:03.6501990Z warning: hiding a lifetime that's elided elsewhere is confusing
2026-09-09T20:38:03.6502238Z     --> sv_core/src/frontend.rs:2161:13
2026-09-09T20:38:03.6502560Z      |
2026-09-09T20:38:03.6502725Z 2161 |     fn peek(&self) -> &Token {
2026-09-09T20:38:03.6502929Z      |             ^^^^^     ^^^^^^
2026-09-09T20:38:03.6503110Z      |             |         ||
2026-09-09T20:38:03.6503309Z      |             |         |the same lifetime is hidden here
2026-09-09T20:38:03.6503547Z      |             |         the same lifetime is elided here
2026-09-09T20:38:03.6503764Z      |             the lifetime is elided here
2026-09-09T20:38:03.6503956Z      |
2026-09-09T20:38:03.6504258Z      = help: the same lifetime is referred to in inconsistent ways, making the signature confusing
2026-09-09T20:38:03.6504605Z      = note: `#[warn(mismatched_lifetime_syntaxes)]` on by default
2026-09-09T20:38:03.6504837Z help: use `'_` for type paths
2026-09-09T20:38:03.6505009Z      |
2026-09-09T20:38:03.6505170Z 2161 |     fn peek(&self) -> &Token<'_> {
2026-09-09T20:38:03.6505358Z      |                             ++++
2026-09-09T20:38:03.6505468Z 
2026-09-09T20:38:03.6505659Z warning: `sv_core` (lib) generated 27 warnings (run `cargo fix --lib -p sv_core` to apply 1 suggestion)
2026-09-09T20:38:03.6505987Z    Compiling sv_core v0.1.0 (/work/rust/sv_core)
2026-09-09T20:38:03.7170132Z warning: function `check_witness` is never used
2026-09-09T20:38:03.7170476Z   --> sv_core/examples/../../../tests/row7_gh/probe.rs:59:8
2026-09-09T20:38:03.7170700Z    |
2026-09-09T20:38:03.7170892Z 59 | pub fn check_witness(witness: &str) -> Result<(), String> {
2026-09-09T20:38:03.7171126Z    |        ^^^^^^^^^^^^^
2026-09-09T20:38:03.7171330Z    |
2026-09-09T20:38:03.7171538Z    = note: `#[warn(dead_code)]` (part of `#[warn(unused)]`) on by default
2026-09-09T20:38:03.7171717Z 
2026-09-09T20:38:04.0683354Z warning: `sv_core` (example "gh_binding_probe") generated 1 warning
2026-09-09T20:38:04.0683805Z     Finished `release` profile [optimized] target(s) in 0.43s
2026-09-09T20:38:04.0685720Z      Running `target/release/examples/gh_binding_probe`
2026-09-09T20:38:04.0931825Z CONSTRUCCION_Y_PRUEBAS_RUST_SIN_INTERPRETES_CONFORMES
2026-09-09T20:38:10.8823718Z ##[group]Run node tests/row7_gh/verificar.mjs artifacts/fila7/ejecucion/gh.json --autoprueba > artifacts/fila7/verificacion-externa.json
2026-09-09T20:38:10.8824419Z [36;1mnode tests/row7_gh/verificar.mjs artifacts/fila7/ejecucion/gh.json --autoprueba > artifacts/fila7/verificacion-externa.json[0m
2026-09-09T20:38:10.8824868Z [36;1mcat artifacts/fila7/verificacion-externa.json[0m
2026-09-09T20:38:10.8825160Z [36;1mcat artifacts/fila7/paquete/fila7-fuentes.tar.gz.sha256[0m
2026-09-09T20:38:10.8845536Z shell: /usr/bin/bash --noprofile --norc -e -o pipefail {0}
2026-09-09T20:38:10.8845783Z ##[endgroup]
2026-09-09T20:38:16.2064698Z {
2026-09-09T20:38:16.2065292Z   "verification": "CONFORME_EN_TRANSPORTE_DOCUMENTAL",
2026-09-09T20:38:16.2065648Z   "transports": 48,
2026-09-09T20:38:16.2065892Z   "full_recoveries": 16,
2026-09-09T20:38:16.2066171Z   "recoveries_with_declared_side_information": 16,
2026-09-09T20:38:16.2066465Z   "reduced_controls": 16,
2026-09-09T20:38:16.2066935Z   "losses_in_H": 8,
2026-09-09T20:38:16.2067145Z   "matrix": {
2026-09-09T20:38:16.2067363Z     "g10": 15,
2026-09-09T20:38:16.2067583Z     "lsv": 44,
2026-09-09T20:38:16.2067789Z     "links": 81,
2026-09-09T20:38:16.2068035Z     "specified": 12,
2026-09-09T20:38:16.2068291Z     "documentary": 8,
2026-09-09T20:38:16.2068522Z     "families": 6,
2026-09-09T20:38:16.2068738Z     "queries": 18,
2026-09-09T20:38:16.2069171Z     "reviewed_document_sha256": "1927c3ac2605f01128d46f2aaed74516d9915463c5949625aabbd8bd324ac15f",
2026-09-09T20:38:16.2070028Z     "reviewed_document_content_matches": true,
2026-09-09T20:38:16.2070368Z     "clinical_integration_executed": false,
2026-09-09T20:38:16.2070728Z     "decision_sufficiency_automatically_proven": false
2026-09-09T20:38:16.2071049Z   },
2026-09-09T20:38:16.2071264Z   "contract_hashes_recomputed": 48,
2026-09-09T20:38:16.2071863Z   "codec_reference_hash": "beff99707d648d591714e431b462bf61546da931771a6168cd80b1c8037f7dc0",
2026-09-09T20:38:16.2075023Z   "program_projection_bytes_hashed": true,
2026-09-09T20:38:16.2075379Z   "program_semantics_independently_revalidated": false,
2026-09-09T20:38:16.2075664Z   "executor_run_proven_by_report_alone": false,
2026-09-09T20:38:16.2075960Z   "sv_query_executed": false,
2026-09-09T20:38:16.2076187Z   "q0_executed": false,
2026-09-09T20:38:16.2076474Z   "clinical_authority_authenticated": false,
2026-09-09T20:38:16.2076864Z   "sensitivity": {
2026-09-09T20:38:16.2077117Z     "reserialized_control": "ACCEPTED",
2026-09-09T20:38:16.2077389Z     "directed_mutations": 28,
2026-09-09T20:38:16.2077656Z     "survivors": 0,
2026-09-09T20:38:16.2077892Z     "semantic_artifact_hashes_recalculated": true,
2026-09-09T20:38:16.2078199Z     "semantic_contract_hashes_recalculated": true,
2026-09-09T20:38:16.2078468Z     "results": [
2026-09-09T20:38:16.2078664Z       {
2026-09-09T20:38:16.2078878Z         "id": "MG01_omitir_transporte",
2026-09-09T20:38:16.2079104Z         "expected": "INVENTARIO",
2026-09-09T20:38:16.2079323Z         "actual": "INVENTARIO"
2026-09-09T20:38:16.2079512Z       },
2026-09-09T20:38:16.2079662Z       {
2026-09-09T20:38:16.2079830Z         "id": "MG02_duplicar_identidad",
2026-09-09T20:38:16.2080052Z         "expected": "IDENTIDAD_TESTIGO",
2026-09-09T20:38:16.2080270Z         "actual": "IDENTIDAD_TESTIGO"
2026-09-09T20:38:16.2080469Z       },
2026-09-09T20:38:16.2080617Z       {
2026-09-09T20:38:16.2080808Z         "id": "MG03_procedencia_con_huella_recalculada",
2026-09-09T20:38:16.2081069Z         "expected": "PROCEDENCIA",
2026-09-09T20:38:16.2081290Z         "actual": "PROCEDENCIA"
2026-09-09T20:38:16.2081482Z       },
2026-09-09T20:38:16.2081631Z       {
2026-09-09T20:38:16.2081796Z         "id": "MG04_detalle_oculto_en_H",
2026-09-09T20:38:16.2082022Z         "expected": "PROCEDENCIA",
2026-09-09T20:38:16.2082231Z         "actual": "PROCEDENCIA"
2026-09-09T20:38:16.2082600Z       },
2026-09-09T20:38:16.2082770Z       {
2026-09-09T20:38:16.2082934Z         "id": "MG05_S_retirada",
2026-09-09T20:38:16.2083354Z         "expected": "INVENTARIO_S",
2026-09-09T20:38:16.2083591Z         "actual": "INVENTARIO_S"
2026-09-09T20:38:16.2083788Z       },
2026-09-09T20:38:16.2083941Z       {
2026-09-09T20:38:16.2084112Z         "id": "MG06_S_atribuida_a_H",
2026-09-09T20:38:16.2084333Z         "expected": "ALCANCE_S",
2026-09-09T20:38:16.2084532Z         "actual": "ALCANCE_S"
2026-09-09T20:38:16.2084723Z       },
2026-09-09T20:38:16.2084869Z       {
2026-09-09T20:38:16.2085042Z         "id": "MG07_operacion_sustituida",
2026-09-09T20:38:16.2085267Z         "expected": "OPERACION",
2026-09-09T20:38:16.2085474Z         "actual": "OPERACION"
2026-09-09T20:38:16.2085661Z       },
2026-09-09T20:38:16.2085820Z       {
2026-09-09T20:38:16.2085983Z         "id": "MG08_referente_sustituido",
2026-09-09T20:38:16.2086214Z         "expected": "REFERENTE",
2026-09-09T20:38:16.2086413Z         "actual": "REFERENTE"
2026-09-09T20:38:16.2086604Z       },
2026-09-09T20:38:16.2086753Z       {
2026-09-09T20:38:16.2086915Z         "id": "MG09_H_filtra_estado",
2026-09-09T20:38:16.2087131Z         "expected": "CONTRATO_RECALCULO",
2026-09-09T20:38:16.2087355Z         "actual": "CONTRATO_RECALCULO"
2026-09-09T20:38:16.2087549Z       },
2026-09-09T20:38:16.2087693Z       {
2026-09-09T20:38:16.2087855Z         "id": "MG10_huella_de_artefacto",
2026-09-09T20:38:16.2088083Z         "expected": "ARTEFACTO_INTEGRIDAD",
2026-09-09T20:38:16.2088309Z         "actual": "ARTEFACTO_INTEGRIDAD"
2026-09-09T20:38:16.2088510Z       },
2026-09-09T20:38:16.2088655Z       {
2026-09-09T20:38:16.2088908Z         "id": "MG11_artefacto_lateral_oculto",
2026-09-09T20:38:16.2089154Z         "expected": "REGISTRO_ARTEFACTOS",
2026-09-09T20:38:16.2089381Z         "actual": "REGISTRO_ARTEFACTOS"
2026-09-09T20:38:16.2089583Z       },
2026-09-09T20:38:16.2089732Z       {
2026-09-09T20:38:16.2089894Z         "id": "MG12_formulacion_omitida",
2026-09-09T20:38:16.2090119Z         "expected": "MATRIZ_INVENTARIO",
2026-09-09T20:38:16.2090342Z         "actual": "MATRIZ_INVENTARIO"
2026-09-09T20:38:16.2090543Z       },
2026-09-09T20:38:16.2090693Z       {
2026-09-09T20:38:16.2090861Z         "id": "MG13_SP_cerrada_sin_ejecucion",
2026-09-09T20:38:16.2091083Z         "expected": "MATRIZ_SP_ESTADO",
2026-09-09T20:38:16.2091298Z         "actual": "MATRIZ_SP_ESTADO"
2026-09-09T20:38:16.2091491Z       },
2026-09-09T20:38:16.2091690Z       {
2026-09-09T20:38:16.2091857Z         "id": "MG14_fila_cerrada",
2026-09-09T20:38:16.2092066Z         "expected": "MATRIZ_ALCANCE",
2026-09-09T20:38:16.2092273Z         "actual": "MATRIZ_ALCANCE"
2026-09-09T20:38:16.2092752Z       },
2026-09-09T20:38:16.2092953Z       {
2026-09-09T20:38:16.2093158Z         "id": "MG15_S_sustituida_con_huella_recalculada",
2026-09-09T20:38:16.2093414Z         "expected": "CONTENIDO_S",
2026-09-09T20:38:16.2093619Z         "actual": "CONTENIDO_S"
2026-09-09T20:38:16.2093811Z       },
2026-09-09T20:38:16.2093957Z       {
2026-09-09T20:38:16.2094119Z         "id": "MG16_definicion_sustituida",
2026-09-09T20:38:16.2094347Z         "expected": "DEFINICION",
2026-09-09T20:38:16.2094550Z         "actual": "DEFINICION"
2026-09-09T20:38:16.2094732Z       },
2026-09-09T20:38:16.2094882Z       {
2026-09-09T20:38:16.2095043Z         "id": "MH01_huella_F0",
2026-09-09T20:38:16.2095241Z         "expected": "CONTRATO_RECALCULO",
2026-09-09T20:38:16.2095458Z         "actual": "CONTRATO_RECALCULO"
2026-09-09T20:38:16.2095652Z       },
2026-09-09T20:38:16.2095795Z       {
2026-09-09T20:38:16.2095949Z         "id": "MH02_huella_HS",
2026-09-09T20:38:16.2096147Z         "expected": "CONTRATO_RECALCULO",
2026-09-09T20:38:16.2096362Z         "actual": "CONTRATO_RECALCULO"
2026-09-09T20:38:16.2096557Z       },
2026-09-09T20:38:16.2096699Z       {
2026-09-09T20:38:16.2096854Z         "id": "MH03_ambas_H_falsas",
2026-09-09T20:38:16.2097070Z         "expected": "CONTRATO_RECALCULO",
2026-09-09T20:38:16.2097284Z         "actual": "CONTRATO_RECALCULO"
2026-09-09T20:38:16.2097479Z       },
2026-09-09T20:38:16.2097625Z       {
2026-09-09T20:38:16.2097890Z         "id": "MH04_todas_las_huellas_cero",
2026-09-09T20:38:16.2098126Z         "expected": "CONTRATO_RECALCULO",
2026-09-09T20:38:16.2098346Z         "actual": "CONTRATO_RECALCULO"
2026-09-09T20:38:16.2098544Z       },
2026-09-09T20:38:16.2098691Z       {
2026-09-09T20:38:16.2098856Z         "id": "MH05_propietario_y_huella",
2026-09-09T20:38:16.2099079Z         "expected": "CONTRATO_TESTIGO",
2026-09-09T20:38:16.2099312Z         "actual": "CONTRATO_TESTIGO"
2026-09-09T20:38:16.2099508Z       },
2026-09-09T20:38:16.2099653Z       {
2026-09-09T20:38:16.2099811Z         "id": "MH06_alias_y_huella",
2026-09-09T20:38:16.2100015Z         "expected": "CONTRATO_TESTIGO",
2026-09-09T20:38:16.2100224Z         "actual": "CONTRATO_TESTIGO"
2026-09-09T20:38:16.2100411Z       },
2026-09-09T20:38:16.2100555Z       {
2026-09-09T20:38:16.2100716Z         "id": "MH07_artefacto_y_huella",
2026-09-09T20:38:16.2100931Z         "expected": "CONTRATO_TESTIGO",
2026-09-09T20:38:16.2101147Z         "actual": "CONTRATO_TESTIGO"
2026-09-09T20:38:16.2101346Z       },
2026-09-09T20:38:16.2101504Z       {
2026-09-09T20:38:16.2101684Z         "id": "MH08_proyeccion_contractual_y_huella",
2026-09-09T20:38:16.2101926Z         "expected": "CONTRATO_TESTIGO",
2026-09-09T20:38:16.2102137Z         "actual": "CONTRATO_TESTIGO"
2026-09-09T20:38:16.2102331Z       },
2026-09-09T20:38:16.2102631Z       {
2026-09-09T20:38:16.2102801Z         "id": "MH09_fuente_portadora",
2026-09-09T20:38:16.2103018Z         "expected": "PROGRAMA_FUENTE",
2026-09-09T20:38:16.2103228Z         "actual": "PROGRAMA_FUENTE"
2026-09-09T20:38:16.2103503Z       },
2026-09-09T20:38:16.2103649Z       {
2026-09-09T20:38:16.2103828Z         "id": "MH10_proyeccion_sin_metadatos",
2026-09-09T20:38:16.2104060Z         "expected": "PROGRAMA_PROYECCION",
2026-09-09T20:38:16.2104283Z         "actual": "PROGRAMA_PROYECCION"
2026-09-09T20:38:16.2104481Z       },
2026-09-09T20:38:16.2104623Z       {
2026-09-09T20:38:16.2104780Z         "id": "MH11_contrato_ausente",
2026-09-09T20:38:16.2104992Z         "expected": "CONTRATO_TESTIGO",
2026-09-09T20:38:16.2105198Z         "actual": "CONTRATO_TESTIGO"
2026-09-09T20:38:16.2105386Z       },
2026-09-09T20:38:16.2105531Z       {
2026-09-09T20:38:16.2105687Z         "id": "MH12_clase_y_huella",
2026-09-09T20:38:16.2105900Z         "expected": "CONTRATO_TESTIGO",
2026-09-09T20:38:16.2106114Z         "actual": "CONTRATO_TESTIGO"
2026-09-09T20:38:16.2106304Z       }
2026-09-09T20:38:16.2106449Z     ]
2026-09-09T20:38:16.2106602Z   },
2026-09-09T20:38:16.2106758Z   "input_sensitivity": {
2026-09-09T20:38:16.2106951Z     "entrypoint": "CLI",
2026-09-09T20:38:16.2107149Z     "raw_input_control": "ACCEPTED",
2026-09-09T20:38:16.2107368Z     "reserialized_control": "ACCEPTED",
2026-09-09T20:38:16.2107589Z     "directed_mutations": 15,
2026-09-09T20:38:16.2107784Z     "survivors": 0,
2026-09-09T20:38:16.2107960Z     "results": [
2026-09-09T20:38:16.2108128Z       {
2026-09-09T20:38:16.2108285Z         "id": "ME01_schema_repetido",
2026-09-09T20:38:16.2108526Z         "expected": "JSON_CLAVE_REPETIDA",
2026-09-09T20:38:16.2108746Z         "actual": "JSON_CLAVE_REPETIDA"
2026-09-09T20:38:16.2108941Z       },
2026-09-09T20:38:16.2109092Z       {
2026-09-09T20:38:16.2109254Z         "id": "ME02_results_repetido",
2026-09-09T20:38:16.2109464Z         "expected": "JSON_CLAVE_REPETIDA",
2026-09-09T20:38:16.2109681Z         "actual": "JSON_CLAVE_REPETIDA"
2026-09-09T20:38:16.2109877Z       },
2026-09-09T20:38:16.2110023Z       {
2026-09-09T20:38:16.2110206Z         "id": "ME03_propietario_repetido",
2026-09-09T20:38:16.2110431Z         "expected": "JSON_CLAVE_REPETIDA",
2026-09-09T20:38:16.2110649Z         "actual": "JSON_CLAVE_REPETIDA"
2026-09-09T20:38:16.2110844Z       },
2026-09-09T20:38:16.2110989Z       {
2026-09-09T20:38:16.2111157Z         "id": "ME04_clave_escapada_repetida",
2026-09-09T20:38:16.2111384Z         "expected": "JSON_CLAVE_REPETIDA",
2026-09-09T20:38:16.2111598Z         "actual": "JSON_CLAVE_REPETIDA"
2026-09-09T20:38:16.2111792Z       },
2026-09-09T20:38:16.2112010Z       {
2026-09-09T20:38:16.2112176Z         "id": "ME05_matriz_repetida",
2026-09-09T20:38:16.2112547Z         "expected": "JSON_CLAVE_REPETIDA",
2026-09-09T20:38:16.2112810Z         "actual": "JSON_CLAVE_REPETIDA"
2026-09-09T20:38:16.2113012Z       },
2026-09-09T20:38:16.2113162Z       {
2026-09-09T20:38:16.2113332Z         "id": "ME06_proyeccion_repetida",
2026-09-09T20:38:16.2113592Z         "expected": "PROGRAMA_PROYECCION:JSON_CLAVE_REPETIDA",
2026-09-09T20:38:16.2113892Z         "actual": "PROGRAMA_PROYECCION:JSON_CLAVE_REPETIDA"
2026-09-09T20:38:16.2114136Z       },
2026-09-09T20:38:16.2114283Z       {
2026-09-09T20:38:16.2114441Z         "id": "ME07_utf8_invalido",
2026-09-09T20:38:16.2114654Z         "expected": "JSON_UTF8",
2026-09-09T20:38:16.2114871Z         "actual": "JSON_UTF8"
2026-09-09T20:38:16.2115059Z       },
2026-09-09T20:38:16.2115206Z       {
2026-09-09T20:38:16.2115363Z         "id": "ME08_unicode_invalido",
2026-09-09T20:38:16.2115563Z         "expected": "JSON_UNICODE",
2026-09-09T20:38:16.2115767Z         "actual": "JSON_UNICODE"
2026-09-09T20:38:16.2115959Z       },
2026-09-09T20:38:16.2116107Z       {
2026-09-09T20:38:16.2116286Z         "id": "ME09_entero_fuera_de_subconjunto",
2026-09-09T20:38:16.2116530Z         "expected": "JSON_NUMERO_RANGO",
2026-09-09T20:38:16.2116748Z         "actual": "JSON_NUMERO_RANGO"
2026-09-09T20:38:16.2116936Z       },
2026-09-09T20:38:16.2117089Z       {
2026-09-09T20:38:16.2117247Z         "id": "ME10_forma_numerica",
2026-09-09T20:38:16.2117456Z         "expected": "JSON_NUMERO_FORMA",
2026-09-09T20:38:16.2117751Z         "actual": "JSON_NUMERO_FORMA"
2026-09-09T20:38:16.2117949Z       },
2026-09-09T20:38:16.2118101Z       {
2026-09-09T20:38:16.2118261Z         "id": "ME11_clave_que_reordena",
2026-09-09T20:38:16.2118479Z         "expected": "JSON_CLAVE_INDICE",
2026-09-09T20:38:16.2118694Z         "actual": "JSON_CLAVE_INDICE"
2026-09-09T20:38:16.2118892Z       },
2026-09-09T20:38:16.2119042Z       {
2026-09-09T20:38:16.2119214Z         "id": "ME12_matriz_prosa",
2026-09-09T20:38:16.2119421Z         "expected": "MATRIZ_HUELLA",
2026-09-09T20:38:16.2119626Z         "actual": "MATRIZ_HUELLA"
2026-09-09T20:38:16.2119817Z       },
2026-09-09T20:38:16.2119962Z       {
2026-09-09T20:38:16.2120125Z         "id": "ME13_matriz_reserializada",
2026-09-09T20:38:16.2120341Z         "expected": "MATRIZ_HUELLA",
2026-09-09T20:38:16.2120549Z         "actual": "MATRIZ_HUELLA"
2026-09-09T20:38:16.2120737Z       },
2026-09-09T20:38:16.2120883Z       {
2026-09-09T20:38:16.2121056Z         "id": "ME14_matriz_propiedad_adicional",
2026-09-09T20:38:16.2121291Z         "expected": "MATRIZ_HUELLA",
2026-09-09T20:38:16.2121501Z         "actual": "MATRIZ_HUELLA"
2026-09-09T20:38:16.2121688Z       },
2026-09-09T20:38:16.2121827Z       {
2026-09-09T20:38:16.2122006Z         "id": "ME15_variante_conflictiva_repetida",
2026-09-09T20:38:16.2122249Z         "expected": "JSON_CLAVE_REPETIDA",
2026-09-09T20:38:16.2122633Z         "actual": "JSON_CLAVE_REPETIDA"
2026-09-09T20:38:16.2122876Z       }
2026-09-09T20:38:16.2123075Z     ]
2026-09-09T20:38:16.2123244Z   },
2026-09-09T20:38:16.2123415Z   "matrix_sensitivity": {
2026-09-09T20:38:16.2123613Z     "entrypoint": "API",
2026-09-09T20:38:16.2123821Z     "reviewed_control": "ACCEPTED",
2026-09-09T20:38:16.2124035Z     "directed_mutations": 104,
2026-09-09T20:38:16.2124233Z     "survivors": 0,
2026-09-09T20:38:16.2124403Z     "results": [
2026-09-09T20:38:16.2124562Z       {
2026-09-09T20:38:16.2124720Z         "treatment": "IDENTIDAD",
2026-09-09T20:38:16.2124928Z         "field": "operation",
2026-09-09T20:38:16.2125129Z         "expected": "MATRIZ_CONTENIDO",
2026-09-09T20:38:16.2125337Z         "actual": "MATRIZ_CONTENIDO"
2026-09-09T20:38:16.2125532Z       },
2026-09-09T20:38:16.2125683Z       {
2026-09-09T20:38:16.2125840Z         "treatment": "IDENTIDAD",
2026-09-09T20:38:16.2126050Z         "field": "contract",
2026-09-09T20:38:16.2126246Z         "expected": "MATRIZ_CONTENIDO",
2026-09-09T20:38:16.2126536Z         "actual": "MATRIZ_CONTENIDO"
2026-09-09T20:38:16.2126731Z       },
2026-09-09T20:38:16.2126884Z       {
2026-09-09T20:38:16.2127041Z         "treatment": "IDENTIDAD",
2026-09-09T20:38:16.2127243Z         "field": "available",
2026-09-09T20:38:16.2127448Z         "expected": "MATRIZ_CONTENIDO",
2026-09-09T20:38:16.2127658Z         "actual": "MATRIZ_CONTENIDO"
2026-09-09T20:38:16.2127852Z       },
2026-09-09T20:38:16.2127995Z       {
2026-09-09T20:38:16.2128158Z         "treatment": "IDENTIDAD",
2026-09-09T20:38:16.2128355Z         "field": "excluded",
2026-09-09T20:38:16.2128555Z         "expected": "MATRIZ_CONTENIDO",
2026-09-09T20:38:16.2128764Z         "actual": "MATRIZ_CONTENIDO"
2026-09-09T20:38:16.2128955Z       },
2026-09-09T20:38:16.2129098Z       {
2026-09-09T20:38:16.2129293Z         "treatment": "IDENTIDAD",
2026-09-09T20:38:16.2129496Z         "field": "responsible",
2026-09-09T20:38:16.2129702Z         "expected": "MATRIZ_CONTENIDO",
2026-09-09T20:38:16.2129916Z         "actual": "MATRIZ_CONTENIDO"
2026-09-09T20:38:16.2130118Z       },
2026-09-09T20:38:16.2130266Z       {
2026-09-09T20:38:16.2130433Z         "treatment": "IDENTIDAD",
2026-09-09T20:38:16.2130632Z         "field": "stage",
2026-09-09T20:38:16.2130827Z         "expected": "MATRIZ_CONTENIDO",
2026-09-09T20:38:16.2131039Z         "actual": "MATRIZ_CONTENIDO"
2026-09-09T20:38:16.2131232Z       },
2026-09-09T20:38:16.2131379Z       {
2026-09-09T20:38:16.2131539Z         "treatment": "IDENTIDAD",
2026-09-09T20:38:16.2131741Z         "field": "reentry_condition",
2026-09-09T20:38:16.2132018Z         "expected": "MATRIZ_CONTENIDO",
2026-09-09T20:38:16.2132223Z         "actual": "MATRIZ_CONTENIDO"
2026-09-09T20:38:16.2132623Z       },
2026-09-09T20:38:16.2132790Z       {
2026-09-09T20:38:16.2132948Z         "treatment": "IDENTIDAD",
2026-09-09T20:38:16.2133156Z         "field": "evidence",
2026-09-09T20:38:16.2133366Z         "expected": "MATRIZ_CONTENIDO",
2026-09-09T20:38:16.2133583Z         "actual": "MATRIZ_CONTENIDO"
2026-09-09T20:38:16.2133783Z       },
2026-09-09T20:38:16.2133928Z       {
2026-09-09T20:38:16.2134086Z         "treatment": "BYTES",
2026-09-09T20:38:16.2134284Z         "field": "operation",
2026-09-09T20:38:16.2134480Z         "expected": "MATRIZ_CONTENIDO",
2026-09-09T20:38:16.2134689Z         "actual": "MATRIZ_CONTENIDO"
2026-09-09T20:38:16.2134891Z       },
2026-09-09T20:38:16.2135038Z       {
2026-09-09T20:38:16.2135189Z         "treatment": "BYTES",
2026-09-09T20:38:16.2135372Z         "field": "contract",
2026-09-09T20:38:16.2135562Z         "expected": "MATRIZ_CONTENIDO",
2026-09-09T20:38:16.2135772Z         "actual": "MATRIZ_CONTENIDO"
2026-09-09T20:38:16.2135961Z       },
2026-09-09T20:38:16.2136101Z       {
2026-09-09T20:38:16.2136307Z         "treatment": "BYTES",
2026-09-09T20:38:16.2136553Z         "field": "available",
2026-09-09T20:38:16.2136788Z         "expected": "MATRIZ_CONTENIDO",
2026-09-09T20:38:16.2137000Z         "actual": "MATRIZ_CONTENIDO"
2026-09-09T20:38:16.2137199Z       },
2026-09-09T20:38:16.2137340Z       {
2026-09-09T20:38:16.2137497Z         "treatment": "BYTES",
2026-09-09T20:38:16.2137684Z         "field": "excluded",
2026-09-09T20:38:16.2137886Z         "expected": "MATRIZ_CONTENIDO",
2026-09-09T20:38:16.2138181Z         "actual": "MATRIZ_CONTENIDO"
2026-09-09T20:38:16.2138420Z       },
2026-09-09T20:38:16.2138594Z       {
2026-09-09T20:38:16.2138778Z         "treatment": "BYTES",
2026-09-09T20:38:16.2138984Z         "field": "responsible",
2026-09-09T20:38:16.2139186Z         "expected": "MATRIZ_CONTENIDO",
2026-09-09T20:38:16.2139401Z         "actual": "MATRIZ_CONTENIDO"
2026-09-09T20:38:16.2139600Z       },
2026-09-09T20:38:16.2139748Z       {
2026-09-09T20:38:16.2139901Z         "treatment": "BYTES",
2026-09-09T20:38:16.2140088Z         "field": "stage",
2026-09-09T20:38:16.2140278Z         "expected": "MATRIZ_CONTENIDO",
2026-09-09T20:38:16.2140483Z         "actual": "MATRIZ_CONTENIDO"
2026-09-09T20:38:16.2140673Z       },
2026-09-09T20:38:16.2140813Z       {
2026-09-09T20:38:16.2141068Z         "treatment": "BYTES",
2026-09-09T20:38:16.2141272Z         "field": "reentry_condition",
2026-09-09T20:38:16.2141488Z         "expected": "MATRIZ_CONTENIDO",
2026-09-09T20:38:16.2141712Z         "actual": "MATRIZ_CONTENIDO"
2026-09-09T20:38:16.2141914Z       },
2026-09-09T20:38:16.2142067Z       {
2026-09-09T20:38:16.2142226Z         "treatment": "BYTES",
2026-09-09T20:38:16.2142574Z         "field": "evidence",
2026-09-09T20:38:16.2142795Z         "expected": "MATRIZ_CONTENIDO",
2026-09-09T20:38:16.2143012Z         "actual": "MATRIZ_CONTENIDO"
2026-09-09T20:38:16.2143212Z       },
2026-09-09T20:38:16.2143364Z       {
2026-09-09T20:38:16.2143523Z         "treatment": "CONTEXTO",
2026-09-09T20:38:16.2143719Z         "field": "operation",
2026-09-09T20:38:16.2143915Z         "expected": "MATRIZ_CONTENIDO",
2026-09-09T20:38:16.2144132Z         "actual": "MATRIZ_CONTENIDO"
2026-09-09T20:38:16.2144320Z       },
2026-09-09T20:38:16.2144465Z       {
2026-09-09T20:38:16.2144625Z         "treatment": "CONTEXTO",
2026-09-09T20:38:16.2144829Z         "field": "contract",
2026-09-09T20:38:16.2145025Z         "expected": "MATRIZ_CONTENIDO",
2026-09-09T20:38:16.2145236Z         "actual": "MATRIZ_CONTENIDO"
2026-09-09T20:38:16.2145425Z       },
2026-09-09T20:38:16.2145571Z       {
2026-09-09T20:38:16.2145724Z         "treatment": "CONTEXTO",
2026-09-09T20:38:16.2145919Z         "field": "available",
2026-09-09T20:38:16.2146123Z         "expected": "MATRIZ_CONTENIDO",
2026-09-09T20:38:16.2146335Z         "actual": "MATRIZ_CONTENIDO"
2026-09-09T20:38:16.2146608Z       },
2026-09-09T20:38:16.2146754Z       {
2026-09-09T20:38:16.2146916Z         "treatment": "CONTEXTO",
2026-09-09T20:38:16.2147110Z         "field": "excluded",
2026-09-09T20:38:16.2147307Z         "expected": "MATRIZ_CONTENIDO",
2026-09-09T20:38:16.2147521Z         "actual": "MATRIZ_CONTENIDO"
2026-09-09T20:38:16.2147712Z       },
2026-09-09T20:38:16.2147854Z       {
2026-09-09T20:38:16.2148011Z         "treatment": "CONTEXTO",
2026-09-09T20:38:16.2148200Z         "field": "responsible",
2026-09-09T20:38:16.2148406Z         "expected": "MATRIZ_CONTENIDO",
2026-09-09T20:38:16.2148733Z         "actual": "MATRIZ_CONTENIDO"
2026-09-09T20:38:16.2148923Z       },
2026-09-09T20:38:16.2149080Z       {
2026-09-09T20:38:16.2149244Z         "treatment": "CONTEXTO",
2026-09-09T20:38:16.2149447Z         "field": "stage",
2026-09-09T20:38:16.2149642Z         "expected": "MATRIZ_CONTENIDO",
2026-09-09T20:38:16.2149858Z         "actual": "MATRIZ_CONTENIDO"
2026-09-09T20:38:16.2150051Z       },
2026-09-09T20:38:16.2150201Z       {
2026-09-09T20:38:16.2150356Z         "treatment": "CONTEXTO",
2026-09-09T20:38:16.2150567Z         "field": "reentry_condition",
2026-09-09T20:38:16.2150780Z         "expected": "MATRIZ_CONTENIDO",
2026-09-09T20:38:16.2150982Z         "actual": "MATRIZ_CONTENIDO"
2026-09-09T20:38:16.2151174Z       },
2026-09-09T20:38:16.2151319Z       {
2026-09-09T20:38:16.2151471Z         "treatment": "CONTEXTO",
2026-09-09T20:38:16.2151664Z         "field": "evidence",
2026-09-09T20:38:16.2151859Z         "expected": "MATRIZ_CONTENIDO",
2026-09-09T20:38:16.2152064Z         "actual": "MATRIZ_CONTENIDO"
2026-09-09T20:38:16.2152250Z       },
2026-09-09T20:38:16.2152665Z       {
2026-09-09T20:38:16.2152846Z         "treatment": "CLINICA",
2026-09-09T20:38:16.2153046Z         "field": "operation",
2026-09-09T20:38:16.2153248Z         "expected": "MATRIZ_CONTENIDO",
2026-09-09T20:38:16.2153457Z         "actual": "MATRIZ_CONTENIDO"
2026-09-09T20:38:16.2153648Z       },
2026-09-09T20:38:16.2153799Z       {
2026-09-09T20:38:16.2153957Z         "treatment": "CLINICA",
2026-09-09T20:38:16.2154155Z         "field": "contract",
2026-09-09T20:38:16.2154349Z         "expected": "MATRIZ_CONTENIDO",
2026-09-09T20:38:16.2154557Z         "actual": "MATRIZ_CONTENIDO"
2026-09-09T20:38:16.2154748Z       },
2026-09-09T20:38:16.2154902Z       {
2026-09-09T20:38:16.2155061Z         "treatment": "CLINICA",
2026-09-09T20:38:16.2155259Z         "field": "available",
2026-09-09T20:38:16.2155615Z         "expected": "MATRIZ_CONTENIDO",
2026-09-09T20:38:16.2155834Z         "actual": "MATRIZ_CONTENIDO"
2026-09-09T20:38:16.2156029Z       },
2026-09-09T20:38:16.2156179Z       {
2026-09-09T20:38:16.2156340Z         "treatment": "CLINICA",
2026-09-09T20:38:16.2156542Z         "field": "excluded",
2026-09-09T20:38:16.2156745Z         "expected": "MATRIZ_CONTENIDO",
2026-09-09T20:38:16.2156959Z         "actual": "MATRIZ_CONTENIDO"
2026-09-09T20:38:16.2157157Z       },
2026-09-09T20:38:16.2157303Z       {
2026-09-09T20:38:16.2157450Z         "treatment": "CLINICA",
2026-09-09T20:38:16.2157648Z         "field": "responsible",
2026-09-09T20:38:16.2157847Z         "expected": "MATRIZ_CONTENIDO",
2026-09-09T20:38:16.2158063Z         "actual": "MATRIZ_CONTENIDO"
2026-09-09T20:38:16.2158257Z       },
2026-09-09T20:38:16.2158404Z       {
2026-09-09T20:38:16.2158557Z         "treatment": "CLINICA",
2026-09-09T20:38:16.2158748Z         "field": "stage",
2026-09-09T20:38:16.2158936Z         "expected": "MATRIZ_CONTENIDO",
2026-09-09T20:38:16.2159147Z         "actual": "MATRIZ_CONTENIDO"
2026-09-09T20:38:16.2159349Z       },
2026-09-09T20:38:16.2159495Z       {
2026-09-09T20:38:16.2159647Z         "treatment": "CLINICA",
2026-09-09T20:38:16.2159848Z         "field": "reentry_condition",
2026-09-09T20:38:16.2160056Z         "expected": "MATRIZ_CONTENIDO",
2026-09-09T20:38:16.2160259Z         "actual": "MATRIZ_CONTENIDO"
2026-09-09T20:38:16.2160449Z       },
2026-09-09T20:38:16.2160591Z       {
2026-09-09T20:38:16.2160745Z         "treatment": "CLINICA",
2026-09-09T20:38:16.2160996Z         "field": "evidence",
2026-09-09T20:38:16.2161188Z         "expected": "MATRIZ_CONTENIDO",
2026-09-09T20:38:16.2161400Z         "actual": "MATRIZ_CONTENIDO"
2026-09-09T20:38:16.2161595Z       },
2026-09-09T20:38:16.2161741Z       {
2026-09-09T20:38:16.2161897Z         "treatment": "AUTORIDAD",
2026-09-09T20:38:16.2162097Z         "field": "operation",
2026-09-09T20:38:16.2162304Z         "expected": "MATRIZ_CONTENIDO",
2026-09-09T20:38:16.2162687Z         "actual": "MATRIZ_CONTENIDO"
2026-09-09T20:38:16.2162886Z       },
2026-09-09T20:38:16.2163039Z       {
2026-09-09T20:38:16.2163196Z         "treatment": "AUTORIDAD",
2026-09-09T20:38:16.2163397Z         "field": "contract",
2026-09-09T20:38:16.2163600Z         "expected": "MATRIZ_CONTENIDO",
2026-09-09T20:38:16.2163820Z         "actual": "MATRIZ_CONTENIDO"
2026-09-09T20:38:16.2164015Z       },
2026-09-09T20:38:16.2164161Z       {
2026-09-09T20:38:16.2164315Z         "treatment": "AUTORIDAD",
2026-09-09T20:38:16.2164514Z         "field": "available",
2026-09-09T20:38:16.2164711Z         "expected": "MATRIZ_CONTENIDO",
2026-09-09T20:38:16.2164918Z         "actual": "MATRIZ_CONTENIDO"
2026-09-09T20:38:16.2165115Z       },
2026-09-09T20:38:16.2165261Z       {
2026-09-09T20:38:16.2165423Z         "treatment": "AUTORIDAD",
2026-09-09T20:38:16.2165624Z         "field": "excluded",
2026-09-09T20:38:16.2165822Z         "expected": "MATRIZ_CONTENIDO",
2026-09-09T20:38:16.2166028Z         "actual": "MATRIZ_CONTENIDO"
2026-09-09T20:38:16.2166220Z       },
2026-09-09T20:38:16.2166364Z       {
2026-09-09T20:38:16.2166527Z         "treatment": "AUTORIDAD",
2026-09-09T20:38:16.2166728Z         "field": "responsible",
2026-09-09T20:38:16.2166931Z         "expected": "MATRIZ_CONTENIDO",
2026-09-09T20:38:16.2167137Z         "actual": "MATRIZ_CONTENIDO"
2026-09-09T20:38:16.2167325Z       },
2026-09-09T20:38:16.2167472Z       {
2026-09-09T20:38:16.2167629Z         "treatment": "AUTORIDAD",
2026-09-09T20:38:16.2167820Z         "field": "stage",
2026-09-09T20:38:16.2168020Z         "expected": "MATRIZ_CONTENIDO",
2026-09-09T20:38:16.2168221Z         "actual": "MATRIZ_CONTENIDO"
2026-09-09T20:38:16.2168410Z       },
2026-09-09T20:38:16.2168552Z       {
2026-09-09T20:38:16.2168710Z         "treatment": "AUTORIDAD",
2026-09-09T20:38:16.2168912Z         "field": "reentry_condition",
2026-09-09T20:38:16.2169124Z         "expected": "MATRIZ_CONTENIDO",
2026-09-09T20:38:16.2169329Z         "actual": "MATRIZ_CONTENIDO"
2026-09-09T20:38:16.2169592Z       },
2026-09-09T20:38:16.2169743Z       {
2026-09-09T20:38:16.2169902Z         "treatment": "AUTORIDAD",
2026-09-09T20:38:16.2170103Z         "field": "evidence",
2026-09-09T20:38:16.2170306Z         "expected": "MATRIZ_CONTENIDO",
2026-09-09T20:38:16.2170516Z         "actual": "MATRIZ_CONTENIDO"
2026-09-09T20:38:16.2170706Z       },
2026-09-09T20:38:16.2170853Z       {
2026-09-09T20:38:16.2171016Z         "treatment": "CRITICIDAD",
2026-09-09T20:38:16.2171221Z         "field": "operation",
2026-09-09T20:38:16.2171419Z         "expected": "MATRIZ_CONTENIDO",
2026-09-09T20:38:16.2171631Z         "actual": "MATRIZ_CONTENIDO"
2026-09-09T20:38:16.2171810Z       },
2026-09-09T20:38:16.2172093Z       {
2026-09-09T20:38:16.2172255Z         "treatment": "CRITICIDAD",
2026-09-09T20:38:16.2172619Z         "field": "contract",
2026-09-09T20:38:16.2172837Z         "expected": "MATRIZ_CONTENIDO",
2026-09-09T20:38:16.2173064Z         "actual": "MATRIZ_CONTENIDO"
2026-09-09T20:38:16.2173266Z       },
2026-09-09T20:38:16.2173425Z       {
2026-09-09T20:38:16.2173587Z         "treatment": "CRITICIDAD",
2026-09-09T20:38:16.2173788Z         "field": "available",
2026-09-09T20:38:16.2173991Z         "expected": "MATRIZ_CONTENIDO",
2026-09-09T20:38:16.2174203Z         "actual": "MATRIZ_CONTENIDO"
2026-09-09T20:38:16.2174396Z       },
2026-09-09T20:38:16.2174547Z       {
2026-09-09T20:38:16.2174715Z         "treatment": "CRITICIDAD",
2026-09-09T20:38:16.2174913Z         "field": "excluded",
2026-09-09T20:38:16.2175104Z         "expected": "MATRIZ_CONTENIDO",
2026-09-09T20:38:16.2175398Z         "actual": "MATRIZ_CONTENIDO"
2026-09-09T20:38:16.2175588Z       },
2026-09-09T20:38:16.2175734Z       {
2026-09-09T20:38:16.2175891Z         "treatment": "CRITICIDAD",
2026-09-09T20:38:16.2176093Z         "field": "responsible",
2026-09-09T20:38:16.2176298Z         "expected": "MATRIZ_CONTENIDO",
2026-09-09T20:38:16.2176509Z         "actual": "MATRIZ_CONTENIDO"
2026-09-09T20:38:16.2176700Z       },
2026-09-09T20:38:16.2176854Z       {
2026-09-09T20:38:16.2177013Z         "treatment": "CRITICIDAD",
2026-09-09T20:38:16.2177208Z         "field": "stage",
2026-09-09T20:38:16.2177397Z         "expected": "MATRIZ_CONTENIDO",
2026-09-09T20:38:16.2177603Z         "actual": "MATRIZ_CONTENIDO"
2026-09-09T20:38:16.2177797Z       },
2026-09-09T20:38:16.2177937Z       {
2026-09-09T20:38:16.2178090Z         "treatment": "CRITICIDAD",
2026-09-09T20:38:16.2178288Z         "field": "reentry_condition",
2026-09-09T20:38:16.2178488Z         "expected": "MATRIZ_CONTENIDO",
2026-09-09T20:38:16.2178695Z         "actual": "MATRIZ_CONTENIDO"
2026-09-09T20:38:16.2178886Z       },
2026-09-09T20:38:16.2179042Z       {
2026-09-09T20:38:16.2179200Z         "treatment": "CRITICIDAD",
2026-09-09T20:38:16.2179400Z         "field": "evidence",
2026-09-09T20:38:16.2179597Z         "expected": "MATRIZ_CONTENIDO",
2026-09-09T20:38:16.2179791Z         "actual": "MATRIZ_CONTENIDO"
2026-09-09T20:38:16.2179969Z       },
2026-09-09T20:38:16.2180097Z       {
2026-09-09T20:38:16.2180242Z         "treatment": "RESUMEN",
2026-09-09T20:38:16.2180437Z         "field": "operation",
2026-09-09T20:38:16.2180639Z         "expected": "MATRIZ_CONTENIDO",
2026-09-09T20:38:16.2180851Z         "actual": "MATRIZ_CONTENIDO"
2026-09-09T20:38:16.2181058Z       },
2026-09-09T20:38:16.2181203Z       {
2026-09-09T20:38:16.2181357Z         "treatment": "RESUMEN",
2026-09-09T20:38:16.2181549Z         "field": "contract",
2026-09-09T20:38:16.2181744Z         "expected": "MATRIZ_CONTENIDO",
2026-09-09T20:38:16.2181951Z         "actual": "MATRIZ_CONTENIDO"
2026-09-09T20:38:16.2182142Z       },
2026-09-09T20:38:16.2182288Z       {
2026-09-09T20:38:16.2182605Z         "treatment": "RESUMEN",
2026-09-09T20:38:16.2182823Z         "field": "available",
2026-09-09T20:38:16.2183025Z         "expected": "MATRIZ_CONTENIDO",
2026-09-09T20:38:16.2183239Z         "actual": "MATRIZ_CONTENIDO"
2026-09-09T20:38:16.2183444Z       },
2026-09-09T20:38:16.2183590Z       {
2026-09-09T20:38:16.2183746Z         "treatment": "RESUMEN",
2026-09-09T20:38:16.2184028Z         "field": "excluded",
2026-09-09T20:38:16.2184218Z         "expected": "MATRIZ_CONTENIDO",
2026-09-09T20:38:16.2184429Z         "actual": "MATRIZ_CONTENIDO"
2026-09-09T20:38:16.2184618Z       },
2026-09-09T20:38:16.2184762Z       {
2026-09-09T20:38:16.2184915Z         "treatment": "RESUMEN",
2026-09-09T20:38:16.2185117Z         "field": "responsible",
2026-09-09T20:38:16.2185317Z         "expected": "MATRIZ_CONTENIDO",
2026-09-09T20:38:16.2185538Z         "actual": "MATRIZ_CONTENIDO"
2026-09-09T20:38:16.2185734Z       },
2026-09-09T20:38:16.2185880Z       {
2026-09-09T20:38:16.2186033Z         "treatment": "RESUMEN",
2026-09-09T20:38:16.2186222Z         "field": "stage",
2026-09-09T20:38:16.2186410Z         "expected": "MATRIZ_CONTENIDO",
2026-09-09T20:38:16.2186625Z         "actual": "MATRIZ_CONTENIDO"
2026-09-09T20:38:16.2186818Z       },
2026-09-09T20:38:16.2186967Z       {
2026-09-09T20:38:16.2187122Z         "treatment": "RESUMEN",
2026-09-09T20:38:16.2187325Z         "field": "reentry_condition",
2026-09-09T20:38:16.2187539Z         "expected": "MATRIZ_CONTENIDO",
2026-09-09T20:38:16.2187751Z         "actual": "MATRIZ_CONTENIDO"
2026-09-09T20:38:16.2187941Z       },
2026-09-09T20:38:16.2188083Z       {
2026-09-09T20:38:16.2188243Z         "treatment": "RESUMEN",
2026-09-09T20:38:16.2188436Z         "field": "evidence",
2026-09-09T20:38:16.2188631Z         "expected": "MATRIZ_CONTENIDO",
2026-09-09T20:38:16.2188837Z         "actual": "MATRIZ_CONTENIDO"
2026-09-09T20:38:16.2189034Z       },
2026-09-09T20:38:16.2189243Z       {
2026-09-09T20:38:16.2189399Z         "treatment": "SALIDA",
2026-09-09T20:38:16.2189603Z         "field": "operation",
2026-09-09T20:38:16.2189811Z         "expected": "MATRIZ_CONTENIDO",
2026-09-09T20:38:16.2190023Z         "actual": "MATRIZ_CONTENIDO"
2026-09-09T20:38:16.2190221Z       },
2026-09-09T20:38:16.2190370Z       {
2026-09-09T20:38:16.2190524Z         "treatment": "SALIDA",
2026-09-09T20:38:16.2190715Z         "field": "contract",
2026-09-09T20:38:16.2190911Z         "expected": "MATRIZ_CONTENIDO",
2026-09-09T20:38:16.2191116Z         "actual": "MATRIZ_CONTENIDO"
2026-09-09T20:38:16.2191306Z       },
2026-09-09T20:38:16.2191446Z       {
2026-09-09T20:38:16.2191598Z         "treatment": "SALIDA",
2026-09-09T20:38:16.2191852Z         "field": "available",
2026-09-09T20:38:16.2192058Z         "expected": "MATRIZ_CONTENIDO",
2026-09-09T20:38:16.2192265Z         "actual": "MATRIZ_CONTENIDO"
2026-09-09T20:38:16.2192660Z       },
2026-09-09T20:38:16.2192814Z       {
2026-09-09T20:38:16.2192979Z         "treatment": "SALIDA",
2026-09-09T20:38:16.2193171Z         "field": "excluded",
2026-09-09T20:38:16.2193370Z         "expected": "MATRIZ_CONTENIDO",
2026-09-09T20:38:16.2193583Z         "actual": "MATRIZ_CONTENIDO"
2026-09-09T20:38:16.2193778Z       },
2026-09-09T20:38:16.2193926Z       {
2026-09-09T20:38:16.2194080Z         "treatment": "SALIDA",
2026-09-09T20:38:16.2194284Z         "field": "responsible",
2026-09-09T20:38:16.2194489Z         "expected": "MATRIZ_CONTENIDO",
2026-09-09T20:38:16.2194703Z         "actual": "MATRIZ_CONTENIDO"
2026-09-09T20:38:16.2194892Z       },
2026-09-09T20:38:16.2195796Z       {
2026-09-09T20:38:16.2195993Z         "treatment": "SALIDA",
2026-09-09T20:38:16.2196198Z         "field": "stage",
2026-09-09T20:38:16.2196393Z         "expected": "MATRIZ_CONTENIDO",
2026-09-09T20:38:16.2196604Z         "actual": "MATRIZ_CONTENIDO"
2026-09-09T20:38:16.2196800Z       },
2026-09-09T20:38:16.2196953Z       {
2026-09-09T20:38:16.2197115Z         "treatment": "SALIDA",
2026-09-09T20:38:16.2197328Z         "field": "reentry_condition",
2026-09-09T20:38:16.2197543Z         "expected": "MATRIZ_CONTENIDO",
2026-09-09T20:38:16.2197753Z         "actual": "MATRIZ_CONTENIDO"
2026-09-09T20:38:16.2197942Z       },
2026-09-09T20:38:16.2198089Z       {
2026-09-09T20:38:16.2198245Z         "treatment": "SALIDA",
2026-09-09T20:38:16.2198436Z         "field": "evidence",
2026-09-09T20:38:16.2198629Z         "expected": "MATRIZ_CONTENIDO",
2026-09-09T20:38:16.2198934Z         "actual": "MATRIZ_CONTENIDO"
2026-09-09T20:38:16.2199130Z       },
2026-09-09T20:38:16.2199279Z       {
2026-09-09T20:38:16.2199449Z         "treatment": "FALLO",
2026-09-09T20:38:16.2199646Z         "field": "operation",
2026-09-09T20:38:16.2199883Z         "expected": "MATRIZ_CONTENIDO",
2026-09-09T20:38:16.2200089Z         "actual": "MATRIZ_CONTENIDO"
2026-09-09T20:38:16.2200278Z       },
2026-09-09T20:38:16.2200427Z       {
2026-09-09T20:38:16.2200580Z         "treatment": "FALLO",
2026-09-09T20:38:16.2200770Z         "field": "contract",
2026-09-09T20:38:16.2200963Z         "expected": "MATRIZ_CONTENIDO",
2026-09-09T20:38:16.2201177Z         "actual": "MATRIZ_CONTENIDO"
2026-09-09T20:38:16.2201374Z       },
2026-09-09T20:38:16.2201511Z       {
2026-09-09T20:38:16.2201664Z         "treatment": "FALLO",
2026-09-09T20:38:16.2201857Z         "field": "available",
2026-09-09T20:38:16.2202057Z         "expected": "MATRIZ_CONTENIDO",
2026-09-09T20:38:16.2202269Z         "actual": "MATRIZ_CONTENIDO"
2026-09-09T20:38:16.2202609Z       },
2026-09-09T20:38:16.2202763Z       {
2026-09-09T20:38:16.2202922Z         "treatment": "FALLO",
2026-09-09T20:38:16.2203115Z         "field": "excluded",
2026-09-09T20:38:16.2203311Z         "expected": "MATRIZ_CONTENIDO",
2026-09-09T20:38:16.2203524Z         "actual": "MATRIZ_CONTENIDO"
2026-09-09T20:38:16.2203722Z       },
2026-09-09T20:38:16.2203877Z       {
2026-09-09T20:38:16.2204031Z         "treatment": "FALLO",
2026-09-09T20:38:16.2204223Z         "field": "responsible",
2026-09-09T20:38:16.2204506Z         "expected": "MATRIZ_CONTENIDO",
2026-09-09T20:38:16.2204721Z         "actual": "MATRIZ_CONTENIDO"
2026-09-09T20:38:16.2204909Z       },
2026-09-09T20:38:16.2205069Z       {
2026-09-09T20:38:16.2205222Z         "treatment": "FALLO",
2026-09-09T20:38:16.2205411Z         "field": "stage",
2026-09-09T20:38:16.2205600Z         "expected": "MATRIZ_CONTENIDO",
2026-09-09T20:38:16.2205809Z         "actual": "MATRIZ_CONTENIDO"
2026-09-09T20:38:16.2206009Z       },
2026-09-09T20:38:16.2206161Z       {
2026-09-09T20:38:16.2206315Z         "treatment": "FALLO",
2026-09-09T20:38:16.2206512Z         "field": "reentry_condition",
2026-09-09T20:38:16.2206717Z         "expected": "MATRIZ_CONTENIDO",
2026-09-09T20:38:16.2206929Z         "actual": "MATRIZ_CONTENIDO"
2026-09-09T20:38:16.2207200Z       },
2026-09-09T20:38:16.2207357Z       {
2026-09-09T20:38:16.2207510Z         "treatment": "FALLO",
2026-09-09T20:38:16.2207699Z         "field": "evidence",
2026-09-09T20:38:16.2207899Z         "expected": "MATRIZ_CONTENIDO",
2026-09-09T20:38:16.2208112Z         "actual": "MATRIZ_CONTENIDO"
2026-09-09T20:38:16.2208313Z       },
2026-09-09T20:38:16.2208458Z       {
2026-09-09T20:38:16.2208618Z         "treatment": "REPRODUCCION",
2026-09-09T20:38:16.2208822Z         "field": "operation",
2026-09-09T20:38:16.2209018Z         "expected": "MATRIZ_CONTENIDO",
2026-09-09T20:38:16.2209227Z         "actual": "MATRIZ_CONTENIDO"
2026-09-09T20:38:16.2209413Z       },
2026-09-09T20:38:16.2209563Z       {
2026-09-09T20:38:16.2209720Z         "treatment": "REPRODUCCION",
2026-09-09T20:38:16.2209919Z         "field": "contract",
2026-09-09T20:38:16.2210116Z         "expected": "MATRIZ_CONTENIDO",
2026-09-09T20:38:16.2210333Z         "actual": "MATRIZ_CONTENIDO"
2026-09-09T20:38:16.2210527Z       },
2026-09-09T20:38:16.2210674Z       {
2026-09-09T20:38:16.2210834Z         "treatment": "REPRODUCCION",
2026-09-09T20:38:16.2211037Z         "field": "available",
2026-09-09T20:38:16.2211234Z         "expected": "MATRIZ_CONTENIDO",
2026-09-09T20:38:16.2211449Z         "actual": "MATRIZ_CONTENIDO"
2026-09-09T20:38:16.2211643Z       },
2026-09-09T20:38:16.2211790Z       {
2026-09-09T20:38:16.2211950Z         "treatment": "REPRODUCCION",
2026-09-09T20:38:16.2212152Z         "field": "excluded",
2026-09-09T20:38:16.2212344Z         "expected": "MATRIZ_CONTENIDO",
2026-09-09T20:38:16.2212858Z         "actual": "MATRIZ_CONTENIDO"
2026-09-09T20:38:16.2213066Z       },
2026-09-09T20:38:16.2213313Z       {
2026-09-09T20:38:16.2213481Z         "treatment": "REPRODUCCION",
2026-09-09T20:38:16.2213695Z         "field": "responsible",
2026-09-09T20:38:16.2213896Z         "expected": "MATRIZ_CONTENIDO",
2026-09-09T20:38:16.2214108Z         "actual": "MATRIZ_CONTENIDO"
2026-09-09T20:38:16.2214305Z       },
2026-09-09T20:38:16.2214450Z       {
2026-09-09T20:38:16.2214608Z         "treatment": "REPRODUCCION",
2026-09-09T20:38:16.2214809Z         "field": "stage",
2026-09-09T20:38:16.2215012Z         "expected": "MATRIZ_CONTENIDO",
2026-09-09T20:38:16.2215220Z         "actual": "MATRIZ_CONTENIDO"
2026-09-09T20:38:16.2215409Z       },
2026-09-09T20:38:16.2215552Z       {
2026-09-09T20:38:16.2215707Z         "treatment": "REPRODUCCION",
2026-09-09T20:38:16.2215921Z         "field": "reentry_condition",
2026-09-09T20:38:16.2216130Z         "expected": "MATRIZ_CONTENIDO",
2026-09-09T20:38:16.2216336Z         "actual": "MATRIZ_CONTENIDO"
2026-09-09T20:38:16.2216521Z       },
2026-09-09T20:38:16.2216664Z       {
2026-09-09T20:38:16.2216825Z         "treatment": "REPRODUCCION",
2026-09-09T20:38:16.2217027Z         "field": "evidence",
2026-09-09T20:38:16.2217221Z         "expected": "MATRIZ_CONTENIDO",
2026-09-09T20:38:16.2217422Z         "actual": "MATRIZ_CONTENIDO"
2026-09-09T20:38:16.2217613Z       },
2026-09-09T20:38:16.2217759Z       {
2026-09-09T20:38:16.2217919Z         "treatment": "SOPORTE",
2026-09-09T20:38:16.2218117Z         "field": "operation",
2026-09-09T20:38:16.2218314Z         "expected": "MATRIZ_CONTENIDO",
2026-09-09T20:38:16.2218587Z         "actual": "MATRIZ_CONTENIDO"
2026-09-09T20:38:16.2218777Z       },
2026-09-09T20:38:16.2218924Z       {
2026-09-09T20:38:16.2219084Z         "treatment": "SOPORTE",
2026-09-09T20:38:16.2219292Z         "field": "contract",
2026-09-09T20:38:16.2219488Z         "expected": "MATRIZ_CONTENIDO",
2026-09-09T20:38:16.2219698Z         "actual": "MATRIZ_CONTENIDO"
2026-09-09T20:38:16.2219887Z       },
2026-09-09T20:38:16.2220030Z       {
2026-09-09T20:38:16.2220189Z         "treatment": "SOPORTE",
2026-09-09T20:38:16.2220383Z         "field": "available",
2026-09-09T20:38:16.2220574Z         "expected": "MATRIZ_CONTENIDO",
2026-09-09T20:38:16.2220785Z         "actual": "MATRIZ_CONTENIDO"
2026-09-09T20:38:16.2220978Z       },
2026-09-09T20:38:16.2221124Z       {
2026-09-09T20:38:16.2221280Z         "treatment": "SOPORTE",
2026-09-09T20:38:16.2221481Z         "field": "excluded",
2026-09-09T20:38:16.2221675Z         "expected": "MATRIZ_CONTENIDO",
2026-09-09T20:38:16.2221880Z         "actual": "MATRIZ_CONTENIDO"
2026-09-09T20:38:16.2222074Z       },
2026-09-09T20:38:16.2222220Z       {
2026-09-09T20:38:16.2222485Z         "treatment": "SOPORTE",
2026-09-09T20:38:16.2222722Z         "field": "responsible",
2026-09-09T20:38:16.2222927Z         "expected": "MATRIZ_CONTENIDO",
2026-09-09T20:38:16.2223134Z         "actual": "MATRIZ_CONTENIDO"
2026-09-09T20:38:16.2223327Z       },
2026-09-09T20:38:16.2223476Z       {
2026-09-09T20:38:16.2223645Z         "treatment": "SOPORTE",
2026-09-09T20:38:16.2223840Z         "field": "stage",
2026-09-09T20:38:16.2224029Z         "expected": "MATRIZ_CONTENIDO",
2026-09-09T20:38:16.2224234Z         "actual": "MATRIZ_CONTENIDO"
2026-09-09T20:38:16.2224422Z       },
2026-09-09T20:38:16.2224564Z       {
2026-09-09T20:38:16.2224719Z         "treatment": "SOPORTE",
2026-09-09T20:38:16.2224917Z         "field": "reentry_condition",
2026-09-09T20:38:16.2225125Z         "expected": "MATRIZ_CONTENIDO",
2026-09-09T20:38:16.2225329Z         "actual": "MATRIZ_CONTENIDO"
2026-09-09T20:38:16.2225524Z       },
2026-09-09T20:38:16.2225671Z       {
2026-09-09T20:38:16.2225838Z         "treatment": "SOPORTE",
2026-09-09T20:38:16.2226031Z         "field": "evidence",
2026-09-09T20:38:16.2226222Z         "expected": "MATRIZ_CONTENIDO",
2026-09-09T20:38:16.2226431Z         "actual": "MATRIZ_CONTENIDO"
2026-09-09T20:38:16.2226619Z       },
2026-09-09T20:38:16.2226765Z       {
2026-09-09T20:38:16.2226921Z         "treatment": "CONSTITUCION",
2026-09-09T20:38:16.2227206Z         "field": "operation",
2026-09-09T20:38:16.2227409Z         "expected": "MATRIZ_CONTENIDO",
2026-09-09T20:38:16.2227623Z         "actual": "MATRIZ_CONTENIDO"
2026-09-09T20:38:16.2227814Z       },
2026-09-09T20:38:16.2227973Z       {
2026-09-09T20:38:16.2228131Z         "treatment": "CONSTITUCION",
2026-09-09T20:38:16.2228337Z         "field": "contract",
2026-09-09T20:38:16.2228537Z         "expected": "MATRIZ_CONTENIDO",
2026-09-09T20:38:16.2228749Z         "actual": "MATRIZ_CONTENIDO"
2026-09-09T20:38:16.2228941Z       },
2026-09-09T20:38:16.2229090Z       {
2026-09-09T20:38:16.2229246Z         "treatment": "CONSTITUCION",
2026-09-09T20:38:16.2229445Z         "field": "available",
2026-09-09T20:38:16.2229643Z         "expected": "MATRIZ_CONTENIDO",
2026-09-09T20:38:16.2229850Z         "actual": "MATRIZ_CONTENIDO"
2026-09-09T20:38:16.2230043Z       },
2026-09-09T20:38:16.2230179Z       {
2026-09-09T20:38:16.2230336Z         "treatment": "CONSTITUCION",
2026-09-09T20:38:16.2230538Z         "field": "excluded",
2026-09-09T20:38:16.2230735Z         "expected": "MATRIZ_CONTENIDO",
2026-09-09T20:38:16.2230944Z         "actual": "MATRIZ_CONTENIDO"
2026-09-09T20:38:16.2231134Z       },
2026-09-09T20:38:16.2231275Z       {
2026-09-09T20:38:16.2231427Z         "treatment": "CONSTITUCION",
2026-09-09T20:38:16.2231626Z         "field": "responsible",
2026-09-09T20:38:16.2231821Z         "expected": "MATRIZ_CONTENIDO",
2026-09-09T20:38:16.2232018Z         "actual": "MATRIZ_CONTENIDO"
2026-09-09T20:38:16.2232213Z       },
2026-09-09T20:38:16.2232628Z       {
2026-09-09T20:38:16.2232799Z         "treatment": "CONSTITUCION",
2026-09-09T20:38:16.2233003Z         "field": "stage",
2026-09-09T20:38:16.2233193Z         "expected": "MATRIZ_CONTENIDO",
2026-09-09T20:38:16.2233399Z         "actual": "MATRIZ_CONTENIDO"
2026-09-09T20:38:16.2233591Z       },
2026-09-09T20:38:16.2233737Z       {
2026-09-09T20:38:16.2233892Z         "treatment": "CONSTITUCION",
2026-09-09T20:38:16.2234100Z         "field": "reentry_condition",
2026-09-09T20:38:16.2234312Z         "expected": "MATRIZ_CONTENIDO",
2026-09-09T20:38:16.2234527Z         "actual": "MATRIZ_CONTENIDO"
2026-09-09T20:38:16.2234718Z       },
2026-09-09T20:38:16.2234865Z       {
2026-09-09T20:38:16.2235022Z         "treatment": "CONSTITUCION",
2026-09-09T20:38:16.2235222Z         "field": "evidence",
2026-09-09T20:38:16.2235414Z         "expected": "MATRIZ_CONTENIDO",
2026-09-09T20:38:16.2235621Z         "actual": "MATRIZ_CONTENIDO"
2026-09-09T20:38:16.2235810Z       },
2026-09-09T20:38:16.2235952Z       {
2026-09-09T20:38:16.2236112Z         "treatment": "PERIMETRO",
2026-09-09T20:38:16.2236321Z         "field": "operation",
2026-09-09T20:38:16.2236535Z         "expected": "MATRIZ_CONTENIDO",
2026-09-09T20:38:16.2236751Z         "actual": "MATRIZ_CONTENIDO"
2026-09-09T20:38:16.2236939Z       },
2026-09-09T20:38:16.2237243Z       {
2026-09-09T20:38:16.2237627Z         "treatment": "PERIMETRO",
2026-09-09T20:38:16.2237846Z         "field": "contract",
2026-09-09T20:38:16.2238052Z         "expected": "MATRIZ_CONTENIDO",
2026-09-09T20:38:16.2238259Z         "actual": "MATRIZ_CONTENIDO"
2026-09-09T20:38:16.2238454Z       },
2026-09-09T20:38:16.2238599Z       {
2026-09-09T20:38:16.2238756Z         "treatment": "PERIMETRO",
2026-09-09T20:38:16.2238954Z         "field": "available",
2026-09-09T20:38:16.2239157Z         "expected": "MATRIZ_CONTENIDO",
2026-09-09T20:38:16.2239369Z         "actual": "MATRIZ_CONTENIDO"
2026-09-09T20:38:16.2239554Z       },
2026-09-09T20:38:16.2239693Z       {
2026-09-09T20:38:16.2239850Z         "treatment": "PERIMETRO",
2026-09-09T20:38:16.2240048Z         "field": "excluded",
2026-09-09T20:38:16.2240238Z         "expected": "MATRIZ_CONTENIDO",
2026-09-09T20:38:16.2240442Z         "actual": "MATRIZ_CONTENIDO"
2026-09-09T20:38:16.2240625Z       },
2026-09-09T20:38:16.2240764Z       {
2026-09-09T20:38:16.2240914Z         "treatment": "PERIMETRO",
2026-09-09T20:38:16.2241107Z         "field": "responsible",
2026-09-09T20:38:16.2241308Z         "expected": "MATRIZ_CONTENIDO",
2026-09-09T20:38:16.2241656Z         "actual": "MATRIZ_CONTENIDO"
2026-09-09T20:38:16.2241854Z       },
2026-09-09T20:38:16.2242005Z       {
2026-09-09T20:38:16.2242169Z         "treatment": "PERIMETRO",
2026-09-09T20:38:16.2242511Z         "field": "stage",
2026-09-09T20:38:16.2242733Z         "expected": "MATRIZ_CONTENIDO",
2026-09-09T20:38:16.2242948Z         "actual": "MATRIZ_CONTENIDO"
2026-09-09T20:38:16.2243140Z       },
2026-09-09T20:38:16.2243288Z       {
2026-09-09T20:38:16.2243447Z         "treatment": "PERIMETRO",
2026-09-09T20:38:16.2243668Z         "field": "reentry_condition",
2026-09-09T20:38:16.2243880Z         "expected": "MATRIZ_CONTENIDO",
2026-09-09T20:38:16.2244083Z         "actual": "MATRIZ_CONTENIDO"
2026-09-09T20:38:16.2244268Z       },
2026-09-09T20:38:16.2244414Z       {
2026-09-09T20:38:16.2244570Z         "treatment": "PERIMETRO",
2026-09-09T20:38:16.2244767Z         "field": "evidence",
2026-09-09T20:38:16.2244961Z         "expected": "MATRIZ_CONTENIDO",
2026-09-09T20:38:16.2245176Z         "actual": "MATRIZ_CONTENIDO"
2026-09-09T20:38:16.2245366Z       }
2026-09-09T20:38:16.2245512Z     ]
2026-09-09T20:38:16.2245664Z   }
2026-09-09T20:38:16.2245826Z }
2026-09-09T20:38:16.2246112Z 566b002a54c2da3c15eb43b135561728b27dd738874c904cda72a7293f0f209b  fila7-fuentes.tar.gz
2026-09-09T20:38:16.2293940Z Node 20 is being deprecated. This workflow is running with Node 24 by default. If you need to temporarily use Node 20, you can set the ACTIONS_ALLOW_USE_UNSECURE_NODE_VERSION=true environment variable. For more information see: https://github.blog/changelog/2025-09-19-deprecation-of-node-20-on-github-actions-runners/
2026-09-09T20:38:16.2296104Z ##[group]Run actions/upload-artifact@v4
2026-09-09T20:38:16.2296335Z with:
2026-09-09T20:38:16.2296525Z   name: fila7-candidata-sin-interpretes
2026-09-09T20:38:16.2296756Z   if-no-files-found: error
2026-09-09T20:38:16.2296955Z   retention-days: 90
2026-09-09T20:38:16.2297397Z   path: artifacts/fila7/*.txt
artifacts/fila7/*.json
artifacts/fila7/*.log
artifacts/fila7/paquete/fila7-fuentes.tar.gz*
artifacts/fila7/ejecucion/

2026-09-09T20:38:16.2297873Z   compression-level: 6
2026-09-09T20:38:16.2298057Z   overwrite: false
2026-09-09T20:38:16.2298249Z   include-hidden-files: false
2026-09-09T20:38:16.2298443Z ##[endgroup]
2026-09-09T20:38:16.3629292Z (node:14471) [DEP0040] DeprecationWarning: The `punycode` module is deprecated. Please use a userland alternative instead.
2026-09-09T20:38:16.3629859Z (Use `node --trace-deprecation ...` to show where the warning was created)
2026-09-09T20:38:16.3729485Z With the provided path, there will be 20 files uploaded
2026-09-09T20:38:16.3734600Z Artifact name is valid!
2026-09-09T20:38:16.3735023Z Root directory input is valid!
2026-09-09T20:38:16.6309614Z Beginning upload of artifact content to blob storage
2026-09-09T20:38:16.6984278Z (node:14471) [DEP0169] DeprecationWarning: `url.parse()` behavior is not standardized and prone to errors that have security implications. Use the WHATWG URL API instead. CVEs are not issued for `url.parse()` vulnerabilities.
2026-09-09T20:38:17.0655635Z Uploaded bytes 701604
2026-09-09T20:38:17.1120734Z Finished uploading artifact content to blob storage!
2026-09-09T20:38:17.1121299Z SHA256 digest of uploaded artifact zip is 4631096ebc63ba329145e97ec6cccd94ad3d8136f3d9fc6e25c599f71c787dd7
2026-09-09T20:38:17.1122743Z Finalizing artifact upload
2026-09-09T20:38:17.3025017Z Artifact fila7-candidata-sin-interpretes.zip successfully finalized. Artifact ID 10123898830
2026-09-09T20:38:17.3025694Z Artifact fila7-candidata-sin-interpretes has been successfully uploaded! Final size is 701604 bytes. Artifact ID is 10123898830
2026-09-09T20:38:17.3030653Z Artifact download URL: https://github.com/juantoniolloretegea/SV-lenguaje-de-computacion/actions/runs/34402105070/artifacts/10123898830
2026-09-09T20:38:17.3182828Z Node 20 is being deprecated. This workflow is running with Node 24 by default. If you need to temporarily use Node 20, you can set the ACTIONS_ALLOW_USE_UNSECURE_NODE_VERSION=true environment variable. For more information see: https://github.blog/changelog/2025-09-19-deprecation-of-node-20-on-github-actions-runners/
2026-09-09T20:38:17.3183728Z Post job cleanup.
2026-09-09T20:38:17.3835730Z [command]/usr/bin/git version
2026-09-09T20:38:17.3866524Z git version 2.55.0
2026-09-09T20:38:17.3892739Z Temporarily overriding HOME='/home/runner/work/_temp/6564f302-ae71-4c77-b642-06b3e90c0a64' before making global git config changes
2026-09-09T20:38:17.3893762Z Adding repository directory to the temporary git global config as a safe directory
2026-09-09T20:38:17.3896288Z [command]/usr/bin/git config --global --add safe.directory /home/runner/work/SV-lenguaje-de-computacion/SV-lenguaje-de-computacion
2026-09-09T20:38:17.3927038Z [command]/usr/bin/git config --local --name-only --get-regexp core\.sshCommand
2026-09-09T20:38:17.3953149Z [command]/usr/bin/git submodule foreach --recursive sh -c "git config --local --name-only --get-regexp 'core\.sshCommand' && git config --local --unset-all 'core.sshCommand' || :"
2026-09-09T20:38:17.4121405Z [command]/usr/bin/git config --local --name-only --get-regexp http\.https\:\/\/github\.com\/\.extraheader
2026-09-09T20:38:17.4145907Z http.https://github.com/.extraheader
2026-09-09T20:38:17.4154690Z [command]/usr/bin/git config --local --unset-all http.https://github.com/.extraheader
2026-09-09T20:38:17.4180241Z [command]/usr/bin/git submodule foreach --recursive sh -c "git config --local --name-only --get-regexp 'http\.https\:\/\/github\.com\/\.extraheader' && git config --local --unset-all 'http.https://github.com/.extraheader' || :"
2026-09-09T20:38:17.4356229Z [command]/usr/bin/git config --local --name-only --get-regexp ^includeIf\.gitdir:
2026-09-09T20:38:17.4382714Z [command]/usr/bin/git submodule foreach --recursive git config --local --show-origin --name-only --get-regexp remote.origin.url
2026-09-09T20:38:17.4687297Z Cleaning up orphan processes
2026-09-09T20:38:17.4877926Z ##[warning]Node.js 20 is deprecated. The following actions target Node.js 20 but are being forced to run on Node.js 24: actions/checkout@v4, actions/upload-artifact@v4. For more information see: https://github.blog/changelog/2025-09-19-deprecation-of-node-20-on-github-actions-runners/
