2026-09-09T20:37:02.6387738Z Current runner version: '2.337.0'
2026-09-09T20:37:02.6414737Z ##[group]Runner Image Provisioner
2026-09-09T20:37:02.6415680Z Hosted Compute Agent
2026-09-09T20:37:02.6416323Z Version: 20260828.587
2026-09-09T20:37:02.6417069Z Commit: abac92662cab4cc7352de4f9f9d2e2419aad9c29
2026-09-09T20:37:02.6417846Z Build Date: 2026-08-28T16:44:25Z
2026-09-09T20:37:02.6418601Z Worker ID: {4b09828d-15a4-4637-8bf6-cada5fc030ed}
2026-09-09T20:37:02.6419369Z Azure Region: eastus2
2026-09-09T20:37:02.6420014Z ##[endgroup]
2026-09-09T20:37:02.6421815Z ##[group]Operating System
2026-09-09T20:37:02.6422484Z Ubuntu
2026-09-09T20:37:02.6423148Z 24.04.5
2026-09-09T20:37:02.6423730Z LTS
2026-09-09T20:37:02.6424312Z ##[endgroup]
2026-09-09T20:37:02.6424949Z ##[group]Runner Image
2026-09-09T20:37:02.6425586Z Image: ubuntu-24.04
2026-09-09T20:37:02.6426169Z Version: 20260907.300.1
2026-09-09T20:37:02.6427566Z Included Software: https://github.com/actions/runner-images/blob/ubuntu24/20260907.300/images/ubuntu/Ubuntu2404-Readme.md
2026-09-09T20:37:02.6429272Z Image Release: https://github.com/actions/runner-images/releases/tag/ubuntu24%2F20260907.300
2026-09-09T20:37:02.6430301Z ##[endgroup]
2026-09-09T20:37:02.6431677Z ##[group]GITHUB_TOKEN Permissions
2026-09-09T20:37:02.6433940Z Contents: read
2026-09-09T20:37:02.6434542Z Metadata: read
2026-09-09T20:37:02.6435236Z ##[endgroup]
2026-09-09T20:37:02.6437470Z Secret source: Actions
2026-09-09T20:37:02.6438558Z Cache mode: write
2026-09-09T20:37:02.6439368Z Prepare workflow directory
2026-09-09T20:37:02.6766718Z Prepare all required actions
2026-09-09T20:37:02.6821804Z Getting action download info
2026-09-09T20:37:02.8924087Z Download action repository 'actions/checkout@v4' (SHA:11d5960a326750d5838078e36cf38b85af677262)
2026-09-09T20:37:02.9795249Z Download action repository 'actions/upload-artifact@v4' (SHA:ea165f8d65b6e75b540449e92b4886f43607fa02)
2026-09-09T20:37:03.2033486Z Complete job name: core-native-wasm
2026-09-09T20:37:03.2827407Z Node 20 is being deprecated. This workflow is running with Node 24 by default. If you need to temporarily use Node 20, you can set the ACTIONS_ALLOW_USE_UNSECURE_NODE_VERSION=true environment variable. For more information see: https://github.blog/changelog/2025-09-19-deprecation-of-node-20-on-github-actions-runners/
2026-09-09T20:37:03.2836361Z ##[group]Run actions/checkout@v4
2026-09-09T20:37:03.2837036Z with:
2026-09-09T20:37:03.2837601Z   repository: juantoniolloretegea/SV-lenguaje-de-computacion
2026-09-09T20:37:03.2841883Z   token: ***
2026-09-09T20:37:03.2842321Z   ssh-strict: true
2026-09-09T20:37:03.2842761Z   ssh-user: git
2026-09-09T20:37:03.2843203Z   persist-credentials: true
2026-09-09T20:37:03.2843686Z   clean: true
2026-09-09T20:37:03.2844131Z   sparse-checkout-cone-mode: true
2026-09-09T20:37:03.2844647Z   fetch-depth: 1
2026-09-09T20:37:03.2845076Z   fetch-tags: false
2026-09-09T20:37:03.2845513Z   show-progress: true
2026-09-09T20:37:03.2845956Z   lfs: false
2026-09-09T20:37:03.2846410Z   submodules: false
2026-09-09T20:37:03.2846862Z   set-safe-directory: true
2026-09-09T20:37:03.2847374Z   allow-unsafe-pr-checkout: false
2026-09-09T20:37:03.2848079Z ##[endgroup]
2026-09-09T20:37:03.3869114Z Syncing repository: juantoniolloretegea/SV-lenguaje-de-computacion
2026-09-09T20:37:03.3872211Z ##[group]Getting Git version info
2026-09-09T20:37:03.3873827Z Working directory is '/home/runner/work/SV-lenguaje-de-computacion/SV-lenguaje-de-computacion'
2026-09-09T20:37:03.3875969Z [command]/usr/bin/git version
2026-09-09T20:37:03.3902852Z git version 2.55.0
2026-09-09T20:37:03.3922575Z ##[endgroup]
2026-09-09T20:37:03.3936947Z Temporarily overriding HOME='/home/runner/work/_temp/e730647d-f984-4390-8c8b-0d1b6883b1f6' before making global git config changes
2026-09-09T20:37:03.3939188Z Adding repository directory to the temporary git global config as a safe directory
2026-09-09T20:37:03.3942205Z [command]/usr/bin/git config --global --add safe.directory /home/runner/work/SV-lenguaje-de-computacion/SV-lenguaje-de-computacion
2026-09-09T20:37:03.3987602Z Deleting the contents of '/home/runner/work/SV-lenguaje-de-computacion/SV-lenguaje-de-computacion'
2026-09-09T20:37:03.3991595Z ##[group]Initializing the repository
2026-09-09T20:37:03.3996897Z [command]/usr/bin/git init /home/runner/work/SV-lenguaje-de-computacion/SV-lenguaje-de-computacion
2026-09-09T20:37:03.4086241Z hint: Using 'master' as the name for the initial branch. This default branch name
2026-09-09T20:37:03.4087884Z hint: will change to "main" in Git 3.0. To configure the initial branch name
2026-09-09T20:37:03.4090896Z hint: to use in all of your new repositories, which will suppress this warning,
2026-09-09T20:37:03.4092225Z hint: call:
2026-09-09T20:37:03.4092854Z hint:
2026-09-09T20:37:03.4093635Z hint: 	git config --global init.defaultBranch <name>
2026-09-09T20:37:03.4094595Z hint:
2026-09-09T20:37:03.4095487Z hint: Names commonly chosen instead of 'master' are 'main', 'trunk' and
2026-09-09T20:37:03.4097002Z hint: 'development'. The just-created branch can be renamed via this command:
2026-09-09T20:37:03.4098182Z hint:
2026-09-09T20:37:03.4098846Z hint: 	git branch -m <name>
2026-09-09T20:37:03.4099573Z hint:
2026-09-09T20:37:03.4100542Z hint: Disable this message with "git config set advice.defaultBranchName false"
2026-09-09T20:37:03.4102736Z Initialized empty Git repository in /home/runner/work/SV-lenguaje-de-computacion/SV-lenguaje-de-computacion/.git/
2026-09-09T20:37:03.4106173Z [command]/usr/bin/git remote add origin https://github.com/juantoniolloretegea/SV-lenguaje-de-computacion
2026-09-09T20:37:03.4145979Z ##[endgroup]
2026-09-09T20:37:03.4147128Z ##[group]Disabling automatic garbage collection
2026-09-09T20:37:03.4149812Z [command]/usr/bin/git config --local gc.auto 0
2026-09-09T20:37:03.4183144Z ##[endgroup]
2026-09-09T20:37:03.4184252Z ##[group]Setting up auth
2026-09-09T20:37:03.4189843Z [command]/usr/bin/git config --local --name-only --get-regexp core\.sshCommand
2026-09-09T20:37:03.4224732Z [command]/usr/bin/git submodule foreach --recursive sh -c "git config --local --name-only --get-regexp 'core\.sshCommand' && git config --local --unset-all 'core.sshCommand' || :"
2026-09-09T20:37:03.4592820Z [command]/usr/bin/git config --local --name-only --get-regexp http\.https\:\/\/github\.com\/\.extraheader
2026-09-09T20:37:03.4618523Z [command]/usr/bin/git submodule foreach --recursive sh -c "git config --local --name-only --get-regexp 'http\.https\:\/\/github\.com\/\.extraheader' && git config --local --unset-all 'http.https://github.com/.extraheader' || :"
2026-09-09T20:37:03.4948751Z [command]/usr/bin/git config --local --name-only --get-regexp ^includeIf\.gitdir:
2026-09-09T20:37:03.4953460Z [command]/usr/bin/git submodule foreach --recursive git config --local --show-origin --name-only --get-regexp remote.origin.url
2026-09-09T20:37:03.5159159Z [command]/usr/bin/git config --local http.https://github.com/.extraheader AUTHORIZATION: basic ***
2026-09-09T20:37:03.5201400Z ##[endgroup]
2026-09-09T20:37:03.5202636Z ##[group]Fetching the repository
2026-09-09T20:37:03.5211700Z [command]/usr/bin/git -c protocol.version=2 fetch --no-tags --prune --no-recurse-submodules --depth=1 origin +049563bc815a7a133e4fb83ccc2382da26851ee2:refs/remotes/pull/89/merge
2026-09-09T20:37:04.0507363Z From https://github.com/juantoniolloretegea/SV-lenguaje-de-computacion
2026-09-09T20:37:04.0509345Z  * [new ref]         049563bc815a7a133e4fb83ccc2382da26851ee2 -> pull/89/merge
2026-09-09T20:37:04.0512776Z ##[endgroup]
2026-09-09T20:37:04.0514075Z ##[group]Determining the checkout info
2026-09-09T20:37:04.0516674Z ##[endgroup]
2026-09-09T20:37:04.0520930Z [command]/usr/bin/git sparse-checkout disable
2026-09-09T20:37:04.0573355Z [command]/usr/bin/git config --local --unset-all extensions.worktreeConfig
2026-09-09T20:37:04.0609630Z ##[group]Checking out the ref
2026-09-09T20:37:04.0612535Z [command]/usr/bin/git checkout --progress --force refs/remotes/pull/89/merge
2026-09-09T20:37:04.1140800Z Note: switching to 'refs/remotes/pull/89/merge'.
2026-09-09T20:37:04.1142156Z 
2026-09-09T20:37:04.1143024Z You are in 'detached HEAD' state. You can look around, make experimental
2026-09-09T20:37:04.1145290Z changes and commit them, and you can discard any commits you make in this
2026-09-09T20:37:04.1147290Z state without impacting any branches by switching back to a branch.
2026-09-09T20:37:04.1148449Z 
2026-09-09T20:37:04.1149094Z If you want to create a new branch to retain commits you create, you may
2026-09-09T20:37:04.1150428Z do so (now or later) by using -c with the switch command. Example:
2026-09-09T20:37:04.1151513Z 
2026-09-09T20:37:04.1152041Z   git switch -c <new-branch-name>
2026-09-09T20:37:04.1152900Z 
2026-09-09T20:37:04.1153264Z Or undo this operation with:
2026-09-09T20:37:04.1153783Z 
2026-09-09T20:37:04.1154093Z   git switch -
2026-09-09T20:37:04.1154518Z 
2026-09-09T20:37:04.1155306Z Turn off this advice by setting config variable advice.detachedHead to false
2026-09-09T20:37:04.1156389Z 
2026-09-09T20:37:04.1157590Z HEAD is now at 049563b Merge b7636296f2c75715691464df83a030d006a2f054 into 73c738348a9493a459744c62b8ade382ff595af5
2026-09-09T20:37:04.1161419Z ##[endgroup]
2026-09-09T20:37:04.1200871Z [command]/usr/bin/git log -1 --format=%H
2026-09-09T20:37:04.1230280Z 049563bc815a7a133e4fb83ccc2382da26851ee2
2026-09-09T20:37:04.1508239Z ##[group]Run rustup toolchain install 1.98.0 --profile minimal
2026-09-09T20:37:04.1510302Z [36;1mrustup toolchain install 1.98.0 --profile minimal[0m
2026-09-09T20:37:04.1512268Z [36;1mrustup default 1.98.0[0m
2026-09-09T20:37:04.1513672Z [36;1mrustup target add wasm32-unknown-unknown[0m
2026-09-09T20:37:04.1515184Z [36;1mrustc --version[0m
2026-09-09T20:37:04.1516355Z [36;1mcargo --version[0m
2026-09-09T20:37:04.1563334Z shell: /usr/bin/bash -e {0}
2026-09-09T20:37:04.1564619Z ##[endgroup]
2026-09-09T20:37:04.1946136Z info: syncing channel updates for 1.98.0-x86_64-unknown-linux-gnu
2026-09-09T20:37:04.3504350Z info: latest update on 2026-08-20 for version 1.98.0 (88d9e12ae 2026-08-18)
2026-09-09T20:37:04.3506770Z info: downloading 3 components
2026-09-09T20:37:12.1564529Z 
2026-09-09T20:37:12.1649496Z   1.98.0-x86_64-unknown-linux-gnu installed - rustc 1.98.0 (88d9e12ae 2026-08-18)
2026-09-09T20:37:12.1649954Z 
2026-09-09T20:37:12.1754937Z info: using existing install for 1.98.0-x86_64-unknown-linux-gnu
2026-09-09T20:37:12.1760485Z info: default toolchain set to 1.98.0-x86_64-unknown-linux-gnu
2026-09-09T20:37:12.1761975Z 
2026-09-09T20:37:12.1847077Z   1.98.0-x86_64-unknown-linux-gnu unchanged - rustc 1.98.0 (88d9e12ae 2026-08-18)
2026-09-09T20:37:12.1847645Z 
2026-09-09T20:37:12.2318137Z info: downloading component rust-std
2026-09-09T20:37:14.3429823Z rustc 1.98.0 (88d9e12ae 2026-08-18)
2026-09-09T20:37:14.3526098Z cargo 1.98.0 (797e8a9bc 2026-08-05)
2026-09-09T20:37:14.3582532Z ##[group]Run node tests/row7_gh/contract_hash.mjs --referencia
2026-09-09T20:37:14.3583038Z [36;1mnode tests/row7_gh/contract_hash.mjs --referencia[0m
2026-09-09T20:37:14.3625741Z shell: /usr/bin/bash -e {0}
2026-09-09T20:37:14.3626053Z ##[endgroup]
2026-09-09T20:37:16.0918843Z Codificación LIG/0.1 conforme al testigo independiente: beff99707d648d591714e431b462bf61546da931771a6168cd80b1c8037f7dc0
2026-09-09T20:37:16.1009359Z ##[group]Run mkdir -p rust/target
2026-09-09T20:37:16.1009710Z [36;1mmkdir -p rust/target[0m
2026-09-09T20:37:16.1010197Z [36;1mrustc --edition=2021 --test tests/row7_gh/generar_entradas.rs -o rust/target/gh-input-tests[0m
2026-09-09T20:37:16.1010696Z [36;1mrust/target/gh-input-tests[0m
2026-09-09T20:37:16.1011038Z [36;1mnode --test tests/row7_gh/documentary_json.test.mjs[0m
2026-09-09T20:37:16.1050704Z shell: /usr/bin/bash -e {0}
2026-09-09T20:37:16.1050988Z ##[endgroup]
2026-09-09T20:37:16.3469407Z 
2026-09-09T20:37:16.3469839Z running 7 tests
2026-09-09T20:37:16.3478751Z test documentary_json::tests::preserves_fixed_values_order_and_unicode ... ok
2026-09-09T20:37:16.3479550Z test documentary_json::tests::rejects_duplicate_and_index_keys ... ok
2026-09-09T20:37:16.3482759Z test documentary_json::tests::rejects_invalid_unicode_and_utf8 ... ok
2026-09-09T20:37:16.3483694Z test documentary_json::tests::rejects_json_syntax_instead_of_repairing_it ... ok
2026-09-09T20:37:16.3484524Z test documentary_json::tests::rejects_numeric_conversion_before_it_loses_information ... ok
2026-09-09T20:37:16.3511652Z test tests::source_and_literal_controls_have_their_own_causes ... ok
2026-09-09T20:37:16.5279390Z test tests::fixed_source_regenerates_all_committed_input_bytes ... ok
2026-09-09T20:37:16.5279902Z 
2026-09-09T20:37:16.5280289Z test result: ok. 7 passed; 0 failed; 0 ignored; 0 measured; 0 filtered out; finished in 0.18s
2026-09-09T20:37:16.5280834Z 
2026-09-09T20:37:16.5730594Z TAP version 13
2026-09-09T20:37:16.6268466Z # Subtest: Conserva valores fijados, orden y escalares Unicode
2026-09-09T20:37:16.6283711Z ok 1 - Conserva valores fijados, orden y escalares Unicode
2026-09-09T20:37:16.6284748Z   ---
2026-09-09T20:37:16.6285588Z   duration_ms: 2.014479
2026-09-09T20:37:16.6286248Z   type: 'test'
2026-09-09T20:37:16.6286583Z   ...
2026-09-09T20:37:16.6290356Z # Subtest: Rechaza conversiones numéricas antes de perder información
2026-09-09T20:37:16.6292572Z ok 2 - Rechaza conversiones numéricas antes de perder información
2026-09-09T20:37:16.6294157Z   ---
2026-09-09T20:37:16.6294513Z   duration_ms: 1.269554
2026-09-09T20:37:16.6294879Z   type: 'test'
2026-09-09T20:37:16.6295196Z   ...
2026-09-09T20:37:16.6296534Z # Subtest: Rechaza claves repetidas e índices; preserva claves ordinarias
2026-09-09T20:37:16.6300088Z ok 3 - Rechaza claves repetidas e índices; preserva claves ordinarias
2026-09-09T20:37:16.6300796Z   ---
2026-09-09T20:37:16.6301271Z   duration_ms: 0.645638
2026-09-09T20:37:16.6301640Z   type: 'test'
2026-09-09T20:37:16.6301967Z   ...
2026-09-09T20:37:16.6303494Z # Subtest: Rechaza sustitutos Unicode aislados y UTF-8 inválido
2026-09-09T20:37:16.6305244Z ok 4 - Rechaza sustitutos Unicode aislados y UTF-8 inválido
2026-09-09T20:37:16.6305830Z   ---
2026-09-09T20:37:16.6306156Z   duration_ms: 0.584347
2026-09-09T20:37:16.6306515Z   type: 'test'
2026-09-09T20:37:16.6306854Z   ...
2026-09-09T20:37:16.6311750Z # Subtest: Rechaza sintaxis inválida sin reparación
2026-09-09T20:37:16.6317453Z ok 5 - Rechaza sintaxis inválida sin reparación
2026-09-09T20:37:16.6317791Z   ---
2026-09-09T20:37:16.6318023Z   duration_ms: 0.370039
2026-09-09T20:37:16.6318263Z   type: 'test'
2026-09-09T20:37:16.6318566Z   ...
2026-09-09T20:37:16.6318895Z # Subtest: Admite el testigo G/H y conserva sus identificadores y ocho pares
2026-09-09T20:37:16.6319410Z ok 6 - Admite el testigo G/H y conserva sus identificadores y ocho pares
2026-09-09T20:37:16.6319771Z   ---
2026-09-09T20:37:16.6319971Z   duration_ms: 10.259551
2026-09-09T20:37:16.6320200Z   type: 'test'
2026-09-09T20:37:16.6320399Z   ...
2026-09-09T20:37:16.6480618Z 1..6
2026-09-09T20:37:16.6481009Z # tests 6
2026-09-09T20:37:16.6482135Z # suites 0
2026-09-09T20:37:16.6482451Z # pass 6
2026-09-09T20:37:16.6482852Z # fail 0
2026-09-09T20:37:16.6483335Z # cancelled 0
2026-09-09T20:37:16.6483891Z # skipped 0
2026-09-09T20:37:16.6484387Z # todo 0
2026-09-09T20:37:16.6484946Z # duration_ms 87.227009
2026-09-09T20:37:16.6587591Z ##[group]Run rustc --edition=2021 tests/row7_gh/generar_entradas.rs -o rust/target/gh-generate
2026-09-09T20:37:16.6588272Z [36;1mrustc --edition=2021 tests/row7_gh/generar_entradas.rs -o rust/target/gh-generate[0m
2026-09-09T20:37:16.6588747Z [36;1mrust/target/gh-generate --check[0m
2026-09-09T20:37:16.6589060Z [36;1mmkdir -p artifacts/gh-lig[0m
2026-09-09T20:37:16.6589600Z [36;1mcargo run --manifest-path rust/Cargo.toml -p sv_core --example gh_binding_probe > artifacts/gh-lig/native.json[0m
2026-09-09T20:37:16.6590389Z [36;1mnode tests/row7_gh/verificar.mjs artifacts/gh-lig/native.json --autoprueba > artifacts/gh-lig/verification.json[0m
2026-09-09T20:37:16.6590960Z [36;1mcat artifacts/gh-lig/verification.json[0m
2026-09-09T20:37:16.6631723Z shell: /usr/bin/bash -e {0}
2026-09-09T20:37:16.6631998Z ##[endgroup]
2026-09-09T20:37:17.0482208Z GH-LIG: 48 entradas regenerables desde el testigo G/H exacto
2026-09-09T20:37:17.0967629Z    Compiling sv_core v0.1.0 (/home/runner/work/SV-lenguaje-de-computacion/SV-lenguaje-de-computacion/rust/sv_core)
2026-09-09T20:37:18.1431725Z warning: associated function `from_core_id` is never used
2026-09-09T20:37:18.1432653Z    --> sv_core/src/control.rs:155:27
2026-09-09T20:37:18.1433421Z     |
2026-09-09T20:37:18.1433757Z 141 |           impl $name {
2026-09-09T20:37:18.1434246Z     |           ---------- associated function in this implementation
2026-09-09T20:37:18.1434712Z ...
2026-09-09T20:37:18.1435067Z 155 |               pub(crate) fn from_core_id(id: ControlId) -> Self {
2026-09-09T20:37:18.1435559Z     |                             ^^^^^^^^^^^^
2026-09-09T20:37:18.1436171Z ...
2026-09-09T20:37:18.1436438Z 162 | / opaque_control_ref!(
2026-09-09T20:37:18.1436803Z 163 | |     InformationRef,
2026-09-09T20:37:18.1437678Z 164 | |     "Referencia nominal a información dentro del dominio de control."
2026-09-09T20:37:18.1438268Z 165 | | );
2026-09-09T20:37:18.1438570Z     | |_- in this macro invocation
2026-09-09T20:37:18.1438987Z     |
2026-09-09T20:37:18.1439460Z     = note: `#[warn(dead_code)]` (part of `#[warn(unused)]`) on by default
2026-09-09T20:37:18.1440489Z     = note: this warning originates in the macro `opaque_control_ref` (in Nightly builds, run with -Z macro-backtrace for more info)
2026-09-09T20:37:18.1441441Z 
2026-09-09T20:37:18.1441671Z warning: associated function `from_core_id` is never used
2026-09-09T20:37:18.1442053Z    --> sv_core/src/control.rs:155:27
2026-09-09T20:37:18.1442305Z     |
2026-09-09T20:37:18.1442502Z 141 |           impl $name {
2026-09-09T20:37:18.1442894Z     |           ---------- associated function in this implementation
2026-09-09T20:37:18.1443381Z ...
2026-09-09T20:37:18.1443749Z 155 |               pub(crate) fn from_core_id(id: ControlId) -> Self {
2026-09-09T20:37:18.1444269Z     |                             ^^^^^^^^^^^^
2026-09-09T20:37:18.1444660Z ...
2026-09-09T20:37:18.1444934Z 166 | / opaque_control_ref!(
2026-09-09T20:37:18.1445321Z 167 | |     AdmittedEvidenceRef,
2026-09-09T20:37:18.1446171Z 168 | |     "Referencia a evidencia cuya admisión debe proceder de una verificación gobernada."
2026-09-09T20:37:18.1446866Z 169 | | );
2026-09-09T20:37:18.1447171Z     | |_- in this macro invocation
2026-09-09T20:37:18.1447535Z     |
2026-09-09T20:37:18.1448276Z     = note: this warning originates in the macro `opaque_control_ref` (in Nightly builds, run with -Z macro-backtrace for more info)
2026-09-09T20:37:18.1449020Z 
2026-09-09T20:37:18.1449241Z warning: associated function `from_core_id` is never used
2026-09-09T20:37:18.1449756Z    --> sv_core/src/control.rs:155:27
2026-09-09T20:37:18.1450128Z     |
2026-09-09T20:37:18.1450401Z 141 |           impl $name {
2026-09-09T20:37:18.1450846Z     |           ---------- associated function in this implementation
2026-09-09T20:37:18.1451481Z ...
2026-09-09T20:37:18.1451852Z 155 |               pub(crate) fn from_core_id(id: ControlId) -> Self {
2026-09-09T20:37:18.1452367Z     |                             ^^^^^^^^^^^^
2026-09-09T20:37:18.1452774Z ...
2026-09-09T20:37:18.1453389Z 170 | / opaque_control_ref!(
2026-09-09T20:37:18.1453772Z 171 | |     ConstitutedFactRef,
2026-09-09T20:37:18.1454456Z 172 | |     "Referencia a un hecho semántico constituido; no equivale a autoridad."
2026-09-09T20:37:18.1455040Z 173 | | );
2026-09-09T20:37:18.1455335Z     | |_- in this macro invocation
2026-09-09T20:37:18.1455726Z     |
2026-09-09T20:37:18.1456484Z     = note: this warning originates in the macro `opaque_control_ref` (in Nightly builds, run with -Z macro-backtrace for more info)
2026-09-09T20:37:18.1457206Z 
2026-09-09T20:37:18.1457441Z warning: associated function `from_core_id` is never used
2026-09-09T20:37:18.1457953Z    --> sv_core/src/control.rs:155:27
2026-09-09T20:37:18.1458328Z     |
2026-09-09T20:37:18.1458602Z 141 |           impl $name {
2026-09-09T20:37:18.1459044Z     |           ---------- associated function in this implementation
2026-09-09T20:37:18.1459526Z ...
2026-09-09T20:37:18.1459906Z 155 |               pub(crate) fn from_core_id(id: ControlId) -> Self {
2026-09-09T20:37:18.1460626Z     |                             ^^^^^^^^^^^^
2026-09-09T20:37:18.1460877Z ...
2026-09-09T20:37:18.1461066Z 174 | / opaque_control_ref!(
2026-09-09T20:37:18.1461507Z 175 | |     AuthorityRef,
2026-09-09T20:37:18.1462046Z 176 | |     "Referencia a autoridad constituida; su constructor no forma parte de la API pública."
2026-09-09T20:37:18.1462493Z 177 | | );
2026-09-09T20:37:18.1462698Z     | |_- in this macro invocation
2026-09-09T20:37:18.1462941Z     |
2026-09-09T20:37:18.1463423Z     = note: this warning originates in the macro `opaque_control_ref` (in Nightly builds, run with -Z macro-backtrace for more info)
2026-09-09T20:37:18.1463917Z 
2026-09-09T20:37:18.1464074Z warning: associated function `from_core_id` is never used
2026-09-09T20:37:18.1464500Z    --> sv_core/src/control.rs:155:27
2026-09-09T20:37:18.1464755Z     |
2026-09-09T20:37:18.1464949Z 141 |           impl $name {
2026-09-09T20:37:18.1465265Z     |           ---------- associated function in this implementation
2026-09-09T20:37:18.1465586Z ...
2026-09-09T20:37:18.1465845Z 155 |               pub(crate) fn from_core_id(id: ControlId) -> Self {
2026-09-09T20:37:18.1466181Z     |                             ^^^^^^^^^^^^
2026-09-09T20:37:18.1466450Z ...
2026-09-09T20:37:18.1466650Z 178 | / opaque_control_ref!(
2026-09-09T20:37:18.1466890Z 179 | |     EnablementRef,
2026-09-09T20:37:18.1467364Z 180 | |     "Referencia a una habilitación de autoridad ya existente; no amplía autoridad."
2026-09-09T20:37:18.1467793Z 181 | | );
2026-09-09T20:37:18.1468007Z     | |_- in this macro invocation
2026-09-09T20:37:18.1468256Z     |
2026-09-09T20:37:18.1468744Z     = note: this warning originates in the macro `opaque_control_ref` (in Nightly builds, run with -Z macro-backtrace for more info)
2026-09-09T20:37:18.1469201Z 
2026-09-09T20:37:18.1469408Z warning: associated function `from_core_id` is never used
2026-09-09T20:37:18.1469743Z    --> sv_core/src/control.rs:155:27
2026-09-09T20:37:18.1470001Z     |
2026-09-09T20:37:18.1470192Z 141 |           impl $name {
2026-09-09T20:37:18.1470482Z     |           ---------- associated function in this implementation
2026-09-09T20:37:18.1470794Z ...
2026-09-09T20:37:18.1471044Z 155 |               pub(crate) fn from_core_id(id: ControlId) -> Self {
2026-09-09T20:37:18.1471560Z     |                             ^^^^^^^^^^^^
2026-09-09T20:37:18.1471816Z ...
2026-09-09T20:37:18.1472005Z 186 | / opaque_control_ref!(
2026-09-09T20:37:18.1472237Z 187 | |     FormRef,
2026-09-09T20:37:18.1472613Z 188 | |     "Referencia a una forma de transición constituida."
2026-09-09T20:37:18.1472942Z 189 | | );
2026-09-09T20:37:18.1473140Z     | |_- in this macro invocation
2026-09-09T20:37:18.1473380Z     |
2026-09-09T20:37:18.1473832Z     = note: this warning originates in the macro `opaque_control_ref` (in Nightly builds, run with -Z macro-backtrace for more info)
2026-09-09T20:37:18.1474262Z 
2026-09-09T20:37:18.1474411Z warning: associated function `from_core_id` is never used
2026-09-09T20:37:18.1474910Z    --> sv_core/src/control.rs:155:27
2026-09-09T20:37:18.1475159Z     |
2026-09-09T20:37:18.1475342Z 141 |           impl $name {
2026-09-09T20:37:18.1475624Z     |           ---------- associated function in this implementation
2026-09-09T20:37:18.1475935Z ...
2026-09-09T20:37:18.1476184Z 155 |               pub(crate) fn from_core_id(id: ControlId) -> Self {
2026-09-09T20:37:18.1476512Z     |                             ^^^^^^^^^^^^
2026-09-09T20:37:18.1476760Z ...
2026-09-09T20:37:18.1476945Z 190 | / opaque_control_ref!(
2026-09-09T20:37:18.1477181Z 191 | |     EffectFamilyRef,
2026-09-09T20:37:18.1477581Z 192 | |     "Referencia a una familia de efectos fijada por constitución."
2026-09-09T20:37:18.1477939Z 193 | | );
2026-09-09T20:37:18.1478137Z     | |_- in this macro invocation
2026-09-09T20:37:18.1478382Z     |
2026-09-09T20:37:18.1478836Z     = note: this warning originates in the macro `opaque_control_ref` (in Nightly builds, run with -Z macro-backtrace for more info)
2026-09-09T20:37:18.1479429Z 
2026-09-09T20:37:18.1479585Z warning: associated function `from_core_id` is never used
2026-09-09T20:37:18.1479915Z    --> sv_core/src/control.rs:155:27
2026-09-09T20:37:18.1480162Z     |
2026-09-09T20:37:18.1480350Z 141 |           impl $name {
2026-09-09T20:37:18.1480640Z     |           ---------- associated function in this implementation
2026-09-09T20:37:18.1480950Z ...
2026-09-09T20:37:18.1481413Z 155 |               pub(crate) fn from_core_id(id: ControlId) -> Self {
2026-09-09T20:37:18.1481770Z     |                             ^^^^^^^^^^^^
2026-09-09T20:37:18.1482032Z ...
2026-09-09T20:37:18.1482223Z 194 | / opaque_control_ref!(
2026-09-09T20:37:18.1482465Z 195 | |     EffectRef,
2026-09-09T20:37:18.1482813Z 196 | |     "Referencia a un efecto concreto; identificarlo no equivale a autorizarlo."
2026-09-09T20:37:18.1483199Z 197 | | );
2026-09-09T20:37:18.1483400Z     | |_- in this macro invocation
2026-09-09T20:37:18.1483645Z     |
2026-09-09T20:37:18.1484120Z     = note: this warning originates in the macro `opaque_control_ref` (in Nightly builds, run with -Z macro-backtrace for more info)
2026-09-09T20:37:18.1484568Z 
2026-09-09T20:37:18.1484712Z warning: associated function `from_core_id` is never used
2026-09-09T20:37:18.1485039Z    --> sv_core/src/control.rs:155:27
2026-09-09T20:37:18.1485283Z     |
2026-09-09T20:37:18.1485470Z 141 |           impl $name {
2026-09-09T20:37:18.1485764Z     |           ---------- associated function in this implementation
2026-09-09T20:37:18.1486073Z ...
2026-09-09T20:37:18.1486319Z 155 |               pub(crate) fn from_core_id(id: ControlId) -> Self {
2026-09-09T20:37:18.1486650Z     |                             ^^^^^^^^^^^^
2026-09-09T20:37:18.1486900Z ...
2026-09-09T20:37:18.1487085Z 198 | / opaque_control_ref!(
2026-09-09T20:37:18.1487309Z 199 | |     ContextRef,
2026-09-09T20:37:18.1487653Z 200 | |     "Referencia a una ligadura de contexto relevante para autoridad o forma."
2026-09-09T20:37:18.1509470Z 201 | | );
2026-09-09T20:37:18.1509758Z     | |_- in this macro invocation
2026-09-09T20:37:18.1510025Z     |
2026-09-09T20:37:18.1510529Z     = note: this warning originates in the macro `opaque_control_ref` (in Nightly builds, run with -Z macro-backtrace for more info)
2026-09-09T20:37:18.1510977Z 
2026-09-09T20:37:18.1511342Z warning: associated function `from_core_id` is never used
2026-09-09T20:37:18.1511774Z    --> sv_core/src/control.rs:155:27
2026-09-09T20:37:18.1512035Z     |
2026-09-09T20:37:18.1512239Z 141 |           impl $name {
2026-09-09T20:37:18.1512542Z     |           ---------- associated function in this implementation
2026-09-09T20:37:18.1512862Z ...
2026-09-09T20:37:18.1513145Z 155 |               pub(crate) fn from_core_id(id: ControlId) -> Self {
2026-09-09T20:37:18.1513501Z     |                             ^^^^^^^^^^^^
2026-09-09T20:37:18.1513766Z ...
2026-09-09T20:37:18.1513963Z 202 | / opaque_control_ref!(
2026-09-09T20:37:18.1514217Z 203 | |     AuthorityHolderRef,
2026-09-09T20:37:18.1514960Z 204 | |     "Referencia al titular de una autoridad; no constituye autoridad por sí misma."
2026-09-09T20:37:18.1515382Z 205 | | );
2026-09-09T20:37:18.1515593Z     | |_- in this macro invocation
2026-09-09T20:37:18.1515834Z     |
2026-09-09T20:37:18.1516315Z     = note: this warning originates in the macro `opaque_control_ref` (in Nightly builds, run with -Z macro-backtrace for more info)
2026-09-09T20:37:18.1516770Z 
2026-09-09T20:37:18.1516929Z warning: associated function `from_core_id` is never used
2026-09-09T20:37:18.1517273Z    --> sv_core/src/control.rs:155:27
2026-09-09T20:37:18.1517532Z     |
2026-09-09T20:37:18.1517731Z 141 |           impl $name {
2026-09-09T20:37:18.1518036Z     |           ---------- associated function in this implementation
2026-09-09T20:37:18.1518356Z ...
2026-09-09T20:37:18.1518615Z 155 |               pub(crate) fn from_core_id(id: ControlId) -> Self {
2026-09-09T20:37:18.1518968Z     |                             ^^^^^^^^^^^^
2026-09-09T20:37:18.1519372Z ...
2026-09-09T20:37:18.1519584Z 206 | / opaque_control_ref!(
2026-09-09T20:37:18.1519848Z 207 | |     GovernedObjectRef,
2026-09-09T20:37:18.1520228Z 208 | |     "Referencia a un objeto candidato a pertenecer al dominio gobernado D_a."
2026-09-09T20:37:18.1520616Z 209 | | );
2026-09-09T20:37:18.1520826Z     | |_- in this macro invocation
2026-09-09T20:37:18.1521261Z     |
2026-09-09T20:37:18.1521789Z     = note: this warning originates in the macro `opaque_control_ref` (in Nightly builds, run with -Z macro-backtrace for more info)
2026-09-09T20:37:18.1522243Z 
2026-09-09T20:37:18.1522392Z warning: associated function `from_core_id` is never used
2026-09-09T20:37:18.1522730Z    --> sv_core/src/control.rs:155:27
2026-09-09T20:37:18.1522984Z     |
2026-09-09T20:37:18.1523185Z 141 |           impl $name {
2026-09-09T20:37:18.1523476Z     |           ---------- associated function in this implementation
2026-09-09T20:37:18.1523790Z ...
2026-09-09T20:37:18.1524037Z 155 |               pub(crate) fn from_core_id(id: ControlId) -> Self {
2026-09-09T20:37:18.1524386Z     |                             ^^^^^^^^^^^^
2026-09-09T20:37:18.1524679Z ...
2026-09-09T20:37:18.1524874Z 210 | / opaque_control_ref!(
2026-09-09T20:37:18.1525118Z 211 | |     AccumulationRuleRef,
2026-09-09T20:37:18.1525590Z 212 | |     "Referencia a una regla gobernada de acumulación o a un predicado de traza."
2026-09-09T20:37:18.1525981Z 213 | | );
2026-09-09T20:37:18.1526189Z     | |_- in this macro invocation
2026-09-09T20:37:18.1526435Z     |
2026-09-09T20:37:18.1526891Z     = note: this warning originates in the macro `opaque_control_ref` (in Nightly builds, run with -Z macro-backtrace for more info)
2026-09-09T20:37:18.1527353Z 
2026-09-09T20:37:18.1527496Z warning: associated function `from_core_id` is never used
2026-09-09T20:37:18.1527827Z    --> sv_core/src/control.rs:155:27
2026-09-09T20:37:18.1528079Z     |
2026-09-09T20:37:18.1528264Z 141 |           impl $name {
2026-09-09T20:37:18.1528550Z     |           ---------- associated function in this implementation
2026-09-09T20:37:18.1528874Z ...
2026-09-09T20:37:18.1529127Z 155 |               pub(crate) fn from_core_id(id: ControlId) -> Self {
2026-09-09T20:37:18.1529460Z     |                             ^^^^^^^^^^^^
2026-09-09T20:37:18.1529713Z ...
2026-09-09T20:37:18.1529902Z 214 | / opaque_control_ref!(
2026-09-09T20:37:18.1530165Z 215 | |     RequirementRef,
2026-09-09T20:37:18.1530700Z 216 | |     "Referencia a una obligación de Req; identificarla no acredita su cumplimiento."
2026-09-09T20:37:18.1531281Z 217 | | );
2026-09-09T20:37:18.1531489Z     | |_- in this macro invocation
2026-09-09T20:37:18.1531739Z     |
2026-09-09T20:37:18.1532209Z     = note: this warning originates in the macro `opaque_control_ref` (in Nightly builds, run with -Z macro-backtrace for more info)
2026-09-09T20:37:18.1532653Z 
2026-09-09T20:37:18.1532808Z warning: associated function `from_core_id` is never used
2026-09-09T20:37:18.1533138Z    --> sv_core/src/control.rs:155:27
2026-09-09T20:37:18.1533380Z     |
2026-09-09T20:37:18.1533745Z 141 |           impl $name {
2026-09-09T20:37:18.1534037Z     |           ---------- associated function in this implementation
2026-09-09T20:37:18.1534342Z ...
2026-09-09T20:37:18.1534600Z 155 |               pub(crate) fn from_core_id(id: ControlId) -> Self {
2026-09-09T20:37:18.1534930Z     |                             ^^^^^^^^^^^^
2026-09-09T20:37:18.1535182Z ...
2026-09-09T20:37:18.1535375Z 218 | / opaque_control_ref!(
2026-09-09T20:37:18.1535612Z 219 | |     VerifierRef,
2026-09-09T20:37:18.1536020Z 220 | |     "Referencia a un verificador concreto; su mera existencia no acredita aplicabilidad."
2026-09-09T20:37:18.1536456Z 221 | | );
2026-09-09T20:37:18.1536659Z     | |_- in this macro invocation
2026-09-09T20:37:18.1536903Z     |
2026-09-09T20:37:18.1537360Z     = note: this warning originates in the macro `opaque_control_ref` (in Nightly builds, run with -Z macro-backtrace for more info)
2026-09-09T20:37:18.1537807Z 
2026-09-09T20:37:18.1537961Z warning: associated function `from_core_id` is never used
2026-09-09T20:37:18.1538459Z    --> sv_core/src/control.rs:155:27
2026-09-09T20:37:18.1538715Z     |
2026-09-09T20:37:18.1538910Z 141 |           impl $name {
2026-09-09T20:37:18.1539212Z     |           ---------- associated function in this implementation
2026-09-09T20:37:18.1539527Z ...
2026-09-09T20:37:18.1539788Z 155 |               pub(crate) fn from_core_id(id: ControlId) -> Self {
2026-09-09T20:37:18.1540131Z     |                             ^^^^^^^^^^^^
2026-09-09T20:37:18.1540388Z ...
2026-09-09T20:37:18.1540581Z 222 | / opaque_control_ref!(
2026-09-09T20:37:18.1540834Z 223 | |     VerifierFamilyRef,
2026-09-09T20:37:18.1541397Z 224 | |     "Referencia a una familia de verificadores admisibles para una obligación."
2026-09-09T20:37:18.1541800Z 225 | | );
2026-09-09T20:37:18.1542007Z     | |_- in this macro invocation
2026-09-09T20:37:18.1542253Z     |
2026-09-09T20:37:18.1542719Z     = note: this warning originates in the macro `opaque_control_ref` (in Nightly builds, run with -Z macro-backtrace for more info)
2026-09-09T20:37:18.1543212Z 
2026-09-09T20:37:18.1543361Z warning: associated function `from_core_id` is never used
2026-09-09T20:37:18.1543699Z    --> sv_core/src/control.rs:155:27
2026-09-09T20:37:18.1543953Z     |
2026-09-09T20:37:18.1544153Z 141 |           impl $name {
2026-09-09T20:37:18.1544442Z     |           ---------- associated function in this implementation
2026-09-09T20:37:18.1544755Z ...
2026-09-09T20:37:18.1545008Z 155 |               pub(crate) fn from_core_id(id: ControlId) -> Self {
2026-09-09T20:37:18.1545348Z     |                             ^^^^^^^^^^^^
2026-09-09T20:37:18.1545610Z ...
2026-09-09T20:37:18.1545794Z 226 | / opaque_control_ref!(
2026-09-09T20:37:18.1546041Z 227 | |     ApplicabilityRuleRef,
2026-09-09T20:37:18.1546545Z 228 | |     "Referencia a una regla previamente constituida de aplicabilidad de comprobación."
2026-09-09T20:37:18.1546969Z 229 | | );
2026-09-09T20:37:18.1547169Z     | |_- in this macro invocation
2026-09-09T20:37:18.1547423Z     |
2026-09-09T20:37:18.1547890Z     = note: this warning originates in the macro `opaque_control_ref` (in Nightly builds, run with -Z macro-backtrace for more info)
2026-09-09T20:37:18.1548330Z 
2026-09-09T20:37:18.1548482Z warning: associated function `from_core_id` is never used
2026-09-09T20:37:18.1548809Z    --> sv_core/src/control.rs:155:27
2026-09-09T20:37:18.1549053Z     |
2026-09-09T20:37:18.1549236Z 141 |           impl $name {
2026-09-09T20:37:18.1549517Z     |           ---------- associated function in this implementation
2026-09-09T20:37:18.1549822Z ...
2026-09-09T20:37:18.1550067Z 155 |               pub(crate) fn from_core_id(id: ControlId) -> Self {
2026-09-09T20:37:18.1550398Z     |                             ^^^^^^^^^^^^
2026-09-09T20:37:18.1550651Z ...
2026-09-09T20:37:18.1550836Z 230 | / opaque_control_ref!(
2026-09-09T20:37:18.1551187Z 231 | |     ConflictResolutionRuleRef,
2026-09-09T20:37:18.1551759Z 232 | |     "Referencia a una regla previamente constituida de resolución de conflicto entre comprobaciones."
2026-09-09T20:37:18.1552373Z 233 | | );
2026-09-09T20:37:18.1552572Z     | |_- in this macro invocation
2026-09-09T20:37:18.1552805Z     |
2026-09-09T20:37:18.1553253Z     = note: this warning originates in the macro `opaque_control_ref` (in Nightly builds, run with -Z macro-backtrace for more info)
2026-09-09T20:37:18.1553687Z 
2026-09-09T20:37:18.1553838Z warning: associated function `from_core_id` is never used
2026-09-09T20:37:18.1554159Z    --> sv_core/src/control.rs:155:27
2026-09-09T20:37:18.1554405Z     |
2026-09-09T20:37:18.1554588Z 141 |           impl $name {
2026-09-09T20:37:18.1554869Z     |           ---------- associated function in this implementation
2026-09-09T20:37:18.1555185Z ...
2026-09-09T20:37:18.1555435Z 155 |               pub(crate) fn from_core_id(id: ControlId) -> Self {
2026-09-09T20:37:18.1555777Z     |                             ^^^^^^^^^^^^
2026-09-09T20:37:18.1556036Z ...
2026-09-09T20:37:18.1556230Z 234 | / opaque_control_ref!(
2026-09-09T20:37:18.1556620Z 235 | |     CoverageRuleRef,
2026-09-09T20:37:18.1557054Z 236 | |     "Referencia a una regla previamente constituida de cobertura de comprobaciones exigibles."
2026-09-09T20:37:18.1557493Z 237 | | );
2026-09-09T20:37:18.1557702Z     | |_- in this macro invocation
2026-09-09T20:37:18.1557948Z     |
2026-09-09T20:37:18.1558481Z     = note: this warning originates in the macro `opaque_control_ref` (in Nightly builds, run with -Z macro-backtrace for more info)
2026-09-09T20:37:18.1559086Z 
2026-09-09T20:37:18.1559238Z warning: associated function `from_core_id` is never used
2026-09-09T20:37:18.1559582Z    --> sv_core/src/control.rs:155:27
2026-09-09T20:37:18.1559839Z     |
2026-09-09T20:37:18.1560153Z 141 |           impl $name {
2026-09-09T20:37:18.1560485Z     |           ---------- associated function in this implementation
2026-09-09T20:37:18.1560794Z ...
2026-09-09T20:37:18.1561031Z 155 |               pub(crate) fn from_core_id(id: ControlId) -> Self {
2026-09-09T20:37:18.1561641Z     |                             ^^^^^^^^^^^^
2026-09-09T20:37:18.1561899Z ...
2026-09-09T20:37:18.1562092Z 238 | / opaque_control_ref!(
2026-09-09T20:37:18.1562340Z 239 | |     ReuseRuleRef,
2026-09-09T20:37:18.1562868Z 240 | |     "Referencia a una regla previamente constituida de reutilización de resultados cualificados."
2026-09-09T20:37:18.1563317Z 241 | | );
2026-09-09T20:37:18.1563515Z     | |_- in this macro invocation
2026-09-09T20:37:18.1563751Z     |
2026-09-09T20:37:18.1564231Z     = note: this warning originates in the macro `opaque_control_ref` (in Nightly builds, run with -Z macro-backtrace for more info)
2026-09-09T20:37:18.1564669Z 
2026-09-09T20:37:18.1564808Z warning: associated function `from_core_id` is never used
2026-09-09T20:37:18.1565132Z    --> sv_core/src/control.rs:155:27
2026-09-09T20:37:18.1565378Z     |
2026-09-09T20:37:18.1565572Z 141 |           impl $name {
2026-09-09T20:37:18.1565850Z     |           ---------- associated function in this implementation
2026-09-09T20:37:18.1566167Z ...
2026-09-09T20:37:18.1566413Z 155 |               pub(crate) fn from_core_id(id: ControlId) -> Self {
2026-09-09T20:37:18.1566737Z     |                             ^^^^^^^^^^^^
2026-09-09T20:37:18.1566986Z ...
2026-09-09T20:37:18.1567172Z 242 | / opaque_control_ref!(
2026-09-09T20:37:18.1567406Z 243 | |     ReuseBindingKeyRef,
2026-09-09T20:37:18.1567993Z 244 | |     "Referencia a una dimensión constituida cuya continuidad puede ser exigible para reutilizar un resultado."
2026-09-09T20:37:18.1568482Z 245 | | );
2026-09-09T20:37:18.1568688Z     | |_- in this macro invocation
2026-09-09T20:37:18.1568924Z     |
2026-09-09T20:37:18.1569362Z     = note: this warning originates in the macro `opaque_control_ref` (in Nightly builds, run with -Z macro-backtrace for more info)
2026-09-09T20:37:18.1569788Z 
2026-09-09T20:37:18.1569937Z warning: associated function `from_core_id` is never used
2026-09-09T20:37:18.1570259Z    --> sv_core/src/control.rs:155:27
2026-09-09T20:37:18.1570499Z     |
2026-09-09T20:37:18.1570692Z 141 |           impl $name {
2026-09-09T20:37:18.1571365Z     |           ---------- associated function in this implementation
2026-09-09T20:37:18.1571674Z ...
2026-09-09T20:37:18.1571913Z 155 |               pub(crate) fn from_core_id(id: ControlId) -> Self {
2026-09-09T20:37:18.1572239Z     |                             ^^^^^^^^^^^^
2026-09-09T20:37:18.1572481Z ...
2026-09-09T20:37:18.1572664Z 246 | / opaque_control_ref!(
2026-09-09T20:37:18.1572900Z 247 | |     ReuseBindingValueRef,
2026-09-09T20:37:18.1573489Z 248 | |     "Referencia al valor constituido de una dimensión de reutilización; identificarlo no acredita su vigencia."
2026-09-09T20:37:18.1573974Z 249 | | );
2026-09-09T20:37:18.1574176Z     | |_- in this macro invocation
2026-09-09T20:37:18.1574412Z     |
2026-09-09T20:37:18.1574857Z     = note: this warning originates in the macro `opaque_control_ref` (in Nightly builds, run with -Z macro-backtrace for more info)
2026-09-09T20:37:18.1575294Z 
2026-09-09T20:37:18.1575419Z warning: function `compile_svp` is never used
2026-09-09T20:37:18.1575867Z    --> sv_core/src/frontend.rs:803:8
2026-09-09T20:37:18.1576111Z     |
2026-09-09T20:37:18.1576485Z 803 | pub fn compile_svp(source: &str, source_file: &str) -> Result<IrProgram, FrontendError> {
2026-09-09T20:37:18.1576913Z     |        ^^^^^^^^^^^
2026-09-09T20:37:18.1577056Z 
2026-09-09T20:37:18.1577207Z warning: function `compile_svp_with_profile` is never used
2026-09-09T20:37:18.1577541Z    --> sv_core/src/frontend.rs:807:8
2026-09-09T20:37:18.1577785Z     |
2026-09-09T20:37:18.1577992Z 807 | pub fn compile_svp_with_profile(
2026-09-09T20:37:18.1578252Z     |        ^^^^^^^^^^^^^^^^^^^^^^^^
2026-09-09T20:37:18.1578429Z 
2026-09-09T20:37:18.1578551Z warning: constant `PROFILE_ID` is never used
2026-09-09T20:37:18.1578861Z  --> sv_core/src/identifier_profile.rs:6:18
2026-09-09T20:37:18.1579126Z   |
2026-09-09T20:37:18.1579402Z 6 | pub(crate) const PROFILE_ID: &str = "svp-grammar-0.2-lex-es-1";
2026-09-09T20:37:18.1579744Z   |                  ^^^^^^^^^^
2026-09-09T20:37:18.1579902Z 
2026-09-09T20:37:18.1580031Z warning: function `is_reserved_word` is never used
2026-09-09T20:37:18.1580354Z   --> sv_core/src/identifier_profile.rs:22:15
2026-09-09T20:37:18.1580617Z    |
2026-09-09T20:37:18.1580858Z 22 | pub(crate) fn is_reserved_word(word: &str) -> bool {
2026-09-09T20:37:18.1581283Z    |               ^^^^^^^^^^^^^^^^
2026-09-09T20:37:18.1581436Z 
2026-09-09T20:37:18.1581562Z warning: method `matches_descriptor` is never used
2026-09-09T20:37:18.1581883Z    --> sv_core/src/requirements_reuse.rs:121:19
2026-09-09T20:37:18.1582300Z     |
2026-09-09T20:37:18.1582582Z  44 | impl ReuseRule {
2026-09-09T20:37:18.1582959Z     | -------------- method in this implementation
2026-09-09T20:37:18.1583372Z ...
2026-09-09T20:37:18.1583929Z 121 |     pub(crate) fn matches_descriptor(&self, descriptor: &RequirementDescriptor) -> bool {
2026-09-09T20:37:18.1584515Z     |                   ^^^^^^^^^^^^^^^^^^
2026-09-09T20:37:18.1584693Z 
2026-09-09T20:37:18.1584898Z warning: hiding a lifetime that's elided elsewhere is confusing
2026-09-09T20:37:18.1585246Z     --> sv_core/src/frontend.rs:2161:13
2026-09-09T20:37:18.1585498Z      |
2026-09-09T20:37:18.1585699Z 2161 |     fn peek(&self) -> &Token {
2026-09-09T20:37:18.1585952Z      |             ^^^^^     ^^^^^^
2026-09-09T20:37:18.1586187Z      |             |         ||
2026-09-09T20:37:18.1586446Z      |             |         |the same lifetime is hidden here
2026-09-09T20:37:18.1586769Z      |             |         the same lifetime is elided here
2026-09-09T20:37:18.1587074Z      |             the lifetime is elided here
2026-09-09T20:37:18.1587332Z      |
2026-09-09T20:37:18.1587691Z      = help: the same lifetime is referred to in inconsistent ways, making the signature confusing
2026-09-09T20:37:18.1588177Z      = note: `#[warn(mismatched_lifetime_syntaxes)]` on by default
2026-09-09T20:37:18.1588501Z help: use `'_` for type paths
2026-09-09T20:37:18.1588723Z      |
2026-09-09T20:37:18.1588924Z 2161 |     fn peek(&self) -> &Token<'_> {
2026-09-09T20:37:18.1589349Z      |                             ++++
2026-09-09T20:37:18.1589515Z 
2026-09-09T20:37:20.9030581Z warning: `sv_core` (lib) generated 27 warnings (run `cargo fix --lib -p sv_core` to apply 1 suggestion)
2026-09-09T20:37:21.0038129Z warning: function `check_witness` is never used
2026-09-09T20:37:21.0038873Z   --> sv_core/examples/../../../tests/row7_gh/probe.rs:59:8
2026-09-09T20:37:21.0039366Z    |
2026-09-09T20:37:21.0039768Z 59 | pub fn check_witness(witness: &str) -> Result<(), String> {
2026-09-09T20:37:21.0040307Z    |        ^^^^^^^^^^^^^
2026-09-09T20:37:21.0040648Z    |
2026-09-09T20:37:21.0041062Z    = note: `#[warn(dead_code)]` (part of `#[warn(unused)]`) on by default
2026-09-09T20:37:21.0041758Z 
2026-09-09T20:37:21.2578710Z warning: `sv_core` (example "gh_binding_probe") generated 1 warning
2026-09-09T20:37:21.2579405Z     Finished `dev` profile [unoptimized + debuginfo] target(s) in 4.19s
2026-09-09T20:37:21.2582761Z      Running `rust/target/debug/examples/gh_binding_probe`
2026-09-09T20:37:22.7539917Z {
2026-09-09T20:37:22.7540422Z   "verification": "CONFORME_EN_TRANSPORTE_DOCUMENTAL",
2026-09-09T20:37:22.7540986Z   "transports": 48,
2026-09-09T20:37:22.7541497Z   "full_recoveries": 16,
2026-09-09T20:37:22.7541902Z   "recoveries_with_declared_side_information": 16,
2026-09-09T20:37:22.7542376Z   "reduced_controls": 16,
2026-09-09T20:37:22.7542743Z   "losses_in_H": 8,
2026-09-09T20:37:22.7543053Z   "matrix": {
2026-09-09T20:37:22.7543352Z     "g10": 15,
2026-09-09T20:37:22.7543652Z     "lsv": 44,
2026-09-09T20:37:22.7543933Z     "links": 81,
2026-09-09T20:37:22.7544234Z     "specified": 12,
2026-09-09T20:37:22.7544545Z     "documentary": 8,
2026-09-09T20:37:22.7544827Z     "families": 6,
2026-09-09T20:37:22.7545157Z     "queries": 18,
2026-09-09T20:37:22.7545784Z     "reviewed_document_sha256": "1927c3ac2605f01128d46f2aaed74516d9915463c5949625aabbd8bd324ac15f",
2026-09-09T20:37:22.7546529Z     "reviewed_document_content_matches": true,
2026-09-09T20:37:22.7546998Z     "clinical_integration_executed": false,
2026-09-09T20:37:22.7547502Z     "decision_sufficiency_automatically_proven": false
2026-09-09T20:37:22.7547987Z   },
2026-09-09T20:37:22.7548294Z   "contract_hashes_recomputed": 48,
2026-09-09T20:37:22.7548978Z   "codec_reference_hash": "beff99707d648d591714e431b462bf61546da931771a6168cd80b1c8037f7dc0",
2026-09-09T20:37:22.7549706Z   "program_projection_bytes_hashed": true,
2026-09-09T20:37:22.7550221Z   "program_semantics_independently_revalidated": false,
2026-09-09T20:37:22.7550749Z   "executor_run_proven_by_report_alone": false,
2026-09-09T20:37:22.7551381Z   "sv_query_executed": false,
2026-09-09T20:37:22.7551741Z   "q0_executed": false,
2026-09-09T20:37:22.7552110Z   "clinical_authority_authenticated": false,
2026-09-09T20:37:22.7552475Z   "sensitivity": {
2026-09-09T20:37:22.7552720Z     "reserialized_control": "ACCEPTED",
2026-09-09T20:37:22.7553001Z     "directed_mutations": 28,
2026-09-09T20:37:22.7553240Z     "survivors": 0,
2026-09-09T20:37:22.7553504Z     "semantic_artifact_hashes_recalculated": true,
2026-09-09T20:37:22.7553830Z     "semantic_contract_hashes_recalculated": true,
2026-09-09T20:37:22.7554107Z     "results": [
2026-09-09T20:37:22.7554314Z       {
2026-09-09T20:37:22.7554518Z         "id": "MG01_omitir_transporte",
2026-09-09T20:37:22.7554790Z         "expected": "INVENTARIO",
2026-09-09T20:37:22.7555044Z         "actual": "INVENTARIO"
2026-09-09T20:37:22.7555277Z       },
2026-09-09T20:37:22.7555462Z       {
2026-09-09T20:37:22.7555666Z         "id": "MG02_duplicar_identidad",
2026-09-09T20:37:22.7555947Z         "expected": "IDENTIDAD_TESTIGO",
2026-09-09T20:37:22.7556242Z         "actual": "IDENTIDAD_TESTIGO"
2026-09-09T20:37:22.7556522Z       },
2026-09-09T20:37:22.7556707Z       {
2026-09-09T20:37:22.7556961Z         "id": "MG03_procedencia_con_huella_recalculada",
2026-09-09T20:37:22.7557286Z         "expected": "PROCEDENCIA",
2026-09-09T20:37:22.7557560Z         "actual": "PROCEDENCIA"
2026-09-09T20:37:22.7557809Z       },
2026-09-09T20:37:22.7558493Z       {
2026-09-09T20:37:22.7558708Z         "id": "MG04_detalle_oculto_en_H",
2026-09-09T20:37:22.7558990Z         "expected": "PROCEDENCIA",
2026-09-09T20:37:22.7559246Z         "actual": "PROCEDENCIA"
2026-09-09T20:37:22.7559473Z       },
2026-09-09T20:37:22.7559654Z       {
2026-09-09T20:37:22.7559844Z         "id": "MG05_S_retirada",
2026-09-09T20:37:22.7560101Z         "expected": "INVENTARIO_S",
2026-09-09T20:37:22.7560365Z         "actual": "INVENTARIO_S"
2026-09-09T20:37:22.7560589Z       },
2026-09-09T20:37:22.7560763Z       {
2026-09-09T20:37:22.7560956Z         "id": "MG06_S_atribuida_a_H",
2026-09-09T20:37:22.7561510Z         "expected": "ALCANCE_S",
2026-09-09T20:37:22.7561849Z         "actual": "ALCANCE_S"
2026-09-09T20:37:22.7562184Z       },
2026-09-09T20:37:22.7562436Z       {
2026-09-09T20:37:22.7562732Z         "id": "MG07_operacion_sustituida",
2026-09-09T20:37:22.7563087Z         "expected": "OPERACION",
2026-09-09T20:37:22.7563343Z         "actual": "OPERACION"
2026-09-09T20:37:22.7563763Z       },
2026-09-09T20:37:22.7563948Z       {
2026-09-09T20:37:22.7564156Z         "id": "MG08_referente_sustituido",
2026-09-09T20:37:22.7564435Z         "expected": "REFERENTE",
2026-09-09T20:37:22.7564681Z         "actual": "REFERENTE"
2026-09-09T20:37:22.7564903Z       },
2026-09-09T20:37:22.7565084Z       {
2026-09-09T20:37:22.7565285Z         "id": "MG09_H_filtra_estado",
2026-09-09T20:37:22.7565582Z         "expected": "CONTRATO_RECALCULO",
2026-09-09T20:37:22.7565875Z         "actual": "CONTRATO_RECALCULO"
2026-09-09T20:37:22.7566133Z       },
2026-09-09T20:37:22.7566314Z       {
2026-09-09T20:37:22.7566515Z         "id": "MG10_huella_de_artefacto",
2026-09-09T20:37:22.7566911Z         "expected": "ARTEFACTO_INTEGRIDAD",
2026-09-09T20:37:22.7567194Z         "actual": "ARTEFACTO_INTEGRIDAD"
2026-09-09T20:37:22.7567447Z       },
2026-09-09T20:37:22.7567632Z       {
2026-09-09T20:37:22.7567842Z         "id": "MG11_artefacto_lateral_oculto",
2026-09-09T20:37:22.7568150Z         "expected": "REGISTRO_ARTEFACTOS",
2026-09-09T20:37:22.7568432Z         "actual": "REGISTRO_ARTEFACTOS"
2026-09-09T20:37:22.7568691Z       },
2026-09-09T20:37:22.7568875Z       {
2026-09-09T20:37:22.7569066Z         "id": "MG12_formulacion_omitida",
2026-09-09T20:37:22.7569336Z         "expected": "MATRIZ_INVENTARIO",
2026-09-09T20:37:22.7569597Z         "actual": "MATRIZ_INVENTARIO"
2026-09-09T20:37:22.7569840Z       },
2026-09-09T20:37:22.7570013Z       {
2026-09-09T20:37:22.7570215Z         "id": "MG13_SP_cerrada_sin_ejecucion",
2026-09-09T20:37:22.7570500Z         "expected": "MATRIZ_SP_ESTADO",
2026-09-09T20:37:22.7570762Z         "actual": "MATRIZ_SP_ESTADO"
2026-09-09T20:37:22.7571003Z       },
2026-09-09T20:37:22.7571377Z       {
2026-09-09T20:37:22.7571574Z         "id": "MG14_fila_cerrada",
2026-09-09T20:37:22.7571833Z         "expected": "MATRIZ_ALCANCE",
2026-09-09T20:37:22.7572095Z         "actual": "MATRIZ_ALCANCE"
2026-09-09T20:37:22.7572324Z       },
2026-09-09T20:37:22.7572504Z       {
2026-09-09T20:37:22.7572738Z         "id": "MG15_S_sustituida_con_huella_recalculada",
2026-09-09T20:37:22.7573048Z         "expected": "CONTENIDO_S",
2026-09-09T20:37:22.7573299Z         "actual": "CONTENIDO_S"
2026-09-09T20:37:22.7573525Z       },
2026-09-09T20:37:22.7573700Z       {
2026-09-09T20:37:22.7573901Z         "id": "MG16_definicion_sustituida",
2026-09-09T20:37:22.7574182Z         "expected": "DEFINICION",
2026-09-09T20:37:22.7574437Z         "actual": "DEFINICION"
2026-09-09T20:37:22.7574666Z       },
2026-09-09T20:37:22.7574840Z       {
2026-09-09T20:37:22.7575026Z         "id": "MH01_huella_F0",
2026-09-09T20:37:22.7575274Z         "expected": "CONTRATO_RECALCULO",
2026-09-09T20:37:22.7575553Z         "actual": "CONTRATO_RECALCULO"
2026-09-09T20:37:22.7575800Z       },
2026-09-09T20:37:22.7575981Z       {
2026-09-09T20:37:22.7576166Z         "id": "MH02_huella_HS",
2026-09-09T20:37:22.7576419Z         "expected": "CONTRATO_RECALCULO",
2026-09-09T20:37:22.7576686Z         "actual": "CONTRATO_RECALCULO"
2026-09-09T20:37:22.7577164Z       },
2026-09-09T20:37:22.7577355Z       {
2026-09-09T20:37:22.7577555Z         "id": "MH03_ambas_H_falsas",
2026-09-09T20:37:22.7577820Z         "expected": "CONTRATO_RECALCULO",
2026-09-09T20:37:22.7578086Z         "actual": "CONTRATO_RECALCULO"
2026-09-09T20:37:22.7578324Z       },
2026-09-09T20:37:22.7578502Z       {
2026-09-09T20:37:22.7578706Z         "id": "MH04_todas_las_huellas_cero",
2026-09-09T20:37:22.7578981Z         "expected": "CONTRATO_RECALCULO",
2026-09-09T20:37:22.7579247Z         "actual": "CONTRATO_RECALCULO"
2026-09-09T20:37:22.7579489Z       },
2026-09-09T20:37:22.7579666Z       {
2026-09-09T20:37:22.7579869Z         "id": "MH05_propietario_y_huella",
2026-09-09T20:37:22.7580145Z         "expected": "CONTRATO_TESTIGO",
2026-09-09T20:37:22.7580407Z         "actual": "CONTRATO_TESTIGO"
2026-09-09T20:37:22.7580643Z       },
2026-09-09T20:37:22.7580820Z       {
2026-09-09T20:37:22.7581009Z         "id": "MH06_alias_y_huella",
2026-09-09T20:37:22.7581859Z         "expected": "CONTRATO_TESTIGO",
2026-09-09T20:37:22.7582124Z         "actual": "CONTRATO_TESTIGO"
2026-09-09T20:37:22.7582359Z       },
2026-09-09T20:37:22.7582536Z       {
2026-09-09T20:37:22.7582731Z         "id": "MH07_artefacto_y_huella",
2026-09-09T20:37:22.7583013Z         "expected": "CONTRATO_TESTIGO",
2026-09-09T20:37:22.7583283Z         "actual": "CONTRATO_TESTIGO"
2026-09-09T20:37:22.7583522Z       },
2026-09-09T20:37:22.7583698Z       {
2026-09-09T20:37:22.7583915Z         "id": "MH08_proyeccion_contractual_y_huella",
2026-09-09T20:37:22.7584208Z         "expected": "CONTRATO_TESTIGO",
2026-09-09T20:37:22.7584465Z         "actual": "CONTRATO_TESTIGO"
2026-09-09T20:37:22.7584699Z       },
2026-09-09T20:37:22.7584873Z       {
2026-09-09T20:37:22.7585065Z         "id": "MH09_fuente_portadora",
2026-09-09T20:37:22.7585327Z         "expected": "PROGRAMA_FUENTE",
2026-09-09T20:37:22.7585587Z         "actual": "PROGRAMA_FUENTE"
2026-09-09T20:37:22.7585830Z       },
2026-09-09T20:37:22.7586013Z       {
2026-09-09T20:37:22.7586221Z         "id": "MH10_proyeccion_sin_metadatos",
2026-09-09T20:37:22.7586509Z         "expected": "PROGRAMA_PROYECCION",
2026-09-09T20:37:22.7586785Z         "actual": "PROGRAMA_PROYECCION"
2026-09-09T20:37:22.7587030Z       },
2026-09-09T20:37:22.7587203Z       {
2026-09-09T20:37:22.7587390Z         "id": "MH11_contrato_ausente",
2026-09-09T20:37:22.7587643Z         "expected": "CONTRATO_TESTIGO",
2026-09-09T20:37:22.7587901Z         "actual": "CONTRATO_TESTIGO"
2026-09-09T20:37:22.7588139Z       },
2026-09-09T20:37:22.7588326Z       {
2026-09-09T20:37:22.7588523Z         "id": "MH12_clase_y_huella",
2026-09-09T20:37:22.7588781Z         "expected": "CONTRATO_TESTIGO",
2026-09-09T20:37:22.7589038Z         "actual": "CONTRATO_TESTIGO"
2026-09-09T20:37:22.7589272Z       }
2026-09-09T20:37:22.7589446Z     ]
2026-09-09T20:37:22.7589623Z   },
2026-09-09T20:37:22.7589813Z   "input_sensitivity": {
2026-09-09T20:37:22.7590048Z     "entrypoint": "CLI",
2026-09-09T20:37:22.7590288Z     "raw_input_control": "ACCEPTED",
2026-09-09T20:37:22.7590553Z     "reserialized_control": "ACCEPTED",
2026-09-09T20:37:22.7590816Z     "directed_mutations": 15,
2026-09-09T20:37:22.7591064Z     "survivors": 0,
2026-09-09T20:37:22.7591558Z     "results": [
2026-09-09T20:37:22.7591757Z       {
2026-09-09T20:37:22.7591958Z         "id": "ME01_schema_repetido",
2026-09-09T20:37:22.7592234Z         "expected": "JSON_CLAVE_REPETIDA",
2026-09-09T20:37:22.7592514Z         "actual": "JSON_CLAVE_REPETIDA"
2026-09-09T20:37:22.7592772Z       },
2026-09-09T20:37:22.7592950Z       {
2026-09-09T20:37:22.7593144Z         "id": "ME02_results_repetido",
2026-09-09T20:37:22.7593413Z         "expected": "JSON_CLAVE_REPETIDA",
2026-09-09T20:37:22.7593683Z         "actual": "JSON_CLAVE_REPETIDA"
2026-09-09T20:37:22.7593933Z       },
2026-09-09T20:37:22.7594119Z       {
2026-09-09T20:37:22.7594313Z         "id": "ME03_propietario_repetido",
2026-09-09T20:37:22.7594580Z         "expected": "JSON_CLAVE_REPETIDA",
2026-09-09T20:37:22.7595029Z         "actual": "JSON_CLAVE_REPETIDA"
2026-09-09T20:37:22.7595277Z       },
2026-09-09T20:37:22.7595453Z       {
2026-09-09T20:37:22.7595651Z         "id": "ME04_clave_escapada_repetida",
2026-09-09T20:37:22.7595936Z         "expected": "JSON_CLAVE_REPETIDA",
2026-09-09T20:37:22.7596213Z         "actual": "JSON_CLAVE_REPETIDA"
2026-09-09T20:37:22.7596457Z       },
2026-09-09T20:37:22.7596634Z       {
2026-09-09T20:37:22.7596835Z         "id": "ME05_matriz_repetida",
2026-09-09T20:37:22.7597096Z         "expected": "JSON_CLAVE_REPETIDA",
2026-09-09T20:37:22.7597357Z         "actual": "JSON_CLAVE_REPETIDA"
2026-09-09T20:37:22.7597611Z       },
2026-09-09T20:37:22.7597787Z       {
2026-09-09T20:37:22.7597985Z         "id": "ME06_proyeccion_repetida",
2026-09-09T20:37:22.7598319Z         "expected": "PROGRAMA_PROYECCION:JSON_CLAVE_REPETIDA",
2026-09-09T20:37:22.7598689Z         "actual": "PROGRAMA_PROYECCION:JSON_CLAVE_REPETIDA"
2026-09-09T20:37:22.7598988Z       },
2026-09-09T20:37:22.7599302Z       {
2026-09-09T20:37:22.7599501Z         "id": "ME07_utf8_invalido",
2026-09-09T20:37:22.7599770Z         "expected": "JSON_UTF8",
2026-09-09T20:37:22.7600021Z         "actual": "JSON_UTF8"
2026-09-09T20:37:22.7600252Z       },
2026-09-09T20:37:22.7600425Z       {
2026-09-09T20:37:22.7600617Z         "id": "ME08_unicode_invalido",
2026-09-09T20:37:22.7600878Z         "expected": "JSON_UNICODE",
2026-09-09T20:37:22.7601292Z         "actual": "JSON_UNICODE"
2026-09-09T20:37:22.7601584Z       },
2026-09-09T20:37:22.7601767Z       {
2026-09-09T20:37:22.7601980Z         "id": "ME09_entero_fuera_de_subconjunto",
2026-09-09T20:37:22.7602275Z         "expected": "JSON_NUMERO_RANGO",
2026-09-09T20:37:22.7602557Z         "actual": "JSON_NUMERO_RANGO"
2026-09-09T20:37:22.7602799Z       },
2026-09-09T20:37:22.7602972Z       {
2026-09-09T20:37:22.7603162Z         "id": "ME10_forma_numerica",
2026-09-09T20:37:22.7603423Z         "expected": "JSON_NUMERO_FORMA",
2026-09-09T20:37:22.7603690Z         "actual": "JSON_NUMERO_FORMA"
2026-09-09T20:37:22.7603943Z       },
2026-09-09T20:37:22.7604116Z       {
2026-09-09T20:37:22.7604306Z         "id": "ME11_clave_que_reordena",
2026-09-09T20:37:22.7604565Z         "expected": "JSON_CLAVE_INDICE",
2026-09-09T20:37:22.7604826Z         "actual": "JSON_CLAVE_INDICE"
2026-09-09T20:37:22.7605062Z       },
2026-09-09T20:37:22.7605244Z       {
2026-09-09T20:37:22.7605434Z         "id": "ME12_matriz_prosa",
2026-09-09T20:37:22.7605689Z         "expected": "MATRIZ_HUELLA",
2026-09-09T20:37:22.7605946Z         "actual": "MATRIZ_HUELLA"
2026-09-09T20:37:22.7606180Z       },
2026-09-09T20:37:22.7606355Z       {
2026-09-09T20:37:22.7606550Z         "id": "ME13_matriz_reserializada",
2026-09-09T20:37:22.7606816Z         "expected": "MATRIZ_HUELLA",
2026-09-09T20:37:22.7607066Z         "actual": "MATRIZ_HUELLA"
2026-09-09T20:37:22.7607294Z       },
2026-09-09T20:37:22.7607471Z       {
2026-09-09T20:37:22.7607687Z         "id": "ME14_matriz_propiedad_adicional",
2026-09-09T20:37:22.7607990Z         "expected": "MATRIZ_HUELLA",
2026-09-09T20:37:22.7608243Z         "actual": "MATRIZ_HUELLA"
2026-09-09T20:37:22.7608473Z       },
2026-09-09T20:37:22.7608647Z       {
2026-09-09T20:37:22.7608862Z         "id": "ME15_variante_conflictiva_repetida",
2026-09-09T20:37:22.7609166Z         "expected": "JSON_CLAVE_REPETIDA",
2026-09-09T20:37:22.7609511Z         "actual": "JSON_CLAVE_REPETIDA"
2026-09-09T20:37:22.7609767Z       }
2026-09-09T20:37:22.7609945Z     ]
2026-09-09T20:37:22.7610122Z   },
2026-09-09T20:37:22.7610314Z   "matrix_sensitivity": {
2026-09-09T20:37:22.7610558Z     "entrypoint": "API",
2026-09-09T20:37:22.7610799Z     "reviewed_control": "ACCEPTED",
2026-09-09T20:37:22.7611063Z     "directed_mutations": 104,
2026-09-09T20:37:22.7611546Z     "survivors": 0,
2026-09-09T20:37:22.7611752Z     "results": [
2026-09-09T20:37:22.7611949Z       {
2026-09-09T20:37:22.7612148Z         "treatment": "IDENTIDAD",
2026-09-09T20:37:22.7612399Z         "field": "operation",
2026-09-09T20:37:22.7612658Z         "expected": "MATRIZ_CONTENIDO",
2026-09-09T20:37:22.7613109Z         "actual": "MATRIZ_CONTENIDO"
2026-09-09T20:37:22.7613351Z       },
2026-09-09T20:37:22.7613538Z       {
2026-09-09T20:37:22.7613731Z         "treatment": "IDENTIDAD",
2026-09-09T20:37:22.7613972Z         "field": "contract",
2026-09-09T20:37:22.7614214Z         "expected": "MATRIZ_CONTENIDO",
2026-09-09T20:37:22.7614475Z         "actual": "MATRIZ_CONTENIDO"
2026-09-09T20:37:22.7614707Z       },
2026-09-09T20:37:22.7614880Z       {
2026-09-09T20:37:22.7615066Z         "treatment": "IDENTIDAD",
2026-09-09T20:37:22.7615305Z         "field": "available",
2026-09-09T20:37:22.7615548Z         "expected": "MATRIZ_CONTENIDO",
2026-09-09T20:37:22.7615800Z         "actual": "MATRIZ_CONTENIDO"
2026-09-09T20:37:22.7616043Z       },
2026-09-09T20:37:22.7616219Z       {
2026-09-09T20:37:22.7616408Z         "treatment": "IDENTIDAD",
2026-09-09T20:37:22.7616647Z         "field": "excluded",
2026-09-09T20:37:22.7616879Z         "expected": "MATRIZ_CONTENIDO",
2026-09-09T20:37:22.7617288Z         "actual": "MATRIZ_CONTENIDO"
2026-09-09T20:37:22.7617525Z       },
2026-09-09T20:37:22.7617700Z       {
2026-09-09T20:37:22.7617884Z         "treatment": "IDENTIDAD",
2026-09-09T20:37:22.7618128Z         "field": "responsible",
2026-09-09T20:37:22.7618376Z         "expected": "MATRIZ_CONTENIDO",
2026-09-09T20:37:22.7618634Z         "actual": "MATRIZ_CONTENIDO"
2026-09-09T20:37:22.7618875Z       },
2026-09-09T20:37:22.7619050Z       {
2026-09-09T20:37:22.7619238Z         "treatment": "IDENTIDAD",
2026-09-09T20:37:22.7619485Z         "field": "stage",
2026-09-09T20:37:22.7619721Z         "expected": "MATRIZ_CONTENIDO",
2026-09-09T20:37:22.7619986Z         "actual": "MATRIZ_CONTENIDO"
2026-09-09T20:37:22.7620226Z       },
2026-09-09T20:37:22.7620402Z       {
2026-09-09T20:37:22.7620592Z         "treatment": "IDENTIDAD",
2026-09-09T20:37:22.7620845Z         "field": "reentry_condition",
2026-09-09T20:37:22.7621362Z         "expected": "MATRIZ_CONTENIDO",
2026-09-09T20:37:22.7621664Z         "actual": "MATRIZ_CONTENIDO"
2026-09-09T20:37:22.7621904Z       },
2026-09-09T20:37:22.7622086Z       {
2026-09-09T20:37:22.7622274Z         "treatment": "IDENTIDAD",
2026-09-09T20:37:22.7622517Z         "field": "evidence",
2026-09-09T20:37:22.7622760Z         "expected": "MATRIZ_CONTENIDO",
2026-09-09T20:37:22.7623019Z         "actual": "MATRIZ_CONTENIDO"
2026-09-09T20:37:22.7623252Z       },
2026-09-09T20:37:22.7623428Z       {
2026-09-09T20:37:22.7623624Z         "treatment": "BYTES",
2026-09-09T20:37:22.7623865Z         "field": "operation",
2026-09-09T20:37:22.7624102Z         "expected": "MATRIZ_CONTENIDO",
2026-09-09T20:37:22.7624368Z         "actual": "MATRIZ_CONTENIDO"
2026-09-09T20:37:22.7624603Z       },
2026-09-09T20:37:22.7624781Z       {
2026-09-09T20:37:22.7624967Z         "treatment": "BYTES",
2026-09-09T20:37:22.7625199Z         "field": "contract",
2026-09-09T20:37:22.7625434Z         "expected": "MATRIZ_CONTENIDO",
2026-09-09T20:37:22.7625687Z         "actual": "MATRIZ_CONTENIDO"
2026-09-09T20:37:22.7625930Z       },
2026-09-09T20:37:22.7626103Z       {
2026-09-09T20:37:22.7626286Z         "treatment": "BYTES",
2026-09-09T20:37:22.7626522Z         "field": "available",
2026-09-09T20:37:22.7626774Z         "expected": "MATRIZ_CONTENIDO",
2026-09-09T20:37:22.7627043Z         "actual": "MATRIZ_CONTENIDO"
2026-09-09T20:37:22.7627281Z       },
2026-09-09T20:37:22.7627461Z       {
2026-09-09T20:37:22.7627662Z         "treatment": "BYTES",
2026-09-09T20:37:22.7627899Z         "field": "excluded",
2026-09-09T20:37:22.7628142Z         "expected": "MATRIZ_CONTENIDO",
2026-09-09T20:37:22.7628403Z         "actual": "MATRIZ_CONTENIDO"
2026-09-09T20:37:22.7628637Z       },
2026-09-09T20:37:22.7628815Z       {
2026-09-09T20:37:22.7629043Z         "treatment": "BYTES",
2026-09-09T20:37:22.7629276Z         "field": "responsible",
2026-09-09T20:37:22.7629530Z         "expected": "MATRIZ_CONTENIDO",
2026-09-09T20:37:22.7629785Z         "actual": "MATRIZ_CONTENIDO"
2026-09-09T20:37:22.7630026Z       },
2026-09-09T20:37:22.7630364Z       {
2026-09-09T20:37:22.7630552Z         "treatment": "BYTES",
2026-09-09T20:37:22.7630786Z         "field": "stage",
2026-09-09T20:37:22.7631020Z         "expected": "MATRIZ_CONTENIDO",
2026-09-09T20:37:22.7631455Z         "actual": "MATRIZ_CONTENIDO"
2026-09-09T20:37:22.7631693Z       },
2026-09-09T20:37:22.7631871Z       {
2026-09-09T20:37:22.7632060Z         "treatment": "BYTES",
2026-09-09T20:37:22.7632310Z         "field": "reentry_condition",
2026-09-09T20:37:22.7632577Z         "expected": "MATRIZ_CONTENIDO",
2026-09-09T20:37:22.7632831Z         "actual": "MATRIZ_CONTENIDO"
2026-09-09T20:37:22.7633064Z       },
2026-09-09T20:37:22.7633244Z       {
2026-09-09T20:37:22.7633429Z         "treatment": "BYTES",
2026-09-09T20:37:22.7633678Z         "field": "evidence",
2026-09-09T20:37:22.7633911Z         "expected": "MATRIZ_CONTENIDO",
2026-09-09T20:37:22.7634166Z         "actual": "MATRIZ_CONTENIDO"
2026-09-09T20:37:22.7634402Z       },
2026-09-09T20:37:22.7634711Z       {
2026-09-09T20:37:22.7634914Z         "treatment": "CONTEXTO",
2026-09-09T20:37:22.7635171Z         "field": "operation",
2026-09-09T20:37:22.7635404Z         "expected": "MATRIZ_CONTENIDO",
2026-09-09T20:37:22.7635659Z         "actual": "MATRIZ_CONTENIDO"
2026-09-09T20:37:22.7635891Z       },
2026-09-09T20:37:22.7636065Z       {
2026-09-09T20:37:22.7636249Z         "treatment": "CONTEXTO",
2026-09-09T20:37:22.7636480Z         "field": "contract",
2026-09-09T20:37:22.7636714Z         "expected": "MATRIZ_CONTENIDO",
2026-09-09T20:37:22.7637036Z         "actual": "MATRIZ_CONTENIDO"
2026-09-09T20:37:22.7637404Z       },
2026-09-09T20:37:22.7637839Z       {
2026-09-09T20:37:22.7638208Z         "treatment": "CONTEXTO",
2026-09-09T20:37:22.7638564Z         "field": "available",
2026-09-09T20:37:22.7638970Z         "expected": "MATRIZ_CONTENIDO",
2026-09-09T20:37:22.7639351Z         "actual": "MATRIZ_CONTENIDO"
2026-09-09T20:37:22.7639691Z       },
2026-09-09T20:37:22.7640131Z       {
2026-09-09T20:37:22.7640440Z         "treatment": "CONTEXTO",
2026-09-09T20:37:22.7640845Z         "field": "excluded",
2026-09-09T20:37:22.7641372Z         "expected": "MATRIZ_CONTENIDO",
2026-09-09T20:37:22.7641738Z         "actual": "MATRIZ_CONTENIDO"
2026-09-09T20:37:22.7642207Z       },
2026-09-09T20:37:22.7654738Z       {
2026-09-09T20:37:22.7655011Z         "treatment": "CONTEXTO",
2026-09-09T20:37:22.7655300Z         "field": "responsible",
2026-09-09T20:37:22.7655578Z         "expected": "MATRIZ_CONTENIDO",
2026-09-09T20:37:22.7655872Z         "actual": "MATRIZ_CONTENIDO"
2026-09-09T20:37:22.7656124Z       },
2026-09-09T20:37:22.7656311Z       {
2026-09-09T20:37:22.7656515Z         "treatment": "CONTEXTO",
2026-09-09T20:37:22.7656761Z         "field": "stage",
2026-09-09T20:37:22.7657009Z         "expected": "MATRIZ_CONTENIDO",
2026-09-09T20:37:22.7657284Z         "actual": "MATRIZ_CONTENIDO"
2026-09-09T20:37:22.7657538Z       },
2026-09-09T20:37:22.7657720Z       {
2026-09-09T20:37:22.7657910Z         "treatment": "CONTEXTO",
2026-09-09T20:37:22.7658180Z         "field": "reentry_condition",
2026-09-09T20:37:22.7658448Z         "expected": "MATRIZ_CONTENIDO",
2026-09-09T20:37:22.7658727Z         "actual": "MATRIZ_CONTENIDO"
2026-09-09T20:37:22.7658972Z       },
2026-09-09T20:37:22.7659155Z       {
2026-09-09T20:37:22.7659347Z         "treatment": "CONTEXTO",
2026-09-09T20:37:22.7659593Z         "field": "evidence",
2026-09-09T20:37:22.7659838Z         "expected": "MATRIZ_CONTENIDO",
2026-09-09T20:37:22.7660112Z         "actual": "MATRIZ_CONTENIDO"
2026-09-09T20:37:22.7660352Z       },
2026-09-09T20:37:22.7660530Z       {
2026-09-09T20:37:22.7660724Z         "treatment": "CLINICA",
2026-09-09T20:37:22.7660972Z         "field": "operation",
2026-09-09T20:37:22.7661647Z         "expected": "MATRIZ_CONTENIDO",
2026-09-09T20:37:22.7661916Z         "actual": "MATRIZ_CONTENIDO"
2026-09-09T20:37:22.7662152Z       },
2026-09-09T20:37:22.7662328Z       {
2026-09-09T20:37:22.7662519Z         "treatment": "CLINICA",
2026-09-09T20:37:22.7662766Z         "field": "contract",
2026-09-09T20:37:22.7663221Z         "expected": "MATRIZ_CONTENIDO",
2026-09-09T20:37:22.7663485Z         "actual": "MATRIZ_CONTENIDO"
2026-09-09T20:37:22.7663721Z       },
2026-09-09T20:37:22.7663893Z       {
2026-09-09T20:37:22.7664079Z         "treatment": "CLINICA",
2026-09-09T20:37:22.7664312Z         "field": "available",
2026-09-09T20:37:22.7664548Z         "expected": "MATRIZ_CONTENIDO",
2026-09-09T20:37:22.7664814Z         "actual": "MATRIZ_CONTENIDO"
2026-09-09T20:37:22.7665047Z       },
2026-09-09T20:37:22.7665227Z       {
2026-09-09T20:37:22.7665413Z         "treatment": "CLINICA",
2026-09-09T20:37:22.7665647Z         "field": "excluded",
2026-09-09T20:37:22.7665893Z         "expected": "MATRIZ_CONTENIDO",
2026-09-09T20:37:22.7666150Z         "actual": "MATRIZ_CONTENIDO"
2026-09-09T20:37:22.7666386Z       },
2026-09-09T20:37:22.7666571Z       {
2026-09-09T20:37:22.7666763Z         "treatment": "CLINICA",
2026-09-09T20:37:22.7667005Z         "field": "responsible",
2026-09-09T20:37:22.7667394Z         "expected": "MATRIZ_CONTENIDO",
2026-09-09T20:37:22.7667660Z         "actual": "MATRIZ_CONTENIDO"
2026-09-09T20:37:22.7667899Z       },
2026-09-09T20:37:22.7668079Z       {
2026-09-09T20:37:22.7668265Z         "treatment": "CLINICA",
2026-09-09T20:37:22.7668497Z         "field": "stage",
2026-09-09T20:37:22.7668733Z         "expected": "MATRIZ_CONTENIDO",
2026-09-09T20:37:22.7668987Z         "actual": "MATRIZ_CONTENIDO"
2026-09-09T20:37:22.7669221Z       },
2026-09-09T20:37:22.7669402Z       {
2026-09-09T20:37:22.7669591Z         "treatment": "CLINICA",
2026-09-09T20:37:22.7669835Z         "field": "reentry_condition",
2026-09-09T20:37:22.7670092Z         "expected": "MATRIZ_CONTENIDO",
2026-09-09T20:37:22.7670347Z         "actual": "MATRIZ_CONTENIDO"
2026-09-09T20:37:22.7670582Z       },
2026-09-09T20:37:22.7670757Z       {
2026-09-09T20:37:22.7670949Z         "treatment": "CLINICA",
2026-09-09T20:37:22.7671364Z         "field": "evidence",
2026-09-09T20:37:22.7671618Z         "expected": "MATRIZ_CONTENIDO",
2026-09-09T20:37:22.7671877Z         "actual": "MATRIZ_CONTENIDO"
2026-09-09T20:37:22.7672115Z       },
2026-09-09T20:37:22.7672292Z       {
2026-09-09T20:37:22.7672484Z         "treatment": "AUTORIDAD",
2026-09-09T20:37:22.7672734Z         "field": "operation",
2026-09-09T20:37:22.7672972Z         "expected": "MATRIZ_CONTENIDO",
2026-09-09T20:37:22.7673225Z         "actual": "MATRIZ_CONTENIDO"
2026-09-09T20:37:22.7673455Z       },
2026-09-09T20:37:22.7673627Z       {
2026-09-09T20:37:22.7673814Z         "treatment": "AUTORIDAD",
2026-09-09T20:37:22.7674057Z         "field": "contract",
2026-09-09T20:37:22.7674292Z         "expected": "MATRIZ_CONTENIDO",
2026-09-09T20:37:22.7674547Z         "actual": "MATRIZ_CONTENIDO"
2026-09-09T20:37:22.7674781Z       },
2026-09-09T20:37:22.7674957Z       {
2026-09-09T20:37:22.7675145Z         "treatment": "AUTORIDAD",
2026-09-09T20:37:22.7675381Z         "field": "available",
2026-09-09T20:37:22.7675616Z         "expected": "MATRIZ_CONTENIDO",
2026-09-09T20:37:22.7675896Z         "actual": "MATRIZ_CONTENIDO"
2026-09-09T20:37:22.7676133Z       },
2026-09-09T20:37:22.7676311Z       {
2026-09-09T20:37:22.7676507Z         "treatment": "AUTORIDAD",
2026-09-09T20:37:22.7676744Z         "field": "excluded",
2026-09-09T20:37:22.7676978Z         "expected": "MATRIZ_CONTENIDO",
2026-09-09T20:37:22.7677229Z         "actual": "MATRIZ_CONTENIDO"
2026-09-09T20:37:22.7677461Z       },
2026-09-09T20:37:22.7677638Z       {
2026-09-09T20:37:22.7677829Z         "treatment": "AUTORIDAD",
2026-09-09T20:37:22.7678069Z         "field": "responsible",
2026-09-09T20:37:22.7678314Z         "expected": "MATRIZ_CONTENIDO",
2026-09-09T20:37:22.7678577Z         "actual": "MATRIZ_CONTENIDO"
2026-09-09T20:37:22.7678817Z       },
2026-09-09T20:37:22.7678992Z       {
2026-09-09T20:37:22.7679190Z         "treatment": "AUTORIDAD",
2026-09-09T20:37:22.7679418Z         "field": "stage",
2026-09-09T20:37:22.7679639Z         "expected": "MATRIZ_CONTENIDO",
2026-09-09T20:37:22.7680039Z         "actual": "MATRIZ_CONTENIDO"
2026-09-09T20:37:22.7680273Z       },
2026-09-09T20:37:22.7680447Z       {
2026-09-09T20:37:22.7680627Z         "treatment": "AUTORIDAD",
2026-09-09T20:37:22.7680864Z         "field": "reentry_condition",
2026-09-09T20:37:22.7681350Z         "expected": "MATRIZ_CONTENIDO",
2026-09-09T20:37:22.7681621Z         "actual": "MATRIZ_CONTENIDO"
2026-09-09T20:37:22.7681850Z       },
2026-09-09T20:37:22.7682027Z       {
2026-09-09T20:37:22.7682210Z         "treatment": "AUTORIDAD",
2026-09-09T20:37:22.7682442Z         "field": "evidence",
2026-09-09T20:37:22.7682670Z         "expected": "MATRIZ_CONTENIDO",
2026-09-09T20:37:22.7682921Z         "actual": "MATRIZ_CONTENIDO"
2026-09-09T20:37:22.7683147Z       },
2026-09-09T20:37:22.7683314Z       {
2026-09-09T20:37:22.7683502Z         "treatment": "CRITICIDAD",
2026-09-09T20:37:22.7683751Z         "field": "operation",
2026-09-09T20:37:22.7683986Z         "expected": "MATRIZ_CONTENIDO",
2026-09-09T20:37:22.7684392Z         "actual": "MATRIZ_CONTENIDO"
2026-09-09T20:37:22.7684640Z       },
2026-09-09T20:37:22.7684818Z       {
2026-09-09T20:37:22.7684998Z         "treatment": "CRITICIDAD",
2026-09-09T20:37:22.7685234Z         "field": "contract",
2026-09-09T20:37:22.7685461Z         "expected": "MATRIZ_CONTENIDO",
2026-09-09T20:37:22.7685715Z         "actual": "MATRIZ_CONTENIDO"
2026-09-09T20:37:22.7685950Z       },
2026-09-09T20:37:22.7686124Z       {
2026-09-09T20:37:22.7686308Z         "treatment": "CRITICIDAD",
2026-09-09T20:37:22.7686544Z         "field": "available",
2026-09-09T20:37:22.7686780Z         "expected": "MATRIZ_CONTENIDO",
2026-09-09T20:37:22.7687032Z         "actual": "MATRIZ_CONTENIDO"
2026-09-09T20:37:22.7687268Z       },
2026-09-09T20:37:22.7687436Z       {
2026-09-09T20:37:22.7687620Z         "treatment": "CRITICIDAD",
2026-09-09T20:37:22.7687855Z         "field": "excluded",
2026-09-09T20:37:22.7688084Z         "expected": "MATRIZ_CONTENIDO",
2026-09-09T20:37:22.7688345Z         "actual": "MATRIZ_CONTENIDO"
2026-09-09T20:37:22.7688586Z       },
2026-09-09T20:37:22.7688766Z       {
2026-09-09T20:37:22.7688952Z         "treatment": "CRITICIDAD",
2026-09-09T20:37:22.7689194Z         "field": "responsible",
2026-09-09T20:37:22.7689441Z         "expected": "MATRIZ_CONTENIDO",
2026-09-09T20:37:22.7689689Z         "actual": "MATRIZ_CONTENIDO"
2026-09-09T20:37:22.7689914Z       },
2026-09-09T20:37:22.7690086Z       {
2026-09-09T20:37:22.7690266Z         "treatment": "CRITICIDAD",
2026-09-09T20:37:22.7690500Z         "field": "stage",
2026-09-09T20:37:22.7690716Z         "expected": "MATRIZ_CONTENIDO",
2026-09-09T20:37:22.7690964Z         "actual": "MATRIZ_CONTENIDO"
2026-09-09T20:37:22.7691369Z       },
2026-09-09T20:37:22.7691548Z       {
2026-09-09T20:37:22.7691741Z         "treatment": "CRITICIDAD",
2026-09-09T20:37:22.7691999Z         "field": "reentry_condition",
2026-09-09T20:37:22.7692258Z         "expected": "MATRIZ_CONTENIDO",
2026-09-09T20:37:22.7692522Z         "actual": "MATRIZ_CONTENIDO"
2026-09-09T20:37:22.7692764Z       },
2026-09-09T20:37:22.7692946Z       {
2026-09-09T20:37:22.7693130Z         "treatment": "CRITICIDAD",
2026-09-09T20:37:22.7693371Z         "field": "evidence",
2026-09-09T20:37:22.7693610Z         "expected": "MATRIZ_CONTENIDO",
2026-09-09T20:37:22.7693868Z         "actual": "MATRIZ_CONTENIDO"
2026-09-09T20:37:22.7694104Z       },
2026-09-09T20:37:22.7694274Z       {
2026-09-09T20:37:22.7694456Z         "treatment": "RESUMEN",
2026-09-09T20:37:22.7694696Z         "field": "operation",
2026-09-09T20:37:22.7694953Z         "expected": "MATRIZ_CONTENIDO",
2026-09-09T20:37:22.7695207Z         "actual": "MATRIZ_CONTENIDO"
2026-09-09T20:37:22.7695432Z       },
2026-09-09T20:37:22.7695606Z       {
2026-09-09T20:37:22.7695787Z         "treatment": "RESUMEN",
2026-09-09T20:37:22.7696016Z         "field": "contract",
2026-09-09T20:37:22.7696252Z         "expected": "MATRIZ_CONTENIDO",
2026-09-09T20:37:22.7696502Z         "actual": "MATRIZ_CONTENIDO"
2026-09-09T20:37:22.7696736Z       },
2026-09-09T20:37:22.7696915Z       {
2026-09-09T20:37:22.7697293Z         "treatment": "RESUMEN",
2026-09-09T20:37:22.7697533Z         "field": "available",
2026-09-09T20:37:22.7697769Z         "expected": "MATRIZ_CONTENIDO",
2026-09-09T20:37:22.7698024Z         "actual": "MATRIZ_CONTENIDO"
2026-09-09T20:37:22.7698255Z       },
2026-09-09T20:37:22.7698431Z       {
2026-09-09T20:37:22.7698609Z         "treatment": "RESUMEN",
2026-09-09T20:37:22.7698841Z         "field": "excluded",
2026-09-09T20:37:22.7699074Z         "expected": "MATRIZ_CONTENIDO",
2026-09-09T20:37:22.7699336Z         "actual": "MATRIZ_CONTENIDO"
2026-09-09T20:37:22.7699572Z       },
2026-09-09T20:37:22.7699747Z       {
2026-09-09T20:37:22.7699930Z         "treatment": "RESUMEN",
2026-09-09T20:37:22.7700161Z         "field": "responsible",
2026-09-09T20:37:22.7700392Z         "expected": "MATRIZ_CONTENIDO",
2026-09-09T20:37:22.7700640Z         "actual": "MATRIZ_CONTENIDO"
2026-09-09T20:37:22.7700871Z       },
2026-09-09T20:37:22.7701042Z       {
2026-09-09T20:37:22.7701582Z         "treatment": "RESUMEN",
2026-09-09T20:37:22.7701822Z         "field": "stage",
2026-09-09T20:37:22.7702057Z         "expected": "MATRIZ_CONTENIDO",
2026-09-09T20:37:22.7702324Z         "actual": "MATRIZ_CONTENIDO"
2026-09-09T20:37:22.7702556Z       },
2026-09-09T20:37:22.7702728Z       {
2026-09-09T20:37:22.7702911Z         "treatment": "RESUMEN",
2026-09-09T20:37:22.7703151Z         "field": "reentry_condition",
2026-09-09T20:37:22.7703405Z         "expected": "MATRIZ_CONTENIDO",
2026-09-09T20:37:22.7703672Z         "actual": "MATRIZ_CONTENIDO"
2026-09-09T20:37:22.7703905Z       },
2026-09-09T20:37:22.7704076Z       {
2026-09-09T20:37:22.7704258Z         "treatment": "RESUMEN",
2026-09-09T20:37:22.7704484Z         "field": "evidence",
2026-09-09T20:37:22.7704722Z         "expected": "MATRIZ_CONTENIDO",
2026-09-09T20:37:22.7704973Z         "actual": "MATRIZ_CONTENIDO"
2026-09-09T20:37:22.7705204Z       },
2026-09-09T20:37:22.7705372Z       {
2026-09-09T20:37:22.7705564Z         "treatment": "SALIDA",
2026-09-09T20:37:22.7705805Z         "field": "operation",
2026-09-09T20:37:22.7706037Z         "expected": "MATRIZ_CONTENIDO",
2026-09-09T20:37:22.7706288Z         "actual": "MATRIZ_CONTENIDO"
2026-09-09T20:37:22.7706516Z       },
2026-09-09T20:37:22.7706685Z       {
2026-09-09T20:37:22.7706868Z         "treatment": "SALIDA",
2026-09-09T20:37:22.7707093Z         "field": "contract",
2026-09-09T20:37:22.7707329Z         "expected": "MATRIZ_CONTENIDO",
2026-09-09T20:37:22.7707578Z         "actual": "MATRIZ_CONTENIDO"
2026-09-09T20:37:22.7707805Z       },
2026-09-09T20:37:22.7707973Z       {
2026-09-09T20:37:22.7708152Z         "treatment": "SALIDA",
2026-09-09T20:37:22.7708374Z         "field": "available",
2026-09-09T20:37:22.7708600Z         "expected": "MATRIZ_CONTENIDO",
2026-09-09T20:37:22.7708846Z         "actual": "MATRIZ_CONTENIDO"
2026-09-09T20:37:22.7709073Z       },
2026-09-09T20:37:22.7709244Z       {
2026-09-09T20:37:22.7709423Z         "treatment": "SALIDA",
2026-09-09T20:37:22.7709657Z         "field": "excluded",
2026-09-09T20:37:22.7709888Z         "expected": "MATRIZ_CONTENIDO",
2026-09-09T20:37:22.7710141Z         "actual": "MATRIZ_CONTENIDO"
2026-09-09T20:37:22.7710372Z       },
2026-09-09T20:37:22.7710542Z       {
2026-09-09T20:37:22.7710718Z         "treatment": "SALIDA",
2026-09-09T20:37:22.7710940Z         "field": "responsible",
2026-09-09T20:37:22.7711370Z         "expected": "MATRIZ_CONTENIDO",
2026-09-09T20:37:22.7711623Z         "actual": "MATRIZ_CONTENIDO"
2026-09-09T20:37:22.7711851Z       },
2026-09-09T20:37:22.7712025Z       {
2026-09-09T20:37:22.7712206Z         "treatment": "SALIDA",
2026-09-09T20:37:22.7712437Z         "field": "stage",
2026-09-09T20:37:22.7712658Z         "expected": "MATRIZ_CONTENIDO",
2026-09-09T20:37:22.7712904Z         "actual": "MATRIZ_CONTENIDO"
2026-09-09T20:37:22.7713136Z       },
2026-09-09T20:37:22.7713304Z       {
2026-09-09T20:37:22.7713481Z         "treatment": "SALIDA",
2026-09-09T20:37:22.7713717Z         "field": "reentry_condition",
2026-09-09T20:37:22.7714128Z         "expected": "MATRIZ_CONTENIDO",
2026-09-09T20:37:22.7714379Z         "actual": "MATRIZ_CONTENIDO"
2026-09-09T20:37:22.7714608Z       },
2026-09-09T20:37:22.7714777Z       {
2026-09-09T20:37:22.7714962Z         "treatment": "SALIDA",
2026-09-09T20:37:22.7715184Z         "field": "evidence",
2026-09-09T20:37:22.7715413Z         "expected": "MATRIZ_CONTENIDO",
2026-09-09T20:37:22.7715658Z         "actual": "MATRIZ_CONTENIDO"
2026-09-09T20:37:22.7715885Z       },
2026-09-09T20:37:22.7716055Z       {
2026-09-09T20:37:22.7716237Z         "treatment": "FALLO",
2026-09-09T20:37:22.7716459Z         "field": "operation",
2026-09-09T20:37:22.7716686Z         "expected": "MATRIZ_CONTENIDO",
2026-09-09T20:37:22.7716932Z         "actual": "MATRIZ_CONTENIDO"
2026-09-09T20:37:22.7717162Z       },
2026-09-09T20:37:22.7717334Z       {
2026-09-09T20:37:22.7717515Z         "treatment": "FALLO",
2026-09-09T20:37:22.7717737Z         "field": "contract",
2026-09-09T20:37:22.7718096Z         "expected": "MATRIZ_CONTENIDO",
2026-09-09T20:37:22.7718352Z         "actual": "MATRIZ_CONTENIDO"
2026-09-09T20:37:22.7718579Z       },
2026-09-09T20:37:22.7718751Z       {
2026-09-09T20:37:22.7718926Z         "treatment": "FALLO",
2026-09-09T20:37:22.7719143Z         "field": "available",
2026-09-09T20:37:22.7719368Z         "expected": "MATRIZ_CONTENIDO",
2026-09-09T20:37:22.7719613Z         "actual": "MATRIZ_CONTENIDO"
2026-09-09T20:37:22.7719841Z       },
2026-09-09T20:37:22.7720011Z       {
2026-09-09T20:37:22.7720185Z         "treatment": "FALLO",
2026-09-09T20:37:22.7720401Z         "field": "excluded",
2026-09-09T20:37:22.7720625Z         "expected": "MATRIZ_CONTENIDO",
2026-09-09T20:37:22.7720869Z         "actual": "MATRIZ_CONTENIDO"
2026-09-09T20:37:22.7721320Z       },
2026-09-09T20:37:22.7721495Z       {
2026-09-09T20:37:22.7721675Z         "treatment": "FALLO",
2026-09-09T20:37:22.7721901Z         "field": "responsible",
2026-09-09T20:37:22.7722137Z         "expected": "MATRIZ_CONTENIDO",
2026-09-09T20:37:22.7722397Z         "actual": "MATRIZ_CONTENIDO"
2026-09-09T20:37:22.7722628Z       },
2026-09-09T20:37:22.7722800Z       {
2026-09-09T20:37:22.7722978Z         "treatment": "FALLO",
2026-09-09T20:37:22.7723194Z         "field": "stage",
2026-09-09T20:37:22.7723411Z         "expected": "MATRIZ_CONTENIDO",
2026-09-09T20:37:22.7723660Z         "actual": "MATRIZ_CONTENIDO"
2026-09-09T20:37:22.7723892Z       },
2026-09-09T20:37:22.7724065Z       {
2026-09-09T20:37:22.7724244Z         "treatment": "FALLO",
2026-09-09T20:37:22.7724471Z         "field": "reentry_condition",
2026-09-09T20:37:22.7724723Z         "expected": "MATRIZ_CONTENIDO",
2026-09-09T20:37:22.7724969Z         "actual": "MATRIZ_CONTENIDO"
2026-09-09T20:37:22.7725200Z       },
2026-09-09T20:37:22.7725370Z       {
2026-09-09T20:37:22.7725547Z         "treatment": "FALLO",
2026-09-09T20:37:22.7725764Z         "field": "evidence",
2026-09-09T20:37:22.7725989Z         "expected": "MATRIZ_CONTENIDO",
2026-09-09T20:37:22.7726247Z         "actual": "MATRIZ_CONTENIDO"
2026-09-09T20:37:22.7726483Z       },
2026-09-09T20:37:22.7726657Z       {
2026-09-09T20:37:22.7726851Z         "treatment": "REPRODUCCION",
2026-09-09T20:37:22.7727100Z         "field": "operation",
2026-09-09T20:37:22.7727332Z         "expected": "MATRIZ_CONTENIDO",
2026-09-09T20:37:22.7727594Z         "actual": "MATRIZ_CONTENIDO"
2026-09-09T20:37:22.7727830Z       },
2026-09-09T20:37:22.7728004Z       {
2026-09-09T20:37:22.7728188Z         "treatment": "REPRODUCCION",
2026-09-09T20:37:22.7728427Z         "field": "contract",
2026-09-09T20:37:22.7728654Z         "expected": "MATRIZ_CONTENIDO",
2026-09-09T20:37:22.7728903Z         "actual": "MATRIZ_CONTENIDO"
2026-09-09T20:37:22.7729184Z       },
2026-09-09T20:37:22.7729364Z       {
2026-09-09T20:37:22.7729547Z         "treatment": "REPRODUCCION",
2026-09-09T20:37:22.7729792Z         "field": "available",
2026-09-09T20:37:22.7730023Z         "expected": "MATRIZ_CONTENIDO",
2026-09-09T20:37:22.7730278Z         "actual": "MATRIZ_CONTENIDO"
2026-09-09T20:37:22.7730655Z       },
2026-09-09T20:37:22.7730832Z       {
2026-09-09T20:37:22.7731019Z         "treatment": "REPRODUCCION",
2026-09-09T20:37:22.7731424Z         "field": "excluded",
2026-09-09T20:37:22.7731655Z         "expected": "MATRIZ_CONTENIDO",
2026-09-09T20:37:22.7731909Z         "actual": "MATRIZ_CONTENIDO"
2026-09-09T20:37:22.7732141Z       },
2026-09-09T20:37:22.7732314Z       {
2026-09-09T20:37:22.7732505Z         "treatment": "REPRODUCCION",
2026-09-09T20:37:22.7732751Z         "field": "responsible",
2026-09-09T20:37:22.7733000Z         "expected": "MATRIZ_CONTENIDO",
2026-09-09T20:37:22.7733254Z         "actual": "MATRIZ_CONTENIDO"
2026-09-09T20:37:22.7733487Z       },
2026-09-09T20:37:22.7733656Z       {
2026-09-09T20:37:22.7733842Z         "treatment": "REPRODUCCION",
2026-09-09T20:37:22.7734082Z         "field": "stage",
2026-09-09T20:37:22.7734302Z         "expected": "MATRIZ_CONTENIDO",
2026-09-09T20:37:22.7734550Z         "actual": "MATRIZ_CONTENIDO"
2026-09-09T20:37:22.7734915Z       },
2026-09-09T20:37:22.7735098Z       {
2026-09-09T20:37:22.7735285Z         "treatment": "REPRODUCCION",
2026-09-09T20:37:22.7735536Z         "field": "reentry_condition",
2026-09-09T20:37:22.7735791Z         "expected": "MATRIZ_CONTENIDO",
2026-09-09T20:37:22.7736041Z         "actual": "MATRIZ_CONTENIDO"
2026-09-09T20:37:22.7736269Z       },
2026-09-09T20:37:22.7736439Z       {
2026-09-09T20:37:22.7736622Z         "treatment": "REPRODUCCION",
2026-09-09T20:37:22.7736863Z         "field": "evidence",
2026-09-09T20:37:22.7737091Z         "expected": "MATRIZ_CONTENIDO",
2026-09-09T20:37:22.7737342Z         "actual": "MATRIZ_CONTENIDO"
2026-09-09T20:37:22.7737571Z       },
2026-09-09T20:37:22.7737743Z       {
2026-09-09T20:37:22.7737933Z         "treatment": "SOPORTE",
2026-09-09T20:37:22.7738168Z         "field": "operation",
2026-09-09T20:37:22.7738404Z         "expected": "MATRIZ_CONTENIDO",
2026-09-09T20:37:22.7738657Z         "actual": "MATRIZ_CONTENIDO"
2026-09-09T20:37:22.7738898Z       },
2026-09-09T20:37:22.7739078Z       {
2026-09-09T20:37:22.7739263Z         "treatment": "SOPORTE",
2026-09-09T20:37:22.7739492Z         "field": "contract",
2026-09-09T20:37:22.7739720Z         "expected": "MATRIZ_CONTENIDO",
2026-09-09T20:37:22.7739972Z         "actual": "MATRIZ_CONTENIDO"
2026-09-09T20:37:22.7740201Z       },
2026-09-09T20:37:22.7740373Z       {
2026-09-09T20:37:22.7740557Z         "treatment": "SOPORTE",
2026-09-09T20:37:22.7740786Z         "field": "available",
2026-09-09T20:37:22.7741014Z         "expected": "MATRIZ_CONTENIDO",
2026-09-09T20:37:22.7741473Z         "actual": "MATRIZ_CONTENIDO"
2026-09-09T20:37:22.7741707Z       },
2026-09-09T20:37:22.7741882Z       {
2026-09-09T20:37:22.7742065Z         "treatment": "SOPORTE",
2026-09-09T20:37:22.7742296Z         "field": "excluded",
2026-09-09T20:37:22.7742526Z         "expected": "MATRIZ_CONTENIDO",
2026-09-09T20:37:22.7742812Z         "actual": "MATRIZ_CONTENIDO"
2026-09-09T20:37:22.7743044Z       },
2026-09-09T20:37:22.7743228Z       {
2026-09-09T20:37:22.7743418Z         "treatment": "SOPORTE",
2026-09-09T20:37:22.7743646Z         "field": "responsible",
2026-09-09T20:37:22.7743882Z         "expected": "MATRIZ_CONTENIDO",
2026-09-09T20:37:22.7744132Z         "actual": "MATRIZ_CONTENIDO"
2026-09-09T20:37:22.7744363Z       },
2026-09-09T20:37:22.7744539Z       {
2026-09-09T20:37:22.7744722Z         "treatment": "SOPORTE",
2026-09-09T20:37:22.7744945Z         "field": "stage",
2026-09-09T20:37:22.7745164Z         "expected": "MATRIZ_CONTENIDO",
2026-09-09T20:37:22.7745414Z         "actual": "MATRIZ_CONTENIDO"
2026-09-09T20:37:22.7745654Z       },
2026-09-09T20:37:22.7745834Z       {
2026-09-09T20:37:22.7746014Z         "treatment": "SOPORTE",
2026-09-09T20:37:22.7746249Z         "field": "reentry_condition",
2026-09-09T20:37:22.7746503Z         "expected": "MATRIZ_CONTENIDO",
2026-09-09T20:37:22.7746755Z         "actual": "MATRIZ_CONTENIDO"
2026-09-09T20:37:22.7746986Z       },
2026-09-09T20:37:22.7747158Z       {
2026-09-09T20:37:22.7747347Z         "treatment": "SOPORTE",
2026-09-09T20:37:22.7747736Z         "field": "evidence",
2026-09-09T20:37:22.7747977Z         "expected": "MATRIZ_CONTENIDO",
2026-09-09T20:37:22.7748233Z         "actual": "MATRIZ_CONTENIDO"
2026-09-09T20:37:22.7748464Z       },
2026-09-09T20:37:22.7748650Z       {
2026-09-09T20:37:22.7748840Z         "treatment": "CONSTITUCION",
2026-09-09T20:37:22.7749089Z         "field": "operation",
2026-09-09T20:37:22.7749328Z         "expected": "MATRIZ_CONTENIDO",
2026-09-09T20:37:22.7749582Z         "actual": "MATRIZ_CONTENIDO"
2026-09-09T20:37:22.7749817Z       },
2026-09-09T20:37:22.7749987Z       {
2026-09-09T20:37:22.7750172Z         "treatment": "CONSTITUCION",
2026-09-09T20:37:22.7750415Z         "field": "contract",
2026-09-09T20:37:22.7750647Z         "expected": "MATRIZ_CONTENIDO",
2026-09-09T20:37:22.7750905Z         "actual": "MATRIZ_CONTENIDO"
2026-09-09T20:37:22.7751317Z       },
2026-09-09T20:37:22.7751525Z       {
2026-09-09T20:37:22.7751714Z         "treatment": "CONSTITUCION",
2026-09-09T20:37:22.7752138Z         "field": "available",
2026-09-09T20:37:22.7752377Z         "expected": "MATRIZ_CONTENIDO",
2026-09-09T20:37:22.7752632Z         "actual": "MATRIZ_CONTENIDO"
2026-09-09T20:37:22.7752864Z       },
2026-09-09T20:37:22.7753035Z       {
2026-09-09T20:37:22.7753222Z         "treatment": "CONSTITUCION",
2026-09-09T20:37:22.7753464Z         "field": "excluded",
2026-09-09T20:37:22.7753694Z         "expected": "MATRIZ_CONTENIDO",
2026-09-09T20:37:22.7753942Z         "actual": "MATRIZ_CONTENIDO"
2026-09-09T20:37:22.7754181Z       },
2026-09-09T20:37:22.7754350Z       {
2026-09-09T20:37:22.7754535Z         "treatment": "CONSTITUCION",
2026-09-09T20:37:22.7754784Z         "field": "responsible",
2026-09-09T20:37:22.7755022Z         "expected": "MATRIZ_CONTENIDO",
2026-09-09T20:37:22.7755277Z         "actual": "MATRIZ_CONTENIDO"
2026-09-09T20:37:22.7755508Z       },
2026-09-09T20:37:22.7755684Z       {
2026-09-09T20:37:22.7755868Z         "treatment": "CONSTITUCION",
2026-09-09T20:37:22.7756118Z         "field": "stage",
2026-09-09T20:37:22.7756345Z         "expected": "MATRIZ_CONTENIDO",
2026-09-09T20:37:22.7756598Z         "actual": "MATRIZ_CONTENIDO"
2026-09-09T20:37:22.7756824Z       },
2026-09-09T20:37:22.7756995Z       {
2026-09-09T20:37:22.7757181Z         "treatment": "CONSTITUCION",
2026-09-09T20:37:22.7757426Z         "field": "reentry_condition",
2026-09-09T20:37:22.7757677Z         "expected": "MATRIZ_CONTENIDO",
2026-09-09T20:37:22.7757925Z         "actual": "MATRIZ_CONTENIDO"
2026-09-09T20:37:22.7758157Z       },
2026-09-09T20:37:22.7758331Z       {
2026-09-09T20:37:22.7758519Z         "treatment": "CONSTITUCION",
2026-09-09T20:37:22.7758760Z         "field": "evidence",
2026-09-09T20:37:22.7758987Z         "expected": "MATRIZ_CONTENIDO",
2026-09-09T20:37:22.7759238Z         "actual": "MATRIZ_CONTENIDO"
2026-09-09T20:37:22.7759469Z       },
2026-09-09T20:37:22.7759639Z       {
2026-09-09T20:37:22.7759850Z         "treatment": "PERIMETRO",
2026-09-09T20:37:22.7760106Z         "field": "operation",
2026-09-09T20:37:22.7760346Z         "expected": "MATRIZ_CONTENIDO",
2026-09-09T20:37:22.7760602Z         "actual": "MATRIZ_CONTENIDO"
2026-09-09T20:37:22.7760832Z       },
2026-09-09T20:37:22.7761005Z       {
2026-09-09T20:37:22.7761411Z         "treatment": "PERIMETRO",
2026-09-09T20:37:22.7761657Z         "field": "contract",
2026-09-09T20:37:22.7761902Z         "expected": "MATRIZ_CONTENIDO",
2026-09-09T20:37:22.7762152Z         "actual": "MATRIZ_CONTENIDO"
2026-09-09T20:37:22.7762385Z       },
2026-09-09T20:37:22.7762560Z       {
2026-09-09T20:37:22.7762744Z         "treatment": "PERIMETRO",
2026-09-09T20:37:22.7762981Z         "field": "available",
2026-09-09T20:37:22.7763212Z         "expected": "MATRIZ_CONTENIDO",
2026-09-09T20:37:22.7763463Z         "actual": "MATRIZ_CONTENIDO"
2026-09-09T20:37:22.7763694Z       },
2026-09-09T20:37:22.7763865Z       {
2026-09-09T20:37:22.7764052Z         "treatment": "PERIMETRO",
2026-09-09T20:37:22.7764292Z         "field": "excluded",
2026-09-09T20:37:22.7764681Z         "expected": "MATRIZ_CONTENIDO",
2026-09-09T20:37:22.7764943Z         "actual": "MATRIZ_CONTENIDO"
2026-09-09T20:37:22.7765179Z       },
2026-09-09T20:37:22.7765355Z       {
2026-09-09T20:37:22.7765547Z         "treatment": "PERIMETRO",
2026-09-09T20:37:22.7765791Z         "field": "responsible",
2026-09-09T20:37:22.7766036Z         "expected": "MATRIZ_CONTENIDO",
2026-09-09T20:37:22.7766292Z         "actual": "MATRIZ_CONTENIDO"
2026-09-09T20:37:22.7766525Z       },
2026-09-09T20:37:22.7766700Z       {
2026-09-09T20:37:22.7766889Z         "treatment": "PERIMETRO",
2026-09-09T20:37:22.7767134Z         "field": "stage",
2026-09-09T20:37:22.7767360Z         "expected": "MATRIZ_CONTENIDO",
2026-09-09T20:37:22.7767618Z         "actual": "MATRIZ_CONTENIDO"
2026-09-09T20:37:22.7767850Z       },
2026-09-09T20:37:22.7768025Z       {
2026-09-09T20:37:22.7768216Z         "treatment": "PERIMETRO",
2026-09-09T20:37:22.7768460Z         "field": "reentry_condition",
2026-09-09T20:37:22.7768854Z         "expected": "MATRIZ_CONTENIDO",
2026-09-09T20:37:22.7769112Z         "actual": "MATRIZ_CONTENIDO"
2026-09-09T20:37:22.7769348Z       },
2026-09-09T20:37:22.7769525Z       {
2026-09-09T20:37:22.7769720Z         "treatment": "PERIMETRO",
2026-09-09T20:37:22.7769962Z         "field": "evidence",
2026-09-09T20:37:22.7770195Z         "expected": "MATRIZ_CONTENIDO",
2026-09-09T20:37:22.7770447Z         "actual": "MATRIZ_CONTENIDO"
2026-09-09T20:37:22.7770683Z       }
2026-09-09T20:37:22.7770864Z     ]
2026-09-09T20:37:22.7771047Z   }
2026-09-09T20:37:22.7771348Z }
2026-09-09T20:37:22.7829523Z Node 20 is being deprecated. This workflow is running with Node 24 by default. If you need to temporarily use Node 20, you can set the ACTIONS_ALLOW_USE_UNSECURE_NODE_VERSION=true environment variable. For more information see: https://github.blog/changelog/2025-09-19-deprecation-of-node-20-on-github-actions-runners/
2026-09-09T20:37:22.7831799Z ##[group]Run actions/upload-artifact@v4
2026-09-09T20:37:22.7832088Z with:
2026-09-09T20:37:22.7832307Z   name: gh-lig-documental
2026-09-09T20:37:22.7832555Z   if-no-files-found: error
2026-09-09T20:37:22.7832790Z   retention-days: 90
2026-09-09T20:37:22.7833017Z   path: artifacts/gh-lig/
2026-09-09T20:37:22.7833251Z   compression-level: 6
2026-09-09T20:37:22.7833476Z   overwrite: false
2026-09-09T20:37:22.7833718Z   include-hidden-files: false
2026-09-09T20:37:22.7833968Z ##[endgroup]
2026-09-09T20:37:22.9493632Z (node:3069) [DEP0040] DeprecationWarning: The `punycode` module is deprecated. Please use a userland alternative instead.
2026-09-09T20:37:22.9494621Z (Use `node --trace-deprecation ...` to show where the warning was created)
2026-09-09T20:37:22.9550981Z With the provided path, there will be 2 files uploaded
2026-09-09T20:37:22.9571996Z Artifact name is valid!
2026-09-09T20:37:22.9582025Z Root directory input is valid!
2026-09-09T20:37:23.1424171Z Beginning upload of artifact content to blob storage
2026-09-09T20:37:23.1652578Z (node:3069) [DEP0169] DeprecationWarning: `url.parse()` behavior is not standardized and prone to errors that have security implications. Use the WHATWG URL API instead. CVEs are not issued for `url.parse()` vulnerabilities.
2026-09-09T20:37:23.2123888Z Uploaded bytes 13173
2026-09-09T20:37:23.2270711Z Finished uploading artifact content to blob storage!
2026-09-09T20:37:23.2271808Z SHA256 digest of uploaded artifact zip is 051ce311a8bac2c776df923ce0c22cc9209234a470d69c6b70e7d0d7b7655094
2026-09-09T20:37:23.2273792Z Finalizing artifact upload
2026-09-09T20:37:23.4603482Z Artifact gh-lig-documental.zip successfully finalized. Artifact ID 10123864140
2026-09-09T20:37:23.4604464Z Artifact gh-lig-documental has been successfully uploaded! Final size is 13173 bytes. Artifact ID is 10123864140
2026-09-09T20:37:23.4610596Z Artifact download URL: https://github.com/juantoniolloretegea/SV-lenguaje-de-computacion/actions/runs/34402105006/artifacts/10123864140
2026-09-09T20:37:23.4742484Z ##[group]Run cargo test --manifest-path rust/Cargo.toml --workspace
2026-09-09T20:37:23.4743000Z [36;1mcargo test --manifest-path rust/Cargo.toml --workspace[0m
2026-09-09T20:37:23.4781889Z shell: /usr/bin/bash -e {0}
2026-09-09T20:37:23.4782183Z ##[endgroup]
2026-09-09T20:37:23.5052099Z warning: associated function `from_core_id` is never used
2026-09-09T20:37:23.5052708Z    --> sv_core/src/control.rs:155:27
2026-09-09T20:37:23.5053132Z     |
2026-09-09T20:37:23.5053473Z 141 |           impl $name {
2026-09-09T20:37:23.5053972Z     |           ---------- associated function in this implementation
2026-09-09T20:37:23.5054481Z ...
2026-09-09T20:37:23.5054911Z 155 |               pub(crate) fn from_core_id(id: ControlId) -> Self {
2026-09-09T20:37:23.5055466Z     |                             ^^^^^^^^^^^^
2026-09-09T20:37:23.5055886Z ...
2026-09-09T20:37:23.5056180Z 162 | / opaque_control_ref!(
2026-09-09T20:37:23.5056562Z 163 | |     InformationRef,
2026-09-09T20:37:23.5057590Z 164 | |     "Referencia nominal a información dentro del dominio de control."
2026-09-09T20:37:23.5058477Z 165 | | );
2026-09-09T20:37:23.5058801Z     | |_- in this macro invocation
2026-09-09T20:37:23.5059184Z     |
2026-09-09T20:37:23.5059642Z     = note: `#[warn(dead_code)]` (part of `#[warn(unused)]`) on by default
2026-09-09T20:37:23.5060706Z     = note: this warning originates in the macro `opaque_control_ref` (in Nightly builds, run with -Z macro-backtrace for more info)
2026-09-09T20:37:23.5061648Z 
2026-09-09T20:37:23.5061912Z warning: associated function `from_core_id` is never used
2026-09-09T20:37:23.5073156Z    --> sv_core/src/control.rs:155:27
2026-09-09T20:37:23.5075653Z     |
2026-09-09T20:37:23.5075989Z 141 |           impl $name {
2026-09-09T20:37:23.5076497Z     |           ---------- associated function in this implementation
2026-09-09T20:37:23.5077063Z ...
2026-09-09T20:37:23.5077592Z 155 |               pub(crate) fn from_core_id(id: ControlId) -> Self {
2026-09-09T20:37:23.5078157Z     |                             ^^^^^^^^^^^^
2026-09-09T20:37:23.5078425Z ...
2026-09-09T20:37:23.5078636Z 166 | / opaque_control_ref!(
2026-09-09T20:37:23.5078894Z 167 | |     AdmittedEvidenceRef,
2026-09-09T20:37:23.5079518Z 168 | |     "Referencia a evidencia cuya admisión debe proceder de una verificación gobernada."
2026-09-09T20:37:23.5079981Z 169 | | );
2026-09-09T20:37:23.5080201Z     | |_- in this macro invocation
2026-09-09T20:37:23.5080468Z     |
2026-09-09T20:37:23.5080968Z     = note: this warning originates in the macro `opaque_control_ref` (in Nightly builds, run with -Z macro-backtrace for more info)
2026-09-09T20:37:23.5081990Z 
2026-09-09T20:37:23.5082232Z warning: associated function `from_core_id` is never used
2026-09-09T20:37:23.5082685Z    --> sv_core/src/control.rs:155:27
2026-09-09T20:37:23.5082947Z     |
2026-09-09T20:37:23.5083145Z 141 |           impl $name {
2026-09-09T20:37:23.5083451Z     |           ---------- associated function in this implementation
2026-09-09T20:37:23.5083805Z ...
2026-09-09T20:37:23.5084073Z 155 |               pub(crate) fn from_core_id(id: ControlId) -> Self {
2026-09-09T20:37:23.5084439Z     |                             ^^^^^^^^^^^^
2026-09-09T20:37:23.5084701Z ...
2026-09-09T20:37:23.5084908Z 170 | / opaque_control_ref!(
2026-09-09T20:37:23.5085159Z 171 | |     ConstitutedFactRef,
2026-09-09T20:37:23.5085622Z 172 | |     "Referencia a un hecho semántico constituido; no equivale a autoridad."
2026-09-09T20:37:23.5086005Z 173 | | );
2026-09-09T20:37:23.5086215Z     | |_- in this macro invocation
2026-09-09T20:37:23.5086468Z     |
2026-09-09T20:37:23.5086944Z     = note: this warning originates in the macro `opaque_control_ref` (in Nightly builds, run with -Z macro-backtrace for more info)
2026-09-09T20:37:23.5087408Z 
2026-09-09T20:37:23.5087559Z warning: associated function `from_core_id` is never used
2026-09-09T20:37:23.5087905Z    --> sv_core/src/control.rs:155:27
2026-09-09T20:37:23.5088158Z     |
2026-09-09T20:37:23.5088583Z 141 |           impl $name {
2026-09-09T20:37:23.5088880Z     |           ---------- associated function in this implementation
2026-09-09T20:37:23.5089199Z ...
2026-09-09T20:37:23.5089461Z 155 |               pub(crate) fn from_core_id(id: ControlId) -> Self {
2026-09-09T20:37:23.5089795Z     |                             ^^^^^^^^^^^^
2026-09-09T20:37:23.5090049Z ...
2026-09-09T20:37:23.5090241Z 174 | / opaque_control_ref!(
2026-09-09T20:37:23.5090488Z 175 | |     AuthorityRef,
2026-09-09T20:37:23.5090995Z 176 | |     "Referencia a autoridad constituida; su constructor no forma parte de la API pública."
2026-09-09T20:37:23.5091657Z 177 | | );
2026-09-09T20:37:23.5091867Z     | |_- in this macro invocation
2026-09-09T20:37:23.5092121Z     |
2026-09-09T20:37:23.5092597Z     = note: this warning originates in the macro `opaque_control_ref` (in Nightly builds, run with -Z macro-backtrace for more info)
2026-09-09T20:37:23.5093042Z 
2026-09-09T20:37:23.5093194Z warning: associated function `from_core_id` is never used
2026-09-09T20:37:23.5093542Z    --> sv_core/src/control.rs:155:27
2026-09-09T20:37:23.5093807Z     |
2026-09-09T20:37:23.5094143Z 141 |           impl $name {
2026-09-09T20:37:23.5094445Z     |           ---------- associated function in this implementation
2026-09-09T20:37:23.5094757Z ...
2026-09-09T20:37:23.5095020Z 155 |               pub(crate) fn from_core_id(id: ControlId) -> Self {
2026-09-09T20:37:23.5095355Z     |                             ^^^^^^^^^^^^
2026-09-09T20:37:23.5095612Z ...
2026-09-09T20:37:23.5095803Z 178 | / opaque_control_ref!(
2026-09-09T20:37:23.5096051Z 179 | |     EnablementRef,
2026-09-09T20:37:23.5096542Z 180 | |     "Referencia a una habilitación de autoridad ya existente; no amplía autoridad."
2026-09-09T20:37:23.5096957Z 181 | | );
2026-09-09T20:37:23.5097165Z     | |_- in this macro invocation
2026-09-09T20:37:23.5097414Z     |
2026-09-09T20:37:23.5097894Z     = note: this warning originates in the macro `opaque_control_ref` (in Nightly builds, run with -Z macro-backtrace for more info)
2026-09-09T20:37:23.5098344Z 
2026-09-09T20:37:23.5098506Z warning: associated function `from_core_id` is never used
2026-09-09T20:37:23.5098850Z    --> sv_core/src/control.rs:155:27
2026-09-09T20:37:23.5099113Z     |
2026-09-09T20:37:23.5099307Z 141 |           impl $name {
2026-09-09T20:37:23.5099608Z     |           ---------- associated function in this implementation
2026-09-09T20:37:23.5099917Z ...
2026-09-09T20:37:23.5100172Z 155 |               pub(crate) fn from_core_id(id: ControlId) -> Self {
2026-09-09T20:37:23.5100521Z     |                             ^^^^^^^^^^^^
2026-09-09T20:37:23.5100784Z ...
2026-09-09T20:37:23.5100975Z 186 | / opaque_control_ref!(
2026-09-09T20:37:23.5101394Z 187 | |     FormRef,
2026-09-09T20:37:23.5101744Z 188 | |     "Referencia a una forma de transición constituida."
2026-09-09T20:37:23.5102062Z 189 | | );
2026-09-09T20:37:23.5102271Z     | |_- in this macro invocation
2026-09-09T20:37:23.5102514Z     |
2026-09-09T20:37:23.5102994Z     = note: this warning originates in the macro `opaque_control_ref` (in Nightly builds, run with -Z macro-backtrace for more info)
2026-09-09T20:37:23.5103438Z 
2026-09-09T20:37:23.5103591Z warning: associated function `from_core_id` is never used
2026-09-09T20:37:23.5103919Z    --> sv_core/src/control.rs:155:27
2026-09-09T20:37:23.5104172Z     |
2026-09-09T20:37:23.5104371Z 141 |           impl $name {
2026-09-09T20:37:23.5104658Z     |           ---------- associated function in this implementation
2026-09-09T20:37:23.5104968Z ...
2026-09-09T20:37:23.5105217Z 155 |               pub(crate) fn from_core_id(id: ControlId) -> Self {
2026-09-09T20:37:23.5105549Z     |                             ^^^^^^^^^^^^
2026-09-09T20:37:23.5105800Z ...
2026-09-09T20:37:23.5105991Z 190 | / opaque_control_ref!(
2026-09-09T20:37:23.5106228Z 191 | |     EffectFamilyRef,
2026-09-09T20:37:23.5106620Z 192 | |     "Referencia a una familia de efectos fijada por constitución."
2026-09-09T20:37:23.5106988Z 193 | | );
2026-09-09T20:37:23.5107369Z     | |_- in this macro invocation
2026-09-09T20:37:23.5107656Z     |
2026-09-09T20:37:23.5108122Z     = note: this warning originates in the macro `opaque_control_ref` (in Nightly builds, run with -Z macro-backtrace for more info)
2026-09-09T20:37:23.5108576Z 
2026-09-09T20:37:23.5108738Z warning: associated function `from_core_id` is never used
2026-09-09T20:37:23.5109080Z    --> sv_core/src/control.rs:155:27
2026-09-09T20:37:23.5109335Z     |
2026-09-09T20:37:23.5109529Z 141 |           impl $name {
2026-09-09T20:37:23.5109836Z     |           ---------- associated function in this implementation
2026-09-09T20:37:23.5110156Z ...
2026-09-09T20:37:23.5110417Z 155 |               pub(crate) fn from_core_id(id: ControlId) -> Self {
2026-09-09T20:37:23.5110761Z     |                             ^^^^^^^^^^^^
2026-09-09T20:37:23.5111026Z ...
2026-09-09T20:37:23.5111391Z 194 | / opaque_control_ref!(
2026-09-09T20:37:23.5111630Z 195 | |     EffectRef,
2026-09-09T20:37:23.5111993Z 196 | |     "Referencia a un efecto concreto; identificarlo no equivale a autorizarlo."
2026-09-09T20:37:23.5112395Z 197 | | );
2026-09-09T20:37:23.5112735Z     | |_- in this macro invocation
2026-09-09T20:37:23.5112984Z     |
2026-09-09T20:37:23.5113460Z     = note: this warning originates in the macro `opaque_control_ref` (in Nightly builds, run with -Z macro-backtrace for more info)
2026-09-09T20:37:23.5113912Z 
2026-09-09T20:37:23.5114069Z warning: associated function `from_core_id` is never used
2026-09-09T20:37:23.5114403Z    --> sv_core/src/control.rs:155:27
2026-09-09T20:37:23.5114656Z     |
2026-09-09T20:37:23.5114846Z 141 |           impl $name {
2026-09-09T20:37:23.5115145Z     |           ---------- associated function in this implementation
2026-09-09T20:37:23.5115460Z ...
2026-09-09T20:37:23.5115711Z 155 |               pub(crate) fn from_core_id(id: ControlId) -> Self {
2026-09-09T20:37:23.5116039Z     |                             ^^^^^^^^^^^^
2026-09-09T20:37:23.5116292Z ...
2026-09-09T20:37:23.5116488Z 198 | / opaque_control_ref!(
2026-09-09T20:37:23.5116728Z 199 | |     ContextRef,
2026-09-09T20:37:23.5117081Z 200 | |     "Referencia a una ligadura de contexto relevante para autoridad o forma."
2026-09-09T20:37:23.5117467Z 201 | | );
2026-09-09T20:37:23.5117681Z     | |_- in this macro invocation
2026-09-09T20:37:23.5117919Z     |
2026-09-09T20:37:23.5118373Z     = note: this warning originates in the macro `opaque_control_ref` (in Nightly builds, run with -Z macro-backtrace for more info)
2026-09-09T20:37:23.5118808Z 
2026-09-09T20:37:23.5118948Z warning: associated function `from_core_id` is never used
2026-09-09T20:37:23.5119280Z    --> sv_core/src/control.rs:155:27
2026-09-09T20:37:23.5119527Z     |
2026-09-09T20:37:23.5119714Z 141 |           impl $name {
2026-09-09T20:37:23.5119998Z     |           ---------- associated function in this implementation
2026-09-09T20:37:23.5120309Z ...
2026-09-09T20:37:23.5120546Z 155 |               pub(crate) fn from_core_id(id: ControlId) -> Self {
2026-09-09T20:37:23.5120870Z     |                             ^^^^^^^^^^^^
2026-09-09T20:37:23.5121292Z ...
2026-09-09T20:37:23.5121498Z 202 | / opaque_control_ref!(
2026-09-09T20:37:23.5121759Z 203 | |     AuthorityHolderRef,
2026-09-09T20:37:23.5122243Z 204 | |     "Referencia al titular de una autoridad; no constituye autoridad por sí misma."
2026-09-09T20:37:23.5122655Z 205 | | );
2026-09-09T20:37:23.5122870Z     | |_- in this macro invocation
2026-09-09T20:37:23.5123122Z     |
2026-09-09T20:37:23.5123586Z     = note: this warning originates in the macro `opaque_control_ref` (in Nightly builds, run with -Z macro-backtrace for more info)
2026-09-09T20:37:23.5124031Z 
2026-09-09T20:37:23.5124192Z warning: associated function `from_core_id` is never used
2026-09-09T20:37:23.5124541Z    --> sv_core/src/control.rs:155:27
2026-09-09T20:37:23.5124800Z     |
2026-09-09T20:37:23.5125008Z 141 |           impl $name {
2026-09-09T20:37:23.5125310Z     |           ---------- associated function in this implementation
2026-09-09T20:37:23.5125631Z ...
2026-09-09T20:37:23.5126028Z 155 |               pub(crate) fn from_core_id(id: ControlId) -> Self {
2026-09-09T20:37:23.5126382Z     |                             ^^^^^^^^^^^^
2026-09-09T20:37:23.5126644Z ...
2026-09-09T20:37:23.5126848Z 206 | / opaque_control_ref!(
2026-09-09T20:37:23.5127108Z 207 | |     GovernedObjectRef,
2026-09-09T20:37:23.5127480Z 208 | |     "Referencia a un objeto candidato a pertenecer al dominio gobernado D_a."
2026-09-09T20:37:23.5127869Z 209 | | );
2026-09-09T20:37:23.5128083Z     | |_- in this macro invocation
2026-09-09T20:37:23.5128341Z     |
2026-09-09T20:37:23.5128801Z     = note: this warning originates in the macro `opaque_control_ref` (in Nightly builds, run with -Z macro-backtrace for more info)
2026-09-09T20:37:23.5129240Z 
2026-09-09T20:37:23.5129392Z warning: associated function `from_core_id` is never used
2026-09-09T20:37:23.5129722Z    --> sv_core/src/control.rs:155:27
2026-09-09T20:37:23.5129981Z     |
2026-09-09T20:37:23.5130169Z 141 |           impl $name {
2026-09-09T20:37:23.5130463Z     |           ---------- associated function in this implementation
2026-09-09T20:37:23.5130898Z ...
2026-09-09T20:37:23.5131348Z 155 |               pub(crate) fn from_core_id(id: ControlId) -> Self {
2026-09-09T20:37:23.5131690Z     |                             ^^^^^^^^^^^^
2026-09-09T20:37:23.5131947Z ...
2026-09-09T20:37:23.5132139Z 210 | / opaque_control_ref!(
2026-09-09T20:37:23.5132389Z 211 | |     AccumulationRuleRef,
2026-09-09T20:37:23.5133066Z 212 | |     "Referencia a una regla gobernada de acumulación o a un predicado de traza."
2026-09-09T20:37:23.5133692Z 213 | | );
2026-09-09T20:37:23.5134009Z     | |_- in this macro invocation
2026-09-09T20:37:23.5134409Z     |
2026-09-09T20:37:23.5135112Z     = note: this warning originates in the macro `opaque_control_ref` (in Nightly builds, run with -Z macro-backtrace for more info)
2026-09-09T20:37:23.5135862Z 
2026-09-09T20:37:23.5136107Z warning: associated function `from_core_id` is never used
2026-09-09T20:37:23.5136626Z    --> sv_core/src/control.rs:155:27
2026-09-09T20:37:23.5137097Z     |
2026-09-09T20:37:23.5137464Z 141 |           impl $name {
2026-09-09T20:37:23.5138073Z     |           ---------- associated function in this implementation
2026-09-09T20:37:23.5138583Z ...
2026-09-09T20:37:23.5138999Z 155 |               pub(crate) fn from_core_id(id: ControlId) -> Self {
2026-09-09T20:37:23.5139531Z     |                             ^^^^^^^^^^^^
2026-09-09T20:37:23.5139931Z ...
2026-09-09T20:37:23.5140248Z 214 | / opaque_control_ref!(
2026-09-09T20:37:23.5151790Z 215 | |     RequirementRef,
2026-09-09T20:37:23.5152680Z 216 | |     "Referencia a una obligación de Req; identificarla no acredita su cumplimiento."
2026-09-09T20:37:23.5153397Z 217 | | );
2026-09-09T20:37:23.5153721Z     | |_- in this macro invocation
2026-09-09T20:37:23.5154134Z     |
2026-09-09T20:37:23.5154910Z     = note: this warning originates in the macro `opaque_control_ref` (in Nightly builds, run with -Z macro-backtrace for more info)
2026-09-09T20:37:23.5155694Z 
2026-09-09T20:37:23.5155951Z warning: associated function `from_core_id` is never used
2026-09-09T20:37:23.5156518Z    --> sv_core/src/control.rs:155:27
2026-09-09T20:37:23.5156973Z     |
2026-09-09T20:37:23.5157282Z 141 |           impl $name {
2026-09-09T20:37:23.5157841Z     |           ---------- associated function in this implementation
2026-09-09T20:37:23.5158422Z ...
2026-09-09T20:37:23.5158814Z 155 |               pub(crate) fn from_core_id(id: ControlId) -> Self {
2026-09-09T20:37:23.5159383Z     |                             ^^^^^^^^^^^^
2026-09-09T20:37:23.5159802Z ...
2026-09-09T20:37:23.5160095Z 218 | / opaque_control_ref!(
2026-09-09T20:37:23.5160459Z 219 | |     VerifierRef,
2026-09-09T20:37:23.5161330Z 220 | |     "Referencia a un verificador concreto; su mera existencia no acredita aplicabilidad."
2026-09-09T20:37:23.5162048Z 221 | | );
2026-09-09T20:37:23.5162384Z     | |_- in this macro invocation
2026-09-09T20:37:23.5162845Z     |
2026-09-09T20:37:23.5163839Z     = note: this warning originates in the macro `opaque_control_ref` (in Nightly builds, run with -Z macro-backtrace for more info)
2026-09-09T20:37:23.5172582Z 
2026-09-09T20:37:23.5172835Z warning: associated function `from_core_id` is never used
2026-09-09T20:37:23.5173386Z    --> sv_core/src/control.rs:155:27
2026-09-09T20:37:23.5173821Z     |
2026-09-09T20:37:23.5174121Z 141 |           impl $name {
2026-09-09T20:37:23.5174597Z     |           ---------- associated function in this implementation
2026-09-09T20:37:23.5175172Z ...
2026-09-09T20:37:23.5175608Z 155 |               pub(crate) fn from_core_id(id: ControlId) -> Self {
2026-09-09T20:37:23.5176186Z     |                             ^^^^^^^^^^^^
2026-09-09T20:37:23.5176587Z ...
2026-09-09T20:37:23.5176886Z 222 | / opaque_control_ref!(
2026-09-09T20:37:23.5177300Z 223 | |     VerifierFamilyRef,
2026-09-09T20:37:23.5178144Z 224 | |     "Referencia a una familia de verificadores admisibles para una obligación."
2026-09-09T20:37:23.5178800Z 225 | | );
2026-09-09T20:37:23.5179126Z     | |_- in this macro invocation
2026-09-09T20:37:23.5179519Z     |
2026-09-09T20:37:23.5180578Z     = note: this warning originates in the macro `opaque_control_ref` (in Nightly builds, run with -Z macro-backtrace for more info)
2026-09-09T20:37:23.5181485Z 
2026-09-09T20:37:23.5181754Z warning: associated function `from_core_id` is never used
2026-09-09T20:37:23.5182353Z    --> sv_core/src/control.rs:155:27
2026-09-09T20:37:23.5182758Z     |
2026-09-09T20:37:23.5183085Z 141 |           impl $name {
2026-09-09T20:37:23.5183563Z     |           ---------- associated function in this implementation
2026-09-09T20:37:23.5184064Z ...
2026-09-09T20:37:23.5184526Z 155 |               pub(crate) fn from_core_id(id: ControlId) -> Self {
2026-09-09T20:37:23.5185098Z     |                             ^^^^^^^^^^^^
2026-09-09T20:37:23.5185532Z ...
2026-09-09T20:37:23.5185828Z 226 | / opaque_control_ref!(
2026-09-09T20:37:23.5186265Z 227 | |     ApplicabilityRuleRef,
2026-09-09T20:37:23.5187132Z 228 | |     "Referencia a una regla previamente constituida de aplicabilidad de comprobación."
2026-09-09T20:37:23.5187822Z 229 | | );
2026-09-09T20:37:23.5188158Z     | |_- in this macro invocation
2026-09-09T20:37:23.5188587Z     |
2026-09-09T20:37:23.5189501Z     = note: this warning originates in the macro `opaque_control_ref` (in Nightly builds, run with -Z macro-backtrace for more info)
2026-09-09T20:37:23.5190359Z 
2026-09-09T20:37:23.5190621Z warning: associated function `from_core_id` is never used
2026-09-09T20:37:23.5191309Z    --> sv_core/src/control.rs:155:27
2026-09-09T20:37:23.5191697Z     |
2026-09-09T20:37:23.5191988Z 141 |           impl $name {
2026-09-09T20:37:23.5192447Z     |           ---------- associated function in this implementation
2026-09-09T20:37:23.5192940Z ...
2026-09-09T20:37:23.5193322Z 155 |               pub(crate) fn from_core_id(id: ControlId) -> Self {
2026-09-09T20:37:23.5193855Z     |                             ^^^^^^^^^^^^
2026-09-09T20:37:23.5194302Z ...
2026-09-09T20:37:23.5194708Z 230 | / opaque_control_ref!(
2026-09-09T20:37:23.5195193Z 231 | |     ConflictResolutionRuleRef,
2026-09-09T20:37:23.5196231Z 232 | |     "Referencia a una regla previamente constituida de resolución de conflicto entre comprobaciones."
2026-09-09T20:37:23.5197065Z 233 | | );
2026-09-09T20:37:23.5197406Z     | |_- in this macro invocation
2026-09-09T20:37:23.5197794Z     |
2026-09-09T20:37:23.5198596Z     = note: this warning originates in the macro `opaque_control_ref` (in Nightly builds, run with -Z macro-backtrace for more info)
2026-09-09T20:37:23.5199379Z 
2026-09-09T20:37:23.5199626Z warning: associated function `from_core_id` is never used
2026-09-09T20:37:23.5200159Z    --> sv_core/src/control.rs:155:27
2026-09-09T20:37:23.5200572Z     |
2026-09-09T20:37:23.5200894Z 141 |           impl $name {
2026-09-09T20:37:23.5201631Z     |           ---------- associated function in this implementation
2026-09-09T20:37:23.5202149Z ...
2026-09-09T20:37:23.5202570Z 155 |               pub(crate) fn from_core_id(id: ControlId) -> Self {
2026-09-09T20:37:23.5203337Z     |                             ^^^^^^^^^^^^
2026-09-09T20:37:23.5203780Z ...
2026-09-09T20:37:23.5204082Z 234 | / opaque_control_ref!(
2026-09-09T20:37:23.5204454Z 235 | |     CoverageRuleRef,
2026-09-09T20:37:23.5205168Z 236 | |     "Referencia a una regla previamente constituida de cobertura de comprobaciones exigibles."
2026-09-09T20:37:23.5205924Z 237 | | );
2026-09-09T20:37:23.5206252Z     | |_- in this macro invocation
2026-09-09T20:37:23.5206652Z     |
2026-09-09T20:37:23.5207414Z     = note: this warning originates in the macro `opaque_control_ref` (in Nightly builds, run with -Z macro-backtrace for more info)
2026-09-09T20:37:23.5208247Z 
2026-09-09T20:37:23.5208531Z warning: associated function `from_core_id` is never used
2026-09-09T20:37:23.5209082Z    --> sv_core/src/control.rs:155:27
2026-09-09T20:37:23.5209495Z     |
2026-09-09T20:37:23.5209839Z 141 |           impl $name {
2026-09-09T20:37:23.5210390Z     |           ---------- associated function in this implementation
2026-09-09T20:37:23.5210911Z ...
2026-09-09T20:37:23.5211467Z 155 |               pub(crate) fn from_core_id(id: ControlId) -> Self {
2026-09-09T20:37:23.5212199Z     |                             ^^^^^^^^^^^^
2026-09-09T20:37:23.5212668Z ...
2026-09-09T20:37:23.5212982Z 238 | / opaque_control_ref!(
2026-09-09T20:37:23.5213353Z 239 | |     ReuseRuleRef,
2026-09-09T20:37:23.5214245Z 240 | |     "Referencia a una regla previamente constituida de reutilización de resultados cualificados."
2026-09-09T20:37:23.5215010Z 241 | | );
2026-09-09T20:37:23.5215333Z     | |_- in this macro invocation
2026-09-09T20:37:23.5215766Z     |
2026-09-09T20:37:23.5216530Z     = note: this warning originates in the macro `opaque_control_ref` (in Nightly builds, run with -Z macro-backtrace for more info)
2026-09-09T20:37:23.5217290Z 
2026-09-09T20:37:23.5217551Z warning: associated function `from_core_id` is never used
2026-09-09T20:37:23.5218087Z    --> sv_core/src/control.rs:155:27
2026-09-09T20:37:23.5218526Z     |
2026-09-09T20:37:23.5218815Z 141 |           impl $name {
2026-09-09T20:37:23.5219330Z     |           ---------- associated function in this implementation
2026-09-09T20:37:23.5219829Z ...
2026-09-09T20:37:23.5220217Z 155 |               pub(crate) fn from_core_id(id: ControlId) -> Self {
2026-09-09T20:37:23.5220743Z     |                             ^^^^^^^^^^^^
2026-09-09T20:37:23.5221529Z ...
2026-09-09T20:37:23.5221826Z 242 | / opaque_control_ref!(
2026-09-09T20:37:23.5222198Z 243 | |     ReuseBindingKeyRef,
2026-09-09T20:37:23.5223143Z 244 | |     "Referencia a una dimensión constituida cuya continuidad puede ser exigible para reutilizar un resultado."
2026-09-09T20:37:23.5224273Z 245 | | );
2026-09-09T20:37:23.5224597Z     | |_- in this macro invocation
2026-09-09T20:37:23.5224974Z     |
2026-09-09T20:37:23.5225715Z     = note: this warning originates in the macro `opaque_control_ref` (in Nightly builds, run with -Z macro-backtrace for more info)
2026-09-09T20:37:23.5226473Z 
2026-09-09T20:37:23.5226704Z warning: associated function `from_core_id` is never used
2026-09-09T20:37:23.5227223Z    --> sv_core/src/control.rs:155:27
2026-09-09T20:37:23.5227583Z     |
2026-09-09T20:37:23.5227838Z 141 |           impl $name {
2026-09-09T20:37:23.5228245Z     |           ---------- associated function in this implementation
2026-09-09T20:37:23.5228759Z ...
2026-09-09T20:37:23.5229112Z 155 |               pub(crate) fn from_core_id(id: ControlId) -> Self {
2026-09-09T20:37:23.5229630Z     |                             ^^^^^^^^^^^^
2026-09-09T20:37:23.5230020Z ...
2026-09-09T20:37:23.5230304Z 246 | / opaque_control_ref!(
2026-09-09T20:37:23.5230647Z 247 | |     ReuseBindingValueRef,
2026-09-09T20:37:23.5231720Z 248 | |     "Referencia al valor constituido de una dimensión de reutilización; identificarlo no acredita su vigencia."
2026-09-09T20:37:23.5232466Z 249 | | );
2026-09-09T20:37:23.5232826Z     | |_- in this macro invocation
2026-09-09T20:37:23.5233225Z     |
2026-09-09T20:37:23.5234217Z     = note: this warning originates in the macro `opaque_control_ref` (in Nightly builds, run with -Z macro-backtrace for more info)
2026-09-09T20:37:23.5235002Z 
2026-09-09T20:37:23.5235176Z warning: function `compile_svp` is never used
2026-09-09T20:37:23.5235635Z    --> sv_core/src/frontend.rs:803:8
2026-09-09T20:37:23.5236055Z     |
2026-09-09T20:37:23.5236656Z 803 | pub fn compile_svp(source: &str, source_file: &str) -> Result<IrProgram, FrontendError> {
2026-09-09T20:37:23.5237368Z     |        ^^^^^^^^^^^
2026-09-09T20:37:23.5237619Z 
2026-09-09T20:37:23.5237891Z warning: function `compile_svp_with_profile` is never used
2026-09-09T20:37:23.5238508Z    --> sv_core/src/frontend.rs:807:8
2026-09-09T20:37:23.5238990Z     |
2026-09-09T20:37:23.5239365Z 807 | pub fn compile_svp_with_profile(
2026-09-09T20:37:23.5239918Z     |        ^^^^^^^^^^^^^^^^^^^^^^^^
2026-09-09T20:37:23.5240182Z 
2026-09-09T20:37:23.5240366Z warning: constant `PROFILE_ID` is never used
2026-09-09T20:37:23.5240836Z  --> sv_core/src/identifier_profile.rs:6:18
2026-09-09T20:37:23.5241486Z   |
2026-09-09T20:37:23.5241902Z 6 | pub(crate) const PROFILE_ID: &str = "svp-grammar-0.2-lex-es-1";
2026-09-09T20:37:23.5242713Z   |                  ^^^^^^^^^^
2026-09-09T20:37:23.5242974Z 
2026-09-09T20:37:23.5243176Z warning: function `is_reserved_word` is never used
2026-09-09T20:37:23.5243681Z   --> sv_core/src/identifier_profile.rs:22:15
2026-09-09T20:37:23.5244164Z    |
2026-09-09T20:37:23.5244535Z 22 | pub(crate) fn is_reserved_word(word: &str) -> bool {
2026-09-09T20:37:23.5245003Z    |               ^^^^^^^^^^^^^^^^
2026-09-09T20:37:23.5245255Z 
2026-09-09T20:37:23.5245470Z warning: method `matches_descriptor` is never used
2026-09-09T20:37:23.5245988Z    --> sv_core/src/requirements_reuse.rs:121:19
2026-09-09T20:37:23.5246443Z     |
2026-09-09T20:37:23.5246727Z  44 | impl ReuseRule {
2026-09-09T20:37:23.5247126Z     | -------------- method in this implementation
2026-09-09T20:37:23.5247557Z ...
2026-09-09T20:37:23.5248116Z 121 |     pub(crate) fn matches_descriptor(&self, descriptor: &RequirementDescriptor) -> bool {
2026-09-09T20:37:23.5248756Z     |                   ^^^^^^^^^^^^^^^^^^
2026-09-09T20:37:23.5249070Z 
2026-09-09T20:37:23.5249317Z warning: hiding a lifetime that's elided elsewhere is confusing
2026-09-09T20:37:23.5249901Z     --> sv_core/src/frontend.rs:2161:13
2026-09-09T20:37:23.5250306Z      |
2026-09-09T20:37:23.5250602Z 2161 |     fn peek(&self) -> &Token {
2026-09-09T20:37:23.5250999Z      |             ^^^^^     ^^^^^^
2026-09-09T20:37:23.5251597Z      |             |         ||
2026-09-09T20:37:23.5252022Z      |             |         |the same lifetime is hidden here
2026-09-09T20:37:23.5252559Z      |             |         the same lifetime is elided here
2026-09-09T20:37:23.5253042Z      |             the lifetime is elided here
2026-09-09T20:37:23.5253507Z      |
2026-09-09T20:37:23.5254105Z      = help: the same lifetime is referred to in inconsistent ways, making the signature confusing
2026-09-09T20:37:23.5254863Z      = note: `#[warn(mismatched_lifetime_syntaxes)]` on by default
2026-09-09T20:37:23.5255456Z help: use `'_` for type paths
2026-09-09T20:37:23.5255833Z      |
2026-09-09T20:37:23.5256188Z 2161 |     fn peek(&self) -> &Token<'_> {
2026-09-09T20:37:23.5256603Z      |                             ++++
2026-09-09T20:37:23.5256860Z 
2026-09-09T20:37:23.5257341Z warning: `sv_core` (lib) generated 27 warnings (run `cargo fix --lib -p sv_core` to apply 1 suggestion)
2026-09-09T20:37:23.5261047Z    Compiling sv_wasm v0.1.0 (/home/runner/work/SV-lenguaje-de-computacion/SV-lenguaje-de-computacion/rust/sv_wasm)
2026-09-09T20:37:23.5262427Z    Compiling sv_core v0.1.0 (/home/runner/work/SV-lenguaje-de-computacion/SV-lenguaje-de-computacion/rust/sv_core)
2026-09-09T20:37:23.6802255Z warning: function `check_witness` is never used
2026-09-09T20:37:23.6803030Z   --> sv_core/examples/../../../tests/row7_gh/probe.rs:59:8
2026-09-09T20:37:23.6831785Z    |
2026-09-09T20:37:23.6861758Z 59 | pub fn check_witness(witness: &str) -> Result<(), String> {
2026-09-09T20:37:23.6862678Z    |        ^^^^^^^^^^^^^
2026-09-09T20:37:23.6863031Z    |
2026-09-09T20:37:23.6863498Z    = note: `#[warn(dead_code)]` (part of `#[warn(unused)]`) on by default
2026-09-09T20:37:23.6863941Z 
2026-09-09T20:37:24.1472555Z warning: function `report` is never used
2026-09-09T20:37:24.1511922Z    --> sv_core/tests/../../../tests/row7_bindings/cases.rs:165:8
2026-09-09T20:37:24.1512487Z     |
2026-09-09T20:37:24.1512840Z 165 | pub fn report()->Result<String,String> {
2026-09-09T20:37:24.1513291Z     |        ^^^^^^
2026-09-09T20:37:24.1513575Z     |
2026-09-09T20:37:24.1514051Z     = note: `#[warn(dead_code)]` (part of `#[warn(unused)]`) on by default
2026-09-09T20:37:24.1514478Z 
2026-09-09T20:37:24.4182469Z warning: `sv_core` (example "gh_binding_probe_browser") generated 1 warning
2026-09-09T20:37:24.9066523Z warning: `sv_core` (test "bindings") generated 1 warning
2026-09-09T20:37:26.8354453Z    Compiling sv_native v0.1.0 (/home/runner/work/SV-lenguaje-de-computacion/SV-lenguaje-de-computacion/rust/sv_native)
2026-09-09T20:37:27.2512531Z warning: `sv_core` (example "gh_binding_probe") generated 1 warning (1 duplicate)
2026-09-09T20:37:29.7533106Z warning: function `permission_plan` is never used
2026-09-09T20:37:29.7533801Z    --> sv_core/src/authority/transitions/reuse_tests.rs:288:4
2026-09-09T20:37:29.7534308Z     |
2026-09-09T20:37:29.7534642Z 288 | fn permission_plan() -> GenesisPlan {
2026-09-09T20:37:29.7535085Z     |    ^^^^^^^^^^^^^^^
2026-09-09T20:37:29.7535426Z     |
2026-09-09T20:37:29.7535844Z     = note: `#[warn(dead_code)]` (part of `#[warn(unused)]`) on by default
2026-09-09T20:37:29.7536264Z 
2026-09-09T20:37:32.9722521Z warning: `sv_core` (lib test) generated 4 warnings (3 duplicates)
2026-09-09T20:37:32.9723178Z     Finished `test` profile [unoptimized + debuginfo] target(s) in 9.48s
2026-09-09T20:37:32.9750877Z      Running unittests src/lib.rs (rust/target/debug/deps/sv_core-9f6bf0705a27b544)
2026-09-09T20:37:32.9764384Z 
2026-09-09T20:37:32.9764531Z running 211 tests
2026-09-09T20:37:32.9768101Z test admissibility::tests::admissibility_labels_are_exact ... ok
2026-09-09T20:37:32.9768987Z test admissibility::tests::admissibility_spec_rejects_missing_rule ... ok
2026-09-09T20:37:32.9769826Z test admissibility::tests::admissibility_spec_rejects_zero_parameter_id ... ok
2026-09-09T20:37:32.9770822Z test admissibility::tests::admissibility_state_is_exactly_the_closed_v0_2_set ... ok
2026-09-09T20:37:32.9772484Z test admissibility::tests::admitted_observation_does_not_itself_create_tri ... ok
2026-09-09T20:37:32.9773336Z test admissibility::tests::only_ok_and_degraded_are_positively_admitted ... ok
2026-09-09T20:37:32.9774278Z test admissibility::tests::valid_admissibility_spec_preserves_identity_parameter_and_rule ... ok
2026-09-09T20:37:32.9775227Z test admissibility::tests::technical_capture_failure_remains_outside_tri ... ok
2026-09-09T20:37:32.9776028Z test authority::tests::authority_rejects_effect_outside_its_context ... ok
2026-09-09T20:37:32.9776921Z test authority::tests::constituted_authority_binds_holder_context_envelope_and_domain ... ok
2026-09-09T20:37:32.9777862Z test authority::tests::authority_rejects_effect_outside_its_governed_domain ... ok
2026-09-09T20:37:32.9778723Z test authority::tests::duplicate_members_do_not_expand_envelope_or_domain ... ok
2026-09-09T20:37:32.9779535Z test authority::tests::effect_envelope_uses_the_complete_effect_scope ... ok
2026-09-09T20:37:32.9780231Z test authority::tests::effect_scope_requires_complete_constituted_effect_and_domain ... ok
2026-09-09T20:37:32.9780852Z test authority::tests::governed_domain_membership_is_decidable_before_exercise ... ok
2026-09-09T20:37:32.9781723Z test authority::tests::form_scope_requires_family_and_context_together ... ok
2026-09-09T20:37:32.9782565Z test authority::tests::form_descriptor_freezes_the_constituted_dimensions ... ok
2026-09-09T20:37:32.9789603Z test authority::transitions::reuse_tests::accredited_but_incomplete_coverage_never_forms_permit ... ok
2026-09-09T20:37:32.9791498Z test authority::transitions::reuse_tests::adapter_error_after_dispatch_is_indeterminate_not_non_execution ... ok
2026-09-09T20:37:32.9793114Z test authority::transitions::reuse_tests::duplicate_reuse_binding_key_rejects_t0_atomically ... ok
2026-09-09T20:37:32.9794566Z test authority::transitions::reuse_tests::duplicate_reuse_rule_reference_across_requirements_rejects_t0_atomically ... ok
2026-09-09T20:37:32.9795997Z test authority::transitions::reuse_tests::complete_governed_da_forms_a_sealed_permit ... ok
2026-09-09T20:37:32.9797234Z test authority::transitions::reuse_tests::empty_reuse_binding_set_rejects_t0_atomically ... ok
2026-09-09T20:37:32.9798671Z test authority::transitions::reuse_tests::effect_outside_required_authority_scope_is_closed_before_permit ... ok
2026-09-09T20:37:32.9799911Z test authority::transitions::reuse_tests::different_effect_cannot_cross_mediation_with_valid_permit ... ok
2026-09-09T20:37:32.9801015Z test authority::transitions::reuse_tests::form_effect_mismatch_is_closed_before_permit ... ok
2026-09-09T20:37:32.9802529Z test authority::transitions::reuse_tests::form_without_required_authority_cannot_form_permit ... ok
2026-09-09T20:37:32.9803930Z test authority::transitions::reuse_tests::non_exercise_commitment_is_rejected_before_adapter_dispatch ... ok
2026-09-09T20:37:32.9805067Z test authority::transitions::reuse_tests::mediated_t_e_executes_once_and_records_append_only_trace ... ok
2026-09-09T20:37:32.9806279Z test authority::transitions::reuse_tests::idempotent_requires_new_governed_attempt_and_new_exercise_ref ... ok
2026-09-09T20:37:32.9808223Z test authority::transitions::reuse_tests::not_verifiable_requirements_never_form_positive_permit ... ok
2026-09-09T20:37:32.9815971Z test authority::transitions::reuse_tests::r1_4_unit_one_does_not_make_authorizing_classes_productive ... ok
2026-09-09T20:37:32.9817573Z test authority::transitions::reuse_tests::governed_accumulation_contracts_remain_closed_before_adapter ... ok
2026-09-09T20:37:32.9820024Z test authority::transitions::reuse_tests::r1_4_unit_three_does_not_make_authorizing_classes_productive ... ok
2026-09-09T20:37:32.9821901Z test authority::transitions::reuse_tests::r1_4_unit_two_does_not_make_authorizing_classes_productive ... ok
2026-09-09T20:37:32.9823498Z test authority::transitions::reuse_tests::r1_5_conflict_trace_preserves_each_individual_check_before_dn_resolution ... ok
2026-09-09T20:37:32.9825007Z test authority::transitions::reuse_tests::r1_5_traced_chain_from_t0_binds_decision_mediation_and_real_exercise ... ok
2026-09-09T20:37:32.9826377Z test authority::transitions::reuse_tests::refuted_requirements_never_form_positive_permit ... ok
2026-09-09T20:37:32.9827731Z test authority::transitions::reuse_tests::r1_5_incomplete_coverage_traces_resolved_da_as_qualified_dn ... ok
2026-09-09T20:37:32.9829184Z test authority::transitions::reuse_tests::r1_5_refuted_decision_is_traced_without_mediation_or_exercise ... ok
2026-09-09T20:37:32.9830571Z test authority::transitions::reuse_tests::valid_permit_is_consumed_into_exact_mediated_commitment ... ok
2026-09-09T20:37:32.9832766Z test authority::transitions::reuse_tests::reuse_rule_is_constituted_by_t0_and_bound_to_requirement ... ok
2026-09-09T20:37:32.9834057Z test authority::transitions::tests::applicability_mismatch_rejects_whole_genesis ... ok
2026-09-09T20:37:32.9835317Z test authority::transitions::reuse_tests::single_use_blocks_second_dispatch_after_indeterminate_attempt ... ok
2026-09-09T20:37:32.9836887Z test authority::transitions::reuse_tests::single_use_blocks_second_dispatch_after_confirmed_exercise ... ok
2026-09-09T20:37:32.9838962Z test authority::transitions::tests::authorizing_form_requires_prior_authority_reference ... ok
2026-09-09T20:37:32.9840088Z test authority::transitions::tests::authority_effect_outside_context_is_rejected_without_partial_state ... ok
2026-09-09T20:37:32.9841728Z test authority::transitions::tests::authority_effect_outside_domain_is_rejected_without_partial_state ... ok
2026-09-09T20:37:32.9843230Z test authority::transitions::tests::controlled_form_without_context_is_rejected_before_constitution ... ok
2026-09-09T20:37:32.9844481Z test authority::transitions::tests::conflict_rule_without_applicable_decisive_verifier_rejects_t0_atomically ... ok
2026-09-09T20:37:32.9845631Z test authority::transitions::tests::consumed_external_premise_cannot_seed_another_genesis ... ok
2026-09-09T20:37:32.9846755Z test authority::transitions::tests::coverage_required_verifier_without_applicability_rejects_t0_atomically ... ok
2026-09-09T20:37:32.9847940Z test authority::transitions::tests::controlled_form_without_requirements_is_rejected_atomically ... ok
2026-09-09T20:37:32.9849033Z test authority::transitions::tests::duplicate_authority_reference_is_rejected_atomically ... ok
2026-09-09T20:37:32.9850095Z test authority::transitions::tests::coverage_rule_is_constituted_by_t0_and_bound_to_requirement ... ok
2026-09-09T20:37:32.9851434Z test authority::transitions::tests::duplicate_conflict_rule_reference_across_requirements_rejects_t0_atomically ... ok
2026-09-09T20:37:32.9852732Z test authority::transitions::tests::duplicate_coverage_rule_reference_across_requirements_rejects_t0_atomically ... ok
2026-09-09T20:37:32.9854066Z test authority::transitions::tests::duplicate_form_reference_is_rejected_atomically ... ok
2026-09-09T20:37:32.9855103Z test authority::transitions::tests::duplicate_coverage_required_verifier_rejects_t0_atomically ... ok
2026-09-09T20:37:32.9856125Z test authority::transitions::tests::empty_coverage_required_set_rejects_t0_atomically ... ok
2026-09-09T20:37:32.9857163Z test authority::transitions::tests::governance_constitutive_and_recovery_remain_non_productive ... ok
2026-09-09T20:37:32.9858301Z test authority::transitions::tests::information_verification_enablement_and_exercise_are_non_authorizing ... ok
2026-09-09T20:37:32.9859372Z test authority::transitions::tests::missing_required_authority_is_rejected ... ok
2026-09-09T20:37:32.9860260Z test authority::transitions::tests::missing_mandatory_core_rejects_whole_genesis ... ok
2026-09-09T20:37:32.9861366Z test authority::transitions::tests::only_genesis_has_productive_disposition_in_r1_3_unit_2 ... ok
2026-09-09T20:37:32.9862383Z test authority::transitions::tests::rejected_empty_genesis_does_not_consume_t0_or_premise ... ok
2026-09-09T20:37:32.9863401Z test authority::transitions::tests::uncontrolled_genesis_remains_valid_without_requirements ... ok
2026-09-09T20:37:32.9864433Z test authority::transitions::tests::second_t0_on_the_same_continuity_is_rejected ... ok
2026-09-09T20:37:32.9865311Z test c03_tests::c03_accepts_a_coherent_declared_subset_without_exhaustivity ... ok
2026-09-09T20:37:32.9866230Z test authority::transitions::tests::valid_t0_constitutes_initial_state_and_consumes_genesis ... ok
2026-09-09T20:37:32.9867216Z test c03_tests::c03_rejects_a_gate_or_supervision_that_escapes_the_causal_closure ... ok
2026-09-09T20:37:32.9868141Z test c03_tests::c03_rejects_criticalities_while_no_surface_producer_exists ... ok
2026-09-09T20:37:32.9868964Z test c03_tests::c03_rejects_external_or_duplicated_evaluation_sources ... ok
2026-09-09T20:37:32.9869749Z test control_tests::control_id_rejects_empty_or_blank_identifiers ... ok
2026-09-09T20:37:32.9870627Z test c03_tests::c03_rejects_states_outside_architecture_or_multiple_states_for_one_node ... ok
2026-09-09T20:37:32.9871627Z test control_tests::check_results_are_exactly_the_three_sec0d_results ... ok
2026-09-09T20:37:32.9872519Z test control_tests::continuity_occupancy_has_distinct_uninhabited_and_inhabited_states ... ok
2026-09-09T20:37:32.9873450Z test control_tests::protected_reference_categories_are_nominally_distinct ... ok
2026-09-09T20:37:32.9874296Z test control_tests::technical_check_results_are_a_type_distinct_from_tri ... ok
2026-09-09T20:37:32.9875148Z test control_tests::transition_classes_preserve_the_eight_contractual_labels ... ok
2026-09-09T20:37:32.9875998Z test decision_trace::tests::decision_references_are_structural_ordinals ... ok
2026-09-09T20:37:32.9876987Z test decision_trace::tests::decimal_successor_is_not_machine_word_bounded ... ok
2026-09-09T20:37:32.9877479Z test equivalence::tests::json_escape_is_deterministic ... ok
2026-09-09T20:37:32.9877955Z test execution::tests::decimal_successor_is_unbounded_by_machine_word_width ... ok
2026-09-09T20:37:32.9878437Z test frame_tests::duplicate_state_reference_is_rejected ... ok
2026-09-09T20:37:32.9878892Z test frame_tests::distinct_architecture_nodes_accept_distinct_states ... ok
2026-09-09T20:37:32.9879346Z test frame_tests::duplicate_eval_source_is_rejected ... ok
2026-09-09T20:37:32.9879739Z test frame_tests::eval_source_outside_frame_is_rejected ... ok
2026-09-09T20:37:32.9899039Z test frame_tests::frame_is_not_exhaustive ... ok
2026-09-09T20:37:32.9899701Z test frame_tests::state_outside_architecture_is_rejected ... ok
2026-09-09T20:37:32.9900435Z test frame_tests::gate_input_outside_frame_is_rejected ... ok
2026-09-09T20:37:32.9901344Z test frame_tests::multiple_states_for_same_node_are_rejected ... ok
2026-09-09T20:37:32.9902077Z test frame_tests::non_empty_criticalities_are_rejected ... ok
2026-09-09T20:37:32.9902790Z test frame_tests::supervision_cell_target_inside_frame_is_valid ... ok
2026-09-09T20:37:32.9903875Z test frame_tests::supervision_meta_eval_outside_frame_is_rejected ... ok
2026-09-09T20:37:32.9904652Z test frame_tests::supervision_cell_target_outside_frame_is_rejected ... ok
2026-09-09T20:37:32.9905481Z test frame_tests::supervision_system_target_matching_architecture_is_valid ... ok
2026-09-09T20:37:32.9906382Z test frame_tests::supervision_composed_target_outside_frame_is_rejected ... ok
2026-09-09T20:37:32.9907242Z test frame_tests::supervision_system_target_must_match_architecture ... ok
2026-09-09T20:37:32.9908141Z test frame_tests::valid_frame_preserves_declared_references_and_unbounded_nat_index ... ok
2026-09-09T20:37:32.9909218Z test frontend::source_profile_public_tests_2a::selector_textual_y_abi_son_cerrados_y_estables ... ok
2026-09-09T20:37:32.9910377Z test frontend::profile_catalog_tests_2a::catalogos_y_aislamiento_interperfil_son_exhaustivos ... ok
2026-09-09T20:37:32.9911415Z test frontend::tests::sha256_matches_known_vector ... ok
2026-09-09T20:37:32.9912337Z test frontend::union_surface_index_tests_2a::indice_conjunto_preserva_identidad_y_pertenencia_de_perfil ... ok
2026-09-09T20:37:32.9913775Z test identifier_profile::tests::excluye_formas_no_canónicas_y_otros_alfabetos ... ok
2026-09-09T20:37:32.9914716Z test identifier_profile::tests::cubre_la_ortografia_espanola_del_perfil ... ok
2026-09-09T20:37:32.9915520Z test ir_tests::admissibility_state_order_from_ir_is_preserved ... ok
2026-09-09T20:37:32.9916330Z test identifier_profile::tests::las_palabras_reservadas_no_son_identificadores ... ok
2026-09-09T20:37:32.9917190Z test ir_tests::object_type_and_level_are_derived_not_supplied ... ok
2026-09-09T20:37:32.9918031Z test ir_tests::frame_ir_preserves_unbounded_index_declared_order_and_immutability ... ok
2026-09-09T20:37:32.9919062Z test frontend::tests::query_context_variants_are_materialized_as_closed_ir_variants ... ok
2026-09-09T20:37:32.9919986Z test ir_tests::operation_type_and_result_are_derived_not_supplied ... ok
2026-09-09T20:37:32.9921943Z test ir_tests::query_and_supervision_variants_keep_canonical_labels ... ok
2026-09-09T20:37:32.9922680Z test ir_tests::program_header_is_fixed_and_order_is_preserved ... ok
2026-09-09T20:37:32.9923220Z test ir_tests::resolve_operation_preserves_identified_target_and_instances ... ok
2026-09-09T20:37:32.9923783Z test ir_tests::trajectory_append_only_is_constitutive_in_the_representation ... ok
2026-09-09T20:37:32.9924367Z test multisource_assembly_tests_2b::el_perfil_erroneo_no_se_rescata_por_la_otra_unidad ... ok
2026-09-09T20:37:32.9924925Z test ir_tests::tri_has_distinct_language_and_ir_labels ... ok
2026-09-09T20:37:32.9925476Z test multisource_assembly_tests_2b::la_identidad_de_ensamblaje_es_determinista_y_sensible_al_orden ... ok
2026-09-09T20:37:32.9926091Z test multisource_assembly_tests_2b::las_colisiones_globales_se_rechazan ... ok
2026-09-09T20:37:32.9926832Z test frontend::tests::compiles_all_current_valid_cases_from_actual_svp_text ... ok
2026-09-09T20:37:32.9927384Z test multisource_assembly_tests_2b::admite_las_cuatro_combinaciones_de_perfil ... ok
2026-09-09T20:37:32.9927981Z test multisource_assembly_tests_2b::referencia_transfronteriza_exige_el_ensamblaje_global ... ok
2026-09-09T20:37:32.9928542Z test nat::tests::nat_accepts_values_beyond_u64_without_narrowing ... ok
2026-09-09T20:37:32.9931618Z test nat::tests::nat_has_one_internal_decimal_representation_per_value ... ok
2026-09-09T20:37:32.9932504Z test multisource_assembly_tests_2b::una_produccion_no_puede_cruzar_la_frontera_de_archivo ... ok
2026-09-09T20:37:32.9933950Z test nat::tests::nat_rejects_non_decimal_material ... ok
2026-09-09T20:37:32.9935371Z test requirements::tests::aggregation_rejects_duplicate_check_for_same_requirement ... ok
2026-09-09T20:37:32.9936500Z test requirements::tests::aggregation_rejects_same_reference_with_different_material_binding ... ok
2026-09-09T20:37:32.9937665Z test requirements::tests::aggregation_requires_complete_coverage ... ok
2026-09-09T20:37:32.9938424Z test requirements::tests::all_accredited_aggregates_to_da ... ok
2026-09-09T20:37:32.9939539Z test requirements::tests::applicability_must_match_requirement_context_family_and_rule ... ok
2026-09-09T20:37:32.9940579Z test requirements::tests::nominal_da_cannot_form_an_aggregable_check_without_applicability ... ok
2026-09-09T20:37:32.9941667Z test requirements::tests::requirement_set_rejects_empty_req ... ok
2026-09-09T20:37:32.9942399Z test requirements::tests::refutation_precedes_not_verifiable ... ok
2026-09-09T20:37:32.9943188Z test requirements::tests::dn_is_preserved_when_there_is_no_refutation ... ok
2026-09-09T20:37:32.9944021Z test requirements::tests::requirement_set_rejects_reused_reference ... ok
2026-09-09T20:37:32.9944876Z test requirements::tests::requirement_set_requires_the_non_eludible_core ... ok
2026-09-09T20:37:32.9945784Z test requirements_bridge::tests::aggregation_rejects_duplicate_requirement_result ... ok
2026-09-09T20:37:32.9946723Z test requirements_bridge::tests::aggregation_is_independent_of_result_order ... ok
2026-09-09T20:37:32.9947606Z test requirements_bridge::tests::aggregation_rejects_foreign_material_binding ... ok
2026-09-09T20:37:32.9948548Z test requirements_bridge::tests::aggregation_rejects_unexpected_requirement_result ... ok
2026-09-09T20:37:32.9949492Z test requirements_bridge::tests::aggregation_requires_complete_requirement_coverage ... ok
2026-09-09T20:37:32.9950395Z test requirements_bridge::tests::complete_accreditation_aggregates_to_da ... ok
2026-09-09T20:37:32.9951554Z test requirements_bridge::tests::homogeneous_single_check_is_sealed_with_descriptor_and_observation ... ok
2026-09-09T20:37:32.9952634Z test requirements_bridge::tests::conflict_without_rule_preserves_each_individual_result ... ok
2026-09-09T20:37:32.9953530Z test requirements_bridge::tests::dn_is_preserved_without_refutation ... ok
2026-09-09T20:37:32.9954391Z test requirements_conflict::tests::absent_decisive_verifier_leaves_conflict_at_dn ... ok
2026-09-09T20:37:32.9955413Z test requirements_conflict::tests::accredited_and_not_verifiable_without_rule_remain_not_verifiable ... ok
2026-09-09T20:37:32.9956525Z test requirements_conflict::tests::accredited_and_refuted_without_rule_become_not_verifiable ... ok
2026-09-09T20:37:32.9957517Z test requirements_conflict::tests::conflict_result_is_independent_of_input_order ... ok
2026-09-09T20:37:32.9958478Z test requirements_conflict::tests::decisive_accredited_verifier_resolves_conflict_to_da ... ok
2026-09-09T20:37:32.9959418Z test requirements_conflict::tests::decisive_dn_verifier_cannot_promote_conflict ... ok
2026-09-09T20:37:32.9960362Z test requirements_conflict::tests::decisive_refuted_verifier_resolves_conflict_to_dr ... ok
2026-09-09T20:37:32.9963242Z test requirements_conflict::tests::empty_check_set_is_rejected ... ok
2026-09-09T20:37:32.9964223Z test requirements_conflict::tests::homogeneous_accredited_checks_remain_accredited ... ok
2026-09-09T20:37:32.9965471Z test requirements_conflict::tests::homogeneous_not_verifiable_checks_remain_not_verifiable ... ok
2026-09-09T20:37:32.9966525Z test requirements_conflict::tests::homogeneous_refuted_checks_remain_refuted ... ok
2026-09-09T20:37:32.9967505Z test requirements_conflict::tests::majority_does_not_override_constituted_decisive_verifier ... ok
2026-09-09T20:37:32.9968561Z test requirements_conflict::tests::public_governed_path_rejects_foreign_material_binding ... ok
2026-09-09T20:37:32.9969540Z test requirements_conflict::tests::mixed_requirements_are_not_a_single_conflict ... ok
2026-09-09T20:37:32.9970537Z test requirements_conflict::tests::public_governed_path_without_rule_keeps_conflict_at_dn ... ok
2026-09-09T20:37:32.9971753Z test requirements_conflict::tests::refuted_and_not_verifiable_without_rule_become_not_verifiable ... ok
2026-09-09T20:37:32.9972787Z test requirements_conflict::tests::repeated_verifier_is_rejected_instead_of_weighted ... ok
2026-09-09T20:37:32.9973930Z test requirements_conflict::tests::repeated_verifier_with_incompatible_results_is_rejected_on_public_path ... ok
2026-09-09T20:37:32.9975202Z test requirements_coverage::tests::absence_of_rule_is_not_empty_positive_coverage ... ok
2026-09-09T20:37:32.9976204Z test requirements_coverage::tests::accredited_results_without_coverage_rules_aggregate_to_dn ... ok
2026-09-09T20:37:32.9977185Z test requirements_coverage::tests::all_required_participants_complete_coverage ... ok
2026-09-09T20:37:32.9978074Z test requirements_bridge::tests::refutation_precedes_dn_after_resolution ... ok
2026-09-09T20:37:32.9979011Z test requirements_coverage::tests::coverage_rule_identity_is_part_of_the_resolved_binding ... ok
2026-09-09T20:37:32.9980105Z test requirements_coverage::tests::complete_coverage_of_all_accredited_requirements_aggregates_to_da ... ok
2026-09-09T20:37:32.9981534Z test requirements_coverage::tests::coverage_rule_rejects_duplicate_required_verifier ... ok
2026-09-09T20:37:32.9982477Z test requirements_coverage::tests::coverage_rule_rejects_empty_required_set ... ok
2026-09-09T20:37:32.9983445Z test requirements_coverage::tests::extra_participant_does_not_replace_a_missing_required_one ... ok
2026-09-09T20:37:32.9984436Z test requirements_coverage::tests::missing_required_participant_is_explicit ... ok
2026-09-09T20:37:32.9985325Z test requirements_coverage::tests::missing_required_verifier_prevents_da ... ok
2026-09-09T20:37:32.9986217Z test requirements_coverage::tests::refutation_is_not_erased_by_absent_coverage_rule ... ok
2026-09-09T20:37:32.9987127Z test requirements_coverage::tests::result_from_other_requirement_is_rejected ... ok
2026-09-09T20:37:32.9988131Z test requirements_coverage::tests::rule_bound_to_other_context_is_rejected_even_if_attached_for_test ... ok
2026-09-09T20:37:32.9989047Z test requirements_reuse::tests::changed_context_closes_to_dn ... ok
2026-09-09T20:37:32.9989780Z test requirements_reuse::tests::changed_single_binding_closes_to_dn ... ok
2026-09-09T20:37:32.9990548Z test requirements_reuse::tests::exact_continuity_preserves_da ... ok
2026-09-09T20:37:32.9991516Z test requirements_reuse::tests::exact_continuity_preserves_dn_without_promotion ... ok
2026-09-09T20:37:32.9992348Z test requirements_reuse::tests::exact_continuity_preserves_dr ... ok
2026-09-09T20:37:32.9993233Z test requirements_reuse::tests::incomplete_coverage_cannot_reappear_as_historical_da ... ok
2026-09-09T20:37:32.9994112Z test requirements_reuse::tests::missing_current_rule_closes_to_dn ... ok
2026-09-09T20:37:32.9994911Z test requirements_reuse::tests::other_requirement_is_structural_error ... ok
2026-09-09T20:37:32.9995734Z test requirements_reuse::tests::reuse_rule_rejects_duplicate_binding_key ... ok
2026-09-09T20:37:32.9996549Z test requirements_reuse::tests::reuse_rule_rejects_empty_binding_set ... ok
2026-09-09T20:37:32.9997467Z test resolution_tests::arbitrary_precision_position_cannot_overflow_into_a_valid_index ... ok
2026-09-09T20:37:32.9998411Z test requirements_reuse::tests::same_rule_reference_with_changed_binding_is_not_reusable ... ok
2026-09-09T20:37:32.9999157Z test resolution_tests::cell_target_u_is_reviewable_and_closure_remains_u ... ok
2026-09-09T20:37:32.9999675Z test resolution_tests::context_instance_must_match_res_spec_exactly ... ok
2026-09-09T20:37:33.0000180Z test resolution_tests::coupled_target_uses_the_effective_updated_vector ... ok
2026-09-09T20:37:33.0000675Z test resolution_tests::position_beyond_effective_vector_is_rejected ... ok
2026-09-09T20:37:33.0001644Z      Running tests/admissibility_table_causal.rs (rust/target/debug/deps/admissibility_table_causal-8911373653e15fdc)
2026-09-09T20:37:33.0002316Z test resolution_tests::mechanism_instance_must_match_res_spec_exactly ... ok
2026-09-09T20:37:33.0002810Z test resolution_tests::non_evaluable_target_is_rejected_with_e305 ... ok
2026-09-09T20:37:33.0003291Z test resolution_tests::res_spec_preserves_opaque_contract_references ... ok
2026-09-09T20:37:33.0003803Z test resolution_tests::review_does_not_mutate_the_effective_state ... ok
2026-09-09T20:37:33.0004221Z test tests::technical_invalidity_is_not_u ... ok
2026-09-09T20:37:33.0004694Z test resolution_tests::review_material_never_becomes_positive_closure_by_execution_alone ... ok
2026-09-09T20:37:33.0005373Z test resolution_tests::target_value_must_be_a_constituted_u ... ok
2026-09-09T20:37:33.0005818Z test resolution_tests::zero_position_is_rejected_as_not_one_based ... ok
2026-09-09T20:37:33.0006267Z test tests::tri_is_exactly_ternary_at_the_public_boundary ... ok
2026-09-09T20:37:33.0006863Z test tests::tri_numeric_representation_is_canonical ... ok
2026-09-09T20:37:33.0007427Z test tests::tri_roundtrip_is_canonical ... ok
2026-09-09T20:37:33.0007987Z test tests::tri_has_a_stable_one_byte_representation ... ok
2026-09-09T20:37:33.0008607Z test tests::tri_textual_representation_is_canonical ... ok
2026-09-09T20:37:33.0009294Z test tests::version_constants_match_the_integrated_frontend_contract ... ok
2026-09-09T20:37:33.0010198Z test transition_data_wellformed::tests::decimal_order_does_not_narrow_unbounded_naturals ... ok
2026-09-09T20:37:33.0011347Z test wellformed::tests::decimal_order_does_not_narrow_unbounded_nat ... ok
2026-09-09T20:37:33.0011853Z 
2026-09-09T20:37:33.0012266Z test result: ok. 211 passed; 0 failed; 0 ignored; 0 measured; 0 filtered out; finished in 0.02s
2026-09-09T20:37:33.0012851Z 
2026-09-09T20:37:33.0012866Z 
2026-09-09T20:37:33.0013007Z running 3 tests
2026-09-09T20:37:33.0013439Z test el_cierre_interno_historico_falla_en_sintaxis ... ok
2026-09-09T20:37:33.0014090Z test salida_ajena_al_codominio_alcanza_la_guarda_semantica ... ok
2026-09-09T20:37:33.0015091Z test sustituir_solo_la_salida_por_un_miembro_declarado_admite_la_tabla ... ok
2026-09-09T20:37:33.0015614Z 
2026-09-09T20:37:33.0016017Z test result: ok. 3 passed; 0 failed; 0 ignored; 0 measured; 0 filtered out; finished in 0.00s
2026-09-09T20:37:33.0016558Z 
2026-09-09T20:37:33.0017392Z      Running tests/architecture_type_guards.rs (rust/target/debug/deps/architecture_type_guards-e63f5ba1c527b1f9)
2026-09-09T20:37:33.0028599Z 
2026-09-09T20:37:33.0028763Z running 3 tests
2026-09-09T20:37:33.0035349Z test compose_graph_exige_composition_graph_en_ambos_perfiles ... ok
2026-09-09T20:37:33.0035979Z test frame_architecture_exige_composition_graph_en_ambos_perfiles ... ok
2026-09-09T20:37:33.0036490Z test frame_y_compose_conservan_sus_controles_validos ... ok
2026-09-09T20:37:33.0036751Z 
2026-09-09T20:37:33.0037108Z test result: ok. 3 passed; 0 failed; 0 ignored; 0 measured; 0 filtered out; finished in 0.00s
2026-09-09T20:37:33.0037661Z 
2026-09-09T20:37:33.0038112Z      Running tests/bindings.rs (rust/target/debug/deps/bindings-e3479c09a1b0b2e2)
2026-09-09T20:37:33.0049427Z 
2026-09-09T20:37:33.0049584Z running 45 tests
2026-09-09T20:37:33.0321849Z test l00_esquema ... ok
2026-09-09T20:37:33.0375216Z test l00_operacion_duplicada ... ok
2026-09-09T20:37:33.0382381Z test l00_identidad_vacia ... ok
2026-09-09T20:37:33.0601831Z test l01_version ... ok
2026-09-09T20:37:33.0654330Z test l00_uso_duplicado ... ok
2026-09-09T20:37:33.0672388Z test l02_orden_expectativa ... ok
2026-09-09T20:37:33.0913621Z test l03_programa ... ok
2026-09-09T20:37:33.0976024Z test l04_bytes ... ok
2026-09-09T20:37:33.1001666Z test l05_version_duplicada ... ok
2026-09-09T20:37:33.1271874Z test l06_referencia_ausente ... ok
2026-09-09T20:37:33.1331809Z test l06_referencia_exacta ... ok
2026-09-09T20:37:33.1362032Z test l07_clase ... ok
2026-09-09T20:37:33.1588393Z test l08_instancia_duplicada ... ok
2026-09-09T20:37:33.1611794Z test l09_parametro ... ok
2026-09-09T20:37:33.1679986Z test l09_propietario ... ok
2026-09-09T20:37:33.1928749Z test l10_admision_ajena ... ok
2026-09-09T20:37:33.1961746Z test l10_admision_tipo ... ok
2026-09-09T20:37:33.2012805Z test l10_captura_ajena ... ok
2026-09-09T20:37:33.2193159Z test controles_positivos_preservan_identidad_orden_y_multiplicidad ... ok
2026-09-09T20:37:33.2252892Z test l10_captura_tipo ... ok
2026-09-09T20:37:33.2281694Z test l11_numeral_admision ... ok
2026-09-09T20:37:33.2356001Z test l11_numeral_captura ... ok
2026-09-09T20:37:33.2541976Z test l12_regla ... ok
2026-09-09T20:37:33.2598522Z test l13_espacio ... ok
2026-09-09T20:37:33.2599960Z test l13_ternarizador_ajeno ... ok
2026-09-09T20:37:33.2651997Z test l14_procedencia ... ok
2026-09-09T20:37:33.2861666Z test l15_operacion ... ok
2026-09-09T20:37:33.2942160Z test l16_instancia_ausente ... ok
2026-09-09T20:37:33.2945912Z test l15_version_operacion ... ok
2026-09-09T20:37:33.2991810Z test l17_destino_ausente ... ok
2026-09-09T20:37:33.3169634Z test l18_destino_ausente ... ok
2026-09-09T20:37:33.3269952Z test l18_nodo_ajeno ... ok
2026-09-09T20:37:33.3281993Z test l18_destino_tipo ... ok
2026-09-09T20:37:33.3294733Z test l19_cero ... ok
2026-09-09T20:37:33.3545895Z test l19_diez ... ok
2026-09-09T20:37:33.3548796Z test l19_nat_grande ... ok
2026-09-09T20:37:33.3621860Z test l20_colision ... ok
2026-09-09T20:37:33.3658973Z test l21_comparticion_ausente ... ok
2026-09-09T20:37:33.3886011Z test l22_alias_destino ... ok
2026-09-09T20:37:33.3886916Z test l22_alias_instancia ... ok
2026-09-09T20:37:33.3941955Z test l22_alias_posterior ... ok
2026-09-09T20:37:33.3985194Z test l23_comparticion_incompleta ... ok
2026-09-09T20:37:33.4115461Z test l23_comparticion_orden ... ok
2026-09-09T20:37:33.4212239Z test l24_lateral_ausente ... ok
2026-09-09T20:37:33.4240171Z test l24_lateral_oculta ... ok
2026-09-09T20:37:33.4240481Z 
2026-09-09T20:37:33.4240886Z test result: ok. 45 passed; 0 failed; 0 ignored; 0 measured; 0 filtered out; finished in 0.42s
2026-09-09T20:37:33.4241602Z 
2026-09-09T20:37:33.4245447Z      Running tests/bridge_set.rs (rust/target/debug/deps/bridge_set-38720aba5ea81af3)
2026-09-09T20:37:33.4257788Z 
2026-09-09T20:37:33.4257932Z running 3 tests
2026-09-09T20:37:33.4265630Z test empty_set_and_declared_order_are_preserved ... ok
2026-09-09T20:37:33.4266247Z test duplicate_nat_positions_are_rejected_before_ir_admission ... ok
2026-09-09T20:37:33.4266696Z test existing_range_rejection_keeps_precedence ... ok
2026-09-09T20:37:33.4266971Z 
2026-09-09T20:37:33.4267285Z test result: ok. 3 passed; 0 failed; 0 ignored; 0 measured; 0 filtered out; finished in 0.00s
2026-09-09T20:37:33.4267845Z 
2026-09-09T20:37:33.4268420Z      Running tests/cell_geometry_native.rs (rust/target/debug/deps/cell_geometry_native-f5d08cc51e268b59)
2026-09-09T20:37:33.4278539Z 
2026-09-09T20:37:33.4278683Z running 4 tests
2026-09-09T20:37:33.4284946Z test b_menor_que_tres_se_rechaza_nativamente_en_ambos_perfiles ... ok
2026-09-09T20:37:33.4285967Z test b_tres_y_b_cuatro_derivan_nueve_y_dieciseis_posiciones ... ok
2026-09-09T20:37:33.4287552Z test vector_de_longitud_dieciseis_es_admisible_para_b_cuatro ... ok
2026-09-09T20:37:33.4288746Z test longitud_de_vector_distinta_de_n_se_rechaza_nativamente ... ok
2026-09-09T20:37:33.4289210Z 
2026-09-09T20:37:33.4289617Z test result: ok. 4 passed; 0 failed; 0 ignored; 0 measured; 0 filtered out; finished in 0.00s
2026-09-09T20:37:33.4290226Z 
2026-09-09T20:37:33.4291678Z      Running tests/codomain_uniqueness.rs (rust/target/debug/deps/codomain_uniqueness-9d387cf8f1c88b1b)
2026-09-09T20:37:33.4303139Z 
2026-09-09T20:37:33.4303297Z running 3 tests
2026-09-09T20:37:33.4307722Z test n0_01_conserva_codominios_distintos_en_ambos_perfiles ... ok
2026-09-09T20:37:33.4308183Z test n0_01_rechaza_miembro_duplicado_en_ambos_perfiles ... ok
2026-09-09T20:37:33.4308690Z test n0_01_el_ensamblaje_no_rescata_un_codominio_duplicado ... ok
2026-09-09T20:37:33.4309020Z 
2026-09-09T20:37:33.4309430Z test result: ok. 3 passed; 0 failed; 0 ignored; 0 measured; 0 filtered out; finished in 0.00s
2026-09-09T20:37:33.4310573Z      Running tests/context_wellformed.rs (rust/target/debug/deps/context_wellformed-d96c5ed24650c13e)
2026-09-09T20:37:33.4311387Z 
2026-09-09T20:37:33.4320953Z 
2026-09-09T20:37:33.4321240Z running 11 tests
2026-09-09T20:37:33.4442942Z test query_architecture_eval_celda_ajena ... ok
2026-09-09T20:37:33.4452186Z test query_architecture_eval_nodo_ajeno ... ok
2026-09-09T20:37:33.4452703Z test query_architecture_cell_ajena ... ok
2026-09-09T20:37:33.4453197Z test query_architecture_gate_entrada_ajena ... ok
2026-09-09T20:37:33.4524444Z test query_coverage_silent_u_ajena ... ok
2026-09-09T20:37:33.4571757Z test query_comparison_frame_ajeno ... ok
2026-09-09T20:37:33.4611902Z test query_coverage_interface_ajena ... ok
2026-09-09T20:37:33.4614382Z test query_point_frame_ajeno ... ok
2026-09-09T20:37:33.4626887Z test query_trajectory_ajena ... ok
2026-09-09T20:37:33.4668263Z test trajectory_frame_arquitectura_distinta ... ok
2026-09-09T20:37:33.4704460Z test trajectory_horizon_arquitectura_distinta ... ok
2026-09-09T20:37:33.4704864Z 
2026-09-09T20:37:33.4705261Z test result: ok. 11 passed; 0 failed; 0 ignored; 0 measured; 0 filtered out; finished in 0.04s
2026-09-09T20:37:33.4705744Z 
2026-09-09T20:37:33.4708263Z      Running tests/cyb_authority_boundary.rs (rust/target/debug/deps/cyb_authority_boundary-ad89efce2fcd2b6c)
2026-09-09T20:37:33.4718705Z 
2026-09-09T20:37:33.4718862Z running 9 tests
2026-09-09T20:37:33.5109623Z test fa01_referencia_de_autoridad_privada ... ok
2026-09-09T20:37:33.5123336Z test fa02_macro_no_elude_referencia_privada ... ok
2026-09-09T20:37:33.5141744Z test fa03_premisa_externa_no_fabricable ... ok
2026-09-09T20:37:33.5460950Z test fa04_macro_no_elude_premisa_privada ... ok
2026-09-09T20:37:33.5505588Z test fa06_resultado_elegido_no_es_permiso ... ok
2026-09-09T20:37:33.5530207Z test fa05_ligadura_validada_no_es_autoridad ... ok
2026-09-09T20:37:33.5851300Z test fa07_booleano_no_sustituye_premisa ... ok
2026-09-09T20:37:33.6717008Z test datos_documentales_no_constituyen_autoridad ... ok
2026-09-09T20:37:33.6857937Z test macro_de_datos_nominales_admitida ... ok
2026-09-09T20:37:33.6858360Z 
2026-09-09T20:37:33.6858797Z test result: ok. 9 passed; 0 failed; 0 ignored; 0 measured; 0 filtered out; finished in 0.21s
2026-09-09T20:37:33.6859343Z 
2026-09-09T20:37:33.6860954Z      Running tests/cyb_reception.rs (rust/target/debug/deps/cyb_reception-28ef2efde3c31c5a)
2026-09-09T20:37:33.6873085Z 
2026-09-09T20:37:33.6873289Z running 12 tests
2026-09-09T20:37:33.7177132Z test cyb_instancias_documentales_independientes ... ok
2026-09-09T20:37:34.2048861Z test cyb_rechazos_causales_y_reparaciones ... ok
2026-09-09T20:37:36.3072294Z test cyb_definicion_y_modulos_exactos ... ok
2026-09-09T20:37:37.7272034Z test cyb_ensamblaje_directo ... ok
2026-09-09T20:37:37.7277012Z test probe::json::tests::preserves_fixed_values_order_and_unicode ... ok
2026-09-09T20:37:37.7278022Z test probe::json::tests::rejects_duplicate_and_index_keys ... ok
2026-09-09T20:37:37.7279059Z test probe::json::tests::rejects_invalid_unicode_and_utf8 ... ok
2026-09-09T20:37:37.7280073Z test probe::json::tests::rejects_json_syntax_instead_of_repairing_it ... ok
2026-09-09T20:37:37.7281379Z test probe::json::tests::rejects_numeric_conversion_before_it_loses_information ... ok
2026-09-09T20:37:37.7445083Z test cyb_ensamblaje_inverso ... ok
2026-09-09T20:37:38.1017772Z test cyb_transporte_en ... ok
2026-09-09T20:37:39.5779264Z test cyb_transporte_es ... ok
2026-09-09T20:37:39.5779646Z 
2026-09-09T20:37:39.5780506Z test result: ok. 12 passed; 0 failed; 0 ignored; 0 measured; 0 filtered out; finished in 5.89s
2026-09-09T20:37:39.5780905Z 
2026-09-09T20:37:39.5785006Z      Running tests/diagnostic_frontend.rs (rust/target/debug/deps/diagnostic_frontend-cfe398c76c30e302)
2026-09-09T20:37:39.5796062Z 
2026-09-09T20:37:39.5796217Z running 7 tests
2026-09-09T20:37:39.5802101Z test lexical_character_and_foreign_surface_keep_original_ranges ... ok
2026-09-09T20:37:39.5803621Z test eof_preserves_original_utf8_bytes_and_selected_language ... ok
2026-09-09T20:37:39.5804448Z test mixed_assembly_attributes_only_the_faulty_unit_even_with_duplicate_file_names ... ok
2026-09-09T20:37:39.5805283Z test optional_fields_repetition_and_order_are_distinct ... ok
2026-09-09T20:37:39.5805983Z test quoted_text_is_not_copied_into_the_new_explanation ... ok
2026-09-09T20:37:39.5806710Z test source_hash_changes_with_original_bytes_without_normalization ... ok
2026-09-09T20:37:39.5807575Z test valid_foreign_contextual_identifiers_and_professional_literals_are_unchanged ... ok
2026-09-09T20:37:39.5808154Z 
2026-09-09T20:37:39.5808529Z test result: ok. 7 passed; 0 failed; 0 ignored; 0 measured; 0 filtered out; finished in 0.00s
2026-09-09T20:37:39.5809385Z 
2026-09-09T20:37:39.5809904Z      Running tests/diagnostic_validation.rs (rust/target/debug/deps/diagnostic_validation-bc49d6b5f0b03927)
2026-09-09T20:37:39.5817784Z 
2026-09-09T20:37:39.5817972Z running 8 tests
2026-09-09T20:37:39.5825564Z test cases::cobertura_no_se_inventa_para_causas_pendientes ... ok
2026-09-09T20:37:39.5826411Z test cases::colision_conserva_ambas_declaraciones_aunque_coincida_el_archivo ... ok
2026-09-09T20:37:39.5827261Z test cases::codominio_causa_codigo_prosa_y_control_en_ambos_perfiles ... ok
2026-09-09T20:37:39.5828045Z test cases::base_y_dominios_cerrados_se_localizan_sin_crear_codigos ... ok
2026-09-09T20:37:39.5832210Z test cases::colision_objeto_operacion_y_operacion_operacion_conserva_precedencia ... ok
2026-09-09T20:37:39.5838165Z test cases::fallo_local_no_atribuye_defecto_a_unidad_sana_y_huella_es_original ... ok
2026-09-09T20:37:39.5839105Z test cases::referencias_cruzadas_conservan_contextos_por_unidad_y_orden ... ok
2026-09-09T20:37:39.5852356Z test cases::semantica_distingue_repetidas_ausentes_y_ajenas_sin_revelar_textos ... ok
2026-09-09T20:37:39.5852922Z 
2026-09-09T20:37:39.5853317Z test result: ok. 8 passed; 0 failed; 0 ignored; 0 measured; 0 filtered out; finished in 0.00s
2026-09-09T20:37:39.5853872Z 
2026-09-09T20:37:39.5865928Z 
2026-09-09T20:37:39.5866149Z running 3 tests
2026-09-09T20:37:39.5882593Z      Running tests/domain_parameters.rs (rust/target/debug/deps/domain_parameters-48cafe0685ab2722)
2026-09-09T20:37:39.5883536Z test exact_names_and_order_are_preserved_without_numeric_binding ... ok
2026-09-09T20:37:39.5887286Z test previous_chain_and_reference_rejections_remain_first ... ok
2026-09-09T20:37:39.5888920Z test unconsumed_domain_rejects_repeated_nominal_identity ... ok
2026-09-09T20:37:39.5889347Z 
2026-09-09T20:37:39.5889743Z test result: ok. 3 passed; 0 failed; 0 ignored; 0 measured; 0 filtered out; finished in 0.00s
2026-09-09T20:37:39.5890227Z 
2026-09-09T20:37:39.5892093Z      Running tests/gh_bindings.rs (rust/target/debug/deps/gh_bindings-af743f2f014cd251)
2026-09-09T20:37:39.5902041Z 
2026-09-09T20:37:39.5902180Z running 8 tests
2026-09-09T20:37:39.6223310Z test antecedente_enmienda ... ok
2026-09-09T20:37:39.6223937Z test estado_propuesta ... ok
2026-09-09T20:37:39.6224714Z test adjudicacion_separada ... ok
2026-09-09T20:37:39.6225396Z test atribucion_documental ... ok
2026-09-09T20:37:39.6532302Z test extremo_de_ventana ... ok
2026-09-09T20:37:39.6532647Z test unidad_metodo_referencia ... ok
2026-09-09T20:37:39.6537354Z test u_y_configuracion_ausente ... ok
2026-09-09T20:37:39.6537834Z test ligaduras_ordenadas ... ok
2026-09-09T20:37:39.6538104Z 
2026-09-09T20:37:39.6538489Z test result: ok. 8 passed; 0 failed; 0 ignored; 0 measured; 0 filtered out; finished in 0.06s
2026-09-09T20:37:39.6538898Z 
2026-09-09T20:37:39.6541832Z      Running tests/grammar_closed_domains.rs (rust/target/debug/deps/grammar_closed_domains-bcf8bb67d13e224c)
2026-09-09T20:37:39.6552985Z 
2026-09-09T20:37:39.6553118Z running 5 tests
2026-09-09T20:37:39.6557785Z test dg01_rechaza_kind_ajeno_en_y_es ... ok
2026-09-09T20:37:39.6558648Z test dg02_rechaza_pattern_ajeno_en_y_es ... ok
2026-09-09T20:37:39.6560152Z test dg03_rechaza_regime_ajeno_en_y_es ... ok
2026-09-09T20:37:39.6560897Z test ensamblaje_no_rescata_un_literal_ajeno_de_otra_unidad ... ok
2026-09-09T20:37:39.6562262Z test dominios_canónicos_siguen_admitidos_en_y_es ... ok
2026-09-09T20:37:39.6562521Z 
2026-09-09T20:37:39.6562806Z test result: ok. 5 passed; 0 failed; 0 ignored; 0 measured; 0 filtered out; finished in 0.00s
2026-09-09T20:37:39.6563169Z 
2026-09-09T20:37:39.6565411Z      Running tests/horizon_architecture.rs (rust/target/debug/deps/horizon_architecture-1615d4acc492fca6)
2026-09-09T20:37:39.6575939Z 
2026-09-09T20:37:39.6576216Z running 5 tests
2026-09-09T20:37:39.6592366Z test n0_04_existing_graph_must_be_wellformed ... ok
2026-09-09T20:37:39.6608271Z test n0_04_agent_identity_and_equal_missing_names ... ok
2026-09-09T20:37:39.6609261Z test n0_04_missing_wrong_type_self_and_operation_in_both_profiles ... ok
2026-09-09T20:37:39.6613304Z test n0_04_forward_reference_preserves_graph_and_events ... ok
2026-09-09T20:37:39.6624358Z test n0_04_mixed_assembly_resolves_or_rejects_in_both_orders ... ok
2026-09-09T20:37:39.6624824Z 
2026-09-09T20:37:39.6625238Z test result: ok. 5 passed; 0 failed; 0 ignored; 0 measured; 0 filtered out; finished in 0.00s
2026-09-09T20:37:39.6625792Z 
2026-09-09T20:37:39.6626858Z      Running tests/horizon_events.rs (rust/target/debug/deps/horizon_events-be5410cda4fd3acb)
2026-09-09T20:37:39.6637093Z 
2026-09-09T20:37:39.6637374Z running 3 tests
2026-09-09T20:37:39.6647858Z test uniqueness_is_local_and_preserves_declared_order ... ok
2026-09-09T20:37:39.6648589Z test duplicate_types_are_rejected_in_an_unconsumed_horizon ... ok
2026-09-09T20:37:39.6649168Z test previous_reference_empty_and_membership_diagnostics_remain_first ... ok
2026-09-09T20:37:39.6649487Z 
2026-09-09T20:37:39.6649810Z test result: ok. 3 passed; 0 failed; 0 ignored; 0 measured; 0 filtered out; finished in 0.00s
2026-09-09T20:37:39.6650337Z 
2026-09-09T20:37:39.6650776Z      Running tests/json_projection.rs (rust/target/debug/deps/json_projection-64ea6a6ff1da5665)
2026-09-09T20:37:39.6660168Z 
2026-09-09T20:37:39.6660319Z running 5 tests
2026-09-09T20:37:39.6667691Z test n0_03_conserva_guarda_previa_del_otro_mapa_variable ... ok
2026-09-09T20:37:39.6668840Z test n0_03_conserva_claves_compartidas_entre_mapas_y_mapa_vacio ... ok
2026-09-09T20:37:39.6670209Z test n0_03_rechaza_semantica_no_enlazada_en_es_en ... ok
2026-09-09T20:37:39.6670968Z test n0_03_ensamblaje_no_rescata_duplicados_sin_celda ... ok
2026-09-09T20:37:39.6672505Z test n0_03_ensamblaje_conserva_ambitos_y_referencias_de_n0_02 ... ok
2026-09-09T20:37:39.6672956Z 
2026-09-09T20:37:39.6673339Z test result: ok. 5 passed; 0 failed; 0 ignored; 0 measured; 0 filtered out; finished in 0.00s
2026-09-09T20:37:39.6673927Z 
2026-09-09T20:37:39.6675107Z      Running tests/optional_fields.rs (rust/target/debug/deps/optional_fields-7aac2bf55c50ed5b)
2026-09-09T20:37:39.6685182Z 
2026-09-09T20:37:39.6685413Z running 2 tests
2026-09-09T20:37:39.6690406Z test optional_absence_and_list_occurrences_are_preserved ... ok
2026-09-09T20:37:39.6692009Z test malformed_declarations_are_rejected_without_a_consumer ... ok
2026-09-09T20:37:39.6692464Z 
2026-09-09T20:37:39.6692892Z test result: ok. 2 passed; 0 failed; 0 ignored; 0 measured; 0 filtered out; finished in 0.00s
2026-09-09T20:37:39.6693379Z 
2026-09-09T20:37:39.6694555Z      Running tests/output_semantics_totality.rs (rust/target/debug/deps/output_semantics_totality-5bda3ca7398b0654)
2026-09-09T20:37:39.6704513Z 
2026-09-09T20:37:39.6704674Z running 6 tests
2026-09-09T20:37:39.6714699Z test n0_02_otra_semantica_no_completa_la_referenciada ... ok
2026-09-09T20:37:39.6715602Z test n0_02_ensambla_relacion_total_entre_unidades_en_es ... ok
2026-09-09T20:37:39.6716756Z test n0_02_cada_celda_comprueba_su_codominio_aunque_comparta_semantica ... ok
2026-09-09T20:37:39.6717437Z test n0_02_preserva_orden_y_textos_compartidos_en_es_en ... ok
2026-09-09T20:37:39.6728876Z test n0_02_ensamblaje_no_rescata_relacion_invalida ... ok
2026-09-09T20:37:39.6729850Z test n0_02_rechaza_cuatro_defectos_en_es_en_y_referencias_adelantadas ... ok
2026-09-09T20:37:39.6730354Z 
2026-09-09T20:37:39.6730855Z test result: ok. 6 passed; 0 failed; 0 ignored; 0 measured; 0 filtered out; finished in 0.00s
2026-09-09T20:37:39.6731675Z 
2026-09-09T20:37:39.6733498Z      Running tests/projection_metadata_native.rs (rust/target/debug/deps/projection_metadata_native-9cceed390e7393ea)
2026-09-09T20:37:39.6743745Z 
2026-09-09T20:37:39.6743998Z running 3 tests
2026-09-09T20:37:39.6749608Z test proyeccion_emite_una_vez_version_fichero_y_huella_reales ... ok
2026-09-09T20:37:39.6750389Z test bytes_fuente_distintos_modifican_la_huella_y_su_emision ... ok
2026-09-09T20:37:39.6751395Z test source_file_modifica_la_proyeccion_sin_alterar_la_huella_del_contenido ... ok
2026-09-09T20:37:39.6752165Z 
2026-09-09T20:37:39.6752557Z test result: ok. 3 passed; 0 failed; 0 ignored; 0 measured; 0 filtered out; finished in 0.00s
2026-09-09T20:37:39.6753102Z 
2026-09-09T20:37:39.6753677Z      Running tests/transition_data_wellformed.rs (rust/target/debug/deps/transition_data_wellformed-9a9fd0956cc5e69a)
2026-09-09T20:37:39.6762265Z 
2026-09-09T20:37:39.6762405Z running 6 tests
2026-09-09T20:37:39.6775803Z test transition_data_rechaza_destino_inducido_repetido_con_valor_igual_o_distinto ... ok
2026-09-09T20:37:39.6777206Z test transition_data_admite_nodos_declarados_posiciones_extremas_e_instancias_compartidas ... ok
2026-09-09T20:37:39.6778412Z test ensamblaje_mixto_no_rescata_transition_data_invalido ... ok
2026-09-09T20:37:39.6779444Z test transition_data_rechaza_cero_y_posicion_superior_a_n_sin_estrechar_nat ... ok
2026-09-09T20:37:39.6782465Z test transition_data_rechaza_tipo_de_suceso_repetido_con_valor_igual_o_distinto ... ok
2026-09-09T20:37:39.6784319Z test transition_data_rechaza_nodo_ausente_tipo_incorrecto_o_fuera_de_arquitectura ... ok
2026-09-09T20:37:39.6784779Z 
2026-09-09T20:37:39.6785289Z test result: ok. 6 passed; 0 failed; 0 ignored; 0 measured; 0 filtered out; finished in 0.00s
2026-09-09T20:37:39.6785687Z 
2026-09-09T20:37:39.6787077Z      Running unittests src/main.rs (rust/target/debug/deps/sv_native-0aa23a621949d383)
2026-09-09T20:37:39.6796644Z 
2026-09-09T20:37:39.6796790Z running 0 tests
2026-09-09T20:37:39.6798150Z 
2026-09-09T20:37:39.6798626Z test result: ok. 0 passed; 0 failed; 0 ignored; 0 measured; 0 filtered out; finished in 0.00s
2026-09-09T20:37:39.6799095Z 
2026-09-09T20:37:39.6799583Z      Running unittests src/lib.rs (rust/target/debug/deps/sv_wasm-30d2e6110c8bbd15)
2026-09-09T20:37:39.6808862Z 
2026-09-09T20:37:39.6808990Z running 2 tests
2026-09-09T20:37:39.6811920Z test tests::exported_versions_match_core ... ok
2026-09-09T20:37:39.6812412Z test tests::wasm_boundary_delegates_tri_to_core ... ok
2026-09-09T20:37:39.6812648Z 
2026-09-09T20:37:39.6812898Z test result: ok. 2 passed; 0 failed; 0 ignored; 0 measured; 0 filtered out; finished in 0.00s
2026-09-09T20:37:39.6813368Z 
2026-09-09T20:37:39.6813751Z    Doc-tests sv_core
2026-09-09T20:37:39.8061725Z 
2026-09-09T20:37:39.8062358Z running 17 tests
2026-09-09T20:37:39.8423406Z test sv_core/src/admissibility.rs - admissibility::AdmissibilityState (line 11) - compile fail ... ok
2026-09-09T20:37:39.8425043Z test sv_core/src/authority/transitions.rs - authority::transitions::ExternalGenesisPremise (line 63) - compile fail ... ok
2026-09-09T20:37:39.8426045Z test sv_core/src/control.rs - control (line 10) - compile fail ... ok
2026-09-09T20:37:39.8445623Z test sv_core/src/admissibility.rs - admissibility::CaptureOutcome (line 70) - compile fail ... ok
2026-09-09T20:37:39.8752866Z test sv_core/src/control.rs - control (line 20) - compile fail ... ok
2026-09-09T20:37:39.8815327Z test sv_core/src/execution.rs - execution::ExecutionRequest (line 216) - compile fail ... ok
2026-09-09T20:37:39.8825462Z test sv_core/src/lib.rs - (line 13) - compile fail ... ok
2026-09-09T20:37:39.8844680Z test sv_core/src/decision_trace.rs - decision_trace::DecisionTrace (line 330) - compile fail ... ok
2026-09-09T20:37:39.9103466Z test sv_core/src/lib.rs - (line 17) - compile fail ... ok
2026-09-09T20:37:39.9195475Z test sv_core/src/lib.rs - (line 21) - compile fail ... ok
2026-09-09T20:37:39.9200263Z test sv_core/src/lib.rs - (line 27) - compile fail ... ok
2026-09-09T20:37:39.9221734Z test sv_core/src/mediation.rs - mediation::MediatedEffectCommitment (line 24) - compile fail ... ok
2026-09-09T20:37:39.9477116Z test sv_core/src/permission.rs - permission (line 10) - compile fail ... ok
2026-09-09T20:37:39.9535663Z test sv_core/src/requirements_bridge.rs - requirements_bridge::ResolvedRequirementResult (line 121) - compile fail ... ok
2026-09-09T20:37:39.9539058Z test sv_core/src/permission.rs - permission (line 17) - compile fail ... ok
2026-09-09T20:37:39.9593594Z test sv_core/src/requirements_reuse.rs - requirements_reuse::HistoricalQualifiedRequirementResult (line 156) - compile fail ... ok
2026-09-09T20:37:39.9756077Z test sv_core/src/requirements_reuse.rs - requirements_reuse::reuse_historical_requirement_result (line 368) - compile fail ... ok
2026-09-09T20:37:39.9756865Z 
2026-09-09T20:37:39.9757265Z test result: ok. 17 passed; 0 failed; 0 ignored; 0 measured; 0 filtered out; finished in 0.17s
2026-09-09T20:37:39.9763948Z 
2026-09-09T20:37:39.9773007Z    Doc-tests sv_wasm
2026-09-09T20:37:39.9918503Z 
2026-09-09T20:37:39.9918836Z running 0 tests
2026-09-09T20:37:39.9919050Z 
2026-09-09T20:37:39.9919349Z test result: ok. 0 passed; 0 failed; 0 ignored; 0 measured; 0 filtered out; finished in 0.00s
2026-09-09T20:37:39.9919728Z 
2026-09-09T20:37:39.9979290Z ##[group]Run cargo build --manifest-path rust/Cargo.toml -p sv_native
2026-09-09T20:37:39.9979811Z [36;1mcargo build --manifest-path rust/Cargo.toml -p sv_native[0m
2026-09-09T20:37:40.0018922Z shell: /usr/bin/bash -e {0}
2026-09-09T20:37:40.0019194Z ##[endgroup]
2026-09-09T20:37:40.0254429Z warning: associated function `from_core_id` is never used
2026-09-09T20:37:40.0255053Z    --> sv_core/src/control.rs:155:27
2026-09-09T20:37:40.0255457Z     |
2026-09-09T20:37:40.0255754Z 141 |           impl $name {
2026-09-09T20:37:40.0256230Z     |           ---------- associated function in this implementation
2026-09-09T20:37:40.0256736Z ...
2026-09-09T20:37:40.0257149Z 155 |               pub(crate) fn from_core_id(id: ControlId) -> Self {
2026-09-09T20:37:40.0257688Z     |                             ^^^^^^^^^^^^
2026-09-09T20:37:40.0258083Z ...
2026-09-09T20:37:40.0258380Z 162 | / opaque_control_ref!(
2026-09-09T20:37:40.0258658Z 163 | |     InformationRef,
2026-09-09T20:37:40.0259365Z 164 | |     "Referencia nominal a información dentro del dominio de control."
2026-09-09T20:37:40.0259769Z 165 | | );
2026-09-09T20:37:40.0260007Z     | |_- in this macro invocation
2026-09-09T20:37:40.0260271Z     |
2026-09-09T20:37:40.0260565Z     = note: `#[warn(dead_code)]` (part of `#[warn(unused)]`) on by default
2026-09-09T20:37:40.0261507Z     = note: this warning originates in the macro `opaque_control_ref` (in Nightly builds, run with -Z macro-backtrace for more info)
2026-09-09T20:37:40.0262251Z 
2026-09-09T20:37:40.0262488Z warning: associated function `from_core_id` is never used
2026-09-09T20:37:40.0272024Z    --> sv_core/src/control.rs:155:27
2026-09-09T20:37:40.0272444Z     |
2026-09-09T20:37:40.0272753Z 141 |           impl $name {
2026-09-09T20:37:40.0273224Z     |           ---------- associated function in this implementation
2026-09-09T20:37:40.0273753Z ...
2026-09-09T20:37:40.0274147Z 155 |               pub(crate) fn from_core_id(id: ControlId) -> Self {
2026-09-09T20:37:40.0274680Z     |                             ^^^^^^^^^^^^
2026-09-09T20:37:40.0275062Z ...
2026-09-09T20:37:40.0275343Z 166 | / opaque_control_ref!(
2026-09-09T20:37:40.0275843Z 167 | |     AdmittedEvidenceRef,
2026-09-09T20:37:40.0276743Z 168 | |     "Referencia a evidencia cuya admisión debe proceder de una verificación gobernada."
2026-09-09T20:37:40.0277418Z 169 | | );
2026-09-09T20:37:40.0277633Z     | |_- in this macro invocation
2026-09-09T20:37:40.0277895Z     |
2026-09-09T20:37:40.0278389Z     = note: this warning originates in the macro `opaque_control_ref` (in Nightly builds, run with -Z macro-backtrace for more info)
2026-09-09T20:37:40.0278841Z 
2026-09-09T20:37:40.0278997Z warning: associated function `from_core_id` is never used
2026-09-09T20:37:40.0279346Z    --> sv_core/src/control.rs:155:27
2026-09-09T20:37:40.0279617Z     |
2026-09-09T20:37:40.0279815Z 141 |           impl $name {
2026-09-09T20:37:40.0280117Z     |           ---------- associated function in this implementation
2026-09-09T20:37:40.0280459Z ...
2026-09-09T20:37:40.0280736Z 155 |               pub(crate) fn from_core_id(id: ControlId) -> Self {
2026-09-09T20:37:40.0281483Z     |                             ^^^^^^^^^^^^
2026-09-09T20:37:40.0281802Z ...
2026-09-09T20:37:40.0281999Z 170 | / opaque_control_ref!(
2026-09-09T20:37:40.0282258Z 171 | |     ConstitutedFactRef,
2026-09-09T20:37:40.0282961Z 172 | |     "Referencia a un hecho semántico constituido; no equivale a autoridad."
2026-09-09T20:37:40.0283354Z 173 | | );
2026-09-09T20:37:40.0283561Z     | |_- in this macro invocation
2026-09-09T20:37:40.0283820Z     |
2026-09-09T20:37:40.0284317Z     = note: this warning originates in the macro `opaque_control_ref` (in Nightly builds, run with -Z macro-backtrace for more info)
2026-09-09T20:37:40.0284757Z 
2026-09-09T20:37:40.0284916Z warning: associated function `from_core_id` is never used
2026-09-09T20:37:40.0285255Z    --> sv_core/src/control.rs:155:27
2026-09-09T20:37:40.0285516Z     |
2026-09-09T20:37:40.0285889Z 141 |           impl $name {
2026-09-09T20:37:40.0286202Z     |           ---------- associated function in this implementation
2026-09-09T20:37:40.0286516Z ...
2026-09-09T20:37:40.0286778Z 155 |               pub(crate) fn from_core_id(id: ControlId) -> Self {
2026-09-09T20:37:40.0287117Z     |                             ^^^^^^^^^^^^
2026-09-09T20:37:40.0287384Z ...
2026-09-09T20:37:40.0287576Z 174 | / opaque_control_ref!(
2026-09-09T20:37:40.0287822Z 175 | |     AuthorityRef,
2026-09-09T20:37:40.0288347Z 176 | |     "Referencia a autoridad constituida; su constructor no forma parte de la API pública."
2026-09-09T20:37:40.0288802Z 177 | | );
2026-09-09T20:37:40.0289015Z     | |_- in this macro invocation
2026-09-09T20:37:40.0289272Z     |
2026-09-09T20:37:40.0289763Z     = note: this warning originates in the macro `opaque_control_ref` (in Nightly builds, run with -Z macro-backtrace for more info)
2026-09-09T20:37:40.0290206Z 
2026-09-09T20:37:40.0290369Z warning: associated function `from_core_id` is never used
2026-09-09T20:37:40.0290727Z    --> sv_core/src/control.rs:155:27
2026-09-09T20:37:40.0290986Z     |
2026-09-09T20:37:40.0291431Z 141 |           impl $name {
2026-09-09T20:37:40.0291744Z     |           ---------- associated function in this implementation
2026-09-09T20:37:40.0292068Z ...
2026-09-09T20:37:40.0292329Z 155 |               pub(crate) fn from_core_id(id: ControlId) -> Self {
2026-09-09T20:37:40.0292694Z     |                             ^^^^^^^^^^^^
2026-09-09T20:37:40.0292953Z ...
2026-09-09T20:37:40.0293154Z 178 | / opaque_control_ref!(
2026-09-09T20:37:40.0293410Z 179 | |     EnablementRef,
2026-09-09T20:37:40.0293910Z 180 | |     "Referencia a una habilitación de autoridad ya existente; no amplía autoridad."
2026-09-09T20:37:40.0294332Z 181 | | );
2026-09-09T20:37:40.0294545Z     | |_- in this macro invocation
2026-09-09T20:37:40.0294798Z     |
2026-09-09T20:37:40.0295276Z     = note: this warning originates in the macro `opaque_control_ref` (in Nightly builds, run with -Z macro-backtrace for more info)
2026-09-09T20:37:40.0295734Z 
2026-09-09T20:37:40.0295890Z warning: associated function `from_core_id` is never used
2026-09-09T20:37:40.0296235Z    --> sv_core/src/control.rs:155:27
2026-09-09T20:37:40.0296500Z     |
2026-09-09T20:37:40.0296741Z 141 |           impl $name {
2026-09-09T20:37:40.0297046Z     |           ---------- associated function in this implementation
2026-09-09T20:37:40.0297380Z ...
2026-09-09T20:37:40.0297642Z 155 |               pub(crate) fn from_core_id(id: ControlId) -> Self {
2026-09-09T20:37:40.0297997Z     |                             ^^^^^^^^^^^^
2026-09-09T20:37:40.0298260Z ...
2026-09-09T20:37:40.0298454Z 186 | / opaque_control_ref!(
2026-09-09T20:37:40.0298690Z 187 | |     FormRef,
2026-09-09T20:37:40.0299044Z 188 | |     "Referencia a una forma de transición constituida."
2026-09-09T20:37:40.0299375Z 189 | | );
2026-09-09T20:37:40.0299587Z     | |_- in this macro invocation
2026-09-09T20:37:40.0299838Z     |
2026-09-09T20:37:40.0300317Z     = note: this warning originates in the macro `opaque_control_ref` (in Nightly builds, run with -Z macro-backtrace for more info)
2026-09-09T20:37:40.0300775Z 
2026-09-09T20:37:40.0300930Z warning: associated function `from_core_id` is never used
2026-09-09T20:37:40.0301440Z    --> sv_core/src/control.rs:155:27
2026-09-09T20:37:40.0301706Z     |
2026-09-09T20:37:40.0302073Z 141 |           impl $name {
2026-09-09T20:37:40.0302378Z     |           ---------- associated function in this implementation
2026-09-09T20:37:40.0302708Z ...
2026-09-09T20:37:40.0302974Z 155 |               pub(crate) fn from_core_id(id: ControlId) -> Self {
2026-09-09T20:37:40.0303318Z     |                             ^^^^^^^^^^^^
2026-09-09T20:37:40.0303586Z ...
2026-09-09T20:37:40.0303787Z 190 | / opaque_control_ref!(
2026-09-09T20:37:40.0304033Z 191 | |     EffectFamilyRef,
2026-09-09T20:37:40.0304444Z 192 | |     "Referencia a una familia de efectos fijada por constitución."
2026-09-09T20:37:40.0304824Z 193 | | );
2026-09-09T20:37:40.0305181Z     | |_- in this macro invocation
2026-09-09T20:37:40.0305437Z     |
2026-09-09T20:37:40.0305904Z     = note: this warning originates in the macro `opaque_control_ref` (in Nightly builds, run with -Z macro-backtrace for more info)
2026-09-09T20:37:40.0306349Z 
2026-09-09T20:37:40.0306507Z warning: associated function `from_core_id` is never used
2026-09-09T20:37:40.0306856Z    --> sv_core/src/control.rs:155:27
2026-09-09T20:37:40.0307114Z     |
2026-09-09T20:37:40.0307304Z 141 |           impl $name {
2026-09-09T20:37:40.0307606Z     |           ---------- associated function in this implementation
2026-09-09T20:37:40.0307933Z ...
2026-09-09T20:37:40.0308191Z 155 |               pub(crate) fn from_core_id(id: ControlId) -> Self {
2026-09-09T20:37:40.0308531Z     |                             ^^^^^^^^^^^^
2026-09-09T20:37:40.0308795Z ...
2026-09-09T20:37:40.0308999Z 194 | / opaque_control_ref!(
2026-09-09T20:37:40.0309240Z 195 | |     EffectRef,
2026-09-09T20:37:40.0309601Z 196 | |     "Referencia a un efecto concreto; identificarlo no equivale a autorizarlo."
2026-09-09T20:37:40.0310005Z 197 | | );
2026-09-09T20:37:40.0310220Z     | |_- in this macro invocation
2026-09-09T20:37:40.0310467Z     |
2026-09-09T20:37:40.0310925Z     = note: this warning originates in the macro `opaque_control_ref` (in Nightly builds, run with -Z macro-backtrace for more info)
2026-09-09T20:37:40.0311583Z 
2026-09-09T20:37:40.0311741Z warning: associated function `from_core_id` is never used
2026-09-09T20:37:40.0312091Z    --> sv_core/src/control.rs:155:27
2026-09-09T20:37:40.0312351Z     |
2026-09-09T20:37:40.0312547Z 141 |           impl $name {
2026-09-09T20:37:40.0312853Z     |           ---------- associated function in this implementation
2026-09-09T20:37:40.0313177Z ...
2026-09-09T20:37:40.0313448Z 155 |               pub(crate) fn from_core_id(id: ControlId) -> Self {
2026-09-09T20:37:40.0313791Z     |                             ^^^^^^^^^^^^
2026-09-09T20:37:40.0314050Z ...
2026-09-09T20:37:40.0314252Z 198 | / opaque_control_ref!(
2026-09-09T20:37:40.0314499Z 199 | |     ContextRef,
2026-09-09T20:37:40.0314859Z 200 | |     "Referencia a una ligadura de contexto relevante para autoridad o forma."
2026-09-09T20:37:40.0315253Z 201 | | );
2026-09-09T20:37:40.0315461Z     | |_- in this macro invocation
2026-09-09T20:37:40.0315716Z     |
2026-09-09T20:37:40.0316182Z     = note: this warning originates in the macro `opaque_control_ref` (in Nightly builds, run with -Z macro-backtrace for more info)
2026-09-09T20:37:40.0316635Z 
2026-09-09T20:37:40.0316783Z warning: associated function `from_core_id` is never used
2026-09-09T20:37:40.0317122Z    --> sv_core/src/control.rs:155:27
2026-09-09T20:37:40.0317376Z     |
2026-09-09T20:37:40.0317567Z 141 |           impl $name {
2026-09-09T20:37:40.0317855Z     |           ---------- associated function in this implementation
2026-09-09T20:37:40.0318167Z ...
2026-09-09T20:37:40.0318417Z 155 |               pub(crate) fn from_core_id(id: ControlId) -> Self {
2026-09-09T20:37:40.0318757Z     |                             ^^^^^^^^^^^^
2026-09-09T20:37:40.0329091Z ...
2026-09-09T20:37:40.0329429Z 202 | / opaque_control_ref!(
2026-09-09T20:37:40.0329717Z 203 | |     AuthorityHolderRef,
2026-09-09T20:37:40.0330316Z 204 | |     "Referencia al titular de una autoridad; no constituye autoridad por sí misma."
2026-09-09T20:37:40.0330749Z 205 | | );
2026-09-09T20:37:40.0331377Z     | |_- in this macro invocation
2026-09-09T20:37:40.0331667Z     |
2026-09-09T20:37:40.0332166Z     = note: this warning originates in the macro `opaque_control_ref` (in Nightly builds, run with -Z macro-backtrace for more info)
2026-09-09T20:37:40.0332629Z 
2026-09-09T20:37:40.0332794Z warning: associated function `from_core_id` is never used
2026-09-09T20:37:40.0333141Z    --> sv_core/src/control.rs:155:27
2026-09-09T20:37:40.0333413Z     |
2026-09-09T20:37:40.0333611Z 141 |           impl $name {
2026-09-09T20:37:40.0333936Z     |           ---------- associated function in this implementation
2026-09-09T20:37:40.0334272Z ...
2026-09-09T20:37:40.0334682Z 155 |               pub(crate) fn from_core_id(id: ControlId) -> Self {
2026-09-09T20:37:40.0335044Z     |                             ^^^^^^^^^^^^
2026-09-09T20:37:40.0335309Z ...
2026-09-09T20:37:40.0335507Z 206 | / opaque_control_ref!(
2026-09-09T20:37:40.0335770Z 207 | |     GovernedObjectRef,
2026-09-09T20:37:40.0336157Z 208 | |     "Referencia a un objeto candidato a pertenecer al dominio gobernado D_a."
2026-09-09T20:37:40.0336553Z 209 | | );
2026-09-09T20:37:40.0336768Z     | |_- in this macro invocation
2026-09-09T20:37:40.0337017Z     |
2026-09-09T20:37:40.0337507Z     = note: this warning originates in the macro `opaque_control_ref` (in Nightly builds, run with -Z macro-backtrace for more info)
2026-09-09T20:37:40.0337949Z 
2026-09-09T20:37:40.0338112Z warning: associated function `from_core_id` is never used
2026-09-09T20:37:40.0338455Z    --> sv_core/src/control.rs:155:27
2026-09-09T20:37:40.0338730Z     |
2026-09-09T20:37:40.0338935Z 141 |           impl $name {
2026-09-09T20:37:40.0339243Z     |           ---------- associated function in this implementation
2026-09-09T20:37:40.0339563Z ...
2026-09-09T20:37:40.0339821Z 155 |               pub(crate) fn from_core_id(id: ControlId) -> Self {
2026-09-09T20:37:40.0340172Z     |                             ^^^^^^^^^^^^
2026-09-09T20:37:40.0340436Z ...
2026-09-09T20:37:40.0340637Z 210 | / opaque_control_ref!(
2026-09-09T20:37:40.0340887Z 211 | |     AccumulationRuleRef,
2026-09-09T20:37:40.0341574Z 212 | |     "Referencia a una regla gobernada de acumulación o a un predicado de traza."
2026-09-09T20:37:40.0341983Z 213 | | );
2026-09-09T20:37:40.0342189Z     | |_- in this macro invocation
2026-09-09T20:37:40.0342433Z     |
2026-09-09T20:37:40.0342903Z     = note: this warning originates in the macro `opaque_control_ref` (in Nightly builds, run with -Z macro-backtrace for more info)
2026-09-09T20:37:40.0343352Z 
2026-09-09T20:37:40.0343512Z warning: associated function `from_core_id` is never used
2026-09-09T20:37:40.0343860Z    --> sv_core/src/control.rs:155:27
2026-09-09T20:37:40.0344114Z     |
2026-09-09T20:37:40.0344309Z 141 |           impl $name {
2026-09-09T20:37:40.0344622Z     |           ---------- associated function in this implementation
2026-09-09T20:37:40.0344940Z ...
2026-09-09T20:37:40.0345197Z 155 |               pub(crate) fn from_core_id(id: ControlId) -> Self {
2026-09-09T20:37:40.0345548Z     |                             ^^^^^^^^^^^^
2026-09-09T20:37:40.0345811Z ...
2026-09-09T20:37:40.0346003Z 214 | / opaque_control_ref!(
2026-09-09T20:37:40.0346260Z 215 | |     RequirementRef,
2026-09-09T20:37:40.0346752Z 216 | |     "Referencia a una obligación de Req; identificarla no acredita su cumplimiento."
2026-09-09T20:37:40.0347216Z 217 | | );
2026-09-09T20:37:40.0347429Z     | |_- in this macro invocation
2026-09-09T20:37:40.0347692Z     |
2026-09-09T20:37:40.0348172Z     = note: this warning originates in the macro `opaque_control_ref` (in Nightly builds, run with -Z macro-backtrace for more info)
2026-09-09T20:37:40.0348626Z 
2026-09-09T20:37:40.0348793Z warning: associated function `from_core_id` is never used
2026-09-09T20:37:40.0349129Z    --> sv_core/src/control.rs:155:27
2026-09-09T20:37:40.0349381Z     |
2026-09-09T20:37:40.0349576Z 141 |           impl $name {
2026-09-09T20:37:40.0349878Z     |           ---------- associated function in this implementation
2026-09-09T20:37:40.0350352Z ...
2026-09-09T20:37:40.0350606Z 155 |               pub(crate) fn from_core_id(id: ControlId) -> Self {
2026-09-09T20:37:40.0350950Z     |                             ^^^^^^^^^^^^
2026-09-09T20:37:40.0351378Z ...
2026-09-09T20:37:40.0351637Z 218 | / opaque_control_ref!(
2026-09-09T20:37:40.0351878Z 219 | |     VerifierRef,
2026-09-09T20:37:40.0352282Z 220 | |     "Referencia a un verificador concreto; su mera existencia no acredita aplicabilidad."
2026-09-09T20:37:40.0352709Z 221 | | );
2026-09-09T20:37:40.0352923Z     | |_- in this macro invocation
2026-09-09T20:37:40.0353172Z     |
2026-09-09T20:37:40.0353766Z     = note: this warning originates in the macro `opaque_control_ref` (in Nightly builds, run with -Z macro-backtrace for more info)
2026-09-09T20:37:40.0354214Z 
2026-09-09T20:37:40.0354361Z warning: associated function `from_core_id` is never used
2026-09-09T20:37:40.0354701Z    --> sv_core/src/control.rs:155:27
2026-09-09T20:37:40.0354951Z     |
2026-09-09T20:37:40.0355150Z 141 |           impl $name {
2026-09-09T20:37:40.0355434Z     |           ---------- associated function in this implementation
2026-09-09T20:37:40.0355747Z ...
2026-09-09T20:37:40.0355991Z 155 |               pub(crate) fn from_core_id(id: ControlId) -> Self {
2026-09-09T20:37:40.0356317Z     |                             ^^^^^^^^^^^^
2026-09-09T20:37:40.0356575Z ...
2026-09-09T20:37:40.0356778Z 222 | / opaque_control_ref!(
2026-09-09T20:37:40.0357018Z 223 | |     VerifierFamilyRef,
2026-09-09T20:37:40.0357492Z 224 | |     "Referencia a una familia de verificadores admisibles para una obligación."
2026-09-09T20:37:40.0357885Z 225 | | );
2026-09-09T20:37:40.0358106Z     | |_- in this macro invocation
2026-09-09T20:37:40.0358353Z     |
2026-09-09T20:37:40.0358802Z     = note: this warning originates in the macro `opaque_control_ref` (in Nightly builds, run with -Z macro-backtrace for more info)
2026-09-09T20:37:40.0359239Z 
2026-09-09T20:37:40.0359381Z warning: associated function `from_core_id` is never used
2026-09-09T20:37:40.0359725Z    --> sv_core/src/control.rs:155:27
2026-09-09T20:37:40.0359985Z     |
2026-09-09T20:37:40.0360183Z 141 |           impl $name {
2026-09-09T20:37:40.0360485Z     |           ---------- associated function in this implementation
2026-09-09T20:37:40.0360811Z ...
2026-09-09T20:37:40.0361069Z 155 |               pub(crate) fn from_core_id(id: ControlId) -> Self {
2026-09-09T20:37:40.0361540Z     |                             ^^^^^^^^^^^^
2026-09-09T20:37:40.0361808Z ...
2026-09-09T20:37:40.0362006Z 226 | / opaque_control_ref!(
2026-09-09T20:37:40.0362274Z 227 | |     ApplicabilityRuleRef,
2026-09-09T20:37:40.0362782Z 228 | |     "Referencia a una regla previamente constituida de aplicabilidad de comprobación."
2026-09-09T20:37:40.0363204Z 229 | | );
2026-09-09T20:37:40.0363413Z     | |_- in this macro invocation
2026-09-09T20:37:40.0363673Z     |
2026-09-09T20:37:40.0364138Z     = note: this warning originates in the macro `opaque_control_ref` (in Nightly builds, run with -Z macro-backtrace for more info)
2026-09-09T20:37:40.0364592Z 
2026-09-09T20:37:40.0364744Z warning: associated function `from_core_id` is never used
2026-09-09T20:37:40.0365078Z    --> sv_core/src/control.rs:155:27
2026-09-09T20:37:40.0365341Z     |
2026-09-09T20:37:40.0365532Z 141 |           impl $name {
2026-09-09T20:37:40.0365828Z     |           ---------- associated function in this implementation
2026-09-09T20:37:40.0366144Z ...
2026-09-09T20:37:40.0366411Z 155 |               pub(crate) fn from_core_id(id: ControlId) -> Self {
2026-09-09T20:37:40.0366747Z     |                             ^^^^^^^^^^^^
2026-09-09T20:37:40.0367003Z ...
2026-09-09T20:37:40.0367205Z 230 | / opaque_control_ref!(
2026-09-09T20:37:40.0367469Z 231 | |     ConflictResolutionRuleRef,
2026-09-09T20:37:40.0368045Z 232 | |     "Referencia a una regla previamente constituida de resolución de conflicto entre comprobaciones."
2026-09-09T20:37:40.0368511Z 233 | | );
2026-09-09T20:37:40.0368718Z     | |_- in this macro invocation
2026-09-09T20:37:40.0369198Z     |
2026-09-09T20:37:40.0369642Z     = note: this warning originates in the macro `opaque_control_ref` (in Nightly builds, run with -Z macro-backtrace for more info)
2026-09-09T20:37:40.0370085Z 
2026-09-09T20:37:40.0370231Z warning: associated function `from_core_id` is never used
2026-09-09T20:37:40.0370561Z    --> sv_core/src/control.rs:155:27
2026-09-09T20:37:40.0370818Z     |
2026-09-09T20:37:40.0371004Z 141 |           impl $name {
2026-09-09T20:37:40.0371485Z     |           ---------- associated function in this implementation
2026-09-09T20:37:40.0371802Z ...
2026-09-09T20:37:40.0372192Z 155 |               pub(crate) fn from_core_id(id: ControlId) -> Self {
2026-09-09T20:37:40.0372534Z     |                             ^^^^^^^^^^^^
2026-09-09T20:37:40.0372792Z ...
2026-09-09T20:37:40.0372989Z 234 | / opaque_control_ref!(
2026-09-09T20:37:40.0373234Z 235 | |     CoverageRuleRef,
2026-09-09T20:37:40.0373666Z 236 | |     "Referencia a una regla previamente constituida de cobertura de comprobaciones exigibles."
2026-09-09T20:37:40.0374116Z 237 | | );
2026-09-09T20:37:40.0374327Z     | |_- in this macro invocation
2026-09-09T20:37:40.0374572Z     |
2026-09-09T20:37:40.0375038Z     = note: this warning originates in the macro `opaque_control_ref` (in Nightly builds, run with -Z macro-backtrace for more info)
2026-09-09T20:37:40.0375473Z 
2026-09-09T20:37:40.0375627Z warning: associated function `from_core_id` is never used
2026-09-09T20:37:40.0375962Z    --> sv_core/src/control.rs:155:27
2026-09-09T20:37:40.0376216Z     |
2026-09-09T20:37:40.0376410Z 141 |           impl $name {
2026-09-09T20:37:40.0376708Z     |           ---------- associated function in this implementation
2026-09-09T20:37:40.0377020Z ...
2026-09-09T20:37:40.0377271Z 155 |               pub(crate) fn from_core_id(id: ControlId) -> Self {
2026-09-09T20:37:40.0377622Z     |                             ^^^^^^^^^^^^
2026-09-09T20:37:40.0377878Z ...
2026-09-09T20:37:40.0378066Z 238 | / opaque_control_ref!(
2026-09-09T20:37:40.0378318Z 239 | |     ReuseRuleRef,
2026-09-09T20:37:40.0378845Z 240 | |     "Referencia a una regla previamente constituida de reutilización de resultados cualificados."
2026-09-09T20:37:40.0379294Z 241 | | );
2026-09-09T20:37:40.0379501Z     | |_- in this macro invocation
2026-09-09T20:37:40.0379747Z     |
2026-09-09T20:37:40.0380204Z     = note: this warning originates in the macro `opaque_control_ref` (in Nightly builds, run with -Z macro-backtrace for more info)
2026-09-09T20:37:40.0380635Z 
2026-09-09T20:37:40.0380783Z warning: associated function `from_core_id` is never used
2026-09-09T20:37:40.0381228Z    --> sv_core/src/control.rs:155:27
2026-09-09T20:37:40.0381472Z     |
2026-09-09T20:37:40.0381672Z 141 |           impl $name {
2026-09-09T20:37:40.0381958Z     |           ---------- associated function in this implementation
2026-09-09T20:37:40.0382263Z ...
2026-09-09T20:37:40.0382511Z 155 |               pub(crate) fn from_core_id(id: ControlId) -> Self {
2026-09-09T20:37:40.0382840Z     |                             ^^^^^^^^^^^^
2026-09-09T20:37:40.0383108Z ...
2026-09-09T20:37:40.0383304Z 242 | / opaque_control_ref!(
2026-09-09T20:37:40.0383560Z 243 | |     ReuseBindingKeyRef,
2026-09-09T20:37:40.0384158Z 244 | |     "Referencia a una dimensión constituida cuya continuidad puede ser exigible para reutilizar un resultado."
2026-09-09T20:37:40.0384659Z 245 | | );
2026-09-09T20:37:40.0384863Z     | |_- in this macro invocation
2026-09-09T20:37:40.0385111Z     |
2026-09-09T20:37:40.0385562Z     = note: this warning originates in the macro `opaque_control_ref` (in Nightly builds, run with -Z macro-backtrace for more info)
2026-09-09T20:37:40.0386002Z 
2026-09-09T20:37:40.0386158Z warning: associated function `from_core_id` is never used
2026-09-09T20:37:40.0386492Z    --> sv_core/src/control.rs:155:27
2026-09-09T20:37:40.0386750Z     |
2026-09-09T20:37:40.0386941Z 141 |           impl $name {
2026-09-09T20:37:40.0387233Z     |           ---------- associated function in this implementation
2026-09-09T20:37:40.0387713Z ...
2026-09-09T20:37:40.0387976Z 155 |               pub(crate) fn from_core_id(id: ControlId) -> Self {
2026-09-09T20:37:40.0388326Z     |                             ^^^^^^^^^^^^
2026-09-09T20:37:40.0388587Z ...
2026-09-09T20:37:40.0388785Z 246 | / opaque_control_ref!(
2026-09-09T20:37:40.0389052Z 247 | |     ReuseBindingValueRef,
2026-09-09T20:37:40.0389636Z 248 | |     "Referencia al valor constituido de una dimensión de reutilización; identificarlo no acredita su vigencia."
2026-09-09T20:37:40.0390124Z 249 | | );
2026-09-09T20:37:40.0390327Z     | |_- in this macro invocation
2026-09-09T20:37:40.0390572Z     |
2026-09-09T20:37:40.0391284Z     = note: this warning originates in the macro `opaque_control_ref` (in Nightly builds, run with -Z macro-backtrace for more info)
2026-09-09T20:37:40.0391862Z 
2026-09-09T20:37:40.0391995Z warning: function `compile_svp` is never used
2026-09-09T20:37:40.0392303Z    --> sv_core/src/frontend.rs:803:8
2026-09-09T20:37:40.0392558Z     |
2026-09-09T20:37:40.0392923Z 803 | pub fn compile_svp(source: &str, source_file: &str) -> Result<IrProgram, FrontendError> {
2026-09-09T20:37:40.0393345Z     |        ^^^^^^^^^^^
2026-09-09T20:37:40.0393490Z 
2026-09-09T20:37:40.0393642Z warning: function `compile_svp_with_profile` is never used
2026-09-09T20:37:40.0393983Z    --> sv_core/src/frontend.rs:807:8
2026-09-09T20:37:40.0394228Z     |
2026-09-09T20:37:40.0394434Z 807 | pub fn compile_svp_with_profile(
2026-09-09T20:37:40.0394694Z     |        ^^^^^^^^^^^^^^^^^^^^^^^^
2026-09-09T20:37:40.0394861Z 
2026-09-09T20:37:40.0394982Z warning: constant `PROFILE_ID` is never used
2026-09-09T20:37:40.0395292Z  --> sv_core/src/identifier_profile.rs:6:18
2026-09-09T20:37:40.0395575Z   |
2026-09-09T20:37:40.0395854Z 6 | pub(crate) const PROFILE_ID: &str = "svp-grammar-0.2-lex-es-1";
2026-09-09T20:37:40.0396208Z   |                  ^^^^^^^^^^
2026-09-09T20:37:40.0396368Z 
2026-09-09T20:37:40.0396501Z warning: function `is_reserved_word` is never used
2026-09-09T20:37:40.0396875Z   --> sv_core/src/identifier_profile.rs:22:15
2026-09-09T20:37:40.0397145Z    |
2026-09-09T20:37:40.0397384Z 22 | pub(crate) fn is_reserved_word(word: &str) -> bool {
2026-09-09T20:37:40.0397698Z    |               ^^^^^^^^^^^^^^^^
2026-09-09T20:37:40.0397852Z 
2026-09-09T20:37:40.0397993Z warning: method `matches_descriptor` is never used
2026-09-09T20:37:40.0398324Z    --> sv_core/src/requirements_reuse.rs:121:19
2026-09-09T20:37:40.0398602Z     |
2026-09-09T20:37:40.0398798Z  44 | impl ReuseRule {
2026-09-09T20:37:40.0399052Z     | -------------- method in this implementation
2026-09-09T20:37:40.0399330Z ...
2026-09-09T20:37:40.0399691Z 121 |     pub(crate) fn matches_descriptor(&self, descriptor: &RequirementDescriptor) -> bool {
2026-09-09T20:37:40.0400131Z     |                   ^^^^^^^^^^^^^^^^^^
2026-09-09T20:37:40.0400304Z 
2026-09-09T20:37:40.0400478Z warning: hiding a lifetime that's elided elsewhere is confusing
2026-09-09T20:37:40.0400825Z     --> sv_core/src/frontend.rs:2161:13
2026-09-09T20:37:40.0401185Z      |
2026-09-09T20:37:40.0401392Z 2161 |     fn peek(&self) -> &Token {
2026-09-09T20:37:40.0401651Z      |             ^^^^^     ^^^^^^
2026-09-09T20:37:40.0401888Z      |             |         ||
2026-09-09T20:37:40.0402156Z      |             |         |the same lifetime is hidden here
2026-09-09T20:37:40.0402491Z      |             |         the same lifetime is elided here
2026-09-09T20:37:40.0402799Z      |             the lifetime is elided here
2026-09-09T20:37:40.0403065Z      |
2026-09-09T20:37:40.0403424Z      = help: the same lifetime is referred to in inconsistent ways, making the signature confusing
2026-09-09T20:37:40.0403939Z      = note: `#[warn(mismatched_lifetime_syntaxes)]` on by default
2026-09-09T20:37:40.0404274Z help: use `'_` for type paths
2026-09-09T20:37:40.0404522Z      |
2026-09-09T20:37:40.0404729Z 2161 |     fn peek(&self) -> &Token<'_> {
2026-09-09T20:37:40.0405009Z      |                             ++++
2026-09-09T20:37:40.0405177Z 
2026-09-09T20:37:40.0405618Z warning: `sv_core` (lib) generated 27 warnings (run `cargo fix --lib -p sv_core` to apply 1 suggestion)
2026-09-09T20:37:40.0406341Z    Compiling sv_native v0.1.0 (/home/runner/work/SV-lenguaje-de-computacion/SV-lenguaje-de-computacion/rust/sv_native)
2026-09-09T20:37:40.1831613Z     Finished `dev` profile [unoptimized + debuginfo] target(s) in 0.16s
2026-09-09T20:37:40.1884046Z ##[group]Run python tests/run_conformance.py --rust-bin rust/target/debug/sv-native
2026-09-09T20:37:40.1884647Z [36;1mpython tests/run_conformance.py --rust-bin rust/target/debug/sv-native[0m
2026-09-09T20:37:40.1924084Z shell: /usr/bin/bash -e {0}
2026-09-09T20:37:40.1924361Z ##[endgroup]
2026-09-09T20:37:40.4285836Z Conformidad SV VALID OK: admissibility_spec_states_permutados
2026-09-09T20:37:40.4286537Z Conformidad SV VALID OK: cell_basic
2026-09-09T20:37:40.4286954Z Conformidad SV VALID OK: compose_basic
2026-09-09T20:37:40.4287465Z Conformidad SV VALID OK: frame_cell_spec_compartida_valida
2026-09-09T20:37:40.4287972Z Conformidad SV VALID OK: gate_table
2026-09-09T20:37:40.4288478Z Conformidad SV VALID OK: identificadores_espanol
2026-09-09T20:37:40.4289006Z Conformidad SV VALID OK: output_semantics_independientes
2026-09-09T20:37:40.4289578Z Conformidad SV VALID OK: output_semantics_total_permutada
2026-09-09T20:37:40.4290179Z Conformidad SV VALID OK: query_context_all_variants
2026-09-09T20:37:40.4291485Z Conformidad SV VALID OK: resolve_projection
2026-09-09T20:37:40.4291963Z Conformidad SV VALID OK: supervise_systemtarget_valido
2026-09-09T20:37:40.4292443Z Conformidad SV VALID OK: supervise_targets
2026-09-09T20:37:40.4292933Z Conformidad SV VALID OK: trajectory_alternance_valid
2026-09-09T20:37:40.4293419Z Conformidad SV VALID OK: transition_data_events
2026-09-09T20:37:40.4293946Z Conformidad SV INVALID OK: admissibility_spec_estados_legacy
2026-09-09T20:37:40.4294538Z Conformidad SV INVALID OK: admissibility_spec_failed_legacy
2026-09-09T20:37:40.4295102Z Conformidad SV INVALID OK: admissibility_spec_u_legacy
2026-09-09T20:37:40.4295656Z Conformidad SV INVALID OK: admissibility_table_incompleta
2026-09-09T20:37:40.4296261Z Conformidad SV INVALID OK: admissibility_table_output_fuera_codominio
2026-09-09T20:37:40.4296860Z Conformidad SV INVALID OK: agent_architecture_mismatch
2026-09-09T20:37:40.4297451Z Conformidad SV INVALID OK: agent_arquitecturas_reales_distintas
2026-09-09T20:37:40.4297987Z Conformidad SV INVALID OK: bad_b_value
2026-09-09T20:37:40.4298526Z Conformidad SV INVALID OK: bridge_position_fuera_de_rango
2026-09-09T20:37:40.4299178Z Conformidad SV INVALID OK: cellstate_vector_length_mismatch
2026-09-09T20:37:40.4299819Z Conformidad SV INVALID OK: codomain_miembro_duplicado
2026-09-09T20:37:40.4300390Z Conformidad SV INVALID OK: compose_cycle_graph
2026-09-09T20:37:40.4300988Z Conformidad SV INVALID OK: compose_graph_tipo_incorrecto
2026-09-09T20:37:40.4301757Z Conformidad SV INVALID OK: compose_patterns_vacios
2026-09-09T20:37:40.4302351Z Conformidad SV INVALID OK: compose_relations_vacias
2026-09-09T20:37:40.4302962Z Conformidad SV INVALID OK: conector_mapping_incompleto
2026-09-09T20:37:40.4303536Z Conformidad SV INVALID OK: conector_target_no_ternario
2026-09-09T20:37:40.4304088Z Conformidad SV INVALID OK: connector_clave_repetida
2026-09-09T20:37:40.4304668Z Conformidad SV INVALID OK: coupledspec_puente_repetido
2026-09-09T20:37:40.4305284Z Conformidad SV INVALID OK: coupledstate_update_fuera_bridges
2026-09-09T20:37:40.4305824Z Conformidad SV INVALID OK: domain_chain_mismatch
2026-09-09T20:37:40.4306343Z Conformidad SV INVALID OK: domain_parametro_nominal_repetido
2026-09-09T20:37:40.4306905Z Conformidad SV INVALID OK: duplicate_identifier
2026-09-09T20:37:40.4307503Z Conformidad SV INVALID OK: edge_connector_source_codomain_mismatch
2026-09-09T20:37:40.4308200Z Conformidad SV INVALID OK: edge_connector_target_position_mismatch
2026-09-09T20:37:40.4308866Z Conformidad SV INVALID OK: edge_position_fuera_bridges
2026-09-09T20:37:40.4309537Z Conformidad SV INVALID OK: frame_architecture_tipo_incorrecto
2026-09-09T20:37:40.4310599Z Conformidad SV INVALID OK: frame_criticality_no_producible
2026-09-09T20:37:40.4311440Z Conformidad SV INVALID OK: frame_estado_arquitectura_ajena
2026-09-09T20:37:40.4312038Z Conformidad SV INVALID OK: frame_eval_duplicado
2026-09-09T20:37:40.4312589Z Conformidad SV INVALID OK: frame_eval_externo
2026-09-09T20:37:40.4313417Z Conformidad SV INVALID OK: frame_gate_input_externo
2026-09-09T20:37:40.4314038Z Conformidad SV INVALID OK: frame_supervision_externa
2026-09-09T20:37:40.4314728Z Conformidad SV INVALID OK: gate_codominio_posicional_incompatible_con_tabla
2026-09-09T20:37:40.4315457Z Conformidad SV INVALID OK: gate_input_no_evalresult
2026-09-09T20:37:40.4316147Z Conformidad SV INVALID OK: gate_numero_entradas_incompatible_con_tabla
2026-09-09T20:37:40.4316779Z Conformidad SV INVALID OK: gate_undeclared_input
2026-09-09T20:37:40.4317321Z Conformidad SV INVALID OK: graph_conflicts_fuera_de_v0_1
2026-09-09T20:37:40.4317924Z Conformidad SV INVALID OK: graph_simple_concurrencia_mismo_puente
2026-09-09T20:37:40.4318635Z Conformidad SV INVALID OK: horizon_architecture_ausente
2026-09-09T20:37:40.4319273Z Conformidad SV INVALID OK: horizon_architecture_tipo_incorrecto
2026-09-09T20:37:40.4319949Z Conformidad SV INVALID OK: horizon_tipo_suceso_repetido
2026-09-09T20:37:40.4320619Z Conformidad SV INVALID OK: identificador_alfabeto_fuera_perfil
2026-09-09T20:37:40.4321443Z Conformidad SV INVALID OK: identificador_guion_bajo_inicial
2026-09-09T20:37:40.4322074Z Conformidad SV INVALID OK: identificador_latino_fuera_perfil
2026-09-09T20:37:40.4322719Z Conformidad SV INVALID OK: identificador_marca_combinante
2026-09-09T20:37:40.4323333Z Conformidad SV INVALID OK: identificador_palabra_reservada
2026-09-09T20:37:40.4323895Z Conformidad SV INVALID OK: invalid_role_literal
2026-09-09T20:37:40.4324402Z Conformidad SV INVALID OK: invalid_tri_literal
2026-09-09T20:37:40.4324891Z Conformidad SV INVALID OK: max_keyword
2026-09-09T20:37:40.4325354Z Conformidad SV INVALID OK: nat_digitos_no_ascii
2026-09-09T20:37:40.4325913Z Conformidad SV INVALID OK: output_semantics_clave_ajena
2026-09-09T20:37:40.4326515Z Conformidad SV INVALID OK: output_semantics_clave_ausente
2026-09-09T20:37:40.4327150Z Conformidad SV INVALID OK: output_semantics_clave_repetida
2026-09-09T20:37:40.4327767Z Conformidad SV INVALID OK: output_semantics_no_declarada
2026-09-09T20:37:40.4328395Z Conformidad SV INVALID OK: output_semantics_sin_celda_repetida
2026-09-09T20:37:40.4328998Z Conformidad SV INVALID OK: output_semantics_vacia
2026-09-09T20:37:40.4329542Z Conformidad SV INVALID OK: pattern_arity_repetida
2026-09-09T20:37:40.4330103Z Conformidad SV INVALID OK: pattern_campos_invertidos
2026-09-09T20:37:40.4330684Z Conformidad SV INVALID OK: pattern_constraints_repetida
2026-09-09T20:37:40.4331452Z Conformidad SV INVALID OK: pending_u_reconocido_no_habilitado
2026-09-09T20:37:40.4332074Z Conformidad SV INVALID OK: projection_campo_inexistente
2026-09-09T20:37:40.4332690Z Conformidad SV INVALID OK: projection_source_no_resultado
2026-09-09T20:37:40.4333309Z Conformidad SV INVALID OK: projection_undeclared_source
2026-09-09T20:37:40.4333898Z Conformidad SV INVALID OK: query_architecture_cell_ajena
2026-09-09T20:37:40.4334552Z Conformidad SV INVALID OK: query_architecture_eval_celda_ajena
2026-09-09T20:37:40.4335277Z Conformidad SV INVALID OK: query_architecture_eval_nodo_ajeno
2026-09-09T20:37:40.4335996Z Conformidad SV INVALID OK: query_architecture_gate_entrada_ajena
2026-09-09T20:37:40.4336670Z Conformidad SV INVALID OK: query_comparison_frame_ajeno
2026-09-09T20:37:40.4337249Z Conformidad SV INVALID OK: query_context_opaco
2026-09-09T20:37:40.4337795Z Conformidad SV INVALID OK: query_context_type_mismatch
2026-09-09T20:37:40.4338385Z Conformidad SV INVALID OK: query_coverage_interface_ajena
2026-09-09T20:37:40.4339017Z Conformidad SV INVALID OK: query_coverage_silent_u_ajena
2026-09-09T20:37:40.4339587Z Conformidad SV INVALID OK: query_point_frame_ajeno
2026-09-09T20:37:40.4340136Z Conformidad SV INVALID OK: query_trajectory_ajena
2026-09-09T20:37:40.4340895Z Conformidad SV INVALID OK: resolve_alias_estado_no_u
2026-09-09T20:37:40.4341626Z Conformidad SV INVALID OK: resolve_instancia_incompatible
2026-09-09T20:37:40.4342227Z Conformidad SV INVALID OK: resolve_missing_context
2026-09-09T20:37:40.4342811Z Conformidad SV INVALID OK: resolve_missing_mechanism
2026-09-09T20:37:40.4343694Z Conformidad SV INVALID OK: resolve_target_fuera_rango
2026-09-09T20:37:40.4344276Z Conformidad SV INVALID OK: resolve_target_no_u
2026-09-09T20:37:40.4344870Z Conformidad SV INVALID OK: semantic_relation_campos_invertidos
2026-09-09T20:37:40.4345615Z Conformidad SV INVALID OK: semantic_relation_constraints_repetida
2026-09-09T20:37:40.4346285Z Conformidad SV INVALID OK: semantic_relation_table_repetida
2026-09-09T20:37:40.4346969Z Conformidad SV INVALID OK: supervise_celltarget_tipo_incorrecto
2026-09-09T20:37:40.4347694Z Conformidad SV INVALID OK: supervise_composedtarget_tipo_incorrecto
2026-09-09T20:37:40.4348343Z Conformidad SV INVALID OK: supervise_coupled_wrong_role
2026-09-09T20:37:40.4348915Z Conformidad SV INVALID OK: supervise_meta_no_evalresult
2026-09-09T20:37:40.4349554Z Conformidad SV INVALID OK: supervise_systemtarget_tipo_incorrecto
2026-09-09T20:37:40.4350177Z Conformidad SV INVALID OK: supervise_target_opaco
2026-09-09T20:37:40.4350722Z Conformidad SV INVALID OK: supervise_undeclared_target
2026-09-09T20:37:40.4351482Z Conformidad SV INVALID OK: supervise_wrong_role
2026-09-09T20:37:40.4352075Z Conformidad SV INVALID OK: trajectory_alternance_violation
2026-09-09T20:37:40.4352748Z Conformidad SV INVALID OK: trajectory_frame_arquitectura_distinta
2026-09-09T20:37:40.4353369Z Conformidad SV INVALID OK: trajectory_horizon_arquitectura_distinta
2026-09-09T20:37:40.4354067Z Conformidad SV INVALID OK: transition_data_horizon_no_declarado
2026-09-09T20:37:40.4354718Z Conformidad SV INVALID OK: transition_event_fuera_horizon
2026-09-09T20:37:40.4355287Z Conformidad SV INVALID OK: transition_event_tipo_repetido
2026-09-09T20:37:40.4355859Z Conformidad SV INVALID OK: transition_induced_destino_repetido
2026-09-09T20:37:40.4356475Z Conformidad SV INVALID OK: transition_induced_node_ausente
2026-09-09T20:37:40.4357074Z Conformidad SV INVALID OK: transition_induced_node_fuera_arquitectura
2026-09-09T20:37:40.4357727Z Conformidad SV INVALID OK: transition_induced_node_tipo_incorrecto
2026-09-09T20:37:40.4358353Z Conformidad SV INVALID OK: transition_induced_parameters_vacios
2026-09-09T20:37:40.4358947Z Conformidad SV INVALID OK: transition_induced_position_cero
2026-09-09T20:37:40.4359541Z Conformidad SV INVALID OK: transition_induced_position_fuera_rango
2026-09-09T20:37:40.4360059Z Conformidad SV INVALID OK: u_coercion
2026-09-09T20:37:40.4361420Z Conformidad SV: 14/14 válidos frente a esperados comprometidos y 106/106 inválidos rechazados sobre el mismo .svp
2026-09-09T20:37:40.4401042Z ##[group]Run python tests/run_row7_transitiondata_conformance.py \
2026-09-09T20:37:40.4402097Z [36;1mpython tests/run_row7_transitiondata_conformance.py \[0m
2026-09-09T20:37:40.4402715Z [36;1m  --rust-bin rust/target/debug/sv-native[0m
2026-09-09T20:37:40.4441737Z shell: /usr/bin/bash -e {0}
2026-09-09T20:37:40.4442023Z ##[endgroup]
2026-09-09T20:37:40.4943925Z Fila 7 causal OK: compose_graph_tipo_incorrecto.svp
2026-09-09T20:37:40.4944386Z Fila 7 causal OK: frame_architecture_tipo_incorrecto.svp
2026-09-09T20:37:40.4944769Z Fila 7 causal OK: transition_event_tipo_repetido.svp
2026-09-09T20:37:40.4945144Z Fila 7 causal OK: transition_induced_destino_repetido.svp
2026-09-09T20:37:40.4945515Z Fila 7 causal OK: transition_induced_node_ausente.svp
2026-09-09T20:37:40.4945907Z Fila 7 causal OK: transition_induced_node_fuera_arquitectura.svp
2026-09-09T20:37:40.4946317Z Fila 7 causal OK: transition_induced_node_tipo_incorrecto.svp
2026-09-09T20:37:40.4946756Z Fila 7 causal OK: transition_induced_position_cero.svp
2026-09-09T20:37:40.4947127Z Fila 7 causal OK: transition_induced_position_fuera_rango.svp
2026-09-09T20:37:40.4947466Z Conformidad causal de fila 7: 9/9
2026-09-09T20:37:40.5058738Z ##[group]Run python tests/run_oracle_sensitivity.py \
2026-09-09T20:37:40.5059394Z [36;1mpython tests/run_oracle_sensitivity.py \[0m
2026-09-09T20:37:40.5059971Z [36;1m  --rust-bin rust/target/debug/sv-native \[0m
2026-09-09T20:37:40.5060560Z [36;1m  --output-dir artifacts/oracle-sensitivity[0m
2026-09-09T20:37:40.5113366Z shell: /usr/bin/bash -e {0}
2026-09-09T20:37:40.5113794Z ##[endgroup]
2026-09-09T20:37:40.5897358Z control_valid: CONTROL_CONFORME
2026-09-09T20:37:40.5898308Z crlf: PRESERVADO_Y_PERDIDA_INYECTADA_DETECTADA
2026-09-09T20:37:40.5899193Z string_crlf: PRESERVADO_Y_PERDIDA_INYECTADA_DETECTADA
2026-09-09T20:37:40.5899716Z semantics_duplicate: RECHAZO_N0_02_N0_03
2026-09-09T20:37:40.5900166Z semantics_unbound_duplicate: RECHAZO_N0_02_N0_03
2026-09-09T20:37:40.6070179Z Node 20 is being deprecated. This workflow is running with Node 24 by default. If you need to temporarily use Node 20, you can set the ACTIONS_ALLOW_USE_UNSECURE_NODE_VERSION=true environment variable. For more information see: https://github.blog/changelog/2025-09-19-deprecation-of-node-20-on-github-actions-runners/
2026-09-09T20:37:40.6072606Z ##[group]Run actions/upload-artifact@v4
2026-09-09T20:37:40.6073066Z with:
2026-09-09T20:37:40.6073400Z   name: oracle-sensitivity
2026-09-09T20:37:40.6073815Z   if-no-files-found: error
2026-09-09T20:37:40.6074198Z   retention-days: 90
2026-09-09T20:37:40.6074592Z   path: artifacts/oracle-sensitivity/
2026-09-09T20:37:40.6075049Z   compression-level: 6
2026-09-09T20:37:40.6075422Z   overwrite: false
2026-09-09T20:37:40.6075776Z   include-hidden-files: false
2026-09-09T20:37:40.6076170Z ##[endgroup]
2026-09-09T20:37:40.7766824Z (node:11778) [DEP0040] DeprecationWarning: The `punycode` module is deprecated. Please use a userland alternative instead.
2026-09-09T20:37:40.7768017Z (Use `node --trace-deprecation ...` to show where the warning was created)
2026-09-09T20:37:40.7861892Z With the provided path, there will be 16 files uploaded
2026-09-09T20:37:40.7862898Z Artifact name is valid!
2026-09-09T20:37:40.7863418Z Root directory input is valid!
2026-09-09T20:37:41.0154831Z Beginning upload of artifact content to blob storage
2026-09-09T20:37:41.0516325Z (node:11778) [DEP0169] DeprecationWarning: `url.parse()` behavior is not standardized and prone to errors that have security implications. Use the WHATWG URL API instead. CVEs are not issued for `url.parse()` vulnerabilities.
2026-09-09T20:37:41.0723605Z Uploaded bytes 5015
2026-09-09T20:37:41.0859456Z Finished uploading artifact content to blob storage!
2026-09-09T20:37:41.0860222Z SHA256 digest of uploaded artifact zip is b0f6313d7a83fb2e19ec2d4598563759b47722d1b729ad431534c47b2c7d28a0
2026-09-09T20:37:41.0862803Z Finalizing artifact upload
2026-09-09T20:37:41.2913547Z Artifact oracle-sensitivity.zip successfully finalized. Artifact ID 10123875936
2026-09-09T20:37:41.2914428Z Artifact oracle-sensitivity has been successfully uploaded! Final size is 5015 bytes. Artifact ID is 10123875936
2026-09-09T20:37:41.2921832Z Artifact download URL: https://github.com/juantoniolloretegea/SV-lenguaje-de-computacion/actions/runs/34402105006/artifacts/10123875936
2026-09-09T20:37:41.3044573Z ##[group]Run python tests/run_directed_mutation_sensitivity.py \
2026-09-09T20:37:41.3045083Z [36;1mpython tests/run_directed_mutation_sensitivity.py \[0m
2026-09-09T20:37:41.3045531Z [36;1m  --output-dir artifacts/directed-mutation-sensitivity[0m
2026-09-09T20:37:41.3084699Z shell: /usr/bin/bash -e {0}
2026-09-09T20:37:41.3084994Z ##[endgroup]
2026-09-09T20:38:20.5212543Z LB01: MUERTA
2026-09-09T20:38:20.5213160Z LB02: MUERTA
2026-09-09T20:38:20.5213687Z LB03: MUERTA
2026-09-09T20:38:20.5214376Z LB04: MUERTA
2026-09-09T20:38:20.5214733Z LB05: MUERTA
2026-09-09T20:38:20.5215015Z LB06: MUERTA
2026-09-09T20:38:20.5215284Z LB07: MUERTA
2026-09-09T20:38:20.5215541Z LB08: MUERTA
2026-09-09T20:38:20.5215793Z LB09: MUERTA
2026-09-09T20:38:20.5216063Z LB10: MUERTA
2026-09-09T20:38:20.5216321Z LB11: MUERTA
2026-09-09T20:38:20.5216581Z LB12: MUERTA
2026-09-09T20:38:20.5217201Z LB13: MUERTA
2026-09-09T20:38:20.5217479Z LB14: MUERTA
2026-09-09T20:38:20.5217767Z LB15: MUERTA
2026-09-09T20:38:20.5218244Z LB16: MUERTA
2026-09-09T20:38:20.5218520Z LB17: MUERTA
2026-09-09T20:38:20.5218789Z LB18: MUERTA
2026-09-09T20:38:20.5219053Z LB19: MUERTA
2026-09-09T20:38:20.5219316Z CX01: MUERTA
2026-09-09T20:38:20.5219581Z CX02: MUERTA
2026-09-09T20:38:20.5219851Z CX03: MUERTA
2026-09-09T20:38:20.5220110Z CX04: MUERTA
2026-09-09T20:38:20.5220372Z CX05: MUERTA
2026-09-09T20:38:20.5220651Z CX06: MUERTA
2026-09-09T20:38:20.5220955Z CX07: MUERTA
2026-09-09T20:38:20.5221415Z CX08: MUERTA
2026-09-09T20:38:20.5221693Z CX09: MUERTA
2026-09-09T20:38:20.5221961Z CX10: MUERTA
2026-09-09T20:38:20.5222230Z CX11: MUERTA
2026-09-09T20:38:20.5222500Z AT01: MUERTA
2026-09-09T20:38:20.5222777Z M01: MUERTA
2026-09-09T20:38:20.5223052Z M02: MUERTA
2026-09-09T20:38:20.5223328Z M08b: MUERTA
2026-09-09T20:38:20.5223602Z M08c: MUERTA
2026-09-09T20:38:20.5223886Z P01: MUERTA
2026-09-09T20:38:20.5224167Z P02: MUERTA
2026-09-09T20:38:20.5224434Z P03: MUERTA
2026-09-09T20:38:20.5224697Z TD01: MUERTA
2026-09-09T20:38:20.5224972Z TD02: MUERTA
2026-09-09T20:38:20.5225247Z TD03: MUERTA
2026-09-09T20:38:20.5225507Z TD04: MUERTA
2026-09-09T20:38:20.5225768Z TD05: MUERTA
2026-09-09T20:38:20.5226545Z Mutaciones dirigidas: 43/43 muertas; 0 supervivientes; 0 inválidas
2026-09-09T20:38:20.5370283Z Node 20 is being deprecated. This workflow is running with Node 24 by default. If you need to temporarily use Node 20, you can set the ACTIONS_ALLOW_USE_UNSECURE_NODE_VERSION=true environment variable. For more information see: https://github.blog/changelog/2025-09-19-deprecation-of-node-20-on-github-actions-runners/
2026-09-09T20:38:20.5372663Z ##[group]Run actions/upload-artifact@v4
2026-09-09T20:38:20.5373111Z with:
2026-09-09T20:38:20.5373485Z   name: directed-mutation-sensitivity
2026-09-09T20:38:20.5373952Z   if-no-files-found: error
2026-09-09T20:38:20.5374356Z   retention-days: 90
2026-09-09T20:38:20.5374793Z   path: artifacts/directed-mutation-sensitivity/
2026-09-09T20:38:20.5375364Z   compression-level: 6
2026-09-09T20:38:20.5375730Z   overwrite: false
2026-09-09T20:38:20.5376092Z   include-hidden-files: false
2026-09-09T20:38:20.5376494Z ##[endgroup]
2026-09-09T20:38:20.7034737Z (node:23146) [DEP0040] DeprecationWarning: The `punycode` module is deprecated. Please use a userland alternative instead.
2026-09-09T20:38:20.7035505Z (Use `node --trace-deprecation ...` to show where the warning was created)
2026-09-09T20:38:20.7237674Z With the provided path, there will be 132 files uploaded
2026-09-09T20:38:20.7242589Z Artifact name is valid!
2026-09-09T20:38:20.7243378Z Root directory input is valid!
2026-09-09T20:38:20.9683375Z Beginning upload of artifact content to blob storage
2026-09-09T20:38:21.0900763Z (node:23146) [DEP0169] DeprecationWarning: `url.parse()` behavior is not standardized and prone to errors that have security implications. Use the WHATWG URL API instead. CVEs are not issued for `url.parse()` vulnerabilities.
2026-09-09T20:38:21.1194913Z Uploaded bytes 165603
2026-09-09T20:38:21.1333940Z Finished uploading artifact content to blob storage!
2026-09-09T20:38:21.1334630Z SHA256 digest of uploaded artifact zip is 05a2519f5f3825d96f99e6fc041978f5b80488b4d1f3aef5ae13825dd5780c52
2026-09-09T20:38:21.1336468Z Finalizing artifact upload
2026-09-09T20:38:21.3396112Z Artifact directed-mutation-sensitivity.zip successfully finalized. Artifact ID 10123901411
2026-09-09T20:38:21.3397094Z Artifact directed-mutation-sensitivity has been successfully uploaded! Final size is 165603 bytes. Artifact ID is 10123901411
2026-09-09T20:38:21.3404786Z Artifact download URL: https://github.com/juantoniolloretegea/SV-lenguaje-de-computacion/actions/runs/34402105006/artifacts/10123901411
2026-09-09T20:38:21.3541969Z ##[group]Run cargo check --manifest-path rust/Cargo.toml -p sv_core --target wasm32-unknown-unknown
2026-09-09T20:38:21.3542708Z [36;1mcargo check --manifest-path rust/Cargo.toml -p sv_core --target wasm32-unknown-unknown[0m
2026-09-09T20:38:21.3582095Z shell: /usr/bin/bash -e {0}
2026-09-09T20:38:21.3582386Z ##[endgroup]
2026-09-09T20:38:21.3920662Z     Checking sv_core v0.1.0 (/home/runner/work/SV-lenguaje-de-computacion/SV-lenguaje-de-computacion/rust/sv_core)
2026-09-09T20:38:22.3293429Z warning: associated function `from_core_id` is never used
2026-09-09T20:38:22.3294364Z    --> sv_core/src/control.rs:155:27
2026-09-09T20:38:22.3295046Z     |
2026-09-09T20:38:22.3295375Z 141 |           impl $name {
2026-09-09T20:38:22.3295924Z     |           ---------- associated function in this implementation
2026-09-09T20:38:22.3296461Z ...
2026-09-09T20:38:22.3296880Z 155 |               pub(crate) fn from_core_id(id: ControlId) -> Self {
2026-09-09T20:38:22.3297525Z     |                             ^^^^^^^^^^^^
2026-09-09T20:38:22.3297950Z ...
2026-09-09T20:38:22.3298268Z 162 | / opaque_control_ref!(
2026-09-09T20:38:22.3298660Z 163 | |     InformationRef,
2026-09-09T20:38:22.3299614Z 164 | |     "Referencia nominal a información dentro del dominio de control."
2026-09-09T20:38:22.3300215Z 165 | | );
2026-09-09T20:38:22.3300455Z     | |_- in this macro invocation
2026-09-09T20:38:22.3300729Z     |
2026-09-09T20:38:22.3301044Z     = note: `#[warn(dead_code)]` (part of `#[warn(unused)]`) on by default
2026-09-09T20:38:22.3301849Z     = note: this warning originates in the macro `opaque_control_ref` (in Nightly builds, run with -Z macro-backtrace for more info)
2026-09-09T20:38:22.3302319Z 
2026-09-09T20:38:22.3302500Z warning: associated function `from_core_id` is never used
2026-09-09T20:38:22.3303088Z    --> sv_core/src/control.rs:155:27
2026-09-09T20:38:22.3303493Z     |
2026-09-09T20:38:22.3303798Z 141 |           impl $name {
2026-09-09T20:38:22.3304301Z     |           ---------- associated function in this implementation
2026-09-09T20:38:22.3304820Z ...
2026-09-09T20:38:22.3305225Z 155 |               pub(crate) fn from_core_id(id: ControlId) -> Self {
2026-09-09T20:38:22.3305785Z     |                             ^^^^^^^^^^^^
2026-09-09T20:38:22.3306210Z ...
2026-09-09T20:38:22.3306537Z 166 | / opaque_control_ref!(
2026-09-09T20:38:22.3306932Z 167 | |     AdmittedEvidenceRef,
2026-09-09T20:38:22.3307804Z 168 | |     "Referencia a evidencia cuya admisión debe proceder de una verificación gobernada."
2026-09-09T20:38:22.3308513Z 169 | | );
2026-09-09T20:38:22.3308840Z     | |_- in this macro invocation
2026-09-09T20:38:22.3309236Z     |
2026-09-09T20:38:22.3310012Z     = note: this warning originates in the macro `opaque_control_ref` (in Nightly builds, run with -Z macro-backtrace for more info)
2026-09-09T20:38:22.3310760Z 
2026-09-09T20:38:22.3310998Z warning: associated function `from_core_id` is never used
2026-09-09T20:38:22.3311686Z    --> sv_core/src/control.rs:155:27
2026-09-09T20:38:22.3312105Z     |
2026-09-09T20:38:22.3312413Z 141 |           impl $name {
2026-09-09T20:38:22.3312874Z     |           ---------- associated function in this implementation
2026-09-09T20:38:22.3313388Z ...
2026-09-09T20:38:22.3313779Z 155 |               pub(crate) fn from_core_id(id: ControlId) -> Self {
2026-09-09T20:38:22.3314371Z     |                             ^^^^^^^^^^^^
2026-09-09T20:38:22.3314791Z ...
2026-09-09T20:38:22.3315088Z 170 | / opaque_control_ref!(
2026-09-09T20:38:22.3315490Z 171 | |     ConstitutedFactRef,
2026-09-09T20:38:22.3316213Z 172 | |     "Referencia a un hecho semántico constituido; no equivale a autoridad."
2026-09-09T20:38:22.3316840Z 173 | | );
2026-09-09T20:38:22.3317158Z     | |_- in this macro invocation
2026-09-09T20:38:22.3317616Z     |
2026-09-09T20:38:22.3318240Z     = note: this warning originates in the macro `opaque_control_ref` (in Nightly builds, run with -Z macro-backtrace for more info)
2026-09-09T20:38:22.3318720Z 
2026-09-09T20:38:22.3319176Z warning: associated function `from_core_id` is never used
2026-09-09T20:38:22.3319536Z    --> sv_core/src/control.rs:155:27
2026-09-09T20:38:22.3319883Z     |
2026-09-09T20:38:22.3320180Z 141 |           impl $name {
2026-09-09T20:38:22.3320715Z     |           ---------- associated function in this implementation
2026-09-09T20:38:22.3321581Z ...
2026-09-09T20:38:22.3321868Z 155 |               pub(crate) fn from_core_id(id: ControlId) -> Self {
2026-09-09T20:38:22.3322300Z     |                             ^^^^^^^^^^^^
2026-09-09T20:38:22.3322743Z ...
2026-09-09T20:38:22.3323044Z 174 | / opaque_control_ref!(
2026-09-09T20:38:22.3323439Z 175 | |     AuthorityRef,
2026-09-09T20:38:22.3324260Z 176 | |     "Referencia a autoridad constituida; su constructor no forma parte de la API pública."
2026-09-09T20:38:22.3324984Z 177 | | );
2026-09-09T20:38:22.3325307Z     | |_- in this macro invocation
2026-09-09T20:38:22.3325708Z     |
2026-09-09T20:38:22.3326495Z     = note: this warning originates in the macro `opaque_control_ref` (in Nightly builds, run with -Z macro-backtrace for more info)
2026-09-09T20:38:22.3327116Z 
2026-09-09T20:38:22.3327282Z warning: associated function `from_core_id` is never used
2026-09-09T20:38:22.3327730Z    --> sv_core/src/control.rs:155:27
2026-09-09T20:38:22.3328156Z     |
2026-09-09T20:38:22.3328502Z 141 |           impl $name {
2026-09-09T20:38:22.3328819Z     |           ---------- associated function in this implementation
2026-09-09T20:38:22.3329154Z ...
2026-09-09T20:38:22.3329425Z 155 |               pub(crate) fn from_core_id(id: ControlId) -> Self {
2026-09-09T20:38:22.3329783Z     |                             ^^^^^^^^^^^^
2026-09-09T20:38:22.3330062Z ...
2026-09-09T20:38:22.3330273Z 178 | / opaque_control_ref!(
2026-09-09T20:38:22.3330590Z 179 | |     EnablementRef,
2026-09-09T20:38:22.3331388Z 180 | |     "Referencia a una habilitación de autoridad ya existente; no amplía autoridad."
2026-09-09T20:38:22.3331824Z 181 | | );
2026-09-09T20:38:22.3332059Z     | |_- in this macro invocation
2026-09-09T20:38:22.3332321Z     |
2026-09-09T20:38:22.3332802Z     = note: this warning originates in the macro `opaque_control_ref` (in Nightly builds, run with -Z macro-backtrace for more info)
2026-09-09T20:38:22.3333250Z 
2026-09-09T20:38:22.3333409Z warning: associated function `from_core_id` is never used
2026-09-09T20:38:22.3333762Z    --> sv_core/src/control.rs:155:27
2026-09-09T20:38:22.3334032Z     |
2026-09-09T20:38:22.3334235Z 141 |           impl $name {
2026-09-09T20:38:22.3334543Z     |           ---------- associated function in this implementation
2026-09-09T20:38:22.3334866Z ...
2026-09-09T20:38:22.3335135Z 155 |               pub(crate) fn from_core_id(id: ControlId) -> Self {
2026-09-09T20:38:22.3335478Z     |                             ^^^^^^^^^^^^
2026-09-09T20:38:22.3335751Z ...
2026-09-09T20:38:22.3335953Z 186 | / opaque_control_ref!(
2026-09-09T20:38:22.3336202Z 187 | |     FormRef,
2026-09-09T20:38:22.3336568Z 188 | |     "Referencia a una forma de transición constituida."
2026-09-09T20:38:22.3336906Z 189 | | );
2026-09-09T20:38:22.3337122Z     | |_- in this macro invocation
2026-09-09T20:38:22.3337380Z     |
2026-09-09T20:38:22.3337841Z     = note: this warning originates in the macro `opaque_control_ref` (in Nightly builds, run with -Z macro-backtrace for more info)
2026-09-09T20:38:22.3338289Z 
2026-09-09T20:38:22.3338442Z warning: associated function `from_core_id` is never used
2026-09-09T20:38:22.3338782Z    --> sv_core/src/control.rs:155:27
2026-09-09T20:38:22.3339057Z     |
2026-09-09T20:38:22.3339265Z 141 |           impl $name {
2026-09-09T20:38:22.3339594Z     |           ---------- associated function in this implementation
2026-09-09T20:38:22.3339923Z ...
2026-09-09T20:38:22.3340205Z 155 |               pub(crate) fn from_core_id(id: ControlId) -> Self {
2026-09-09T20:38:22.3340568Z     |                             ^^^^^^^^^^^^
2026-09-09T20:38:22.3340846Z ...
2026-09-09T20:38:22.3341193Z 190 | / opaque_control_ref!(
2026-09-09T20:38:22.3341701Z 191 | |     EffectFamilyRef,
2026-09-09T20:38:22.3342132Z 192 | |     "Referencia a una familia de efectos fijada por constitución."
2026-09-09T20:38:22.3342503Z 193 | | );
2026-09-09T20:38:22.3342736Z     | |_- in this macro invocation
2026-09-09T20:38:22.3342998Z     |
2026-09-09T20:38:22.3343616Z     = note: this warning originates in the macro `opaque_control_ref` (in Nightly builds, run with -Z macro-backtrace for more info)
2026-09-09T20:38:22.3344069Z 
2026-09-09T20:38:22.3344229Z warning: associated function `from_core_id` is never used
2026-09-09T20:38:22.3344590Z    --> sv_core/src/control.rs:155:27
2026-09-09T20:38:22.3344856Z     |
2026-09-09T20:38:22.3345069Z 141 |           impl $name {
2026-09-09T20:38:22.3345381Z     |           ---------- associated function in this implementation
2026-09-09T20:38:22.3345711Z ...
2026-09-09T20:38:22.3345984Z 155 |               pub(crate) fn from_core_id(id: ControlId) -> Self {
2026-09-09T20:38:22.3346341Z     |                             ^^^^^^^^^^^^
2026-09-09T20:38:22.3346632Z ...
2026-09-09T20:38:22.3346843Z 194 | / opaque_control_ref!(
2026-09-09T20:38:22.3347102Z 195 | |     EffectRef,
2026-09-09T20:38:22.3347471Z 196 | |     "Referencia a un efecto concreto; identificarlo no equivale a autorizarlo."
2026-09-09T20:38:22.3347879Z 197 | | );
2026-09-09T20:38:22.3348106Z     | |_- in this macro invocation
2026-09-09T20:38:22.3348400Z     |
2026-09-09T20:38:22.3348869Z     = note: this warning originates in the macro `opaque_control_ref` (in Nightly builds, run with -Z macro-backtrace for more info)
2026-09-09T20:38:22.3349319Z 
2026-09-09T20:38:22.3349480Z warning: associated function `from_core_id` is never used
2026-09-09T20:38:22.3349817Z    --> sv_core/src/control.rs:155:27
2026-09-09T20:38:22.3350089Z     |
2026-09-09T20:38:22.3350291Z 141 |           impl $name {
2026-09-09T20:38:22.3350601Z     |           ---------- associated function in this implementation
2026-09-09T20:38:22.3350924Z ...
2026-09-09T20:38:22.3351313Z 155 |               pub(crate) fn from_core_id(id: ControlId) -> Self {
2026-09-09T20:38:22.3351662Z     |                             ^^^^^^^^^^^^
2026-09-09T20:38:22.3351939Z ...
2026-09-09T20:38:22.3352142Z 198 | / opaque_control_ref!(
2026-09-09T20:38:22.3352392Z 199 | |     ContextRef,
2026-09-09T20:38:22.3352751Z 200 | |     "Referencia a una ligadura de contexto relevante para autoridad o forma."
2026-09-09T20:38:22.3353157Z 201 | | );
2026-09-09T20:38:22.3353374Z     | |_- in this macro invocation
2026-09-09T20:38:22.3353626Z     |
2026-09-09T20:38:22.3354089Z     = note: this warning originates in the macro `opaque_control_ref` (in Nightly builds, run with -Z macro-backtrace for more info)
2026-09-09T20:38:22.3354523Z 
2026-09-09T20:38:22.3354680Z warning: associated function `from_core_id` is never used
2026-09-09T20:38:22.3355023Z    --> sv_core/src/control.rs:155:27
2026-09-09T20:38:22.3355282Z     |
2026-09-09T20:38:22.3355494Z 141 |           impl $name {
2026-09-09T20:38:22.3355796Z     |           ---------- associated function in this implementation
2026-09-09T20:38:22.3356119Z ...
2026-09-09T20:38:22.3356372Z 155 |               pub(crate) fn from_core_id(id: ControlId) -> Self {
2026-09-09T20:38:22.3356709Z     |                             ^^^^^^^^^^^^
2026-09-09T20:38:22.3356968Z ...
2026-09-09T20:38:22.3357175Z 202 | / opaque_control_ref!(
2026-09-09T20:38:22.3357430Z 203 | |     AuthorityHolderRef,
2026-09-09T20:38:22.3357930Z 204 | |     "Referencia al titular de una autoridad; no constituye autoridad por sí misma."
2026-09-09T20:38:22.3358345Z 205 | | );
2026-09-09T20:38:22.3358563Z     | |_- in this macro invocation
2026-09-09T20:38:22.3358818Z     |
2026-09-09T20:38:22.3359279Z     = note: this warning originates in the macro `opaque_control_ref` (in Nightly builds, run with -Z macro-backtrace for more info)
2026-09-09T20:38:22.3359722Z 
2026-09-09T20:38:22.3359879Z warning: associated function `from_core_id` is never used
2026-09-09T20:38:22.3360217Z    --> sv_core/src/control.rs:155:27
2026-09-09T20:38:22.3360485Z     |
2026-09-09T20:38:22.3360850Z 141 |           impl $name {
2026-09-09T20:38:22.3361262Z     |           ---------- associated function in this implementation
2026-09-09T20:38:22.3361580Z ...
2026-09-09T20:38:22.3361843Z 155 |               pub(crate) fn from_core_id(id: ControlId) -> Self {
2026-09-09T20:38:22.3362333Z     |                             ^^^^^^^^^^^^
2026-09-09T20:38:22.3362617Z ...
2026-09-09T20:38:22.3362833Z 206 | / opaque_control_ref!(
2026-09-09T20:38:22.3363106Z 207 | |     GovernedObjectRef,
2026-09-09T20:38:22.3363495Z 208 | |     "Referencia a un objeto candidato a pertenecer al dominio gobernado D_a."
2026-09-09T20:38:22.3363894Z 209 | | );
2026-09-09T20:38:22.3364106Z     | |_- in this macro invocation
2026-09-09T20:38:22.3364370Z     |
2026-09-09T20:38:22.3364836Z     = note: this warning originates in the macro `opaque_control_ref` (in Nightly builds, run with -Z macro-backtrace for more info)
2026-09-09T20:38:22.3365292Z 
2026-09-09T20:38:22.3365459Z warning: associated function `from_core_id` is never used
2026-09-09T20:38:22.3365807Z    --> sv_core/src/control.rs:155:27
2026-09-09T20:38:22.3366081Z     |
2026-09-09T20:38:22.3366282Z 141 |           impl $name {
2026-09-09T20:38:22.3366585Z     |           ---------- associated function in this implementation
2026-09-09T20:38:22.3366914Z ...
2026-09-09T20:38:22.3367178Z 155 |               pub(crate) fn from_core_id(id: ControlId) -> Self {
2026-09-09T20:38:22.3367539Z     |                             ^^^^^^^^^^^^
2026-09-09T20:38:22.3367813Z ...
2026-09-09T20:38:22.3368023Z 210 | / opaque_control_ref!(
2026-09-09T20:38:22.3368287Z 211 | |     AccumulationRuleRef,
2026-09-09T20:38:22.3368785Z 212 | |     "Referencia a una regla gobernada de acumulación o a un predicado de traza."
2026-09-09T20:38:22.3369194Z 213 | | );
2026-09-09T20:38:22.3369418Z     | |_- in this macro invocation
2026-09-09T20:38:22.3369678Z     |
2026-09-09T20:38:22.3370154Z     = note: this warning originates in the macro `opaque_control_ref` (in Nightly builds, run with -Z macro-backtrace for more info)
2026-09-09T20:38:22.3370592Z 
2026-09-09T20:38:22.3370758Z warning: associated function `from_core_id` is never used
2026-09-09T20:38:22.3371300Z    --> sv_core/src/control.rs:155:27
2026-09-09T20:38:22.3371631Z     |
2026-09-09T20:38:22.3371850Z 141 |           impl $name {
2026-09-09T20:38:22.3372151Z     |           ---------- associated function in this implementation
2026-09-09T20:38:22.3372474Z ...
2026-09-09T20:38:22.3372730Z 155 |               pub(crate) fn from_core_id(id: ControlId) -> Self {
2026-09-09T20:38:22.3373079Z     |                             ^^^^^^^^^^^^
2026-09-09T20:38:22.3373346Z ...
2026-09-09T20:38:22.3373551Z 214 | / opaque_control_ref!(
2026-09-09T20:38:22.3373802Z 215 | |     RequirementRef,
2026-09-09T20:38:22.3374304Z 216 | |     "Referencia a una obligación de Req; identificarla no acredita su cumplimiento."
2026-09-09T20:38:22.3374726Z 217 | | );
2026-09-09T20:38:22.3374961Z     | |_- in this macro invocation
2026-09-09T20:38:22.3375219Z     |
2026-09-09T20:38:22.3375691Z     = note: this warning originates in the macro `opaque_control_ref` (in Nightly builds, run with -Z macro-backtrace for more info)
2026-09-09T20:38:22.3376132Z 
2026-09-09T20:38:22.3376287Z warning: associated function `from_core_id` is never used
2026-09-09T20:38:22.3376629Z    --> sv_core/src/control.rs:155:27
2026-09-09T20:38:22.3376892Z     |
2026-09-09T20:38:22.3377092Z 141 |           impl $name {
2026-09-09T20:38:22.3377393Z     |           ---------- associated function in this implementation
2026-09-09T20:38:22.3377706Z ...
2026-09-09T20:38:22.3377967Z 155 |               pub(crate) fn from_core_id(id: ControlId) -> Self {
2026-09-09T20:38:22.3378302Z     |                             ^^^^^^^^^^^^
2026-09-09T20:38:22.3378569Z ...
2026-09-09T20:38:22.3378771Z 218 | / opaque_control_ref!(
2026-09-09T20:38:22.3379023Z 219 | |     VerifierRef,
2026-09-09T20:38:22.3379425Z 220 | |     "Referencia a un verificador concreto; su mera existencia no acredita aplicabilidad."
2026-09-09T20:38:22.3380036Z 221 | | );
2026-09-09T20:38:22.3380256Z     | |_- in this macro invocation
2026-09-09T20:38:22.3380515Z     |
2026-09-09T20:38:22.3380967Z     = note: this warning originates in the macro `opaque_control_ref` (in Nightly builds, run with -Z macro-backtrace for more info)
2026-09-09T20:38:22.3381659Z 
2026-09-09T20:38:22.3381821Z warning: associated function `from_core_id` is never used
2026-09-09T20:38:22.3382157Z    --> sv_core/src/control.rs:155:27
2026-09-09T20:38:22.3382428Z     |
2026-09-09T20:38:22.3382639Z 141 |           impl $name {
2026-09-09T20:38:22.3382952Z     |           ---------- associated function in this implementation
2026-09-09T20:38:22.3383284Z ...
2026-09-09T20:38:22.3383550Z 155 |               pub(crate) fn from_core_id(id: ControlId) -> Self {
2026-09-09T20:38:22.3383903Z     |                             ^^^^^^^^^^^^
2026-09-09T20:38:22.3384174Z ...
2026-09-09T20:38:22.3384387Z 222 | / opaque_control_ref!(
2026-09-09T20:38:22.3384658Z 223 | |     VerifierFamilyRef,
2026-09-09T20:38:22.3385136Z 224 | |     "Referencia a una familia de verificadores admisibles para una obligación."
2026-09-09T20:38:22.3385544Z 225 | | );
2026-09-09T20:38:22.3385770Z     | |_- in this macro invocation
2026-09-09T20:38:22.3386031Z     |
2026-09-09T20:38:22.3386512Z     = note: this warning originates in the macro `opaque_control_ref` (in Nightly builds, run with -Z macro-backtrace for more info)
2026-09-09T20:38:22.3386957Z 
2026-09-09T20:38:22.3387113Z warning: associated function `from_core_id` is never used
2026-09-09T20:38:22.3387466Z    --> sv_core/src/control.rs:155:27
2026-09-09T20:38:22.3387730Z     |
2026-09-09T20:38:22.3387947Z 141 |           impl $name {
2026-09-09T20:38:22.3388255Z     |           ---------- associated function in this implementation
2026-09-09T20:38:22.3388587Z ...
2026-09-09T20:38:22.3388853Z 155 |               pub(crate) fn from_core_id(id: ControlId) -> Self {
2026-09-09T20:38:22.3389208Z     |                             ^^^^^^^^^^^^
2026-09-09T20:38:22.3389485Z ...
2026-09-09T20:38:22.3389698Z 226 | / opaque_control_ref!(
2026-09-09T20:38:22.3389964Z 227 | |     ApplicabilityRuleRef,
2026-09-09T20:38:22.3390483Z 228 | |     "Referencia a una regla previamente constituida de aplicabilidad de comprobación."
2026-09-09T20:38:22.3390925Z 229 | | );
2026-09-09T20:38:22.3391237Z     | |_- in this macro invocation
2026-09-09T20:38:22.3391506Z     |
2026-09-09T20:38:22.3391975Z     = note: this warning originates in the macro `opaque_control_ref` (in Nightly builds, run with -Z macro-backtrace for more info)
2026-09-09T20:38:22.3392422Z 
2026-09-09T20:38:22.3392580Z warning: associated function `from_core_id` is never used
2026-09-09T20:38:22.3392928Z    --> sv_core/src/control.rs:155:27
2026-09-09T20:38:22.3393198Z     |
2026-09-09T20:38:22.3393399Z 141 |           impl $name {
2026-09-09T20:38:22.3393708Z     |           ---------- associated function in this implementation
2026-09-09T20:38:22.3394028Z ...
2026-09-09T20:38:22.3394304Z 155 |               pub(crate) fn from_core_id(id: ControlId) -> Self {
2026-09-09T20:38:22.3394648Z     |                             ^^^^^^^^^^^^
2026-09-09T20:38:22.3394916Z ...
2026-09-09T20:38:22.3395112Z 230 | / opaque_control_ref!(
2026-09-09T20:38:22.3395383Z 231 | |     ConflictResolutionRuleRef,
2026-09-09T20:38:22.3395976Z 232 | |     "Referencia a una regla previamente constituida de resolución de conflicto entre comprobaciones."
2026-09-09T20:38:22.3396480Z 233 | | );
2026-09-09T20:38:22.3396702Z     | |_- in this macro invocation
2026-09-09T20:38:22.3396972Z     |
2026-09-09T20:38:22.3397450Z     = note: this warning originates in the macro `opaque_control_ref` (in Nightly builds, run with -Z macro-backtrace for more info)
2026-09-09T20:38:22.3397900Z 
2026-09-09T20:38:22.3398060Z warning: associated function `from_core_id` is never used
2026-09-09T20:38:22.3398410Z    --> sv_core/src/control.rs:155:27
2026-09-09T20:38:22.3398671Z     |
2026-09-09T20:38:22.3398878Z 141 |           impl $name {
2026-09-09T20:38:22.3399330Z     |           ---------- associated function in this implementation
2026-09-09T20:38:22.3399673Z ...
2026-09-09T20:38:22.3399940Z 155 |               pub(crate) fn from_core_id(id: ControlId) -> Self {
2026-09-09T20:38:22.3400293Z     |                             ^^^^^^^^^^^^
2026-09-09T20:38:22.3400685Z ...
2026-09-09T20:38:22.3400894Z 234 | / opaque_control_ref!(
2026-09-09T20:38:22.3401247Z 235 | |     CoverageRuleRef,
2026-09-09T20:38:22.3401683Z 236 | |     "Referencia a una regla previamente constituida de cobertura de comprobaciones exigibles."
2026-09-09T20:38:22.3402135Z 237 | | );
2026-09-09T20:38:22.3402356Z     | |_- in this macro invocation
2026-09-09T20:38:22.3402617Z     |
2026-09-09T20:38:22.3403098Z     = note: this warning originates in the macro `opaque_control_ref` (in Nightly builds, run with -Z macro-backtrace for more info)
2026-09-09T20:38:22.3403554Z 
2026-09-09T20:38:22.3403711Z warning: associated function `from_core_id` is never used
2026-09-09T20:38:22.3404077Z    --> sv_core/src/control.rs:155:27
2026-09-09T20:38:22.3404344Z     |
2026-09-09T20:38:22.3404550Z 141 |           impl $name {
2026-09-09T20:38:22.3404866Z     |           ---------- associated function in this implementation
2026-09-09T20:38:22.3405195Z ...
2026-09-09T20:38:22.3405474Z 155 |               pub(crate) fn from_core_id(id: ControlId) -> Self {
2026-09-09T20:38:22.3405826Z     |                             ^^^^^^^^^^^^
2026-09-09T20:38:22.3406101Z ...
2026-09-09T20:38:22.3406306Z 238 | / opaque_control_ref!(
2026-09-09T20:38:22.3406561Z 239 | |     ReuseRuleRef,
2026-09-09T20:38:22.3407094Z 240 | |     "Referencia a una regla previamente constituida de reutilización de resultados cualificados."
2026-09-09T20:38:22.3407578Z 241 | | );
2026-09-09T20:38:22.3407800Z     | |_- in this macro invocation
2026-09-09T20:38:22.3408066Z     |
2026-09-09T20:38:22.3408534Z     = note: this warning originates in the macro `opaque_control_ref` (in Nightly builds, run with -Z macro-backtrace for more info)
2026-09-09T20:38:22.3408995Z 
2026-09-09T20:38:22.3409150Z warning: associated function `from_core_id` is never used
2026-09-09T20:38:22.3409496Z    --> sv_core/src/control.rs:155:27
2026-09-09T20:38:22.3409767Z     |
2026-09-09T20:38:22.3409966Z 141 |           impl $name {
2026-09-09T20:38:22.3410282Z     |           ---------- associated function in this implementation
2026-09-09T20:38:22.3410606Z ...
2026-09-09T20:38:22.3410873Z 155 |               pub(crate) fn from_core_id(id: ControlId) -> Self {
2026-09-09T20:38:22.3411422Z     |                             ^^^^^^^^^^^^
2026-09-09T20:38:22.3411701Z ...
2026-09-09T20:38:22.3411903Z 242 | / opaque_control_ref!(
2026-09-09T20:38:22.3412161Z 243 | |     ReuseBindingKeyRef,
2026-09-09T20:38:22.3412779Z 244 | |     "Referencia a una dimensión constituida cuya continuidad puede ser exigible para reutilizar un resultado."
2026-09-09T20:38:22.3413304Z 245 | | );
2026-09-09T20:38:22.3413533Z     | |_- in this macro invocation
2026-09-09T20:38:22.3413799Z     |
2026-09-09T20:38:22.3414309Z     = note: this warning originates in the macro `opaque_control_ref` (in Nightly builds, run with -Z macro-backtrace for more info)
2026-09-09T20:38:22.3414759Z 
2026-09-09T20:38:22.3414928Z warning: associated function `from_core_id` is never used
2026-09-09T20:38:22.3415291Z    --> sv_core/src/control.rs:155:27
2026-09-09T20:38:22.3415563Z     |
2026-09-09T20:38:22.3415778Z 141 |           impl $name {
2026-09-09T20:38:22.3416094Z     |           ---------- associated function in this implementation
2026-09-09T20:38:22.3416437Z ...
2026-09-09T20:38:22.3416711Z 155 |               pub(crate) fn from_core_id(id: ControlId) -> Self {
2026-09-09T20:38:22.3417075Z     |                             ^^^^^^^^^^^^
2026-09-09T20:38:22.3417347Z ...
2026-09-09T20:38:22.3417600Z 246 | / opaque_control_ref!(
2026-09-09T20:38:22.3417873Z 247 | |     ReuseBindingValueRef,
2026-09-09T20:38:22.3418638Z 248 | |     "Referencia al valor constituido de una dimensión de reutilización; identificarlo no acredita su vigencia."
2026-09-09T20:38:22.3419151Z 249 | | );
2026-09-09T20:38:22.3419376Z     | |_- in this macro invocation
2026-09-09T20:38:22.3419635Z     |
2026-09-09T20:38:22.3420108Z     = note: this warning originates in the macro `opaque_control_ref` (in Nightly builds, run with -Z macro-backtrace for more info)
2026-09-09T20:38:22.3420693Z 
2026-09-09T20:38:22.3420826Z warning: function `compile_svp` is never used
2026-09-09T20:38:22.3421251Z    --> sv_core/src/frontend.rs:803:8
2026-09-09T20:38:22.3421528Z     |
2026-09-09T20:38:22.3421901Z 803 | pub fn compile_svp(source: &str, source_file: &str) -> Result<IrProgram, FrontendError> {
2026-09-09T20:38:22.3422345Z     |        ^^^^^^^^^^^
2026-09-09T20:38:22.3422493Z 
2026-09-09T20:38:22.3422662Z warning: function `compile_svp_with_profile` is never used
2026-09-09T20:38:22.3423023Z    --> sv_core/src/frontend.rs:807:8
2026-09-09T20:38:22.3423287Z     |
2026-09-09T20:38:22.3423516Z 807 | pub fn compile_svp_with_profile(
2026-09-09T20:38:22.3423800Z     |        ^^^^^^^^^^^^^^^^^^^^^^^^
2026-09-09T20:38:22.3423976Z 
2026-09-09T20:38:22.3424108Z warning: constant `PROFILE_ID` is never used
2026-09-09T20:38:22.3424429Z  --> sv_core/src/identifier_profile.rs:6:18
2026-09-09T20:38:22.3424724Z   |
2026-09-09T20:38:22.3425018Z 6 | pub(crate) const PROFILE_ID: &str = "svp-grammar-0.2-lex-es-1";
2026-09-09T20:38:22.3425400Z   |                  ^^^^^^^^^^
2026-09-09T20:38:22.3425565Z 
2026-09-09T20:38:22.3425708Z warning: function `is_reserved_word` is never used
2026-09-09T20:38:22.3426056Z   --> sv_core/src/identifier_profile.rs:22:15
2026-09-09T20:38:22.3426390Z    |
2026-09-09T20:38:22.3426724Z 22 | pub(crate) fn is_reserved_word(word: &str) -> bool {
2026-09-09T20:38:22.3427057Z    |               ^^^^^^^^^^^^^^^^
2026-09-09T20:38:22.3427221Z 
2026-09-09T20:38:22.3427362Z warning: method `matches_descriptor` is never used
2026-09-09T20:38:22.3427713Z    --> sv_core/src/requirements_reuse.rs:121:19
2026-09-09T20:38:22.3428008Z     |
2026-09-09T20:38:22.3428225Z  44 | impl ReuseRule {
2026-09-09T20:38:22.3428494Z     | -------------- method in this implementation
2026-09-09T20:38:22.3428786Z ...
2026-09-09T20:38:22.3429156Z 121 |     pub(crate) fn matches_descriptor(&self, descriptor: &RequirementDescriptor) -> bool {
2026-09-09T20:38:22.3429616Z     |                   ^^^^^^^^^^^^^^^^^^
2026-09-09T20:38:22.3429814Z 
2026-09-09T20:38:22.3456800Z warning: hiding a lifetime that's elided elsewhere is confusing
2026-09-09T20:38:22.3457411Z     --> sv_core/src/frontend.rs:2161:13
2026-09-09T20:38:22.3457806Z      |
2026-09-09T20:38:22.3458144Z 2161 |     fn peek(&self) -> &Token {
2026-09-09T20:38:22.3458573Z      |             ^^^^^     ^^^^^^
2026-09-09T20:38:22.3458951Z      |             |         ||
2026-09-09T20:38:22.3459404Z      |             |         |the same lifetime is hidden here
2026-09-09T20:38:22.3459924Z      |             |         the same lifetime is elided here
2026-09-09T20:38:22.3460423Z      |             the lifetime is elided here
2026-09-09T20:38:22.3460831Z      |
2026-09-09T20:38:22.3461621Z      = help: the same lifetime is referred to in inconsistent ways, making the signature confusing
2026-09-09T20:38:22.3462435Z      = note: `#[warn(mismatched_lifetime_syntaxes)]` on by default
2026-09-09T20:38:22.3462998Z help: use `'_` for type paths
2026-09-09T20:38:22.3463393Z      |
2026-09-09T20:38:22.3463713Z 2161 |     fn peek(&self) -> &Token<'_> {
2026-09-09T20:38:22.3464133Z      |                             ++++
2026-09-09T20:38:22.3464401Z 
2026-09-09T20:38:22.4180454Z warning: `sv_core` (lib) generated 27 warnings (run `cargo fix --lib -p sv_core` to apply 1 suggestion)
2026-09-09T20:38:22.4181284Z     Finished `dev` profile [unoptimized + debuginfo] target(s) in 1.04s
2026-09-09T20:38:22.4232872Z ##[group]Run cargo check --manifest-path rust/Cargo.toml -p sv_wasm --target wasm32-unknown-unknown
2026-09-09T20:38:22.4233627Z [36;1mcargo check --manifest-path rust/Cargo.toml -p sv_wasm --target wasm32-unknown-unknown[0m
2026-09-09T20:38:22.4272730Z shell: /usr/bin/bash -e {0}
2026-09-09T20:38:22.4273027Z ##[endgroup]
2026-09-09T20:38:22.4513670Z warning: associated function `from_core_id` is never used
2026-09-09T20:38:22.4514328Z    --> sv_core/src/control.rs:155:27
2026-09-09T20:38:22.4514718Z     |
2026-09-09T20:38:22.4515272Z 141 |           impl $name {
2026-09-09T20:38:22.4515631Z     |           ---------- associated function in this implementation
2026-09-09T20:38:22.4515988Z ...
2026-09-09T20:38:22.4516291Z 155 |               pub(crate) fn from_core_id(id: ControlId) -> Self {
2026-09-09T20:38:22.4516665Z     |                             ^^^^^^^^^^^^
2026-09-09T20:38:22.4516950Z ...
2026-09-09T20:38:22.4517159Z 162 | / opaque_control_ref!(
2026-09-09T20:38:22.4517465Z 163 | |     InformationRef,
2026-09-09T20:38:22.4518157Z 164 | |     "Referencia nominal a información dentro del dominio de control."
2026-09-09T20:38:22.4518573Z 165 | | );
2026-09-09T20:38:22.4518799Z     | |_- in this macro invocation
2026-09-09T20:38:22.4519070Z     |
2026-09-09T20:38:22.4519368Z     = note: `#[warn(dead_code)]` (part of `#[warn(unused)]`) on by default
2026-09-09T20:38:22.4520041Z     = note: this warning originates in the macro `opaque_control_ref` (in Nightly builds, run with -Z macro-backtrace for more info)
2026-09-09T20:38:22.4520537Z 
2026-09-09T20:38:22.4521905Z warning: associated function `from_core_id` is never used
2026-09-09T20:38:22.4522527Z    --> sv_core/src/control.rs:155:27
2026-09-09T20:38:22.4522935Z     |
2026-09-09T20:38:22.4523249Z 141 |           impl $name {
2026-09-09T20:38:22.4523734Z     |           ---------- associated function in this implementation
2026-09-09T20:38:22.4524262Z ...
2026-09-09T20:38:22.4524680Z 155 |               pub(crate) fn from_core_id(id: ControlId) -> Self {
2026-09-09T20:38:22.4525245Z     |                             ^^^^^^^^^^^^
2026-09-09T20:38:22.4525657Z ...
2026-09-09T20:38:22.4525973Z 166 | / opaque_control_ref!(
2026-09-09T20:38:22.4526374Z 167 | |     AdmittedEvidenceRef,
2026-09-09T20:38:22.4527259Z 168 | |     "Referencia a evidencia cuya admisión debe proceder de una verificación gobernada."
2026-09-09T20:38:22.4527970Z 169 | | );
2026-09-09T20:38:22.4528310Z     | |_- in this macro invocation
2026-09-09T20:38:22.4528712Z     |
2026-09-09T20:38:22.4529480Z     = note: this warning originates in the macro `opaque_control_ref` (in Nightly builds, run with -Z macro-backtrace for more info)
2026-09-09T20:38:22.4530234Z 
2026-09-09T20:38:22.4530489Z warning: associated function `from_core_id` is never used
2026-09-09T20:38:22.4531027Z    --> sv_core/src/control.rs:155:27
2026-09-09T20:38:22.4531580Z     |
2026-09-09T20:38:22.4531874Z 141 |           impl $name {
2026-09-09T20:38:22.4532369Z     |           ---------- associated function in this implementation
2026-09-09T20:38:22.4532881Z ...
2026-09-09T20:38:22.4533293Z 155 |               pub(crate) fn from_core_id(id: ControlId) -> Self {
2026-09-09T20:38:22.4533830Z     |                             ^^^^^^^^^^^^
2026-09-09T20:38:22.4534249Z ...
2026-09-09T20:38:22.4534547Z 170 | / opaque_control_ref!(
2026-09-09T20:38:22.4534961Z 171 | |     ConstitutedFactRef,
2026-09-09T20:38:22.4535684Z 172 | |     "Referencia a un hecho semántico constituido; no equivale a autoridad."
2026-09-09T20:38:22.4536307Z 173 | | );
2026-09-09T20:38:22.4536628Z     | |_- in this macro invocation
2026-09-09T20:38:22.4537031Z     |
2026-09-09T20:38:22.4537780Z     = note: this warning originates in the macro `opaque_control_ref` (in Nightly builds, run with -Z macro-backtrace for more info)
2026-09-09T20:38:22.4538558Z 
2026-09-09T20:38:22.4538887Z warning: associated function `from_core_id` is never used
2026-09-09T20:38:22.4539526Z    --> sv_core/src/control.rs:155:27
2026-09-09T20:38:22.4540192Z     |
2026-09-09T20:38:22.4540501Z 141 |           impl $name {
2026-09-09T20:38:22.4540964Z     |           ---------- associated function in this implementation
2026-09-09T20:38:22.4541639Z ...
2026-09-09T20:38:22.4542040Z 155 |               pub(crate) fn from_core_id(id: ControlId) -> Self {
2026-09-09T20:38:22.4542533Z     |                             ^^^^^^^^^^^^
2026-09-09T20:38:22.4542803Z ...
2026-09-09T20:38:22.4543009Z 174 | / opaque_control_ref!(
2026-09-09T20:38:22.4543264Z 175 | |     AuthorityRef,
2026-09-09T20:38:22.4543808Z 176 | |     "Referencia a autoridad constituida; su constructor no forma parte de la API pública."
2026-09-09T20:38:22.4544415Z 177 | | );
2026-09-09T20:38:22.4544642Z     | |_- in this macro invocation
2026-09-09T20:38:22.4544909Z     |
2026-09-09T20:38:22.4545405Z     = note: this warning originates in the macro `opaque_control_ref` (in Nightly builds, run with -Z macro-backtrace for more info)
2026-09-09T20:38:22.4545867Z 
2026-09-09T20:38:22.4546037Z warning: associated function `from_core_id` is never used
2026-09-09T20:38:22.4546392Z    --> sv_core/src/control.rs:155:27
2026-09-09T20:38:22.4546656Z     |
2026-09-09T20:38:22.4546864Z 141 |           impl $name {
2026-09-09T20:38:22.4547174Z     |           ---------- associated function in this implementation
2026-09-09T20:38:22.4547510Z ...
2026-09-09T20:38:22.4547775Z 155 |               pub(crate) fn from_core_id(id: ControlId) -> Self {
2026-09-09T20:38:22.4548139Z     |                             ^^^^^^^^^^^^
2026-09-09T20:38:22.4548413Z ...
2026-09-09T20:38:22.4548624Z 178 | / opaque_control_ref!(
2026-09-09T20:38:22.4548889Z 179 | |     EnablementRef,
2026-09-09T20:38:22.4549390Z 180 | |     "Referencia a una habilitación de autoridad ya existente; no amplía autoridad."
2026-09-09T20:38:22.4549824Z 181 | | );
2026-09-09T20:38:22.4550039Z     | |_- in this macro invocation
2026-09-09T20:38:22.4550303Z     |
2026-09-09T20:38:22.4550787Z     = note: this warning originates in the macro `opaque_control_ref` (in Nightly builds, run with -Z macro-backtrace for more info)
2026-09-09T20:38:22.4551414Z 
2026-09-09T20:38:22.4551572Z warning: associated function `from_core_id` is never used
2026-09-09T20:38:22.4551914Z    --> sv_core/src/control.rs:155:27
2026-09-09T20:38:22.4552182Z     |
2026-09-09T20:38:22.4552400Z 141 |           impl $name {
2026-09-09T20:38:22.4552697Z     |           ---------- associated function in this implementation
2026-09-09T20:38:22.4553029Z ...
2026-09-09T20:38:22.4553298Z 155 |               pub(crate) fn from_core_id(id: ControlId) -> Self {
2026-09-09T20:38:22.4553656Z     |                             ^^^^^^^^^^^^
2026-09-09T20:38:22.4553934Z ...
2026-09-09T20:38:22.4554135Z 186 | / opaque_control_ref!(
2026-09-09T20:38:22.4554388Z 187 | |     FormRef,
2026-09-09T20:38:22.4554753Z 188 | |     "Referencia a una forma de transición constituida."
2026-09-09T20:38:22.4555092Z 189 | | );
2026-09-09T20:38:22.4555312Z     | |_- in this macro invocation
2026-09-09T20:38:22.4555569Z     |
2026-09-09T20:38:22.4556036Z     = note: this warning originates in the macro `opaque_control_ref` (in Nightly builds, run with -Z macro-backtrace for more info)
2026-09-09T20:38:22.4556479Z 
2026-09-09T20:38:22.4556813Z warning: associated function `from_core_id` is never used
2026-09-09T20:38:22.4557155Z    --> sv_core/src/control.rs:155:27
2026-09-09T20:38:22.4557492Z     |
2026-09-09T20:38:22.4569726Z 141 |           impl $name {
2026-09-09T20:38:22.4570261Z     |           ---------- associated function in this implementation
2026-09-09T20:38:22.4570670Z ...
2026-09-09T20:38:22.4570964Z 155 |               pub(crate) fn from_core_id(id: ControlId) -> Self {
2026-09-09T20:38:22.4571537Z     |                             ^^^^^^^^^^^^
2026-09-09T20:38:22.4571821Z ...
2026-09-09T20:38:22.4572039Z 190 | / opaque_control_ref!(
2026-09-09T20:38:22.4572309Z 191 | |     EffectFamilyRef,
2026-09-09T20:38:22.4572802Z 192 | |     "Referencia a una familia de efectos fijada por constitución."
2026-09-09T20:38:22.4573405Z 193 | | );
2026-09-09T20:38:22.4573647Z     | |_- in this macro invocation
2026-09-09T20:38:22.4573910Z     |
2026-09-09T20:38:22.4574418Z     = note: this warning originates in the macro `opaque_control_ref` (in Nightly builds, run with -Z macro-backtrace for more info)
2026-09-09T20:38:22.4574894Z 
2026-09-09T20:38:22.4575059Z warning: associated function `from_core_id` is never used
2026-09-09T20:38:22.4575425Z    --> sv_core/src/control.rs:155:27
2026-09-09T20:38:22.4575704Z     |
2026-09-09T20:38:22.4575927Z 141 |           impl $name {
2026-09-09T20:38:22.4576443Z     |           ---------- associated function in this implementation
2026-09-09T20:38:22.4576785Z ...
2026-09-09T20:38:22.4577060Z 155 |               pub(crate) fn from_core_id(id: ControlId) -> Self {
2026-09-09T20:38:22.4577418Z     |                             ^^^^^^^^^^^^
2026-09-09T20:38:22.4577699Z ...
2026-09-09T20:38:22.4577899Z 194 | / opaque_control_ref!(
2026-09-09T20:38:22.4578159Z 195 | |     EffectRef,
2026-09-09T20:38:22.4578543Z 196 | |     "Referencia a un efecto concreto; identificarlo no equivale a autorizarlo."
2026-09-09T20:38:22.4578961Z 197 | | );
2026-09-09T20:38:22.4579185Z     | |_- in this macro invocation
2026-09-09T20:38:22.4579454Z     |
2026-09-09T20:38:22.4579946Z     = note: this warning originates in the macro `opaque_control_ref` (in Nightly builds, run with -Z macro-backtrace for more info)
2026-09-09T20:38:22.4580403Z 
2026-09-09T20:38:22.4580571Z warning: associated function `from_core_id` is never used
2026-09-09T20:38:22.4580919Z    --> sv_core/src/control.rs:155:27
2026-09-09T20:38:22.4581376Z     |
2026-09-09T20:38:22.4581580Z 141 |           impl $name {
2026-09-09T20:38:22.4581896Z     |           ---------- associated function in this implementation
2026-09-09T20:38:22.4582227Z ...
2026-09-09T20:38:22.4582500Z 155 |               pub(crate) fn from_core_id(id: ControlId) -> Self {
2026-09-09T20:38:22.4582850Z     |                             ^^^^^^^^^^^^
2026-09-09T20:38:22.4583134Z ...
2026-09-09T20:38:22.4583341Z 198 | / opaque_control_ref!(
2026-09-09T20:38:22.4583609Z 199 | |     ContextRef,
2026-09-09T20:38:22.4583980Z 200 | |     "Referencia a una ligadura de contexto relevante para autoridad o forma."
2026-09-09T20:38:22.4584393Z 201 | | );
2026-09-09T20:38:22.4584616Z     | |_- in this macro invocation
2026-09-09T20:38:22.4584882Z     |
2026-09-09T20:38:22.4585361Z     = note: this warning originates in the macro `opaque_control_ref` (in Nightly builds, run with -Z macro-backtrace for more info)
2026-09-09T20:38:22.4585806Z 
2026-09-09T20:38:22.4585973Z warning: associated function `from_core_id` is never used
2026-09-09T20:38:22.4586326Z    --> sv_core/src/control.rs:155:27
2026-09-09T20:38:22.4586588Z     |
2026-09-09T20:38:22.4586795Z 141 |           impl $name {
2026-09-09T20:38:22.4587097Z     |           ---------- associated function in this implementation
2026-09-09T20:38:22.4587433Z ...
2026-09-09T20:38:22.4587694Z 155 |               pub(crate) fn from_core_id(id: ControlId) -> Self {
2026-09-09T20:38:22.4588046Z     |                             ^^^^^^^^^^^^
2026-09-09T20:38:22.4588315Z ...
2026-09-09T20:38:22.4588522Z 202 | / opaque_control_ref!(
2026-09-09T20:38:22.4588792Z 203 | |     AuthorityHolderRef,
2026-09-09T20:38:22.4589303Z 204 | |     "Referencia al titular de una autoridad; no constituye autoridad por sí misma."
2026-09-09T20:38:22.4589748Z 205 | | );
2026-09-09T20:38:22.4589962Z     | |_- in this macro invocation
2026-09-09T20:38:22.4590229Z     |
2026-09-09T20:38:22.4590705Z     = note: this warning originates in the macro `opaque_control_ref` (in Nightly builds, run with -Z macro-backtrace for more info)
2026-09-09T20:38:22.4591371Z 
2026-09-09T20:38:22.4591531Z warning: associated function `from_core_id` is never used
2026-09-09T20:38:22.4591876Z    --> sv_core/src/control.rs:155:27
2026-09-09T20:38:22.4592147Z     |
2026-09-09T20:38:22.4592348Z 141 |           impl $name {
2026-09-09T20:38:22.4592656Z     |           ---------- associated function in this implementation
2026-09-09T20:38:22.4593134Z ...
2026-09-09T20:38:22.4593399Z 155 |               pub(crate) fn from_core_id(id: ControlId) -> Self {
2026-09-09T20:38:22.4593746Z     |                             ^^^^^^^^^^^^
2026-09-09T20:38:22.4594021Z ...
2026-09-09T20:38:22.4594227Z 206 | / opaque_control_ref!(
2026-09-09T20:38:22.4594481Z 207 | |     GovernedObjectRef,
2026-09-09T20:38:22.4594865Z 208 | |     "Referencia a un objeto candidato a pertenecer al dominio gobernado D_a."
2026-09-09T20:38:22.4595254Z 209 | | );
2026-09-09T20:38:22.4595473Z     | |_- in this macro invocation
2026-09-09T20:38:22.4595880Z     |
2026-09-09T20:38:22.4596347Z     = note: this warning originates in the macro `opaque_control_ref` (in Nightly builds, run with -Z macro-backtrace for more info)
2026-09-09T20:38:22.4596781Z 
2026-09-09T20:38:22.4596930Z warning: associated function `from_core_id` is never used
2026-09-09T20:38:22.4597273Z    --> sv_core/src/control.rs:155:27
2026-09-09T20:38:22.4597538Z     |
2026-09-09T20:38:22.4597759Z 141 |           impl $name {
2026-09-09T20:38:22.4598087Z     |           ---------- associated function in this implementation
2026-09-09T20:38:22.4598424Z ...
2026-09-09T20:38:22.4598701Z 155 |               pub(crate) fn from_core_id(id: ControlId) -> Self {
2026-09-09T20:38:22.4599076Z     |                             ^^^^^^^^^^^^
2026-09-09T20:38:22.4599353Z ...
2026-09-09T20:38:22.4599565Z 210 | / opaque_control_ref!(
2026-09-09T20:38:22.4599838Z 211 | |     AccumulationRuleRef,
2026-09-09T20:38:22.4600354Z 212 | |     "Referencia a una regla gobernada de acumulación o a un predicado de traza."
2026-09-09T20:38:22.4600784Z 213 | | );
2026-09-09T20:38:22.4601010Z     | |_- in this macro invocation
2026-09-09T20:38:22.4601502Z     |
2026-09-09T20:38:22.4602008Z     = note: this warning originates in the macro `opaque_control_ref` (in Nightly builds, run with -Z macro-backtrace for more info)
2026-09-09T20:38:22.4602475Z 
2026-09-09T20:38:22.4602642Z warning: associated function `from_core_id` is never used
2026-09-09T20:38:22.4603005Z    --> sv_core/src/control.rs:155:27
2026-09-09T20:38:22.4603281Z     |
2026-09-09T20:38:22.4603486Z 141 |           impl $name {
2026-09-09T20:38:22.4603896Z     |           ---------- associated function in this implementation
2026-09-09T20:38:22.4604234Z ...
2026-09-09T20:38:22.4604500Z 155 |               pub(crate) fn from_core_id(id: ControlId) -> Self {
2026-09-09T20:38:22.4604869Z     |                             ^^^^^^^^^^^^
2026-09-09T20:38:22.4605140Z ...
2026-09-09T20:38:22.4605351Z 214 | / opaque_control_ref!(
2026-09-09T20:38:22.4605617Z 215 | |     RequirementRef,
2026-09-09T20:38:22.4606155Z 216 | |     "Referencia a una obligación de Req; identificarla no acredita su cumplimiento."
2026-09-09T20:38:22.4606616Z 217 | | );
2026-09-09T20:38:22.4606851Z     | |_- in this macro invocation
2026-09-09T20:38:22.4607116Z     |
2026-09-09T20:38:22.4607618Z     = note: this warning originates in the macro `opaque_control_ref` (in Nightly builds, run with -Z macro-backtrace for more info)
2026-09-09T20:38:22.4608087Z 
2026-09-09T20:38:22.4608257Z warning: associated function `from_core_id` is never used
2026-09-09T20:38:22.4608614Z    --> sv_core/src/control.rs:155:27
2026-09-09T20:38:22.4608887Z     |
2026-09-09T20:38:22.4609091Z 141 |           impl $name {
2026-09-09T20:38:22.4609403Z     |           ---------- associated function in this implementation
2026-09-09T20:38:22.4609731Z ...
2026-09-09T20:38:22.4610002Z 155 |               pub(crate) fn from_core_id(id: ControlId) -> Self {
2026-09-09T20:38:22.4610352Z     |                             ^^^^^^^^^^^^
2026-09-09T20:38:22.4610639Z ...
2026-09-09T20:38:22.4610847Z 218 | / opaque_control_ref!(
2026-09-09T20:38:22.4611303Z 219 | |     VerifierRef,
2026-09-09T20:38:22.4611758Z 220 | |     "Referencia a un verificador concreto; su mera existencia no acredita aplicabilidad."
2026-09-09T20:38:22.4612215Z 221 | | );
2026-09-09T20:38:22.4612429Z     | |_- in this macro invocation
2026-09-09T20:38:22.4612693Z     |
2026-09-09T20:38:22.4613323Z     = note: this warning originates in the macro `opaque_control_ref` (in Nightly builds, run with -Z macro-backtrace for more info)
2026-09-09T20:38:22.4613792Z 
2026-09-09T20:38:22.4613961Z warning: associated function `from_core_id` is never used
2026-09-09T20:38:22.4614312Z    --> sv_core/src/control.rs:155:27
2026-09-09T20:38:22.4614585Z     |
2026-09-09T20:38:22.4614787Z 141 |           impl $name {
2026-09-09T20:38:22.4615108Z     |           ---------- associated function in this implementation
2026-09-09T20:38:22.4615439Z ...
2026-09-09T20:38:22.4615842Z 155 |               pub(crate) fn from_core_id(id: ControlId) -> Self {
2026-09-09T20:38:22.4616200Z     |                             ^^^^^^^^^^^^
2026-09-09T20:38:22.4616473Z ...
2026-09-09T20:38:22.4616681Z 222 | / opaque_control_ref!(
2026-09-09T20:38:22.4616942Z 223 | |     VerifierFamilyRef,
2026-09-09T20:38:22.4617432Z 224 | |     "Referencia a una familia de verificadores admisibles para una obligación."
2026-09-09T20:38:22.4617855Z 225 | | );
2026-09-09T20:38:22.4618077Z     | |_- in this macro invocation
2026-09-09T20:38:22.4618338Z     |
2026-09-09T20:38:22.4618825Z     = note: this warning originates in the macro `opaque_control_ref` (in Nightly builds, run with -Z macro-backtrace for more info)
2026-09-09T20:38:22.4619273Z 
2026-09-09T20:38:22.4619429Z warning: associated function `from_core_id` is never used
2026-09-09T20:38:22.4619779Z    --> sv_core/src/control.rs:155:27
2026-09-09T20:38:22.4620041Z     |
2026-09-09T20:38:22.4620248Z 141 |           impl $name {
2026-09-09T20:38:22.4620557Z     |           ---------- associated function in this implementation
2026-09-09T20:38:22.4620890Z ...
2026-09-09T20:38:22.4621285Z 155 |               pub(crate) fn from_core_id(id: ControlId) -> Self {
2026-09-09T20:38:22.4621650Z     |                             ^^^^^^^^^^^^
2026-09-09T20:38:22.4621919Z ...
2026-09-09T20:38:22.4622130Z 226 | / opaque_control_ref!(
2026-09-09T20:38:22.4622398Z 227 | |     ApplicabilityRuleRef,
2026-09-09T20:38:22.4622934Z 228 | |     "Referencia a una regla previamente constituida de aplicabilidad de comprobación."
2026-09-09T20:38:22.4623377Z 229 | | );
2026-09-09T20:38:22.4623592Z     | |_- in this macro invocation
2026-09-09T20:38:22.4623854Z     |
2026-09-09T20:38:22.4624323Z     = note: this warning originates in the macro `opaque_control_ref` (in Nightly builds, run with -Z macro-backtrace for more info)
2026-09-09T20:38:22.4624770Z 
2026-09-09T20:38:22.4624927Z warning: associated function `from_core_id` is never used
2026-09-09T20:38:22.4625281Z    --> sv_core/src/control.rs:155:27
2026-09-09T20:38:22.4625551Z     |
2026-09-09T20:38:22.4625750Z 141 |           impl $name {
2026-09-09T20:38:22.4626056Z     |           ---------- associated function in this implementation
2026-09-09T20:38:22.4626379Z ...
2026-09-09T20:38:22.4626646Z 155 |               pub(crate) fn from_core_id(id: ControlId) -> Self {
2026-09-09T20:38:22.4626992Z     |                             ^^^^^^^^^^^^
2026-09-09T20:38:22.4627278Z ...
2026-09-09T20:38:22.4627476Z 230 | / opaque_control_ref!(
2026-09-09T20:38:22.4627746Z 231 | |     ConflictResolutionRuleRef,
2026-09-09T20:38:22.4628340Z 232 | |     "Referencia a una regla previamente constituida de resolución de conflicto entre comprobaciones."
2026-09-09T20:38:22.4628830Z 233 | | );
2026-09-09T20:38:22.4629040Z     | |_- in this macro invocation
2026-09-09T20:38:22.4629302Z     |
2026-09-09T20:38:22.4629760Z     = note: this warning originates in the macro `opaque_control_ref` (in Nightly builds, run with -Z macro-backtrace for more info)
2026-09-09T20:38:22.4630216Z 
2026-09-09T20:38:22.4630375Z warning: associated function `from_core_id` is never used
2026-09-09T20:38:22.4630721Z    --> sv_core/src/control.rs:155:27
2026-09-09T20:38:22.4630977Z     |
2026-09-09T20:38:22.4631296Z 141 |           impl $name {
2026-09-09T20:38:22.4631590Z     |           ---------- associated function in this implementation
2026-09-09T20:38:22.4631917Z ...
2026-09-09T20:38:22.4632323Z 155 |               pub(crate) fn from_core_id(id: ControlId) -> Self {
2026-09-09T20:38:22.4632676Z     |                             ^^^^^^^^^^^^
2026-09-09T20:38:22.4632944Z ...
2026-09-09T20:38:22.4633143Z 234 | / opaque_control_ref!(
2026-09-09T20:38:22.4633393Z 235 | |     CoverageRuleRef,
2026-09-09T20:38:22.4633822Z 236 | |     "Referencia a una regla previamente constituida de cobertura de comprobaciones exigibles."
2026-09-09T20:38:22.4634288Z 237 | | );
2026-09-09T20:38:22.4634502Z     | |_- in this macro invocation
2026-09-09T20:38:22.4634761Z     |
2026-09-09T20:38:22.4635388Z     = note: this warning originates in the macro `opaque_control_ref` (in Nightly builds, run with -Z macro-backtrace for more info)
2026-09-09T20:38:22.4635877Z 
2026-09-09T20:38:22.4636048Z warning: associated function `from_core_id` is never used
2026-09-09T20:38:22.4636394Z    --> sv_core/src/control.rs:155:27
2026-09-09T20:38:22.4636661Z     |
2026-09-09T20:38:22.4636861Z 141 |           impl $name {
2026-09-09T20:38:22.4637179Z     |           ---------- associated function in this implementation
2026-09-09T20:38:22.4637505Z ...
2026-09-09T20:38:22.4637790Z 155 |               pub(crate) fn from_core_id(id: ControlId) -> Self {
2026-09-09T20:38:22.4638157Z     |                             ^^^^^^^^^^^^
2026-09-09T20:38:22.4638449Z ...
2026-09-09T20:38:22.4638668Z 238 | / opaque_control_ref!(
2026-09-09T20:38:22.4638926Z 239 | |     ReuseRuleRef,
2026-09-09T20:38:22.4639485Z 240 | |     "Referencia a una regla previamente constituida de reutilización de resultados cualificados."
2026-09-09T20:38:22.4639964Z 241 | | );
2026-09-09T20:38:22.4640187Z     | |_- in this macro invocation
2026-09-09T20:38:22.4640447Z     |
2026-09-09T20:38:22.4640941Z     = note: this warning originates in the macro `opaque_control_ref` (in Nightly builds, run with -Z macro-backtrace for more info)
2026-09-09T20:38:22.4641640Z 
2026-09-09T20:38:22.4641815Z warning: associated function `from_core_id` is never used
2026-09-09T20:38:22.4642190Z    --> sv_core/src/control.rs:155:27
2026-09-09T20:38:22.4642462Z     |
2026-09-09T20:38:22.4642676Z 141 |           impl $name {
2026-09-09T20:38:22.4642988Z     |           ---------- associated function in this implementation
2026-09-09T20:38:22.4643323Z ...
2026-09-09T20:38:22.4643591Z 155 |               pub(crate) fn from_core_id(id: ControlId) -> Self {
2026-09-09T20:38:22.4643958Z     |                             ^^^^^^^^^^^^
2026-09-09T20:38:22.4644232Z ...
2026-09-09T20:38:22.4644447Z 242 | / opaque_control_ref!(
2026-09-09T20:38:22.4644700Z 243 | |     ReuseBindingKeyRef,
2026-09-09T20:38:22.4645329Z 244 | |     "Referencia a una dimensión constituida cuya continuidad puede ser exigible para reutilizar un resultado."
2026-09-09T20:38:22.4645836Z 245 | | );
2026-09-09T20:38:22.4646069Z     | |_- in this macro invocation
2026-09-09T20:38:22.4646328Z     |
2026-09-09T20:38:22.4646823Z     = note: this warning originates in the macro `opaque_control_ref` (in Nightly builds, run with -Z macro-backtrace for more info)
2026-09-09T20:38:22.4647275Z 
2026-09-09T20:38:22.4647437Z warning: associated function `from_core_id` is never used
2026-09-09T20:38:22.4647783Z    --> sv_core/src/control.rs:155:27
2026-09-09T20:38:22.4648054Z     |
2026-09-09T20:38:22.4648256Z 141 |           impl $name {
2026-09-09T20:38:22.4648564Z     |           ---------- associated function in this implementation
2026-09-09T20:38:22.4648893Z ...
2026-09-09T20:38:22.4649162Z 155 |               pub(crate) fn from_core_id(id: ControlId) -> Self {
2026-09-09T20:38:22.4649509Z     |                             ^^^^^^^^^^^^
2026-09-09T20:38:22.4649793Z ...
2026-09-09T20:38:22.4649992Z 246 | / opaque_control_ref!(
2026-09-09T20:38:22.4650255Z 247 | |     ReuseBindingValueRef,
2026-09-09T20:38:22.4650863Z 248 | |     "Referencia al valor constituido de una dimensión de reutilización; identificarlo no acredita su vigencia."
2026-09-09T20:38:22.4651498Z 249 | | );
2026-09-09T20:38:22.4651717Z     | |_- in this macro invocation
2026-09-09T20:38:22.4652146Z     |
2026-09-09T20:38:22.4652618Z     = note: this warning originates in the macro `opaque_control_ref` (in Nightly builds, run with -Z macro-backtrace for more info)
2026-09-09T20:38:22.4653070Z 
2026-09-09T20:38:22.4653206Z warning: function `compile_svp` is never used
2026-09-09T20:38:22.4653526Z    --> sv_core/src/frontend.rs:803:8
2026-09-09T20:38:22.4653792Z     |
2026-09-09T20:38:22.4654174Z 803 | pub fn compile_svp(source: &str, source_file: &str) -> Result<IrProgram, FrontendError> {
2026-09-09T20:38:22.4654608Z     |        ^^^^^^^^^^^
2026-09-09T20:38:22.4654890Z 
2026-09-09T20:38:22.4655061Z warning: function `compile_svp_with_profile` is never used
2026-09-09T20:38:22.4655416Z    --> sv_core/src/frontend.rs:807:8
2026-09-09T20:38:22.4655680Z     |
2026-09-09T20:38:22.4655896Z 807 | pub fn compile_svp_with_profile(
2026-09-09T20:38:22.4656180Z     |        ^^^^^^^^^^^^^^^^^^^^^^^^
2026-09-09T20:38:22.4656353Z 
2026-09-09T20:38:22.4656475Z warning: constant `PROFILE_ID` is never used
2026-09-09T20:38:22.4656812Z  --> sv_core/src/identifier_profile.rs:6:18
2026-09-09T20:38:22.4657098Z   |
2026-09-09T20:38:22.4657411Z 6 | pub(crate) const PROFILE_ID: &str = "svp-grammar-0.2-lex-es-1";
2026-09-09T20:38:22.4657778Z   |                  ^^^^^^^^^^
2026-09-09T20:38:22.4657956Z 
2026-09-09T20:38:22.4658113Z warning: function `is_reserved_word` is never used
2026-09-09T20:38:22.4658508Z   --> sv_core/src/identifier_profile.rs:22:15
2026-09-09T20:38:22.4658807Z    |
2026-09-09T20:38:22.4659069Z 22 | pub(crate) fn is_reserved_word(word: &str) -> bool {
2026-09-09T20:38:22.4659416Z    |               ^^^^^^^^^^^^^^^^
2026-09-09T20:38:22.4659587Z 
2026-09-09T20:38:22.4659726Z warning: method `matches_descriptor` is never used
2026-09-09T20:38:22.4660067Z    --> sv_core/src/requirements_reuse.rs:121:19
2026-09-09T20:38:22.4660374Z     |
2026-09-09T20:38:22.4660584Z  44 | impl ReuseRule {
2026-09-09T20:38:22.4660865Z     | -------------- method in this implementation
2026-09-09T20:38:22.4661263Z ...
2026-09-09T20:38:22.4661647Z 121 |     pub(crate) fn matches_descriptor(&self, descriptor: &RequirementDescriptor) -> bool {
2026-09-09T20:38:22.4662100Z     |                   ^^^^^^^^^^^^^^^^^^
2026-09-09T20:38:22.4662289Z 
2026-09-09T20:38:22.4662469Z warning: hiding a lifetime that's elided elsewhere is confusing
2026-09-09T20:38:22.4662834Z     --> sv_core/src/frontend.rs:2161:13
2026-09-09T20:38:22.4663121Z      |
2026-09-09T20:38:22.4663352Z 2161 |     fn peek(&self) -> &Token {
2026-09-09T20:38:22.4663626Z      |             ^^^^^     ^^^^^^
2026-09-09T20:38:22.4663894Z      |             |         ||
2026-09-09T20:38:22.4664182Z      |             |         |the same lifetime is hidden here
2026-09-09T20:38:22.4664547Z      |             |         the same lifetime is elided here
2026-09-09T20:38:22.4664871Z      |             the lifetime is elided here
2026-09-09T20:38:22.4665164Z      |
2026-09-09T20:38:22.4665549Z      = help: the same lifetime is referred to in inconsistent ways, making the signature confusing
2026-09-09T20:38:22.4666069Z      = note: `#[warn(mismatched_lifetime_syntaxes)]` on by default
2026-09-09T20:38:22.4666424Z help: use `'_` for type paths
2026-09-09T20:38:22.4666666Z      |
2026-09-09T20:38:22.4666888Z 2161 |     fn peek(&self) -> &Token<'_> {
2026-09-09T20:38:22.4667174Z      |                             ++++
2026-09-09T20:38:22.4667350Z 
2026-09-09T20:38:22.4667646Z warning: `sv_core` (lib) generated 27 warnings (run `cargo fix --lib -p sv_core` to apply 1 suggestion)
2026-09-09T20:38:22.4668364Z     Checking sv_wasm v0.1.0 (/home/runner/work/SV-lenguaje-de-computacion/SV-lenguaje-de-computacion/rust/sv_wasm)
2026-09-09T20:38:22.4946560Z     Finished `dev` profile [unoptimized + debuginfo] target(s) in 0.05s
2026-09-09T20:38:22.5066024Z Node 20 is being deprecated. This workflow is running with Node 24 by default. If you need to temporarily use Node 20, you can set the ACTIONS_ALLOW_USE_UNSECURE_NODE_VERSION=true environment variable. For more information see: https://github.blog/changelog/2025-09-19-deprecation-of-node-20-on-github-actions-runners/
2026-09-09T20:38:22.5067264Z Post job cleanup.
2026-09-09T20:38:22.5959678Z [command]/usr/bin/git version
2026-09-09T20:38:22.6003728Z git version 2.55.0
2026-09-09T20:38:22.6039120Z Temporarily overriding HOME='/home/runner/work/_temp/d9cf7e73-b35e-4628-8822-d11b5fef24a1' before making global git config changes
2026-09-09T20:38:22.6040435Z Adding repository directory to the temporary git global config as a safe directory
2026-09-09T20:38:22.6045575Z [command]/usr/bin/git config --global --add safe.directory /home/runner/work/SV-lenguaje-de-computacion/SV-lenguaje-de-computacion
2026-09-09T20:38:22.6086782Z [command]/usr/bin/git config --local --name-only --get-regexp core\.sshCommand
2026-09-09T20:38:22.6125008Z [command]/usr/bin/git submodule foreach --recursive sh -c "git config --local --name-only --get-regexp 'core\.sshCommand' && git config --local --unset-all 'core.sshCommand' || :"
2026-09-09T20:38:22.6427240Z [command]/usr/bin/git config --local --name-only --get-regexp http\.https\:\/\/github\.com\/\.extraheader
2026-09-09T20:38:22.6468361Z http.https://github.com/.extraheader
2026-09-09T20:38:22.6484028Z [command]/usr/bin/git config --local --unset-all http.https://github.com/.extraheader
2026-09-09T20:38:22.6528733Z [command]/usr/bin/git submodule foreach --recursive sh -c "git config --local --name-only --get-regexp 'http\.https\:\/\/github\.com\/\.extraheader' && git config --local --unset-all 'http.https://github.com/.extraheader' || :"
2026-09-09T20:38:22.6851011Z [command]/usr/bin/git config --local --name-only --get-regexp ^includeIf\.gitdir:
2026-09-09T20:38:22.6953897Z [command]/usr/bin/git submodule foreach --recursive git config --local --show-origin --name-only --get-regexp remote.origin.url
2026-09-09T20:38:22.7365002Z Cleaning up orphan processes
2026-09-09T20:38:22.7709040Z ##[warning]Node.js 20 is deprecated. The following actions target Node.js 20 but are being forced to run on Node.js 24: actions/checkout@v4, actions/upload-artifact@v4. For more information see: https://github.blog/changelog/2025-09-19-deprecation-of-node-20-on-github-actions-runners/
