2026-09-09T20:37:02.8432941Z Current runner version: '2.337.0'
2026-09-09T20:37:02.8459656Z ##[group]Runner Image Provisioner
2026-09-09T20:37:02.8460482Z Hosted Compute Agent
2026-09-09T20:37:02.8461212Z Version: 20260828.587
2026-09-09T20:37:02.8461861Z Commit: abac92662cab4cc7352de4f9f9d2e2419aad9c29
2026-09-09T20:37:02.8463051Z Build Date: 2026-08-28T16:44:25Z
2026-09-09T20:37:02.8463841Z Worker ID: {7b05356f-9e27-4c33-839d-d6a97ad1fa64}
2026-09-09T20:37:02.8464558Z Azure Region: eastus2
2026-09-09T20:37:02.8465296Z ##[endgroup]
2026-09-09T20:37:02.8466831Z ##[group]Operating System
2026-09-09T20:37:02.8467542Z Ubuntu
2026-09-09T20:37:02.8468085Z 24.04.5
2026-09-09T20:37:02.8468590Z LTS
2026-09-09T20:37:02.8469186Z ##[endgroup]
2026-09-09T20:37:02.8469912Z ##[group]Runner Image
2026-09-09T20:37:02.8470889Z Image: ubuntu-24.04
2026-09-09T20:37:02.8471900Z Version: 20260907.300.1
2026-09-09T20:37:02.8474073Z Included Software: https://github.com/actions/runner-images/blob/ubuntu24/20260907.300/images/ubuntu/Ubuntu2404-Readme.md
2026-09-09T20:37:02.8475962Z Image Release: https://github.com/actions/runner-images/releases/tag/ubuntu24%2F20260907.300
2026-09-09T20:37:02.8476923Z ##[endgroup]
2026-09-09T20:37:02.8478265Z ##[group]GITHUB_TOKEN Permissions
2026-09-09T20:37:02.8480432Z Contents: read
2026-09-09T20:37:02.8481200Z Metadata: read
2026-09-09T20:37:02.8481831Z ##[endgroup]
2026-09-09T20:37:02.8484413Z Secret source: Actions
2026-09-09T20:37:02.8485371Z Cache mode: write
2026-09-09T20:37:02.8486460Z Prepare workflow directory
2026-09-09T20:37:02.8824185Z Prepare all required actions
2026-09-09T20:37:02.8873018Z Getting action download info
2026-09-09T20:37:03.1159365Z Download action repository 'actions/checkout@v4' (SHA:11d5960a326750d5838078e36cf38b85af677262)
2026-09-09T20:37:03.2214844Z Download action repository 'actions/upload-artifact@v4' (SHA:ea165f8d65b6e75b540449e92b4886f43607fa02)
2026-09-09T20:37:03.4313605Z Complete job name: three-way-parity
2026-09-09T20:37:03.5228530Z Node 20 is being deprecated. This workflow is running with Node 24 by default. If you need to temporarily use Node 20, you can set the ACTIONS_ALLOW_USE_UNSECURE_NODE_VERSION=true environment variable. For more information see: https://github.blog/changelog/2025-09-19-deprecation-of-node-20-on-github-actions-runners/
2026-09-09T20:37:03.5237543Z ##[group]Run actions/checkout@v4
2026-09-09T20:37:03.5238278Z with:
2026-09-09T20:37:03.5238704Z   fetch-depth: 2
2026-09-09T20:37:03.5239283Z   repository: juantoniolloretegea/SV-lenguaje-de-computacion
2026-09-09T20:37:03.5243793Z   token: ***
2026-09-09T20:37:03.5244243Z   ssh-strict: true
2026-09-09T20:37:03.5244668Z   ssh-user: git
2026-09-09T20:37:03.5245108Z   persist-credentials: true
2026-09-09T20:37:03.5245742Z   clean: true
2026-09-09T20:37:03.5246338Z   sparse-checkout-cone-mode: true
2026-09-09T20:37:03.5246859Z   fetch-tags: false
2026-09-09T20:37:03.5247300Z   show-progress: true
2026-09-09T20:37:03.5247750Z   lfs: false
2026-09-09T20:37:03.5248192Z   submodules: false
2026-09-09T20:37:03.5248630Z   set-safe-directory: true
2026-09-09T20:37:03.5249126Z   allow-unsafe-pr-checkout: false
2026-09-09T20:37:03.5250008Z ##[endgroup]
2026-09-09T20:37:03.6298101Z Syncing repository: juantoniolloretegea/SV-lenguaje-de-computacion
2026-09-09T20:37:03.6300057Z ##[group]Getting Git version info
2026-09-09T20:37:03.6301385Z Working directory is '/home/runner/work/SV-lenguaje-de-computacion/SV-lenguaje-de-computacion'
2026-09-09T20:37:03.6302879Z [command]/usr/bin/git version
2026-09-09T20:37:03.6359702Z git version 2.55.0
2026-09-09T20:37:03.6383980Z ##[endgroup]
2026-09-09T20:37:03.6400808Z Temporarily overriding HOME='/home/runner/work/_temp/a180aba1-031d-4602-9e3c-e29909b8f556' before making global git config changes
2026-09-09T20:37:03.6402892Z Adding repository directory to the temporary git global config as a safe directory
2026-09-09T20:37:03.6425816Z [command]/usr/bin/git config --global --add safe.directory /home/runner/work/SV-lenguaje-de-computacion/SV-lenguaje-de-computacion
2026-09-09T20:37:03.6483841Z Deleting the contents of '/home/runner/work/SV-lenguaje-de-computacion/SV-lenguaje-de-computacion'
2026-09-09T20:37:03.6493711Z ##[group]Initializing the repository
2026-09-09T20:37:03.6503893Z [command]/usr/bin/git init /home/runner/work/SV-lenguaje-de-computacion/SV-lenguaje-de-computacion
2026-09-09T20:37:03.6606880Z hint: Using 'master' as the name for the initial branch. This default branch name
2026-09-09T20:37:03.6608556Z hint: will change to "main" in Git 3.0. To configure the initial branch name
2026-09-09T20:37:03.6610055Z hint: to use in all of your new repositories, which will suppress this warning,
2026-09-09T20:37:03.6611300Z hint: call:
2026-09-09T20:37:03.6612015Z hint:
2026-09-09T20:37:03.6613082Z hint: 	git config --global init.defaultBranch <name>
2026-09-09T20:37:03.6614066Z hint:
2026-09-09T20:37:03.6614985Z hint: Names commonly chosen instead of 'master' are 'main', 'trunk' and
2026-09-09T20:37:03.6616606Z hint: 'development'. The just-created branch can be renamed via this command:
2026-09-09T20:37:03.6617903Z hint:
2026-09-09T20:37:03.6618611Z hint: 	git branch -m <name>
2026-09-09T20:37:03.6619430Z hint:
2026-09-09T20:37:03.6620508Z hint: Disable this message with "git config set advice.defaultBranchName false"
2026-09-09T20:37:03.6622835Z Initialized empty Git repository in /home/runner/work/SV-lenguaje-de-computacion/SV-lenguaje-de-computacion/.git/
2026-09-09T20:37:03.6626354Z [command]/usr/bin/git remote add origin https://github.com/juantoniolloretegea/SV-lenguaje-de-computacion
2026-09-09T20:37:03.6673247Z ##[endgroup]
2026-09-09T20:37:03.6674438Z ##[group]Disabling automatic garbage collection
2026-09-09T20:37:03.6678122Z [command]/usr/bin/git config --local gc.auto 0
2026-09-09T20:37:03.6710536Z ##[endgroup]
2026-09-09T20:37:03.6711740Z ##[group]Setting up auth
2026-09-09T20:37:03.6719802Z [command]/usr/bin/git config --local --name-only --get-regexp core\.sshCommand
2026-09-09T20:37:03.6756438Z [command]/usr/bin/git submodule foreach --recursive sh -c "git config --local --name-only --get-regexp 'core\.sshCommand' && git config --local --unset-all 'core.sshCommand' || :"
2026-09-09T20:37:03.7134159Z [command]/usr/bin/git config --local --name-only --get-regexp http\.https\:\/\/github\.com\/\.extraheader
2026-09-09T20:37:03.7165299Z [command]/usr/bin/git submodule foreach --recursive sh -c "git config --local --name-only --get-regexp 'http\.https\:\/\/github\.com\/\.extraheader' && git config --local --unset-all 'http.https://github.com/.extraheader' || :"
2026-09-09T20:37:03.7406019Z [command]/usr/bin/git config --local --name-only --get-regexp ^includeIf\.gitdir:
2026-09-09T20:37:03.7445100Z [command]/usr/bin/git submodule foreach --recursive git config --local --show-origin --name-only --get-regexp remote.origin.url
2026-09-09T20:37:03.7671225Z [command]/usr/bin/git config --local http.https://github.com/.extraheader AUTHORIZATION: basic ***
2026-09-09T20:37:03.7715132Z ##[endgroup]
2026-09-09T20:37:03.7716161Z ##[group]Fetching the repository
2026-09-09T20:37:03.7725190Z [command]/usr/bin/git -c protocol.version=2 fetch --no-tags --prune --no-recurse-submodules --depth=2 origin +049563bc815a7a133e4fb83ccc2382da26851ee2:refs/remotes/pull/89/merge
2026-09-09T20:37:04.2580433Z From https://github.com/juantoniolloretegea/SV-lenguaje-de-computacion
2026-09-09T20:37:04.2605018Z  * [new ref]         049563bc815a7a133e4fb83ccc2382da26851ee2 -> pull/89/merge
2026-09-09T20:37:04.2608488Z ##[endgroup]
2026-09-09T20:37:04.2609844Z ##[group]Determining the checkout info
2026-09-09T20:37:04.2611382Z ##[endgroup]
2026-09-09T20:37:04.2612358Z [command]/usr/bin/git sparse-checkout disable
2026-09-09T20:37:04.2664955Z [command]/usr/bin/git config --local --unset-all extensions.worktreeConfig
2026-09-09T20:37:04.2703019Z ##[group]Checking out the ref
2026-09-09T20:37:04.2706259Z [command]/usr/bin/git checkout --progress --force refs/remotes/pull/89/merge
2026-09-09T20:37:04.3224811Z Note: switching to 'refs/remotes/pull/89/merge'.
2026-09-09T20:37:04.3226381Z 
2026-09-09T20:37:04.3227575Z You are in 'detached HEAD' state. You can look around, make experimental
2026-09-09T20:37:04.3230452Z changes and commit them, and you can discard any commits you make in this
2026-09-09T20:37:04.3233213Z state without impacting any branches by switching back to a branch.
2026-09-09T20:37:04.3234119Z 
2026-09-09T20:37:04.3234780Z If you want to create a new branch to retain commits you create, you may
2026-09-09T20:37:04.3236323Z do so (now or later) by using -c with the switch command. Example:
2026-09-09T20:37:04.3237626Z 
2026-09-09T20:37:04.3238360Z   git switch -c <new-branch-name>
2026-09-09T20:37:04.3238987Z 
2026-09-09T20:37:04.3239426Z Or undo this operation with:
2026-09-09T20:37:04.3239973Z 
2026-09-09T20:37:04.3240296Z   git switch -
2026-09-09T20:37:04.3240819Z 
2026-09-09T20:37:04.3241611Z Turn off this advice by setting config variable advice.detachedHead to false
2026-09-09T20:37:04.3242840Z 
2026-09-09T20:37:04.3243939Z HEAD is now at 049563b Merge b7636296f2c75715691464df83a030d006a2f054 into 73c738348a9493a459744c62b8ade382ff595af5
2026-09-09T20:37:04.3247510Z ##[endgroup]
2026-09-09T20:37:04.3285451Z [command]/usr/bin/git log -1 --format=%H
2026-09-09T20:37:04.3314160Z 049563bc815a7a133e4fb83ccc2382da26851ee2
2026-09-09T20:37:04.3571745Z ##[group]Run rustup toolchain install 1.98.0 --profile minimal
2026-09-09T20:37:04.3573877Z [36;1mrustup toolchain install 1.98.0 --profile minimal[0m
2026-09-09T20:37:04.3575427Z [36;1mrustup default 1.98.0[0m
2026-09-09T20:37:04.3576858Z [36;1mrustup target add wasm32-wasip1 --toolchain 1.98.0[0m
2026-09-09T20:37:04.3578728Z [36;1mrustup target add wasm32-unknown-unknown --toolchain 1.98.0[0m
2026-09-09T20:37:04.3580357Z [36;1mrustc --version[0m
2026-09-09T20:37:04.3581468Z [36;1mcargo --version[0m
2026-09-09T20:37:04.3623363Z shell: /usr/bin/bash -e {0}
2026-09-09T20:37:04.3624573Z ##[endgroup]
2026-09-09T20:37:04.4714151Z info: syncing channel updates for 1.98.0-x86_64-unknown-linux-gnu
2026-09-09T20:37:04.7796186Z info: latest update on 2026-08-20 for version 1.98.0 (88d9e12ae 2026-08-18)
2026-09-09T20:37:04.7796877Z info: downloading 3 components
2026-09-09T20:37:12.1358520Z 
2026-09-09T20:37:12.1430074Z   1.98.0-x86_64-unknown-linux-gnu installed - rustc 1.98.0 (88d9e12ae 2026-08-18)
2026-09-09T20:37:12.1430811Z 
2026-09-09T20:37:12.1520376Z info: using existing install for 1.98.0-x86_64-unknown-linux-gnu
2026-09-09T20:37:12.1526682Z info: default toolchain set to 1.98.0-x86_64-unknown-linux-gnu
2026-09-09T20:37:12.1527237Z 
2026-09-09T20:37:12.1594812Z   1.98.0-x86_64-unknown-linux-gnu unchanged - rustc 1.98.0 (88d9e12ae 2026-08-18)
2026-09-09T20:37:12.1595462Z 
2026-09-09T20:37:12.2063722Z info: downloading component rust-std
2026-09-09T20:37:14.2038231Z info: downloading component rust-std
2026-09-09T20:37:16.1639062Z rustc 1.98.0 (88d9e12ae 2026-08-18)
2026-09-09T20:37:16.1729603Z cargo 1.98.0 (797e8a9bc 2026-08-05)
2026-09-09T20:37:16.1809664Z ##[group]Run node --version
2026-09-09T20:37:16.1810042Z [36;1mnode --version[0m
2026-09-09T20:37:16.1810313Z [36;1mpython --version[0m
2026-09-09T20:37:16.1810574Z [36;1muname -a[0m
2026-09-09T20:37:16.1810800Z [36;1mgit rev-parse HEAD[0m
2026-09-09T20:37:16.1811074Z [36;1mgit rev-list --parents -n 1 HEAD[0m
2026-09-09T20:37:16.1811465Z [36;1mecho "source head: b7636296f2c75715691464df83a030d006a2f054"[0m
2026-09-09T20:37:16.1811900Z [36;1mecho "base head: 73c738348a9493a459744c62b8ade382ff595af5"[0m
2026-09-09T20:37:16.1812441Z [36;1mfor candidate in google-chrome google-chrome-stable chromium chromium-browser; do[0m
2026-09-09T20:37:16.1813340Z [36;1m  if command -v "$candidate" >/dev/null 2>&1; then[0m
2026-09-09T20:37:16.1813678Z [36;1m    "$candidate" --version[0m
2026-09-09T20:37:16.1813943Z [36;1m    break[0m
2026-09-09T20:37:16.1814148Z [36;1m  fi[0m
2026-09-09T20:37:16.1814339Z [36;1mdone[0m
2026-09-09T20:37:16.1852883Z shell: /usr/bin/bash -e {0}
2026-09-09T20:37:16.1853160Z ##[endgroup]
2026-09-09T20:37:16.2503643Z v22.23.2
2026-09-09T20:37:16.2534281Z Python 3.12.3
2026-09-09T20:37:16.2545936Z Linux runnervmlun5p 6.17.0-1022-azure #22-Ubuntu SMP Mon Jul 27 17:24:03 UTC 2026 x86_64 x86_64 x86_64 GNU/Linux
2026-09-09T20:37:16.2559520Z 049563bc815a7a133e4fb83ccc2382da26851ee2
2026-09-09T20:37:16.2576906Z 049563bc815a7a133e4fb83ccc2382da26851ee2 73c738348a9493a459744c62b8ade382ff595af5 b7636296f2c75715691464df83a030d006a2f054
2026-09-09T20:37:16.2579846Z source head: b7636296f2c75715691464df83a030d006a2f054
2026-09-09T20:37:16.4014119Z base head: 73c738348a9493a459744c62b8ade382ff595af5
2026-09-09T20:37:16.4014881Z Google Chrome 152.0.7977.82 
2026-09-09T20:37:16.4132340Z ##[group]Run cargo test --manifest-path rust/Cargo.toml --workspace
2026-09-09T20:37:16.4133556Z [36;1mcargo test --manifest-path rust/Cargo.toml --workspace[0m
2026-09-09T20:37:16.4193655Z shell: /usr/bin/bash -e {0}
2026-09-09T20:37:16.4194089Z ##[endgroup]
2026-09-09T20:37:16.4764228Z    Compiling sv_core v0.1.0 (/home/runner/work/SV-lenguaje-de-computacion/SV-lenguaje-de-computacion/rust/sv_core)
2026-09-09T20:37:17.6318512Z warning: associated function `from_core_id` is never used
2026-09-09T20:37:17.6319485Z    --> sv_core/src/control.rs:155:27
2026-09-09T20:37:17.6328536Z     |
2026-09-09T20:37:17.6343866Z 141 |           impl $name {
2026-09-09T20:37:17.6354000Z     |           ---------- associated function in this implementation
2026-09-09T20:37:17.6357476Z ...
2026-09-09T20:37:17.6358748Z 155 |               pub(crate) fn from_core_id(id: ControlId) -> Self {
2026-09-09T20:37:17.6359817Z     |                             ^^^^^^^^^^^^
2026-09-09T20:37:17.6360570Z ...
2026-09-09T20:37:17.6361218Z 162 | / opaque_control_ref!(
2026-09-09T20:37:17.6362014Z 163 | |     InformationRef,
2026-09-09T20:37:17.6363575Z 164 | |     "Referencia nominal a información dentro del dominio de control."
2026-09-09T20:37:17.6364569Z 165 | | );
2026-09-09T20:37:17.6365169Z     | |_- in this macro invocation
2026-09-09T20:37:17.6365811Z     |
2026-09-09T20:37:17.6366572Z     = note: `#[warn(dead_code)]` (part of `#[warn(unused)]`) on by default
2026-09-09T20:37:17.6368082Z     = note: this warning originates in the macro `opaque_control_ref` (in Nightly builds, run with -Z macro-backtrace for more info)
2026-09-09T20:37:17.6369126Z 
2026-09-09T20:37:17.6369765Z warning: associated function `from_core_id` is never used
2026-09-09T20:37:17.6370502Z    --> sv_core/src/control.rs:155:27
2026-09-09T20:37:17.6371062Z     |
2026-09-09T20:37:17.6371518Z 141 |           impl $name {
2026-09-09T20:37:17.6372139Z     |           ---------- associated function in this implementation
2026-09-09T20:37:17.6373044Z ...
2026-09-09T20:37:17.6373605Z 155 |               pub(crate) fn from_core_id(id: ControlId) -> Self {
2026-09-09T20:37:17.6374286Z     |                             ^^^^^^^^^^^^
2026-09-09T20:37:17.6374820Z ...
2026-09-09T20:37:17.6375259Z 166 | / opaque_control_ref!(
2026-09-09T20:37:17.6375813Z 167 | |     AdmittedEvidenceRef,
2026-09-09T20:37:17.6376919Z 168 | |     "Referencia a evidencia cuya admisión debe proceder de una verificación gobernada."
2026-09-09T20:37:17.6377899Z 169 | | );
2026-09-09T20:37:17.6378430Z     | |_- in this macro invocation
2026-09-09T20:37:17.6379027Z     |
2026-09-09T20:37:17.6380100Z     = note: this warning originates in the macro `opaque_control_ref` (in Nightly builds, run with -Z macro-backtrace for more info)
2026-09-09T20:37:17.6381141Z 
2026-09-09T20:37:17.6381655Z warning: associated function `from_core_id` is never used
2026-09-09T20:37:17.6382495Z    --> sv_core/src/control.rs:155:27
2026-09-09T20:37:17.6383427Z     |
2026-09-09T20:37:17.6383974Z 141 |           impl $name {
2026-09-09T20:37:17.6384703Z     |           ---------- associated function in this implementation
2026-09-09T20:37:17.6385533Z ...
2026-09-09T20:37:17.6386168Z 155 |               pub(crate) fn from_core_id(id: ControlId) -> Self {
2026-09-09T20:37:17.6387002Z     |                             ^^^^^^^^^^^^
2026-09-09T20:37:17.6387652Z ...
2026-09-09T20:37:17.6388163Z 170 | / opaque_control_ref!(
2026-09-09T20:37:17.6388814Z 171 | |     ConstitutedFactRef,
2026-09-09T20:37:17.6390262Z 172 | |     "Referencia a un hecho semántico constituido; no equivale a autoridad."
2026-09-09T20:37:17.6391197Z 173 | | );
2026-09-09T20:37:17.6391778Z     | |_- in this macro invocation
2026-09-09T20:37:17.6392400Z     |
2026-09-09T20:37:17.6393585Z     = note: this warning originates in the macro `opaque_control_ref` (in Nightly builds, run with -Z macro-backtrace for more info)
2026-09-09T20:37:17.6394572Z 
2026-09-09T20:37:17.6395026Z warning: associated function `from_core_id` is never used
2026-09-09T20:37:17.6396227Z    --> sv_core/src/control.rs:155:27
2026-09-09T20:37:17.6396935Z     |
2026-09-09T20:37:17.6397487Z 141 |           impl $name {
2026-09-09T20:37:17.6398321Z     |           ---------- associated function in this implementation
2026-09-09T20:37:17.6399119Z ...
2026-09-09T20:37:17.6399771Z 155 |               pub(crate) fn from_core_id(id: ControlId) -> Self {
2026-09-09T20:37:17.6400607Z     |                             ^^^^^^^^^^^^
2026-09-09T20:37:17.6401296Z ...
2026-09-09T20:37:17.6401844Z 174 | / opaque_control_ref!(
2026-09-09T20:37:17.6402467Z 175 | |     AuthorityRef,
2026-09-09T20:37:17.6403846Z 176 | |     "Referencia a autoridad constituida; su constructor no forma parte de la API pública."
2026-09-09T20:37:17.6404852Z 177 | | );
2026-09-09T20:37:17.6405432Z     | |_- in this macro invocation
2026-09-09T20:37:17.6406089Z     |
2026-09-09T20:37:17.6407226Z     = note: this warning originates in the macro `opaque_control_ref` (in Nightly builds, run with -Z macro-backtrace for more info)
2026-09-09T20:37:17.6408322Z 
2026-09-09T20:37:17.6408807Z warning: associated function `from_core_id` is never used
2026-09-09T20:37:17.6409817Z    --> sv_core/src/control.rs:155:27
2026-09-09T20:37:17.6410458Z     |
2026-09-09T20:37:17.6411008Z 141 |           impl $name {
2026-09-09T20:37:17.6411764Z     |           ---------- associated function in this implementation
2026-09-09T20:37:17.6412524Z ...
2026-09-09T20:37:17.6413528Z 155 |               pub(crate) fn from_core_id(id: ControlId) -> Self {
2026-09-09T20:37:17.6414386Z     |                             ^^^^^^^^^^^^
2026-09-09T20:37:17.6415059Z ...
2026-09-09T20:37:17.6415600Z 178 | / opaque_control_ref!(
2026-09-09T20:37:17.6416224Z 179 | |     EnablementRef,
2026-09-09T20:37:17.6417304Z 180 | |     "Referencia a una habilitación de autoridad ya existente; no amplía autoridad."
2026-09-09T20:37:17.6418245Z 181 | | );
2026-09-09T20:37:17.6418772Z     | |_- in this macro invocation
2026-09-09T20:37:17.6419382Z     |
2026-09-09T20:37:17.6420451Z     = note: this warning originates in the macro `opaque_control_ref` (in Nightly builds, run with -Z macro-backtrace for more info)
2026-09-09T20:37:17.6421527Z 
2026-09-09T20:37:17.6421993Z warning: associated function `from_core_id` is never used
2026-09-09T20:37:17.6423018Z    --> sv_core/src/control.rs:155:27
2026-09-09T20:37:17.6423673Z     |
2026-09-09T20:37:17.6424189Z 141 |           impl $name {
2026-09-09T20:37:17.6424878Z     |           ---------- associated function in this implementation
2026-09-09T20:37:17.6425650Z ...
2026-09-09T20:37:17.6426264Z 155 |               pub(crate) fn from_core_id(id: ControlId) -> Self {
2026-09-09T20:37:17.6427040Z     |                             ^^^^^^^^^^^^
2026-09-09T20:37:17.6427673Z ...
2026-09-09T20:37:17.6428183Z 186 | / opaque_control_ref!(
2026-09-09T20:37:17.6428786Z 187 | |     FormRef,
2026-09-09T20:37:17.6429584Z 188 | |     "Referencia a una forma de transición constituida."
2026-09-09T20:37:17.6430330Z 189 | | );
2026-09-09T20:37:17.6430907Z     | |_- in this macro invocation
2026-09-09T20:37:17.6431551Z     |
2026-09-09T20:37:17.6432828Z     = note: this warning originates in the macro `opaque_control_ref` (in Nightly builds, run with -Z macro-backtrace for more info)
2026-09-09T20:37:17.6433938Z 
2026-09-09T20:37:17.6434451Z warning: associated function `from_core_id` is never used
2026-09-09T20:37:17.6435291Z    --> sv_core/src/control.rs:155:27
2026-09-09T20:37:17.6435919Z     |
2026-09-09T20:37:17.6436727Z 141 |           impl $name {
2026-09-09T20:37:17.6437459Z     |           ---------- associated function in this implementation
2026-09-09T20:37:17.6438218Z ...
2026-09-09T20:37:17.6438893Z 155 |               pub(crate) fn from_core_id(id: ControlId) -> Self {
2026-09-09T20:37:17.6439715Z     |                             ^^^^^^^^^^^^
2026-09-09T20:37:17.6440367Z ...
2026-09-09T20:37:17.6440871Z 190 | / opaque_control_ref!(
2026-09-09T20:37:17.6441465Z 191 | |     EffectFamilyRef,
2026-09-09T20:37:17.6442870Z 192 | |     "Referencia a una familia de efectos fijada por constitución."
2026-09-09T20:37:17.6443764Z 193 | | );
2026-09-09T20:37:17.6444302Z     | |_- in this macro invocation
2026-09-09T20:37:17.6444915Z     |
2026-09-09T20:37:17.6445933Z     = note: this warning originates in the macro `opaque_control_ref` (in Nightly builds, run with -Z macro-backtrace for more info)
2026-09-09T20:37:17.6446949Z 
2026-09-09T20:37:17.6447371Z warning: associated function `from_core_id` is never used
2026-09-09T20:37:17.6448155Z    --> sv_core/src/control.rs:155:27
2026-09-09T20:37:17.6448753Z     |
2026-09-09T20:37:17.6449302Z 141 |           impl $name {
2026-09-09T20:37:17.6450066Z     |           ---------- associated function in this implementation
2026-09-09T20:37:17.6450787Z ...
2026-09-09T20:37:17.6451409Z 155 |               pub(crate) fn from_core_id(id: ControlId) -> Self {
2026-09-09T20:37:17.6452187Z     |                             ^^^^^^^^^^^^
2026-09-09T20:37:17.6453099Z ...
2026-09-09T20:37:17.6453595Z 194 | / opaque_control_ref!(
2026-09-09T20:37:17.6454009Z 195 | |     EffectRef,
2026-09-09T20:37:17.6454588Z 196 | |     "Referencia a un efecto concreto; identificarlo no equivale a autorizarlo."
2026-09-09T20:37:17.6455236Z 197 | | );
2026-09-09T20:37:17.6455550Z     | |_- in this macro invocation
2026-09-09T20:37:17.6455949Z     |
2026-09-09T20:37:17.6456745Z     = note: this warning originates in the macro `opaque_control_ref` (in Nightly builds, run with -Z macro-backtrace for more info)
2026-09-09T20:37:17.6457505Z 
2026-09-09T20:37:17.6457750Z warning: associated function `from_core_id` is never used
2026-09-09T20:37:17.6458285Z    --> sv_core/src/control.rs:155:27
2026-09-09T20:37:17.6458675Z     |
2026-09-09T20:37:17.6458969Z 141 |           impl $name {
2026-09-09T20:37:17.6459438Z     |           ---------- associated function in this implementation
2026-09-09T20:37:17.6459955Z ...
2026-09-09T20:37:17.6460356Z 155 |               pub(crate) fn from_core_id(id: ControlId) -> Self {
2026-09-09T20:37:17.6460906Z     |                             ^^^^^^^^^^^^
2026-09-09T20:37:17.6461307Z ...
2026-09-09T20:37:17.6461594Z 198 | / opaque_control_ref!(
2026-09-09T20:37:17.6461981Z 199 | |     ContextRef,
2026-09-09T20:37:17.6462513Z 200 | |     "Referencia a una ligadura de contexto relevante para autoridad o forma."
2026-09-09T20:37:17.6463374Z 201 | | );
2026-09-09T20:37:17.6463694Z     | |_- in this macro invocation
2026-09-09T20:37:17.6464070Z     |
2026-09-09T20:37:17.6464839Z     = note: this warning originates in the macro `opaque_control_ref` (in Nightly builds, run with -Z macro-backtrace for more info)
2026-09-09T20:37:17.6465669Z 
2026-09-09T20:37:17.6465924Z warning: associated function `from_core_id` is never used
2026-09-09T20:37:17.6466428Z    --> sv_core/src/control.rs:155:27
2026-09-09T20:37:17.6466778Z     |
2026-09-09T20:37:17.6467049Z 141 |           impl $name {
2026-09-09T20:37:17.6467514Z     |           ---------- associated function in this implementation
2026-09-09T20:37:17.6468021Z ...
2026-09-09T20:37:17.6468430Z 155 |               pub(crate) fn from_core_id(id: ControlId) -> Self {
2026-09-09T20:37:17.6468972Z     |                             ^^^^^^^^^^^^
2026-09-09T20:37:17.6469370Z ...
2026-09-09T20:37:17.6469671Z 202 | / opaque_control_ref!(
2026-09-09T20:37:17.6470056Z 203 | |     AuthorityHolderRef,
2026-09-09T20:37:17.6470883Z 204 | |     "Referencia al titular de una autoridad; no constituye autoridad por sí misma."
2026-09-09T20:37:17.6471541Z 205 | | );
2026-09-09T20:37:17.6472153Z     | |_- in this macro invocation
2026-09-09T20:37:17.6472527Z     |
2026-09-09T20:37:17.6473549Z     = note: this warning originates in the macro `opaque_control_ref` (in Nightly builds, run with -Z macro-backtrace for more info)
2026-09-09T20:37:17.6474335Z 
2026-09-09T20:37:17.6474576Z warning: associated function `from_core_id` is never used
2026-09-09T20:37:17.6475124Z    --> sv_core/src/control.rs:155:27
2026-09-09T20:37:17.6475550Z     |
2026-09-09T20:37:17.6475840Z 141 |           impl $name {
2026-09-09T20:37:17.6476517Z     |           ---------- associated function in this implementation
2026-09-09T20:37:17.6477037Z ...
2026-09-09T20:37:17.6477391Z 155 |               pub(crate) fn from_core_id(id: ControlId) -> Self {
2026-09-09T20:37:17.6477926Z     |                             ^^^^^^^^^^^^
2026-09-09T20:37:17.6478332Z ...
2026-09-09T20:37:17.6478624Z 206 | / opaque_control_ref!(
2026-09-09T20:37:17.6479015Z 207 | |     GovernedObjectRef,
2026-09-09T20:37:17.6479605Z 208 | |     "Referencia a un objeto candidato a pertenecer al dominio gobernado D_a."
2026-09-09T20:37:17.6480217Z 209 | | );
2026-09-09T20:37:17.6480540Z     | |_- in this macro invocation
2026-09-09T20:37:17.6480922Z     |
2026-09-09T20:37:17.6481679Z     = note: this warning originates in the macro `opaque_control_ref` (in Nightly builds, run with -Z macro-backtrace for more info)
2026-09-09T20:37:17.6482454Z 
2026-09-09T20:37:17.6482952Z warning: associated function `from_core_id` is never used
2026-09-09T20:37:17.6483539Z    --> sv_core/src/control.rs:155:27
2026-09-09T20:37:17.6483927Z     |
2026-09-09T20:37:17.6484212Z 141 |           impl $name {
2026-09-09T20:37:17.6484673Z     |           ---------- associated function in this implementation
2026-09-09T20:37:17.6485152Z ...
2026-09-09T20:37:17.6485550Z 155 |               pub(crate) fn from_core_id(id: ControlId) -> Self {
2026-09-09T20:37:17.6486110Z     |                             ^^^^^^^^^^^^
2026-09-09T20:37:17.6486499Z ...
2026-09-09T20:37:17.6486803Z 210 | / opaque_control_ref!(
2026-09-09T20:37:17.6487185Z 211 | |     AccumulationRuleRef,
2026-09-09T20:37:17.6487957Z 212 | |     "Referencia a una regla gobernada de acumulación o a un predicado de traza."
2026-09-09T20:37:17.6488582Z 213 | | );
2026-09-09T20:37:17.6488995Z     | |_- in this macro invocation
2026-09-09T20:37:17.6489394Z     |
2026-09-09T20:37:17.6490149Z     = note: this warning originates in the macro `opaque_control_ref` (in Nightly builds, run with -Z macro-backtrace for more info)
2026-09-09T20:37:17.6490925Z 
2026-09-09T20:37:17.6491163Z warning: associated function `from_core_id` is never used
2026-09-09T20:37:17.6491696Z    --> sv_core/src/control.rs:155:27
2026-09-09T20:37:17.6492101Z     |
2026-09-09T20:37:17.6492397Z 141 |           impl $name {
2026-09-09T20:37:17.6493268Z     |           ---------- associated function in this implementation
2026-09-09T20:37:17.6493786Z ...
2026-09-09T20:37:17.6494225Z 155 |               pub(crate) fn from_core_id(id: ControlId) -> Self {
2026-09-09T20:37:17.6494783Z     |                             ^^^^^^^^^^^^
2026-09-09T20:37:17.6495282Z ...
2026-09-09T20:37:17.6495654Z 214 | / opaque_control_ref!(
2026-09-09T20:37:17.6496046Z 215 | |     RequirementRef,
2026-09-09T20:37:17.6496859Z 216 | |     "Referencia a una obligación de Req; identificarla no acredita su cumplimiento."
2026-09-09T20:37:17.6497553Z 217 | | );
2026-09-09T20:37:17.6497860Z     | |_- in this macro invocation
2026-09-09T20:37:17.6498249Z     |
2026-09-09T20:37:17.6499045Z     = note: this warning originates in the macro `opaque_control_ref` (in Nightly builds, run with -Z macro-backtrace for more info)
2026-09-09T20:37:17.6499854Z 
2026-09-09T20:37:17.6500084Z warning: associated function `from_core_id` is never used
2026-09-09T20:37:17.6500616Z    --> sv_core/src/control.rs:155:27
2026-09-09T20:37:17.6500991Z     |
2026-09-09T20:37:17.6501285Z 141 |           impl $name {
2026-09-09T20:37:17.6501743Z     |           ---------- associated function in this implementation
2026-09-09T20:37:17.6502503Z ...
2026-09-09T20:37:17.6503145Z 155 |               pub(crate) fn from_core_id(id: ControlId) -> Self {
2026-09-09T20:37:17.6503714Z     |                             ^^^^^^^^^^^^
2026-09-09T20:37:17.6504127Z ...
2026-09-09T20:37:17.6504435Z 218 | / opaque_control_ref!(
2026-09-09T20:37:17.6504800Z 219 | |     VerifierRef,
2026-09-09T20:37:17.6505420Z 220 | |     "Referencia a un verificador concreto; su mera existencia no acredita aplicabilidad."
2026-09-09T20:37:17.6506104Z 221 | | );
2026-09-09T20:37:17.6506617Z     | |_- in this macro invocation
2026-09-09T20:37:17.6507042Z     |
2026-09-09T20:37:17.6507796Z     = note: this warning originates in the macro `opaque_control_ref` (in Nightly builds, run with -Z macro-backtrace for more info)
2026-09-09T20:37:17.6508550Z 
2026-09-09T20:37:17.6508770Z warning: associated function `from_core_id` is never used
2026-09-09T20:37:17.6509296Z    --> sv_core/src/control.rs:155:27
2026-09-09T20:37:17.6509681Z     |
2026-09-09T20:37:17.6509976Z 141 |           impl $name {
2026-09-09T20:37:17.6510449Z     |           ---------- associated function in this implementation
2026-09-09T20:37:17.6510977Z ...
2026-09-09T20:37:17.6511344Z 155 |               pub(crate) fn from_core_id(id: ControlId) -> Self {
2026-09-09T20:37:17.6511856Z     |                             ^^^^^^^^^^^^
2026-09-09T20:37:17.6512327Z ...
2026-09-09T20:37:17.6512819Z 222 | / opaque_control_ref!(
2026-09-09T20:37:17.6513175Z 223 | |     VerifierFamilyRef,
2026-09-09T20:37:17.6513957Z 224 | |     "Referencia a una familia de verificadores admisibles para una obligación."
2026-09-09T20:37:17.6514574Z 225 | | );
2026-09-09T20:37:17.6514882Z     | |_- in this macro invocation
2026-09-09T20:37:17.6515245Z     |
2026-09-09T20:37:17.6515972Z     = note: this warning originates in the macro `opaque_control_ref` (in Nightly builds, run with -Z macro-backtrace for more info)
2026-09-09T20:37:17.6516710Z 
2026-09-09T20:37:17.6516944Z warning: associated function `from_core_id` is never used
2026-09-09T20:37:17.6517492Z    --> sv_core/src/control.rs:155:27
2026-09-09T20:37:17.6517902Z     |
2026-09-09T20:37:17.6518185Z 141 |           impl $name {
2026-09-09T20:37:17.6518622Z     |           ---------- associated function in this implementation
2026-09-09T20:37:17.6519118Z ...
2026-09-09T20:37:17.6519492Z 155 |               pub(crate) fn from_core_id(id: ControlId) -> Self {
2026-09-09T20:37:17.6519988Z     |                             ^^^^^^^^^^^^
2026-09-09T20:37:17.6520378Z ...
2026-09-09T20:37:17.6520674Z 226 | / opaque_control_ref!(
2026-09-09T20:37:17.6521037Z 227 | |     ApplicabilityRuleRef,
2026-09-09T20:37:17.6521823Z 228 | |     "Referencia a una regla previamente constituida de aplicabilidad de comprobación."
2026-09-09T20:37:17.6522443Z 229 | | );
2026-09-09T20:37:17.6522925Z     | |_- in this macro invocation
2026-09-09T20:37:17.6523302Z     |
2026-09-09T20:37:17.6524135Z     = note: this warning originates in the macro `opaque_control_ref` (in Nightly builds, run with -Z macro-backtrace for more info)
2026-09-09T20:37:17.6524879Z 
2026-09-09T20:37:17.6525116Z warning: associated function `from_core_id` is never used
2026-09-09T20:37:17.6525601Z    --> sv_core/src/control.rs:155:27
2026-09-09T20:37:17.6525944Z     |
2026-09-09T20:37:17.6526216Z 141 |           impl $name {
2026-09-09T20:37:17.6526666Z     |           ---------- associated function in this implementation
2026-09-09T20:37:17.6527157Z ...
2026-09-09T20:37:17.6527545Z 155 |               pub(crate) fn from_core_id(id: ControlId) -> Self {
2026-09-09T20:37:17.6528096Z     |                             ^^^^^^^^^^^^
2026-09-09T20:37:17.6528481Z ...
2026-09-09T20:37:17.6528755Z 230 | / opaque_control_ref!(
2026-09-09T20:37:17.6529156Z 231 | |     ConflictResolutionRuleRef,
2026-09-09T20:37:17.6530077Z 232 | |     "Referencia a una regla previamente constituida de resolución de conflicto entre comprobaciones."
2026-09-09T20:37:17.6530822Z 233 | | );
2026-09-09T20:37:17.6531111Z     | |_- in this macro invocation
2026-09-09T20:37:17.6531755Z     |
2026-09-09T20:37:17.6532478Z     = note: this warning originates in the macro `opaque_control_ref` (in Nightly builds, run with -Z macro-backtrace for more info)
2026-09-09T20:37:17.6533421Z 
2026-09-09T20:37:17.6533660Z warning: associated function `from_core_id` is never used
2026-09-09T20:37:17.6534191Z    --> sv_core/src/control.rs:155:27
2026-09-09T20:37:17.6534586Z     |
2026-09-09T20:37:17.6534876Z 141 |           impl $name {
2026-09-09T20:37:17.6535561Z     |           ---------- associated function in this implementation
2026-09-09T20:37:17.6536097Z ...
2026-09-09T20:37:17.6536522Z 155 |               pub(crate) fn from_core_id(id: ControlId) -> Self {
2026-09-09T20:37:17.6537090Z     |                             ^^^^^^^^^^^^
2026-09-09T20:37:17.6537524Z ...
2026-09-09T20:37:17.6537835Z 234 | / opaque_control_ref!(
2026-09-09T20:37:17.6538207Z 235 | |     CoverageRuleRef,
2026-09-09T20:37:17.6538889Z 236 | |     "Referencia a una regla previamente constituida de cobertura de comprobaciones exigibles."
2026-09-09T20:37:17.6539638Z 237 | | );
2026-09-09T20:37:17.6539949Z     | |_- in this macro invocation
2026-09-09T20:37:17.6540321Z     |
2026-09-09T20:37:17.6541080Z     = note: this warning originates in the macro `opaque_control_ref` (in Nightly builds, run with -Z macro-backtrace for more info)
2026-09-09T20:37:17.6541878Z 
2026-09-09T20:37:17.6542125Z warning: associated function `from_core_id` is never used
2026-09-09T20:37:17.6542918Z    --> sv_core/src/control.rs:155:27
2026-09-09T20:37:17.6571772Z     |
2026-09-09T20:37:17.6572148Z 141 |           impl $name {
2026-09-09T20:37:17.6572879Z     |           ---------- associated function in this implementation
2026-09-09T20:37:17.6573417Z ...
2026-09-09T20:37:17.6573806Z 155 |               pub(crate) fn from_core_id(id: ControlId) -> Self {
2026-09-09T20:37:17.6574360Z     |                             ^^^^^^^^^^^^
2026-09-09T20:37:17.6574752Z ...
2026-09-09T20:37:17.6575029Z 238 | / opaque_control_ref!(
2026-09-09T20:37:17.6575409Z 239 | |     ReuseRuleRef,
2026-09-09T20:37:17.6576292Z 240 | |     "Referencia a una regla previamente constituida de reutilización de resultados cualificados."
2026-09-09T20:37:17.6577087Z 241 | | );
2026-09-09T20:37:17.6577405Z     | |_- in this macro invocation
2026-09-09T20:37:17.6577800Z     |
2026-09-09T20:37:17.6578559Z     = note: this warning originates in the macro `opaque_control_ref` (in Nightly builds, run with -Z macro-backtrace for more info)
2026-09-09T20:37:17.6579310Z 
2026-09-09T20:37:17.6579567Z warning: associated function `from_core_id` is never used
2026-09-09T20:37:17.6580117Z    --> sv_core/src/control.rs:155:27
2026-09-09T20:37:17.6580520Z     |
2026-09-09T20:37:17.6580789Z 141 |           impl $name {
2026-09-09T20:37:17.6581241Z     |           ---------- associated function in this implementation
2026-09-09T20:37:17.6581721Z ...
2026-09-09T20:37:17.6582108Z 155 |               pub(crate) fn from_core_id(id: ControlId) -> Self {
2026-09-09T20:37:17.6582876Z     |                             ^^^^^^^^^^^^
2026-09-09T20:37:17.6583299Z ...
2026-09-09T20:37:17.6583587Z 242 | / opaque_control_ref!(
2026-09-09T20:37:17.6583957Z 243 | |     ReuseBindingKeyRef,
2026-09-09T20:37:17.6584947Z 244 | |     "Referencia a una dimensión constituida cuya continuidad puede ser exigible para reutilizar un resultado."
2026-09-09T20:37:17.6585787Z 245 | | );
2026-09-09T20:37:17.6586078Z     | |_- in this macro invocation
2026-09-09T20:37:17.6586484Z     |
2026-09-09T20:37:17.6587231Z     = note: this warning originates in the macro `opaque_control_ref` (in Nightly builds, run with -Z macro-backtrace for more info)
2026-09-09T20:37:17.6588001Z 
2026-09-09T20:37:17.6588223Z warning: associated function `from_core_id` is never used
2026-09-09T20:37:17.6588747Z    --> sv_core/src/control.rs:155:27
2026-09-09T20:37:17.6589133Z     |
2026-09-09T20:37:17.6589440Z 141 |           impl $name {
2026-09-09T20:37:17.6589929Z     |           ---------- associated function in this implementation
2026-09-09T20:37:17.6590684Z ...
2026-09-09T20:37:17.6591069Z 155 |               pub(crate) fn from_core_id(id: ControlId) -> Self {
2026-09-09T20:37:17.6591599Z     |                             ^^^^^^^^^^^^
2026-09-09T20:37:17.6592005Z ...
2026-09-09T20:37:17.6592282Z 246 | / opaque_control_ref!(
2026-09-09T20:37:17.6608018Z 247 | |     ReuseBindingValueRef,
2026-09-09T20:37:17.6609142Z 248 | |     "Referencia al valor constituido de una dimensión de reutilización; identificarlo no acredita su vigencia."
2026-09-09T20:37:17.6610013Z 249 | | );
2026-09-09T20:37:17.6610579Z     | |_- in this macro invocation
2026-09-09T20:37:17.6611005Z     |
2026-09-09T20:37:17.6611793Z     = note: this warning originates in the macro `opaque_control_ref` (in Nightly builds, run with -Z macro-backtrace for more info)
2026-09-09T20:37:17.6612868Z 
2026-09-09T20:37:17.6613070Z warning: function `compile_svp` is never used
2026-09-09T20:37:17.6613576Z    --> sv_core/src/frontend.rs:803:8
2026-09-09T20:37:17.6613974Z     |
2026-09-09T20:37:17.6614544Z 803 | pub fn compile_svp(source: &str, source_file: &str) -> Result<IrProgram, FrontendError> {
2026-09-09T20:37:17.6615234Z     |        ^^^^^^^^^^^
2026-09-09T20:37:17.6615468Z 
2026-09-09T20:37:17.6615725Z warning: function `compile_svp_with_profile` is never used
2026-09-09T20:37:17.6616308Z    --> sv_core/src/frontend.rs:807:8
2026-09-09T20:37:17.6616685Z     |
2026-09-09T20:37:17.6617016Z 807 | pub fn compile_svp_with_profile(
2026-09-09T20:37:17.6617413Z     |        ^^^^^^^^^^^^^^^^^^^^^^^^
2026-09-09T20:37:17.6617667Z 
2026-09-09T20:37:17.6617858Z warning: constant `PROFILE_ID` is never used
2026-09-09T20:37:17.6618332Z  --> sv_core/src/identifier_profile.rs:6:18
2026-09-09T20:37:17.6618767Z   |
2026-09-09T20:37:17.6619176Z 6 | pub(crate) const PROFILE_ID: &str = "svp-grammar-0.2-lex-es-1";
2026-09-09T20:37:17.6619731Z   |                  ^^^^^^^^^^
2026-09-09T20:37:17.6619983Z 
2026-09-09T20:37:17.6620187Z warning: function `is_reserved_word` is never used
2026-09-09T20:37:17.6620711Z   --> sv_core/src/identifier_profile.rs:22:15
2026-09-09T20:37:17.6621154Z    |
2026-09-09T20:37:17.6621516Z 22 | pub(crate) fn is_reserved_word(word: &str) -> bool {
2026-09-09T20:37:17.6622007Z    |               ^^^^^^^^^^^^^^^^
2026-09-09T20:37:17.6622273Z 
2026-09-09T20:37:17.6622490Z warning: method `matches_descriptor` is never used
2026-09-09T20:37:17.6623284Z    --> sv_core/src/requirements_reuse.rs:121:19
2026-09-09T20:37:17.6623717Z     |
2026-09-09T20:37:17.6624010Z  44 | impl ReuseRule {
2026-09-09T20:37:17.6624406Z     | -------------- method in this implementation
2026-09-09T20:37:17.6624838Z ...
2026-09-09T20:37:17.6625394Z 121 |     pub(crate) fn matches_descriptor(&self, descriptor: &RequirementDescriptor) -> bool {
2026-09-09T20:37:17.6626060Z     |                   ^^^^^^^^^^^^^^^^^^
2026-09-09T20:37:17.6626316Z 
2026-09-09T20:37:17.6626630Z warning: hiding a lifetime that's elided elsewhere is confusing
2026-09-09T20:37:17.6627182Z     --> sv_core/src/frontend.rs:2161:13
2026-09-09T20:37:17.6627607Z      |
2026-09-09T20:37:17.6627919Z 2161 |     fn peek(&self) -> &Token {
2026-09-09T20:37:17.6628315Z      |             ^^^^^     ^^^^^^
2026-09-09T20:37:17.6628691Z      |             |         ||
2026-09-09T20:37:17.6629120Z      |             |         |the same lifetime is hidden here
2026-09-09T20:37:17.6629634Z      |             |         the same lifetime is elided here
2026-09-09T20:37:17.6630121Z      |             the lifetime is elided here
2026-09-09T20:37:17.6630532Z      |
2026-09-09T20:37:17.6631108Z      = help: the same lifetime is referred to in inconsistent ways, making the signature confusing
2026-09-09T20:37:17.6631917Z      = note: `#[warn(mismatched_lifetime_syntaxes)]` on by default
2026-09-09T20:37:17.6632467Z help: use `'_` for type paths
2026-09-09T20:37:17.6633058Z      |
2026-09-09T20:37:17.6633382Z 2161 |     fn peek(&self) -> &Token<'_> {
2026-09-09T20:37:17.6633793Z      |                             ++++
2026-09-09T20:37:17.6634115Z 
2026-09-09T20:37:18.2006044Z warning: function `permission_plan` is never used
2026-09-09T20:37:18.2006987Z    --> sv_core/src/authority/transitions/reuse_tests.rs:288:4
2026-09-09T20:37:18.2008284Z     |
2026-09-09T20:37:18.2009008Z 288 | fn permission_plan() -> GenesisPlan {
2026-09-09T20:37:18.2009807Z     |    ^^^^^^^^^^^^^^^
2026-09-09T20:37:18.2010394Z     |
2026-09-09T20:37:18.2011089Z     = note: `#[warn(dead_code)]` (part of `#[warn(unused)]`) on by default
2026-09-09T20:37:18.2011884Z 
2026-09-09T20:37:21.7479582Z warning: `sv_core` (lib) generated 27 warnings (run `cargo fix --lib -p sv_core` to apply 1 suggestion)
2026-09-09T20:37:21.7481570Z    Compiling sv_wasm v0.1.0 (/home/runner/work/SV-lenguaje-de-computacion/SV-lenguaje-de-computacion/rust/sv_wasm)
2026-09-09T20:37:24.3357121Z    Compiling sv_native v0.1.0 (/home/runner/work/SV-lenguaje-de-computacion/SV-lenguaje-de-computacion/rust/sv_native)
2026-09-09T20:37:24.5018642Z warning: `sv_core` (lib test) generated 4 warnings (3 duplicates)
2026-09-09T20:37:25.2633871Z warning: function `check_witness` is never used
2026-09-09T20:37:25.2654000Z   --> sv_core/examples/../../../tests/row7_gh/probe.rs:59:8
2026-09-09T20:37:25.2683141Z    |
2026-09-09T20:37:25.2686895Z 59 | pub fn check_witness(witness: &str) -> Result<(), String> {
2026-09-09T20:37:25.2713199Z    |        ^^^^^^^^^^^^^
2026-09-09T20:37:25.2743169Z    |
2026-09-09T20:37:25.2773312Z    = note: `#[warn(dead_code)]` (part of `#[warn(unused)]`) on by default
2026-09-09T20:37:25.2773961Z 
2026-09-09T20:37:25.9763992Z warning: `sv_core` (example "gh_binding_probe") generated 1 warning
2026-09-09T20:37:26.7460754Z warning: function `report` is never used
2026-09-09T20:37:26.7499401Z    --> sv_core/tests/../../../tests/row7_bindings/cases.rs:165:8
2026-09-09T20:37:26.7519329Z     |
2026-09-09T20:37:26.7524691Z 165 | pub fn report()->Result<String,String> {
2026-09-09T20:37:26.7525604Z     |        ^^^^^^
2026-09-09T20:37:26.7526319Z     |
2026-09-09T20:37:26.7527081Z     = note: `#[warn(dead_code)]` (part of `#[warn(unused)]`) on by default
2026-09-09T20:37:26.7527861Z 
2026-09-09T20:37:27.3370929Z warning: `sv_core` (example "gh_binding_probe_browser") generated 1 warning (1 duplicate)
2026-09-09T20:37:27.3440991Z warning: `sv_core` (test "bindings") generated 1 warning
2026-09-09T20:37:27.3441625Z     Finished `test` profile [unoptimized + debuginfo] target(s) in 10.90s
2026-09-09T20:37:27.3468139Z      Running unittests src/lib.rs (rust/target/debug/deps/sv_core-9f6bf0705a27b544)
2026-09-09T20:37:27.3481863Z 
2026-09-09T20:37:27.3482146Z running 211 tests
2026-09-09T20:37:27.3492344Z test admissibility::tests::admissibility_labels_are_exact ... ok
2026-09-09T20:37:27.3493339Z test admissibility::tests::admissibility_spec_rejects_missing_rule ... ok
2026-09-09T20:37:27.3494106Z test admissibility::tests::admissibility_spec_rejects_zero_parameter_id ... ok
2026-09-09T20:37:27.3495114Z test admissibility::tests::admissibility_state_is_exactly_the_closed_v0_2_set ... ok
2026-09-09T20:37:27.3496050Z test admissibility::tests::admitted_observation_does_not_itself_create_tri ... ok
2026-09-09T20:37:27.3496934Z test admissibility::tests::only_ok_and_degraded_are_positively_admitted ... ok
2026-09-09T20:37:27.3497470Z test admissibility::tests::technical_capture_failure_remains_outside_tri ... ok
2026-09-09T20:37:27.3498068Z test admissibility::tests::valid_admissibility_spec_preserves_identity_parameter_and_rule ... ok
2026-09-09T20:37:27.3498675Z test authority::tests::authority_rejects_effect_outside_its_governed_domain ... ok
2026-09-09T20:37:27.3499197Z test authority::tests::authority_rejects_effect_outside_its_context ... ok
2026-09-09T20:37:27.3499755Z test authority::tests::constituted_authority_binds_holder_context_envelope_and_domain ... ok
2026-09-09T20:37:27.3500326Z test authority::tests::duplicate_members_do_not_expand_envelope_or_domain ... ok
2026-09-09T20:37:27.3500847Z test authority::tests::effect_envelope_uses_the_complete_effect_scope ... ok
2026-09-09T20:37:27.3501620Z test authority::tests::form_descriptor_freezes_the_constituted_dimensions ... ok
2026-09-09T20:37:27.3503118Z test authority::tests::effect_scope_requires_complete_constituted_effect_and_domain ... ok
2026-09-09T20:37:27.3504185Z test authority::tests::form_scope_requires_family_and_context_together ... ok
2026-09-09T20:37:27.3505172Z test authority::tests::governed_domain_membership_is_decidable_before_exercise ... ok
2026-09-09T20:37:27.3509566Z test authority::transitions::reuse_tests::accredited_but_incomplete_coverage_never_forms_permit ... ok
2026-09-09T20:37:27.3511735Z test authority::transitions::reuse_tests::different_effect_cannot_cross_mediation_with_valid_permit ... ok
2026-09-09T20:37:27.3513615Z test authority::transitions::reuse_tests::complete_governed_da_forms_a_sealed_permit ... ok
2026-09-09T20:37:27.3514682Z test authority::transitions::reuse_tests::adapter_error_after_dispatch_is_indeterminate_not_non_execution ... ok
2026-09-09T20:37:27.3515889Z test authority::transitions::reuse_tests::duplicate_reuse_binding_key_rejects_t0_atomically ... ok
2026-09-09T20:37:27.3517115Z test authority::transitions::reuse_tests::empty_reuse_binding_set_rejects_t0_atomically ... ok
2026-09-09T20:37:27.3518462Z test authority::transitions::reuse_tests::duplicate_reuse_rule_reference_across_requirements_rejects_t0_atomically ... ok
2026-09-09T20:37:27.3523994Z test authority::transitions::reuse_tests::effect_outside_required_authority_scope_is_closed_before_permit ... ok
2026-09-09T20:37:27.3525678Z test authority::transitions::reuse_tests::form_effect_mismatch_is_closed_before_permit ... ok
2026-09-09T20:37:27.3529059Z test authority::transitions::reuse_tests::form_without_required_authority_cannot_form_permit ... ok
2026-09-09T20:37:27.3530278Z test authority::transitions::reuse_tests::mediated_t_e_executes_once_and_records_append_only_trace ... ok
2026-09-09T20:37:27.3531528Z test authority::transitions::reuse_tests::governed_accumulation_contracts_remain_closed_before_adapter ... ok
2026-09-09T20:37:27.3533366Z test authority::transitions::reuse_tests::idempotent_requires_new_governed_attempt_and_new_exercise_ref ... ok
2026-09-09T20:37:27.3534505Z test authority::transitions::reuse_tests::not_verifiable_requirements_never_form_positive_permit ... ok
2026-09-09T20:37:27.3536514Z test authority::transitions::reuse_tests::r1_4_unit_three_does_not_make_authorizing_classes_productive ... ok
2026-09-09T20:37:27.3538074Z test authority::transitions::reuse_tests::r1_4_unit_one_does_not_make_authorizing_classes_productive ... ok
2026-09-09T20:37:27.3539845Z test authority::transitions::reuse_tests::r1_4_unit_two_does_not_make_authorizing_classes_productive ... ok
2026-09-09T20:37:27.3541528Z test authority::transitions::reuse_tests::non_exercise_commitment_is_rejected_before_adapter_dispatch ... ok
2026-09-09T20:37:27.3548320Z test authority::transitions::reuse_tests::r1_5_conflict_trace_preserves_each_individual_check_before_dn_resolution ... ok
2026-09-09T20:37:27.3550116Z test authority::transitions::reuse_tests::r1_5_incomplete_coverage_traces_resolved_da_as_qualified_dn ... ok
2026-09-09T20:37:27.3551736Z test authority::transitions::reuse_tests::reuse_rule_is_constituted_by_t0_and_bound_to_requirement ... ok
2026-09-09T20:37:27.3553973Z test authority::transitions::reuse_tests::r1_5_traced_chain_from_t0_binds_decision_mediation_and_real_exercise ... ok
2026-09-09T20:37:27.3555579Z test authority::transitions::reuse_tests::refuted_requirements_never_form_positive_permit ... ok
2026-09-09T20:37:27.3563475Z test authority::transitions::reuse_tests::r1_5_refuted_decision_is_traced_without_mediation_or_exercise ... ok
2026-09-09T20:37:27.3565075Z test authority::transitions::reuse_tests::single_use_blocks_second_dispatch_after_confirmed_exercise ... ok
2026-09-09T20:37:27.3566785Z test authority::transitions::reuse_tests::single_use_blocks_second_dispatch_after_indeterminate_attempt ... ok
2026-09-09T20:37:27.3569558Z test authority::transitions::reuse_tests::valid_permit_is_consumed_into_exact_mediated_commitment ... ok
2026-09-09T20:37:27.3570756Z test authority::transitions::tests::authorizing_form_requires_prior_authority_reference ... ok
2026-09-09T20:37:27.3572268Z test authority::transitions::tests::authority_effect_outside_context_is_rejected_without_partial_state ... ok
2026-09-09T20:37:27.3573808Z test authority::transitions::tests::applicability_mismatch_rejects_whole_genesis ... ok
2026-09-09T20:37:27.3574987Z test authority::transitions::tests::authority_effect_outside_domain_is_rejected_without_partial_state ... ok
2026-09-09T20:37:27.3576469Z test authority::transitions::tests::controlled_form_without_context_is_rejected_before_constitution ... ok
2026-09-09T20:37:27.3577807Z test authority::transitions::tests::conflict_rule_without_applicable_decisive_verifier_rejects_t0_atomically ... ok
2026-09-09T20:37:27.3579048Z test authority::transitions::tests::consumed_external_premise_cannot_seed_another_genesis ... ok
2026-09-09T20:37:27.3580267Z test authority::transitions::tests::coverage_required_verifier_without_applicability_rejects_t0_atomically ... ok
2026-09-09T20:37:27.3581567Z test authority::transitions::tests::coverage_rule_is_constituted_by_t0_and_bound_to_requirement ... ok
2026-09-09T20:37:27.3582921Z test authority::transitions::tests::duplicate_authority_reference_is_rejected_atomically ... ok
2026-09-09T20:37:27.3584204Z test authority::transitions::tests::duplicate_conflict_rule_reference_across_requirements_rejects_t0_atomically ... ok
2026-09-09T20:37:27.3585496Z test authority::transitions::tests::duplicate_coverage_required_verifier_rejects_t0_atomically ... ok
2026-09-09T20:37:27.3586792Z test authority::transitions::tests::duplicate_coverage_rule_reference_across_requirements_rejects_t0_atomically ... ok
2026-09-09T20:37:27.3588122Z test authority::transitions::tests::governance_constitutive_and_recovery_remain_non_productive ... ok
2026-09-09T20:37:27.3589398Z test authority::transitions::tests::information_verification_enablement_and_exercise_are_non_authorizing ... ok
2026-09-09T20:37:27.3590586Z test authority::transitions::tests::missing_mandatory_core_rejects_whole_genesis ... ok
2026-09-09T20:37:27.3591555Z test authority::transitions::tests::missing_required_authority_is_rejected ... ok
2026-09-09T20:37:27.3593922Z test authority::transitions::tests::only_genesis_has_productive_disposition_in_r1_3_unit_2 ... ok
2026-09-09T20:37:27.3595125Z test authority::transitions::tests::rejected_empty_genesis_does_not_consume_t0_or_premise ... ok
2026-09-09T20:37:27.3596195Z test authority::transitions::tests::second_t0_on_the_same_continuity_is_rejected ... ok
2026-09-09T20:37:27.3597270Z test authority::transitions::tests::uncontrolled_genesis_remains_valid_without_requirements ... ok
2026-09-09T20:37:27.3598395Z test authority::transitions::tests::valid_t0_constitutes_initial_state_and_consumes_genesis ... ok
2026-09-09T20:37:27.3599409Z test c03_tests::c03_accepts_a_coherent_declared_subset_without_exhaustivity ... ok
2026-09-09T20:37:27.3600455Z test authority::transitions::tests::controlled_form_without_requirements_is_rejected_atomically ... ok
2026-09-09T20:37:27.3601533Z test c03_tests::c03_rejects_a_gate_or_supervision_that_escapes_the_causal_closure ... ok
2026-09-09T20:37:27.3602489Z test c03_tests::c03_rejects_criticalities_while_no_surface_producer_exists ... ok
2026-09-09T20:37:27.3603621Z test c03_tests::c03_rejects_external_or_duplicated_evaluation_sources ... ok
2026-09-09T20:37:27.3604576Z test c03_tests::c03_rejects_states_outside_architecture_or_multiple_states_for_one_node ... ok
2026-09-09T20:37:27.3605629Z test control_tests::check_results_are_exactly_the_three_sec0d_results ... ok
2026-09-09T20:37:27.3606627Z test control_tests::continuity_occupancy_has_distinct_uninhabited_and_inhabited_states ... ok
2026-09-09T20:37:27.3607596Z test control_tests::control_id_rejects_empty_or_blank_identifiers ... ok
2026-09-09T20:37:27.3608491Z test control_tests::protected_reference_categories_are_nominally_distinct ... ok
2026-09-09T20:37:27.3609508Z test authority::transitions::tests::duplicate_form_reference_is_rejected_atomically ... ok
2026-09-09T20:37:27.3610731Z test control_tests::technical_check_results_are_a_type_distinct_from_tri ... ok
2026-09-09T20:37:27.3611700Z test authority::transitions::tests::empty_coverage_required_set_rejects_t0_atomically ... ok
2026-09-09T20:37:27.3612909Z test decision_trace::tests::decimal_successor_is_not_machine_word_bounded ... ok
2026-09-09T20:37:27.3613817Z test decision_trace::tests::decision_references_are_structural_ordinals ... ok
2026-09-09T20:37:27.3614928Z test control_tests::transition_classes_preserve_the_eight_contractual_labels ... ok
2026-09-09T20:37:27.3615795Z test equivalence::tests::json_escape_is_deterministic ... ok
2026-09-09T20:37:27.3616601Z test execution::tests::decimal_successor_is_unbounded_by_machine_word_width ... ok
2026-09-09T20:37:27.3617501Z test frame_tests::distinct_architecture_nodes_accept_distinct_states ... ok
2026-09-09T20:37:27.3618299Z test frame_tests::duplicate_state_reference_is_rejected ... ok
2026-09-09T20:37:27.3618976Z test frame_tests::duplicate_eval_source_is_rejected ... ok
2026-09-09T20:37:27.3619652Z test frame_tests::eval_source_outside_frame_is_rejected ... ok
2026-09-09T20:37:27.3620297Z test frame_tests::frame_is_not_exhaustive ... ok
2026-09-09T20:37:27.3620918Z test frame_tests::gate_input_outside_frame_is_rejected ... ok
2026-09-09T20:37:27.3621613Z test frame_tests::state_outside_architecture_is_rejected ... ok
2026-09-09T20:37:27.3622344Z test frame_tests::multiple_states_for_same_node_are_rejected ... ok
2026-09-09T20:37:27.3623616Z test frame_tests::non_empty_criticalities_are_rejected ... ok
2026-09-09T20:37:27.3624413Z test frame_tests::supervision_cell_target_inside_frame_is_valid ... ok
2026-09-09T20:37:27.3629425Z test frame_tests::supervision_cell_target_outside_frame_is_rejected ... ok
2026-09-09T20:37:27.3630373Z test frame_tests::supervision_composed_target_outside_frame_is_rejected ... ok
2026-09-09T20:37:27.3631331Z test frame_tests::supervision_system_target_matching_architecture_is_valid ... ok
2026-09-09T20:37:27.3632225Z test frame_tests::supervision_meta_eval_outside_frame_is_rejected ... ok
2026-09-09T20:37:27.3633329Z test frame_tests::supervision_system_target_must_match_architecture ... ok
2026-09-09T20:37:27.3634273Z test frame_tests::valid_frame_preserves_declared_references_and_unbounded_nat_index ... ok
2026-09-09T20:37:27.3635467Z test frontend::source_profile_public_tests_2a::selector_textual_y_abi_son_cerrados_y_estables ... ok
2026-09-09T20:37:27.3636650Z test frontend::profile_catalog_tests_2a::catalogos_y_aislamiento_interperfil_son_exhaustivos ... ok
2026-09-09T20:37:27.3637657Z test frontend::tests::sha256_matches_known_vector ... ok
2026-09-09T20:37:27.3640105Z test identifier_profile::tests::cubre_la_ortografia_espanola_del_perfil ... ok
2026-09-09T20:37:27.3641412Z test frontend::union_surface_index_tests_2a::indice_conjunto_preserva_identidad_y_pertenencia_de_perfil ... ok
2026-09-09T20:37:27.3642835Z test frontend::tests::query_context_variants_are_materialized_as_closed_ir_variants ... ok
2026-09-09T20:37:27.3644556Z test identifier_profile::tests::excluye_formas_no_canónicas_y_otros_alfabetos ... ok
2026-09-09T20:37:27.3645746Z test identifier_profile::tests::las_palabras_reservadas_no_son_identificadores ... ok
2026-09-09T20:37:27.3646615Z test ir_tests::admissibility_state_order_from_ir_is_preserved ... ok
2026-09-09T20:37:27.3647306Z test ir_tests::frame_ir_preserves_unbounded_index_declared_order_and_immutability ... ok
2026-09-09T20:37:27.3647960Z test ir_tests::object_type_and_level_are_derived_not_supplied ... ok
2026-09-09T20:37:27.3648555Z test ir_tests::program_header_is_fixed_and_order_is_preserved ... ok
2026-09-09T20:37:27.3649239Z test ir_tests::resolve_operation_preserves_identified_target_and_instances ... ok
2026-09-09T20:37:27.3649936Z test ir_tests::trajectory_append_only_is_constitutive_in_the_representation ... ok
2026-09-09T20:37:27.3650622Z test ir_tests::operation_type_and_result_are_derived_not_supplied ... ok
2026-09-09T20:37:27.3658638Z test ir_tests::tri_has_distinct_language_and_ir_labels ... ok
2026-09-09T20:37:27.3659752Z test multisource_assembly_tests_2b::admite_las_cuatro_combinaciones_de_perfil ... ok
2026-09-09T20:37:27.3660658Z test ir_tests::query_and_supervision_variants_keep_canonical_labels ... ok
2026-09-09T20:37:27.3661649Z test multisource_assembly_tests_2b::el_perfil_erroneo_no_se_rescata_por_la_otra_unidad ... ok
2026-09-09T20:37:27.3666953Z test multisource_assembly_tests_2b::las_colisiones_globales_se_rechazan ... ok
2026-09-09T20:37:27.3669884Z test multisource_assembly_tests_2b::una_produccion_no_puede_cruzar_la_frontera_de_archivo ... ok
2026-09-09T20:37:27.3672191Z test nat::tests::nat_accepts_values_beyond_u64_without_narrowing ... ok
2026-09-09T20:37:27.3686704Z test multisource_assembly_tests_2b::la_identidad_de_ensamblaje_es_determinista_y_sensible_al_orden ... ok
2026-09-09T20:37:27.3687979Z test nat::tests::nat_has_one_internal_decimal_representation_per_value ... ok
2026-09-09T20:37:27.3688831Z test nat::tests::nat_rejects_non_decimal_material ... ok
2026-09-09T20:37:27.3689841Z test requirements::tests::aggregation_rejects_same_reference_with_different_material_binding ... ok
2026-09-09T20:37:27.3690957Z test requirements::tests::aggregation_rejects_duplicate_check_for_same_requirement ... ok
2026-09-09T20:37:27.3692122Z test multisource_assembly_tests_2b::referencia_transfronteriza_exige_el_ensamblaje_global ... ok
2026-09-09T20:37:27.3693348Z test requirements::tests::aggregation_requires_complete_coverage ... ok
2026-09-09T20:37:27.3694142Z test requirements::tests::all_accredited_aggregates_to_da ... ok
2026-09-09T20:37:27.3695053Z test requirements::tests::applicability_must_match_requirement_context_family_and_rule ... ok
2026-09-09T20:37:27.3696018Z test requirements::tests::dn_is_preserved_when_there_is_no_refutation ... ok
2026-09-09T20:37:27.3696988Z test requirements::tests::nominal_da_cannot_form_an_aggregable_check_without_applicability ... ok
2026-09-09T20:37:27.3697921Z test requirements::tests::requirement_set_rejects_empty_req ... ok
2026-09-09T20:37:27.3698671Z test requirements::tests::refutation_precedes_not_verifiable ... ok
2026-09-09T20:37:27.3699461Z test requirements::tests::requirement_set_rejects_reused_reference ... ok
2026-09-09T20:37:27.3700319Z test requirements::tests::requirement_set_requires_the_non_eludible_core ... ok
2026-09-09T20:37:27.3701236Z test requirements_bridge::tests::aggregation_is_independent_of_result_order ... ok
2026-09-09T20:37:27.3702226Z test frontend::tests::compiles_all_current_valid_cases_from_actual_svp_text ... ok
2026-09-09T20:37:27.3703400Z test requirements_bridge::tests::aggregation_rejects_duplicate_requirement_result ... ok
2026-09-09T20:37:27.3704385Z test requirements_bridge::tests::aggregation_rejects_foreign_material_binding ... ok
2026-09-09T20:37:27.3705398Z test requirements_bridge::tests::aggregation_rejects_unexpected_requirement_result ... ok
2026-09-09T20:37:27.3706419Z test requirements_bridge::tests::aggregation_requires_complete_requirement_coverage ... ok
2026-09-09T20:37:27.3707479Z test requirements_bridge::tests::conflict_without_rule_preserves_each_individual_result ... ok
2026-09-09T20:37:27.3708477Z test requirements_bridge::tests::complete_accreditation_aggregates_to_da ... ok
2026-09-09T20:37:27.3709378Z test requirements_bridge::tests::dn_is_preserved_without_refutation ... ok
2026-09-09T20:37:27.3710287Z test requirements_bridge::tests::refutation_precedes_dn_after_resolution ... ok
2026-09-09T20:37:27.3711253Z test requirements_conflict::tests::absent_decisive_verifier_leaves_conflict_at_dn ... ok
2026-09-09T20:37:27.3712371Z test requirements_conflict::tests::accredited_and_not_verifiable_without_rule_remain_not_verifiable ... ok
2026-09-09T20:37:27.3713772Z test requirements_bridge::tests::homogeneous_single_check_is_sealed_with_descriptor_and_observation ... ok
2026-09-09T20:37:27.3715019Z test requirements_conflict::tests::accredited_and_refuted_without_rule_become_not_verifiable ... ok
2026-09-09T20:37:27.3716089Z test requirements_conflict::tests::decisive_dn_verifier_cannot_promote_conflict ... ok
2026-09-09T20:37:27.3717330Z test requirements_conflict::tests::conflict_result_is_independent_of_input_order ... ok
2026-09-09T20:37:27.3718410Z test requirements_conflict::tests::decisive_accredited_verifier_resolves_conflict_to_da ... ok
2026-09-09T20:37:27.3719473Z test requirements_conflict::tests::decisive_refuted_verifier_resolves_conflict_to_dr ... ok
2026-09-09T20:37:27.3720397Z test requirements_conflict::tests::empty_check_set_is_rejected ... ok
2026-09-09T20:37:27.3721455Z test requirements_conflict::tests::homogeneous_accredited_checks_remain_accredited ... ok
2026-09-09T20:37:27.3722711Z test requirements_conflict::tests::homogeneous_not_verifiable_checks_remain_not_verifiable ... ok
2026-09-09T20:37:27.3723775Z test requirements_conflict::tests::homogeneous_refuted_checks_remain_refuted ... ok
2026-09-09T20:37:27.3724867Z test requirements_conflict::tests::majority_does_not_override_constituted_decisive_verifier ... ok
2026-09-09T20:37:27.3725925Z test requirements_conflict::tests::mixed_requirements_are_not_a_single_conflict ... ok
2026-09-09T20:37:27.3726969Z test requirements_conflict::tests::public_governed_path_rejects_foreign_material_binding ... ok
2026-09-09T20:37:27.3728062Z test requirements_conflict::tests::public_governed_path_without_rule_keeps_conflict_at_dn ... ok
2026-09-09T20:37:27.3729197Z test requirements_conflict::tests::refuted_and_not_verifiable_without_rule_become_not_verifiable ... ok
2026-09-09T20:37:27.3730439Z test requirements_conflict::tests::repeated_verifier_with_incompatible_results_is_rejected_on_public_path ... ok
2026-09-09T20:37:27.3731611Z test requirements_conflict::tests::repeated_verifier_is_rejected_instead_of_weighted ... ok
2026-09-09T20:37:27.3732856Z test requirements_coverage::tests::absence_of_rule_is_not_empty_positive_coverage ... ok
2026-09-09T20:37:27.3733934Z test requirements_coverage::tests::accredited_results_without_coverage_rules_aggregate_to_dn ... ok
2026-09-09T20:37:27.3735122Z test requirements_coverage::tests::complete_coverage_of_all_accredited_requirements_aggregates_to_da ... ok
2026-09-09T20:37:27.3736283Z test requirements_coverage::tests::all_required_participants_complete_coverage ... ok
2026-09-09T20:37:27.3737301Z test requirements_coverage::tests::coverage_rule_rejects_duplicate_required_verifier ... ok
2026-09-09T20:37:27.3738472Z test requirements_coverage::tests::coverage_rule_identity_is_part_of_the_resolved_binding ... ok
2026-09-09T20:37:27.3739490Z test requirements_coverage::tests::coverage_rule_rejects_empty_required_set ... ok
2026-09-09T20:37:27.3740535Z test requirements_coverage::tests::extra_participant_does_not_replace_a_missing_required_one ... ok
2026-09-09T20:37:27.3741862Z      Running tests/admissibility_table_causal.rs (rust/target/debug/deps/admissibility_table_causal-8911373653e15fdc)
2026-09-09T20:37:27.3743228Z test requirements_coverage::tests::missing_required_participant_is_explicit ... ok
2026-09-09T20:37:27.3744157Z test requirements_coverage::tests::missing_required_verifier_prevents_da ... ok
2026-09-09T20:37:27.3744884Z test requirements_coverage::tests::refutation_is_not_erased_by_absent_coverage_rule ... ok
2026-09-09T20:37:27.3745460Z test requirements_coverage::tests::result_from_other_requirement_is_rejected ... ok
2026-09-09T20:37:27.3746079Z test requirements_coverage::tests::rule_bound_to_other_context_is_rejected_even_if_attached_for_test ... ok
2026-09-09T20:37:27.3746650Z test requirements_reuse::tests::exact_continuity_preserves_da ... ok
2026-09-09T20:37:27.3747114Z test requirements_reuse::tests::changed_single_binding_closes_to_dn ... ok
2026-09-09T20:37:27.3747574Z test requirements_reuse::tests::changed_context_closes_to_dn ... ok
2026-09-09T20:37:27.3748073Z test requirements_reuse::tests::exact_continuity_preserves_dn_without_promotion ... ok
2026-09-09T20:37:27.3748566Z test requirements_reuse::tests::exact_continuity_preserves_dr ... ok
2026-09-09T20:37:27.3749014Z test requirements_reuse::tests::missing_current_rule_closes_to_dn ... ok
2026-09-09T20:37:27.3749776Z test requirements_reuse::tests::other_requirement_is_structural_error ... ok
2026-09-09T20:37:27.3750779Z test requirements_reuse::tests::incomplete_coverage_cannot_reappear_as_historical_da ... ok
2026-09-09T20:37:27.3751775Z test requirements_reuse::tests::reuse_rule_rejects_duplicate_binding_key ... ok
2026-09-09T20:37:27.3752951Z test requirements_reuse::tests::reuse_rule_rejects_empty_binding_set ... ok
2026-09-09T20:37:27.3753814Z test resolution_tests::context_instance_must_match_res_spec_exactly ... ok
2026-09-09T20:37:27.3754756Z test resolution_tests::arbitrary_precision_position_cannot_overflow_into_a_valid_index ... ok
2026-09-09T20:37:27.3755495Z test resolution_tests::coupled_target_uses_the_effective_updated_vector ... ok
2026-09-09T20:37:27.3756519Z test requirements_reuse::tests::same_rule_reference_with_changed_binding_is_not_reusable ... ok
2026-09-09T20:37:27.3757535Z test resolution_tests::mechanism_instance_must_match_res_spec_exactly ... ok
2026-09-09T20:37:27.3758451Z test resolution_tests::cell_target_u_is_reviewable_and_closure_remains_u ... ok
2026-09-09T20:37:27.3759340Z test resolution_tests::non_evaluable_target_is_rejected_with_e305 ... ok
2026-09-09T20:37:27.3760226Z test resolution_tests::position_beyond_effective_vector_is_rejected ... ok
2026-09-09T20:37:27.3761069Z test resolution_tests::res_spec_preserves_opaque_contract_references ... ok
2026-09-09T20:37:27.3761908Z test resolution_tests::review_does_not_mutate_the_effective_state ... ok
2026-09-09T20:37:27.3763140Z test resolution_tests::review_material_never_becomes_positive_closure_by_execution_alone ... ok
2026-09-09T20:37:27.3764054Z test resolution_tests::zero_position_is_rejected_as_not_one_based ... ok
2026-09-09T20:37:27.3764454Z test tests::technical_invalidity_is_not_u ... ok
2026-09-09T20:37:27.3764810Z test tests::tri_has_a_stable_one_byte_representation ... ok
2026-09-09T20:37:27.3765214Z test resolution_tests::target_value_must_be_a_constituted_u ... ok
2026-09-09T20:37:27.3765626Z test tests::tri_is_exactly_ternary_at_the_public_boundary ... ok
2026-09-09T20:37:27.3766022Z test tests::tri_numeric_representation_is_canonical ... ok
2026-09-09T20:37:27.3766381Z test tests::tri_roundtrip_is_canonical ... ok
2026-09-09T20:37:27.3766723Z test tests::tri_textual_representation_is_canonical ... ok
2026-09-09T20:37:27.3767139Z test tests::version_constants_match_the_integrated_frontend_contract ... ok
2026-09-09T20:37:27.3767685Z test transition_data_wellformed::tests::decimal_order_does_not_narrow_unbounded_naturals ... ok
2026-09-09T20:37:27.3768229Z test wellformed::tests::decimal_order_does_not_narrow_unbounded_nat ... ok
2026-09-09T20:37:27.3768518Z 
2026-09-09T20:37:27.3768752Z test result: ok. 211 passed; 0 failed; 0 ignored; 0 measured; 0 filtered out; finished in 0.03s
2026-09-09T20:37:27.3769090Z 
2026-09-09T20:37:27.3769436Z      Running tests/architecture_type_guards.rs (rust/target/debug/deps/architecture_type_guards-e63f5ba1c527b1f9)
2026-09-09T20:37:27.3770047Z 
2026-09-09T20:37:27.3770200Z running 3 tests
2026-09-09T20:37:27.3770684Z test el_cierre_interno_historico_falla_en_sintaxis ... ok
2026-09-09T20:37:27.3771440Z test salida_ajena_al_codominio_alcanza_la_guarda_semantica ... ok
2026-09-09T20:37:27.3772247Z test sustituir_solo_la_salida_por_un_miembro_declarado_admite_la_tabla ... ok
2026-09-09T20:37:27.3773050Z 
2026-09-09T20:37:27.3773482Z test result: ok. 3 passed; 0 failed; 0 ignored; 0 measured; 0 filtered out; finished in 0.00s
2026-09-09T20:37:27.3774022Z 
2026-09-09T20:37:27.3774038Z 
2026-09-09T20:37:27.3774186Z running 3 tests
2026-09-09T20:37:27.3776569Z test compose_graph_exige_composition_graph_en_ambos_perfiles ... ok
2026-09-09T20:37:27.3777116Z test frame_architecture_exige_composition_graph_en_ambos_perfiles ... ok
2026-09-09T20:37:27.3778625Z test frame_y_compose_conservan_sus_controles_validos ... ok
2026-09-09T20:37:27.3779071Z 
2026-09-09T20:37:27.3779498Z test result: ok. 3 passed; 0 failed; 0 ignored; 0 measured; 0 filtered out; finished in 0.00s
2026-09-09T20:37:27.3780369Z 
2026-09-09T20:37:27.3781125Z      Running tests/bindings.rs (rust/target/debug/deps/bindings-e3479c09a1b0b2e2)
2026-09-09T20:37:27.3791367Z 
2026-09-09T20:37:27.3791522Z running 45 tests
2026-09-09T20:37:27.4053508Z test l00_identidad_vacia ... ok
2026-09-09T20:37:27.4053973Z test l00_esquema ... ok
2026-09-09T20:37:27.4131411Z test l00_operacion_duplicada ... ok
2026-09-09T20:37:27.4329103Z test l01_version ... ok
2026-09-09T20:37:27.4403211Z test l02_orden_expectativa ... ok
2026-09-09T20:37:27.4404018Z test l00_uso_duplicado ... ok
2026-09-09T20:37:27.4628386Z test l03_programa ... ok
2026-09-09T20:37:27.4701293Z test l04_bytes ... ok
2026-09-09T20:37:27.4701998Z test l05_version_duplicada ... ok
2026-09-09T20:37:27.4933292Z test l06_referencia_ausente ... ok
2026-09-09T20:37:27.5017228Z test l07_clase ... ok
2026-09-09T20:37:27.5223049Z test l06_referencia_exacta ... ok
2026-09-09T20:37:27.5250043Z test l08_instancia_duplicada ... ok
2026-09-09T20:37:27.5316520Z test l09_parametro ... ok
2026-09-09T20:37:27.5513038Z test l09_propietario ... ok
2026-09-09T20:37:27.5583364Z test l10_admision_ajena ... ok
2026-09-09T20:37:27.5653097Z test l10_admision_tipo ... ok
2026-09-09T20:37:27.5835694Z test controles_positivos_preservan_identidad_orden_y_multiplicidad ... ok
2026-09-09T20:37:27.5837412Z test l10_captura_ajena ... ok
2026-09-09T20:37:27.5895323Z test l11_numeral_admision ... ok
2026-09-09T20:37:27.5923964Z test l10_captura_tipo ... ok
2026-09-09T20:37:27.6194550Z test l13_espacio ... ok
2026-09-09T20:37:27.6229088Z test l13_ternarizador_ajeno ... ok
2026-09-09T20:37:27.6363289Z test l12_regla ... ok
2026-09-09T20:37:27.6413009Z test l11_numeral_captura ... ok
2026-09-09T20:37:27.6506764Z test l14_procedencia ... ok
2026-09-09T20:37:27.6533095Z test l15_operacion ... ok
2026-09-09T20:37:27.6671693Z test l16_instancia_ausente ... ok
2026-09-09T20:37:27.6686584Z test l15_version_operacion ... ok
2026-09-09T20:37:27.6862910Z test l17_destino_ausente ... ok
2026-09-09T20:37:27.6943128Z test l18_destino_ausente ... ok
2026-09-09T20:37:27.6959954Z test l18_nodo_ajeno ... ok
2026-09-09T20:37:27.6988680Z test l18_destino_tipo ... ok
2026-09-09T20:37:27.7167901Z test l19_cero ... ok
2026-09-09T20:37:27.7233676Z test l19_diez ... ok
2026-09-09T20:37:27.7293223Z test l19_nat_grande ... ok
2026-09-09T20:37:27.7303663Z test l20_colision ... ok
2026-09-09T20:37:27.7523646Z test l21_comparticion_ausente ... ok
2026-09-09T20:37:27.7553143Z test l22_alias_destino ... ok
2026-09-09T20:37:27.7613272Z test l22_alias_instancia ... ok
2026-09-09T20:37:27.7653152Z test l22_alias_posterior ... ok
2026-09-09T20:37:27.7783532Z test l23_comparticion_incompleta ... ok
2026-09-09T20:37:27.7837198Z test l23_comparticion_orden ... ok
2026-09-09T20:37:27.7893754Z test l24_lateral_oculta ... ok
2026-09-09T20:37:27.7937433Z test l24_lateral_ausente ... ok
2026-09-09T20:37:27.7937751Z 
2026-09-09T20:37:27.7938171Z test result: ok. 45 passed; 0 failed; 0 ignored; 0 measured; 0 filtered out; finished in 0.41s
2026-09-09T20:37:27.7938747Z 
2026-09-09T20:37:27.7942485Z      Running tests/bridge_set.rs (rust/target/debug/deps/bridge_set-38720aba5ea81af3)
2026-09-09T20:37:27.7954908Z 
2026-09-09T20:37:27.7955166Z running 3 tests
2026-09-09T20:37:27.7961930Z test existing_range_rejection_keeps_precedence ... ok
2026-09-09T20:37:27.7962930Z test empty_set_and_declared_order_are_preserved ... ok
2026-09-09T20:37:27.7963673Z test duplicate_nat_positions_are_rejected_before_ir_admission ... ok
2026-09-09T20:37:27.7964187Z 
2026-09-09T20:37:27.7964680Z test result: ok. 3 passed; 0 failed; 0 ignored; 0 measured; 0 filtered out; finished in 0.00s
2026-09-09T20:37:27.7965298Z 
2026-09-09T20:37:27.7966416Z      Running tests/cell_geometry_native.rs (rust/target/debug/deps/cell_geometry_native-f5d08cc51e268b59)
2026-09-09T20:37:27.7976741Z 
2026-09-09T20:37:27.7976893Z running 4 tests
2026-09-09T20:37:27.7983574Z test b_menor_que_tres_se_rechaza_nativamente_en_ambos_perfiles ... ok
2026-09-09T20:37:27.7984137Z test b_tres_y_b_cuatro_derivan_nueve_y_dieciseis_posiciones ... ok
2026-09-09T20:37:27.7985186Z test vector_de_longitud_dieciseis_es_admisible_para_b_cuatro ... ok
2026-09-09T20:37:27.7985638Z test longitud_de_vector_distinta_de_n_se_rechaza_nativamente ... ok
2026-09-09T20:37:27.7985912Z 
2026-09-09T20:37:27.7986162Z test result: ok. 4 passed; 0 failed; 0 ignored; 0 measured; 0 filtered out; finished in 0.00s
2026-09-09T20:37:27.7986521Z 
2026-09-09T20:37:27.7987863Z      Running tests/codomain_uniqueness.rs (rust/target/debug/deps/codomain_uniqueness-9d387cf8f1c88b1b)
2026-09-09T20:37:27.7997616Z 
2026-09-09T20:37:27.7997745Z running 3 tests
2026-09-09T20:37:27.8002330Z test n0_01_el_ensamblaje_no_rescata_un_codominio_duplicado ... ok
2026-09-09T20:37:27.8003113Z test n0_01_conserva_codominios_distintos_en_ambos_perfiles ... ok
2026-09-09T20:37:27.8003596Z test n0_01_rechaza_miembro_duplicado_en_ambos_perfiles ... ok
2026-09-09T20:37:27.8003851Z 
2026-09-09T20:37:27.8004084Z test result: ok. 3 passed; 0 failed; 0 ignored; 0 measured; 0 filtered out; finished in 0.00s
2026-09-09T20:37:27.8004436Z 
2026-09-09T20:37:27.8005227Z      Running tests/context_wellformed.rs (rust/target/debug/deps/context_wellformed-d96c5ed24650c13e)
2026-09-09T20:37:27.8014550Z 
2026-09-09T20:37:27.8014688Z running 11 tests
2026-09-09T20:37:27.8123374Z test query_architecture_cell_ajena ... ok
2026-09-09T20:37:27.8146185Z test query_architecture_eval_celda_ajena ... ok
2026-09-09T20:37:27.8163426Z test query_architecture_gate_entrada_ajena ... ok
2026-09-09T20:37:27.8183497Z test query_architecture_eval_nodo_ajeno ... ok
2026-09-09T20:37:27.8262269Z test query_comparison_frame_ajeno ... ok
2026-09-09T20:37:27.8268045Z test query_coverage_interface_ajena ... ok
2026-09-09T20:37:27.8299380Z test query_coverage_silent_u_ajena ... ok
2026-09-09T20:37:27.8300340Z test query_point_frame_ajeno ... ok
2026-09-09T20:37:27.8353287Z test trajectory_frame_arquitectura_distinta ... ok
2026-09-09T20:37:27.8358183Z test query_trajectory_ajena ... ok
2026-09-09T20:37:27.8374378Z test trajectory_horizon_arquitectura_distinta ... ok
2026-09-09T20:37:27.8374814Z 
2026-09-09T20:37:27.8375199Z test result: ok. 11 passed; 0 failed; 0 ignored; 0 measured; 0 filtered out; finished in 0.04s
2026-09-09T20:37:27.8375629Z 
2026-09-09T20:37:27.8377593Z      Running tests/cyb_authority_boundary.rs (rust/target/debug/deps/cyb_authority_boundary-ad89efce2fcd2b6c)
2026-09-09T20:37:27.8386665Z 
2026-09-09T20:37:27.8386874Z running 9 tests
2026-09-09T20:37:27.8791599Z test fa02_macro_no_elude_referencia_privada ... ok
2026-09-09T20:37:27.8819312Z test fa01_referencia_de_autoridad_privada ... ok
2026-09-09T20:37:27.8821467Z test fa03_premisa_externa_no_fabricable ... ok
2026-09-09T20:37:27.9207005Z test fa04_macro_no_elude_premisa_privada ... ok
2026-09-09T20:37:27.9316225Z test fa06_resultado_elegido_no_es_permiso ... ok
2026-09-09T20:37:27.9332319Z test fa05_ligadura_validada_no_es_autoridad ... ok
2026-09-09T20:37:27.9649272Z test fa07_booleano_no_sustituye_premisa ... ok
2026-09-09T20:37:28.0321817Z test datos_documentales_no_constituyen_autoridad ... ok
2026-09-09T20:37:28.0697979Z      Running tests/cyb_reception.rs (rust/target/debug/deps/cyb_reception-28ef2efde3c31c5a)
2026-09-09T20:37:28.0698793Z test macro_de_datos_nominales_admitida ... ok
2026-09-09T20:37:28.0699131Z 
2026-09-09T20:37:28.0699520Z test result: ok. 9 passed; 0 failed; 0 ignored; 0 measured; 0 filtered out; finished in 0.23s
2026-09-09T20:37:28.0700071Z 
2026-09-09T20:37:28.0705806Z 
2026-09-09T20:37:28.0706175Z running 12 tests
2026-09-09T20:37:28.4242947Z test cyb_instancias_documentales_independientes ... ok
2026-09-09T20:37:28.9053795Z test cyb_rechazos_causales_y_reparaciones ... ok
2026-09-09T20:37:31.3123494Z test cyb_definicion_y_modulos_exactos ... ok
2026-09-09T20:37:32.7210315Z test cyb_ensamblaje_directo ... ok
2026-09-09T20:37:32.7215840Z test probe::json::tests::preserves_fixed_values_order_and_unicode ... ok
2026-09-09T20:37:32.7217155Z test probe::json::tests::rejects_duplicate_and_index_keys ... ok
2026-09-09T20:37:32.7218662Z test probe::json::tests::rejects_invalid_unicode_and_utf8 ... ok
2026-09-09T20:37:32.7219542Z test probe::json::tests::rejects_json_syntax_instead_of_repairing_it ... ok
2026-09-09T20:37:32.7220584Z test probe::json::tests::rejects_numeric_conversion_before_it_loses_information ... ok
2026-09-09T20:37:32.7283287Z test cyb_ensamblaje_inverso ... ok
2026-09-09T20:37:33.0631331Z test cyb_transporte_en ... ok
2026-09-09T20:37:34.4163338Z test cyb_transporte_es ... ok
2026-09-09T20:37:34.4163677Z 
2026-09-09T20:37:34.4164480Z test result: ok. 12 passed; 0 failed; 0 ignored; 0 measured; 0 filtered out; finished in 6.35s
2026-09-09T20:37:34.4165138Z 
2026-09-09T20:37:34.4168646Z      Running tests/diagnostic_frontend.rs (rust/target/debug/deps/diagnostic_frontend-cfe398c76c30e302)
2026-09-09T20:37:34.4179060Z 
2026-09-09T20:37:34.4179348Z running 7 tests
2026-09-09T20:37:34.4185071Z test lexical_character_and_foreign_surface_keep_original_ranges ... ok
2026-09-09T20:37:34.4186676Z test eof_preserves_original_utf8_bytes_and_selected_language ... ok
2026-09-09T20:37:34.4188318Z test mixed_assembly_attributes_only_the_faulty_unit_even_with_duplicate_file_names ... ok
2026-09-09T20:37:34.4189547Z test optional_fields_repetition_and_order_are_distinct ... ok
2026-09-09T20:37:34.4190582Z      Running tests/diagnostic_validation.rs (rust/target/debug/deps/diagnostic_validation-bc49d6b5f0b03927)
2026-09-09T20:37:34.4191303Z test quoted_text_is_not_copied_into_the_new_explanation ... ok
2026-09-09T20:37:34.4192000Z test source_hash_changes_with_original_bytes_without_normalization ... ok
2026-09-09T20:37:34.4193500Z test valid_foreign_contextual_identifiers_and_professional_literals_are_unchanged ... ok
2026-09-09T20:37:34.4194380Z 
2026-09-09T20:37:34.4195036Z test result: ok. 7 passed; 0 failed; 0 ignored; 0 measured; 0 filtered out; finished in 0.00s
2026-09-09T20:37:34.4195729Z 
2026-09-09T20:37:34.4199988Z 
2026-09-09T20:37:34.4200145Z running 8 tests
2026-09-09T20:37:34.4208366Z test cases::cobertura_no_se_inventa_para_causas_pendientes ... ok
2026-09-09T20:37:34.4209228Z test cases::colision_conserva_ambas_declaraciones_aunque_coincida_el_archivo ... ok
2026-09-09T20:37:34.4210490Z test cases::codominio_causa_codigo_prosa_y_control_en_ambos_perfiles ... ok
2026-09-09T20:37:34.4211664Z test cases::colision_objeto_operacion_y_operacion_operacion_conserva_precedencia ... ok
2026-09-09T20:37:34.4213100Z test cases::base_y_dominios_cerrados_se_localizan_sin_crear_codigos ... ok
2026-09-09T20:37:34.4214388Z test cases::fallo_local_no_atribuye_defecto_a_unidad_sana_y_huella_es_original ... ok
2026-09-09T20:37:34.4218334Z test cases::referencias_cruzadas_conservan_contextos_por_unidad_y_orden ... ok
2026-09-09T20:37:34.4221981Z test cases::semantica_distingue_repetidas_ausentes_y_ajenas_sin_revelar_textos ... ok
2026-09-09T20:37:34.4222850Z 
2026-09-09T20:37:34.4223195Z test result: ok. 8 passed; 0 failed; 0 ignored; 0 measured; 0 filtered out; finished in 0.00s
2026-09-09T20:37:34.4223727Z 
2026-09-09T20:37:34.4224653Z      Running tests/domain_parameters.rs (rust/target/debug/deps/domain_parameters-48cafe0685ab2722)
2026-09-09T20:37:34.4234085Z 
2026-09-09T20:37:34.4234273Z running 3 tests
2026-09-09T20:37:34.4242076Z test exact_names_and_order_are_preserved_without_numeric_binding ... ok
2026-09-09T20:37:34.4243330Z test unconsumed_domain_rejects_repeated_nominal_identity ... ok
2026-09-09T20:37:34.4250050Z test previous_chain_and_reference_rejections_remain_first ... ok
2026-09-09T20:37:34.4250553Z 
2026-09-09T20:37:34.4251018Z test result: ok. 3 passed; 0 failed; 0 ignored; 0 measured; 0 filtered out; finished in 0.00s
2026-09-09T20:37:34.4251655Z 
2026-09-09T20:37:34.4252367Z      Running tests/gh_bindings.rs (rust/target/debug/deps/gh_bindings-af743f2f014cd251)
2026-09-09T20:37:34.4261930Z 
2026-09-09T20:37:34.4262111Z running 8 tests
2026-09-09T20:37:34.4564663Z test estado_propuesta ... ok
2026-09-09T20:37:34.4565158Z test antecedente_enmienda ... ok
2026-09-09T20:37:34.4565791Z test adjudicacion_separada ... ok
2026-09-09T20:37:34.4566512Z test atribucion_documental ... ok
2026-09-09T20:37:34.4827726Z test u_y_configuracion_ausente ... ok
2026-09-09T20:37:34.4853997Z test ligaduras_ordenadas ... ok
2026-09-09T20:37:34.4854636Z test extremo_de_ventana ... ok
2026-09-09T20:37:34.4864113Z test unidad_metodo_referencia ... ok
2026-09-09T20:37:34.4864440Z 
2026-09-09T20:37:34.4864798Z test result: ok. 8 passed; 0 failed; 0 ignored; 0 measured; 0 filtered out; finished in 0.06s
2026-09-09T20:37:34.4865170Z 
2026-09-09T20:37:34.4868583Z      Running tests/grammar_closed_domains.rs (rust/target/debug/deps/grammar_closed_domains-bcf8bb67d13e224c)
2026-09-09T20:37:34.4877502Z 
2026-09-09T20:37:34.4877686Z running 5 tests
2026-09-09T20:37:34.4882295Z test dg01_rechaza_kind_ajeno_en_y_es ... ok
2026-09-09T20:37:34.4883146Z test dg02_rechaza_pattern_ajeno_en_y_es ... ok
2026-09-09T20:37:34.4888332Z test dg03_rechaza_regime_ajeno_en_y_es ... ok
2026-09-09T20:37:34.4889030Z test ensamblaje_no_rescata_un_literal_ajeno_de_otra_unidad ... ok
2026-09-09T20:37:34.4890141Z test dominios_canónicos_siguen_admitidos_en_y_es ... ok
2026-09-09T20:37:34.4890467Z 
2026-09-09T20:37:34.4890997Z test result: ok. 5 passed; 0 failed; 0 ignored; 0 measured; 0 filtered out; finished in 0.00s
2026-09-09T20:37:34.4891503Z 
2026-09-09T20:37:34.4892054Z      Running tests/horizon_architecture.rs (rust/target/debug/deps/horizon_architecture-1615d4acc492fca6)
2026-09-09T20:37:34.4901228Z 
2026-09-09T20:37:34.4901402Z running 5 tests
2026-09-09T20:37:34.4919614Z test n0_04_existing_graph_must_be_wellformed ... ok
2026-09-09T20:37:34.4930686Z test n0_04_forward_reference_preserves_graph_and_events ... ok
2026-09-09T20:37:34.4931769Z test n0_04_missing_wrong_type_self_and_operation_in_both_profiles ... ok
2026-09-09T20:37:34.4932992Z test n0_04_agent_identity_and_equal_missing_names ... ok
2026-09-09T20:37:34.4942893Z test n0_04_mixed_assembly_resolves_or_rejects_in_both_orders ... ok
2026-09-09T20:37:34.4943396Z 
2026-09-09T20:37:34.4943860Z test result: ok. 5 passed; 0 failed; 0 ignored; 0 measured; 0 filtered out; finished in 0.00s
2026-09-09T20:37:34.4944462Z 
2026-09-09T20:37:34.4945294Z      Running tests/horizon_events.rs (rust/target/debug/deps/horizon_events-be5410cda4fd3acb)
2026-09-09T20:37:34.4954558Z 
2026-09-09T20:37:34.4954745Z running 3 tests
2026-09-09T20:37:34.4961579Z test duplicate_types_are_rejected_in_an_unconsumed_horizon ... ok
2026-09-09T20:37:34.4962381Z test uniqueness_is_local_and_preserves_declared_order ... ok
2026-09-09T20:37:34.4965984Z test previous_reference_empty_and_membership_diagnostics_remain_first ... ok
2026-09-09T20:37:34.4966591Z 
2026-09-09T20:37:34.4967021Z test result: ok. 3 passed; 0 failed; 0 ignored; 0 measured; 0 filtered out; finished in 0.00s
2026-09-09T20:37:34.4967605Z 
2026-09-09T20:37:34.4968071Z      Running tests/json_projection.rs (rust/target/debug/deps/json_projection-64ea6a6ff1da5665)
2026-09-09T20:37:34.4977383Z 
2026-09-09T20:37:34.4977569Z running 5 tests
2026-09-09T20:37:34.4986137Z test n0_03_conserva_guarda_previa_del_otro_mapa_variable ... ok
2026-09-09T20:37:34.4987062Z test n0_03_conserva_claves_compartidas_entre_mapas_y_mapa_vacio ... ok
2026-09-09T20:37:34.4987909Z test n0_03_ensamblaje_no_rescata_duplicados_sin_celda ... ok
2026-09-09T20:37:34.4988533Z test n0_03_rechaza_semantica_no_enlazada_en_es_en ... ok
2026-09-09T20:37:34.4989207Z test n0_03_ensamblaje_conserva_ambitos_y_referencias_de_n0_02 ... ok
2026-09-09T20:37:34.4989537Z 
2026-09-09T20:37:34.4989847Z test result: ok. 5 passed; 0 failed; 0 ignored; 0 measured; 0 filtered out; finished in 0.00s
2026-09-09T20:37:34.4990459Z 
2026-09-09T20:37:34.4990928Z      Running tests/optional_fields.rs (rust/target/debug/deps/optional_fields-7aac2bf55c50ed5b)
2026-09-09T20:37:34.4999173Z 
2026-09-09T20:37:34.4999313Z running 2 tests
2026-09-09T20:37:34.5003997Z test optional_absence_and_list_occurrences_are_preserved ... ok
2026-09-09T20:37:34.5005301Z test malformed_declarations_are_rejected_without_a_consumer ... ok
2026-09-09T20:37:34.5005673Z 
2026-09-09T20:37:34.5006149Z test result: ok. 2 passed; 0 failed; 0 ignored; 0 measured; 0 filtered out; finished in 0.00s
2026-09-09T20:37:34.5006535Z 
2026-09-09T20:37:34.5008463Z      Running tests/output_semantics_totality.rs (rust/target/debug/deps/output_semantics_totality-5bda3ca7398b0654)
2026-09-09T20:37:34.5017417Z 
2026-09-09T20:37:34.5017598Z running 6 tests
2026-09-09T20:37:34.5025258Z test n0_02_otra_semantica_no_completa_la_referenciada ... ok
2026-09-09T20:37:34.5028169Z test n0_02_ensambla_relacion_total_entre_unidades_en_es ... ok
2026-09-09T20:37:34.5029274Z test n0_02_cada_celda_comprueba_su_codominio_aunque_comparta_semantica ... ok
2026-09-09T20:37:34.5030146Z test n0_02_preserva_orden_y_textos_compartidos_en_es_en ... ok
2026-09-09T20:37:34.5035692Z test n0_02_ensamblaje_no_rescata_relacion_invalida ... ok
2026-09-09T20:37:34.5043631Z test n0_02_rechaza_cuatro_defectos_en_es_en_y_referencias_adelantadas ... ok
2026-09-09T20:37:34.5044210Z 
2026-09-09T20:37:34.5044669Z test result: ok. 6 passed; 0 failed; 0 ignored; 0 measured; 0 filtered out; finished in 0.00s
2026-09-09T20:37:34.5045303Z 
2026-09-09T20:37:34.5046245Z      Running tests/projection_metadata_native.rs (rust/target/debug/deps/projection_metadata_native-9cceed390e7393ea)
2026-09-09T20:37:34.5056573Z 
2026-09-09T20:37:34.5056764Z running 3 tests
2026-09-09T20:37:34.5062284Z test proyeccion_emite_una_vez_version_fichero_y_huella_reales ... ok
2026-09-09T20:37:34.5063316Z test bytes_fuente_distintos_modifican_la_huella_y_su_emision ... ok
2026-09-09T20:37:34.5064327Z test source_file_modifica_la_proyeccion_sin_alterar_la_huella_del_contenido ... ok
2026-09-09T20:37:34.5064771Z 
2026-09-09T20:37:34.5065226Z test result: ok. 3 passed; 0 failed; 0 ignored; 0 measured; 0 filtered out; finished in 0.00s
2026-09-09T20:37:34.5065642Z 
2026-09-09T20:37:34.5066162Z      Running tests/transition_data_wellformed.rs (rust/target/debug/deps/transition_data_wellformed-9a9fd0956cc5e69a)
2026-09-09T20:37:34.5075314Z 
2026-09-09T20:37:34.5075482Z running 6 tests
2026-09-09T20:37:34.5087271Z test transition_data_rechaza_destino_inducido_repetido_con_valor_igual_o_distinto ... ok
2026-09-09T20:37:34.5088829Z test transition_data_admite_nodos_declarados_posiciones_extremas_e_instancias_compartidas ... ok
2026-09-09T20:37:34.5089947Z test ensamblaje_mixto_no_rescata_transition_data_invalido ... ok
2026-09-09T20:37:34.5090799Z test transition_data_rechaza_cero_y_posicion_superior_a_n_sin_estrechar_nat ... ok
2026-09-09T20:37:34.5098604Z test transition_data_rechaza_nodo_ausente_tipo_incorrecto_o_fuera_de_arquitectura ... ok
2026-09-09T20:37:34.5099695Z test transition_data_rechaza_tipo_de_suceso_repetido_con_valor_igual_o_distinto ... ok
2026-09-09T20:37:34.5100314Z 
2026-09-09T20:37:34.5100612Z test result: ok. 6 passed; 0 failed; 0 ignored; 0 measured; 0 filtered out; finished in 0.00s
2026-09-09T20:37:34.5101070Z 
2026-09-09T20:37:34.5101654Z      Running unittests src/main.rs (rust/target/debug/deps/sv_native-0aa23a621949d383)
2026-09-09T20:37:34.5110563Z 
2026-09-09T20:37:34.5110816Z running 0 tests
2026-09-09T20:37:34.5111069Z 
2026-09-09T20:37:34.5111516Z test result: ok. 0 passed; 0 failed; 0 ignored; 0 measured; 0 filtered out; finished in 0.00s
2026-09-09T20:37:34.5112134Z 
2026-09-09T20:37:34.5114448Z      Running unittests src/lib.rs (rust/target/debug/deps/sv_wasm-30d2e6110c8bbd15)
2026-09-09T20:37:34.5122023Z 
2026-09-09T20:37:34.5122267Z running 2 tests
2026-09-09T20:37:34.5125351Z test tests::exported_versions_match_core ... ok
2026-09-09T20:37:34.5126045Z test tests::wasm_boundary_delegates_tri_to_core ... ok
2026-09-09T20:37:34.5126456Z 
2026-09-09T20:37:34.5126847Z test result: ok. 2 passed; 0 failed; 0 ignored; 0 measured; 0 filtered out; finished in 0.00s
2026-09-09T20:37:34.5127385Z 
2026-09-09T20:37:34.5127488Z    Doc-tests sv_core
2026-09-09T20:37:34.6375258Z 
2026-09-09T20:37:34.6376050Z running 17 tests
2026-09-09T20:37:34.6711896Z test sv_core/src/control.rs - control (line 10) - compile fail ... ok
2026-09-09T20:37:34.6714091Z test sv_core/src/authority/transitions.rs - authority::transitions::ExternalGenesisPremise (line 63) - compile fail ... ok
2026-09-09T20:37:34.6716406Z test sv_core/src/admissibility.rs - admissibility::AdmissibilityState (line 11) - compile fail ... ok
2026-09-09T20:37:34.6727195Z test sv_core/src/admissibility.rs - admissibility::CaptureOutcome (line 70) - compile fail ... ok
2026-09-09T20:37:34.7051855Z test sv_core/src/decision_trace.rs - decision_trace::DecisionTrace (line 330) - compile fail ... ok
2026-09-09T20:37:34.7084342Z test sv_core/src/control.rs - control (line 20) - compile fail ... ok
2026-09-09T20:37:34.7103055Z test sv_core/src/lib.rs - (line 13) - compile fail ... ok
2026-09-09T20:37:34.7123906Z test sv_core/src/execution.rs - execution::ExecutionRequest (line 216) - compile fail ... ok
2026-09-09T20:37:34.7388195Z test sv_core/src/lib.rs - (line 17) - compile fail ... ok
2026-09-09T20:37:34.7424064Z test sv_core/src/lib.rs - (line 21) - compile fail ... ok
2026-09-09T20:37:34.7471188Z test sv_core/src/lib.rs - (line 27) - compile fail ... ok
2026-09-09T20:37:34.7486447Z test sv_core/src/mediation.rs - mediation::MediatedEffectCommitment (line 24) - compile fail ... ok
2026-09-09T20:37:34.7692239Z test sv_core/src/permission.rs - permission (line 10) - compile fail ... ok
2026-09-09T20:37:34.7719817Z test sv_core/src/permission.rs - permission (line 17) - compile fail ... ok
2026-09-09T20:37:34.7839983Z test sv_core/src/requirements_bridge.rs - requirements_bridge::ResolvedRequirementResult (line 121) - compile fail ... ok
2026-09-09T20:37:34.7842478Z test sv_core/src/requirements_reuse.rs - requirements_reuse::HistoricalQualifiedRequirementResult (line 156) - compile fail ... ok
2026-09-09T20:37:34.7970048Z test sv_core/src/requirements_reuse.rs - requirements_reuse::reuse_historical_requirement_result (line 368) - compile fail ... ok
2026-09-09T20:37:34.7970741Z 
2026-09-09T20:37:34.7971074Z test result: ok. 17 passed; 0 failed; 0 ignored; 0 measured; 0 filtered out; finished in 0.16s
2026-09-09T20:37:34.7971572Z 
2026-09-09T20:37:34.7985365Z    Doc-tests sv_wasm
2026-09-09T20:37:34.8118961Z 
2026-09-09T20:37:34.8119394Z running 0 tests
2026-09-09T20:37:34.8119636Z 
2026-09-09T20:37:34.8119945Z test result: ok. 0 passed; 0 failed; 0 ignored; 0 measured; 0 filtered out; finished in 0.00s
2026-09-09T20:37:34.8120351Z 
2026-09-09T20:37:34.8198302Z ##[group]Run cargo build --manifest-path rust/Cargo.toml --release -p sv_native
2026-09-09T20:37:34.8198927Z [36;1mcargo build --manifest-path rust/Cargo.toml --release -p sv_native[0m
2026-09-09T20:37:34.8236574Z shell: /usr/bin/bash -e {0}
2026-09-09T20:37:34.8236840Z ##[endgroup]
2026-09-09T20:37:34.8467604Z    Compiling sv_core v0.1.0 (/home/runner/work/SV-lenguaje-de-computacion/SV-lenguaje-de-computacion/rust/sv_core)
2026-09-09T20:37:35.6909136Z warning: associated function `from_core_id` is never used
2026-09-09T20:37:35.6910428Z    --> sv_core/src/control.rs:155:27
2026-09-09T20:37:35.6911233Z     |
2026-09-09T20:37:35.6911730Z 141 |           impl $name {
2026-09-09T20:37:35.6912884Z     |           ---------- associated function in this implementation
2026-09-09T20:37:35.6913674Z ...
2026-09-09T20:37:35.6914271Z 155 |               pub(crate) fn from_core_id(id: ControlId) -> Self {
2026-09-09T20:37:35.6914959Z     |                             ^^^^^^^^^^^^
2026-09-09T20:37:35.6915507Z ...
2026-09-09T20:37:35.6915860Z 162 | / opaque_control_ref!(
2026-09-09T20:37:35.6916334Z 163 | |     InformationRef,
2026-09-09T20:37:35.6917326Z 164 | |     "Referencia nominal a información dentro del dominio de control."
2026-09-09T20:37:35.6917963Z 165 | | );
2026-09-09T20:37:35.6918271Z     | |_- in this macro invocation
2026-09-09T20:37:35.6918659Z     |
2026-09-09T20:37:35.6919157Z     = note: `#[warn(dead_code)]` (part of `#[warn(unused)]`) on by default
2026-09-09T20:37:35.6920498Z     = note: this warning originates in the macro `opaque_control_ref` (in Nightly builds, run with -Z macro-backtrace for more info)
2026-09-09T20:37:35.6921646Z 
2026-09-09T20:37:35.6921918Z warning: associated function `from_core_id` is never used
2026-09-09T20:37:35.6923157Z    --> sv_core/src/control.rs:155:27
2026-09-09T20:37:35.6923646Z     |
2026-09-09T20:37:35.6924013Z 141 |           impl $name {
2026-09-09T20:37:35.6924607Z     |           ---------- associated function in this implementation
2026-09-09T20:37:35.6925152Z ...
2026-09-09T20:37:35.6925546Z 155 |               pub(crate) fn from_core_id(id: ControlId) -> Self {
2026-09-09T20:37:35.6926123Z     |                             ^^^^^^^^^^^^
2026-09-09T20:37:35.6926549Z ...
2026-09-09T20:37:35.6926854Z 166 | / opaque_control_ref!(
2026-09-09T20:37:35.6927269Z 167 | |     AdmittedEvidenceRef,
2026-09-09T20:37:35.6928184Z 168 | |     "Referencia a evidencia cuya admisión debe proceder de una verificación gobernada."
2026-09-09T20:37:35.6928935Z 169 | | );
2026-09-09T20:37:35.6929266Z     | |_- in this macro invocation
2026-09-09T20:37:35.6929661Z     |
2026-09-09T20:37:35.6930463Z     = note: this warning originates in the macro `opaque_control_ref` (in Nightly builds, run with -Z macro-backtrace for more info)
2026-09-09T20:37:35.6931283Z 
2026-09-09T20:37:35.6931524Z warning: associated function `from_core_id` is never used
2026-09-09T20:37:35.6932077Z    --> sv_core/src/control.rs:155:27
2026-09-09T20:37:35.6932490Z     |
2026-09-09T20:37:35.6933116Z 141 |           impl $name {
2026-09-09T20:37:35.6933657Z     |           ---------- associated function in this implementation
2026-09-09T20:37:35.6934029Z ...
2026-09-09T20:37:35.6934426Z 155 |               pub(crate) fn from_core_id(id: ControlId) -> Self {
2026-09-09T20:37:35.6935060Z     |                             ^^^^^^^^^^^^
2026-09-09T20:37:35.6935523Z ...
2026-09-09T20:37:35.6935831Z 170 | / opaque_control_ref!(
2026-09-09T20:37:35.6936234Z 171 | |     ConstitutedFactRef,
2026-09-09T20:37:35.6936858Z 172 | |     "Referencia a un hecho semántico constituido; no equivale a autoridad."
2026-09-09T20:37:35.6937254Z 173 | | );
2026-09-09T20:37:35.6937458Z     | |_- in this macro invocation
2026-09-09T20:37:35.6937702Z     |
2026-09-09T20:37:35.6938173Z     = note: this warning originates in the macro `opaque_control_ref` (in Nightly builds, run with -Z macro-backtrace for more info)
2026-09-09T20:37:35.6938634Z 
2026-09-09T20:37:35.6939028Z warning: associated function `from_core_id` is never used
2026-09-09T20:37:35.6939365Z    --> sv_core/src/control.rs:155:27
2026-09-09T20:37:35.6939604Z     |
2026-09-09T20:37:35.6939787Z 141 |           impl $name {
2026-09-09T20:37:35.6940079Z     |           ---------- associated function in this implementation
2026-09-09T20:37:35.6940384Z ...
2026-09-09T20:37:35.6940632Z 155 |               pub(crate) fn from_core_id(id: ControlId) -> Self {
2026-09-09T20:37:35.6940971Z     |                             ^^^^^^^^^^^^
2026-09-09T20:37:35.6941213Z ...
2026-09-09T20:37:35.6941387Z 174 | / opaque_control_ref!(
2026-09-09T20:37:35.6941614Z 175 | |     AuthorityRef,
2026-09-09T20:37:35.6942090Z 176 | |     "Referencia a autoridad constituida; su constructor no forma parte de la API pública."
2026-09-09T20:37:35.6942789Z 177 | | );
2026-09-09T20:37:35.6942997Z     | |_- in this macro invocation
2026-09-09T20:37:35.6943232Z     |
2026-09-09T20:37:35.6943705Z     = note: this warning originates in the macro `opaque_control_ref` (in Nightly builds, run with -Z macro-backtrace for more info)
2026-09-09T20:37:35.6944169Z 
2026-09-09T20:37:35.6944385Z warning: associated function `from_core_id` is never used
2026-09-09T20:37:35.6944708Z    --> sv_core/src/control.rs:155:27
2026-09-09T20:37:35.6944942Z     |
2026-09-09T20:37:35.6945115Z 141 |           impl $name {
2026-09-09T20:37:35.6945397Z     |           ---------- associated function in this implementation
2026-09-09T20:37:35.6945698Z ...
2026-09-09T20:37:35.6945934Z 155 |               pub(crate) fn from_core_id(id: ControlId) -> Self {
2026-09-09T20:37:35.6946259Z     |                             ^^^^^^^^^^^^
2026-09-09T20:37:35.6946501Z ...
2026-09-09T20:37:35.6946676Z 178 | / opaque_control_ref!(
2026-09-09T20:37:35.6947062Z 179 | |     EnablementRef,
2026-09-09T20:37:35.6947526Z 180 | |     "Referencia a una habilitación de autoridad ya existente; no amplía autoridad."
2026-09-09T20:37:35.6947946Z 181 | | );
2026-09-09T20:37:35.6948136Z     | |_- in this macro invocation
2026-09-09T20:37:35.6948363Z     |
2026-09-09T20:37:35.6948861Z     = note: this warning originates in the macro `opaque_control_ref` (in Nightly builds, run with -Z macro-backtrace for more info)
2026-09-09T20:37:35.6949338Z 
2026-09-09T20:37:35.6949485Z warning: associated function `from_core_id` is never used
2026-09-09T20:37:35.6949808Z    --> sv_core/src/control.rs:155:27
2026-09-09T20:37:35.6950047Z     |
2026-09-09T20:37:35.6950218Z 141 |           impl $name {
2026-09-09T20:37:35.6950496Z     |           ---------- associated function in this implementation
2026-09-09T20:37:35.6950806Z ...
2026-09-09T20:37:35.6951047Z 155 |               pub(crate) fn from_core_id(id: ControlId) -> Self {
2026-09-09T20:37:35.6951382Z     |                             ^^^^^^^^^^^^
2026-09-09T20:37:35.6951638Z ...
2026-09-09T20:37:35.6951817Z 186 | / opaque_control_ref!(
2026-09-09T20:37:35.6952037Z 187 | |     FormRef,
2026-09-09T20:37:35.6952360Z 188 | |     "Referencia a una forma de transición constituida."
2026-09-09T20:37:35.6952953Z 189 | | );
2026-09-09T20:37:35.6953161Z     | |_- in this macro invocation
2026-09-09T20:37:35.6953395Z     |
2026-09-09T20:37:35.6953885Z     = note: this warning originates in the macro `opaque_control_ref` (in Nightly builds, run with -Z macro-backtrace for more info)
2026-09-09T20:37:35.6954362Z 
2026-09-09T20:37:35.6954500Z warning: associated function `from_core_id` is never used
2026-09-09T20:37:35.6954820Z    --> sv_core/src/control.rs:155:27
2026-09-09T20:37:35.6955054Z     |
2026-09-09T20:37:35.6955244Z 141 |           impl $name {
2026-09-09T20:37:35.6955524Z     |           ---------- associated function in this implementation
2026-09-09T20:37:35.6955822Z ...
2026-09-09T20:37:35.6956058Z 155 |               pub(crate) fn from_core_id(id: ControlId) -> Self {
2026-09-09T20:37:35.6956393Z     |                             ^^^^^^^^^^^^
2026-09-09T20:37:35.6956635Z ...
2026-09-09T20:37:35.6956812Z 190 | / opaque_control_ref!(
2026-09-09T20:37:35.6957036Z 191 | |     EffectFamilyRef,
2026-09-09T20:37:35.6957585Z 192 | |     "Referencia a una familia de efectos fijada por constitución."
2026-09-09T20:37:35.6957934Z 193 | | );
2026-09-09T20:37:35.6958127Z     | |_- in this macro invocation
2026-09-09T20:37:35.6958351Z     |
2026-09-09T20:37:35.6958802Z     = note: this warning originates in the macro `opaque_control_ref` (in Nightly builds, run with -Z macro-backtrace for more info)
2026-09-09T20:37:35.6959254Z 
2026-09-09T20:37:35.6959399Z warning: associated function `from_core_id` is never used
2026-09-09T20:37:35.6959718Z    --> sv_core/src/control.rs:155:27
2026-09-09T20:37:35.6959950Z     |
2026-09-09T20:37:35.6960120Z 141 |           impl $name {
2026-09-09T20:37:35.6960411Z     |           ---------- associated function in this implementation
2026-09-09T20:37:35.6960719Z ...
2026-09-09T20:37:35.6960955Z 155 |               pub(crate) fn from_core_id(id: ControlId) -> Self {
2026-09-09T20:37:35.6961280Z     |                             ^^^^^^^^^^^^
2026-09-09T20:37:35.6961521Z ...
2026-09-09T20:37:35.6961701Z 194 | / opaque_control_ref!(
2026-09-09T20:37:35.6961921Z 195 | |     EffectRef,
2026-09-09T20:37:35.6962253Z 196 | |     "Referencia a un efecto concreto; identificarlo no equivale a autorizarlo."
2026-09-09T20:37:35.6962781Z 197 | | );
2026-09-09T20:37:35.6962970Z     | |_- in this macro invocation
2026-09-09T20:37:35.6963197Z     |
2026-09-09T20:37:35.6963643Z     = note: this warning originates in the macro `opaque_control_ref` (in Nightly builds, run with -Z macro-backtrace for more info)
2026-09-09T20:37:35.6964100Z 
2026-09-09T20:37:35.6964241Z warning: associated function `from_core_id` is never used
2026-09-09T20:37:35.6964552Z    --> sv_core/src/control.rs:155:27
2026-09-09T20:37:35.6964781Z     |
2026-09-09T20:37:35.6965406Z 141 |           impl $name {
2026-09-09T20:37:35.6965907Z     |           ---------- associated function in this implementation
2026-09-09T20:37:35.6966459Z ...
2026-09-09T20:37:35.6966891Z 155 |               pub(crate) fn from_core_id(id: ControlId) -> Self {
2026-09-09T20:37:35.6967486Z     |                             ^^^^^^^^^^^^
2026-09-09T20:37:35.6967926Z ...
2026-09-09T20:37:35.6968244Z 198 | / opaque_control_ref!(
2026-09-09T20:37:35.6968659Z 199 | |     ContextRef,
2026-09-09T20:37:35.6969168Z 200 | |     "Referencia a una ligadura de contexto relevante para autoridad o forma."
2026-09-09T20:37:35.6969562Z 201 | | );
2026-09-09T20:37:35.6969771Z     | |_- in this macro invocation
2026-09-09T20:37:35.6969998Z     |
2026-09-09T20:37:35.6970461Z     = note: this warning originates in the macro `opaque_control_ref` (in Nightly builds, run with -Z macro-backtrace for more info)
2026-09-09T20:37:35.6970923Z 
2026-09-09T20:37:35.6971066Z warning: associated function `from_core_id` is never used
2026-09-09T20:37:35.6971394Z    --> sv_core/src/control.rs:155:27
2026-09-09T20:37:35.6971633Z     |
2026-09-09T20:37:35.6971807Z 141 |           impl $name {
2026-09-09T20:37:35.6972088Z     |           ---------- associated function in this implementation
2026-09-09T20:37:35.6972396Z ...
2026-09-09T20:37:35.6972809Z 155 |               pub(crate) fn from_core_id(id: ControlId) -> Self {
2026-09-09T20:37:35.6973137Z     |                             ^^^^^^^^^^^^
2026-09-09T20:37:35.6973401Z ...
2026-09-09T20:37:35.6973580Z 202 | / opaque_control_ref!(
2026-09-09T20:37:35.6973809Z 203 | |     AuthorityHolderRef,
2026-09-09T20:37:35.6974305Z 204 | |     "Referencia al titular de una autoridad; no constituye autoridad por sí misma."
2026-09-09T20:37:35.6974703Z 205 | | );
2026-09-09T20:37:35.6974891Z     | |_- in this macro invocation
2026-09-09T20:37:35.6975116Z     |
2026-09-09T20:37:35.6975577Z     = note: this warning originates in the macro `opaque_control_ref` (in Nightly builds, run with -Z macro-backtrace for more info)
2026-09-09T20:37:35.6976039Z 
2026-09-09T20:37:35.6976184Z warning: associated function `from_core_id` is never used
2026-09-09T20:37:35.6976505Z    --> sv_core/src/control.rs:155:27
2026-09-09T20:37:35.6976741Z     |
2026-09-09T20:37:35.6976917Z 141 |           impl $name {
2026-09-09T20:37:35.6977385Z     |           ---------- associated function in this implementation
2026-09-09T20:37:35.6977699Z ...
2026-09-09T20:37:35.6977935Z 155 |               pub(crate) fn from_core_id(id: ControlId) -> Self {
2026-09-09T20:37:35.6978255Z     |                             ^^^^^^^^^^^^
2026-09-09T20:37:35.6978500Z ...
2026-09-09T20:37:35.6978671Z 206 | / opaque_control_ref!(
2026-09-09T20:37:35.6978897Z 207 | |     GovernedObjectRef,
2026-09-09T20:37:35.6979256Z 208 | |     "Referencia a un objeto candidato a pertenecer al dominio gobernado D_a."
2026-09-09T20:37:35.6979625Z 209 | | );
2026-09-09T20:37:35.6979808Z     | |_- in this macro invocation
2026-09-09T20:37:35.6980030Z     |
2026-09-09T20:37:35.6980484Z     = note: this warning originates in the macro `opaque_control_ref` (in Nightly builds, run with -Z macro-backtrace for more info)
2026-09-09T20:37:35.6980940Z 
2026-09-09T20:37:35.6981083Z warning: associated function `from_core_id` is never used
2026-09-09T20:37:35.6981423Z    --> sv_core/src/control.rs:155:27
2026-09-09T20:37:35.6981669Z     |
2026-09-09T20:37:35.6981842Z 141 |           impl $name {
2026-09-09T20:37:35.6982133Z     |           ---------- associated function in this implementation
2026-09-09T20:37:35.6982440Z ...
2026-09-09T20:37:35.6982808Z 155 |               pub(crate) fn from_core_id(id: ControlId) -> Self {
2026-09-09T20:37:35.6983132Z     |                             ^^^^^^^^^^^^
2026-09-09T20:37:35.6983370Z ...
2026-09-09T20:37:35.6983544Z 210 | / opaque_control_ref!(
2026-09-09T20:37:35.6983775Z 211 | |     AccumulationRuleRef,
2026-09-09T20:37:35.6984226Z 212 | |     "Referencia a una regla gobernada de acumulación o a un predicado de traza."
2026-09-09T20:37:35.6984763Z 213 | | );
2026-09-09T20:37:35.6984948Z     | |_- in this macro invocation
2026-09-09T20:37:35.6985176Z     |
2026-09-09T20:37:35.6985634Z     = note: this warning originates in the macro `opaque_control_ref` (in Nightly builds, run with -Z macro-backtrace for more info)
2026-09-09T20:37:35.6986096Z 
2026-09-09T20:37:35.6986242Z warning: associated function `from_core_id` is never used
2026-09-09T20:37:35.6986559Z    --> sv_core/src/control.rs:155:27
2026-09-09T20:37:35.6986788Z     |
2026-09-09T20:37:35.6986958Z 141 |           impl $name {
2026-09-09T20:37:35.6987231Z     |           ---------- associated function in this implementation
2026-09-09T20:37:35.6987530Z ...
2026-09-09T20:37:35.6987768Z 155 |               pub(crate) fn from_core_id(id: ControlId) -> Self {
2026-09-09T20:37:35.6988090Z     |                             ^^^^^^^^^^^^
2026-09-09T20:37:35.6988326Z ...
2026-09-09T20:37:35.6988501Z 214 | / opaque_control_ref!(
2026-09-09T20:37:35.6988725Z 215 | |     RequirementRef,
2026-09-09T20:37:35.6989194Z 216 | |     "Referencia a una obligación de Req; identificarla no acredita su cumplimiento."
2026-09-09T20:37:35.6989610Z 217 | | );
2026-09-09T20:37:35.6989800Z     | |_- in this macro invocation
2026-09-09T20:37:35.6990025Z     |
2026-09-09T20:37:35.6990495Z     = note: this warning originates in the macro `opaque_control_ref` (in Nightly builds, run with -Z macro-backtrace for more info)
2026-09-09T20:37:35.6990962Z 
2026-09-09T20:37:35.6991110Z warning: associated function `from_core_id` is never used
2026-09-09T20:37:35.6991432Z    --> sv_core/src/control.rs:155:27
2026-09-09T20:37:35.6991667Z     |
2026-09-09T20:37:35.6991835Z 141 |           impl $name {
2026-09-09T20:37:35.6992106Z     |           ---------- associated function in this implementation
2026-09-09T20:37:35.6992401Z ...
2026-09-09T20:37:35.6992931Z 155 |               pub(crate) fn from_core_id(id: ControlId) -> Self {
2026-09-09T20:37:35.6993266Z     |                             ^^^^^^^^^^^^
2026-09-09T20:37:35.6993511Z ...
2026-09-09T20:37:35.6993684Z 218 | / opaque_control_ref!(
2026-09-09T20:37:35.6993946Z 219 | |     VerifierRef,
2026-09-09T20:37:35.6994329Z 220 | |     "Referencia a un verificador concreto; su mera existencia no acredita aplicabilidad."
2026-09-09T20:37:35.6994751Z 221 | | );
2026-09-09T20:37:35.6995084Z     | |_- in this macro invocation
2026-09-09T20:37:35.6995319Z     |
2026-09-09T20:37:35.6995772Z     = note: this warning originates in the macro `opaque_control_ref` (in Nightly builds, run with -Z macro-backtrace for more info)
2026-09-09T20:37:35.6996233Z 
2026-09-09T20:37:35.6996373Z warning: associated function `from_core_id` is never used
2026-09-09T20:37:35.6996691Z    --> sv_core/src/control.rs:155:27
2026-09-09T20:37:35.6996922Z     |
2026-09-09T20:37:35.6997090Z 141 |           impl $name {
2026-09-09T20:37:35.6997369Z     |           ---------- associated function in this implementation
2026-09-09T20:37:35.6997666Z ...
2026-09-09T20:37:35.6997897Z 155 |               pub(crate) fn from_core_id(id: ControlId) -> Self {
2026-09-09T20:37:35.6998221Z     |                             ^^^^^^^^^^^^
2026-09-09T20:37:35.6998458Z ...
2026-09-09T20:37:35.6998629Z 222 | / opaque_control_ref!(
2026-09-09T20:37:35.6998858Z 223 | |     VerifierFamilyRef,
2026-09-09T20:37:35.6999302Z 224 | |     "Referencia a una familia de verificadores admisibles para una obligación."
2026-09-09T20:37:35.6999690Z 225 | | );
2026-09-09T20:37:35.6999873Z     | |_- in this macro invocation
2026-09-09T20:37:35.7000100Z     |
2026-09-09T20:37:35.7000554Z     = note: this warning originates in the macro `opaque_control_ref` (in Nightly builds, run with -Z macro-backtrace for more info)
2026-09-09T20:37:35.7001021Z 
2026-09-09T20:37:35.7001165Z warning: associated function `from_core_id` is never used
2026-09-09T20:37:35.7001509Z    --> sv_core/src/control.rs:155:27
2026-09-09T20:37:35.7001745Z     |
2026-09-09T20:37:35.7001916Z 141 |           impl $name {
2026-09-09T20:37:35.7002192Z     |           ---------- associated function in this implementation
2026-09-09T20:37:35.7002843Z ...
2026-09-09T20:37:35.7003082Z 155 |               pub(crate) fn from_core_id(id: ControlId) -> Self {
2026-09-09T20:37:35.7003417Z     |                             ^^^^^^^^^^^^
2026-09-09T20:37:35.7003655Z ...
2026-09-09T20:37:35.7003837Z 226 | / opaque_control_ref!(
2026-09-09T20:37:35.7004075Z 227 | |     ApplicabilityRuleRef,
2026-09-09T20:37:35.7004557Z 228 | |     "Referencia a una regla previamente constituida de aplicabilidad de comprobación."
2026-09-09T20:37:35.7004970Z 229 | | );
2026-09-09T20:37:35.7005154Z     | |_- in this macro invocation
2026-09-09T20:37:35.7005375Z     |
2026-09-09T20:37:35.7005829Z     = note: this warning originates in the macro `opaque_control_ref` (in Nightly builds, run with -Z macro-backtrace for more info)
2026-09-09T20:37:35.7006316Z 
2026-09-09T20:37:35.7006453Z warning: associated function `from_core_id` is never used
2026-09-09T20:37:35.7006781Z    --> sv_core/src/control.rs:155:27
2026-09-09T20:37:35.7007021Z     |
2026-09-09T20:37:35.7007191Z 141 |           impl $name {
2026-09-09T20:37:35.7007463Z     |           ---------- associated function in this implementation
2026-09-09T20:37:35.7007758Z ...
2026-09-09T20:37:35.7007993Z 155 |               pub(crate) fn from_core_id(id: ControlId) -> Self {
2026-09-09T20:37:35.7008313Z     |                             ^^^^^^^^^^^^
2026-09-09T20:37:35.7008549Z ...
2026-09-09T20:37:35.7008720Z 230 | / opaque_control_ref!(
2026-09-09T20:37:35.7008961Z 231 | |     ConflictResolutionRuleRef,
2026-09-09T20:37:35.7009527Z 232 | |     "Referencia a una regla previamente constituida de resolución de conflicto entre comprobaciones."
2026-09-09T20:37:35.7009994Z 233 | | );
2026-09-09T20:37:35.7010215Z     | |_- in this macro invocation
2026-09-09T20:37:35.7010443Z     |
2026-09-09T20:37:35.7010890Z     = note: this warning originates in the macro `opaque_control_ref` (in Nightly builds, run with -Z macro-backtrace for more info)
2026-09-09T20:37:35.7011356Z 
2026-09-09T20:37:35.7011500Z warning: associated function `from_core_id` is never used
2026-09-09T20:37:35.7011815Z    --> sv_core/src/control.rs:155:27
2026-09-09T20:37:35.7012048Z     |
2026-09-09T20:37:35.7012219Z 141 |           impl $name {
2026-09-09T20:37:35.7012766Z     |           ---------- associated function in this implementation
2026-09-09T20:37:35.7013080Z ...
2026-09-09T20:37:35.7013313Z 155 |               pub(crate) fn from_core_id(id: ControlId) -> Self {
2026-09-09T20:37:35.7013633Z     |                             ^^^^^^^^^^^^
2026-09-09T20:37:35.7013875Z ...
2026-09-09T20:37:35.7014049Z 234 | / opaque_control_ref!(
2026-09-09T20:37:35.7014274Z 235 | |     CoverageRuleRef,
2026-09-09T20:37:35.7014678Z 236 | |     "Referencia a una regla previamente constituida de cobertura de comprobaciones exigibles."
2026-09-09T20:37:35.7015116Z 237 | | );
2026-09-09T20:37:35.7015306Z     | |_- in this macro invocation
2026-09-09T20:37:35.7015537Z     |
2026-09-09T20:37:35.7016010Z     = note: this warning originates in the macro `opaque_control_ref` (in Nightly builds, run with -Z macro-backtrace for more info)
2026-09-09T20:37:35.7016472Z 
2026-09-09T20:37:35.7016625Z warning: associated function `from_core_id` is never used
2026-09-09T20:37:35.7016951Z    --> sv_core/src/control.rs:155:27
2026-09-09T20:37:35.7017196Z     |
2026-09-09T20:37:35.7017368Z 141 |           impl $name {
2026-09-09T20:37:35.7017641Z     |           ---------- associated function in this implementation
2026-09-09T20:37:35.7017941Z ...
2026-09-09T20:37:35.7018173Z 155 |               pub(crate) fn from_core_id(id: ControlId) -> Self {
2026-09-09T20:37:35.7018497Z     |                             ^^^^^^^^^^^^
2026-09-09T20:37:35.7018740Z ...
2026-09-09T20:37:35.7018910Z 238 | / opaque_control_ref!(
2026-09-09T20:37:35.7019133Z 239 | |     ReuseRuleRef,
2026-09-09T20:37:35.7019630Z 240 | |     "Referencia a una regla previamente constituida de reutilización de resultados cualificados."
2026-09-09T20:37:35.7020078Z 241 | | );
2026-09-09T20:37:35.7020387Z     | |_- in this macro invocation
2026-09-09T20:37:35.7020612Z     |
2026-09-09T20:37:35.7021067Z     = note: this warning originates in the macro `opaque_control_ref` (in Nightly builds, run with -Z macro-backtrace for more info)
2026-09-09T20:37:35.7021526Z 
2026-09-09T20:37:35.7021670Z warning: associated function `from_core_id` is never used
2026-09-09T20:37:35.7022082Z    --> sv_core/src/control.rs:155:27
2026-09-09T20:37:35.7022649Z     |
2026-09-09T20:37:35.7022980Z 141 |           impl $name {
2026-09-09T20:37:35.7023532Z     |           ---------- associated function in this implementation
2026-09-09T20:37:35.7024069Z ...
2026-09-09T20:37:35.7024483Z 155 |               pub(crate) fn from_core_id(id: ControlId) -> Self {
2026-09-09T20:37:35.7024955Z     |                             ^^^^^^^^^^^^
2026-09-09T20:37:35.7025203Z ...
2026-09-09T20:37:35.7025376Z 242 | / opaque_control_ref!(
2026-09-09T20:37:35.7025605Z 243 | |     ReuseBindingKeyRef,
2026-09-09T20:37:35.7026209Z 244 | |     "Referencia a una dimensión constituida cuya continuidad puede ser exigible para reutilizar un resultado."
2026-09-09T20:37:35.7027174Z 245 | | );
2026-09-09T20:37:35.7027525Z     | |_- in this macro invocation
2026-09-09T20:37:35.7027952Z     |
2026-09-09T20:37:35.7028832Z     = note: this warning originates in the macro `opaque_control_ref` (in Nightly builds, run with -Z macro-backtrace for more info)
2026-09-09T20:37:35.7029689Z 
2026-09-09T20:37:35.7029976Z warning: associated function `from_core_id` is never used
2026-09-09T20:37:35.7030582Z    --> sv_core/src/control.rs:155:27
2026-09-09T20:37:35.7031022Z     |
2026-09-09T20:37:35.7031350Z 141 |           impl $name {
2026-09-09T20:37:35.7031785Z     |           ---------- associated function in this implementation
2026-09-09T20:37:35.7032100Z ...
2026-09-09T20:37:35.7032346Z 155 |               pub(crate) fn from_core_id(id: ControlId) -> Self {
2026-09-09T20:37:35.7033004Z     |                             ^^^^^^^^^^^^
2026-09-09T20:37:35.7033273Z ...
2026-09-09T20:37:35.7033451Z 246 | / opaque_control_ref!(
2026-09-09T20:37:35.7033692Z 247 | |     ReuseBindingValueRef,
2026-09-09T20:37:35.7034338Z 248 | |     "Referencia al valor constituido de una dimensión de reutilización; identificarlo no acredita su vigencia."
2026-09-09T20:37:35.7035040Z 249 | | );
2026-09-09T20:37:35.7035240Z     | |_- in this macro invocation
2026-09-09T20:37:35.7035472Z     |
2026-09-09T20:37:35.7035933Z     = note: this warning originates in the macro `opaque_control_ref` (in Nightly builds, run with -Z macro-backtrace for more info)
2026-09-09T20:37:35.7036396Z 
2026-09-09T20:37:35.7036512Z warning: function `compile_svp` is never used
2026-09-09T20:37:35.7036799Z    --> sv_core/src/frontend.rs:803:8
2026-09-09T20:37:35.7037035Z     |
2026-09-09T20:37:35.7037373Z 803 | pub fn compile_svp(source: &str, source_file: &str) -> Result<IrProgram, FrontendError> {
2026-09-09T20:37:35.7037791Z     |        ^^^^^^^^^^^
2026-09-09T20:37:35.7037926Z 
2026-09-09T20:37:35.7038077Z warning: function `compile_svp_with_profile` is never used
2026-09-09T20:37:35.7038398Z    --> sv_core/src/frontend.rs:807:8
2026-09-09T20:37:35.7038633Z     |
2026-09-09T20:37:35.7038822Z 807 | pub fn compile_svp_with_profile(
2026-09-09T20:37:35.7039079Z     |        ^^^^^^^^^^^^^^^^^^^^^^^^
2026-09-09T20:37:35.7039241Z 
2026-09-09T20:37:35.7039354Z warning: constant `PROFILE_ID` is never used
2026-09-09T20:37:35.7039648Z  --> sv_core/src/identifier_profile.rs:6:18
2026-09-09T20:37:35.7039904Z   |
2026-09-09T20:37:35.7040163Z 6 | pub(crate) const PROFILE_ID: &str = "svp-grammar-0.2-lex-es-1";
2026-09-09T20:37:35.7040500Z   |                  ^^^^^^^^^^
2026-09-09T20:37:35.7040651Z 
2026-09-09T20:37:35.7040770Z warning: function `is_reserved_word` is never used
2026-09-09T20:37:35.7041090Z   --> sv_core/src/identifier_profile.rs:22:15
2026-09-09T20:37:35.7041352Z    |
2026-09-09T20:37:35.7041585Z 22 | pub(crate) fn is_reserved_word(word: &str) -> bool {
2026-09-09T20:37:35.7041886Z    |               ^^^^^^^^^^^^^^^^
2026-09-09T20:37:35.7042179Z 
2026-09-09T20:37:35.7042302Z warning: method `matches_descriptor` is never used
2026-09-09T20:37:35.7042764Z    --> sv_core/src/requirements_reuse.rs:121:19
2026-09-09T20:37:35.7043044Z     |
2026-09-09T20:37:35.7043220Z  44 | impl ReuseRule {
2026-09-09T20:37:35.7043469Z     | -------------- method in this implementation
2026-09-09T20:37:35.7043733Z ...
2026-09-09T20:37:35.7044074Z 121 |     pub(crate) fn matches_descriptor(&self, descriptor: &RequirementDescriptor) -> bool {
2026-09-09T20:37:35.7044502Z     |                   ^^^^^^^^^^^^^^^^^^
2026-09-09T20:37:35.7044675Z 
2026-09-09T20:37:35.7044860Z warning: hiding a lifetime that's elided elsewhere is confusing
2026-09-09T20:37:35.7045208Z     --> sv_core/src/frontend.rs:2161:13
2026-09-09T20:37:35.7045452Z      |
2026-09-09T20:37:35.7045638Z 2161 |     fn peek(&self) -> &Token {
2026-09-09T20:37:35.7045885Z      |             ^^^^^     ^^^^^^
2026-09-09T20:37:35.7046109Z      |             |         ||
2026-09-09T20:37:35.7046378Z      |             |         |the same lifetime is hidden here
2026-09-09T20:37:35.7046694Z      |             |         the same lifetime is elided here
2026-09-09T20:37:35.7047005Z      |             the lifetime is elided here
2026-09-09T20:37:35.7047257Z      |
2026-09-09T20:37:35.7047606Z      = help: the same lifetime is referred to in inconsistent ways, making the signature confusing
2026-09-09T20:37:35.7048094Z      = note: `#[warn(mismatched_lifetime_syntaxes)]` on by default
2026-09-09T20:37:35.7048417Z help: use `'_` for type paths
2026-09-09T20:37:35.7048634Z      |
2026-09-09T20:37:35.7048822Z 2161 |     fn peek(&self) -> &Token<'_> {
2026-09-09T20:37:35.7049081Z      |                             ++++
2026-09-09T20:37:35.7049244Z 
2026-09-09T20:37:42.7086351Z warning: `sv_core` (lib) generated 27 warnings (run `cargo fix --lib -p sv_core` to apply 1 suggestion)
2026-09-09T20:37:42.7087289Z    Compiling sv_native v0.1.0 (/home/runner/work/SV-lenguaje-de-computacion/SV-lenguaje-de-computacion/rust/sv_native)
2026-09-09T20:37:42.9473567Z     Finished `release` profile [optimized] target(s) in 8.11s
2026-09-09T20:37:42.9523886Z ##[group]Run cargo build --manifest-path rust/Cargo.toml --release -p sv_native --target wasm32-wasip1
2026-09-09T20:37:42.9524732Z [36;1mcargo build --manifest-path rust/Cargo.toml --release -p sv_native --target wasm32-wasip1[0m
2026-09-09T20:37:42.9525299Z [36;1mtest -f rust/target/wasm32-wasip1/release/sv-native.wasm[0m
2026-09-09T20:37:42.9562292Z shell: /usr/bin/bash -e {0}
2026-09-09T20:37:42.9562802Z ##[endgroup]
2026-09-09T20:37:42.9880005Z    Compiling sv_core v0.1.0 (/home/runner/work/SV-lenguaje-de-computacion/SV-lenguaje-de-computacion/rust/sv_core)
2026-09-09T20:37:43.8318004Z warning: associated function `from_core_id` is never used
2026-09-09T20:37:43.8318592Z    --> sv_core/src/control.rs:155:27
2026-09-09T20:37:43.8319169Z     |
2026-09-09T20:37:43.8319642Z 141 |           impl $name {
2026-09-09T20:37:43.8320364Z     |           ---------- associated function in this implementation
2026-09-09T20:37:43.8321205Z ...
2026-09-09T20:37:43.8322008Z 155 |               pub(crate) fn from_core_id(id: ControlId) -> Self {
2026-09-09T20:37:43.8323059Z     |                             ^^^^^^^^^^^^
2026-09-09T20:37:43.8323629Z ...
2026-09-09T20:37:43.8324033Z 162 | / opaque_control_ref!(
2026-09-09T20:37:43.8324563Z 163 | |     InformationRef,
2026-09-09T20:37:43.8325689Z 164 | |     "Referencia nominal a información dentro del dominio de control."
2026-09-09T20:37:43.8326533Z 165 | | );
2026-09-09T20:37:43.8326957Z     | |_- in this macro invocation
2026-09-09T20:37:43.8327478Z     |
2026-09-09T20:37:43.8327931Z     = note: `#[warn(dead_code)]` (part of `#[warn(unused)]`) on by default
2026-09-09T20:37:43.8329041Z     = note: this warning originates in the macro `opaque_control_ref` (in Nightly builds, run with -Z macro-backtrace for more info)
2026-09-09T20:37:43.8329859Z 
2026-09-09T20:37:43.8330122Z warning: associated function `from_core_id` is never used
2026-09-09T20:37:43.8330944Z    --> sv_core/src/control.rs:155:27
2026-09-09T20:37:43.8331365Z     |
2026-09-09T20:37:43.8331687Z 141 |           impl $name {
2026-09-09T20:37:43.8332196Z     |           ---------- associated function in this implementation
2026-09-09T20:37:43.8332976Z ...
2026-09-09T20:37:43.8333397Z 155 |               pub(crate) fn from_core_id(id: ControlId) -> Self {
2026-09-09T20:37:43.8333973Z     |                             ^^^^^^^^^^^^
2026-09-09T20:37:43.8334401Z ...
2026-09-09T20:37:43.8334721Z 166 | / opaque_control_ref!(
2026-09-09T20:37:43.8335146Z 167 | |     AdmittedEvidenceRef,
2026-09-09T20:37:43.8336058Z 168 | |     "Referencia a evidencia cuya admisión debe proceder de una verificación gobernada."
2026-09-09T20:37:43.8336708Z 169 | | );
2026-09-09T20:37:43.8337019Z     | |_- in this macro invocation
2026-09-09T20:37:43.8337397Z     |
2026-09-09T20:37:43.8338169Z     = note: this warning originates in the macro `opaque_control_ref` (in Nightly builds, run with -Z macro-backtrace for more info)
2026-09-09T20:37:43.8338926Z 
2026-09-09T20:37:43.8339172Z warning: associated function `from_core_id` is never used
2026-09-09T20:37:43.8339697Z    --> sv_core/src/control.rs:155:27
2026-09-09T20:37:43.8340076Z     |
2026-09-09T20:37:43.8340353Z 141 |           impl $name {
2026-09-09T20:37:43.8340886Z     |           ---------- associated function in this implementation
2026-09-09T20:37:43.8341446Z ...
2026-09-09T20:37:43.8341880Z 155 |               pub(crate) fn from_core_id(id: ControlId) -> Self {
2026-09-09T20:37:43.8342469Z     |                             ^^^^^^^^^^^^
2026-09-09T20:37:43.8343193Z ...
2026-09-09T20:37:43.8343520Z 170 | / opaque_control_ref!(
2026-09-09T20:37:43.8343939Z 171 | |     ConstitutedFactRef,
2026-09-09T20:37:43.8344742Z 172 | |     "Referencia a un hecho semántico constituido; no equivale a autoridad."
2026-09-09T20:37:43.8345128Z 173 | | );
2026-09-09T20:37:43.8345322Z     | |_- in this macro invocation
2026-09-09T20:37:43.8345567Z     |
2026-09-09T20:37:43.8346306Z     = note: this warning originates in the macro `opaque_control_ref` (in Nightly builds, run with -Z macro-backtrace for more info)
2026-09-09T20:37:43.8346788Z 
2026-09-09T20:37:43.8346942Z warning: associated function `from_core_id` is never used
2026-09-09T20:37:43.8347269Z    --> sv_core/src/control.rs:155:27
2026-09-09T20:37:43.8347507Z     |
2026-09-09T20:37:43.8347685Z 141 |           impl $name {
2026-09-09T20:37:43.8347969Z     |           ---------- associated function in this implementation
2026-09-09T20:37:43.8348284Z ...
2026-09-09T20:37:43.8348528Z 155 |               pub(crate) fn from_core_id(id: ControlId) -> Self {
2026-09-09T20:37:43.8348868Z     |                             ^^^^^^^^^^^^
2026-09-09T20:37:43.8349117Z ...
2026-09-09T20:37:43.8349296Z 174 | / opaque_control_ref!(
2026-09-09T20:37:43.8349528Z 175 | |     AuthorityRef,
2026-09-09T20:37:43.8350024Z 176 | |     "Referencia a autoridad constituida; su constructor no forma parte de la API pública."
2026-09-09T20:37:43.8350468Z 177 | | );
2026-09-09T20:37:43.8350663Z     | |_- in this macro invocation
2026-09-09T20:37:43.8350903Z     |
2026-09-09T20:37:43.8351369Z     = note: this warning originates in the macro `opaque_control_ref` (in Nightly builds, run with -Z macro-backtrace for more info)
2026-09-09T20:37:43.8351831Z 
2026-09-09T20:37:43.8351972Z warning: associated function `from_core_id` is never used
2026-09-09T20:37:43.8352303Z    --> sv_core/src/control.rs:155:27
2026-09-09T20:37:43.8352740Z     |
2026-09-09T20:37:43.8352931Z 141 |           impl $name {
2026-09-09T20:37:43.8353218Z     |           ---------- associated function in this implementation
2026-09-09T20:37:43.8353533Z ...
2026-09-09T20:37:43.8353776Z 155 |               pub(crate) fn from_core_id(id: ControlId) -> Self {
2026-09-09T20:37:43.8354108Z     |                             ^^^^^^^^^^^^
2026-09-09T20:37:43.8354354Z ...
2026-09-09T20:37:43.8354532Z 178 | / opaque_control_ref!(
2026-09-09T20:37:43.8354763Z 179 | |     EnablementRef,
2026-09-09T20:37:43.8355371Z 180 | |     "Referencia a una habilitación de autoridad ya existente; no amplía autoridad."
2026-09-09T20:37:43.8355788Z 181 | | );
2026-09-09T20:37:43.8355985Z     | |_- in this macro invocation
2026-09-09T20:37:43.8356217Z     |
2026-09-09T20:37:43.8356680Z     = note: this warning originates in the macro `opaque_control_ref` (in Nightly builds, run with -Z macro-backtrace for more info)
2026-09-09T20:37:43.8357142Z 
2026-09-09T20:37:43.8357282Z warning: associated function `from_core_id` is never used
2026-09-09T20:37:43.8357609Z    --> sv_core/src/control.rs:155:27
2026-09-09T20:37:43.8357853Z     |
2026-09-09T20:37:43.8358029Z 141 |           impl $name {
2026-09-09T20:37:43.8358335Z     |           ---------- associated function in this implementation
2026-09-09T20:37:43.8358641Z ...
2026-09-09T20:37:43.8358881Z 155 |               pub(crate) fn from_core_id(id: ControlId) -> Self {
2026-09-09T20:37:43.8359209Z     |                             ^^^^^^^^^^^^
2026-09-09T20:37:43.8359463Z ...
2026-09-09T20:37:43.8359642Z 186 | / opaque_control_ref!(
2026-09-09T20:37:43.8359924Z 187 | |     FormRef,
2026-09-09T20:37:43.8360246Z 188 | |     "Referencia a una forma de transición constituida."
2026-09-09T20:37:43.8360555Z 189 | | );
2026-09-09T20:37:43.8360749Z     | |_- in this macro invocation
2026-09-09T20:37:43.8360984Z     |
2026-09-09T20:37:43.8361638Z     = note: this warning originates in the macro `opaque_control_ref` (in Nightly builds, run with -Z macro-backtrace for more info)
2026-09-09T20:37:43.8362125Z 
2026-09-09T20:37:43.8362299Z warning: associated function `from_core_id` is never used
2026-09-09T20:37:43.8363385Z    --> sv_core/src/control.rs:155:27
2026-09-09T20:37:43.8363732Z     |
2026-09-09T20:37:43.8373480Z 141 |           impl $name {
2026-09-09T20:37:43.8373853Z     |           ---------- associated function in this implementation
2026-09-09T20:37:43.8374183Z ...
2026-09-09T20:37:43.8374661Z 155 |               pub(crate) fn from_core_id(id: ControlId) -> Self {
2026-09-09T20:37:43.8375027Z     |                             ^^^^^^^^^^^^
2026-09-09T20:37:43.8375280Z ...
2026-09-09T20:37:43.8375669Z 190 | / opaque_control_ref!(
2026-09-09T20:37:43.8375914Z 191 | |     EffectFamilyRef,
2026-09-09T20:37:43.8376359Z 192 | |     "Referencia a una familia de efectos fijada por constitución."
2026-09-09T20:37:43.8376738Z 193 | | );
2026-09-09T20:37:43.8376935Z     | |_- in this macro invocation
2026-09-09T20:37:43.8377178Z     |
2026-09-09T20:37:43.8377651Z     = note: this warning originates in the macro `opaque_control_ref` (in Nightly builds, run with -Z macro-backtrace for more info)
2026-09-09T20:37:43.8378115Z 
2026-09-09T20:37:43.8378269Z warning: associated function `from_core_id` is never used
2026-09-09T20:37:43.8378601Z    --> sv_core/src/control.rs:155:27
2026-09-09T20:37:43.8378838Z     |
2026-09-09T20:37:43.8379019Z 141 |           impl $name {
2026-09-09T20:37:43.8379315Z     |           ---------- associated function in this implementation
2026-09-09T20:37:43.8379635Z ...
2026-09-09T20:37:43.8379884Z 155 |               pub(crate) fn from_core_id(id: ControlId) -> Self {
2026-09-09T20:37:43.8380224Z     |                             ^^^^^^^^^^^^
2026-09-09T20:37:43.8380471Z ...
2026-09-09T20:37:43.8380646Z 194 | / opaque_control_ref!(
2026-09-09T20:37:43.8380875Z 195 | |     EffectRef,
2026-09-09T20:37:43.8381217Z 196 | |     "Referencia a un efecto concreto; identificarlo no equivale a autorizarlo."
2026-09-09T20:37:43.8381604Z 197 | | );
2026-09-09T20:37:43.8381799Z     | |_- in this macro invocation
2026-09-09T20:37:43.8382031Z     |
2026-09-09T20:37:43.8382492Z     = note: this warning originates in the macro `opaque_control_ref` (in Nightly builds, run with -Z macro-backtrace for more info)
2026-09-09T20:37:43.8383129Z 
2026-09-09T20:37:43.8383279Z warning: associated function `from_core_id` is never used
2026-09-09T20:37:43.8383614Z    --> sv_core/src/control.rs:155:27
2026-09-09T20:37:43.8383854Z     |
2026-09-09T20:37:43.8384029Z 141 |           impl $name {
2026-09-09T20:37:43.8384444Z     |           ---------- associated function in this implementation
2026-09-09T20:37:43.8384757Z ...
2026-09-09T20:37:43.8384990Z 155 |               pub(crate) fn from_core_id(id: ControlId) -> Self {
2026-09-09T20:37:43.8385318Z     |                             ^^^^^^^^^^^^
2026-09-09T20:37:43.8385561Z ...
2026-09-09T20:37:43.8385743Z 198 | / opaque_control_ref!(
2026-09-09T20:37:43.8385974Z 199 | |     ContextRef,
2026-09-09T20:37:43.8386314Z 200 | |     "Referencia a una ligadura de contexto relevante para autoridad o forma."
2026-09-09T20:37:43.8386695Z 201 | | );
2026-09-09T20:37:43.8386894Z     | |_- in this macro invocation
2026-09-09T20:37:43.8387135Z     |
2026-09-09T20:37:43.8387605Z     = note: this warning originates in the macro `opaque_control_ref` (in Nightly builds, run with -Z macro-backtrace for more info)
2026-09-09T20:37:43.8388065Z 
2026-09-09T20:37:43.8388203Z warning: associated function `from_core_id` is never used
2026-09-09T20:37:43.8388532Z    --> sv_core/src/control.rs:155:27
2026-09-09T20:37:43.8388771Z     |
2026-09-09T20:37:43.8388953Z 141 |           impl $name {
2026-09-09T20:37:43.8389234Z     |           ---------- associated function in this implementation
2026-09-09T20:37:43.8389578Z ...
2026-09-09T20:37:43.8389819Z 155 |               pub(crate) fn from_core_id(id: ControlId) -> Self {
2026-09-09T20:37:43.8390147Z     |                             ^^^^^^^^^^^^
2026-09-09T20:37:43.8390391Z ...
2026-09-09T20:37:43.8390559Z 202 | / opaque_control_ref!(
2026-09-09T20:37:43.8390785Z 203 | |     AuthorityHolderRef,
2026-09-09T20:37:43.8391252Z 204 | |     "Referencia al titular de una autoridad; no constituye autoridad por sí misma."
2026-09-09T20:37:43.8391657Z 205 | | );
2026-09-09T20:37:43.8391850Z     | |_- in this macro invocation
2026-09-09T20:37:43.8392085Z     |
2026-09-09T20:37:43.8392673Z     = note: this warning originates in the macro `opaque_control_ref` (in Nightly builds, run with -Z macro-backtrace for more info)
2026-09-09T20:37:43.8393138Z 
2026-09-09T20:37:43.8393284Z warning: associated function `from_core_id` is never used
2026-09-09T20:37:43.8393728Z    --> sv_core/src/control.rs:155:27
2026-09-09T20:37:43.8393970Z     |
2026-09-09T20:37:43.8394149Z 141 |           impl $name {
2026-09-09T20:37:43.8394424Z     |           ---------- associated function in this implementation
2026-09-09T20:37:43.8394723Z ...
2026-09-09T20:37:43.8394959Z 155 |               pub(crate) fn from_core_id(id: ControlId) -> Self {
2026-09-09T20:37:43.8395283Z     |                             ^^^^^^^^^^^^
2026-09-09T20:37:43.8395531Z ...
2026-09-09T20:37:43.8395711Z 206 | / opaque_control_ref!(
2026-09-09T20:37:43.8395942Z 207 | |     GovernedObjectRef,
2026-09-09T20:37:43.8396293Z 208 | |     "Referencia a un objeto candidato a pertenecer al dominio gobernado D_a."
2026-09-09T20:37:43.8396667Z 209 | | );
2026-09-09T20:37:43.8396856Z     | |_- in this macro invocation
2026-09-09T20:37:43.8397084Z     |
2026-09-09T20:37:43.8397541Z     = note: this warning originates in the macro `opaque_control_ref` (in Nightly builds, run with -Z macro-backtrace for more info)
2026-09-09T20:37:43.8398012Z 
2026-09-09T20:37:43.8398155Z warning: associated function `from_core_id` is never used
2026-09-09T20:37:43.8398475Z    --> sv_core/src/control.rs:155:27
2026-09-09T20:37:43.8398721Z     |
2026-09-09T20:37:43.8398899Z 141 |           impl $name {
2026-09-09T20:37:43.8399185Z     |           ---------- associated function in this implementation
2026-09-09T20:37:43.8399492Z ...
2026-09-09T20:37:43.8399747Z 155 |               pub(crate) fn from_core_id(id: ControlId) -> Self {
2026-09-09T20:37:43.8400082Z     |                             ^^^^^^^^^^^^
2026-09-09T20:37:43.8400333Z ...
2026-09-09T20:37:43.8400512Z 210 | / opaque_control_ref!(
2026-09-09T20:37:43.8400751Z 211 | |     AccumulationRuleRef,
2026-09-09T20:37:43.8401219Z 212 | |     "Referencia a una regla gobernada de acumulación o a un predicado de traza."
2026-09-09T20:37:43.8401619Z 213 | | );
2026-09-09T20:37:43.8401939Z     | |_- in this macro invocation
2026-09-09T20:37:43.8402177Z     |
2026-09-09T20:37:43.8402786Z     = note: this warning originates in the macro `opaque_control_ref` (in Nightly builds, run with -Z macro-backtrace for more info)
2026-09-09T20:37:43.8403428Z 
2026-09-09T20:37:43.8403582Z warning: associated function `from_core_id` is never used
2026-09-09T20:37:43.8403914Z    --> sv_core/src/control.rs:155:27
2026-09-09T20:37:43.8404156Z     |
2026-09-09T20:37:43.8404332Z 141 |           impl $name {
2026-09-09T20:37:43.8404619Z     |           ---------- associated function in this implementation
2026-09-09T20:37:43.8404925Z ...
2026-09-09T20:37:43.8405180Z 155 |               pub(crate) fn from_core_id(id: ControlId) -> Self {
2026-09-09T20:37:43.8405520Z     |                             ^^^^^^^^^^^^
2026-09-09T20:37:43.8405767Z ...
2026-09-09T20:37:43.8405945Z 214 | / opaque_control_ref!(
2026-09-09T20:37:43.8406177Z 215 | |     RequirementRef,
2026-09-09T20:37:43.8406658Z 216 | |     "Referencia a una obligación de Req; identificarla no acredita su cumplimiento."
2026-09-09T20:37:43.8407107Z 217 | | );
2026-09-09T20:37:43.8407306Z     | |_- in this macro invocation
2026-09-09T20:37:43.8407542Z     |
2026-09-09T20:37:43.8408007Z     = note: this warning originates in the macro `opaque_control_ref` (in Nightly builds, run with -Z macro-backtrace for more info)
2026-09-09T20:37:43.8408476Z 
2026-09-09T20:37:43.8408622Z warning: associated function `from_core_id` is never used
2026-09-09T20:37:43.8408948Z    --> sv_core/src/control.rs:155:27
2026-09-09T20:37:43.8409193Z     |
2026-09-09T20:37:43.8409391Z 141 |           impl $name {
2026-09-09T20:37:43.8409670Z     |           ---------- associated function in this implementation
2026-09-09T20:37:43.8409976Z ...
2026-09-09T20:37:43.8410215Z 155 |               pub(crate) fn from_core_id(id: ControlId) -> Self {
2026-09-09T20:37:43.8410538Z     |                             ^^^^^^^^^^^^
2026-09-09T20:37:43.8410779Z ...
2026-09-09T20:37:43.8410959Z 218 | / opaque_control_ref!(
2026-09-09T20:37:43.8411186Z 219 | |     VerifierRef,
2026-09-09T20:37:43.8411719Z 220 | |     "Referencia a un verificador concreto; su mera existencia no acredita aplicabilidad."
2026-09-09T20:37:43.8412147Z 221 | | );
2026-09-09T20:37:43.8412337Z     | |_- in this macro invocation
2026-09-09T20:37:43.8412708Z     |
2026-09-09T20:37:43.8413176Z     = note: this warning originates in the macro `opaque_control_ref` (in Nightly builds, run with -Z macro-backtrace for more info)
2026-09-09T20:37:43.8413637Z 
2026-09-09T20:37:43.8413775Z warning: associated function `from_core_id` is never used
2026-09-09T20:37:43.8414095Z    --> sv_core/src/control.rs:155:27
2026-09-09T20:37:43.8414335Z     |
2026-09-09T20:37:43.8414516Z 141 |           impl $name {
2026-09-09T20:37:43.8414791Z     |           ---------- associated function in this implementation
2026-09-09T20:37:43.8415095Z ...
2026-09-09T20:37:43.8415328Z 155 |               pub(crate) fn from_core_id(id: ControlId) -> Self {
2026-09-09T20:37:43.8415660Z     |                             ^^^^^^^^^^^^
2026-09-09T20:37:43.8415903Z ...
2026-09-09T20:37:43.8416084Z 222 | / opaque_control_ref!(
2026-09-09T20:37:43.8416314Z 223 | |     VerifierFamilyRef,
2026-09-09T20:37:43.8416753Z 224 | |     "Referencia a una familia de verificadores admisibles para una obligación."
2026-09-09T20:37:43.8417144Z 225 | | );
2026-09-09T20:37:43.8417335Z     | |_- in this macro invocation
2026-09-09T20:37:43.8417577Z     |
2026-09-09T20:37:43.8418045Z     = note: this warning originates in the macro `opaque_control_ref` (in Nightly builds, run with -Z macro-backtrace for more info)
2026-09-09T20:37:43.8418495Z 
2026-09-09T20:37:43.8418641Z warning: associated function `from_core_id` is never used
2026-09-09T20:37:43.8418963Z    --> sv_core/src/control.rs:155:27
2026-09-09T20:37:43.8419207Z     |
2026-09-09T20:37:43.8419385Z 141 |           impl $name {
2026-09-09T20:37:43.8419656Z     |           ---------- associated function in this implementation
2026-09-09T20:37:43.8420090Z ...
2026-09-09T20:37:43.8420333Z 155 |               pub(crate) fn from_core_id(id: ControlId) -> Self {
2026-09-09T20:37:43.8420666Z     |                             ^^^^^^^^^^^^
2026-09-09T20:37:43.8420909Z ...
2026-09-09T20:37:43.8421085Z 226 | / opaque_control_ref!(
2026-09-09T20:37:43.8421325Z 227 | |     ApplicabilityRuleRef,
2026-09-09T20:37:43.8421800Z 228 | |     "Referencia a una regla previamente constituida de aplicabilidad de comprobación."
2026-09-09T20:37:43.8422210Z 229 | | );
2026-09-09T20:37:43.8422399Z     | |_- in this macro invocation
2026-09-09T20:37:43.8422765Z     |
2026-09-09T20:37:43.8423223Z     = note: this warning originates in the macro `opaque_control_ref` (in Nightly builds, run with -Z macro-backtrace for more info)
2026-09-09T20:37:43.8423680Z 
2026-09-09T20:37:43.8423817Z warning: associated function `from_core_id` is never used
2026-09-09T20:37:43.8424143Z    --> sv_core/src/control.rs:155:27
2026-09-09T20:37:43.8424378Z     |
2026-09-09T20:37:43.8424560Z 141 |           impl $name {
2026-09-09T20:37:43.8424841Z     |           ---------- associated function in this implementation
2026-09-09T20:37:43.8425145Z ...
2026-09-09T20:37:43.8425378Z 155 |               pub(crate) fn from_core_id(id: ControlId) -> Self {
2026-09-09T20:37:43.8425702Z     |                             ^^^^^^^^^^^^
2026-09-09T20:37:43.8425948Z ...
2026-09-09T20:37:43.8426124Z 230 | / opaque_control_ref!(
2026-09-09T20:37:43.8426369Z 231 | |     ConflictResolutionRuleRef,
2026-09-09T20:37:43.8426941Z 232 | |     "Referencia a una regla previamente constituida de resolución de conflicto entre comprobaciones."
2026-09-09T20:37:43.8427411Z 233 | | );
2026-09-09T20:37:43.8427601Z     | |_- in this macro invocation
2026-09-09T20:37:43.8427834Z     |
2026-09-09T20:37:43.8428286Z     = note: this warning originates in the macro `opaque_control_ref` (in Nightly builds, run with -Z macro-backtrace for more info)
2026-09-09T20:37:43.8428745Z 
2026-09-09T20:37:43.8428886Z warning: associated function `from_core_id` is never used
2026-09-09T20:37:43.8429217Z    --> sv_core/src/control.rs:155:27
2026-09-09T20:37:43.8429582Z     |
2026-09-09T20:37:43.8429760Z 141 |           impl $name {
2026-09-09T20:37:43.8430033Z     |           ---------- associated function in this implementation
2026-09-09T20:37:43.8430338Z ...
2026-09-09T20:37:43.8430574Z 155 |               pub(crate) fn from_core_id(id: ControlId) -> Self {
2026-09-09T20:37:43.8430898Z     |                             ^^^^^^^^^^^^
2026-09-09T20:37:43.8431141Z ...
2026-09-09T20:37:43.8431317Z 234 | / opaque_control_ref!(
2026-09-09T20:37:43.8431553Z 235 | |     CoverageRuleRef,
2026-09-09T20:37:43.8431962Z 236 | |     "Referencia a una regla previamente constituida de cobertura de comprobaciones exigibles."
2026-09-09T20:37:43.8432402Z 237 | | );
2026-09-09T20:37:43.8432750Z     | |_- in this macro invocation
2026-09-09T20:37:43.8432985Z     |
2026-09-09T20:37:43.8433449Z     = note: this warning originates in the macro `opaque_control_ref` (in Nightly builds, run with -Z macro-backtrace for more info)
2026-09-09T20:37:43.8433913Z 
2026-09-09T20:37:43.8434067Z warning: associated function `from_core_id` is never used
2026-09-09T20:37:43.8434389Z    --> sv_core/src/control.rs:155:27
2026-09-09T20:37:43.8434628Z     |
2026-09-09T20:37:43.8434968Z 141 |           impl $name {
2026-09-09T20:37:43.8435468Z     |           ---------- associated function in this implementation
2026-09-09T20:37:43.8435888Z ...
2026-09-09T20:37:43.8436124Z 155 |               pub(crate) fn from_core_id(id: ControlId) -> Self {
2026-09-09T20:37:43.8436453Z     |                             ^^^^^^^^^^^^
2026-09-09T20:37:43.8436703Z ...
2026-09-09T20:37:43.8436882Z 238 | / opaque_control_ref!(
2026-09-09T20:37:43.8437110Z 239 | |     ReuseRuleRef,
2026-09-09T20:37:43.8437628Z 240 | |     "Referencia a una regla previamente constituida de reutilización de resultados cualificados."
2026-09-09T20:37:43.8438081Z 241 | | );
2026-09-09T20:37:43.8438273Z     | |_- in this macro invocation
2026-09-09T20:37:43.8438706Z     |
2026-09-09T20:37:43.8439170Z     = note: this warning originates in the macro `opaque_control_ref` (in Nightly builds, run with -Z macro-backtrace for more info)
2026-09-09T20:37:43.8439634Z 
2026-09-09T20:37:43.8439770Z warning: associated function `from_core_id` is never used
2026-09-09T20:37:43.8440093Z    --> sv_core/src/control.rs:155:27
2026-09-09T20:37:43.8440327Z     |
2026-09-09T20:37:43.8440504Z 141 |           impl $name {
2026-09-09T20:37:43.8440786Z     |           ---------- associated function in this implementation
2026-09-09T20:37:43.8441087Z ...
2026-09-09T20:37:43.8441322Z 155 |               pub(crate) fn from_core_id(id: ControlId) -> Self {
2026-09-09T20:37:43.8441645Z     |                             ^^^^^^^^^^^^
2026-09-09T20:37:43.8441889Z ...
2026-09-09T20:37:43.8442063Z 242 | / opaque_control_ref!(
2026-09-09T20:37:43.8442295Z 243 | |     ReuseBindingKeyRef,
2026-09-09T20:37:43.8443233Z 244 | |     "Referencia a una dimensión constituida cuya continuidad puede ser exigible para reutilizar un resultado."
2026-09-09T20:37:43.8443754Z 245 | | );
2026-09-09T20:37:43.8443948Z     | |_- in this macro invocation
2026-09-09T20:37:43.8444184Z     |
2026-09-09T20:37:43.8444644Z     = note: this warning originates in the macro `opaque_control_ref` (in Nightly builds, run with -Z macro-backtrace for more info)
2026-09-09T20:37:43.8445107Z 
2026-09-09T20:37:43.8445249Z warning: associated function `from_core_id` is never used
2026-09-09T20:37:43.8445577Z    --> sv_core/src/control.rs:155:27
2026-09-09T20:37:43.8445813Z     |
2026-09-09T20:37:43.8445990Z 141 |           impl $name {
2026-09-09T20:37:43.8446269Z     |           ---------- associated function in this implementation
2026-09-09T20:37:43.8446571Z ...
2026-09-09T20:37:43.8446810Z 155 |               pub(crate) fn from_core_id(id: ControlId) -> Self {
2026-09-09T20:37:43.8447139Z     |                             ^^^^^^^^^^^^
2026-09-09T20:37:43.8447396Z ...
2026-09-09T20:37:43.8447570Z 246 | / opaque_control_ref!(
2026-09-09T20:37:43.8447810Z 247 | |     ReuseBindingValueRef,
2026-09-09T20:37:43.8448551Z 248 | |     "Referencia al valor constituido de una dimensión de reutilización; identificarlo no acredita su vigencia."
2026-09-09T20:37:43.8449054Z 249 | | );
2026-09-09T20:37:43.8449240Z     | |_- in this macro invocation
2026-09-09T20:37:43.8449488Z     |
2026-09-09T20:37:43.8449943Z     = note: this warning originates in the macro `opaque_control_ref` (in Nightly builds, run with -Z macro-backtrace for more info)
2026-09-09T20:37:43.8450402Z 
2026-09-09T20:37:43.8450508Z warning: function `compile_svp` is never used
2026-09-09T20:37:43.8450803Z    --> sv_core/src/frontend.rs:803:8
2026-09-09T20:37:43.8451040Z     |
2026-09-09T20:37:43.8451382Z 803 | pub fn compile_svp(source: &str, source_file: &str) -> Result<IrProgram, FrontendError> {
2026-09-09T20:37:43.8451800Z     |        ^^^^^^^^^^^
2026-09-09T20:37:43.8451929Z 
2026-09-09T20:37:43.8452080Z warning: function `compile_svp_with_profile` is never used
2026-09-09T20:37:43.8452416Z    --> sv_core/src/frontend.rs:807:8
2026-09-09T20:37:43.8452824Z     |
2026-09-09T20:37:43.8453022Z 807 | pub fn compile_svp_with_profile(
2026-09-09T20:37:43.8453272Z     |        ^^^^^^^^^^^^^^^^^^^^^^^^
2026-09-09T20:37:43.8453432Z 
2026-09-09T20:37:43.8453543Z warning: constant `PROFILE_ID` is never used
2026-09-09T20:37:43.8453838Z  --> sv_core/src/identifier_profile.rs:6:18
2026-09-09T20:37:43.8454099Z   |
2026-09-09T20:37:43.8454361Z 6 | pub(crate) const PROFILE_ID: &str = "svp-grammar-0.2-lex-es-1";
2026-09-09T20:37:43.8454702Z   |                  ^^^^^^^^^^
2026-09-09T20:37:43.8454847Z 
2026-09-09T20:37:43.8454973Z warning: function `is_reserved_word` is never used
2026-09-09T20:37:43.8455291Z   --> sv_core/src/identifier_profile.rs:22:15
2026-09-09T20:37:43.8455551Z    |
2026-09-09T20:37:43.8455785Z 22 | pub(crate) fn is_reserved_word(word: &str) -> bool {
2026-09-09T20:37:43.8456085Z    |               ^^^^^^^^^^^^^^^^
2026-09-09T20:37:43.8456243Z 
2026-09-09T20:37:43.8456496Z warning: method `matches_descriptor` is never used
2026-09-09T20:37:43.8456821Z    --> sv_core/src/requirements_reuse.rs:121:19
2026-09-09T20:37:43.8457091Z     |
2026-09-09T20:37:43.8457267Z  44 | impl ReuseRule {
2026-09-09T20:37:43.8457506Z     | -------------- method in this implementation
2026-09-09T20:37:43.8457771Z ...
2026-09-09T20:37:43.8458119Z 121 |     pub(crate) fn matches_descriptor(&self, descriptor: &RequirementDescriptor) -> bool {
2026-09-09T20:37:43.8458556Z     |                   ^^^^^^^^^^^^^^^^^^
2026-09-09T20:37:43.8458732Z 
2026-09-09T20:37:43.8458928Z warning: hiding a lifetime that's elided elsewhere is confusing
2026-09-09T20:37:43.8459312Z     --> sv_core/src/frontend.rs:2161:13
2026-09-09T20:37:43.8459561Z      |
2026-09-09T20:37:43.8459753Z 2161 |     fn peek(&self) -> &Token {
2026-09-09T20:37:43.8460000Z      |             ^^^^^     ^^^^^^
2026-09-09T20:37:43.8460234Z      |             |         ||
2026-09-09T20:37:43.8460491Z      |             |         |the same lifetime is hidden here
2026-09-09T20:37:43.8460822Z      |             |         the same lifetime is elided here
2026-09-09T20:37:43.8461126Z      |             the lifetime is elided here
2026-09-09T20:37:43.8461380Z      |
2026-09-09T20:37:43.8461726Z      = help: the same lifetime is referred to in inconsistent ways, making the signature confusing
2026-09-09T20:37:43.8462227Z      = note: `#[warn(mismatched_lifetime_syntaxes)]` on by default
2026-09-09T20:37:43.8462685Z help: use `'_` for type paths
2026-09-09T20:37:43.8462913Z      |
2026-09-09T20:37:43.8463104Z 2161 |     fn peek(&self) -> &Token<'_> {
2026-09-09T20:37:43.8463367Z      |                             ++++
2026-09-09T20:37:43.8463531Z 
2026-09-09T20:37:49.6736079Z warning: `sv_core` (lib) generated 27 warnings (run `cargo fix --lib -p sv_core` to apply 1 suggestion)
2026-09-09T20:37:49.6739093Z    Compiling sv_native v0.1.0 (/home/runner/work/SV-lenguaje-de-computacion/SV-lenguaje-de-computacion/rust/sv_native)
2026-09-09T20:37:49.9480863Z     Finished `release` profile [optimized] target(s) in 6.97s
2026-09-09T20:37:49.9535560Z ##[group]Run cargo build --manifest-path rust/Cargo.toml --release -p sv_wasm --target wasm32-unknown-unknown
2026-09-09T20:37:49.9536390Z [36;1mcargo build --manifest-path rust/Cargo.toml --release -p sv_wasm --target wasm32-unknown-unknown[0m
2026-09-09T20:37:49.9537012Z [36;1mtest -f rust/target/wasm32-unknown-unknown/release/sv_wasm.wasm[0m
2026-09-09T20:37:49.9573173Z shell: /usr/bin/bash -e {0}
2026-09-09T20:37:49.9573432Z ##[endgroup]
2026-09-09T20:37:49.9900376Z    Compiling sv_core v0.1.0 (/home/runner/work/SV-lenguaje-de-computacion/SV-lenguaje-de-computacion/rust/sv_core)
2026-09-09T20:37:50.8241966Z warning: associated function `from_core_id` is never used
2026-09-09T20:37:50.8243030Z    --> sv_core/src/control.rs:155:27
2026-09-09T20:37:50.8244888Z     |
2026-09-09T20:37:50.8245307Z 141 |           impl $name {
2026-09-09T20:37:50.8245982Z     |           ---------- associated function in this implementation
2026-09-09T20:37:50.8246737Z ...
2026-09-09T20:37:50.8247439Z 155 |               pub(crate) fn from_core_id(id: ControlId) -> Self {
2026-09-09T20:37:50.8248203Z     |                             ^^^^^^^^^^^^
2026-09-09T20:37:50.8248764Z ...
2026-09-09T20:37:50.8249134Z 162 | / opaque_control_ref!(
2026-09-09T20:37:50.8249553Z 163 | |     InformationRef,
2026-09-09T20:37:50.8250465Z 164 | |     "Referencia nominal a información dentro del dominio de control."
2026-09-09T20:37:50.8251146Z 165 | | );
2026-09-09T20:37:50.8251461Z     | |_- in this macro invocation
2026-09-09T20:37:50.8251861Z     |
2026-09-09T20:37:50.8252328Z     = note: `#[warn(dead_code)]` (part of `#[warn(unused)]`) on by default
2026-09-09T20:37:50.8253628Z     = note: this warning originates in the macro `opaque_control_ref` (in Nightly builds, run with -Z macro-backtrace for more info)
2026-09-09T20:37:50.8254366Z 
2026-09-09T20:37:50.8254606Z warning: associated function `from_core_id` is never used
2026-09-09T20:37:50.8255466Z    --> sv_core/src/control.rs:155:27
2026-09-09T20:37:50.8255862Z     |
2026-09-09T20:37:50.8256139Z 141 |           impl $name {
2026-09-09T20:37:50.8256589Z     |           ---------- associated function in this implementation
2026-09-09T20:37:50.8257073Z ...
2026-09-09T20:37:50.8257482Z 155 |               pub(crate) fn from_core_id(id: ControlId) -> Self {
2026-09-09T20:37:50.8258071Z     |                             ^^^^^^^^^^^^
2026-09-09T20:37:50.8258509Z ...
2026-09-09T20:37:50.8258808Z 166 | / opaque_control_ref!(
2026-09-09T20:37:50.8259189Z 167 | |     AdmittedEvidenceRef,
2026-09-09T20:37:50.8259900Z 168 | |     "Referencia a evidencia cuya admisión debe proceder de una verificación gobernada."
2026-09-09T20:37:50.8260741Z 169 | | );
2026-09-09T20:37:50.8261102Z     | |_- in this macro invocation
2026-09-09T20:37:50.8261521Z     |
2026-09-09T20:37:50.8262364Z     = note: this warning originates in the macro `opaque_control_ref` (in Nightly builds, run with -Z macro-backtrace for more info)
2026-09-09T20:37:50.8263487Z 
2026-09-09T20:37:50.8263766Z warning: associated function `from_core_id` is never used
2026-09-09T20:37:50.8264350Z    --> sv_core/src/control.rs:155:27
2026-09-09T20:37:50.8264770Z     |
2026-09-09T20:37:50.8265078Z 141 |           impl $name {
2026-09-09T20:37:50.8265595Z     |           ---------- associated function in this implementation
2026-09-09T20:37:50.8266132Z ...
2026-09-09T20:37:50.8266554Z 155 |               pub(crate) fn from_core_id(id: ControlId) -> Self {
2026-09-09T20:37:50.8267136Z     |                             ^^^^^^^^^^^^
2026-09-09T20:37:50.8267563Z ...
2026-09-09T20:37:50.8267941Z 170 | / opaque_control_ref!(
2026-09-09T20:37:50.8268349Z 171 | |     ConstitutedFactRef,
2026-09-09T20:37:50.8269139Z 172 | |     "Referencia a un hecho semántico constituido; no equivale a autoridad."
2026-09-09T20:37:50.8269798Z 173 | | );
2026-09-09T20:37:50.8270000Z     | |_- in this macro invocation
2026-09-09T20:37:50.8270242Z     |
2026-09-09T20:37:50.8271010Z     = note: this warning originates in the macro `opaque_control_ref` (in Nightly builds, run with -Z macro-backtrace for more info)
2026-09-09T20:37:50.8271481Z 
2026-09-09T20:37:50.8271633Z warning: associated function `from_core_id` is never used
2026-09-09T20:37:50.8271960Z    --> sv_core/src/control.rs:155:27
2026-09-09T20:37:50.8272200Z     |
2026-09-09T20:37:50.8272379Z 141 |           impl $name {
2026-09-09T20:37:50.8273187Z     |           ---------- associated function in this implementation
2026-09-09T20:37:50.8274424Z ...
2026-09-09T20:37:50.8274891Z 155 |               pub(crate) fn from_core_id(id: ControlId) -> Self {
2026-09-09T20:37:50.8275684Z     |                             ^^^^^^^^^^^^
2026-09-09T20:37:50.8276122Z ...
2026-09-09T20:37:50.8276435Z 174 | / opaque_control_ref!(
2026-09-09T20:37:50.8276830Z 175 | |     AuthorityRef,
2026-09-09T20:37:50.8277708Z 176 | |     "Referencia a autoridad constituida; su constructor no forma parte de la API pública."
2026-09-09T20:37:50.8278417Z 177 | | );
2026-09-09T20:37:50.8278615Z     | |_- in this macro invocation
2026-09-09T20:37:50.8278855Z     |
2026-09-09T20:37:50.8279324Z     = note: this warning originates in the macro `opaque_control_ref` (in Nightly builds, run with -Z macro-backtrace for more info)
2026-09-09T20:37:50.8279806Z 
2026-09-09T20:37:50.8279954Z warning: associated function `from_core_id` is never used
2026-09-09T20:37:50.8280286Z    --> sv_core/src/control.rs:155:27
2026-09-09T20:37:50.8280531Z     |
2026-09-09T20:37:50.8280709Z 141 |           impl $name {
2026-09-09T20:37:50.8280997Z     |           ---------- associated function in this implementation
2026-09-09T20:37:50.8281315Z ...
2026-09-09T20:37:50.8281568Z 155 |               pub(crate) fn from_core_id(id: ControlId) -> Self {
2026-09-09T20:37:50.8281905Z     |                             ^^^^^^^^^^^^
2026-09-09T20:37:50.8282151Z ...
2026-09-09T20:37:50.8282330Z 178 | / opaque_control_ref!(
2026-09-09T20:37:50.8282867Z 179 | |     EnablementRef,
2026-09-09T20:37:50.8283942Z 180 | |     "Referencia a una habilitación de autoridad ya existente; no amplía autoridad."
2026-09-09T20:37:50.8284380Z 181 | | );
2026-09-09T20:37:50.8284573Z     | |_- in this macro invocation
2026-09-09T20:37:50.8284802Z     |
2026-09-09T20:37:50.8285276Z     = note: this warning originates in the macro `opaque_control_ref` (in Nightly builds, run with -Z macro-backtrace for more info)
2026-09-09T20:37:50.8285740Z 
2026-09-09T20:37:50.8285889Z warning: associated function `from_core_id` is never used
2026-09-09T20:37:50.8286212Z    --> sv_core/src/control.rs:155:27
2026-09-09T20:37:50.8286451Z     |
2026-09-09T20:37:50.8286624Z 141 |           impl $name {
2026-09-09T20:37:50.8286905Z     |           ---------- associated function in this implementation
2026-09-09T20:37:50.8287213Z ...
2026-09-09T20:37:50.8287478Z 155 |               pub(crate) fn from_core_id(id: ControlId) -> Self {
2026-09-09T20:37:50.8287810Z     |                             ^^^^^^^^^^^^
2026-09-09T20:37:50.8288053Z ...
2026-09-09T20:37:50.8288242Z 186 | / opaque_control_ref!(
2026-09-09T20:37:50.8288469Z 187 | |     FormRef,
2026-09-09T20:37:50.8288805Z 188 | |     "Referencia a una forma de transición constituida."
2026-09-09T20:37:50.8289116Z 189 | | );
2026-09-09T20:37:50.8289307Z     | |_- in this macro invocation
2026-09-09T20:37:50.8289541Z     |
2026-09-09T20:37:50.8290005Z     = note: this warning originates in the macro `opaque_control_ref` (in Nightly builds, run with -Z macro-backtrace for more info)
2026-09-09T20:37:50.8290474Z 
2026-09-09T20:37:50.8290613Z warning: associated function `from_core_id` is never used
2026-09-09T20:37:50.8290933Z    --> sv_core/src/control.rs:155:27
2026-09-09T20:37:50.8291168Z     |
2026-09-09T20:37:50.8291342Z 141 |           impl $name {
2026-09-09T20:37:50.8291616Z     |           ---------- associated function in this implementation
2026-09-09T20:37:50.8291921Z ...
2026-09-09T20:37:50.8292158Z 155 |               pub(crate) fn from_core_id(id: ControlId) -> Self {
2026-09-09T20:37:50.8292495Z     |                             ^^^^^^^^^^^^
2026-09-09T20:37:50.8293182Z ...
2026-09-09T20:37:50.8293366Z 190 | / opaque_control_ref!(
2026-09-09T20:37:50.8293597Z 191 | |     EffectFamilyRef,
2026-09-09T20:37:50.8293996Z 192 | |     "Referencia a una familia de efectos fijada por constitución."
2026-09-09T20:37:50.8294343Z 193 | | );
2026-09-09T20:37:50.8294529Z     | |_- in this macro invocation
2026-09-09T20:37:50.8294751Z     |
2026-09-09T20:37:50.8295219Z     = note: this warning originates in the macro `opaque_control_ref` (in Nightly builds, run with -Z macro-backtrace for more info)
2026-09-09T20:37:50.8295712Z 
2026-09-09T20:37:50.8295862Z warning: associated function `from_core_id` is never used
2026-09-09T20:37:50.8296187Z    --> sv_core/src/control.rs:155:27
2026-09-09T20:37:50.8296423Z     |
2026-09-09T20:37:50.8296593Z 141 |           impl $name {
2026-09-09T20:37:50.8296870Z     |           ---------- associated function in this implementation
2026-09-09T20:37:50.8297171Z ...
2026-09-09T20:37:50.8297420Z 155 |               pub(crate) fn from_core_id(id: ControlId) -> Self {
2026-09-09T20:37:50.8297745Z     |                             ^^^^^^^^^^^^
2026-09-09T20:37:50.8297986Z ...
2026-09-09T20:37:50.8298167Z 194 | / opaque_control_ref!(
2026-09-09T20:37:50.8298395Z 195 | |     EffectRef,
2026-09-09T20:37:50.8298728Z 196 | |     "Referencia a un efecto concreto; identificarlo no equivale a autorizarlo."
2026-09-09T20:37:50.8299107Z 197 | | );
2026-09-09T20:37:50.8299293Z     | |_- in this macro invocation
2026-09-09T20:37:50.8299517Z     |
2026-09-09T20:37:50.8299968Z     = note: this warning originates in the macro `opaque_control_ref` (in Nightly builds, run with -Z macro-backtrace for more info)
2026-09-09T20:37:50.8300430Z 
2026-09-09T20:37:50.8300571Z warning: associated function `from_core_id` is never used
2026-09-09T20:37:50.8300888Z    --> sv_core/src/control.rs:155:27
2026-09-09T20:37:50.8301137Z     |
2026-09-09T20:37:50.8301307Z 141 |           impl $name {
2026-09-09T20:37:50.8301718Z     |           ---------- associated function in this implementation
2026-09-09T20:37:50.8302019Z ...
2026-09-09T20:37:50.8302256Z 155 |               pub(crate) fn from_core_id(id: ControlId) -> Self {
2026-09-09T20:37:50.8302822Z     |                             ^^^^^^^^^^^^
2026-09-09T20:37:50.8303113Z ...
2026-09-09T20:37:50.8303283Z 198 | / opaque_control_ref!(
2026-09-09T20:37:50.8303502Z 199 | |     ContextRef,
2026-09-09T20:37:50.8303830Z 200 | |     "Referencia a una ligadura de contexto relevante para autoridad o forma."
2026-09-09T20:37:50.8304199Z 201 | | );
2026-09-09T20:37:50.8304387Z     | |_- in this macro invocation
2026-09-09T20:37:50.8304609Z     |
2026-09-09T20:37:50.8305061Z     = note: this warning originates in the macro `opaque_control_ref` (in Nightly builds, run with -Z macro-backtrace for more info)
2026-09-09T20:37:50.8305515Z 
2026-09-09T20:37:50.8305660Z warning: associated function `from_core_id` is never used
2026-09-09T20:37:50.8305980Z    --> sv_core/src/control.rs:155:27
2026-09-09T20:37:50.8306221Z     |
2026-09-09T20:37:50.8306395Z 141 |           impl $name {
2026-09-09T20:37:50.8306670Z     |           ---------- associated function in this implementation
2026-09-09T20:37:50.8306965Z ...
2026-09-09T20:37:50.8307209Z 155 |               pub(crate) fn from_core_id(id: ControlId) -> Self {
2026-09-09T20:37:50.8307529Z     |                             ^^^^^^^^^^^^
2026-09-09T20:37:50.8307767Z ...
2026-09-09T20:37:50.8307940Z 202 | / opaque_control_ref!(
2026-09-09T20:37:50.8308172Z 203 | |     AuthorityHolderRef,
2026-09-09T20:37:50.8308647Z 204 | |     "Referencia al titular de una autoridad; no constituye autoridad por sí misma."
2026-09-09T20:37:50.8309060Z 205 | | );
2026-09-09T20:37:50.8309249Z     | |_- in this macro invocation
2026-09-09T20:37:50.8309474Z     |
2026-09-09T20:37:50.8309935Z     = note: this warning originates in the macro `opaque_control_ref` (in Nightly builds, run with -Z macro-backtrace for more info)
2026-09-09T20:37:50.8310448Z 
2026-09-09T20:37:50.8310730Z warning: associated function `from_core_id` is never used
2026-09-09T20:37:50.8311056Z    --> sv_core/src/control.rs:155:27
2026-09-09T20:37:50.8311291Z     |
2026-09-09T20:37:50.8311463Z 141 |           impl $name {
2026-09-09T20:37:50.8311740Z     |           ---------- associated function in this implementation
2026-09-09T20:37:50.8312046Z ...
2026-09-09T20:37:50.8312280Z 155 |               pub(crate) fn from_core_id(id: ControlId) -> Self {
2026-09-09T20:37:50.8312822Z     |                             ^^^^^^^^^^^^
2026-09-09T20:37:50.8313069Z ...
2026-09-09T20:37:50.8313245Z 206 | / opaque_control_ref!(
2026-09-09T20:37:50.8313474Z 207 | |     GovernedObjectRef,
2026-09-09T20:37:50.8313829Z 208 | |     "Referencia a un objeto candidato a pertenecer al dominio gobernado D_a."
2026-09-09T20:37:50.8314202Z 209 | | );
2026-09-09T20:37:50.8314387Z     | |_- in this macro invocation
2026-09-09T20:37:50.8314616Z     |
2026-09-09T20:37:50.8315083Z     = note: this warning originates in the macro `opaque_control_ref` (in Nightly builds, run with -Z macro-backtrace for more info)
2026-09-09T20:37:50.8315542Z 
2026-09-09T20:37:50.8315687Z warning: associated function `from_core_id` is never used
2026-09-09T20:37:50.8316003Z    --> sv_core/src/control.rs:155:27
2026-09-09T20:37:50.8316238Z     |
2026-09-09T20:37:50.8316411Z 141 |           impl $name {
2026-09-09T20:37:50.8316679Z     |           ---------- associated function in this implementation
2026-09-09T20:37:50.8316976Z ...
2026-09-09T20:37:50.8317206Z 155 |               pub(crate) fn from_core_id(id: ControlId) -> Self {
2026-09-09T20:37:50.8317526Z     |                             ^^^^^^^^^^^^
2026-09-09T20:37:50.8317768Z ...
2026-09-09T20:37:50.8317939Z 210 | / opaque_control_ref!(
2026-09-09T20:37:50.8318169Z 211 | |     AccumulationRuleRef,
2026-09-09T20:37:50.8318618Z 212 | |     "Referencia a una regla gobernada de acumulación o a un predicado de traza."
2026-09-09T20:37:50.8319001Z 213 | | );
2026-09-09T20:37:50.8319184Z     | |_- in this macro invocation
2026-09-09T20:37:50.8319540Z     |
2026-09-09T20:37:50.8319994Z     = note: this warning originates in the macro `opaque_control_ref` (in Nightly builds, run with -Z macro-backtrace for more info)
2026-09-09T20:37:50.8320453Z 
2026-09-09T20:37:50.8320590Z warning: associated function `from_core_id` is never used
2026-09-09T20:37:50.8320907Z    --> sv_core/src/control.rs:155:27
2026-09-09T20:37:50.8321149Z     |
2026-09-09T20:37:50.8321322Z 141 |           impl $name {
2026-09-09T20:37:50.8321596Z     |           ---------- associated function in this implementation
2026-09-09T20:37:50.8321892Z ...
2026-09-09T20:37:50.8322120Z 155 |               pub(crate) fn from_core_id(id: ControlId) -> Self {
2026-09-09T20:37:50.8322441Z     |                             ^^^^^^^^^^^^
2026-09-09T20:37:50.8322891Z ...
2026-09-09T20:37:50.8323065Z 214 | / opaque_control_ref!(
2026-09-09T20:37:50.8323288Z 215 | |     RequirementRef,
2026-09-09T20:37:50.8323748Z 216 | |     "Referencia a una obligación de Req; identificarla no acredita su cumplimiento."
2026-09-09T20:37:50.8324184Z 217 | | );
2026-09-09T20:37:50.8324372Z     | |_- in this macro invocation
2026-09-09T20:37:50.8324604Z     |
2026-09-09T20:37:50.8325065Z     = note: this warning originates in the macro `opaque_control_ref` (in Nightly builds, run with -Z macro-backtrace for more info)
2026-09-09T20:37:50.8325520Z 
2026-09-09T20:37:50.8325662Z warning: associated function `from_core_id` is never used
2026-09-09T20:37:50.8325985Z    --> sv_core/src/control.rs:155:27
2026-09-09T20:37:50.8326221Z     |
2026-09-09T20:37:50.8326394Z 141 |           impl $name {
2026-09-09T20:37:50.8326666Z     |           ---------- associated function in this implementation
2026-09-09T20:37:50.8326971Z ...
2026-09-09T20:37:50.8327210Z 155 |               pub(crate) fn from_core_id(id: ControlId) -> Self {
2026-09-09T20:37:50.8327534Z     |                             ^^^^^^^^^^^^
2026-09-09T20:37:50.8327772Z ...
2026-09-09T20:37:50.8327948Z 218 | / opaque_control_ref!(
2026-09-09T20:37:50.8328177Z 219 | |     VerifierRef,
2026-09-09T20:37:50.8328695Z 220 | |     "Referencia a un verificador concreto; su mera existencia no acredita aplicabilidad."
2026-09-09T20:37:50.8329124Z 221 | | );
2026-09-09T20:37:50.8329319Z     | |_- in this macro invocation
2026-09-09T20:37:50.8329551Z     |
2026-09-09T20:37:50.8330011Z     = note: this warning originates in the macro `opaque_control_ref` (in Nightly builds, run with -Z macro-backtrace for more info)
2026-09-09T20:37:50.8330477Z 
2026-09-09T20:37:50.8330626Z warning: associated function `from_core_id` is never used
2026-09-09T20:37:50.8330952Z    --> sv_core/src/control.rs:155:27
2026-09-09T20:37:50.8331187Z     |
2026-09-09T20:37:50.8331361Z 141 |           impl $name {
2026-09-09T20:37:50.8331637Z     |           ---------- associated function in this implementation
2026-09-09T20:37:50.8331942Z ...
2026-09-09T20:37:50.8332182Z 155 |               pub(crate) fn from_core_id(id: ControlId) -> Self {
2026-09-09T20:37:50.8332726Z     |                             ^^^^^^^^^^^^
2026-09-09T20:37:50.8332991Z ...
2026-09-09T20:37:50.8333173Z 222 | / opaque_control_ref!(
2026-09-09T20:37:50.8333411Z 223 | |     VerifierFamilyRef,
2026-09-09T20:37:50.8334027Z 224 | |     "Referencia a una familia de verificadores admisibles para una obligación."
2026-09-09T20:37:50.8334586Z 225 | | );
2026-09-09T20:37:50.8334928Z     | |_- in this macro invocation
2026-09-09T20:37:50.8335324Z     |
2026-09-09T20:37:50.8336000Z     = note: this warning originates in the macro `opaque_control_ref` (in Nightly builds, run with -Z macro-backtrace for more info)
2026-09-09T20:37:50.8336602Z 
2026-09-09T20:37:50.8336749Z warning: associated function `from_core_id` is never used
2026-09-09T20:37:50.8337082Z    --> sv_core/src/control.rs:155:27
2026-09-09T20:37:50.8337322Z     |
2026-09-09T20:37:50.8337496Z 141 |           impl $name {
2026-09-09T20:37:50.8337778Z     |           ---------- associated function in this implementation
2026-09-09T20:37:50.8338245Z ...
2026-09-09T20:37:50.8338492Z 155 |               pub(crate) fn from_core_id(id: ControlId) -> Self {
2026-09-09T20:37:50.8338824Z     |                             ^^^^^^^^^^^^
2026-09-09T20:37:50.8339070Z ...
2026-09-09T20:37:50.8339253Z 226 | / opaque_control_ref!(
2026-09-09T20:37:50.8339491Z 227 | |     ApplicabilityRuleRef,
2026-09-09T20:37:50.8339993Z 228 | |     "Referencia a una regla previamente constituida de aplicabilidad de comprobación."
2026-09-09T20:37:50.8340419Z 229 | | );
2026-09-09T20:37:50.8340610Z     | |_- in this macro invocation
2026-09-09T20:37:50.8340835Z     |
2026-09-09T20:37:50.8341295Z     = note: this warning originates in the macro `opaque_control_ref` (in Nightly builds, run with -Z macro-backtrace for more info)
2026-09-09T20:37:50.8341751Z 
2026-09-09T20:37:50.8341901Z warning: associated function `from_core_id` is never used
2026-09-09T20:37:50.8342225Z    --> sv_core/src/control.rs:155:27
2026-09-09T20:37:50.8342465Z     |
2026-09-09T20:37:50.8342937Z 141 |           impl $name {
2026-09-09T20:37:50.8343234Z     |           ---------- associated function in this implementation
2026-09-09T20:37:50.8343537Z ...
2026-09-09T20:37:50.8343771Z 155 |               pub(crate) fn from_core_id(id: ControlId) -> Self {
2026-09-09T20:37:50.8344098Z     |                             ^^^^^^^^^^^^
2026-09-09T20:37:50.8344336Z ...
2026-09-09T20:37:50.8344624Z 230 | / opaque_control_ref!(
2026-09-09T20:37:50.8345005Z 231 | |     ConflictResolutionRuleRef,
2026-09-09T20:37:50.8356444Z 232 | |     "Referencia a una regla previamente constituida de resolución de conflicto entre comprobaciones."
2026-09-09T20:37:50.8357052Z 233 | | );
2026-09-09T20:37:50.8357261Z     | |_- in this macro invocation
2026-09-09T20:37:50.8357525Z     |
2026-09-09T20:37:50.8358026Z     = note: this warning originates in the macro `opaque_control_ref` (in Nightly builds, run with -Z macro-backtrace for more info)
2026-09-09T20:37:50.8358515Z 
2026-09-09T20:37:50.8358677Z warning: associated function `from_core_id` is never used
2026-09-09T20:37:50.8359209Z    --> sv_core/src/control.rs:155:27
2026-09-09T20:37:50.8359542Z     |
2026-09-09T20:37:50.8359860Z 141 |           impl $name {
2026-09-09T20:37:50.8360355Z     |           ---------- associated function in this implementation
2026-09-09T20:37:50.8360888Z ...
2026-09-09T20:37:50.8361308Z 155 |               pub(crate) fn from_core_id(id: ControlId) -> Self {
2026-09-09T20:37:50.8361881Z     |                             ^^^^^^^^^^^^
2026-09-09T20:37:50.8362316Z ...
2026-09-09T20:37:50.8362832Z 234 | / opaque_control_ref!(
2026-09-09T20:37:50.8363239Z 235 | |     CoverageRuleRef,
2026-09-09T20:37:50.8363903Z 236 | |     "Referencia a una regla previamente constituida de cobertura de comprobaciones exigibles."
2026-09-09T20:37:50.8364365Z 237 | | );
2026-09-09T20:37:50.8364560Z     | |_- in this macro invocation
2026-09-09T20:37:50.8364795Z     |
2026-09-09T20:37:50.8365279Z     = note: this warning originates in the macro `opaque_control_ref` (in Nightly builds, run with -Z macro-backtrace for more info)
2026-09-09T20:37:50.8365763Z 
2026-09-09T20:37:50.8365914Z warning: associated function `from_core_id` is never used
2026-09-09T20:37:50.8366255Z    --> sv_core/src/control.rs:155:27
2026-09-09T20:37:50.8366498Z     |
2026-09-09T20:37:50.8366679Z 141 |           impl $name {
2026-09-09T20:37:50.8366967Z     |           ---------- associated function in this implementation
2026-09-09T20:37:50.8367280Z ...
2026-09-09T20:37:50.8367522Z 155 |               pub(crate) fn from_core_id(id: ControlId) -> Self {
2026-09-09T20:37:50.8367852Z     |                             ^^^^^^^^^^^^
2026-09-09T20:37:50.8368100Z ...
2026-09-09T20:37:50.8368280Z 238 | / opaque_control_ref!(
2026-09-09T20:37:50.8368524Z 239 | |     ReuseRuleRef,
2026-09-09T20:37:50.8369073Z 240 | |     "Referencia a una regla previamente constituida de reutilización de resultados cualificados."
2026-09-09T20:37:50.8369545Z 241 | | );
2026-09-09T20:37:50.8369737Z     | |_- in this macro invocation
2026-09-09T20:37:50.8370209Z     |
2026-09-09T20:37:50.8370685Z     = note: this warning originates in the macro `opaque_control_ref` (in Nightly builds, run with -Z macro-backtrace for more info)
2026-09-09T20:37:50.8371150Z 
2026-09-09T20:37:50.8371292Z warning: associated function `from_core_id` is never used
2026-09-09T20:37:50.8371634Z    --> sv_core/src/control.rs:155:27
2026-09-09T20:37:50.8371878Z     |
2026-09-09T20:37:50.8372059Z 141 |           impl $name {
2026-09-09T20:37:50.8372347Z     |           ---------- associated function in this implementation
2026-09-09T20:37:50.8372913Z ...
2026-09-09T20:37:50.8373166Z 155 |               pub(crate) fn from_core_id(id: ControlId) -> Self {
2026-09-09T20:37:50.8373508Z     |                             ^^^^^^^^^^^^
2026-09-09T20:37:50.8373760Z ...
2026-09-09T20:37:50.8373943Z 242 | / opaque_control_ref!(
2026-09-09T20:37:50.8374183Z 243 | |     ReuseBindingKeyRef,
2026-09-09T20:37:50.8374775Z 244 | |     "Referencia a una dimensión constituida cuya continuidad puede ser exigible para reutilizar un resultado."
2026-09-09T20:37:50.8375302Z 245 | | );
2026-09-09T20:37:50.8375499Z     | |_- in this macro invocation
2026-09-09T20:37:50.8375735Z     |
2026-09-09T20:37:50.8376203Z     = note: this warning originates in the macro `opaque_control_ref` (in Nightly builds, run with -Z macro-backtrace for more info)
2026-09-09T20:37:50.8376668Z 
2026-09-09T20:37:50.8376817Z warning: associated function `from_core_id` is never used
2026-09-09T20:37:50.8377148Z    --> sv_core/src/control.rs:155:27
2026-09-09T20:37:50.8377396Z     |
2026-09-09T20:37:50.8377572Z 141 |           impl $name {
2026-09-09T20:37:50.8377855Z     |           ---------- associated function in this implementation
2026-09-09T20:37:50.8378165Z ...
2026-09-09T20:37:50.8378418Z 155 |               pub(crate) fn from_core_id(id: ControlId) -> Self {
2026-09-09T20:37:50.8378749Z     |                             ^^^^^^^^^^^^
2026-09-09T20:37:50.8378993Z ...
2026-09-09T20:37:50.8379176Z 246 | / opaque_control_ref!(
2026-09-09T20:37:50.8379421Z 247 | |     ReuseBindingValueRef,
2026-09-09T20:37:50.8380136Z 248 | |     "Referencia al valor constituido de una dimensión de reutilización; identificarlo no acredita su vigencia."
2026-09-09T20:37:50.8380645Z 249 | | );
2026-09-09T20:37:50.8380841Z     | |_- in this macro invocation
2026-09-09T20:37:50.8381075Z     |
2026-09-09T20:37:50.8381542Z     = note: this warning originates in the macro `opaque_control_ref` (in Nightly builds, run with -Z macro-backtrace for more info)
2026-09-09T20:37:50.8382013Z 
2026-09-09T20:37:50.8382132Z warning: function `compile_svp` is never used
2026-09-09T20:37:50.8382426Z    --> sv_core/src/frontend.rs:803:8
2026-09-09T20:37:50.8383057Z     |
2026-09-09T20:37:50.8383708Z 803 | pub fn compile_svp(source: &str, source_file: &str) -> Result<IrProgram, FrontendError> {
2026-09-09T20:37:50.8384438Z     |        ^^^^^^^^^^^
2026-09-09T20:37:50.8384673Z 
2026-09-09T20:37:50.8384932Z warning: function `compile_svp_with_profile` is never used
2026-09-09T20:37:50.8385362Z    --> sv_core/src/frontend.rs:807:8
2026-09-09T20:37:50.8385609Z     |
2026-09-09T20:37:50.8385812Z 807 | pub fn compile_svp_with_profile(
2026-09-09T20:37:50.8386086Z     |        ^^^^^^^^^^^^^^^^^^^^^^^^
2026-09-09T20:37:50.8386242Z 
2026-09-09T20:37:50.8386357Z warning: constant `PROFILE_ID` is never used
2026-09-09T20:37:50.8386659Z  --> sv_core/src/identifier_profile.rs:6:18
2026-09-09T20:37:50.8386919Z   |
2026-09-09T20:37:50.8387182Z 6 | pub(crate) const PROFILE_ID: &str = "svp-grammar-0.2-lex-es-1";
2026-09-09T20:37:50.8387523Z   |                  ^^^^^^^^^^
2026-09-09T20:37:50.8387673Z 
2026-09-09T20:37:50.8387795Z warning: function `is_reserved_word` is never used
2026-09-09T20:37:50.8388120Z   --> sv_core/src/identifier_profile.rs:22:15
2026-09-09T20:37:50.8388385Z    |
2026-09-09T20:37:50.8388627Z 22 | pub(crate) fn is_reserved_word(word: &str) -> bool {
2026-09-09T20:37:50.8388929Z    |               ^^^^^^^^^^^^^^^^
2026-09-09T20:37:50.8389081Z 
2026-09-09T20:37:50.8389385Z warning: method `matches_descriptor` is never used
2026-09-09T20:37:50.8389716Z    --> sv_core/src/requirements_reuse.rs:121:19
2026-09-09T20:37:50.8389990Z     |
2026-09-09T20:37:50.8390171Z  44 | impl ReuseRule {
2026-09-09T20:37:50.8390409Z     | -------------- method in this implementation
2026-09-09T20:37:50.8390679Z ...
2026-09-09T20:37:50.8391021Z 121 |     pub(crate) fn matches_descriptor(&self, descriptor: &RequirementDescriptor) -> bool {
2026-09-09T20:37:50.8391459Z     |                   ^^^^^^^^^^^^^^^^^^
2026-09-09T20:37:50.8391634Z 
2026-09-09T20:37:50.8391820Z warning: hiding a lifetime that's elided elsewhere is confusing
2026-09-09T20:37:50.8392167Z     --> sv_core/src/frontend.rs:2161:13
2026-09-09T20:37:50.8392417Z      |
2026-09-09T20:37:50.8392917Z 2161 |     fn peek(&self) -> &Token {
2026-09-09T20:37:50.8393176Z      |             ^^^^^     ^^^^^^
2026-09-09T20:37:50.8393414Z      |             |         ||
2026-09-09T20:37:50.8393688Z      |             |         |the same lifetime is hidden here
2026-09-09T20:37:50.8394025Z      |             |         the same lifetime is elided here
2026-09-09T20:37:50.8394329Z      |             the lifetime is elided here
2026-09-09T20:37:50.8394595Z      |
2026-09-09T20:37:50.8394948Z      = help: the same lifetime is referred to in inconsistent ways, making the signature confusing
2026-09-09T20:37:50.8395447Z      = note: `#[warn(mismatched_lifetime_syntaxes)]` on by default
2026-09-09T20:37:50.8395811Z help: use `'_` for type paths
2026-09-09T20:37:50.8396038Z      |
2026-09-09T20:37:50.8396237Z 2161 |     fn peek(&self) -> &Token<'_> {
2026-09-09T20:37:50.8396503Z      |                             ++++
2026-09-09T20:37:50.8396674Z 
2026-09-09T20:37:56.6540640Z warning: `sv_core` (lib) generated 27 warnings (run `cargo fix --lib -p sv_core` to apply 1 suggestion)
2026-09-09T20:37:56.6541610Z    Compiling sv_wasm v0.1.0 (/home/runner/work/SV-lenguaje-de-computacion/SV-lenguaje-de-computacion/rust/sv_wasm)
2026-09-09T20:37:57.0033822Z     Finished `release` profile [optimized] target(s) in 7.03s
2026-09-09T20:37:57.0091511Z ##[group]Run mkdir -p artifacts/r0-wasm
2026-09-09T20:37:57.0091876Z [36;1mmkdir -p artifacts/r0-wasm[0m
2026-09-09T20:37:57.0092165Z [36;1mpython tests/r0_wasm_parity.py \[0m
2026-09-09T20:37:57.0092497Z [36;1m  --native-bin rust/target/release/sv-native \[0m
2026-09-09T20:37:57.0093335Z [36;1m  --wasm-bin rust/target/wasm32-wasip1/release/sv-native.wasm \[0m
2026-09-09T20:37:57.0093771Z [36;1m  --wasi-runner tests/run_wasi_sv_native.js \[0m
2026-09-09T20:37:57.0094175Z [36;1m  --report artifacts/r0-wasm/three-way-parity-wasi.json \[0m
2026-09-09T20:37:57.0094617Z [36;1m  --source-head "b7636296f2c75715691464df83a030d006a2f054" \[0m
2026-09-09T20:37:57.0095033Z [36;1m  --base-head "73c738348a9493a459744c62b8ade382ff595af5"[0m
2026-09-09T20:37:57.0131584Z shell: /usr/bin/bash -e {0}
2026-09-09T20:37:57.0131853Z ##[endgroup]
2026-09-09T20:38:02.2134617Z R0 WASM VALID OK: admissibility_spec_states_permutados
2026-09-09T20:38:02.2135372Z R0 WASM VALID OK: cell_basic
2026-09-09T20:38:02.2135756Z R0 WASM VALID OK: compose_basic
2026-09-09T20:38:02.2136133Z R0 WASM VALID OK: frame_cell_spec_compartida_valida
2026-09-09T20:38:02.2136538Z R0 WASM VALID OK: gate_table
2026-09-09T20:38:02.2136868Z R0 WASM VALID OK: identificadores_espanol
2026-09-09T20:38:02.2137271Z R0 WASM VALID OK: output_semantics_independientes
2026-09-09T20:38:02.2137704Z R0 WASM VALID OK: output_semantics_total_permutada
2026-09-09T20:38:02.2138113Z R0 WASM VALID OK: query_context_all_variants
2026-09-09T20:38:02.2138486Z R0 WASM VALID OK: resolve_projection
2026-09-09T20:38:02.2138862Z R0 WASM VALID OK: supervise_systemtarget_valido
2026-09-09T20:38:02.2139251Z R0 WASM VALID OK: supervise_targets
2026-09-09T20:38:02.2139663Z R0 WASM VALID OK: trajectory_alternance_valid
2026-09-09T20:38:02.2140047Z R0 WASM VALID OK: transition_data_events
2026-09-09T20:38:02.2140448Z R0 WASM INVALID OK: admissibility_spec_estados_legacy
2026-09-09T20:38:02.2140904Z R0 WASM INVALID OK: admissibility_spec_failed_legacy
2026-09-09T20:38:02.2141609Z R0 WASM INVALID OK: admissibility_spec_u_legacy
2026-09-09T20:38:02.2142034Z R0 WASM INVALID OK: admissibility_table_incompleta
2026-09-09T20:38:02.2142743Z R0 WASM INVALID OK: admissibility_table_output_fuera_codominio
2026-09-09T20:38:02.2143237Z R0 WASM INVALID OK: agent_architecture_mismatch
2026-09-09T20:38:02.2143676Z R0 WASM INVALID OK: agent_arquitecturas_reales_distintas
2026-09-09T20:38:02.2144092Z R0 WASM INVALID OK: bad_b_value
2026-09-09T20:38:02.2144446Z R0 WASM INVALID OK: bridge_position_fuera_de_rango
2026-09-09T20:38:02.2144878Z R0 WASM INVALID OK: cellstate_vector_length_mismatch
2026-09-09T20:38:02.2145305Z R0 WASM INVALID OK: codomain_miembro_duplicado
2026-09-09T20:38:02.2145691Z R0 WASM INVALID OK: compose_cycle_graph
2026-09-09T20:38:02.2146077Z R0 WASM INVALID OK: compose_graph_tipo_incorrecto
2026-09-09T20:38:02.2146482Z R0 WASM INVALID OK: compose_patterns_vacios
2026-09-09T20:38:02.2146871Z R0 WASM INVALID OK: compose_relations_vacias
2026-09-09T20:38:02.2147301Z R0 WASM INVALID OK: conector_mapping_incompleto
2026-09-09T20:38:02.2147702Z R0 WASM INVALID OK: conector_target_no_ternario
2026-09-09T20:38:02.2148095Z R0 WASM INVALID OK: connector_clave_repetida
2026-09-09T20:38:02.2148488Z R0 WASM INVALID OK: coupledspec_puente_repetido
2026-09-09T20:38:02.2148918Z R0 WASM INVALID OK: coupledstate_update_fuera_bridges
2026-09-09T20:38:02.2149328Z R0 WASM INVALID OK: domain_chain_mismatch
2026-09-09T20:38:02.2149730Z R0 WASM INVALID OK: domain_parametro_nominal_repetido
2026-09-09T20:38:02.2150139Z R0 WASM INVALID OK: duplicate_identifier
2026-09-09T20:38:02.2150557Z R0 WASM INVALID OK: edge_connector_source_codomain_mismatch
2026-09-09T20:38:02.2151055Z R0 WASM INVALID OK: edge_connector_target_position_mismatch
2026-09-09T20:38:02.2151500Z R0 WASM INVALID OK: edge_position_fuera_bridges
2026-09-09T20:38:02.2151929Z R0 WASM INVALID OK: frame_architecture_tipo_incorrecto
2026-09-09T20:38:02.2152338Z R0 WASM INVALID OK: frame_criticality_no_producible
2026-09-09T20:38:02.2153196Z R0 WASM INVALID OK: frame_estado_arquitectura_ajena
2026-09-09T20:38:02.2153522Z R0 WASM INVALID OK: frame_eval_duplicado
2026-09-09T20:38:02.2153811Z R0 WASM INVALID OK: frame_eval_externo
2026-09-09T20:38:02.2154090Z R0 WASM INVALID OK: frame_gate_input_externo
2026-09-09T20:38:02.2154385Z R0 WASM INVALID OK: frame_supervision_externa
2026-09-09T20:38:02.2154751Z R0 WASM INVALID OK: gate_codominio_posicional_incompatible_con_tabla
2026-09-09T20:38:02.2155130Z R0 WASM INVALID OK: gate_input_no_evalresult
2026-09-09T20:38:02.2155473Z R0 WASM INVALID OK: gate_numero_entradas_incompatible_con_tabla
2026-09-09T20:38:02.2155816Z R0 WASM INVALID OK: gate_undeclared_input
2026-09-09T20:38:02.2156136Z R0 WASM INVALID OK: graph_conflicts_fuera_de_v0_1
2026-09-09T20:38:02.2156487Z R0 WASM INVALID OK: graph_simple_concurrencia_mismo_puente
2026-09-09T20:38:02.2156837Z R0 WASM INVALID OK: horizon_architecture_ausente
2026-09-09T20:38:02.2157179Z R0 WASM INVALID OK: horizon_architecture_tipo_incorrecto
2026-09-09T20:38:02.2157563Z R0 WASM INVALID OK: horizon_tipo_suceso_repetido
2026-09-09T20:38:02.2157912Z R0 WASM INVALID OK: identificador_alfabeto_fuera_perfil
2026-09-09T20:38:02.2158258Z R0 WASM INVALID OK: identificador_guion_bajo_inicial
2026-09-09T20:38:02.2158592Z R0 WASM INVALID OK: identificador_latino_fuera_perfil
2026-09-09T20:38:02.2158918Z R0 WASM INVALID OK: identificador_marca_combinante
2026-09-09T20:38:02.2159240Z R0 WASM INVALID OK: identificador_palabra_reservada
2026-09-09T20:38:02.2159541Z R0 WASM INVALID OK: invalid_role_literal
2026-09-09T20:38:02.2159813Z R0 WASM INVALID OK: invalid_tri_literal
2026-09-09T20:38:02.2160076Z R0 WASM INVALID OK: max_keyword
2026-09-09T20:38:02.2160323Z R0 WASM INVALID OK: nat_digitos_no_ascii
2026-09-09T20:38:02.2160607Z R0 WASM INVALID OK: output_semantics_clave_ajena
2026-09-09T20:38:02.2160918Z R0 WASM INVALID OK: output_semantics_clave_ausente
2026-09-09T20:38:02.2161241Z R0 WASM INVALID OK: output_semantics_clave_repetida
2026-09-09T20:38:02.2161711Z R0 WASM INVALID OK: output_semantics_no_declarada
2026-09-09T20:38:02.2162046Z R0 WASM INVALID OK: output_semantics_sin_celda_repetida
2026-09-09T20:38:02.2162359Z R0 WASM INVALID OK: output_semantics_vacia
2026-09-09T20:38:02.2163087Z R0 WASM INVALID OK: pattern_arity_repetida
2026-09-09T20:38:02.2163391Z R0 WASM INVALID OK: pattern_campos_invertidos
2026-09-09T20:38:02.2163701Z R0 WASM INVALID OK: pattern_constraints_repetida
2026-09-09T20:38:02.2164027Z R0 WASM INVALID OK: pending_u_reconocido_no_habilitado
2026-09-09T20:38:02.2164350Z R0 WASM INVALID OK: projection_campo_inexistente
2026-09-09T20:38:02.2164657Z R0 WASM INVALID OK: projection_source_no_resultado
2026-09-09T20:38:02.2164976Z R0 WASM INVALID OK: projection_undeclared_source
2026-09-09T20:38:02.2165287Z R0 WASM INVALID OK: query_architecture_cell_ajena
2026-09-09T20:38:02.2165611Z R0 WASM INVALID OK: query_architecture_eval_celda_ajena
2026-09-09T20:38:02.2165945Z R0 WASM INVALID OK: query_architecture_eval_nodo_ajeno
2026-09-09T20:38:02.2166292Z R0 WASM INVALID OK: query_architecture_gate_entrada_ajena
2026-09-09T20:38:02.2166619Z R0 WASM INVALID OK: query_comparison_frame_ajeno
2026-09-09T20:38:02.2166910Z R0 WASM INVALID OK: query_context_opaco
2026-09-09T20:38:02.2167216Z R0 WASM INVALID OK: query_context_type_mismatch
2026-09-09T20:38:02.2167527Z R0 WASM INVALID OK: query_coverage_interface_ajena
2026-09-09T20:38:02.2167847Z R0 WASM INVALID OK: query_coverage_silent_u_ajena
2026-09-09T20:38:02.2168149Z R0 WASM INVALID OK: query_point_frame_ajeno
2026-09-09T20:38:02.2168435Z R0 WASM INVALID OK: query_trajectory_ajena
2026-09-09T20:38:02.2168736Z R0 WASM INVALID OK: resolve_alias_estado_no_u
2026-09-09T20:38:02.2169051Z R0 WASM INVALID OK: resolve_instancia_incompatible
2026-09-09T20:38:02.2169356Z R0 WASM INVALID OK: resolve_missing_context
2026-09-09T20:38:02.2169643Z R0 WASM INVALID OK: resolve_missing_mechanism
2026-09-09T20:38:02.2169940Z R0 WASM INVALID OK: resolve_target_fuera_rango
2026-09-09T20:38:02.2170395Z R0 WASM INVALID OK: resolve_target_no_u
2026-09-09T20:38:02.2170711Z R0 WASM INVALID OK: semantic_relation_campos_invertidos
2026-09-09T20:38:02.2171064Z R0 WASM INVALID OK: semantic_relation_constraints_repetida
2026-09-09T20:38:02.2171415Z R0 WASM INVALID OK: semantic_relation_table_repetida
2026-09-09T20:38:02.2171764Z R0 WASM INVALID OK: supervise_celltarget_tipo_incorrecto
2026-09-09T20:38:02.2172125Z R0 WASM INVALID OK: supervise_composedtarget_tipo_incorrecto
2026-09-09T20:38:02.2172471Z R0 WASM INVALID OK: supervise_coupled_wrong_role
2026-09-09T20:38:02.2172936Z R0 WASM INVALID OK: supervise_meta_no_evalresult
2026-09-09T20:38:02.2173266Z R0 WASM INVALID OK: supervise_systemtarget_tipo_incorrecto
2026-09-09T20:38:02.2173589Z R0 WASM INVALID OK: supervise_target_opaco
2026-09-09T20:38:02.2173885Z R0 WASM INVALID OK: supervise_undeclared_target
2026-09-09T20:38:02.2174179Z R0 WASM INVALID OK: supervise_wrong_role
2026-09-09T20:38:02.2174475Z R0 WASM INVALID OK: trajectory_alternance_violation
2026-09-09T20:38:02.2174826Z R0 WASM INVALID OK: trajectory_frame_arquitectura_distinta
2026-09-09T20:38:02.2175200Z R0 WASM INVALID OK: trajectory_horizon_arquitectura_distinta
2026-09-09T20:38:02.2175564Z R0 WASM INVALID OK: transition_data_horizon_no_declarado
2026-09-09T20:38:02.2175895Z R0 WASM INVALID OK: transition_event_fuera_horizon
2026-09-09T20:38:02.2176208Z R0 WASM INVALID OK: transition_event_tipo_repetido
2026-09-09T20:38:02.2176534Z R0 WASM INVALID OK: transition_induced_destino_repetido
2026-09-09T20:38:02.2176861Z R0 WASM INVALID OK: transition_induced_node_ausente
2026-09-09T20:38:02.2177214Z R0 WASM INVALID OK: transition_induced_node_fuera_arquitectura
2026-09-09T20:38:02.2177587Z R0 WASM INVALID OK: transition_induced_node_tipo_incorrecto
2026-09-09T20:38:02.2177943Z R0 WASM INVALID OK: transition_induced_parameters_vacios
2026-09-09T20:38:02.2178286Z R0 WASM INVALID OK: transition_induced_position_cero
2026-09-09T20:38:02.2178632Z R0 WASM INVALID OK: transition_induced_position_fuera_rango
2026-09-09T20:38:02.2179085Z R0 WASM INVALID OK: u_coercion
2026-09-09T20:38:02.2179809Z R0 WASM: 14/14 válidos con paridad nativa/WASI y 106/106 inválidos rechazados por ambos destinos
2026-09-09T20:38:02.2254267Z ##[group]Run python tests/run_oracle_sensitivity.py \
2026-09-09T20:38:02.2254682Z [36;1mpython tests/run_oracle_sensitivity.py \[0m
2026-09-09T20:38:02.2255039Z [36;1m  --rust-bin rust/target/release/sv-native \[0m
2026-09-09T20:38:02.2255443Z [36;1m  --wasm-bin rust/target/wasm32-wasip1/release/sv-native.wasm \[0m
2026-09-09T20:38:02.2255865Z [36;1m  --wasi-runner tests/run_wasi_sv_native.js \[0m
2026-09-09T20:38:02.2256220Z [36;1m  --output-dir artifacts/r0-wasm/sensitivity[0m
2026-09-09T20:38:02.2291926Z shell: /usr/bin/bash -e {0}
2026-09-09T20:38:02.2292186Z ##[endgroup]
2026-09-09T20:38:02.4849351Z control_valid: CONTROL_CONFORME
2026-09-09T20:38:02.4850058Z crlf: PRESERVADO_Y_PERDIDA_INYECTADA_DETECTADA
2026-09-09T20:38:02.4850698Z string_crlf: PRESERVADO_Y_PERDIDA_INYECTADA_DETECTADA
2026-09-09T20:38:02.4851332Z semantics_duplicate: RECHAZO_N0_02_N0_03
2026-09-09T20:38:02.4851899Z semantics_unbound_duplicate: RECHAZO_N0_02_N0_03
2026-09-09T20:38:02.4980804Z ##[group]Run cargo build --manifest-path rust/Cargo.toml -p sv_native --example assembly_probe --release
2026-09-09T20:38:02.4982148Z [36;1mcargo build --manifest-path rust/Cargo.toml -p sv_native --example assembly_probe --release[0m
2026-09-09T20:38:02.4983824Z [36;1mcargo build --manifest-path rust/Cargo.toml -p sv_native --example assembly_probe --release --target wasm32-wasip1[0m
2026-09-09T20:38:02.4984854Z [36;1mpython tests/k1_bridge_cases.py \[0m
2026-09-09T20:38:02.4985523Z [36;1m  --native-probe rust/target/release/examples/assembly_probe \[0m
2026-09-09T20:38:02.4986508Z [36;1m  --wasm-probe rust/target/wasm32-wasip1/release/examples/assembly_probe.wasm \[0m
2026-09-09T20:38:02.4987367Z [36;1m  --wasi-runner tests/run_wasi_sv_native.js \[0m
2026-09-09T20:38:02.4987981Z [36;1m  --output-dir artifacts/r0-wasm/bridge-set[0m
2026-09-09T20:38:02.4988573Z [36;1mpython tests/k1_horizon_cases.py \[0m
2026-09-09T20:38:02.4989275Z [36;1m  --native-probe rust/target/release/examples/assembly_probe \[0m
2026-09-09T20:38:02.4990256Z [36;1m  --wasm-probe rust/target/wasm32-wasip1/release/examples/assembly_probe.wasm \[0m
2026-09-09T20:38:02.4991091Z [36;1m  --wasi-runner tests/run_wasi_sv_native.js \[0m
2026-09-09T20:38:02.4991728Z [36;1m  --output-dir artifacts/r0-wasm/horizon-types[0m
2026-09-09T20:38:02.4992380Z [36;1mpython tests/k1_domain_cases.py \[0m
2026-09-09T20:38:02.4993338Z [36;1m  --native-probe rust/target/release/examples/assembly_probe \[0m
2026-09-09T20:38:02.4994305Z [36;1m  --wasm-probe rust/target/wasm32-wasip1/release/examples/assembly_probe.wasm \[0m
2026-09-09T20:38:02.4995172Z [36;1m  --wasi-runner tests/run_wasi_sv_native.js \[0m
2026-09-09T20:38:02.4995821Z [36;1m  --output-dir artifacts/r0-wasm/domain-names[0m
2026-09-09T20:38:02.4996433Z [36;1mpython tests/k1_optional_cases.py \[0m
2026-09-09T20:38:02.4997163Z [36;1m  --native-probe rust/target/release/examples/assembly_probe \[0m
2026-09-09T20:38:02.4998125Z [36;1m  --wasm-probe rust/target/wasm32-wasip1/release/examples/assembly_probe.wasm \[0m
2026-09-09T20:38:02.4998994Z [36;1m  --wasi-runner tests/run_wasi_sv_native.js \[0m
2026-09-09T20:38:02.4999653Z [36;1m  --output-dir artifacts/r0-wasm/optional-fields[0m
2026-09-09T20:38:02.5048827Z shell: /usr/bin/bash -e {0}
2026-09-09T20:38:02.5049106Z ##[endgroup]
2026-09-09T20:38:02.5281383Z warning: associated function `from_core_id` is never used
2026-09-09T20:38:02.5282033Z    --> sv_core/src/control.rs:155:27
2026-09-09T20:38:02.5282466Z     |
2026-09-09T20:38:02.5283042Z 141 |           impl $name {
2026-09-09T20:38:02.5283557Z     |           ---------- associated function in this implementation
2026-09-09T20:38:02.5284112Z ...
2026-09-09T20:38:02.5284541Z 155 |               pub(crate) fn from_core_id(id: ControlId) -> Self {
2026-09-09T20:38:02.5285395Z     |                             ^^^^^^^^^^^^
2026-09-09T20:38:02.5285832Z ...
2026-09-09T20:38:02.5286149Z 162 | / opaque_control_ref!(
2026-09-09T20:38:02.5286575Z 163 | |     InformationRef,
2026-09-09T20:38:02.5287492Z 164 | |     "Referencia nominal a información dentro del dominio de control."
2026-09-09T20:38:02.5288139Z 165 | | );
2026-09-09T20:38:02.5288472Z     | |_- in this macro invocation
2026-09-09T20:38:02.5288873Z     |
2026-09-09T20:38:02.5289337Z     = note: `#[warn(dead_code)]` (part of `#[warn(unused)]`) on by default
2026-09-09T20:38:02.5290447Z     = note: this warning originates in the macro `opaque_control_ref` (in Nightly builds, run with -Z macro-backtrace for more info)
2026-09-09T20:38:02.5291275Z 
2026-09-09T20:38:02.5291537Z warning: associated function `from_core_id` is never used
2026-09-09T20:38:02.5292107Z    --> sv_core/src/control.rs:155:27
2026-09-09T20:38:02.5292529Z     |
2026-09-09T20:38:02.5293049Z 141 |           impl $name {
2026-09-09T20:38:02.5293631Z     |           ---------- associated function in this implementation
2026-09-09T20:38:02.5294181Z ...
2026-09-09T20:38:02.5294863Z 155 |               pub(crate) fn from_core_id(id: ControlId) -> Self {
2026-09-09T20:38:02.5295462Z     |                             ^^^^^^^^^^^^
2026-09-09T20:38:02.5295904Z ...
2026-09-09T20:38:02.5296229Z 166 | / opaque_control_ref!(
2026-09-09T20:38:02.5296637Z 167 | |     AdmittedEvidenceRef,
2026-09-09T20:38:02.5297632Z 168 | |     "Referencia a evidencia cuya admisión debe proceder de una verificación gobernada."
2026-09-09T20:38:02.5298406Z 169 | | );
2026-09-09T20:38:02.5298740Z     | |_- in this macro invocation
2026-09-09T20:38:02.5299148Z     |
2026-09-09T20:38:02.5299963Z     = note: this warning originates in the macro `opaque_control_ref` (in Nightly builds, run with -Z macro-backtrace for more info)
2026-09-09T20:38:02.5300797Z 
2026-09-09T20:38:02.5301048Z warning: associated function `from_core_id` is never used
2026-09-09T20:38:02.5301612Z    --> sv_core/src/control.rs:155:27
2026-09-09T20:38:02.5302054Z     |
2026-09-09T20:38:02.5302362Z 141 |           impl $name {
2026-09-09T20:38:02.5303244Z     |           ---------- associated function in this implementation
2026-09-09T20:38:02.5303803Z ...
2026-09-09T20:38:02.5304233Z 155 |               pub(crate) fn from_core_id(id: ControlId) -> Self {
2026-09-09T20:38:02.5304816Z     |                             ^^^^^^^^^^^^
2026-09-09T20:38:02.5305418Z ...
2026-09-09T20:38:02.5305754Z 170 | / opaque_control_ref!(
2026-09-09T20:38:02.5306197Z 171 | |     ConstitutedFactRef,
2026-09-09T20:38:02.5307050Z 172 | |     "Referencia a un hecho semántico constituido; no equivale a autoridad."
2026-09-09T20:38:02.5307730Z 173 | | );
2026-09-09T20:38:02.5308067Z     | |_- in this macro invocation
2026-09-09T20:38:02.5308481Z     |
2026-09-09T20:38:02.5309289Z     = note: this warning originates in the macro `opaque_control_ref` (in Nightly builds, run with -Z macro-backtrace for more info)
2026-09-09T20:38:02.5310105Z 
2026-09-09T20:38:02.5310383Z warning: associated function `from_core_id` is never used
2026-09-09T20:38:02.5310976Z    --> sv_core/src/control.rs:155:27
2026-09-09T20:38:02.5311422Z     |
2026-09-09T20:38:02.5311746Z 141 |           impl $name {
2026-09-09T20:38:02.5312252Z     |           ---------- associated function in this implementation
2026-09-09T20:38:02.5313026Z ...
2026-09-09T20:38:02.5313440Z 155 |               pub(crate) fn from_core_id(id: ControlId) -> Self {
2026-09-09T20:38:02.5313906Z     |                             ^^^^^^^^^^^^
2026-09-09T20:38:02.5314163Z ...
2026-09-09T20:38:02.5314354Z 174 | / opaque_control_ref!(
2026-09-09T20:38:02.5314592Z 175 | |     AuthorityRef,
2026-09-09T20:38:02.5315129Z 176 | |     "Referencia a autoridad constituida; su constructor no forma parte de la API pública."
2026-09-09T20:38:02.5315575Z 177 | | );
2026-09-09T20:38:02.5315775Z     | |_- in this macro invocation
2026-09-09T20:38:02.5316020Z     |
2026-09-09T20:38:02.5316786Z     = note: this warning originates in the macro `opaque_control_ref` (in Nightly builds, run with -Z macro-backtrace for more info)
2026-09-09T20:38:02.5317512Z 
2026-09-09T20:38:02.5317671Z warning: associated function `from_core_id` is never used
2026-09-09T20:38:02.5318005Z    --> sv_core/src/control.rs:155:27
2026-09-09T20:38:02.5318257Z     |
2026-09-09T20:38:02.5318440Z 141 |           impl $name {
2026-09-09T20:38:02.5318731Z     |           ---------- associated function in this implementation
2026-09-09T20:38:02.5319049Z ...
2026-09-09T20:38:02.5319291Z 155 |               pub(crate) fn from_core_id(id: ControlId) -> Self {
2026-09-09T20:38:02.5319624Z     |                             ^^^^^^^^^^^^
2026-09-09T20:38:02.5319871Z ...
2026-09-09T20:38:02.5320055Z 178 | / opaque_control_ref!(
2026-09-09T20:38:02.5320287Z 179 | |     EnablementRef,
2026-09-09T20:38:02.5320775Z 180 | |     "Referencia a una habilitación de autoridad ya existente; no amplía autoridad."
2026-09-09T20:38:02.5321201Z 181 | | );
2026-09-09T20:38:02.5321411Z     | |_- in this macro invocation
2026-09-09T20:38:02.5321644Z     |
2026-09-09T20:38:02.5322258Z     = note: this warning originates in the macro `opaque_control_ref` (in Nightly builds, run with -Z macro-backtrace for more info)
2026-09-09T20:38:02.5322999Z 
2026-09-09T20:38:02.5323161Z warning: associated function `from_core_id` is never used
2026-09-09T20:38:02.5323497Z    --> sv_core/src/control.rs:155:27
2026-09-09T20:38:02.5323746Z     |
2026-09-09T20:38:02.5323926Z 141 |           impl $name {
2026-09-09T20:38:02.5324211Z     |           ---------- associated function in this implementation
2026-09-09T20:38:02.5324521Z ...
2026-09-09T20:38:02.5324779Z 155 |               pub(crate) fn from_core_id(id: ControlId) -> Self {
2026-09-09T20:38:02.5325115Z     |                             ^^^^^^^^^^^^
2026-09-09T20:38:02.5325361Z ...
2026-09-09T20:38:02.5325540Z 186 | / opaque_control_ref!(
2026-09-09T20:38:02.5325763Z 187 | |     FormRef,
2026-09-09T20:38:02.5326097Z 188 | |     "Referencia a una forma de transición constituida."
2026-09-09T20:38:02.5326408Z 189 | | );
2026-09-09T20:38:02.5326599Z     | |_- in this macro invocation
2026-09-09T20:38:02.5326829Z     |
2026-09-09T20:38:02.5327297Z     = note: this warning originates in the macro `opaque_control_ref` (in Nightly builds, run with -Z macro-backtrace for more info)
2026-09-09T20:38:02.5327770Z 
2026-09-09T20:38:02.5327919Z warning: associated function `from_core_id` is never used
2026-09-09T20:38:02.5328242Z    --> sv_core/src/control.rs:155:27
2026-09-09T20:38:02.5328480Z     |
2026-09-09T20:38:02.5328653Z 141 |           impl $name {
2026-09-09T20:38:02.5328928Z     |           ---------- associated function in this implementation
2026-09-09T20:38:02.5329232Z ...
2026-09-09T20:38:02.5329471Z 155 |               pub(crate) fn from_core_id(id: ControlId) -> Self {
2026-09-09T20:38:02.5329800Z     |                             ^^^^^^^^^^^^
2026-09-09T20:38:02.5330044Z ...
2026-09-09T20:38:02.5330220Z 190 | / opaque_control_ref!(
2026-09-09T20:38:02.5330460Z 191 | |     EffectFamilyRef,
2026-09-09T20:38:02.5330849Z 192 | |     "Referencia a una familia de efectos fijada por constitución."
2026-09-09T20:38:02.5331203Z 193 | | );
2026-09-09T20:38:02.5331389Z     | |_- in this macro invocation
2026-09-09T20:38:02.5331639Z     |
2026-09-09T20:38:02.5332098Z     = note: this warning originates in the macro `opaque_control_ref` (in Nightly builds, run with -Z macro-backtrace for more info)
2026-09-09T20:38:02.5332766Z 
2026-09-09T20:38:02.5332934Z warning: associated function `from_core_id` is never used
2026-09-09T20:38:02.5333265Z    --> sv_core/src/control.rs:155:27
2026-09-09T20:38:02.5333505Z     |
2026-09-09T20:38:02.5333678Z 141 |           impl $name {
2026-09-09T20:38:02.5333956Z     |           ---------- associated function in this implementation
2026-09-09T20:38:02.5334258Z ...
2026-09-09T20:38:02.5334497Z 155 |               pub(crate) fn from_core_id(id: ControlId) -> Self {
2026-09-09T20:38:02.5334828Z     |                             ^^^^^^^^^^^^
2026-09-09T20:38:02.5335231Z ...
2026-09-09T20:38:02.5335405Z 194 | / opaque_control_ref!(
2026-09-09T20:38:02.5335625Z 195 | |     EffectRef,
2026-09-09T20:38:02.5335969Z 196 | |     "Referencia a un efecto concreto; identificarlo no equivale a autorizarlo."
2026-09-09T20:38:02.5336354Z 197 | | );
2026-09-09T20:38:02.5336543Z     | |_- in this macro invocation
2026-09-09T20:38:02.5336772Z     |
2026-09-09T20:38:02.5337315Z     = note: this warning originates in the macro `opaque_control_ref` (in Nightly builds, run with -Z macro-backtrace for more info)
2026-09-09T20:38:02.5337905Z 
2026-09-09T20:38:02.5349854Z warning: associated function `from_core_id` is never used
2026-09-09T20:38:02.5350271Z    --> sv_core/src/control.rs:155:27
2026-09-09T20:38:02.5350690Z     |
2026-09-09T20:38:02.5350995Z 141 |           impl $name {
2026-09-09T20:38:02.5351473Z     |           ---------- associated function in this implementation
2026-09-09T20:38:02.5351985Z ...
2026-09-09T20:38:02.5352471Z 155 |               pub(crate) fn from_core_id(id: ControlId) -> Self {
2026-09-09T20:38:02.5353326Z     |                             ^^^^^^^^^^^^
2026-09-09T20:38:02.5353774Z ...
2026-09-09T20:38:02.5354338Z 198 | / opaque_control_ref!(
2026-09-09T20:38:02.5354759Z 199 | |     ContextRef,
2026-09-09T20:38:02.5355364Z 200 | |     "Referencia a una ligadura de contexto relevante para autoridad o forma."
2026-09-09T20:38:02.5356038Z 201 | | );
2026-09-09T20:38:02.5356375Z     | |_- in this macro invocation
2026-09-09T20:38:02.5356790Z     |
2026-09-09T20:38:02.5357594Z     = note: this warning originates in the macro `opaque_control_ref` (in Nightly builds, run with -Z macro-backtrace for more info)
2026-09-09T20:38:02.5358431Z 
2026-09-09T20:38:02.5358700Z warning: associated function `from_core_id` is never used
2026-09-09T20:38:02.5359290Z    --> sv_core/src/control.rs:155:27
2026-09-09T20:38:02.5359733Z     |
2026-09-09T20:38:02.5360055Z 141 |           impl $name {
2026-09-09T20:38:02.5360571Z     |           ---------- associated function in this implementation
2026-09-09T20:38:02.5361148Z ...
2026-09-09T20:38:02.5361590Z 155 |               pub(crate) fn from_core_id(id: ControlId) -> Self {
2026-09-09T20:38:02.5362189Z     |                             ^^^^^^^^^^^^
2026-09-09T20:38:02.5362993Z ...
2026-09-09T20:38:02.5363321Z 202 | / opaque_control_ref!(
2026-09-09T20:38:02.5363746Z 203 | |     AuthorityHolderRef,
2026-09-09T20:38:02.5364667Z 204 | |     "Referencia al titular de una autoridad; no constituye autoridad por sí misma."
2026-09-09T20:38:02.5365393Z 205 | | );
2026-09-09T20:38:02.5365745Z     | |_- in this macro invocation
2026-09-09T20:38:02.5366023Z     |
2026-09-09T20:38:02.5366499Z     = note: this warning originates in the macro `opaque_control_ref` (in Nightly builds, run with -Z macro-backtrace for more info)
2026-09-09T20:38:02.5366974Z 
2026-09-09T20:38:02.5367120Z warning: associated function `from_core_id` is never used
2026-09-09T20:38:02.5367445Z    --> sv_core/src/control.rs:155:27
2026-09-09T20:38:02.5367711Z     |
2026-09-09T20:38:02.5367893Z 141 |           impl $name {
2026-09-09T20:38:02.5368207Z     |           ---------- associated function in this implementation
2026-09-09T20:38:02.5368522Z ...
2026-09-09T20:38:02.5368773Z 155 |               pub(crate) fn from_core_id(id: ControlId) -> Self {
2026-09-09T20:38:02.5369105Z     |                             ^^^^^^^^^^^^
2026-09-09T20:38:02.5369350Z ...
2026-09-09T20:38:02.5369530Z 206 | / opaque_control_ref!(
2026-09-09T20:38:02.5369771Z 207 | |     GovernedObjectRef,
2026-09-09T20:38:02.5370135Z 208 | |     "Referencia a un objeto candidato a pertenecer al dominio gobernado D_a."
2026-09-09T20:38:02.5370517Z 209 | | );
2026-09-09T20:38:02.5370710Z     | |_- in this macro invocation
2026-09-09T20:38:02.5370990Z     |
2026-09-09T20:38:02.5371456Z     = note: this warning originates in the macro `opaque_control_ref` (in Nightly builds, run with -Z macro-backtrace for more info)
2026-09-09T20:38:02.5371914Z 
2026-09-09T20:38:02.5372061Z warning: associated function `from_core_id` is never used
2026-09-09T20:38:02.5372848Z    --> sv_core/src/control.rs:155:27
2026-09-09T20:38:02.5373107Z     |
2026-09-09T20:38:02.5373290Z 141 |           impl $name {
2026-09-09T20:38:02.5373572Z     |           ---------- associated function in this implementation
2026-09-09T20:38:02.5373882Z ...
2026-09-09T20:38:02.5374120Z 155 |               pub(crate) fn from_core_id(id: ControlId) -> Self {
2026-09-09T20:38:02.5374445Z     |                             ^^^^^^^^^^^^
2026-09-09T20:38:02.5374689Z ...
2026-09-09T20:38:02.5374863Z 210 | / opaque_control_ref!(
2026-09-09T20:38:02.5375092Z 211 | |     AccumulationRuleRef,
2026-09-09T20:38:02.5375578Z 212 | |     "Referencia a una regla gobernada de acumulación o a un predicado de traza."
2026-09-09T20:38:02.5375964Z 213 | | );
2026-09-09T20:38:02.5376153Z     | |_- in this macro invocation
2026-09-09T20:38:02.5376379Z     |
2026-09-09T20:38:02.5376838Z     = note: this warning originates in the macro `opaque_control_ref` (in Nightly builds, run with -Z macro-backtrace for more info)
2026-09-09T20:38:02.5377308Z 
2026-09-09T20:38:02.5377445Z warning: associated function `from_core_id` is never used
2026-09-09T20:38:02.5377921Z    --> sv_core/src/control.rs:155:27
2026-09-09T20:38:02.5378170Z     |
2026-09-09T20:38:02.5378343Z 141 |           impl $name {
2026-09-09T20:38:02.5378613Z     |           ---------- associated function in this implementation
2026-09-09T20:38:02.5378912Z ...
2026-09-09T20:38:02.5379145Z 155 |               pub(crate) fn from_core_id(id: ControlId) -> Self {
2026-09-09T20:38:02.5379464Z     |                             ^^^^^^^^^^^^
2026-09-09T20:38:02.5379702Z ...
2026-09-09T20:38:02.5379874Z 214 | / opaque_control_ref!(
2026-09-09T20:38:02.5380097Z 215 | |     RequirementRef,
2026-09-09T20:38:02.5380566Z 216 | |     "Referencia a una obligación de Req; identificarla no acredita su cumplimiento."
2026-09-09T20:38:02.5381005Z 217 | | );
2026-09-09T20:38:02.5381200Z     | |_- in this macro invocation
2026-09-09T20:38:02.5381435Z     |
2026-09-09T20:38:02.5381906Z     = note: this warning originates in the macro `opaque_control_ref` (in Nightly builds, run with -Z macro-backtrace for more info)
2026-09-09T20:38:02.5382372Z 
2026-09-09T20:38:02.5382745Z warning: associated function `from_core_id` is never used
2026-09-09T20:38:02.5383154Z    --> sv_core/src/control.rs:155:27
2026-09-09T20:38:02.5383392Z     |
2026-09-09T20:38:02.5383576Z 141 |           impl $name {
2026-09-09T20:38:02.5383855Z     |           ---------- associated function in this implementation
2026-09-09T20:38:02.5384161Z ...
2026-09-09T20:38:02.5384411Z 155 |               pub(crate) fn from_core_id(id: ControlId) -> Self {
2026-09-09T20:38:02.5384740Z     |                             ^^^^^^^^^^^^
2026-09-09T20:38:02.5384988Z ...
2026-09-09T20:38:02.5385167Z 218 | / opaque_control_ref!(
2026-09-09T20:38:02.5385398Z 219 | |     VerifierRef,
2026-09-09T20:38:02.5385789Z 220 | |     "Referencia a un verificador concreto; su mera existencia no acredita aplicabilidad."
2026-09-09T20:38:02.5386232Z 221 | | );
2026-09-09T20:38:02.5386432Z     | |_- in this macro invocation
2026-09-09T20:38:02.5386666Z     |
2026-09-09T20:38:02.5387127Z     = note: this warning originates in the macro `opaque_control_ref` (in Nightly builds, run with -Z macro-backtrace for more info)
2026-09-09T20:38:02.5387589Z 
2026-09-09T20:38:02.5387732Z warning: associated function `from_core_id` is never used
2026-09-09T20:38:02.5388050Z    --> sv_core/src/control.rs:155:27
2026-09-09T20:38:02.5388280Z     |
2026-09-09T20:38:02.5388449Z 141 |           impl $name {
2026-09-09T20:38:02.5388719Z     |           ---------- associated function in this implementation
2026-09-09T20:38:02.5389014Z ...
2026-09-09T20:38:02.5389249Z 155 |               pub(crate) fn from_core_id(id: ControlId) -> Self {
2026-09-09T20:38:02.5389567Z     |                             ^^^^^^^^^^^^
2026-09-09T20:38:02.5389805Z ...
2026-09-09T20:38:02.5389976Z 222 | / opaque_control_ref!(
2026-09-09T20:38:02.5390356Z 223 | |     VerifierFamilyRef,
2026-09-09T20:38:02.5390800Z 224 | |     "Referencia a una familia de verificadores admisibles para una obligación."
2026-09-09T20:38:02.5391189Z 225 | | );
2026-09-09T20:38:02.5391373Z     | |_- in this macro invocation
2026-09-09T20:38:02.5391599Z     |
2026-09-09T20:38:02.5392054Z     = note: this warning originates in the macro `opaque_control_ref` (in Nightly builds, run with -Z macro-backtrace for more info)
2026-09-09T20:38:02.5392710Z 
2026-09-09T20:38:02.5392940Z warning: associated function `from_core_id` is never used
2026-09-09T20:38:02.5393264Z    --> sv_core/src/control.rs:155:27
2026-09-09T20:38:02.5393499Z     |
2026-09-09T20:38:02.5393672Z 141 |           impl $name {
2026-09-09T20:38:02.5393943Z     |           ---------- associated function in this implementation
2026-09-09T20:38:02.5394241Z ...
2026-09-09T20:38:02.5394477Z 155 |               pub(crate) fn from_core_id(id: ControlId) -> Self {
2026-09-09T20:38:02.5394808Z     |                             ^^^^^^^^^^^^
2026-09-09T20:38:02.5395061Z ...
2026-09-09T20:38:02.5395232Z 226 | / opaque_control_ref!(
2026-09-09T20:38:02.5395464Z 227 | |     ApplicabilityRuleRef,
2026-09-09T20:38:02.5396081Z 228 | |     "Referencia a una regla previamente constituida de aplicabilidad de comprobación."
2026-09-09T20:38:02.5396499Z 229 | | );
2026-09-09T20:38:02.5396685Z     | |_- in this macro invocation
2026-09-09T20:38:02.5396914Z     |
2026-09-09T20:38:02.5397374Z     = note: this warning originates in the macro `opaque_control_ref` (in Nightly builds, run with -Z macro-backtrace for more info)
2026-09-09T20:38:02.5397836Z 
2026-09-09T20:38:02.5397974Z warning: associated function `from_core_id` is never used
2026-09-09T20:38:02.5398301Z    --> sv_core/src/control.rs:155:27
2026-09-09T20:38:02.5398538Z     |
2026-09-09T20:38:02.5398712Z 141 |           impl $name {
2026-09-09T20:38:02.5398982Z     |           ---------- associated function in this implementation
2026-09-09T20:38:02.5399279Z ...
2026-09-09T20:38:02.5399524Z 155 |               pub(crate) fn from_core_id(id: ControlId) -> Self {
2026-09-09T20:38:02.5399844Z     |                             ^^^^^^^^^^^^
2026-09-09T20:38:02.5400090Z ...
2026-09-09T20:38:02.5400258Z 230 | / opaque_control_ref!(
2026-09-09T20:38:02.5400492Z 231 | |     ConflictResolutionRuleRef,
2026-09-09T20:38:02.5401051Z 232 | |     "Referencia a una regla previamente constituida de resolución de conflicto entre comprobaciones."
2026-09-09T20:38:02.5401534Z 233 | | );
2026-09-09T20:38:02.5401726Z     | |_- in this macro invocation
2026-09-09T20:38:02.5401954Z     |
2026-09-09T20:38:02.5402410Z     = note: this warning originates in the macro `opaque_control_ref` (in Nightly builds, run with -Z macro-backtrace for more info)
2026-09-09T20:38:02.5403134Z 
2026-09-09T20:38:02.5403287Z warning: associated function `from_core_id` is never used
2026-09-09T20:38:02.5403616Z    --> sv_core/src/control.rs:155:27
2026-09-09T20:38:02.5403854Z     |
2026-09-09T20:38:02.5404030Z 141 |           impl $name {
2026-09-09T20:38:02.5404321Z     |           ---------- associated function in this implementation
2026-09-09T20:38:02.5404633Z ...
2026-09-09T20:38:02.5404879Z 155 |               pub(crate) fn from_core_id(id: ControlId) -> Self {
2026-09-09T20:38:02.5405207Z     |                             ^^^^^^^^^^^^
2026-09-09T20:38:02.5405451Z ...
2026-09-09T20:38:02.5405629Z 234 | / opaque_control_ref!(
2026-09-09T20:38:02.5405861Z 235 | |     CoverageRuleRef,
2026-09-09T20:38:02.5406276Z 236 | |     "Referencia a una regla previamente constituida de cobertura de comprobaciones exigibles."
2026-09-09T20:38:02.5406720Z 237 | | );
2026-09-09T20:38:02.5406907Z     | |_- in this macro invocation
2026-09-09T20:38:02.5407138Z     |
2026-09-09T20:38:02.5407598Z     = note: this warning originates in the macro `opaque_control_ref` (in Nightly builds, run with -Z macro-backtrace for more info)
2026-09-09T20:38:02.5408062Z 
2026-09-09T20:38:02.5408210Z warning: associated function `from_core_id` is never used
2026-09-09T20:38:02.5408735Z    --> sv_core/src/control.rs:155:27
2026-09-09T20:38:02.5408973Z     |
2026-09-09T20:38:02.5409146Z 141 |           impl $name {
2026-09-09T20:38:02.5409431Z     |           ---------- associated function in this implementation
2026-09-09T20:38:02.5409733Z ...
2026-09-09T20:38:02.5409971Z 155 |               pub(crate) fn from_core_id(id: ControlId) -> Self {
2026-09-09T20:38:02.5410296Z     |                             ^^^^^^^^^^^^
2026-09-09T20:38:02.5410536Z ...
2026-09-09T20:38:02.5410713Z 238 | / opaque_control_ref!(
2026-09-09T20:38:02.5410938Z 239 | |     ReuseRuleRef,
2026-09-09T20:38:02.5411445Z 240 | |     "Referencia a una regla previamente constituida de reutilización de resultados cualificados."
2026-09-09T20:38:02.5411898Z 241 | | );
2026-09-09T20:38:02.5412086Z     | |_- in this macro invocation
2026-09-09T20:38:02.5412317Z     |
2026-09-09T20:38:02.5413149Z     = note: this warning originates in the macro `opaque_control_ref` (in Nightly builds, run with -Z macro-backtrace for more info)
2026-09-09T20:38:02.5413641Z 
2026-09-09T20:38:02.5413787Z warning: associated function `from_core_id` is never used
2026-09-09T20:38:02.5414261Z    --> sv_core/src/control.rs:155:27
2026-09-09T20:38:02.5414512Z     |
2026-09-09T20:38:02.5414682Z 141 |           impl $name {
2026-09-09T20:38:02.5414956Z     |           ---------- associated function in this implementation
2026-09-09T20:38:02.5415256Z ...
2026-09-09T20:38:02.5415493Z 155 |               pub(crate) fn from_core_id(id: ControlId) -> Self {
2026-09-09T20:38:02.5415817Z     |                             ^^^^^^^^^^^^
2026-09-09T20:38:02.5416057Z ...
2026-09-09T20:38:02.5416228Z 242 | / opaque_control_ref!(
2026-09-09T20:38:02.5416459Z 243 | |     ReuseBindingKeyRef,
2026-09-09T20:38:02.5417043Z 244 | |     "Referencia a una dimensión constituida cuya continuidad puede ser exigible para reutilizar un resultado."
2026-09-09T20:38:02.5417534Z 245 | | );
2026-09-09T20:38:02.5417733Z     | |_- in this macro invocation
2026-09-09T20:38:02.5417963Z     |
2026-09-09T20:38:02.5418415Z     = note: this warning originates in the macro `opaque_control_ref` (in Nightly builds, run with -Z macro-backtrace for more info)
2026-09-09T20:38:02.5418882Z 
2026-09-09T20:38:02.5419022Z warning: associated function `from_core_id` is never used
2026-09-09T20:38:02.5419337Z    --> sv_core/src/control.rs:155:27
2026-09-09T20:38:02.5419565Z     |
2026-09-09T20:38:02.5419739Z 141 |           impl $name {
2026-09-09T20:38:02.5420007Z     |           ---------- associated function in this implementation
2026-09-09T20:38:02.5420304Z ...
2026-09-09T20:38:02.5420532Z 155 |               pub(crate) fn from_core_id(id: ControlId) -> Self {
2026-09-09T20:38:02.5420853Z     |                             ^^^^^^^^^^^^
2026-09-09T20:38:02.5421091Z ...
2026-09-09T20:38:02.5421259Z 246 | / opaque_control_ref!(
2026-09-09T20:38:02.5421487Z 247 | |     ReuseBindingValueRef,
2026-09-09T20:38:02.5422053Z 248 | |     "Referencia al valor constituido de una dimensión de reutilización; identificarlo no acredita su vigencia."
2026-09-09T20:38:02.5422789Z 249 | | );
2026-09-09T20:38:02.5423012Z     | |_- in this macro invocation
2026-09-09T20:38:02.5423248Z     |
2026-09-09T20:38:02.5423703Z     = note: this warning originates in the macro `opaque_control_ref` (in Nightly builds, run with -Z macro-backtrace for more info)
2026-09-09T20:38:02.5424157Z 
2026-09-09T20:38:02.5424272Z warning: function `compile_svp` is never used
2026-09-09T20:38:02.5424558Z    --> sv_core/src/frontend.rs:803:8
2026-09-09T20:38:02.5424787Z     |
2026-09-09T20:38:02.5425123Z 803 | pub fn compile_svp(source: &str, source_file: &str) -> Result<IrProgram, FrontendError> {
2026-09-09T20:38:02.5425536Z     |        ^^^^^^^^^^^
2026-09-09T20:38:02.5425669Z 
2026-09-09T20:38:02.5425809Z warning: function `compile_svp_with_profile` is never used
2026-09-09T20:38:02.5426134Z    --> sv_core/src/frontend.rs:807:8
2026-09-09T20:38:02.5426363Z     |
2026-09-09T20:38:02.5426552Z 807 | pub fn compile_svp_with_profile(
2026-09-09T20:38:02.5426949Z     |        ^^^^^^^^^^^^^^^^^^^^^^^^
2026-09-09T20:38:02.5427102Z 
2026-09-09T20:38:02.5427214Z warning: constant `PROFILE_ID` is never used
2026-09-09T20:38:02.5427512Z  --> sv_core/src/identifier_profile.rs:6:18
2026-09-09T20:38:02.5427764Z   |
2026-09-09T20:38:02.5428026Z 6 | pub(crate) const PROFILE_ID: &str = "svp-grammar-0.2-lex-es-1";
2026-09-09T20:38:02.5428364Z   |                  ^^^^^^^^^^
2026-09-09T20:38:02.5428511Z 
2026-09-09T20:38:02.5428630Z warning: function `is_reserved_word` is never used
2026-09-09T20:38:02.5428946Z   --> sv_core/src/identifier_profile.rs:22:15
2026-09-09T20:38:02.5429209Z    |
2026-09-09T20:38:02.5429434Z 22 | pub(crate) fn is_reserved_word(word: &str) -> bool {
2026-09-09T20:38:02.5429731Z    |               ^^^^^^^^^^^^^^^^
2026-09-09T20:38:02.5429881Z 
2026-09-09T20:38:02.5430005Z warning: method `matches_descriptor` is never used
2026-09-09T20:38:02.5430325Z    --> sv_core/src/requirements_reuse.rs:121:19
2026-09-09T20:38:02.5430590Z     |
2026-09-09T20:38:02.5430773Z  44 | impl ReuseRule {
2026-09-09T20:38:02.5431010Z     | -------------- method in this implementation
2026-09-09T20:38:02.5431269Z ...
2026-09-09T20:38:02.5431729Z 121 |     pub(crate) fn matches_descriptor(&self, descriptor: &RequirementDescriptor) -> bool {
2026-09-09T20:38:02.5432160Z     |                   ^^^^^^^^^^^^^^^^^^
2026-09-09T20:38:02.5432326Z 
2026-09-09T20:38:02.5432487Z warning: hiding a lifetime that's elided elsewhere is confusing
2026-09-09T20:38:02.5433108Z     --> sv_core/src/frontend.rs:2161:13
2026-09-09T20:38:02.5433357Z      |
2026-09-09T20:38:02.5433541Z 2161 |     fn peek(&self) -> &Token {
2026-09-09T20:38:02.5433780Z      |             ^^^^^     ^^^^^^
2026-09-09T20:38:02.5434001Z      |             |         ||
2026-09-09T20:38:02.5434255Z      |             |         |the same lifetime is hidden here
2026-09-09T20:38:02.5434578Z      |             |         the same lifetime is elided here
2026-09-09T20:38:02.5434874Z      |             the lifetime is elided here
2026-09-09T20:38:02.5435127Z      |
2026-09-09T20:38:02.5435471Z      = help: the same lifetime is referred to in inconsistent ways, making the signature confusing
2026-09-09T20:38:02.5435969Z      = note: `#[warn(mismatched_lifetime_syntaxes)]` on by default
2026-09-09T20:38:02.5436295Z help: use `'_` for type paths
2026-09-09T20:38:02.5436513Z      |
2026-09-09T20:38:02.5436705Z 2161 |     fn peek(&self) -> &Token<'_> {
2026-09-09T20:38:02.5436963Z      |                             ++++
2026-09-09T20:38:02.5437127Z 
2026-09-09T20:38:02.5437408Z warning: `sv_core` (lib) generated 27 warnings (run `cargo fix --lib -p sv_core` to apply 1 suggestion)
2026-09-09T20:38:02.5438149Z    Compiling sv_native v0.1.0 (/home/runner/work/SV-lenguaje-de-computacion/SV-lenguaje-de-computacion/rust/sv_native)
2026-09-09T20:38:02.8397656Z     Finished `release` profile [optimized] target(s) in 0.32s
2026-09-09T20:38:02.8592904Z warning: associated function `from_core_id` is never used
2026-09-09T20:38:02.8593624Z    --> sv_core/src/control.rs:155:27
2026-09-09T20:38:02.8594101Z     |
2026-09-09T20:38:02.8594442Z 141 |           impl $name {
2026-09-09T20:38:02.8595015Z     |           ---------- associated function in this implementation
2026-09-09T20:38:02.8595624Z ...
2026-09-09T20:38:02.8596102Z 155 |               pub(crate) fn from_core_id(id: ControlId) -> Self {
2026-09-09T20:38:02.8596736Z     |                             ^^^^^^^^^^^^
2026-09-09T20:38:02.8597071Z ...
2026-09-09T20:38:02.8597314Z 162 | / opaque_control_ref!(
2026-09-09T20:38:02.8597621Z 163 | |     InformationRef,
2026-09-09T20:38:02.8598340Z 164 | |     "Referencia nominal a información dentro del dominio de control."
2026-09-09T20:38:02.8598837Z 165 | | );
2026-09-09T20:38:02.8599090Z     | |_- in this macro invocation
2026-09-09T20:38:02.8599402Z     |
2026-09-09T20:38:02.8599749Z     = note: `#[warn(dead_code)]` (part of `#[warn(unused)]`) on by default
2026-09-09T20:38:02.8600628Z     = note: this warning originates in the macro `opaque_control_ref` (in Nightly builds, run with -Z macro-backtrace for more info)
2026-09-09T20:38:02.8601477Z 
2026-09-09T20:38:02.8603516Z warning: associated function `from_core_id` is never used
2026-09-09T20:38:02.8604263Z    --> sv_core/src/control.rs:155:27
2026-09-09T20:38:02.8604687Z     |
2026-09-09T20:38:02.8604991Z 141 |           impl $name {
2026-09-09T20:38:02.8605475Z     |           ---------- associated function in this implementation
2026-09-09T20:38:02.8606001Z ...
2026-09-09T20:38:02.8606412Z 155 |               pub(crate) fn from_core_id(id: ControlId) -> Self {
2026-09-09T20:38:02.8606989Z     |                             ^^^^^^^^^^^^
2026-09-09T20:38:02.8607413Z ...
2026-09-09T20:38:02.8607721Z 166 | / opaque_control_ref!(
2026-09-09T20:38:02.8608215Z 167 | |     AdmittedEvidenceRef,
2026-09-09T20:38:02.8609141Z 168 | |     "Referencia a evidencia cuya admisión debe proceder de una verificación gobernada."
2026-09-09T20:38:02.8609889Z 169 | | );
2026-09-09T20:38:02.8610214Z     | |_- in this macro invocation
2026-09-09T20:38:02.8610625Z     |
2026-09-09T20:38:02.8611649Z     = note: this warning originates in the macro `opaque_control_ref` (in Nightly builds, run with -Z macro-backtrace for more info)
2026-09-09T20:38:02.8612469Z 
2026-09-09T20:38:02.8612934Z warning: associated function `from_core_id` is never used
2026-09-09T20:38:02.8613499Z    --> sv_core/src/control.rs:155:27
2026-09-09T20:38:02.8613912Z     |
2026-09-09T20:38:02.8614214Z 141 |           impl $name {
2026-09-09T20:38:02.8614700Z     |           ---------- associated function in this implementation
2026-09-09T20:38:02.8615223Z ...
2026-09-09T20:38:02.8615642Z 155 |               pub(crate) fn from_core_id(id: ControlId) -> Self {
2026-09-09T20:38:02.8616205Z     |                             ^^^^^^^^^^^^
2026-09-09T20:38:02.8616628Z ...
2026-09-09T20:38:02.8616929Z 170 | / opaque_control_ref!(
2026-09-09T20:38:02.8617341Z 171 | |     ConstitutedFactRef,
2026-09-09T20:38:02.8618084Z 172 | |     "Referencia a un hecho semántico constituido; no equivale a autoridad."
2026-09-09T20:38:02.8618732Z 173 | | );
2026-09-09T20:38:02.8619060Z     | |_- in this macro invocation
2026-09-09T20:38:02.8619470Z     |
2026-09-09T20:38:02.8620262Z     = note: this warning originates in the macro `opaque_control_ref` (in Nightly builds, run with -Z macro-backtrace for more info)
2026-09-09T20:38:02.8621070Z 
2026-09-09T20:38:02.8621314Z warning: associated function `from_core_id` is never used
2026-09-09T20:38:02.8621869Z    --> sv_core/src/control.rs:155:27
2026-09-09T20:38:02.8622282Z     |
2026-09-09T20:38:02.8622811Z 141 |           impl $name {
2026-09-09T20:38:02.8623298Z     |           ---------- associated function in this implementation
2026-09-09T20:38:02.8623826Z ...
2026-09-09T20:38:02.8624231Z 155 |               pub(crate) fn from_core_id(id: ControlId) -> Self {
2026-09-09T20:38:02.8624796Z     |                             ^^^^^^^^^^^^
2026-09-09T20:38:02.8625214Z ...
2026-09-09T20:38:02.8625555Z 174 | / opaque_control_ref!(
2026-09-09T20:38:02.8626088Z 175 | |     AuthorityRef,
2026-09-09T20:38:02.8626996Z 176 | |     "Referencia a autoridad constituida; su constructor no forma parte de la API pública."
2026-09-09T20:38:02.8627727Z 177 | | );
2026-09-09T20:38:02.8627922Z     | |_- in this macro invocation
2026-09-09T20:38:02.8628175Z     |
2026-09-09T20:38:02.8628651Z     = note: this warning originates in the macro `opaque_control_ref` (in Nightly builds, run with -Z macro-backtrace for more info)
2026-09-09T20:38:02.8629109Z 
2026-09-09T20:38:02.8629257Z warning: associated function `from_core_id` is never used
2026-09-09T20:38:02.8629583Z    --> sv_core/src/control.rs:155:27
2026-09-09T20:38:02.8629820Z     |
2026-09-09T20:38:02.8629991Z 141 |           impl $name {
2026-09-09T20:38:02.8630270Z     |           ---------- associated function in this implementation
2026-09-09T20:38:02.8630577Z ...
2026-09-09T20:38:02.8630817Z 155 |               pub(crate) fn from_core_id(id: ControlId) -> Self {
2026-09-09T20:38:02.8631152Z     |                             ^^^^^^^^^^^^
2026-09-09T20:38:02.8631559Z ...
2026-09-09T20:38:02.8631735Z 178 | / opaque_control_ref!(
2026-09-09T20:38:02.8631963Z 179 | |     EnablementRef,
2026-09-09T20:38:02.8632423Z 180 | |     "Referencia a una habilitación de autoridad ya existente; no amplía autoridad."
2026-09-09T20:38:02.8633080Z 181 | | );
2026-09-09T20:38:02.8633270Z     | |_- in this macro invocation
2026-09-09T20:38:02.8633505Z     |
2026-09-09T20:38:02.8633980Z     = note: this warning originates in the macro `opaque_control_ref` (in Nightly builds, run with -Z macro-backtrace for more info)
2026-09-09T20:38:02.8634443Z 
2026-09-09T20:38:02.8634583Z warning: associated function `from_core_id` is never used
2026-09-09T20:38:02.8634909Z    --> sv_core/src/control.rs:155:27
2026-09-09T20:38:02.8635144Z     |
2026-09-09T20:38:02.8635319Z 141 |           impl $name {
2026-09-09T20:38:02.8635595Z     |           ---------- associated function in this implementation
2026-09-09T20:38:02.8635895Z ...
2026-09-09T20:38:02.8636140Z 155 |               pub(crate) fn from_core_id(id: ControlId) -> Self {
2026-09-09T20:38:02.8636464Z     |                             ^^^^^^^^^^^^
2026-09-09T20:38:02.8636839Z ...
2026-09-09T20:38:02.8637021Z 186 | / opaque_control_ref!(
2026-09-09T20:38:02.8637241Z 187 | |     FormRef,
2026-09-09T20:38:02.8637577Z 188 | |     "Referencia a una forma de transición constituida."
2026-09-09T20:38:02.8637883Z 189 | | );
2026-09-09T20:38:02.8638069Z     | |_- in this macro invocation
2026-09-09T20:38:02.8638297Z     |
2026-09-09T20:38:02.8638753Z     = note: this warning originates in the macro `opaque_control_ref` (in Nightly builds, run with -Z macro-backtrace for more info)
2026-09-09T20:38:02.8639216Z 
2026-09-09T20:38:02.8639356Z warning: associated function `from_core_id` is never used
2026-09-09T20:38:02.8639682Z    --> sv_core/src/control.rs:155:27
2026-09-09T20:38:02.8639921Z     |
2026-09-09T20:38:02.8640097Z 141 |           impl $name {
2026-09-09T20:38:02.8640374Z     |           ---------- associated function in this implementation
2026-09-09T20:38:02.8640723Z ...
2026-09-09T20:38:02.8640968Z 155 |               pub(crate) fn from_core_id(id: ControlId) -> Self {
2026-09-09T20:38:02.8641290Z     |                             ^^^^^^^^^^^^
2026-09-09T20:38:02.8641535Z ...
2026-09-09T20:38:02.8641711Z 190 | / opaque_control_ref!(
2026-09-09T20:38:02.8641938Z 191 | |     EffectFamilyRef,
2026-09-09T20:38:02.8642317Z 192 | |     "Referencia a una familia de efectos fijada por constitución."
2026-09-09T20:38:02.8642946Z 193 | | );
2026-09-09T20:38:02.8643142Z     | |_- in this macro invocation
2026-09-09T20:38:02.8643371Z     |
2026-09-09T20:38:02.8643824Z     = note: this warning originates in the macro `opaque_control_ref` (in Nightly builds, run with -Z macro-backtrace for more info)
2026-09-09T20:38:02.8644280Z 
2026-09-09T20:38:02.8644424Z warning: associated function `from_core_id` is never used
2026-09-09T20:38:02.8644740Z    --> sv_core/src/control.rs:155:27
2026-09-09T20:38:02.8644982Z     |
2026-09-09T20:38:02.8645155Z 141 |           impl $name {
2026-09-09T20:38:02.8645426Z     |           ---------- associated function in this implementation
2026-09-09T20:38:02.8645732Z ...
2026-09-09T20:38:02.8645965Z 155 |               pub(crate) fn from_core_id(id: ControlId) -> Self {
2026-09-09T20:38:02.8646287Z     |                             ^^^^^^^^^^^^
2026-09-09T20:38:02.8646526Z ...
2026-09-09T20:38:02.8646706Z 194 | / opaque_control_ref!(
2026-09-09T20:38:02.8646923Z 195 | |     EffectRef,
2026-09-09T20:38:02.8647255Z 196 | |     "Referencia a un efecto concreto; identificarlo no equivale a autorizarlo."
2026-09-09T20:38:02.8647635Z 197 | | );
2026-09-09T20:38:02.8647824Z     | |_- in this macro invocation
2026-09-09T20:38:02.8648051Z     |
2026-09-09T20:38:02.8648500Z     = note: this warning originates in the macro `opaque_control_ref` (in Nightly builds, run with -Z macro-backtrace for more info)
2026-09-09T20:38:02.8648999Z 
2026-09-09T20:38:02.8649141Z warning: associated function `from_core_id` is never used
2026-09-09T20:38:02.8649615Z    --> sv_core/src/control.rs:155:27
2026-09-09T20:38:02.8649851Z     |
2026-09-09T20:38:02.8650034Z 141 |           impl $name {
2026-09-09T20:38:02.8650309Z     |           ---------- associated function in this implementation
2026-09-09T20:38:02.8650613Z ...
2026-09-09T20:38:02.8650847Z 155 |               pub(crate) fn from_core_id(id: ControlId) -> Self {
2026-09-09T20:38:02.8651170Z     |                             ^^^^^^^^^^^^
2026-09-09T20:38:02.8651409Z ...
2026-09-09T20:38:02.8651583Z 198 | / opaque_control_ref!(
2026-09-09T20:38:02.8651808Z 199 | |     ContextRef,
2026-09-09T20:38:02.8652140Z 200 | |     "Referencia a una ligadura de contexto relevante para autoridad o forma."
2026-09-09T20:38:02.8652773Z 201 | | );
2026-09-09T20:38:02.8652986Z     | |_- in this macro invocation
2026-09-09T20:38:02.8653218Z     |
2026-09-09T20:38:02.8653679Z     = note: this warning originates in the macro `opaque_control_ref` (in Nightly builds, run with -Z macro-backtrace for more info)
2026-09-09T20:38:02.8654141Z 
2026-09-09T20:38:02.8654285Z warning: associated function `from_core_id` is never used
2026-09-09T20:38:02.8654735Z    --> sv_core/src/control.rs:155:27
2026-09-09T20:38:02.8654974Z     |
2026-09-09T20:38:02.8655144Z 141 |           impl $name {
2026-09-09T20:38:02.8655419Z     |           ---------- associated function in this implementation
2026-09-09T20:38:02.8655714Z ...
2026-09-09T20:38:02.8655946Z 155 |               pub(crate) fn from_core_id(id: ControlId) -> Self {
2026-09-09T20:38:02.8656272Z     |                             ^^^^^^^^^^^^
2026-09-09T20:38:02.8656511Z ...
2026-09-09T20:38:02.8656680Z 202 | / opaque_control_ref!(
2026-09-09T20:38:02.8656912Z 203 | |     AuthorityHolderRef,
2026-09-09T20:38:02.8657406Z 204 | |     "Referencia al titular de una autoridad; no constituye autoridad por sí misma."
2026-09-09T20:38:02.8657793Z 205 | | );
2026-09-09T20:38:02.8657975Z     | |_- in this macro invocation
2026-09-09T20:38:02.8658207Z     |
2026-09-09T20:38:02.8658656Z     = note: this warning originates in the macro `opaque_control_ref` (in Nightly builds, run with -Z macro-backtrace for more info)
2026-09-09T20:38:02.8659117Z 
2026-09-09T20:38:02.8659263Z warning: associated function `from_core_id` is never used
2026-09-09T20:38:02.8659579Z    --> sv_core/src/control.rs:155:27
2026-09-09T20:38:02.8659812Z     |
2026-09-09T20:38:02.8659982Z 141 |           impl $name {
2026-09-09T20:38:02.8660254Z     |           ---------- associated function in this implementation
2026-09-09T20:38:02.8660552Z ...
2026-09-09T20:38:02.8660783Z 155 |               pub(crate) fn from_core_id(id: ControlId) -> Self {
2026-09-09T20:38:02.8661098Z     |                             ^^^^^^^^^^^^
2026-09-09T20:38:02.8661336Z ...
2026-09-09T20:38:02.8661510Z 206 | / opaque_control_ref!(
2026-09-09T20:38:02.8661740Z 207 | |     GovernedObjectRef,
2026-09-09T20:38:02.8662103Z 208 | |     "Referencia a un objeto candidato a pertenecer al dominio gobernado D_a."
2026-09-09T20:38:02.8662519Z 209 | | );
2026-09-09T20:38:02.8662843Z     | |_- in this macro invocation
2026-09-09T20:38:02.8663073Z     |
2026-09-09T20:38:02.8663535Z     = note: this warning originates in the macro `opaque_control_ref` (in Nightly builds, run with -Z macro-backtrace for more info)
2026-09-09T20:38:02.8663996Z 
2026-09-09T20:38:02.8664143Z warning: associated function `from_core_id` is never used
2026-09-09T20:38:02.8664464Z    --> sv_core/src/control.rs:155:27
2026-09-09T20:38:02.8664699Z     |
2026-09-09T20:38:02.8664875Z 141 |           impl $name {
2026-09-09T20:38:02.8665154Z     |           ---------- associated function in this implementation
2026-09-09T20:38:02.8665456Z ...
2026-09-09T20:38:02.8665691Z 155 |               pub(crate) fn from_core_id(id: ControlId) -> Self {
2026-09-09T20:38:02.8666012Z     |                             ^^^^^^^^^^^^
2026-09-09T20:38:02.8666250Z ...
2026-09-09T20:38:02.8666425Z 210 | / opaque_control_ref!(
2026-09-09T20:38:02.8666657Z 211 | |     AccumulationRuleRef,
2026-09-09T20:38:02.8667234Z 212 | |     "Referencia a una regla gobernada de acumulación o a un predicado de traza."
2026-09-09T20:38:02.8667618Z 213 | | );
2026-09-09T20:38:02.8667810Z     | |_- in this macro invocation
2026-09-09T20:38:02.8668036Z     |
2026-09-09T20:38:02.8668489Z     = note: this warning originates in the macro `opaque_control_ref` (in Nightly builds, run with -Z macro-backtrace for more info)
2026-09-09T20:38:02.8668938Z 
2026-09-09T20:38:02.8669095Z warning: associated function `from_core_id` is never used
2026-09-09T20:38:02.8669409Z    --> sv_core/src/control.rs:155:27
2026-09-09T20:38:02.8669758Z     |
2026-09-09T20:38:02.8669934Z 141 |           impl $name {
2026-09-09T20:38:02.8670203Z     |           ---------- associated function in this implementation
2026-09-09T20:38:02.8670498Z ...
2026-09-09T20:38:02.8670724Z 155 |               pub(crate) fn from_core_id(id: ControlId) -> Self {
2026-09-09T20:38:02.8671042Z     |                             ^^^^^^^^^^^^
2026-09-09T20:38:02.8671289Z ...
2026-09-09T20:38:02.8671460Z 214 | / opaque_control_ref!(
2026-09-09T20:38:02.8671690Z 215 | |     RequirementRef,
2026-09-09T20:38:02.8672272Z 216 | |     "Referencia a una obligación de Req; identificarla no acredita su cumplimiento."
2026-09-09T20:38:02.8672809Z 217 | | );
2026-09-09T20:38:02.8672997Z     | |_- in this macro invocation
2026-09-09T20:38:02.8673226Z     |
2026-09-09T20:38:02.8673680Z     = note: this warning originates in the macro `opaque_control_ref` (in Nightly builds, run with -Z macro-backtrace for more info)
2026-09-09T20:38:02.8674137Z 
2026-09-09T20:38:02.8674273Z warning: associated function `from_core_id` is never used
2026-09-09T20:38:02.8674590Z    --> sv_core/src/control.rs:155:27
2026-09-09T20:38:02.8674831Z     |
2026-09-09T20:38:02.8675005Z 141 |           impl $name {
2026-09-09T20:38:02.8675276Z     |           ---------- associated function in this implementation
2026-09-09T20:38:02.8675570Z ...
2026-09-09T20:38:02.8675799Z 155 |               pub(crate) fn from_core_id(id: ControlId) -> Self {
2026-09-09T20:38:02.8676121Z     |                             ^^^^^^^^^^^^
2026-09-09T20:38:02.8676358Z ...
2026-09-09T20:38:02.8676539Z 218 | / opaque_control_ref!(
2026-09-09T20:38:02.8676759Z 219 | |     VerifierRef,
2026-09-09T20:38:02.8677142Z 220 | |     "Referencia a un verificador concreto; su mera existencia no acredita aplicabilidad."
2026-09-09T20:38:02.8677561Z 221 | | );
2026-09-09T20:38:02.8677748Z     | |_- in this macro invocation
2026-09-09T20:38:02.8677975Z     |
2026-09-09T20:38:02.8678423Z     = note: this warning originates in the macro `opaque_control_ref` (in Nightly builds, run with -Z macro-backtrace for more info)
2026-09-09T20:38:02.8678877Z 
2026-09-09T20:38:02.8679028Z warning: associated function `from_core_id` is never used
2026-09-09T20:38:02.8679343Z    --> sv_core/src/control.rs:155:27
2026-09-09T20:38:02.8679578Z     |
2026-09-09T20:38:02.8679753Z 141 |           impl $name {
2026-09-09T20:38:02.8680021Z     |           ---------- associated function in this implementation
2026-09-09T20:38:02.8680325Z ...
2026-09-09T20:38:02.8680561Z 155 |               pub(crate) fn from_core_id(id: ControlId) -> Self {
2026-09-09T20:38:02.8680877Z     |                             ^^^^^^^^^^^^
2026-09-09T20:38:02.8681113Z ...
2026-09-09T20:38:02.8681286Z 222 | / opaque_control_ref!(
2026-09-09T20:38:02.8681515Z 223 | |     VerifierFamilyRef,
2026-09-09T20:38:02.8681946Z 224 | |     "Referencia a una familia de verificadores admisibles para una obligación."
2026-09-09T20:38:02.8682326Z 225 | | );
2026-09-09T20:38:02.8682617Z     | |_- in this macro invocation
2026-09-09T20:38:02.8682951Z     |
2026-09-09T20:38:02.8683410Z     = note: this warning originates in the macro `opaque_control_ref` (in Nightly builds, run with -Z macro-backtrace for more info)
2026-09-09T20:38:02.8683869Z 
2026-09-09T20:38:02.8684010Z warning: associated function `from_core_id` is never used
2026-09-09T20:38:02.8684322Z    --> sv_core/src/control.rs:155:27
2026-09-09T20:38:02.8684700Z     |
2026-09-09T20:38:02.8684870Z 141 |           impl $name {
2026-09-09T20:38:02.8685151Z     |           ---------- associated function in this implementation
2026-09-09T20:38:02.8685445Z ...
2026-09-09T20:38:02.8685674Z 155 |               pub(crate) fn from_core_id(id: ControlId) -> Self {
2026-09-09T20:38:02.8685990Z     |                             ^^^^^^^^^^^^
2026-09-09T20:38:02.8686238Z ...
2026-09-09T20:38:02.8686414Z 226 | / opaque_control_ref!(
2026-09-09T20:38:02.8686654Z 227 | |     ApplicabilityRuleRef,
2026-09-09T20:38:02.8687142Z 228 | |     "Referencia a una regla previamente constituida de aplicabilidad de comprobación."
2026-09-09T20:38:02.8687550Z 229 | | );
2026-09-09T20:38:02.8687737Z     | |_- in this macro invocation
2026-09-09T20:38:02.8687969Z     |
2026-09-09T20:38:02.8688419Z     = note: this warning originates in the macro `opaque_control_ref` (in Nightly builds, run with -Z macro-backtrace for more info)
2026-09-09T20:38:02.8688880Z 
2026-09-09T20:38:02.8689041Z warning: associated function `from_core_id` is never used
2026-09-09T20:38:02.8689362Z    --> sv_core/src/control.rs:155:27
2026-09-09T20:38:02.8689603Z     |
2026-09-09T20:38:02.8689918Z 141 |           impl $name {
2026-09-09T20:38:02.8690199Z     |           ---------- associated function in this implementation
2026-09-09T20:38:02.8690496Z ...
2026-09-09T20:38:02.8690731Z 155 |               pub(crate) fn from_core_id(id: ControlId) -> Self {
2026-09-09T20:38:02.8691053Z     |                             ^^^^^^^^^^^^
2026-09-09T20:38:02.8691293Z ...
2026-09-09T20:38:02.8691467Z 230 | / opaque_control_ref!(
2026-09-09T20:38:02.8691707Z 231 | |     ConflictResolutionRuleRef,
2026-09-09T20:38:02.8692267Z 232 | |     "Referencia a una regla previamente constituida de resolución de conflicto entre comprobaciones."
2026-09-09T20:38:02.8692878Z 233 | | );
2026-09-09T20:38:02.8693076Z     | |_- in this macro invocation
2026-09-09T20:38:02.8693302Z     |
2026-09-09T20:38:02.8693753Z     = note: this warning originates in the macro `opaque_control_ref` (in Nightly builds, run with -Z macro-backtrace for more info)
2026-09-09T20:38:02.8694220Z 
2026-09-09T20:38:02.8694368Z warning: associated function `from_core_id` is never used
2026-09-09T20:38:02.8694682Z    --> sv_core/src/control.rs:155:27
2026-09-09T20:38:02.8694915Z     |
2026-09-09T20:38:02.8695083Z 141 |           impl $name {
2026-09-09T20:38:02.8695356Z     |           ---------- associated function in this implementation
2026-09-09T20:38:02.8695653Z ...
2026-09-09T20:38:02.8695881Z 155 |               pub(crate) fn from_core_id(id: ControlId) -> Self {
2026-09-09T20:38:02.8696208Z     |                             ^^^^^^^^^^^^
2026-09-09T20:38:02.8696447Z ...
2026-09-09T20:38:02.8696619Z 234 | / opaque_control_ref!(
2026-09-09T20:38:02.8696845Z 235 | |     CoverageRuleRef,
2026-09-09T20:38:02.8697252Z 236 | |     "Referencia a una regla previamente constituida de cobertura de comprobaciones exigibles."
2026-09-09T20:38:02.8697700Z 237 | | );
2026-09-09T20:38:02.8697897Z     | |_- in this macro invocation
2026-09-09T20:38:02.8698132Z     |
2026-09-09T20:38:02.8698594Z     = note: this warning originates in the macro `opaque_control_ref` (in Nightly builds, run with -Z macro-backtrace for more info)
2026-09-09T20:38:02.8699055Z 
2026-09-09T20:38:02.8699200Z warning: associated function `from_core_id` is never used
2026-09-09T20:38:02.8699524Z    --> sv_core/src/control.rs:155:27
2026-09-09T20:38:02.8699759Z     |
2026-09-09T20:38:02.8699929Z 141 |           impl $name {
2026-09-09T20:38:02.8700206Z     |           ---------- associated function in this implementation
2026-09-09T20:38:02.8700507Z ...
2026-09-09T20:38:02.8700741Z 155 |               pub(crate) fn from_core_id(id: ControlId) -> Self {
2026-09-09T20:38:02.8701065Z     |                             ^^^^^^^^^^^^
2026-09-09T20:38:02.8701306Z ...
2026-09-09T20:38:02.8701482Z 238 | / opaque_control_ref!(
2026-09-09T20:38:02.8701706Z 239 | |     ReuseRuleRef,
2026-09-09T20:38:02.8702212Z 240 | |     "Referencia a una regla previamente constituida de reutilización de resultados cualificados."
2026-09-09T20:38:02.8702925Z 241 | | );
2026-09-09T20:38:02.8703124Z     | |_- in this macro invocation
2026-09-09T20:38:02.8703355Z     |
2026-09-09T20:38:02.8703806Z     = note: this warning originates in the macro `opaque_control_ref` (in Nightly builds, run with -Z macro-backtrace for more info)
2026-09-09T20:38:02.8704267Z 
2026-09-09T20:38:02.8704401Z warning: associated function `from_core_id` is never used
2026-09-09T20:38:02.8704721Z    --> sv_core/src/control.rs:155:27
2026-09-09T20:38:02.8704957Z     |
2026-09-09T20:38:02.8705128Z 141 |           impl $name {
2026-09-09T20:38:02.8705413Z     |           ---------- associated function in this implementation
2026-09-09T20:38:02.8705712Z ...
2026-09-09T20:38:02.8705942Z 155 |               pub(crate) fn from_core_id(id: ControlId) -> Self {
2026-09-09T20:38:02.8706262Z     |                             ^^^^^^^^^^^^
2026-09-09T20:38:02.8706499Z ...
2026-09-09T20:38:02.8706675Z 242 | / opaque_control_ref!(
2026-09-09T20:38:02.8706902Z 243 | |     ReuseBindingKeyRef,
2026-09-09T20:38:02.8707591Z 244 | |     "Referencia a una dimensión constituida cuya continuidad puede ser exigible para reutilizar un resultado."
2026-09-09T20:38:02.8708098Z 245 | | );
2026-09-09T20:38:02.8708288Z     | |_- in this macro invocation
2026-09-09T20:38:02.8708525Z     |
2026-09-09T20:38:02.8709000Z     = note: this warning originates in the macro `opaque_control_ref` (in Nightly builds, run with -Z macro-backtrace for more info)
2026-09-09T20:38:02.8709457Z 
2026-09-09T20:38:02.8709599Z warning: associated function `from_core_id` is never used
2026-09-09T20:38:02.8709919Z    --> sv_core/src/control.rs:155:27
2026-09-09T20:38:02.8710156Z     |
2026-09-09T20:38:02.8710333Z 141 |           impl $name {
2026-09-09T20:38:02.8710618Z     |           ---------- associated function in this implementation
2026-09-09T20:38:02.8710924Z ...
2026-09-09T20:38:02.8711159Z 155 |               pub(crate) fn from_core_id(id: ControlId) -> Self {
2026-09-09T20:38:02.8711494Z     |                             ^^^^^^^^^^^^
2026-09-09T20:38:02.8711741Z ...
2026-09-09T20:38:02.8711920Z 246 | / opaque_control_ref!(
2026-09-09T20:38:02.8712158Z 247 | |     ReuseBindingValueRef,
2026-09-09T20:38:02.8712863Z 248 | |     "Referencia al valor constituido de una dimensión de reutilización; identificarlo no acredita su vigencia."
2026-09-09T20:38:02.8713357Z 249 | | );
2026-09-09T20:38:02.8713543Z     | |_- in this macro invocation
2026-09-09T20:38:02.8713774Z     |
2026-09-09T20:38:02.8714231Z     = note: this warning originates in the macro `opaque_control_ref` (in Nightly builds, run with -Z macro-backtrace for more info)
2026-09-09T20:38:02.8714696Z 
2026-09-09T20:38:02.8714806Z warning: function `compile_svp` is never used
2026-09-09T20:38:02.8715098Z    --> sv_core/src/frontend.rs:803:8
2026-09-09T20:38:02.8715338Z     |
2026-09-09T20:38:02.8715678Z 803 | pub fn compile_svp(source: &str, source_file: &str) -> Result<IrProgram, FrontendError> {
2026-09-09T20:38:02.8716118Z     |        ^^^^^^^^^^^
2026-09-09T20:38:02.8716263Z 
2026-09-09T20:38:02.8716439Z warning: function `compile_svp_with_profile` is never used
2026-09-09T20:38:02.8716767Z    --> sv_core/src/frontend.rs:807:8
2026-09-09T20:38:02.8717003Z     |
2026-09-09T20:38:02.8717197Z 807 | pub fn compile_svp_with_profile(
2026-09-09T20:38:02.8717446Z     |        ^^^^^^^^^^^^^^^^^^^^^^^^
2026-09-09T20:38:02.8717605Z 
2026-09-09T20:38:02.8717742Z warning: constant `PROFILE_ID` is never used
2026-09-09T20:38:02.8718037Z  --> sv_core/src/identifier_profile.rs:6:18
2026-09-09T20:38:02.8718297Z   |
2026-09-09T20:38:02.8718561Z 6 | pub(crate) const PROFILE_ID: &str = "svp-grammar-0.2-lex-es-1";
2026-09-09T20:38:02.8718899Z   |                  ^^^^^^^^^^
2026-09-09T20:38:02.8719049Z 
2026-09-09T20:38:02.8719171Z warning: function `is_reserved_word` is never used
2026-09-09T20:38:02.8719486Z   --> sv_core/src/identifier_profile.rs:22:15
2026-09-09T20:38:02.8719758Z    |
2026-09-09T20:38:02.8720173Z 22 | pub(crate) fn is_reserved_word(word: &str) -> bool {
2026-09-09T20:38:02.8720477Z    |               ^^^^^^^^^^^^^^^^
2026-09-09T20:38:02.8720631Z 
2026-09-09T20:38:02.8720755Z warning: method `matches_descriptor` is never used
2026-09-09T20:38:02.8721070Z    --> sv_core/src/requirements_reuse.rs:121:19
2026-09-09T20:38:02.8721334Z     |
2026-09-09T20:38:02.8721601Z  44 | impl ReuseRule {
2026-09-09T20:38:02.8722037Z     | -------------- method in this implementation
2026-09-09T20:38:02.8735133Z ...
2026-09-09T20:38:02.8735804Z 121 |     pub(crate) fn matches_descriptor(&self, descriptor: &RequirementDescriptor) -> bool {
2026-09-09T20:38:02.8736473Z     |                   ^^^^^^^^^^^^^^^^^^
2026-09-09T20:38:02.8736750Z 
2026-09-09T20:38:02.8737007Z warning: hiding a lifetime that's elided elsewhere is confusing
2026-09-09T20:38:02.8737570Z     --> sv_core/src/frontend.rs:2161:13
2026-09-09T20:38:02.8737996Z      |
2026-09-09T20:38:02.8738323Z 2161 |     fn peek(&self) -> &Token {
2026-09-09T20:38:02.8738777Z      |             ^^^^^     ^^^^^^
2026-09-09T20:38:02.8739186Z      |             |         ||
2026-09-09T20:38:02.8739876Z      |             |         |the same lifetime is hidden here
2026-09-09T20:38:02.8740524Z      |             |         the same lifetime is elided here
2026-09-09T20:38:02.8741065Z      |             the lifetime is elided here
2026-09-09T20:38:02.8741529Z      |
2026-09-09T20:38:02.8742150Z      = help: the same lifetime is referred to in inconsistent ways, making the signature confusing
2026-09-09T20:38:02.8743249Z      = note: `#[warn(mismatched_lifetime_syntaxes)]` on by default
2026-09-09T20:38:02.8743624Z help: use `'_` for type paths
2026-09-09T20:38:02.8743859Z      |
2026-09-09T20:38:02.8744080Z 2161 |     fn peek(&self) -> &Token<'_> {
2026-09-09T20:38:02.8744356Z      |                             ++++
2026-09-09T20:38:02.8744521Z 
2026-09-09T20:38:02.8744815Z warning: `sv_core` (lib) generated 27 warnings (run `cargo fix --lib -p sv_core` to apply 1 suggestion)
2026-09-09T20:38:02.8745569Z    Compiling sv_native v0.1.0 (/home/runner/work/SV-lenguaje-de-computacion/SV-lenguaje-de-computacion/rust/sv_native)
2026-09-09T20:38:03.2331108Z     Finished `release` profile [optimized] target(s) in 0.38s
2026-09-09T20:38:04.0474924Z J-B0: 18/18, nativo y WASI
2026-09-09T20:38:04.9576912Z J-H1: 20/20, nativo y WASI
2026-09-09T20:38:06.0926201Z J-D0 y límites de representación: 24/24, nativo y WASI
2026-09-09T20:38:08.8297121Z DFL-010: 64/64, nativo y WASI
2026-09-09T20:38:08.8444545Z ##[group]Run python tests/k1_ternarizer_cases.py \
2026-09-09T20:38:08.8445490Z [36;1mpython tests/k1_ternarizer_cases.py \[0m
2026-09-09T20:38:08.8446409Z [36;1m  --native-probe rust/target/release/examples/assembly_probe \[0m
2026-09-09T20:38:08.8447686Z [36;1m  --wasm-probe rust/target/wasm32-wasip1/release/examples/assembly_probe.wasm \[0m
2026-09-09T20:38:08.8448827Z [36;1m  --wasi-runner tests/run_wasi_sv_native.js \[0m
2026-09-09T20:38:08.8449542Z [36;1m  --output-dir artifacts/r0-wasm/ternarizer-boundary[0m
2026-09-09T20:38:08.8504322Z shell: /usr/bin/bash -e {0}
2026-09-09T20:38:08.8504762Z ##[endgroup]
2026-09-09T20:38:10.5928684Z K1-T: 40/40, nativo y WASI
2026-09-09T20:38:10.6041251Z ##[group]Run mkdir -p artifacts/r0-browser
2026-09-09T20:38:10.6041644Z [36;1mmkdir -p artifacts/r0-browser[0m
2026-09-09T20:38:10.6042139Z [36;1mcargo build --manifest-path rust/Cargo.toml -p sv_core --example binding_probe --release[0m
2026-09-09T20:38:10.6043408Z [36;1mcargo build --manifest-path rust/Cargo.toml -p sv_core --example binding_probe --release --target wasm32-wasip1[0m
2026-09-09T20:38:10.6044470Z [36;1mcargo build --manifest-path rust/Cargo.toml -p sv_core --example binding_probe_browser --release --target wasm32-unknown-unknown[0m
2026-09-09T20:38:10.6045252Z [36;1mrust/target/release/examples/binding_probe > artifacts/r0-browser/bindings-native.json[0m
2026-09-09T20:38:10.6046067Z [36;1mnode tests/row7_bindings/run_wasi.mjs rust/target/wasm32-wasip1/release/examples/binding_probe.wasm > artifacts/r0-wasm/bindings-wasi.json[0m
2026-09-09T20:38:10.6047073Z [36;1mcmp artifacts/r0-browser/bindings-native.json artifacts/r0-wasm/bindings-wasi.json[0m
2026-09-09T20:38:10.6047787Z [36;1mcp rust/target/wasm32-unknown-unknown/release/examples/binding_probe_browser.wasm artifacts/r0-browser/[0m
2026-09-09T20:38:10.6048955Z [36;1msha256sum rust/target/release/examples/binding_probe rust/target/wasm32-wasip1/release/examples/binding_probe.wasm artifacts/r0-browser/binding_probe_browser.wasm > artifacts/r0-wasm/bindings-probes.sha256[0m
2026-09-09T20:38:10.6087386Z shell: /usr/bin/bash -e {0}
2026-09-09T20:38:10.6087643Z ##[endgroup]
2026-09-09T20:38:10.6327951Z warning: associated function `from_core_id` is never used
2026-09-09T20:38:10.6328718Z    --> sv_core/src/control.rs:155:27
2026-09-09T20:38:10.6329303Z     |
2026-09-09T20:38:10.6329701Z 141 |           impl $name {
2026-09-09T20:38:10.6330325Z     |           ---------- associated function in this implementation
2026-09-09T20:38:10.6331027Z ...
2026-09-09T20:38:10.6331585Z 155 |               pub(crate) fn from_core_id(id: ControlId) -> Self {
2026-09-09T20:38:10.6332332Z     |                             ^^^^^^^^^^^^
2026-09-09T20:38:10.6333093Z ...
2026-09-09T20:38:10.6333485Z 162 | / opaque_control_ref!(
2026-09-09T20:38:10.6333988Z 163 | |     InformationRef,
2026-09-09T20:38:10.6335051Z 164 | |     "Referencia nominal a información dentro del dominio de control."
2026-09-09T20:38:10.6335859Z 165 | | );
2026-09-09T20:38:10.6336270Z     | |_- in this macro invocation
2026-09-09T20:38:10.6336779Z     |
2026-09-09T20:38:10.6337359Z     = note: `#[warn(dead_code)]` (part of `#[warn(unused)]`) on by default
2026-09-09T20:38:10.6338785Z     = note: this warning originates in the macro `opaque_control_ref` (in Nightly builds, run with -Z macro-backtrace for more info)
2026-09-09T20:38:10.6339861Z 
2026-09-09T20:38:10.6340127Z warning: associated function `from_core_id` is never used
2026-09-09T20:38:10.6340701Z    --> sv_core/src/control.rs:155:27
2026-09-09T20:38:10.6341120Z     |
2026-09-09T20:38:10.6341424Z 141 |           impl $name {
2026-09-09T20:38:10.6341924Z     |           ---------- associated function in this implementation
2026-09-09T20:38:10.6342462Z ...
2026-09-09T20:38:10.6343131Z 155 |               pub(crate) fn from_core_id(id: ControlId) -> Self {
2026-09-09T20:38:10.6343698Z     |                             ^^^^^^^^^^^^
2026-09-09T20:38:10.6344121Z ...
2026-09-09T20:38:10.6344425Z 166 | / opaque_control_ref!(
2026-09-09T20:38:10.6344834Z 167 | |     AdmittedEvidenceRef,
2026-09-09T20:38:10.6345712Z 168 | |     "Referencia a evidencia cuya admisión debe proceder de una verificación gobernada."
2026-09-09T20:38:10.6346467Z 169 | | );
2026-09-09T20:38:10.6346798Z     | |_- in this macro invocation
2026-09-09T20:38:10.6347200Z     |
2026-09-09T20:38:10.6348003Z     = note: this warning originates in the macro `opaque_control_ref` (in Nightly builds, run with -Z macro-backtrace for more info)
2026-09-09T20:38:10.6348823Z 
2026-09-09T20:38:10.6349070Z warning: associated function `from_core_id` is never used
2026-09-09T20:38:10.6349638Z    --> sv_core/src/control.rs:155:27
2026-09-09T20:38:10.6350344Z     |
2026-09-09T20:38:10.6350655Z 141 |           impl $name {
2026-09-09T20:38:10.6351144Z     |           ---------- associated function in this implementation
2026-09-09T20:38:10.6351676Z ...
2026-09-09T20:38:10.6352095Z 155 |               pub(crate) fn from_core_id(id: ControlId) -> Self {
2026-09-09T20:38:10.6352937Z     |                             ^^^^^^^^^^^^
2026-09-09T20:38:10.6353365Z ...
2026-09-09T20:38:10.6353706Z 170 | / opaque_control_ref!(
2026-09-09T20:38:10.6354117Z 171 | |     ConstitutedFactRef,
2026-09-09T20:38:10.6354871Z 172 | |     "Referencia a un hecho semántico constituido; no equivale a autoridad."
2026-09-09T20:38:10.6355518Z 173 | | );
2026-09-09T20:38:10.6355856Z     | |_- in this macro invocation
2026-09-09T20:38:10.6356264Z     |
2026-09-09T20:38:10.6357070Z     = note: this warning originates in the macro `opaque_control_ref` (in Nightly builds, run with -Z macro-backtrace for more info)
2026-09-09T20:38:10.6358098Z 
2026-09-09T20:38:10.6358361Z warning: associated function `from_core_id` is never used
2026-09-09T20:38:10.6358754Z    --> sv_core/src/control.rs:155:27
2026-09-09T20:38:10.6358998Z     |
2026-09-09T20:38:10.6359174Z 141 |           impl $name {
2026-09-09T20:38:10.6359455Z     |           ---------- associated function in this implementation
2026-09-09T20:38:10.6359770Z ...
2026-09-09T20:38:10.6360027Z 155 |               pub(crate) fn from_core_id(id: ControlId) -> Self {
2026-09-09T20:38:10.6360367Z     |                             ^^^^^^^^^^^^
2026-09-09T20:38:10.6360613Z ...
2026-09-09T20:38:10.6360788Z 174 | / opaque_control_ref!(
2026-09-09T20:38:10.6361016Z 175 | |     AuthorityRef,
2026-09-09T20:38:10.6361501Z 176 | |     "Referencia a autoridad constituida; su constructor no forma parte de la API pública."
2026-09-09T20:38:10.6361928Z 177 | | );
2026-09-09T20:38:10.6362122Z     | |_- in this macro invocation
2026-09-09T20:38:10.6362354Z     |
2026-09-09T20:38:10.6363152Z     = note: this warning originates in the macro `opaque_control_ref` (in Nightly builds, run with -Z macro-backtrace for more info)
2026-09-09T20:38:10.6363999Z 
2026-09-09T20:38:10.6364262Z warning: associated function `from_core_id` is never used
2026-09-09T20:38:10.6364838Z    --> sv_core/src/control.rs:155:27
2026-09-09T20:38:10.6365255Z     |
2026-09-09T20:38:10.6365554Z 141 |           impl $name {
2026-09-09T20:38:10.6366041Z     |           ---------- associated function in this implementation
2026-09-09T20:38:10.6366566Z ...
2026-09-09T20:38:10.6366979Z 155 |               pub(crate) fn from_core_id(id: ControlId) -> Self {
2026-09-09T20:38:10.6367552Z     |                             ^^^^^^^^^^^^
2026-09-09T20:38:10.6367974Z ...
2026-09-09T20:38:10.6368279Z 178 | / opaque_control_ref!(
2026-09-09T20:38:10.6368682Z 179 | |     EnablementRef,
2026-09-09T20:38:10.6369478Z 180 | |     "Referencia a una habilitación de autoridad ya existente; no amplía autoridad."
2026-09-09T20:38:10.6370181Z 181 | | );
2026-09-09T20:38:10.6370503Z     | |_- in this macro invocation
2026-09-09T20:38:10.6370913Z     |
2026-09-09T20:38:10.6371717Z     = note: this warning originates in the macro `opaque_control_ref` (in Nightly builds, run with -Z macro-backtrace for more info)
2026-09-09T20:38:10.6372719Z 
2026-09-09T20:38:10.6372968Z warning: associated function `from_core_id` is never used
2026-09-09T20:38:10.6373531Z    --> sv_core/src/control.rs:155:27
2026-09-09T20:38:10.6373949Z     |
2026-09-09T20:38:10.6374245Z 141 |           impl $name {
2026-09-09T20:38:10.6374734Z     |           ---------- associated function in this implementation
2026-09-09T20:38:10.6375289Z ...
2026-09-09T20:38:10.6375694Z 155 |               pub(crate) fn from_core_id(id: ControlId) -> Self {
2026-09-09T20:38:10.6376259Z     |                             ^^^^^^^^^^^^
2026-09-09T20:38:10.6376681Z ...
2026-09-09T20:38:10.6376990Z 186 | / opaque_control_ref!(
2026-09-09T20:38:10.6377374Z 187 | |     FormRef,
2026-09-09T20:38:10.6377937Z 188 | |     "Referencia a una forma de transición constituida."
2026-09-09T20:38:10.6378678Z 189 | | );
2026-09-09T20:38:10.6379020Z     | |_- in this macro invocation
2026-09-09T20:38:10.6379414Z     |
2026-09-09T20:38:10.6380209Z     = note: this warning originates in the macro `opaque_control_ref` (in Nightly builds, run with -Z macro-backtrace for more info)
2026-09-09T20:38:10.6381013Z 
2026-09-09T20:38:10.6381261Z warning: associated function `from_core_id` is never used
2026-09-09T20:38:10.6381819Z    --> sv_core/src/control.rs:155:27
2026-09-09T20:38:10.6382302Z     |
2026-09-09T20:38:10.6382781Z 141 |           impl $name {
2026-09-09T20:38:10.6383275Z     |           ---------- associated function in this implementation
2026-09-09T20:38:10.6383805Z ...
2026-09-09T20:38:10.6384225Z 155 |               pub(crate) fn from_core_id(id: ControlId) -> Self {
2026-09-09T20:38:10.6384973Z     |                             ^^^^^^^^^^^^
2026-09-09T20:38:10.6385286Z ...
2026-09-09T20:38:10.6385503Z 190 | / opaque_control_ref!(
2026-09-09T20:38:10.6385726Z 191 | |     EffectFamilyRef,
2026-09-09T20:38:10.6386145Z 192 | |     "Referencia a una familia de efectos fijada por constitución."
2026-09-09T20:38:10.6386483Z 193 | | );
2026-09-09T20:38:10.6386670Z     | |_- in this macro invocation
2026-09-09T20:38:10.6386904Z     |
2026-09-09T20:38:10.6387376Z     = note: this warning originates in the macro `opaque_control_ref` (in Nightly builds, run with -Z macro-backtrace for more info)
2026-09-09T20:38:10.6387844Z 
2026-09-09T20:38:10.6387987Z warning: associated function `from_core_id` is never used
2026-09-09T20:38:10.6388306Z    --> sv_core/src/control.rs:155:27
2026-09-09T20:38:10.6388542Z     |
2026-09-09T20:38:10.6388714Z 141 |           impl $name {
2026-09-09T20:38:10.6388988Z     |           ---------- associated function in this implementation
2026-09-09T20:38:10.6389285Z ...
2026-09-09T20:38:10.6389524Z 155 |               pub(crate) fn from_core_id(id: ControlId) -> Self {
2026-09-09T20:38:10.6389843Z     |                             ^^^^^^^^^^^^
2026-09-09T20:38:10.6390079Z ...
2026-09-09T20:38:10.6390261Z 194 | / opaque_control_ref!(
2026-09-09T20:38:10.6390478Z 195 | |     EffectRef,
2026-09-09T20:38:10.6390837Z 196 | |     "Referencia a un efecto concreto; identificarlo no equivale a autorizarlo."
2026-09-09T20:38:10.6391215Z 197 | | );
2026-09-09T20:38:10.6391404Z     | |_- in this macro invocation
2026-09-09T20:38:10.6391628Z     |
2026-09-09T20:38:10.6392080Z     = note: this warning originates in the macro `opaque_control_ref` (in Nightly builds, run with -Z macro-backtrace for more info)
2026-09-09T20:38:10.6392822Z 
2026-09-09T20:38:10.6392976Z warning: associated function `from_core_id` is never used
2026-09-09T20:38:10.6393296Z    --> sv_core/src/control.rs:155:27
2026-09-09T20:38:10.6393530Z     |
2026-09-09T20:38:10.6393700Z 141 |           impl $name {
2026-09-09T20:38:10.6393990Z     |           ---------- associated function in this implementation
2026-09-09T20:38:10.6394297Z ...
2026-09-09T20:38:10.6394536Z 155 |               pub(crate) fn from_core_id(id: ControlId) -> Self {
2026-09-09T20:38:10.6394857Z     |                             ^^^^^^^^^^^^
2026-09-09T20:38:10.6395093Z ...
2026-09-09T20:38:10.6395264Z 198 | / opaque_control_ref!(
2026-09-09T20:38:10.6395480Z 199 | |     ContextRef,
2026-09-09T20:38:10.6395821Z 200 | |     "Referencia a una ligadura de contexto relevante para autoridad o forma."
2026-09-09T20:38:10.6396195Z 201 | | );
2026-09-09T20:38:10.6396386Z     | |_- in this macro invocation
2026-09-09T20:38:10.6396614Z     |
2026-09-09T20:38:10.6397090Z     = note: this warning originates in the macro `opaque_control_ref` (in Nightly builds, run with -Z macro-backtrace for more info)
2026-09-09T20:38:10.6397544Z 
2026-09-09T20:38:10.6397690Z warning: associated function `from_core_id` is never used
2026-09-09T20:38:10.6398017Z    --> sv_core/src/control.rs:155:27
2026-09-09T20:38:10.6398261Z     |
2026-09-09T20:38:10.6398438Z 141 |           impl $name {
2026-09-09T20:38:10.6398720Z     |           ---------- associated function in this implementation
2026-09-09T20:38:10.6399173Z ...
2026-09-09T20:38:10.6399418Z 155 |               pub(crate) fn from_core_id(id: ControlId) -> Self {
2026-09-09T20:38:10.6399748Z     |                             ^^^^^^^^^^^^
2026-09-09T20:38:10.6399997Z ...
2026-09-09T20:38:10.6400177Z 202 | / opaque_control_ref!(
2026-09-09T20:38:10.6400408Z 203 | |     AuthorityHolderRef,
2026-09-09T20:38:10.6400868Z 204 | |     "Referencia al titular de una autoridad; no constituye autoridad por sí misma."
2026-09-09T20:38:10.6401263Z 205 | | );
2026-09-09T20:38:10.6401455Z     | |_- in this macro invocation
2026-09-09T20:38:10.6401681Z     |
2026-09-09T20:38:10.6402135Z     = note: this warning originates in the macro `opaque_control_ref` (in Nightly builds, run with -Z macro-backtrace for more info)
2026-09-09T20:38:10.6402867Z 
2026-09-09T20:38:10.6403166Z warning: associated function `from_core_id` is never used
2026-09-09T20:38:10.6403508Z    --> sv_core/src/control.rs:155:27
2026-09-09T20:38:10.6403749Z     |
2026-09-09T20:38:10.6403928Z 141 |           impl $name {
2026-09-09T20:38:10.6404212Z     |           ---------- associated function in this implementation
2026-09-09T20:38:10.6404520Z ...
2026-09-09T20:38:10.6404765Z 155 |               pub(crate) fn from_core_id(id: ControlId) -> Self {
2026-09-09T20:38:10.6405097Z     |                             ^^^^^^^^^^^^
2026-09-09T20:38:10.6405347Z ...
2026-09-09T20:38:10.6405526Z 206 | / opaque_control_ref!(
2026-09-09T20:38:10.6405764Z 207 | |     GovernedObjectRef,
2026-09-09T20:38:10.6406124Z 208 | |     "Referencia a un objeto candidato a pertenecer al dominio gobernado D_a."
2026-09-09T20:38:10.6406511Z 209 | | );
2026-09-09T20:38:10.6406702Z     | |_- in this macro invocation
2026-09-09T20:38:10.6406932Z     |
2026-09-09T20:38:10.6407393Z     = note: this warning originates in the macro `opaque_control_ref` (in Nightly builds, run with -Z macro-backtrace for more info)
2026-09-09T20:38:10.6407852Z 
2026-09-09T20:38:10.6407998Z warning: associated function `from_core_id` is never used
2026-09-09T20:38:10.6408323Z    --> sv_core/src/control.rs:155:27
2026-09-09T20:38:10.6408560Z     |
2026-09-09T20:38:10.6408733Z 141 |           impl $name {
2026-09-09T20:38:10.6409006Z     |           ---------- associated function in this implementation
2026-09-09T20:38:10.6409307Z ...
2026-09-09T20:38:10.6409564Z 155 |               pub(crate) fn from_core_id(id: ControlId) -> Self {
2026-09-09T20:38:10.6409896Z     |                             ^^^^^^^^^^^^
2026-09-09T20:38:10.6410146Z ...
2026-09-09T20:38:10.6410325Z 210 | / opaque_control_ref!(
2026-09-09T20:38:10.6410566Z 211 | |     AccumulationRuleRef,
2026-09-09T20:38:10.6411026Z 212 | |     "Referencia a una regla gobernada de acumulación o a un predicado de traza."
2026-09-09T20:38:10.6411423Z 213 | | );
2026-09-09T20:38:10.6411613Z     | |_- in this macro invocation
2026-09-09T20:38:10.6411849Z     |
2026-09-09T20:38:10.6412315Z     = note: this warning originates in the macro `opaque_control_ref` (in Nightly builds, run with -Z macro-backtrace for more info)
2026-09-09T20:38:10.6412929Z 
2026-09-09T20:38:10.6413077Z warning: associated function `from_core_id` is never used
2026-09-09T20:38:10.6413398Z    --> sv_core/src/control.rs:155:27
2026-09-09T20:38:10.6413634Z     |
2026-09-09T20:38:10.6413811Z 141 |           impl $name {
2026-09-09T20:38:10.6414094Z     |           ---------- associated function in this implementation
2026-09-09T20:38:10.6414399Z ...
2026-09-09T20:38:10.6414634Z 155 |               pub(crate) fn from_core_id(id: ControlId) -> Self {
2026-09-09T20:38:10.6414960Z     |                             ^^^^^^^^^^^^
2026-09-09T20:38:10.6415204Z ...
2026-09-09T20:38:10.6415380Z 214 | / opaque_control_ref!(
2026-09-09T20:38:10.6415615Z 215 | |     RequirementRef,
2026-09-09T20:38:10.6416070Z 216 | |     "Referencia a una obligación de Req; identificarla no acredita su cumplimiento."
2026-09-09T20:38:10.6416492Z 217 | | );
2026-09-09T20:38:10.6416681Z     | |_- in this macro invocation
2026-09-09T20:38:10.6416912Z     |
2026-09-09T20:38:10.6417488Z     = note: this warning originates in the macro `opaque_control_ref` (in Nightly builds, run with -Z macro-backtrace for more info)
2026-09-09T20:38:10.6417965Z 
2026-09-09T20:38:10.6418107Z warning: associated function `from_core_id` is never used
2026-09-09T20:38:10.6418436Z    --> sv_core/src/control.rs:155:27
2026-09-09T20:38:10.6418676Z     |
2026-09-09T20:38:10.6418854Z 141 |           impl $name {
2026-09-09T20:38:10.6419134Z     |           ---------- associated function in this implementation
2026-09-09T20:38:10.6419438Z ...
2026-09-09T20:38:10.6419681Z 155 |               pub(crate) fn from_core_id(id: ControlId) -> Self {
2026-09-09T20:38:10.6420017Z     |                             ^^^^^^^^^^^^
2026-09-09T20:38:10.6420265Z ...
2026-09-09T20:38:10.6420443Z 218 | / opaque_control_ref!(
2026-09-09T20:38:10.6420805Z 219 | |     VerifierRef,
2026-09-09T20:38:10.6421187Z 220 | |     "Referencia a un verificador concreto; su mera existencia no acredita aplicabilidad."
2026-09-09T20:38:10.6421609Z 221 | | );
2026-09-09T20:38:10.6421801Z     | |_- in this macro invocation
2026-09-09T20:38:10.6422029Z     |
2026-09-09T20:38:10.6422486Z     = note: this warning originates in the macro `opaque_control_ref` (in Nightly builds, run with -Z macro-backtrace for more info)
2026-09-09T20:38:10.6423070Z 
2026-09-09T20:38:10.6423214Z warning: associated function `from_core_id` is never used
2026-09-09T20:38:10.6423533Z    --> sv_core/src/control.rs:155:27
2026-09-09T20:38:10.6423768Z     |
2026-09-09T20:38:10.6423939Z 141 |           impl $name {
2026-09-09T20:38:10.6424208Z     |           ---------- associated function in this implementation
2026-09-09T20:38:10.6424510Z ...
2026-09-09T20:38:10.6424740Z 155 |               pub(crate) fn from_core_id(id: ControlId) -> Self {
2026-09-09T20:38:10.6425070Z     |                             ^^^^^^^^^^^^
2026-09-09T20:38:10.6425310Z ...
2026-09-09T20:38:10.6425481Z 222 | / opaque_control_ref!(
2026-09-09T20:38:10.6425707Z 223 | |     VerifierFamilyRef,
2026-09-09T20:38:10.6426184Z 224 | |     "Referencia a una familia de verificadores admisibles para una obligación."
2026-09-09T20:38:10.6426571Z 225 | | );
2026-09-09T20:38:10.6426757Z     | |_- in this macro invocation
2026-09-09T20:38:10.6426985Z     |
2026-09-09T20:38:10.6427434Z     = note: this warning originates in the macro `opaque_control_ref` (in Nightly builds, run with -Z macro-backtrace for more info)
2026-09-09T20:38:10.6427891Z 
2026-09-09T20:38:10.6428034Z warning: associated function `from_core_id` is never used
2026-09-09T20:38:10.6428353Z    --> sv_core/src/control.rs:155:27
2026-09-09T20:38:10.6428590Z     |
2026-09-09T20:38:10.6428758Z 141 |           impl $name {
2026-09-09T20:38:10.6429031Z     |           ---------- associated function in this implementation
2026-09-09T20:38:10.6429327Z ...
2026-09-09T20:38:10.6429576Z 155 |               pub(crate) fn from_core_id(id: ControlId) -> Self {
2026-09-09T20:38:10.6429895Z     |                             ^^^^^^^^^^^^
2026-09-09T20:38:10.6430139Z ...
2026-09-09T20:38:10.6430329Z 226 | / opaque_control_ref!(
2026-09-09T20:38:10.6430564Z 227 | |     ApplicabilityRuleRef,
2026-09-09T20:38:10.6431052Z 228 | |     "Referencia a una regla previamente constituida de aplicabilidad de comprobación."
2026-09-09T20:38:10.6431468Z 229 | | );
2026-09-09T20:38:10.6431657Z     | |_- in this macro invocation
2026-09-09T20:38:10.6431887Z     |
2026-09-09T20:38:10.6432336Z     = note: this warning originates in the macro `opaque_control_ref` (in Nightly builds, run with -Z macro-backtrace for more info)
2026-09-09T20:38:10.6432926Z 
2026-09-09T20:38:10.6433065Z warning: associated function `from_core_id` is never used
2026-09-09T20:38:10.6433386Z    --> sv_core/src/control.rs:155:27
2026-09-09T20:38:10.6433622Z     |
2026-09-09T20:38:10.6433795Z 141 |           impl $name {
2026-09-09T20:38:10.6434079Z     |           ---------- associated function in this implementation
2026-09-09T20:38:10.6434377Z ...
2026-09-09T20:38:10.6434744Z 155 |               pub(crate) fn from_core_id(id: ControlId) -> Self {
2026-09-09T20:38:10.6435070Z     |                             ^^^^^^^^^^^^
2026-09-09T20:38:10.6435318Z ...
2026-09-09T20:38:10.6435491Z 230 | / opaque_control_ref!(
2026-09-09T20:38:10.6435728Z 231 | |     ConflictResolutionRuleRef,
2026-09-09T20:38:10.6436320Z 232 | |     "Referencia a una regla previamente constituida de resolución de conflicto entre comprobaciones."
2026-09-09T20:38:10.6436793Z 233 | | );
2026-09-09T20:38:10.6437009Z     | |_- in this macro invocation
2026-09-09T20:38:10.6437232Z     |
2026-09-09T20:38:10.6437694Z     = note: this warning originates in the macro `opaque_control_ref` (in Nightly builds, run with -Z macro-backtrace for more info)
2026-09-09T20:38:10.6438143Z 
2026-09-09T20:38:10.6438282Z warning: associated function `from_core_id` is never used
2026-09-09T20:38:10.6438719Z    --> sv_core/src/control.rs:155:27
2026-09-09T20:38:10.6438954Z     |
2026-09-09T20:38:10.6439127Z 141 |           impl $name {
2026-09-09T20:38:10.6439403Z     |           ---------- associated function in this implementation
2026-09-09T20:38:10.6439703Z ...
2026-09-09T20:38:10.6439944Z 155 |               pub(crate) fn from_core_id(id: ControlId) -> Self {
2026-09-09T20:38:10.6440265Z     |                             ^^^^^^^^^^^^
2026-09-09T20:38:10.6440509Z ...
2026-09-09T20:38:10.6440680Z 234 | / opaque_control_ref!(
2026-09-09T20:38:10.6440903Z 235 | |     CoverageRuleRef,
2026-09-09T20:38:10.6441315Z 236 | |     "Referencia a una regla previamente constituida de cobertura de comprobaciones exigibles."
2026-09-09T20:38:10.6441751Z 237 | | );
2026-09-09T20:38:10.6441944Z     | |_- in this macro invocation
2026-09-09T20:38:10.6442171Z     |
2026-09-09T20:38:10.6442833Z     = note: this warning originates in the macro `opaque_control_ref` (in Nightly builds, run with -Z macro-backtrace for more info)
2026-09-09T20:38:10.6443331Z 
2026-09-09T20:38:10.6443473Z warning: associated function `from_core_id` is never used
2026-09-09T20:38:10.6443838Z    --> sv_core/src/control.rs:155:27
2026-09-09T20:38:10.6444078Z     |
2026-09-09T20:38:10.6444255Z 141 |           impl $name {
2026-09-09T20:38:10.6444535Z     |           ---------- associated function in this implementation
2026-09-09T20:38:10.6444837Z ...
2026-09-09T20:38:10.6445074Z 155 |               pub(crate) fn from_core_id(id: ControlId) -> Self {
2026-09-09T20:38:10.6445405Z     |                             ^^^^^^^^^^^^
2026-09-09T20:38:10.6445648Z ...
2026-09-09T20:38:10.6445823Z 238 | / opaque_control_ref!(
2026-09-09T20:38:10.6446049Z 239 | |     ReuseRuleRef,
2026-09-09T20:38:10.6446552Z 240 | |     "Referencia a una regla previamente constituida de reutilización de resultados cualificados."
2026-09-09T20:38:10.6447023Z 241 | | );
2026-09-09T20:38:10.6447210Z     | |_- in this macro invocation
2026-09-09T20:38:10.6447443Z     |
2026-09-09T20:38:10.6447907Z     = note: this warning originates in the macro `opaque_control_ref` (in Nightly builds, run with -Z macro-backtrace for more info)
2026-09-09T20:38:10.6448368Z 
2026-09-09T20:38:10.6448521Z warning: associated function `from_core_id` is never used
2026-09-09T20:38:10.6448845Z    --> sv_core/src/control.rs:155:27
2026-09-09T20:38:10.6449098Z     |
2026-09-09T20:38:10.6449272Z 141 |           impl $name {
2026-09-09T20:38:10.6449550Z     |           ---------- associated function in this implementation
2026-09-09T20:38:10.6449855Z ...
2026-09-09T20:38:10.6450091Z 155 |               pub(crate) fn from_core_id(id: ControlId) -> Self {
2026-09-09T20:38:10.6450414Z     |                             ^^^^^^^^^^^^
2026-09-09T20:38:10.6450653Z ...
2026-09-09T20:38:10.6450826Z 242 | / opaque_control_ref!(
2026-09-09T20:38:10.6451055Z 243 | |     ReuseBindingKeyRef,
2026-09-09T20:38:10.6451627Z 244 | |     "Referencia a una dimensión constituida cuya continuidad puede ser exigible para reutilizar un resultado."
2026-09-09T20:38:10.6452127Z 245 | | );
2026-09-09T20:38:10.6452317Z     | |_- in this macro invocation
2026-09-09T20:38:10.6452679Z     |
2026-09-09T20:38:10.6453281Z     = note: this warning originates in the macro `opaque_control_ref` (in Nightly builds, run with -Z macro-backtrace for more info)
2026-09-09T20:38:10.6453756Z 
2026-09-09T20:38:10.6453902Z warning: associated function `from_core_id` is never used
2026-09-09T20:38:10.6454223Z    --> sv_core/src/control.rs:155:27
2026-09-09T20:38:10.6454458Z     |
2026-09-09T20:38:10.6454627Z 141 |           impl $name {
2026-09-09T20:38:10.6454905Z     |           ---------- associated function in this implementation
2026-09-09T20:38:10.6455205Z ...
2026-09-09T20:38:10.6455441Z 155 |               pub(crate) fn from_core_id(id: ControlId) -> Self {
2026-09-09T20:38:10.6455766Z     |                             ^^^^^^^^^^^^
2026-09-09T20:38:10.6456009Z ...
2026-09-09T20:38:10.6456189Z 246 | / opaque_control_ref!(
2026-09-09T20:38:10.6456572Z 247 | |     ReuseBindingValueRef,
2026-09-09T20:38:10.6457152Z 248 | |     "Referencia al valor constituido de una dimensión de reutilización; identificarlo no acredita su vigencia."
2026-09-09T20:38:10.6457651Z 249 | | );
2026-09-09T20:38:10.6457843Z     | |_- in this macro invocation
2026-09-09T20:38:10.6458075Z     |
2026-09-09T20:38:10.6458529Z     = note: this warning originates in the macro `opaque_control_ref` (in Nightly builds, run with -Z macro-backtrace for more info)
2026-09-09T20:38:10.6458993Z 
2026-09-09T20:38:10.6459103Z warning: function `compile_svp` is never used
2026-09-09T20:38:10.6459395Z    --> sv_core/src/frontend.rs:803:8
2026-09-09T20:38:10.6459639Z     |
2026-09-09T20:38:10.6459980Z 803 | pub fn compile_svp(source: &str, source_file: &str) -> Result<IrProgram, FrontendError> {
2026-09-09T20:38:10.6460397Z     |        ^^^^^^^^^^^
2026-09-09T20:38:10.6460524Z 
2026-09-09T20:38:10.6460676Z warning: function `compile_svp_with_profile` is never used
2026-09-09T20:38:10.6461006Z    --> sv_core/src/frontend.rs:807:8
2026-09-09T20:38:10.6461240Z     |
2026-09-09T20:38:10.6461423Z 807 | pub fn compile_svp_with_profile(
2026-09-09T20:38:10.6461673Z     |        ^^^^^^^^^^^^^^^^^^^^^^^^
2026-09-09T20:38:10.6461833Z 
2026-09-09T20:38:10.6461940Z warning: constant `PROFILE_ID` is never used
2026-09-09T20:38:10.6462231Z  --> sv_core/src/identifier_profile.rs:6:18
2026-09-09T20:38:10.6462492Z   |
2026-09-09T20:38:10.6462886Z 6 | pub(crate) const PROFILE_ID: &str = "svp-grammar-0.2-lex-es-1";
2026-09-09T20:38:10.6463227Z   |                  ^^^^^^^^^^
2026-09-09T20:38:10.6463367Z 
2026-09-09T20:38:10.6463515Z warning: function `is_reserved_word` is never used
2026-09-09T20:38:10.6463828Z   --> sv_core/src/identifier_profile.rs:22:15
2026-09-09T20:38:10.6464087Z    |
2026-09-09T20:38:10.6464314Z 22 | pub(crate) fn is_reserved_word(word: &str) -> bool {
2026-09-09T20:38:10.6464612Z    |               ^^^^^^^^^^^^^^^^
2026-09-09T20:38:10.6464768Z 
2026-09-09T20:38:10.6464887Z warning: method `matches_descriptor` is never used
2026-09-09T20:38:10.6465216Z    --> sv_core/src/requirements_reuse.rs:121:19
2026-09-09T20:38:10.6465484Z     |
2026-09-09T20:38:10.6465662Z  44 | impl ReuseRule {
2026-09-09T20:38:10.6465898Z     | -------------- method in this implementation
2026-09-09T20:38:10.6466160Z ...
2026-09-09T20:38:10.6466498Z 121 |     pub(crate) fn matches_descriptor(&self, descriptor: &RequirementDescriptor) -> bool {
2026-09-09T20:38:10.6466927Z     |                   ^^^^^^^^^^^^^^^^^^
2026-09-09T20:38:10.6467100Z 
2026-09-09T20:38:10.6467261Z warning: hiding a lifetime that's elided elsewhere is confusing
2026-09-09T20:38:10.6467604Z     --> sv_core/src/frontend.rs:2161:13
2026-09-09T20:38:10.6467850Z      |
2026-09-09T20:38:10.6468046Z 2161 |     fn peek(&self) -> &Token {
2026-09-09T20:38:10.6468286Z      |             ^^^^^     ^^^^^^
2026-09-09T20:38:10.6468512Z      |             |         ||
2026-09-09T20:38:10.6468769Z      |             |         |the same lifetime is hidden here
2026-09-09T20:38:10.6469095Z      |             |         the same lifetime is elided here
2026-09-09T20:38:10.6469396Z      |             the lifetime is elided here
2026-09-09T20:38:10.6469830Z      |
2026-09-09T20:38:10.6470182Z      = help: the same lifetime is referred to in inconsistent ways, making the signature confusing
2026-09-09T20:38:10.6470676Z      = note: `#[warn(mismatched_lifetime_syntaxes)]` on by default
2026-09-09T20:38:10.6471007Z help: use `'_` for type paths
2026-09-09T20:38:10.6471239Z      |
2026-09-09T20:38:10.6471432Z 2161 |     fn peek(&self) -> &Token<'_> {
2026-09-09T20:38:10.6471692Z      |                             ++++
2026-09-09T20:38:10.6471851Z 
2026-09-09T20:38:10.6472139Z warning: `sv_core` (lib) generated 27 warnings (run `cargo fix --lib -p sv_core` to apply 1 suggestion)
2026-09-09T20:38:10.6472969Z    Compiling sv_core v0.1.0 (/home/runner/work/SV-lenguaje-de-computacion/SV-lenguaje-de-computacion/rust/sv_core)
2026-09-09T20:38:11.4371600Z     Finished `release` profile [optimized] target(s) in 0.81s
2026-09-09T20:38:11.4567499Z warning: associated function `from_core_id` is never used
2026-09-09T20:38:11.4568183Z    --> sv_core/src/control.rs:155:27
2026-09-09T20:38:11.4568643Z     |
2026-09-09T20:38:11.4568964Z 141 |           impl $name {
2026-09-09T20:38:11.4569480Z     |           ---------- associated function in this implementation
2026-09-09T20:38:11.4570023Z ...
2026-09-09T20:38:11.4570490Z 155 |               pub(crate) fn from_core_id(id: ControlId) -> Self {
2026-09-09T20:38:11.4571089Z     |                             ^^^^^^^^^^^^
2026-09-09T20:38:11.4571526Z ...
2026-09-09T20:38:11.4571834Z 162 | / opaque_control_ref!(
2026-09-09T20:38:11.4572253Z 163 | |     InformationRef,
2026-09-09T20:38:11.4573466Z 164 | |     "Referencia nominal a información dentro del dominio de control."
2026-09-09T20:38:11.4574125Z 165 | | );
2026-09-09T20:38:11.4574462Z     | |_- in this macro invocation
2026-09-09T20:38:11.4574876Z     |
2026-09-09T20:38:11.4575353Z     = note: `#[warn(dead_code)]` (part of `#[warn(unused)]`) on by default
2026-09-09T20:38:11.4576485Z     = note: this warning originates in the macro `opaque_control_ref` (in Nightly builds, run with -Z macro-backtrace for more info)
2026-09-09T20:38:11.4577316Z 
2026-09-09T20:38:11.4577577Z warning: associated function `from_core_id` is never used
2026-09-09T20:38:11.4578158Z    --> sv_core/src/control.rs:155:27
2026-09-09T20:38:11.4578578Z     |
2026-09-09T20:38:11.4578890Z 141 |           impl $name {
2026-09-09T20:38:11.4579386Z     |           ---------- associated function in this implementation
2026-09-09T20:38:11.4579924Z ...
2026-09-09T20:38:11.4581732Z 155 |               pub(crate) fn from_core_id(id: ControlId) -> Self {
2026-09-09T20:38:11.4582710Z     |                             ^^^^^^^^^^^^
2026-09-09T20:38:11.4583432Z ...
2026-09-09T20:38:11.4583886Z 166 | / opaque_control_ref!(
2026-09-09T20:38:11.4599929Z 167 | |     AdmittedEvidenceRef,
2026-09-09T20:38:11.4600910Z 168 | |     "Referencia a evidencia cuya admisión debe proceder de una verificación gobernada."
2026-09-09T20:38:11.4601619Z 169 | | );
2026-09-09T20:38:11.4602017Z     | |_- in this macro invocation
2026-09-09T20:38:11.4602407Z     |
2026-09-09T20:38:11.4603441Z     = note: this warning originates in the macro `opaque_control_ref` (in Nightly builds, run with -Z macro-backtrace for more info)
2026-09-09T20:38:11.4604299Z 
2026-09-09T20:38:11.4604644Z warning: associated function `from_core_id` is never used
2026-09-09T20:38:11.4605235Z    --> sv_core/src/control.rs:155:27
2026-09-09T20:38:11.4605663Z     |
2026-09-09T20:38:11.4605975Z 141 |           impl $name {
2026-09-09T20:38:11.4606471Z     |           ---------- associated function in this implementation
2026-09-09T20:38:11.4607019Z ...
2026-09-09T20:38:11.4607442Z 155 |               pub(crate) fn from_core_id(id: ControlId) -> Self {
2026-09-09T20:38:11.4607973Z     |                             ^^^^^^^^^^^^
2026-09-09T20:38:11.4608374Z ...
2026-09-09T20:38:11.4608693Z 170 | / opaque_control_ref!(
2026-09-09T20:38:11.4609114Z 171 | |     ConstitutedFactRef,
2026-09-09T20:38:11.4609955Z 172 | |     "Referencia a un hecho semántico constituido; no equivale a autoridad."
2026-09-09T20:38:11.4610864Z 173 | | );
2026-09-09T20:38:11.4611199Z     | |_- in this macro invocation
2026-09-09T20:38:11.4611605Z     |
2026-09-09T20:38:11.4612428Z     = note: this warning originates in the macro `opaque_control_ref` (in Nightly builds, run with -Z macro-backtrace for more info)
2026-09-09T20:38:11.4613426Z 
2026-09-09T20:38:11.4613593Z warning: associated function `from_core_id` is never used
2026-09-09T20:38:11.4613948Z    --> sv_core/src/control.rs:155:27
2026-09-09T20:38:11.4614204Z     |
2026-09-09T20:38:11.4614395Z 141 |           impl $name {
2026-09-09T20:38:11.4614686Z     |           ---------- associated function in this implementation
2026-09-09T20:38:11.4615001Z ...
2026-09-09T20:38:11.4615259Z 155 |               pub(crate) fn from_core_id(id: ControlId) -> Self {
2026-09-09T20:38:11.4615778Z     |                             ^^^^^^^^^^^^
2026-09-09T20:38:11.4616033Z ...
2026-09-09T20:38:11.4616213Z 174 | / opaque_control_ref!(
2026-09-09T20:38:11.4616453Z 175 | |     AuthorityRef,
2026-09-09T20:38:11.4616963Z 176 | |     "Referencia a autoridad constituida; su constructor no forma parte de la API pública."
2026-09-09T20:38:11.4617397Z 177 | | );
2026-09-09T20:38:11.4617593Z     | |_- in this macro invocation
2026-09-09T20:38:11.4617832Z     |
2026-09-09T20:38:11.4618295Z     = note: this warning originates in the macro `opaque_control_ref` (in Nightly builds, run with -Z macro-backtrace for more info)
2026-09-09T20:38:11.4618783Z 
2026-09-09T20:38:11.4618934Z warning: associated function `from_core_id` is never used
2026-09-09T20:38:11.4619269Z    --> sv_core/src/control.rs:155:27
2026-09-09T20:38:11.4619521Z     |
2026-09-09T20:38:11.4619703Z 141 |           impl $name {
2026-09-09T20:38:11.4619994Z     |           ---------- associated function in this implementation
2026-09-09T20:38:11.4620314Z ...
2026-09-09T20:38:11.4620559Z 155 |               pub(crate) fn from_core_id(id: ControlId) -> Self {
2026-09-09T20:38:11.4620889Z     |                             ^^^^^^^^^^^^
2026-09-09T20:38:11.4621140Z ...
2026-09-09T20:38:11.4621318Z 178 | / opaque_control_ref!(
2026-09-09T20:38:11.4621543Z 179 | |     EnablementRef,
2026-09-09T20:38:11.4622005Z 180 | |     "Referencia a una habilitación de autoridad ya existente; no amplía autoridad."
2026-09-09T20:38:11.4622420Z 181 | | );
2026-09-09T20:38:11.4623045Z     | |_- in this macro invocation
2026-09-09T20:38:11.4623487Z     |
2026-09-09T20:38:11.4624253Z     = note: this warning originates in the macro `opaque_control_ref` (in Nightly builds, run with -Z macro-backtrace for more info)
2026-09-09T20:38:11.4624722Z 
2026-09-09T20:38:11.4624872Z warning: associated function `from_core_id` is never used
2026-09-09T20:38:11.4625207Z    --> sv_core/src/control.rs:155:27
2026-09-09T20:38:11.4625448Z     |
2026-09-09T20:38:11.4625621Z 141 |           impl $name {
2026-09-09T20:38:11.4625919Z     |           ---------- associated function in this implementation
2026-09-09T20:38:11.4626222Z ...
2026-09-09T20:38:11.4626471Z 155 |               pub(crate) fn from_core_id(id: ControlId) -> Self {
2026-09-09T20:38:11.4626798Z     |                             ^^^^^^^^^^^^
2026-09-09T20:38:11.4627037Z ...
2026-09-09T20:38:11.4627212Z 186 | / opaque_control_ref!(
2026-09-09T20:38:11.4627427Z 187 | |     FormRef,
2026-09-09T20:38:11.4627790Z 188 | |     "Referencia a una forma de transición constituida."
2026-09-09T20:38:11.4628093Z 189 | | );
2026-09-09T20:38:11.4628279Z     | |_- in this macro invocation
2026-09-09T20:38:11.4628503Z     |
2026-09-09T20:38:11.4628951Z     = note: this warning originates in the macro `opaque_control_ref` (in Nightly builds, run with -Z macro-backtrace for more info)
2026-09-09T20:38:11.4629409Z 
2026-09-09T20:38:11.4629552Z warning: associated function `from_core_id` is never used
2026-09-09T20:38:11.4629870Z    --> sv_core/src/control.rs:155:27
2026-09-09T20:38:11.4630116Z     |
2026-09-09T20:38:11.4630292Z 141 |           impl $name {
2026-09-09T20:38:11.4630726Z     |           ---------- associated function in this implementation
2026-09-09T20:38:11.4631030Z ...
2026-09-09T20:38:11.4631262Z 155 |               pub(crate) fn from_core_id(id: ControlId) -> Self {
2026-09-09T20:38:11.4631580Z     |                             ^^^^^^^^^^^^
2026-09-09T20:38:11.4631817Z ...
2026-09-09T20:38:11.4631987Z 190 | / opaque_control_ref!(
2026-09-09T20:38:11.4632206Z 191 | |     EffectFamilyRef,
2026-09-09T20:38:11.4632884Z 192 | |     "Referencia a una familia de efectos fijada por constitución."
2026-09-09T20:38:11.4633531Z 193 | | );
2026-09-09T20:38:11.4633891Z     | |_- in this macro invocation
2026-09-09T20:38:11.4634327Z     |
2026-09-09T20:38:11.4635163Z     = note: this warning originates in the macro `opaque_control_ref` (in Nightly builds, run with -Z macro-backtrace for more info)
2026-09-09T20:38:11.4635994Z 
2026-09-09T20:38:11.4636542Z warning: associated function `from_core_id` is never used
2026-09-09T20:38:11.4637133Z    --> sv_core/src/control.rs:155:27
2026-09-09T20:38:11.4637554Z     |
2026-09-09T20:38:11.4637868Z 141 |           impl $name {
2026-09-09T20:38:11.4638356Z     |           ---------- associated function in this implementation
2026-09-09T20:38:11.4638889Z ...
2026-09-09T20:38:11.4639305Z 155 |               pub(crate) fn from_core_id(id: ControlId) -> Self {
2026-09-09T20:38:11.4639881Z     |                             ^^^^^^^^^^^^
2026-09-09T20:38:11.4640303Z ...
2026-09-09T20:38:11.4640603Z 194 | / opaque_control_ref!(
2026-09-09T20:38:11.4640992Z 195 | |     EffectRef,
2026-09-09T20:38:11.4641574Z 196 | |     "Referencia a un efecto concreto; identificarlo no equivale a autorizarlo."
2026-09-09T20:38:11.4642239Z 197 | | );
2026-09-09T20:38:11.4642794Z     | |_- in this macro invocation
2026-09-09T20:38:11.4643203Z     |
2026-09-09T20:38:11.4644010Z     = note: this warning originates in the macro `opaque_control_ref` (in Nightly builds, run with -Z macro-backtrace for more info)
2026-09-09T20:38:11.4644836Z 
2026-09-09T20:38:11.4645087Z warning: associated function `from_core_id` is never used
2026-09-09T20:38:11.4645649Z    --> sv_core/src/control.rs:155:27
2026-09-09T20:38:11.4646062Z     |
2026-09-09T20:38:11.4646365Z 141 |           impl $name {
2026-09-09T20:38:11.4646850Z     |           ---------- associated function in this implementation
2026-09-09T20:38:11.4647378Z ...
2026-09-09T20:38:11.4647793Z 155 |               pub(crate) fn from_core_id(id: ControlId) -> Self {
2026-09-09T20:38:11.4648267Z     |                             ^^^^^^^^^^^^
2026-09-09T20:38:11.4648514Z ...
2026-09-09T20:38:11.4648691Z 198 | / opaque_control_ref!(
2026-09-09T20:38:11.4648908Z 199 | |     ContextRef,
2026-09-09T20:38:11.4649271Z 200 | |     "Referencia a una ligadura de contexto relevante para autoridad o forma."
2026-09-09T20:38:11.4649661Z 201 | | );
2026-09-09T20:38:11.4649851Z     | |_- in this macro invocation
2026-09-09T20:38:11.4650090Z     |
2026-09-09T20:38:11.4650550Z     = note: this warning originates in the macro `opaque_control_ref` (in Nightly builds, run with -Z macro-backtrace for more info)
2026-09-09T20:38:11.4651014Z 
2026-09-09T20:38:11.4651155Z warning: associated function `from_core_id` is never used
2026-09-09T20:38:11.4651473Z    --> sv_core/src/control.rs:155:27
2026-09-09T20:38:11.4651706Z     |
2026-09-09T20:38:11.4651877Z 141 |           impl $name {
2026-09-09T20:38:11.4652166Z     |           ---------- associated function in this implementation
2026-09-09T20:38:11.4652465Z ...
2026-09-09T20:38:11.4653049Z 155 |               pub(crate) fn from_core_id(id: ControlId) -> Self {
2026-09-09T20:38:11.4653619Z     |                             ^^^^^^^^^^^^
2026-09-09T20:38:11.4654036Z ...
2026-09-09T20:38:11.4654247Z 202 | / opaque_control_ref!(
2026-09-09T20:38:11.4654480Z 203 | |     AuthorityHolderRef,
2026-09-09T20:38:11.4654980Z 204 | |     "Referencia al titular de una autoridad; no constituye autoridad por sí misma."
2026-09-09T20:38:11.4655382Z 205 | | );
2026-09-09T20:38:11.4655569Z     | |_- in this macro invocation
2026-09-09T20:38:11.4655794Z     |
2026-09-09T20:38:11.4656433Z     = note: this warning originates in the macro `opaque_control_ref` (in Nightly builds, run with -Z macro-backtrace for more info)
2026-09-09T20:38:11.4656894Z 
2026-09-09T20:38:11.4657040Z warning: associated function `from_core_id` is never used
2026-09-09T20:38:11.4657360Z    --> sv_core/src/control.rs:155:27
2026-09-09T20:38:11.4657599Z     |
2026-09-09T20:38:11.4657773Z 141 |           impl $name {
2026-09-09T20:38:11.4658045Z     |           ---------- associated function in this implementation
2026-09-09T20:38:11.4658345Z ...
2026-09-09T20:38:11.4658583Z 155 |               pub(crate) fn from_core_id(id: ControlId) -> Self {
2026-09-09T20:38:11.4658903Z     |                             ^^^^^^^^^^^^
2026-09-09T20:38:11.4659146Z ...
2026-09-09T20:38:11.4659318Z 206 | / opaque_control_ref!(
2026-09-09T20:38:11.4659687Z 207 | |     GovernedObjectRef,
2026-09-09T20:38:11.4660039Z 208 | |     "Referencia a un objeto candidato a pertenecer al dominio gobernado D_a."
2026-09-09T20:38:11.4660412Z 209 | | );
2026-09-09T20:38:11.4660604Z     | |_- in this macro invocation
2026-09-09T20:38:11.4660831Z     |
2026-09-09T20:38:11.4661284Z     = note: this warning originates in the macro `opaque_control_ref` (in Nightly builds, run with -Z macro-backtrace for more info)
2026-09-09T20:38:11.4661737Z 
2026-09-09T20:38:11.4661982Z warning: associated function `from_core_id` is never used
2026-09-09T20:38:11.4662791Z    --> sv_core/src/control.rs:155:27
2026-09-09T20:38:11.4663257Z     |
2026-09-09T20:38:11.4663584Z 141 |           impl $name {
2026-09-09T20:38:11.4664084Z     |           ---------- associated function in this implementation
2026-09-09T20:38:11.4664646Z ...
2026-09-09T20:38:11.4665086Z 155 |               pub(crate) fn from_core_id(id: ControlId) -> Self {
2026-09-09T20:38:11.4665523Z     |                             ^^^^^^^^^^^^
2026-09-09T20:38:11.4665828Z ...
2026-09-09T20:38:11.4666154Z 210 | / opaque_control_ref!(
2026-09-09T20:38:11.4666593Z 211 | |     AccumulationRuleRef,
2026-09-09T20:38:11.4667433Z 212 | |     "Referencia a una regla gobernada de acumulación o a un predicado de traza."
2026-09-09T20:38:11.4668155Z 213 | | );
2026-09-09T20:38:11.4668512Z     | |_- in this macro invocation
2026-09-09T20:38:11.4668948Z     |
2026-09-09T20:38:11.4669734Z     = note: this warning originates in the macro `opaque_control_ref` (in Nightly builds, run with -Z macro-backtrace for more info)
2026-09-09T20:38:11.4670535Z 
2026-09-09T20:38:11.4670806Z warning: associated function `from_core_id` is never used
2026-09-09T20:38:11.4671393Z    --> sv_core/src/control.rs:155:27
2026-09-09T20:38:11.4671821Z     |
2026-09-09T20:38:11.4672140Z 141 |           impl $name {
2026-09-09T20:38:11.4672865Z     |           ---------- associated function in this implementation
2026-09-09T20:38:11.4673422Z ...
2026-09-09T20:38:11.4673871Z 155 |               pub(crate) fn from_core_id(id: ControlId) -> Self {
2026-09-09T20:38:11.4674430Z     |                             ^^^^^^^^^^^^
2026-09-09T20:38:11.4674849Z ...
2026-09-09T20:38:11.4675158Z 214 | / opaque_control_ref!(
2026-09-09T20:38:11.4675552Z 215 | |     RequirementRef,
2026-09-09T20:38:11.4676357Z 216 | |     "Referencia a una obligación de Req; identificarla no acredita su cumplimiento."
2026-09-09T20:38:11.4677055Z 217 | | );
2026-09-09T20:38:11.4677375Z     | |_- in this macro invocation
2026-09-09T20:38:11.4677772Z     |
2026-09-09T20:38:11.4678544Z     = note: this warning originates in the macro `opaque_control_ref` (in Nightly builds, run with -Z macro-backtrace for more info)
2026-09-09T20:38:11.4679342Z 
2026-09-09T20:38:11.4679575Z warning: associated function `from_core_id` is never used
2026-09-09T20:38:11.4680065Z    --> sv_core/src/control.rs:155:27
2026-09-09T20:38:11.4680459Z     |
2026-09-09T20:38:11.4680754Z 141 |           impl $name {
2026-09-09T20:38:11.4681232Z     |           ---------- associated function in this implementation
2026-09-09T20:38:11.4681716Z ...
2026-09-09T20:38:11.4682314Z 155 |               pub(crate) fn from_core_id(id: ControlId) -> Self {
2026-09-09T20:38:11.4683093Z     |                             ^^^^^^^^^^^^
2026-09-09T20:38:11.4683552Z ...
2026-09-09T20:38:11.4683831Z 218 | / opaque_control_ref!(
2026-09-09T20:38:11.4684208Z 219 | |     VerifierRef,
2026-09-09T20:38:11.4684851Z 220 | |     "Referencia a un verificador concreto; su mera existencia no acredita aplicabilidad."
2026-09-09T20:38:11.4685522Z 221 | | );
2026-09-09T20:38:11.4685829Z     | |_- in this macro invocation
2026-09-09T20:38:11.4686197Z     |
2026-09-09T20:38:11.4686954Z     = note: this warning originates in the macro `opaque_control_ref` (in Nightly builds, run with -Z macro-backtrace for more info)
2026-09-09T20:38:11.4687755Z 
2026-09-09T20:38:11.4687992Z warning: associated function `from_core_id` is never used
2026-09-09T20:38:11.4688695Z    --> sv_core/src/control.rs:155:27
2026-09-09T20:38:11.4689309Z     |
2026-09-09T20:38:11.4689738Z 141 |           impl $name {
2026-09-09T20:38:11.4690256Z     |           ---------- associated function in this implementation
2026-09-09T20:38:11.4690817Z ...
2026-09-09T20:38:11.4691262Z 155 |               pub(crate) fn from_core_id(id: ControlId) -> Self {
2026-09-09T20:38:11.4691824Z     |                             ^^^^^^^^^^^^
2026-09-09T20:38:11.4692254Z ...
2026-09-09T20:38:11.4692822Z 222 | / opaque_control_ref!(
2026-09-09T20:38:11.4693251Z 223 | |     VerifierFamilyRef,
2026-09-09T20:38:11.4694093Z 224 | |     "Referencia a una familia de verificadores admisibles para una obligación."
2026-09-09T20:38:11.4694774Z 225 | | );
2026-09-09T20:38:11.4695081Z     | |_- in this macro invocation
2026-09-09T20:38:11.4695498Z     |
2026-09-09T20:38:11.4696271Z     = note: this warning originates in the macro `opaque_control_ref` (in Nightly builds, run with -Z macro-backtrace for more info)
2026-09-09T20:38:11.4697063Z 
2026-09-09T20:38:11.4697378Z warning: associated function `from_core_id` is never used
2026-09-09T20:38:11.4697947Z    --> sv_core/src/control.rs:155:27
2026-09-09T20:38:11.4698377Z     |
2026-09-09T20:38:11.4698684Z 141 |           impl $name {
2026-09-09T20:38:11.4699173Z     |           ---------- associated function in this implementation
2026-09-09T20:38:11.4699699Z ...
2026-09-09T20:38:11.4700106Z 155 |               pub(crate) fn from_core_id(id: ControlId) -> Self {
2026-09-09T20:38:11.4700679Z     |                             ^^^^^^^^^^^^
2026-09-09T20:38:11.4701108Z ...
2026-09-09T20:38:11.4701414Z 226 | / opaque_control_ref!(
2026-09-09T20:38:11.4701835Z 227 | |     ApplicabilityRuleRef,
2026-09-09T20:38:11.4703083Z 228 | |     "Referencia a una regla previamente constituida de aplicabilidad de comprobación."
2026-09-09T20:38:11.4703847Z 229 | | );
2026-09-09T20:38:11.4704182Z     | |_- in this macro invocation
2026-09-09T20:38:11.4704605Z     |
2026-09-09T20:38:11.4705432Z     = note: this warning originates in the macro `opaque_control_ref` (in Nightly builds, run with -Z macro-backtrace for more info)
2026-09-09T20:38:11.4706267Z 
2026-09-09T20:38:11.4706528Z warning: associated function `from_core_id` is never used
2026-09-09T20:38:11.4707106Z    --> sv_core/src/control.rs:155:27
2026-09-09T20:38:11.4707536Z     |
2026-09-09T20:38:11.4707847Z 141 |           impl $name {
2026-09-09T20:38:11.4708343Z     |           ---------- associated function in this implementation
2026-09-09T20:38:11.4708888Z ...
2026-09-09T20:38:11.4709354Z 155 |               pub(crate) fn from_core_id(id: ControlId) -> Self {
2026-09-09T20:38:11.4709987Z     |                             ^^^^^^^^^^^^
2026-09-09T20:38:11.4710421Z ...
2026-09-09T20:38:11.4710747Z 230 | / opaque_control_ref!(
2026-09-09T20:38:11.4711180Z 231 | |     ConflictResolutionRuleRef,
2026-09-09T20:38:11.4712230Z 232 | |     "Referencia a una regla previamente constituida de resolución de conflicto entre comprobaciones."
2026-09-09T20:38:11.4713333Z 233 | | );
2026-09-09T20:38:11.4713709Z     | |_- in this macro invocation
2026-09-09T20:38:11.4714120Z     |
2026-09-09T20:38:11.4715165Z     = note: this warning originates in the macro `opaque_control_ref` (in Nightly builds, run with -Z macro-backtrace for more info)
2026-09-09T20:38:11.4716017Z 
2026-09-09T20:38:11.4716287Z warning: associated function `from_core_id` is never used
2026-09-09T20:38:11.4716874Z    --> sv_core/src/control.rs:155:27
2026-09-09T20:38:11.4717307Z     |
2026-09-09T20:38:11.4717616Z 141 |           impl $name {
2026-09-09T20:38:11.4718115Z     |           ---------- associated function in this implementation
2026-09-09T20:38:11.4718660Z ...
2026-09-09T20:38:11.4719103Z 155 |               pub(crate) fn from_core_id(id: ControlId) -> Self {
2026-09-09T20:38:11.4719688Z     |                             ^^^^^^^^^^^^
2026-09-09T20:38:11.4720127Z ...
2026-09-09T20:38:11.4720440Z 234 | / opaque_control_ref!(
2026-09-09T20:38:11.4720839Z 235 | |     CoverageRuleRef,
2026-09-09T20:38:11.4721833Z 236 | |     "Referencia a una regla previamente constituida de cobertura de comprobaciones exigibles."
2026-09-09T20:38:11.4722838Z 237 | | );
2026-09-09T20:38:11.4723198Z     | |_- in this macro invocation
2026-09-09T20:38:11.4723617Z     |
2026-09-09T20:38:11.4724430Z     = note: this warning originates in the macro `opaque_control_ref` (in Nightly builds, run with -Z macro-backtrace for more info)
2026-09-09T20:38:11.4725264Z 
2026-09-09T20:38:11.4725532Z warning: associated function `from_core_id` is never used
2026-09-09T20:38:11.4726101Z    --> sv_core/src/control.rs:155:27
2026-09-09T20:38:11.4726464Z     |
2026-09-09T20:38:11.4726750Z 141 |           impl $name {
2026-09-09T20:38:11.4727226Z     |           ---------- associated function in this implementation
2026-09-09T20:38:11.4727744Z ...
2026-09-09T20:38:11.4728151Z 155 |               pub(crate) fn from_core_id(id: ControlId) -> Self {
2026-09-09T20:38:11.4728729Z     |                             ^^^^^^^^^^^^
2026-09-09T20:38:11.4729226Z ...
2026-09-09T20:38:11.4729575Z 238 | / opaque_control_ref!(
2026-09-09T20:38:11.4729960Z 239 | |     ReuseRuleRef,
2026-09-09T20:38:11.4730874Z 240 | |     "Referencia a una regla previamente constituida de reutilización de resultados cualificados."
2026-09-09T20:38:11.4731667Z 241 | | );
2026-09-09T20:38:11.4731995Z     | |_- in this macro invocation
2026-09-09T20:38:11.4732374Z     |
2026-09-09T20:38:11.4733419Z     = note: this warning originates in the macro `opaque_control_ref` (in Nightly builds, run with -Z macro-backtrace for more info)
2026-09-09T20:38:11.4734248Z 
2026-09-09T20:38:11.4734504Z warning: associated function `from_core_id` is never used
2026-09-09T20:38:11.4735043Z    --> sv_core/src/control.rs:155:27
2026-09-09T20:38:11.4735462Z     |
2026-09-09T20:38:11.4735767Z 141 |           impl $name {
2026-09-09T20:38:11.4736268Z     |           ---------- associated function in this implementation
2026-09-09T20:38:11.4736787Z ...
2026-09-09T20:38:11.4737161Z 155 |               pub(crate) fn from_core_id(id: ControlId) -> Self {
2026-09-09T20:38:11.4737716Z     |                             ^^^^^^^^^^^^
2026-09-09T20:38:11.4738127Z ...
2026-09-09T20:38:11.4738422Z 242 | / opaque_control_ref!(
2026-09-09T20:38:11.4738827Z 243 | |     ReuseBindingKeyRef,
2026-09-09T20:38:11.4739846Z 244 | |     "Referencia a una dimensión constituida cuya continuidad puede ser exigible para reutilizar un resultado."
2026-09-09T20:38:11.4740774Z 245 | | );
2026-09-09T20:38:11.4741117Z     | |_- in this macro invocation
2026-09-09T20:38:11.4741556Z     |
2026-09-09T20:38:11.4742401Z     = note: this warning originates in the macro `opaque_control_ref` (in Nightly builds, run with -Z macro-backtrace for more info)
2026-09-09T20:38:11.4743505Z 
2026-09-09T20:38:11.4743784Z warning: associated function `from_core_id` is never used
2026-09-09T20:38:11.4744389Z    --> sv_core/src/control.rs:155:27
2026-09-09T20:38:11.4744829Z     |
2026-09-09T20:38:11.4745146Z 141 |           impl $name {
2026-09-09T20:38:11.4745645Z     |           ---------- associated function in this implementation
2026-09-09T20:38:11.4746193Z ...
2026-09-09T20:38:11.4746620Z 155 |               pub(crate) fn from_core_id(id: ControlId) -> Self {
2026-09-09T20:38:11.4747434Z     |                             ^^^^^^^^^^^^
2026-09-09T20:38:11.4747881Z ...
2026-09-09T20:38:11.4748175Z 246 | / opaque_control_ref!(
2026-09-09T20:38:11.4748573Z 247 | |     ReuseBindingValueRef,
2026-09-09T20:38:11.4749581Z 248 | |     "Referencia al valor constituido de una dimensión de reutilización; identificarlo no acredita su vigencia."
2026-09-09T20:38:11.4750416Z 249 | | );
2026-09-09T20:38:11.4750740Z     | |_- in this macro invocation
2026-09-09T20:38:11.4751149Z     |
2026-09-09T20:38:11.4751926Z     = note: this warning originates in the macro `opaque_control_ref` (in Nightly builds, run with -Z macro-backtrace for more info)
2026-09-09T20:38:11.4752982Z 
2026-09-09T20:38:11.4753197Z warning: function `compile_svp` is never used
2026-09-09T20:38:11.4753709Z    --> sv_core/src/frontend.rs:803:8
2026-09-09T20:38:11.4754367Z     |
2026-09-09T20:38:11.4754991Z 803 | pub fn compile_svp(source: &str, source_file: &str) -> Result<IrProgram, FrontendError> {
2026-09-09T20:38:11.4755770Z     |        ^^^^^^^^^^^
2026-09-09T20:38:11.4756014Z 
2026-09-09T20:38:11.4756272Z warning: function `compile_svp_with_profile` is never used
2026-09-09T20:38:11.4756934Z    --> sv_core/src/frontend.rs:807:8
2026-09-09T20:38:11.4757446Z     |
2026-09-09T20:38:11.4757780Z 807 | pub fn compile_svp_with_profile(
2026-09-09T20:38:11.4758225Z     |        ^^^^^^^^^^^^^^^^^^^^^^^^
2026-09-09T20:38:11.4758503Z 
2026-09-09T20:38:11.4758700Z warning: constant `PROFILE_ID` is never used
2026-09-09T20:38:11.4759227Z  --> sv_core/src/identifier_profile.rs:6:18
2026-09-09T20:38:11.4759694Z   |
2026-09-09T20:38:11.4760121Z 6 | pub(crate) const PROFILE_ID: &str = "svp-grammar-0.2-lex-es-1";
2026-09-09T20:38:11.4760713Z   |                  ^^^^^^^^^^
2026-09-09T20:38:11.4760977Z 
2026-09-09T20:38:11.4761185Z warning: function `is_reserved_word` is never used
2026-09-09T20:38:11.4761764Z   --> sv_core/src/identifier_profile.rs:22:15
2026-09-09T20:38:11.4762255Z    |
2026-09-09T20:38:11.4762911Z 22 | pub(crate) fn is_reserved_word(word: &str) -> bool {
2026-09-09T20:38:11.4763458Z    |               ^^^^^^^^^^^^^^^^
2026-09-09T20:38:11.4763726Z 
2026-09-09T20:38:11.4763946Z warning: method `matches_descriptor` is never used
2026-09-09T20:38:11.4764539Z    --> sv_core/src/requirements_reuse.rs:121:19
2026-09-09T20:38:11.4765024Z     |
2026-09-09T20:38:11.4765348Z  44 | impl ReuseRule {
2026-09-09T20:38:11.4765762Z     | -------------- method in this implementation
2026-09-09T20:38:11.4766250Z ...
2026-09-09T20:38:11.4766846Z 121 |     pub(crate) fn matches_descriptor(&self, descriptor: &RequirementDescriptor) -> bool {
2026-09-09T20:38:11.4767641Z     |                   ^^^^^^^^^^^^^^^^^^
2026-09-09T20:38:11.4767937Z 
2026-09-09T20:38:11.4768218Z warning: hiding a lifetime that's elided elsewhere is confusing
2026-09-09T20:38:11.4768838Z     --> sv_core/src/frontend.rs:2161:13
2026-09-09T20:38:11.4769270Z      |
2026-09-09T20:38:11.4769615Z 2161 |     fn peek(&self) -> &Token {
2026-09-09T20:38:11.4770063Z      |             ^^^^^     ^^^^^^
2026-09-09T20:38:11.4770476Z      |             |         ||
2026-09-09T20:38:11.4770939Z      |             |         |the same lifetime is hidden here
2026-09-09T20:38:11.4771529Z      |             |         the same lifetime is elided here
2026-09-09T20:38:11.4772054Z      |             the lifetime is elided here
2026-09-09T20:38:11.4772493Z      |
2026-09-09T20:38:11.4773313Z      = help: the same lifetime is referred to in inconsistent ways, making the signature confusing
2026-09-09T20:38:11.4774208Z      = note: `#[warn(mismatched_lifetime_syntaxes)]` on by default
2026-09-09T20:38:11.4774785Z help: use `'_` for type paths
2026-09-09T20:38:11.4775172Z      |
2026-09-09T20:38:11.4775517Z 2161 |     fn peek(&self) -> &Token<'_> {
2026-09-09T20:38:11.4775971Z      |                             ++++
2026-09-09T20:38:11.4776275Z 
2026-09-09T20:38:11.4776775Z warning: `sv_core` (lib) generated 27 warnings (run `cargo fix --lib -p sv_core` to apply 1 suggestion)
2026-09-09T20:38:11.4778286Z    Compiling sv_core v0.1.0 (/home/runner/work/SV-lenguaje-de-computacion/SV-lenguaje-de-computacion/rust/sv_core)
2026-09-09T20:38:12.0947172Z     Finished `release` profile [optimized] target(s) in 0.64s
2026-09-09T20:38:12.1140419Z warning: associated function `from_core_id` is never used
2026-09-09T20:38:12.1141587Z    --> sv_core/src/control.rs:155:27
2026-09-09T20:38:12.1141927Z     |
2026-09-09T20:38:12.1142168Z 141 |           impl $name {
2026-09-09T20:38:12.1142821Z     |           ---------- associated function in this implementation
2026-09-09T20:38:12.1143375Z ...
2026-09-09T20:38:12.1143950Z 155 |               pub(crate) fn from_core_id(id: ControlId) -> Self {
2026-09-09T20:38:12.1144715Z     |                             ^^^^^^^^^^^^
2026-09-09T20:38:12.1145266Z ...
2026-09-09T20:38:12.1145939Z 162 | / opaque_control_ref!(
2026-09-09T20:38:12.1146314Z 163 | |     InformationRef,
2026-09-09T20:38:12.1147091Z 164 | |     "Referencia nominal a información dentro del dominio de control."
2026-09-09T20:38:12.1147653Z 165 | | );
2026-09-09T20:38:12.1147932Z     | |_- in this macro invocation
2026-09-09T20:38:12.1148272Z     |
2026-09-09T20:38:12.1148656Z     = note: `#[warn(dead_code)]` (part of `#[warn(unused)]`) on by default
2026-09-09T20:38:12.1149599Z     = note: this warning originates in the macro `opaque_control_ref` (in Nightly builds, run with -Z macro-backtrace for more info)
2026-09-09T20:38:12.1150305Z 
2026-09-09T20:38:12.1150517Z warning: associated function `from_core_id` is never used
2026-09-09T20:38:12.1151000Z    --> sv_core/src/control.rs:155:27
2026-09-09T20:38:12.1151362Z     |
2026-09-09T20:38:12.1151614Z 141 |           impl $name {
2026-09-09T20:38:12.1152024Z     |           ---------- associated function in this implementation
2026-09-09T20:38:12.1152470Z ...
2026-09-09T20:38:12.1153152Z 155 |               pub(crate) fn from_core_id(id: ControlId) -> Self {
2026-09-09T20:38:12.1153660Z     |                             ^^^^^^^^^^^^
2026-09-09T20:38:12.1154026Z ...
2026-09-09T20:38:12.1154295Z 166 | / opaque_control_ref!(
2026-09-09T20:38:12.1154638Z 167 | |     AdmittedEvidenceRef,
2026-09-09T20:38:12.1155384Z 168 | |     "Referencia a evidencia cuya admisión debe proceder de una verificación gobernada."
2026-09-09T20:38:12.1156027Z 169 | | );
2026-09-09T20:38:12.1156308Z     | |_- in this macro invocation
2026-09-09T20:38:12.1156645Z     |
2026-09-09T20:38:12.1157335Z     = note: this warning originates in the macro `opaque_control_ref` (in Nightly builds, run with -Z macro-backtrace for more info)
2026-09-09T20:38:12.1157971Z 
2026-09-09T20:38:12.1158159Z warning: associated function `from_core_id` is never used
2026-09-09T20:38:12.1158504Z    --> sv_core/src/control.rs:155:27
2026-09-09T20:38:12.1158746Z     |
2026-09-09T20:38:12.1158923Z 141 |           impl $name {
2026-09-09T20:38:12.1159215Z     |           ---------- associated function in this implementation
2026-09-09T20:38:12.1159528Z ...
2026-09-09T20:38:12.1159780Z 155 |               pub(crate) fn from_core_id(id: ControlId) -> Self {
2026-09-09T20:38:12.1160114Z     |                             ^^^^^^^^^^^^
2026-09-09T20:38:12.1160357Z ...
2026-09-09T20:38:12.1160533Z 170 | / opaque_control_ref!(
2026-09-09T20:38:12.1160963Z 171 | |     ConstitutedFactRef,
2026-09-09T20:38:12.1161766Z 172 | |     "Referencia a un hecho semántico constituido; no equivale a autoridad."
2026-09-09T20:38:12.1162448Z 173 | | );
2026-09-09T20:38:12.1163062Z     | |_- in this macro invocation
2026-09-09T20:38:12.1163467Z     |
2026-09-09T20:38:12.1164297Z     = note: this warning originates in the macro `opaque_control_ref` (in Nightly builds, run with -Z macro-backtrace for more info)
2026-09-09T20:38:12.1165128Z 
2026-09-09T20:38:12.1165399Z warning: associated function `from_core_id` is never used
2026-09-09T20:38:12.1166004Z    --> sv_core/src/control.rs:155:27
2026-09-09T20:38:12.1166431Z     |
2026-09-09T20:38:12.1166738Z 141 |           impl $name {
2026-09-09T20:38:12.1167448Z     |           ---------- associated function in this implementation
2026-09-09T20:38:12.1167958Z ...
2026-09-09T20:38:12.1168390Z 155 |               pub(crate) fn from_core_id(id: ControlId) -> Self {
2026-09-09T20:38:12.1168978Z     |                             ^^^^^^^^^^^^
2026-09-09T20:38:12.1169427Z ...
2026-09-09T20:38:12.1169743Z 174 | / opaque_control_ref!(
2026-09-09T20:38:12.1170157Z 175 | |     AuthorityRef,
2026-09-09T20:38:12.1171054Z 176 | |     "Referencia a autoridad constituida; su constructor no forma parte de la API pública."
2026-09-09T20:38:12.1171845Z 177 | | );
2026-09-09T20:38:12.1172281Z     | |_- in this macro invocation
2026-09-09T20:38:12.1172945Z     |
2026-09-09T20:38:12.1173811Z     = note: this warning originates in the macro `opaque_control_ref` (in Nightly builds, run with -Z macro-backtrace for more info)
2026-09-09T20:38:12.1174923Z 
2026-09-09T20:38:12.1175198Z warning: associated function `from_core_id` is never used
2026-09-09T20:38:12.1175795Z    --> sv_core/src/control.rs:155:27
2026-09-09T20:38:12.1176243Z     |
2026-09-09T20:38:12.1176576Z 141 |           impl $name {
2026-09-09T20:38:12.1177091Z     |           ---------- associated function in this implementation
2026-09-09T20:38:12.1177659Z ...
2026-09-09T20:38:12.1178090Z 155 |               pub(crate) fn from_core_id(id: ControlId) -> Self {
2026-09-09T20:38:12.1178688Z     |                             ^^^^^^^^^^^^
2026-09-09T20:38:12.1179131Z ...
2026-09-09T20:38:12.1179447Z 178 | / opaque_control_ref!(
2026-09-09T20:38:12.1179851Z 179 | |     EnablementRef,
2026-09-09T20:38:12.1180694Z 180 | |     "Referencia a una habilitación de autoridad ya existente; no amplía autoridad."
2026-09-09T20:38:12.1181442Z 181 | | );
2026-09-09T20:38:12.1181786Z     | |_- in this macro invocation
2026-09-09T20:38:12.1182194Z     |
2026-09-09T20:38:12.1183233Z     = note: this warning originates in the macro `opaque_control_ref` (in Nightly builds, run with -Z macro-backtrace for more info)
2026-09-09T20:38:12.1184089Z 
2026-09-09T20:38:12.1184368Z warning: associated function `from_core_id` is never used
2026-09-09T20:38:12.1184949Z    --> sv_core/src/control.rs:155:27
2026-09-09T20:38:12.1185381Z     |
2026-09-09T20:38:12.1185692Z 141 |           impl $name {
2026-09-09T20:38:12.1186248Z     |           ---------- associated function in this implementation
2026-09-09T20:38:12.1186796Z ...
2026-09-09T20:38:12.1187218Z 155 |               pub(crate) fn from_core_id(id: ControlId) -> Self {
2026-09-09T20:38:12.1187798Z     |                             ^^^^^^^^^^^^
2026-09-09T20:38:12.1188229Z ...
2026-09-09T20:38:12.1188540Z 186 | / opaque_control_ref!(
2026-09-09T20:38:12.1188931Z 187 | |     FormRef,
2026-09-09T20:38:12.1189525Z 188 | |     "Referencia a una forma de transición constituida."
2026-09-09T20:38:12.1190075Z 189 | | );
2026-09-09T20:38:12.1190504Z     | |_- in this macro invocation
2026-09-09T20:38:12.1190925Z     |
2026-09-09T20:38:12.1191744Z     = note: this warning originates in the macro `opaque_control_ref` (in Nightly builds, run with -Z macro-backtrace for more info)
2026-09-09T20:38:12.1192736Z 
2026-09-09T20:38:12.1193014Z warning: associated function `from_core_id` is never used
2026-09-09T20:38:12.1193594Z    --> sv_core/src/control.rs:155:27
2026-09-09T20:38:12.1194022Z     |
2026-09-09T20:38:12.1194330Z 141 |           impl $name {
2026-09-09T20:38:12.1194825Z     |           ---------- associated function in this implementation
2026-09-09T20:38:12.1195360Z ...
2026-09-09T20:38:12.1195779Z 155 |               pub(crate) fn from_core_id(id: ControlId) -> Self {
2026-09-09T20:38:12.1196349Z     |                             ^^^^^^^^^^^^
2026-09-09T20:38:12.1196745Z ...
2026-09-09T20:38:12.1197028Z 190 | / opaque_control_ref!(
2026-09-09T20:38:12.1197442Z 191 | |     EffectFamilyRef,
2026-09-09T20:38:12.1198142Z 192 | |     "Referencia a una familia de efectos fijada por constitución."
2026-09-09T20:38:12.1198766Z 193 | | );
2026-09-09T20:38:12.1199101Z     | |_- in this macro invocation
2026-09-09T20:38:12.1199515Z     |
2026-09-09T20:38:12.1200553Z     = note: this warning originates in the macro `opaque_control_ref` (in Nightly builds, run with -Z macro-backtrace for more info)
2026-09-09T20:38:12.1201409Z 
2026-09-09T20:38:12.1201674Z warning: associated function `from_core_id` is never used
2026-09-09T20:38:12.1202245Z    --> sv_core/src/control.rs:155:27
2026-09-09T20:38:12.1202864Z     |
2026-09-09T20:38:12.1203180Z 141 |           impl $name {
2026-09-09T20:38:12.1203687Z     |           ---------- associated function in this implementation
2026-09-09T20:38:12.1204238Z ...
2026-09-09T20:38:12.1204662Z 155 |               pub(crate) fn from_core_id(id: ControlId) -> Self {
2026-09-09T20:38:12.1205248Z     |                             ^^^^^^^^^^^^
2026-09-09T20:38:12.1205686Z ...
2026-09-09T20:38:12.1205994Z 194 | / opaque_control_ref!(
2026-09-09T20:38:12.1206681Z 195 | |     EffectRef,
2026-09-09T20:38:12.1207280Z 196 | |     "Referencia a un efecto concreto; identificarlo no equivale a autorizarlo."
2026-09-09T20:38:12.1207971Z 197 | | );
2026-09-09T20:38:12.1208314Z     | |_- in this macro invocation
2026-09-09T20:38:12.1208729Z     |
2026-09-09T20:38:12.1209550Z     = note: this warning originates in the macro `opaque_control_ref` (in Nightly builds, run with -Z macro-backtrace for more info)
2026-09-09T20:38:12.1210387Z 
2026-09-09T20:38:12.1210645Z warning: associated function `from_core_id` is never used
2026-09-09T20:38:12.1211226Z    --> sv_core/src/control.rs:155:27
2026-09-09T20:38:12.1211654Z     |
2026-09-09T20:38:12.1211964Z 141 |           impl $name {
2026-09-09T20:38:12.1212473Z     |           ---------- associated function in this implementation
2026-09-09T20:38:12.1213216Z ...
2026-09-09T20:38:12.1213634Z 155 |               pub(crate) fn from_core_id(id: ControlId) -> Self {
2026-09-09T20:38:12.1214210Z     |                             ^^^^^^^^^^^^
2026-09-09T20:38:12.1214644Z ...
2026-09-09T20:38:12.1214923Z 198 | / opaque_control_ref!(
2026-09-09T20:38:12.1215279Z 199 | |     ContextRef,
2026-09-09T20:38:12.1215812Z 200 | |     "Referencia a una ligadura de contexto relevante para autoridad o forma."
2026-09-09T20:38:12.1216423Z 201 | | );
2026-09-09T20:38:12.1216720Z     | |_- in this macro invocation
2026-09-09T20:38:12.1217092Z     |
2026-09-09T20:38:12.1217789Z     = note: this warning originates in the macro `opaque_control_ref` (in Nightly builds, run with -Z macro-backtrace for more info)
2026-09-09T20:38:12.1218503Z 
2026-09-09T20:38:12.1218736Z warning: associated function `from_core_id` is never used
2026-09-09T20:38:12.1219228Z    --> sv_core/src/control.rs:155:27
2026-09-09T20:38:12.1219621Z     |
2026-09-09T20:38:12.1219899Z 141 |           impl $name {
2026-09-09T20:38:12.1220327Z     |           ---------- associated function in this implementation
2026-09-09T20:38:12.1220788Z ...
2026-09-09T20:38:12.1221146Z 155 |               pub(crate) fn from_core_id(id: ControlId) -> Self {
2026-09-09T20:38:12.1221651Z     |                             ^^^^^^^^^^^^
2026-09-09T20:38:12.1222045Z ...
2026-09-09T20:38:12.1222351Z 202 | / opaque_control_ref!(
2026-09-09T20:38:12.1222938Z 203 | |     AuthorityHolderRef,
2026-09-09T20:38:12.1223801Z 204 | |     "Referencia al titular de una autoridad; no constituye autoridad por sí misma."
2026-09-09T20:38:12.1224504Z 205 | | );
2026-09-09T20:38:12.1224849Z     | |_- in this macro invocation
2026-09-09T20:38:12.1225291Z     |
2026-09-09T20:38:12.1226115Z     = note: this warning originates in the macro `opaque_control_ref` (in Nightly builds, run with -Z macro-backtrace for more info)
2026-09-09T20:38:12.1226935Z 
2026-09-09T20:38:12.1227199Z warning: associated function `from_core_id` is never used
2026-09-09T20:38:12.1227795Z    --> sv_core/src/control.rs:155:27
2026-09-09T20:38:12.1228237Z     |
2026-09-09T20:38:12.1228580Z 141 |           impl $name {
2026-09-09T20:38:12.1229080Z     |           ---------- associated function in this implementation
2026-09-09T20:38:12.1229606Z ...
2026-09-09T20:38:12.1230009Z 155 |               pub(crate) fn from_core_id(id: ControlId) -> Self {
2026-09-09T20:38:12.1230775Z     |                             ^^^^^^^^^^^^
2026-09-09T20:38:12.1231203Z ...
2026-09-09T20:38:12.1231500Z 206 | / opaque_control_ref!(
2026-09-09T20:38:12.1231965Z 207 | |     GovernedObjectRef,
2026-09-09T20:38:12.1232773Z 208 | |     "Referencia a un objeto candidato a pertenecer al dominio gobernado D_a."
2026-09-09T20:38:12.1233427Z 209 | | );
2026-09-09T20:38:12.1233744Z     | |_- in this macro invocation
2026-09-09T20:38:12.1234139Z     |
2026-09-09T20:38:12.1234921Z     = note: this warning originates in the macro `opaque_control_ref` (in Nightly builds, run with -Z macro-backtrace for more info)
2026-09-09T20:38:12.1235704Z 
2026-09-09T20:38:12.1235958Z warning: associated function `from_core_id` is never used
2026-09-09T20:38:12.1236511Z    --> sv_core/src/control.rs:155:27
2026-09-09T20:38:12.1237129Z     |
2026-09-09T20:38:12.1237430Z 141 |           impl $name {
2026-09-09T20:38:12.1237900Z     |           ---------- associated function in this implementation
2026-09-09T20:38:12.1238426Z ...
2026-09-09T20:38:12.1238827Z 155 |               pub(crate) fn from_core_id(id: ControlId) -> Self {
2026-09-09T20:38:12.1239381Z     |                             ^^^^^^^^^^^^
2026-09-09T20:38:12.1239793Z ...
2026-09-09T20:38:12.1240088Z 210 | / opaque_control_ref!(
2026-09-09T20:38:12.1240493Z 211 | |     AccumulationRuleRef,
2026-09-09T20:38:12.1241323Z 212 | |     "Referencia a una regla gobernada de acumulación o a un predicado de traza."
2026-09-09T20:38:12.1242014Z 213 | | );
2026-09-09T20:38:12.1242349Z     | |_- in this macro invocation
2026-09-09T20:38:12.1243017Z     |
2026-09-09T20:38:12.1243849Z     = note: this warning originates in the macro `opaque_control_ref` (in Nightly builds, run with -Z macro-backtrace for more info)
2026-09-09T20:38:12.1244679Z 
2026-09-09T20:38:12.1244968Z warning: associated function `from_core_id` is never used
2026-09-09T20:38:12.1245551Z    --> sv_core/src/control.rs:155:27
2026-09-09T20:38:12.1245959Z     |
2026-09-09T20:38:12.1246269Z 141 |           impl $name {
2026-09-09T20:38:12.1246765Z     |           ---------- associated function in this implementation
2026-09-09T20:38:12.1247298Z ...
2026-09-09T20:38:12.1247706Z 155 |               pub(crate) fn from_core_id(id: ControlId) -> Self {
2026-09-09T20:38:12.1248292Z     |                             ^^^^^^^^^^^^
2026-09-09T20:38:12.1248724Z ...
2026-09-09T20:38:12.1249039Z 214 | / opaque_control_ref!(
2026-09-09T20:38:12.1249456Z 215 | |     RequirementRef,
2026-09-09T20:38:12.1250216Z 216 | |     "Referencia a una obligación de Req; identificarla no acredita su cumplimiento."
2026-09-09T20:38:12.1250646Z 217 | | );
2026-09-09T20:38:12.1250843Z     | |_- in this macro invocation
2026-09-09T20:38:12.1251076Z     |
2026-09-09T20:38:12.1251544Z     = note: this warning originates in the macro `opaque_control_ref` (in Nightly builds, run with -Z macro-backtrace for more info)
2026-09-09T20:38:12.1252035Z 
2026-09-09T20:38:12.1252180Z warning: associated function `from_core_id` is never used
2026-09-09T20:38:12.1252772Z    --> sv_core/src/control.rs:155:27
2026-09-09T20:38:12.1253107Z     |
2026-09-09T20:38:12.1253293Z 141 |           impl $name {
2026-09-09T20:38:12.1253579Z     |           ---------- associated function in this implementation
2026-09-09T20:38:12.1253882Z ...
2026-09-09T20:38:12.1254121Z 155 |               pub(crate) fn from_core_id(id: ControlId) -> Self {
2026-09-09T20:38:12.1254457Z     |                             ^^^^^^^^^^^^
2026-09-09T20:38:12.1254704Z ...
2026-09-09T20:38:12.1254883Z 218 | / opaque_control_ref!(
2026-09-09T20:38:12.1255104Z 219 | |     VerifierRef,
2026-09-09T20:38:12.1255491Z 220 | |     "Referencia a un verificador concreto; su mera existencia no acredita aplicabilidad."
2026-09-09T20:38:12.1255909Z 221 | | );
2026-09-09T20:38:12.1256109Z     | |_- in this macro invocation
2026-09-09T20:38:12.1256346Z     |
2026-09-09T20:38:12.1256995Z     = note: this warning originates in the macro `opaque_control_ref` (in Nightly builds, run with -Z macro-backtrace for more info)
2026-09-09T20:38:12.1257479Z 
2026-09-09T20:38:12.1257629Z warning: associated function `from_core_id` is never used
2026-09-09T20:38:12.1257955Z    --> sv_core/src/control.rs:155:27
2026-09-09T20:38:12.1258192Z     |
2026-09-09T20:38:12.1258366Z 141 |           impl $name {
2026-09-09T20:38:12.1258642Z     |           ---------- associated function in this implementation
2026-09-09T20:38:12.1258938Z ...
2026-09-09T20:38:12.1259172Z 155 |               pub(crate) fn from_core_id(id: ControlId) -> Self {
2026-09-09T20:38:12.1259498Z     |                             ^^^^^^^^^^^^
2026-09-09T20:38:12.1259734Z ...
2026-09-09T20:38:12.1259907Z 222 | / opaque_control_ref!(
2026-09-09T20:38:12.1260134Z 223 | |     VerifierFamilyRef,
2026-09-09T20:38:12.1260593Z 224 | |     "Referencia a una familia de verificadores admisibles para una obligación."
2026-09-09T20:38:12.1261117Z 225 | | );
2026-09-09T20:38:12.1261304Z     | |_- in this macro invocation
2026-09-09T20:38:12.1261531Z     |
2026-09-09T20:38:12.1261995Z     = note: this warning originates in the macro `opaque_control_ref` (in Nightly builds, run with -Z macro-backtrace for more info)
2026-09-09T20:38:12.1262460Z 
2026-09-09T20:38:12.1262853Z warning: associated function `from_core_id` is never used
2026-09-09T20:38:12.1263183Z    --> sv_core/src/control.rs:155:27
2026-09-09T20:38:12.1263414Z     |
2026-09-09T20:38:12.1263582Z 141 |           impl $name {
2026-09-09T20:38:12.1263857Z     |           ---------- associated function in this implementation
2026-09-09T20:38:12.1264154Z ...
2026-09-09T20:38:12.1264392Z 155 |               pub(crate) fn from_core_id(id: ControlId) -> Self {
2026-09-09T20:38:12.1264714Z     |                             ^^^^^^^^^^^^
2026-09-09T20:38:12.1264956Z ...
2026-09-09T20:38:12.1265128Z 226 | / opaque_control_ref!(
2026-09-09T20:38:12.1265374Z 227 | |     ApplicabilityRuleRef,
2026-09-09T20:38:12.1265874Z 228 | |     "Referencia a una regla previamente constituida de aplicabilidad de comprobación."
2026-09-09T20:38:12.1266292Z 229 | | );
2026-09-09T20:38:12.1266479Z     | |_- in this macro invocation
2026-09-09T20:38:12.1266705Z     |
2026-09-09T20:38:12.1267173Z     = note: this warning originates in the macro `opaque_control_ref` (in Nightly builds, run with -Z macro-backtrace for more info)
2026-09-09T20:38:12.1267635Z 
2026-09-09T20:38:12.1267774Z warning: associated function `from_core_id` is never used
2026-09-09T20:38:12.1268094Z    --> sv_core/src/control.rs:155:27
2026-09-09T20:38:12.1268332Z     |
2026-09-09T20:38:12.1268505Z 141 |           impl $name {
2026-09-09T20:38:12.1268786Z     |           ---------- associated function in this implementation
2026-09-09T20:38:12.1269086Z ...
2026-09-09T20:38:12.1269321Z 155 |               pub(crate) fn from_core_id(id: ControlId) -> Self {
2026-09-09T20:38:12.1269646Z     |                             ^^^^^^^^^^^^
2026-09-09T20:38:12.1269896Z ...
2026-09-09T20:38:12.1270078Z 230 | / opaque_control_ref!(
2026-09-09T20:38:12.1270313Z 231 | |     ConflictResolutionRuleRef,
2026-09-09T20:38:12.1270878Z 232 | |     "Referencia a una regla previamente constituida de resolución de conflicto entre comprobaciones."
2026-09-09T20:38:12.1271340Z 233 | | );
2026-09-09T20:38:12.1271524Z     | |_- in this macro invocation
2026-09-09T20:38:12.1271750Z     |
2026-09-09T20:38:12.1272200Z     = note: this warning originates in the macro `opaque_control_ref` (in Nightly builds, run with -Z macro-backtrace for more info)
2026-09-09T20:38:12.1272881Z 
2026-09-09T20:38:12.1273027Z warning: associated function `from_core_id` is never used
2026-09-09T20:38:12.1273345Z    --> sv_core/src/control.rs:155:27
2026-09-09T20:38:12.1273577Z     |
2026-09-09T20:38:12.1273746Z 141 |           impl $name {
2026-09-09T20:38:12.1274013Z     |           ---------- associated function in this implementation
2026-09-09T20:38:12.1274315Z ...
2026-09-09T20:38:12.1274545Z 155 |               pub(crate) fn from_core_id(id: ControlId) -> Self {
2026-09-09T20:38:12.1274867Z     |                             ^^^^^^^^^^^^
2026-09-09T20:38:12.1275261Z ...
2026-09-09T20:38:12.1275522Z 234 | / opaque_control_ref!(
2026-09-09T20:38:12.1275846Z 235 | |     CoverageRuleRef,
2026-09-09T20:38:12.1276349Z 236 | |     "Referencia a una regla previamente constituida de cobertura de comprobaciones exigibles."
2026-09-09T20:38:12.1277037Z 237 | | );
2026-09-09T20:38:12.1289841Z     | |_- in this macro invocation
2026-09-09T20:38:12.1290295Z     |
2026-09-09T20:38:12.1290818Z     = note: this warning originates in the macro `opaque_control_ref` (in Nightly builds, run with -Z macro-backtrace for more info)
2026-09-09T20:38:12.1291305Z 
2026-09-09T20:38:12.1291458Z warning: associated function `from_core_id` is never used
2026-09-09T20:38:12.1291794Z    --> sv_core/src/control.rs:155:27
2026-09-09T20:38:12.1292042Z     |
2026-09-09T20:38:12.1292443Z 141 |           impl $name {
2026-09-09T20:38:12.1293024Z     |           ---------- associated function in this implementation
2026-09-09T20:38:12.1293355Z ...
2026-09-09T20:38:12.1293614Z 155 |               pub(crate) fn from_core_id(id: ControlId) -> Self {
2026-09-09T20:38:12.1293967Z     |                             ^^^^^^^^^^^^
2026-09-09T20:38:12.1294221Z ...
2026-09-09T20:38:12.1294401Z 238 | / opaque_control_ref!(
2026-09-09T20:38:12.1294635Z 239 | |     ReuseRuleRef,
2026-09-09T20:38:12.1295225Z 240 | |     "Referencia a una regla previamente constituida de reutilización de resultados cualificados."
2026-09-09T20:38:12.1295688Z 241 | | );
2026-09-09T20:38:12.1295885Z     | |_- in this macro invocation
2026-09-09T20:38:12.1296117Z     |
2026-09-09T20:38:12.1296591Z     = note: this warning originates in the macro `opaque_control_ref` (in Nightly builds, run with -Z macro-backtrace for more info)
2026-09-09T20:38:12.1297052Z 
2026-09-09T20:38:12.1297198Z warning: associated function `from_core_id` is never used
2026-09-09T20:38:12.1297542Z    --> sv_core/src/control.rs:155:27
2026-09-09T20:38:12.1297787Z     |
2026-09-09T20:38:12.1297963Z 141 |           impl $name {
2026-09-09T20:38:12.1298246Z     |           ---------- associated function in this implementation
2026-09-09T20:38:12.1298551Z ...
2026-09-09T20:38:12.1298791Z 155 |               pub(crate) fn from_core_id(id: ControlId) -> Self {
2026-09-09T20:38:12.1299121Z     |                             ^^^^^^^^^^^^
2026-09-09T20:38:12.1299376Z ...
2026-09-09T20:38:12.1299555Z 242 | / opaque_control_ref!(
2026-09-09T20:38:12.1299791Z 243 | |     ReuseBindingKeyRef,
2026-09-09T20:38:12.1300383Z 244 | |     "Referencia a una dimensión constituida cuya continuidad puede ser exigible para reutilizar un resultado."
2026-09-09T20:38:12.1300900Z 245 | | );
2026-09-09T20:38:12.1301097Z     | |_- in this macro invocation
2026-09-09T20:38:12.1301328Z     |
2026-09-09T20:38:12.1301793Z     = note: this warning originates in the macro `opaque_control_ref` (in Nightly builds, run with -Z macro-backtrace for more info)
2026-09-09T20:38:12.1302263Z 
2026-09-09T20:38:12.1302403Z warning: associated function `from_core_id` is never used
2026-09-09T20:38:12.1303033Z    --> sv_core/src/control.rs:155:27
2026-09-09T20:38:12.1303282Z     |
2026-09-09T20:38:12.1303460Z 141 |           impl $name {
2026-09-09T20:38:12.1303740Z     |           ---------- associated function in this implementation
2026-09-09T20:38:12.1304044Z ...
2026-09-09T20:38:12.1304289Z 155 |               pub(crate) fn from_core_id(id: ControlId) -> Self {
2026-09-09T20:38:12.1304625Z     |                             ^^^^^^^^^^^^
2026-09-09T20:38:12.1304875Z ...
2026-09-09T20:38:12.1305058Z 246 | / opaque_control_ref!(
2026-09-09T20:38:12.1305300Z 247 | |     ReuseBindingValueRef,
2026-09-09T20:38:12.1305889Z 248 | |     "Referencia al valor constituido de una dimensión de reutilización; identificarlo no acredita su vigencia."
2026-09-09T20:38:12.1306391Z 249 | | );
2026-09-09T20:38:12.1306581Z     | |_- in this macro invocation
2026-09-09T20:38:12.1306816Z     |
2026-09-09T20:38:12.1307434Z     = note: this warning originates in the macro `opaque_control_ref` (in Nightly builds, run with -Z macro-backtrace for more info)
2026-09-09T20:38:12.1307897Z 
2026-09-09T20:38:12.1308021Z warning: function `compile_svp` is never used
2026-09-09T20:38:12.1308317Z    --> sv_core/src/frontend.rs:803:8
2026-09-09T20:38:12.1308557Z     |
2026-09-09T20:38:12.1308905Z 803 | pub fn compile_svp(source: &str, source_file: &str) -> Result<IrProgram, FrontendError> {
2026-09-09T20:38:12.1309336Z     |        ^^^^^^^^^^^
2026-09-09T20:38:12.1309473Z 
2026-09-09T20:38:12.1309628Z warning: function `compile_svp_with_profile` is never used
2026-09-09T20:38:12.1309962Z    --> sv_core/src/frontend.rs:807:8
2026-09-09T20:38:12.1310206Z     |
2026-09-09T20:38:12.1310405Z 807 | pub fn compile_svp_with_profile(
2026-09-09T20:38:12.1310659Z     |        ^^^^^^^^^^^^^^^^^^^^^^^^
2026-09-09T20:38:12.1310821Z 
2026-09-09T20:38:12.1311065Z warning: constant `PROFILE_ID` is never used
2026-09-09T20:38:12.1311366Z  --> sv_core/src/identifier_profile.rs:6:18
2026-09-09T20:38:12.1311633Z   |
2026-09-09T20:38:12.1311903Z 6 | pub(crate) const PROFILE_ID: &str = "svp-grammar-0.2-lex-es-1";
2026-09-09T20:38:12.1312244Z   |                  ^^^^^^^^^^
2026-09-09T20:38:12.1312400Z 
2026-09-09T20:38:12.1312763Z warning: function `is_reserved_word` is never used
2026-09-09T20:38:12.1313102Z   --> sv_core/src/identifier_profile.rs:22:15
2026-09-09T20:38:12.1313368Z    |
2026-09-09T20:38:12.1313600Z 22 | pub(crate) fn is_reserved_word(word: &str) -> bool {
2026-09-09T20:38:12.1313904Z    |               ^^^^^^^^^^^^^^^^
2026-09-09T20:38:12.1314068Z 
2026-09-09T20:38:12.1314189Z warning: method `matches_descriptor` is never used
2026-09-09T20:38:12.1314529Z    --> sv_core/src/requirements_reuse.rs:121:19
2026-09-09T20:38:12.1314817Z     |
2026-09-09T20:38:12.1315000Z  44 | impl ReuseRule {
2026-09-09T20:38:12.1315245Z     | -------------- method in this implementation
2026-09-09T20:38:12.1315525Z ...
2026-09-09T20:38:12.1315876Z 121 |     pub(crate) fn matches_descriptor(&self, descriptor: &RequirementDescriptor) -> bool {
2026-09-09T20:38:12.1316322Z     |                   ^^^^^^^^^^^^^^^^^^
2026-09-09T20:38:12.1316494Z 
2026-09-09T20:38:12.1316662Z warning: hiding a lifetime that's elided elsewhere is confusing
2026-09-09T20:38:12.1317005Z     --> sv_core/src/frontend.rs:2161:13
2026-09-09T20:38:12.1317252Z      |
2026-09-09T20:38:12.1317438Z 2161 |     fn peek(&self) -> &Token {
2026-09-09T20:38:12.1317685Z      |             ^^^^^     ^^^^^^
2026-09-09T20:38:12.1317919Z      |             |         ||
2026-09-09T20:38:12.1318175Z      |             |         |the same lifetime is hidden here
2026-09-09T20:38:12.1318499Z      |             |         the same lifetime is elided here
2026-09-09T20:38:12.1318801Z      |             the lifetime is elided here
2026-09-09T20:38:12.1319068Z      |
2026-09-09T20:38:12.1319416Z      = help: the same lifetime is referred to in inconsistent ways, making the signature confusing
2026-09-09T20:38:12.1319922Z      = note: `#[warn(mismatched_lifetime_syntaxes)]` on by default
2026-09-09T20:38:12.1320261Z help: use `'_` for type paths
2026-09-09T20:38:12.1320487Z      |
2026-09-09T20:38:12.1320688Z 2161 |     fn peek(&self) -> &Token<'_> {
2026-09-09T20:38:12.1320954Z      |                             ++++
2026-09-09T20:38:12.1321119Z 
2026-09-09T20:38:12.1321401Z warning: `sv_core` (lib) generated 27 warnings (run `cargo fix --lib -p sv_core` to apply 1 suggestion)
2026-09-09T20:38:12.1322118Z    Compiling sv_core v0.1.0 (/home/runner/work/SV-lenguaje-de-computacion/SV-lenguaje-de-computacion/rust/sv_core)
2026-09-09T20:38:12.7591016Z     Finished `release` profile [optimized] target(s) in 0.65s
2026-09-09T20:38:12.8997562Z (node:13803) ExperimentalWarning: WASI is an experimental feature and might change at any time
2026-09-09T20:38:12.8998230Z (Use `node --trace-warnings ...` to show where the warning was created)
2026-09-09T20:38:13.1617595Z ##[group]Run rustc --edition=2021 tests/row7_gh/generar_entradas.rs -o rust/target/gh-generate
2026-09-09T20:38:13.1618298Z [36;1mrustc --edition=2021 tests/row7_gh/generar_entradas.rs -o rust/target/gh-generate[0m
2026-09-09T20:38:13.1618766Z [36;1mrust/target/gh-generate --check[0m
2026-09-09T20:38:13.1619258Z [36;1mcargo build --manifest-path rust/Cargo.toml -p sv_core --example gh_binding_probe --release[0m
2026-09-09T20:38:13.1620010Z [36;1mcargo build --manifest-path rust/Cargo.toml -p sv_core --example gh_binding_probe --release --target wasm32-wasip1[0m
2026-09-09T20:38:13.1620889Z [36;1mcargo build --manifest-path rust/Cargo.toml -p sv_core --example gh_binding_probe_browser --release --target wasm32-unknown-unknown[0m
2026-09-09T20:38:13.1621673Z [36;1mrust/target/release/examples/gh_binding_probe > artifacts/r0-browser/gh-native.json[0m
2026-09-09T20:38:13.1622680Z [36;1mnode tests/row7_bindings/run_wasi.mjs rust/target/wasm32-wasip1/release/examples/gh_binding_probe.wasm > artifacts/r0-wasm/gh-wasi.json[0m
2026-09-09T20:38:13.1623649Z [36;1mcmp artifacts/r0-browser/gh-native.json artifacts/r0-wasm/gh-wasi.json[0m
2026-09-09T20:38:13.1624378Z [36;1mnode tests/row7_gh/verificar.mjs artifacts/r0-browser/gh-native.json --autoprueba > artifacts/r0-wasm/gh-verification.json[0m
2026-09-09T20:38:13.1625028Z [36;1mcat artifacts/r0-wasm/gh-verification.json[0m
2026-09-09T20:38:13.1625609Z [36;1mcp rust/target/wasm32-unknown-unknown/release/examples/gh_binding_probe_browser.wasm artifacts/r0-browser/[0m
2026-09-09T20:38:13.1626782Z [36;1msha256sum rust/target/release/examples/gh_binding_probe rust/target/wasm32-wasip1/release/examples/gh_binding_probe.wasm artifacts/r0-browser/gh_binding_probe_browser.wasm > artifacts/r0-wasm/gh-probes.sha256[0m
2026-09-09T20:38:13.1663095Z shell: /usr/bin/bash -e {0}
2026-09-09T20:38:13.1663351Z ##[endgroup]
2026-09-09T20:38:13.5378349Z GH-LIG: 48 entradas regenerables desde el testigo G/H exacto
2026-09-09T20:38:13.5555995Z warning: associated function `from_core_id` is never used
2026-09-09T20:38:13.5556836Z    --> sv_core/src/control.rs:155:27
2026-09-09T20:38:13.5557446Z     |
2026-09-09T20:38:13.5557838Z 141 |           impl $name {
2026-09-09T20:38:13.5558462Z     |           ---------- associated function in this implementation
2026-09-09T20:38:13.5559141Z ...
2026-09-09T20:38:13.5559662Z 155 |               pub(crate) fn from_core_id(id: ControlId) -> Self {
2026-09-09T20:38:13.5560384Z     |                             ^^^^^^^^^^^^
2026-09-09T20:38:13.5560787Z ...
2026-09-09T20:38:13.5561046Z 162 | / opaque_control_ref!(
2026-09-09T20:38:13.5561386Z 163 | |     InformationRef,
2026-09-09T20:38:13.5562144Z 164 | |     "Referencia nominal a información dentro del dominio de control."
2026-09-09T20:38:13.5562923Z 165 | | );
2026-09-09T20:38:13.5563375Z     | |_- in this macro invocation
2026-09-09T20:38:13.5563930Z     |
2026-09-09T20:38:13.5564527Z     = note: `#[warn(dead_code)]` (part of `#[warn(unused)]`) on by default
2026-09-09T20:38:13.5565872Z     = note: this warning originates in the macro `opaque_control_ref` (in Nightly builds, run with -Z macro-backtrace for more info)
2026-09-09T20:38:13.5566794Z 
2026-09-09T20:38:13.5567080Z warning: associated function `from_core_id` is never used
2026-09-09T20:38:13.5567717Z    --> sv_core/src/control.rs:155:27
2026-09-09T20:38:13.5568188Z     |
2026-09-09T20:38:13.5568525Z 141 |           impl $name {
2026-09-09T20:38:13.5569074Z     |           ---------- associated function in this implementation
2026-09-09T20:38:13.5569677Z ...
2026-09-09T20:38:13.5570144Z 155 |               pub(crate) fn from_core_id(id: ControlId) -> Self {
2026-09-09T20:38:13.5570781Z     |                             ^^^^^^^^^^^^
2026-09-09T20:38:13.5571263Z ...
2026-09-09T20:38:13.5571612Z 166 | / opaque_control_ref!(
2026-09-09T20:38:13.5572070Z 167 | |     AdmittedEvidenceRef,
2026-09-09T20:38:13.5573719Z 168 | |     "Referencia a evidencia cuya admisión debe proceder de una verificación gobernada."
2026-09-09T20:38:13.5574597Z 169 | | );
2026-09-09T20:38:13.5574928Z     | |_- in this macro invocation
2026-09-09T20:38:13.5575336Z     |
2026-09-09T20:38:13.5576146Z     = note: this warning originates in the macro `opaque_control_ref` (in Nightly builds, run with -Z macro-backtrace for more info)
2026-09-09T20:38:13.5576956Z 
2026-09-09T20:38:13.5577398Z warning: associated function `from_core_id` is never used
2026-09-09T20:38:13.5577963Z    --> sv_core/src/control.rs:155:27
2026-09-09T20:38:13.5578374Z     |
2026-09-09T20:38:13.5578685Z 141 |           impl $name {
2026-09-09T20:38:13.5579177Z     |           ---------- associated function in this implementation
2026-09-09T20:38:13.5579714Z ...
2026-09-09T20:38:13.5580129Z 155 |               pub(crate) fn from_core_id(id: ControlId) -> Self {
2026-09-09T20:38:13.5580695Z     |                             ^^^^^^^^^^^^
2026-09-09T20:38:13.5581124Z ...
2026-09-09T20:38:13.5581429Z 170 | / opaque_control_ref!(
2026-09-09T20:38:13.5581840Z 171 | |     ConstitutedFactRef,
2026-09-09T20:38:13.5583531Z 172 | |     "Referencia a un hecho semántico constituido; no equivale a autoridad."
2026-09-09T20:38:13.5584177Z 173 | | );
2026-09-09T20:38:13.5584384Z     | |_- in this macro invocation
2026-09-09T20:38:13.5584629Z     |
2026-09-09T20:38:13.5585126Z     = note: this warning originates in the macro `opaque_control_ref` (in Nightly builds, run with -Z macro-backtrace for more info)
2026-09-09T20:38:13.5585898Z 
2026-09-09T20:38:13.5586165Z warning: associated function `from_core_id` is never used
2026-09-09T20:38:13.5586617Z    --> sv_core/src/control.rs:155:27
2026-09-09T20:38:13.5586860Z     |
2026-09-09T20:38:13.5587039Z 141 |           impl $name {
2026-09-09T20:38:13.5587327Z     |           ---------- associated function in this implementation
2026-09-09T20:38:13.5587641Z ...
2026-09-09T20:38:13.5587890Z 155 |               pub(crate) fn from_core_id(id: ControlId) -> Self {
2026-09-09T20:38:13.5588223Z     |                             ^^^^^^^^^^^^
2026-09-09T20:38:13.5588490Z ...
2026-09-09T20:38:13.5588668Z 174 | / opaque_control_ref!(
2026-09-09T20:38:13.5588896Z 175 | |     AuthorityRef,
2026-09-09T20:38:13.5589415Z 176 | |     "Referencia a autoridad constituida; su constructor no forma parte de la API pública."
2026-09-09T20:38:13.5589854Z 177 | | );
2026-09-09T20:38:13.5590045Z     | |_- in this macro invocation
2026-09-09T20:38:13.5590284Z     |
2026-09-09T20:38:13.5590759Z     = note: this warning originates in the macro `opaque_control_ref` (in Nightly builds, run with -Z macro-backtrace for more info)
2026-09-09T20:38:13.5591229Z 
2026-09-09T20:38:13.5591370Z warning: associated function `from_core_id` is never used
2026-09-09T20:38:13.5591704Z    --> sv_core/src/control.rs:155:27
2026-09-09T20:38:13.5591951Z     |
2026-09-09T20:38:13.5592135Z 141 |           impl $name {
2026-09-09T20:38:13.5592424Z     |           ---------- associated function in this implementation
2026-09-09T20:38:13.5593096Z ...
2026-09-09T20:38:13.5593528Z 155 |               pub(crate) fn from_core_id(id: ControlId) -> Self {
2026-09-09T20:38:13.5594018Z     |                             ^^^^^^^^^^^^
2026-09-09T20:38:13.5594267Z ...
2026-09-09T20:38:13.5594455Z 178 | / opaque_control_ref!(
2026-09-09T20:38:13.5594688Z 179 | |     EnablementRef,
2026-09-09T20:38:13.5595163Z 180 | |     "Referencia a una habilitación de autoridad ya existente; no amplía autoridad."
2026-09-09T20:38:13.5595580Z 181 | | );
2026-09-09T20:38:13.5595772Z     | |_- in this macro invocation
2026-09-09T20:38:13.5596004Z     |
2026-09-09T20:38:13.5596476Z     = note: this warning originates in the macro `opaque_control_ref` (in Nightly builds, run with -Z macro-backtrace for more info)
2026-09-09T20:38:13.5596932Z 
2026-09-09T20:38:13.5597080Z warning: associated function `from_core_id` is never used
2026-09-09T20:38:13.5597401Z    --> sv_core/src/control.rs:155:27
2026-09-09T20:38:13.5597639Z     |
2026-09-09T20:38:13.5597816Z 141 |           impl $name {
2026-09-09T20:38:13.5598276Z     |           ---------- associated function in this implementation
2026-09-09T20:38:13.5598604Z ...
2026-09-09T20:38:13.5598847Z 155 |               pub(crate) fn from_core_id(id: ControlId) -> Self {
2026-09-09T20:38:13.5599176Z     |                             ^^^^^^^^^^^^
2026-09-09T20:38:13.5599420Z ...
2026-09-09T20:38:13.5599602Z 186 | / opaque_control_ref!(
2026-09-09T20:38:13.5599821Z 187 | |     FormRef,
2026-09-09T20:38:13.5600142Z 188 | |     "Referencia a una forma de transición constituida."
2026-09-09T20:38:13.5600450Z 189 | | );
2026-09-09T20:38:13.5600638Z     | |_- in this macro invocation
2026-09-09T20:38:13.5600866Z     |
2026-09-09T20:38:13.5601344Z     = note: this warning originates in the macro `opaque_control_ref` (in Nightly builds, run with -Z macro-backtrace for more info)
2026-09-09T20:38:13.5601800Z 
2026-09-09T20:38:13.5601949Z warning: associated function `from_core_id` is never used
2026-09-09T20:38:13.5602276Z    --> sv_core/src/control.rs:155:27
2026-09-09T20:38:13.5602752Z     |
2026-09-09T20:38:13.5603126Z 141 |           impl $name {
2026-09-09T20:38:13.5603417Z     |           ---------- associated function in this implementation
2026-09-09T20:38:13.5603722Z ...
2026-09-09T20:38:13.5603970Z 155 |               pub(crate) fn from_core_id(id: ControlId) -> Self {
2026-09-09T20:38:13.5604300Z     |                             ^^^^^^^^^^^^
2026-09-09T20:38:13.5604554Z ...
2026-09-09T20:38:13.5604730Z 190 | / opaque_control_ref!(
2026-09-09T20:38:13.5604960Z 191 | |     EffectFamilyRef,
2026-09-09T20:38:13.5605360Z 192 | |     "Referencia a una familia de efectos fijada por constitución."
2026-09-09T20:38:13.5605705Z 193 | | );
2026-09-09T20:38:13.5605892Z     | |_- in this macro invocation
2026-09-09T20:38:13.5606118Z     |
2026-09-09T20:38:13.5606574Z     = note: this warning originates in the macro `opaque_control_ref` (in Nightly builds, run with -Z macro-backtrace for more info)
2026-09-09T20:38:13.5607034Z 
2026-09-09T20:38:13.5607177Z warning: associated function `from_core_id` is never used
2026-09-09T20:38:13.5607546Z    --> sv_core/src/control.rs:155:27
2026-09-09T20:38:13.5607782Z     |
2026-09-09T20:38:13.5607954Z 141 |           impl $name {
2026-09-09T20:38:13.5608226Z     |           ---------- associated function in this implementation
2026-09-09T20:38:13.5608525Z ...
2026-09-09T20:38:13.5608759Z 155 |               pub(crate) fn from_core_id(id: ControlId) -> Self {
2026-09-09T20:38:13.5609083Z     |                             ^^^^^^^^^^^^
2026-09-09T20:38:13.5609332Z ...
2026-09-09T20:38:13.5609510Z 194 | / opaque_control_ref!(
2026-09-09T20:38:13.5609735Z 195 | |     EffectRef,
2026-09-09T20:38:13.5610072Z 196 | |     "Referencia a un efecto concreto; identificarlo no equivale a autorizarlo."
2026-09-09T20:38:13.5610456Z 197 | | );
2026-09-09T20:38:13.5610642Z     | |_- in this macro invocation
2026-09-09T20:38:13.5610866Z     |
2026-09-09T20:38:13.5611324Z     = note: this warning originates in the macro `opaque_control_ref` (in Nightly builds, run with -Z macro-backtrace for more info)
2026-09-09T20:38:13.5611797Z 
2026-09-09T20:38:13.5611942Z warning: associated function `from_core_id` is never used
2026-09-09T20:38:13.5612265Z    --> sv_core/src/control.rs:155:27
2026-09-09T20:38:13.5612502Z     |
2026-09-09T20:38:13.5612932Z 141 |           impl $name {
2026-09-09T20:38:13.5613271Z     |           ---------- associated function in this implementation
2026-09-09T20:38:13.5613575Z ...
2026-09-09T20:38:13.5613813Z 155 |               pub(crate) fn from_core_id(id: ControlId) -> Self {
2026-09-09T20:38:13.5614138Z     |                             ^^^^^^^^^^^^
2026-09-09T20:38:13.5614377Z ...
2026-09-09T20:38:13.5614553Z 198 | / opaque_control_ref!(
2026-09-09T20:38:13.5614775Z 199 | |     ContextRef,
2026-09-09T20:38:13.5615110Z 200 | |     "Referencia a una ligadura de contexto relevante para autoridad o forma."
2026-09-09T20:38:13.5615486Z 201 | | );
2026-09-09T20:38:13.5615676Z     | |_- in this macro invocation
2026-09-09T20:38:13.5615911Z     |
2026-09-09T20:38:13.5616500Z     = note: this warning originates in the macro `opaque_control_ref` (in Nightly builds, run with -Z macro-backtrace for more info)
2026-09-09T20:38:13.5616968Z 
2026-09-09T20:38:13.5617112Z warning: associated function `from_core_id` is never used
2026-09-09T20:38:13.5617432Z    --> sv_core/src/control.rs:155:27
2026-09-09T20:38:13.5617669Z     |
2026-09-09T20:38:13.5617840Z 141 |           impl $name {
2026-09-09T20:38:13.5618112Z     |           ---------- associated function in this implementation
2026-09-09T20:38:13.5618408Z ...
2026-09-09T20:38:13.5618639Z 155 |               pub(crate) fn from_core_id(id: ControlId) -> Self {
2026-09-09T20:38:13.5618962Z     |                             ^^^^^^^^^^^^
2026-09-09T20:38:13.5619203Z ...
2026-09-09T20:38:13.5619374Z 202 | / opaque_control_ref!(
2026-09-09T20:38:13.5619603Z 203 | |     AuthorityHolderRef,
2026-09-09T20:38:13.5620064Z 204 | |     "Referencia al titular de una autoridad; no constituye autoridad por sí misma."
2026-09-09T20:38:13.5620456Z 205 | | );
2026-09-09T20:38:13.5620786Z     | |_- in this macro invocation
2026-09-09T20:38:13.5621016Z     |
2026-09-09T20:38:13.5621466Z     = note: this warning originates in the macro `opaque_control_ref` (in Nightly builds, run with -Z macro-backtrace for more info)
2026-09-09T20:38:13.5621922Z 
2026-09-09T20:38:13.5622061Z warning: associated function `from_core_id` is never used
2026-09-09T20:38:13.5622385Z    --> sv_core/src/control.rs:155:27
2026-09-09T20:38:13.5622852Z     |
2026-09-09T20:38:13.5623028Z 141 |           impl $name {
2026-09-09T20:38:13.5623314Z     |           ---------- associated function in this implementation
2026-09-09T20:38:13.5623614Z ...
2026-09-09T20:38:13.5623850Z 155 |               pub(crate) fn from_core_id(id: ControlId) -> Self {
2026-09-09T20:38:13.5624171Z     |                             ^^^^^^^^^^^^
2026-09-09T20:38:13.5624419Z ...
2026-09-09T20:38:13.5624591Z 206 | / opaque_control_ref!(
2026-09-09T20:38:13.5624821Z 207 | |     GovernedObjectRef,
2026-09-09T20:38:13.5625181Z 208 | |     "Referencia a un objeto candidato a pertenecer al dominio gobernado D_a."
2026-09-09T20:38:13.5625569Z 209 | | );
2026-09-09T20:38:13.5625752Z     | |_- in this macro invocation
2026-09-09T20:38:13.5625982Z     |
2026-09-09T20:38:13.5626431Z     = note: this warning originates in the macro `opaque_control_ref` (in Nightly builds, run with -Z macro-backtrace for more info)
2026-09-09T20:38:13.5626884Z 
2026-09-09T20:38:13.5627029Z warning: associated function `from_core_id` is never used
2026-09-09T20:38:13.5627357Z    --> sv_core/src/control.rs:155:27
2026-09-09T20:38:13.5627594Z     |
2026-09-09T20:38:13.5627769Z 141 |           impl $name {
2026-09-09T20:38:13.5628042Z     |           ---------- associated function in this implementation
2026-09-09T20:38:13.5628344Z ...
2026-09-09T20:38:13.5628574Z 155 |               pub(crate) fn from_core_id(id: ControlId) -> Self {
2026-09-09T20:38:13.5628896Z     |                             ^^^^^^^^^^^^
2026-09-09T20:38:13.5629135Z ...
2026-09-09T20:38:13.5629316Z 210 | / opaque_control_ref!(
2026-09-09T20:38:13.5629551Z 211 | |     AccumulationRuleRef,
2026-09-09T20:38:13.5629998Z 212 | |     "Referencia a una regla gobernada de acumulación o a un predicado de traza."
2026-09-09T20:38:13.5630384Z 213 | | );
2026-09-09T20:38:13.5630565Z     | |_- in this macro invocation
2026-09-09T20:38:13.5630788Z     |
2026-09-09T20:38:13.5631234Z     = note: this warning originates in the macro `opaque_control_ref` (in Nightly builds, run with -Z macro-backtrace for more info)
2026-09-09T20:38:13.5631692Z 
2026-09-09T20:38:13.5631835Z warning: associated function `from_core_id` is never used
2026-09-09T20:38:13.5632154Z    --> sv_core/src/control.rs:155:27
2026-09-09T20:38:13.5632383Z     |
2026-09-09T20:38:13.5632759Z 141 |           impl $name {
2026-09-09T20:38:13.5633037Z     |           ---------- associated function in this implementation
2026-09-09T20:38:13.5633330Z ...
2026-09-09T20:38:13.5633702Z 155 |               pub(crate) fn from_core_id(id: ControlId) -> Self {
2026-09-09T20:38:13.5634047Z     |                             ^^^^^^^^^^^^
2026-09-09T20:38:13.5634288Z ...
2026-09-09T20:38:13.5634470Z 214 | / opaque_control_ref!(
2026-09-09T20:38:13.5634697Z 215 | |     RequirementRef,
2026-09-09T20:38:13.5635156Z 216 | |     "Referencia a una obligación de Req; identificarla no acredita su cumplimiento."
2026-09-09T20:38:13.5635568Z 217 | | );
2026-09-09T20:38:13.5635755Z     | |_- in this macro invocation
2026-09-09T20:38:13.5635986Z     |
2026-09-09T20:38:13.5636443Z     = note: this warning originates in the macro `opaque_control_ref` (in Nightly builds, run with -Z macro-backtrace for more info)
2026-09-09T20:38:13.5636911Z 
2026-09-09T20:38:13.5637051Z warning: associated function `from_core_id` is never used
2026-09-09T20:38:13.5637372Z    --> sv_core/src/control.rs:155:27
2026-09-09T20:38:13.5637612Z     |
2026-09-09T20:38:13.5637793Z 141 |           impl $name {
2026-09-09T20:38:13.5638074Z     |           ---------- associated function in this implementation
2026-09-09T20:38:13.5638534Z ...
2026-09-09T20:38:13.5638777Z 155 |               pub(crate) fn from_core_id(id: ControlId) -> Self {
2026-09-09T20:38:13.5639101Z     |                             ^^^^^^^^^^^^
2026-09-09T20:38:13.5639337Z ...
2026-09-09T20:38:13.5639513Z 218 | / opaque_control_ref!(
2026-09-09T20:38:13.5639735Z 219 | |     VerifierRef,
2026-09-09T20:38:13.5640117Z 220 | |     "Referencia a un verificador concreto; su mera existencia no acredita aplicabilidad."
2026-09-09T20:38:13.5640534Z 221 | | );
2026-09-09T20:38:13.5640730Z     | |_- in this macro invocation
2026-09-09T20:38:13.5640962Z     |
2026-09-09T20:38:13.5641417Z     = note: this warning originates in the macro `opaque_control_ref` (in Nightly builds, run with -Z macro-backtrace for more info)
2026-09-09T20:38:13.5641871Z 
2026-09-09T20:38:13.5642017Z warning: associated function `from_core_id` is never used
2026-09-09T20:38:13.5642332Z    --> sv_core/src/control.rs:155:27
2026-09-09T20:38:13.5642814Z     |
2026-09-09T20:38:13.5643111Z 141 |           impl $name {
2026-09-09T20:38:13.5643550Z     |           ---------- associated function in this implementation
2026-09-09T20:38:13.5643858Z ...
2026-09-09T20:38:13.5644097Z 155 |               pub(crate) fn from_core_id(id: ControlId) -> Self {
2026-09-09T20:38:13.5644430Z     |                             ^^^^^^^^^^^^
2026-09-09T20:38:13.5644668Z ...
2026-09-09T20:38:13.5644839Z 222 | / opaque_control_ref!(
2026-09-09T20:38:13.5645067Z 223 | |     VerifierFamilyRef,
2026-09-09T20:38:13.5645525Z 224 | |     "Referencia a una familia de verificadores admisibles para una obligación."
2026-09-09T20:38:13.5645904Z 225 | | );
2026-09-09T20:38:13.5646087Z     | |_- in this macro invocation
2026-09-09T20:38:13.5646315Z     |
2026-09-09T20:38:13.5646765Z     = note: this warning originates in the macro `opaque_control_ref` (in Nightly builds, run with -Z macro-backtrace for more info)
2026-09-09T20:38:13.5647220Z 
2026-09-09T20:38:13.5647368Z warning: associated function `from_core_id` is never used
2026-09-09T20:38:13.5647691Z    --> sv_core/src/control.rs:155:27
2026-09-09T20:38:13.5647921Z     |
2026-09-09T20:38:13.5648093Z 141 |           impl $name {
2026-09-09T20:38:13.5648367Z     |           ---------- associated function in this implementation
2026-09-09T20:38:13.5648663Z ...
2026-09-09T20:38:13.5648895Z 155 |               pub(crate) fn from_core_id(id: ControlId) -> Self {
2026-09-09T20:38:13.5649240Z     |                             ^^^^^^^^^^^^
2026-09-09T20:38:13.5649482Z ...
2026-09-09T20:38:13.5649655Z 226 | / opaque_control_ref!(
2026-09-09T20:38:13.5649897Z 227 | |     ApplicabilityRuleRef,
2026-09-09T20:38:13.5650378Z 228 | |     "Referencia a una regla previamente constituida de aplicabilidad de comprobación."
2026-09-09T20:38:13.5650784Z 229 | | );
2026-09-09T20:38:13.5650968Z     | |_- in this macro invocation
2026-09-09T20:38:13.5651197Z     |
2026-09-09T20:38:13.5651809Z     = note: this warning originates in the macro `opaque_control_ref` (in Nightly builds, run with -Z macro-backtrace for more info)
2026-09-09T20:38:13.5652282Z 
2026-09-09T20:38:13.5652422Z warning: associated function `from_core_id` is never used
2026-09-09T20:38:13.5653048Z    --> sv_core/src/control.rs:155:27
2026-09-09T20:38:13.5653293Z     |
2026-09-09T20:38:13.5653492Z 141 |           impl $name {
2026-09-09T20:38:13.5653786Z     |           ---------- associated function in this implementation
2026-09-09T20:38:13.5654096Z ...
2026-09-09T20:38:13.5654344Z 155 |               pub(crate) fn from_core_id(id: ControlId) -> Self {
2026-09-09T20:38:13.5654671Z     |                             ^^^^^^^^^^^^
2026-09-09T20:38:13.5654912Z ...
2026-09-09T20:38:13.5655097Z 230 | / opaque_control_ref!(
2026-09-09T20:38:13.5655347Z 231 | |     ConflictResolutionRuleRef,
2026-09-09T20:38:13.5655921Z 232 | |     "Referencia a una regla previamente constituida de resolución de conflicto entre comprobaciones."
2026-09-09T20:38:13.5656392Z 233 | | );
2026-09-09T20:38:13.5656623Z     | |_- in this macro invocation
2026-09-09T20:38:13.5657019Z     |
2026-09-09T20:38:13.5657478Z     = note: this warning originates in the macro `opaque_control_ref` (in Nightly builds, run with -Z macro-backtrace for more info)
2026-09-09T20:38:13.5657944Z 
2026-09-09T20:38:13.5658086Z warning: associated function `from_core_id` is never used
2026-09-09T20:38:13.5658409Z    --> sv_core/src/control.rs:155:27
2026-09-09T20:38:13.5658647Z     |
2026-09-09T20:38:13.5658830Z 141 |           impl $name {
2026-09-09T20:38:13.5659107Z     |           ---------- associated function in this implementation
2026-09-09T20:38:13.5659417Z ...
2026-09-09T20:38:13.5659655Z 155 |               pub(crate) fn from_core_id(id: ControlId) -> Self {
2026-09-09T20:38:13.5659977Z     |                             ^^^^^^^^^^^^
2026-09-09T20:38:13.5660219Z ...
2026-09-09T20:38:13.5660394Z 234 | / opaque_control_ref!(
2026-09-09T20:38:13.5660621Z 235 | |     CoverageRuleRef,
2026-09-09T20:38:13.5661034Z 236 | |     "Referencia a una regla previamente constituida de cobertura de comprobaciones exigibles."
2026-09-09T20:38:13.5661491Z 237 | | );
2026-09-09T20:38:13.5661692Z     | |_- in this macro invocation
2026-09-09T20:38:13.5661926Z     |
2026-09-09T20:38:13.5662407Z     = note: this warning originates in the macro `opaque_control_ref` (in Nightly builds, run with -Z macro-backtrace for more info)
2026-09-09T20:38:13.5663147Z 
2026-09-09T20:38:13.5663304Z warning: associated function `from_core_id` is never used
2026-09-09T20:38:13.5663633Z    --> sv_core/src/control.rs:155:27
2026-09-09T20:38:13.5663879Z     |
2026-09-09T20:38:13.5664057Z 141 |           impl $name {
2026-09-09T20:38:13.5664338Z     |           ---------- associated function in this implementation
2026-09-09T20:38:13.5664647Z ...
2026-09-09T20:38:13.5664890Z 155 |               pub(crate) fn from_core_id(id: ControlId) -> Self {
2026-09-09T20:38:13.5665219Z     |                             ^^^^^^^^^^^^
2026-09-09T20:38:13.5665469Z ...
2026-09-09T20:38:13.5665654Z 238 | / opaque_control_ref!(
2026-09-09T20:38:13.5665891Z 239 | |     ReuseRuleRef,
2026-09-09T20:38:13.5666405Z 240 | |     "Referencia a una regla previamente constituida de reutilización de resultados cualificados."
2026-09-09T20:38:13.5666860Z 241 | | );
2026-09-09T20:38:13.5667054Z     | |_- in this macro invocation
2026-09-09T20:38:13.5667285Z     |
2026-09-09T20:38:13.5667744Z     = note: this warning originates in the macro `opaque_control_ref` (in Nightly builds, run with -Z macro-backtrace for more info)
2026-09-09T20:38:13.5668210Z 
2026-09-09T20:38:13.5668348Z warning: associated function `from_core_id` is never used
2026-09-09T20:38:13.5668673Z    --> sv_core/src/control.rs:155:27
2026-09-09T20:38:13.5668917Z     |
2026-09-09T20:38:13.5669094Z 141 |           impl $name {
2026-09-09T20:38:13.5669370Z     |           ---------- associated function in this implementation
2026-09-09T20:38:13.5669669Z ...
2026-09-09T20:38:13.5669906Z 155 |               pub(crate) fn from_core_id(id: ControlId) -> Self {
2026-09-09T20:38:13.5670366Z     |                             ^^^^^^^^^^^^
2026-09-09T20:38:13.5670620Z ...
2026-09-09T20:38:13.5670793Z 242 | / opaque_control_ref!(
2026-09-09T20:38:13.5671022Z 243 | |     ReuseBindingKeyRef,
2026-09-09T20:38:13.5671589Z 244 | |     "Referencia a una dimensión constituida cuya continuidad puede ser exigible para reutilizar un resultado."
2026-09-09T20:38:13.5672098Z 245 | | );
2026-09-09T20:38:13.5672285Z     | |_- in this macro invocation
2026-09-09T20:38:13.5672514Z     |
2026-09-09T20:38:13.5673119Z     = note: this warning originates in the macro `opaque_control_ref` (in Nightly builds, run with -Z macro-backtrace for more info)
2026-09-09T20:38:13.5673575Z 
2026-09-09T20:38:13.5673718Z warning: associated function `from_core_id` is never used
2026-09-09T20:38:13.5674037Z    --> sv_core/src/control.rs:155:27
2026-09-09T20:38:13.5674273Z     |
2026-09-09T20:38:13.5674446Z 141 |           impl $name {
2026-09-09T20:38:13.5674718Z     |           ---------- associated function in this implementation
2026-09-09T20:38:13.5675164Z ...
2026-09-09T20:38:13.5675406Z 155 |               pub(crate) fn from_core_id(id: ControlId) -> Self {
2026-09-09T20:38:13.5675727Z     |                             ^^^^^^^^^^^^
2026-09-09T20:38:13.5675968Z ...
2026-09-09T20:38:13.5676140Z 246 | / opaque_control_ref!(
2026-09-09T20:38:13.5676375Z 247 | |     ReuseBindingValueRef,
2026-09-09T20:38:13.5676951Z 248 | |     "Referencia al valor constituido de una dimensión de reutilización; identificarlo no acredita su vigencia."
2026-09-09T20:38:13.5677447Z 249 | | );
2026-09-09T20:38:13.5677634Z     | |_- in this macro invocation
2026-09-09T20:38:13.5677862Z     |
2026-09-09T20:38:13.5678313Z     = note: this warning originates in the macro `opaque_control_ref` (in Nightly builds, run with -Z macro-backtrace for more info)
2026-09-09T20:38:13.5678776Z 
2026-09-09T20:38:13.5678893Z warning: function `compile_svp` is never used
2026-09-09T20:38:13.5679182Z    --> sv_core/src/frontend.rs:803:8
2026-09-09T20:38:13.5679418Z     |
2026-09-09T20:38:13.5679770Z 803 | pub fn compile_svp(source: &str, source_file: &str) -> Result<IrProgram, FrontendError> {
2026-09-09T20:38:13.5680191Z     |        ^^^^^^^^^^^
2026-09-09T20:38:13.5680326Z 
2026-09-09T20:38:13.5680471Z warning: function `compile_svp_with_profile` is never used
2026-09-09T20:38:13.5680796Z    --> sv_core/src/frontend.rs:807:8
2026-09-09T20:38:13.5681029Z     |
2026-09-09T20:38:13.5681220Z 807 | pub fn compile_svp_with_profile(
2026-09-09T20:38:13.5681477Z     |        ^^^^^^^^^^^^^^^^^^^^^^^^
2026-09-09T20:38:13.5681629Z 
2026-09-09T20:38:13.5681746Z warning: constant `PROFILE_ID` is never used
2026-09-09T20:38:13.5682044Z  --> sv_core/src/identifier_profile.rs:6:18
2026-09-09T20:38:13.5682301Z   |
2026-09-09T20:38:13.5682707Z 6 | pub(crate) const PROFILE_ID: &str = "svp-grammar-0.2-lex-es-1";
2026-09-09T20:38:13.5683058Z   |                  ^^^^^^^^^^
2026-09-09T20:38:13.5683206Z 
2026-09-09T20:38:13.5683329Z warning: function `is_reserved_word` is never used
2026-09-09T20:38:13.5683652Z   --> sv_core/src/identifier_profile.rs:22:15
2026-09-09T20:38:13.5683917Z    |
2026-09-09T20:38:13.5684143Z 22 | pub(crate) fn is_reserved_word(word: &str) -> bool {
2026-09-09T20:38:13.5684448Z    |               ^^^^^^^^^^^^^^^^
2026-09-09T20:38:13.5684614Z 
2026-09-09T20:38:13.5684744Z warning: method `matches_descriptor` is never used
2026-09-09T20:38:13.5685070Z    --> sv_core/src/requirements_reuse.rs:121:19
2026-09-09T20:38:13.5685338Z     |
2026-09-09T20:38:13.5685516Z  44 | impl ReuseRule {
2026-09-09T20:38:13.5685759Z     | -------------- method in this implementation
2026-09-09T20:38:13.5686022Z ...
2026-09-09T20:38:13.5686365Z 121 |     pub(crate) fn matches_descriptor(&self, descriptor: &RequirementDescriptor) -> bool {
2026-09-09T20:38:13.5686801Z     |                   ^^^^^^^^^^^^^^^^^^
2026-09-09T20:38:13.5686972Z 
2026-09-09T20:38:13.5687136Z warning: hiding a lifetime that's elided elsewhere is confusing
2026-09-09T20:38:13.5687483Z     --> sv_core/src/frontend.rs:2161:13
2026-09-09T20:38:13.5687858Z      |
2026-09-09T20:38:13.5688052Z 2161 |     fn peek(&self) -> &Token {
2026-09-09T20:38:13.5688296Z      |             ^^^^^     ^^^^^^
2026-09-09T20:38:13.5688523Z      |             |         ||
2026-09-09T20:38:13.5688780Z      |             |         |the same lifetime is hidden here
2026-09-09T20:38:13.5689103Z      |             |         the same lifetime is elided here
2026-09-09T20:38:13.5689410Z      |             the lifetime is elided here
2026-09-09T20:38:13.5689665Z      |
2026-09-09T20:38:13.5690019Z      = help: the same lifetime is referred to in inconsistent ways, making the signature confusing
2026-09-09T20:38:13.5690516Z      = note: `#[warn(mismatched_lifetime_syntaxes)]` on by default
2026-09-09T20:38:13.5690844Z help: use `'_` for type paths
2026-09-09T20:38:13.5691067Z      |
2026-09-09T20:38:13.5691261Z 2161 |     fn peek(&self) -> &Token<'_> {
2026-09-09T20:38:13.5691522Z      |                             ++++
2026-09-09T20:38:13.5691686Z 
2026-09-09T20:38:13.5692094Z warning: `sv_core` (lib) generated 27 warnings (run `cargo fix --lib -p sv_core` to apply 1 suggestion)
2026-09-09T20:38:13.5693079Z    Compiling sv_core v0.1.0 (/home/runner/work/SV-lenguaje-de-computacion/SV-lenguaje-de-computacion/rust/sv_core)
2026-09-09T20:38:13.6409148Z warning: function `check_witness` is never used
2026-09-09T20:38:13.6410498Z   --> sv_core/examples/../../../tests/row7_gh/probe.rs:59:8
2026-09-09T20:38:13.6411508Z    |
2026-09-09T20:38:13.6412216Z 59 | pub fn check_witness(witness: &str) -> Result<(), String> {
2026-09-09T20:38:13.6413392Z    |        ^^^^^^^^^^^^^
2026-09-09T20:38:13.6413946Z    |
2026-09-09T20:38:13.6414639Z    = note: `#[warn(dead_code)]` (part of `#[warn(unused)]`) on by default
2026-09-09T20:38:13.6415383Z 
2026-09-09T20:38:14.0877977Z warning: `sv_core` (example "gh_binding_probe") generated 1 warning
2026-09-09T20:38:14.0878527Z     Finished `release` profile [optimized] target(s) in 0.54s
2026-09-09T20:38:14.1073204Z warning: associated function `from_core_id` is never used
2026-09-09T20:38:14.1073960Z    --> sv_core/src/control.rs:155:27
2026-09-09T20:38:14.1074367Z     |
2026-09-09T20:38:14.1074629Z 141 |           impl $name {
2026-09-09T20:38:14.1075062Z     |           ---------- associated function in this implementation
2026-09-09T20:38:14.1075519Z ...
2026-09-09T20:38:14.1075872Z 155 |               pub(crate) fn from_core_id(id: ControlId) -> Self {
2026-09-09T20:38:14.1076359Z     |                             ^^^^^^^^^^^^
2026-09-09T20:38:14.1076717Z ...
2026-09-09T20:38:14.1076972Z 162 | / opaque_control_ref!(
2026-09-09T20:38:14.1077327Z 163 | |     InformationRef,
2026-09-09T20:38:14.1078089Z 164 | |     "Referencia nominal a información dentro del dominio de control."
2026-09-09T20:38:14.1078646Z 165 | | );
2026-09-09T20:38:14.1078926Z     | |_- in this macro invocation
2026-09-09T20:38:14.1079266Z     |
2026-09-09T20:38:14.1079638Z     = note: `#[warn(dead_code)]` (part of `#[warn(unused)]`) on by default
2026-09-09T20:38:14.1080623Z     = note: this warning originates in the macro `opaque_control_ref` (in Nightly builds, run with -Z macro-backtrace for more info)
2026-09-09T20:38:14.1081335Z 
2026-09-09T20:38:14.1081548Z warning: associated function `from_core_id` is never used
2026-09-09T20:38:14.1082026Z    --> sv_core/src/control.rs:155:27
2026-09-09T20:38:14.1082380Z     |
2026-09-09T20:38:14.1082947Z 141 |           impl $name {
2026-09-09T20:38:14.1083584Z     |           ---------- associated function in this implementation
2026-09-09T20:38:14.1084388Z ...
2026-09-09T20:38:14.1084911Z 155 |               pub(crate) fn from_core_id(id: ControlId) -> Self {
2026-09-09T20:38:14.1085609Z     |                             ^^^^^^^^^^^^
2026-09-09T20:38:14.1086035Z ...
2026-09-09T20:38:14.1086339Z 166 | / opaque_control_ref!(
2026-09-09T20:38:14.1086743Z 167 | |     AdmittedEvidenceRef,
2026-09-09T20:38:14.1087650Z 168 | |     "Referencia a evidencia cuya admisión debe proceder de una verificación gobernada."
2026-09-09T20:38:14.1088528Z 169 | | );
2026-09-09T20:38:14.1088752Z     | |_- in this macro invocation
2026-09-09T20:38:14.1089004Z     |
2026-09-09T20:38:14.1089511Z     = note: this warning originates in the macro `opaque_control_ref` (in Nightly builds, run with -Z macro-backtrace for more info)
2026-09-09T20:38:14.1090081Z 
2026-09-09T20:38:14.1090458Z warning: associated function `from_core_id` is never used
2026-09-09T20:38:14.1091044Z    --> sv_core/src/control.rs:155:27
2026-09-09T20:38:14.1105027Z     |
2026-09-09T20:38:14.1105388Z 141 |           impl $name {
2026-09-09T20:38:14.1105884Z     |           ---------- associated function in this implementation
2026-09-09T20:38:14.1106472Z ...
2026-09-09T20:38:14.1106892Z 155 |               pub(crate) fn from_core_id(id: ControlId) -> Self {
2026-09-09T20:38:14.1107464Z     |                             ^^^^^^^^^^^^
2026-09-09T20:38:14.1107894Z ...
2026-09-09T20:38:14.1108205Z 170 | / opaque_control_ref!(
2026-09-09T20:38:14.1108620Z 171 | |     ConstitutedFactRef,
2026-09-09T20:38:14.1109772Z 172 | |     "Referencia a un hecho semántico constituido; no equivale a autoridad."
2026-09-09T20:38:14.1110441Z 173 | | );
2026-09-09T20:38:14.1110772Z     | |_- in this macro invocation
2026-09-09T20:38:14.1111181Z     |
2026-09-09T20:38:14.1111685Z     = note: this warning originates in the macro `opaque_control_ref` (in Nightly builds, run with -Z macro-backtrace for more info)
2026-09-09T20:38:14.1112169Z 
2026-09-09T20:38:14.1112320Z warning: associated function `from_core_id` is never used
2026-09-09T20:38:14.1112923Z    --> sv_core/src/control.rs:155:27
2026-09-09T20:38:14.1113181Z     |
2026-09-09T20:38:14.1113371Z 141 |           impl $name {
2026-09-09T20:38:14.1113671Z     |           ---------- associated function in this implementation
2026-09-09T20:38:14.1113997Z ...
2026-09-09T20:38:14.1114255Z 155 |               pub(crate) fn from_core_id(id: ControlId) -> Self {
2026-09-09T20:38:14.1114595Z     |                             ^^^^^^^^^^^^
2026-09-09T20:38:14.1114846Z ...
2026-09-09T20:38:14.1115051Z 174 | / opaque_control_ref!(
2026-09-09T20:38:14.1115287Z 175 | |     AuthorityRef,
2026-09-09T20:38:14.1115794Z 176 | |     "Referencia a autoridad constituida; su constructor no forma parte de la API pública."
2026-09-09T20:38:14.1116235Z 177 | | );
2026-09-09T20:38:14.1116430Z     | |_- in this macro invocation
2026-09-09T20:38:14.1116672Z     |
2026-09-09T20:38:14.1117148Z     = note: this warning originates in the macro `opaque_control_ref` (in Nightly builds, run with -Z macro-backtrace for more info)
2026-09-09T20:38:14.1117618Z 
2026-09-09T20:38:14.1117769Z warning: associated function `from_core_id` is never used
2026-09-09T20:38:14.1118103Z    --> sv_core/src/control.rs:155:27
2026-09-09T20:38:14.1118348Z     |
2026-09-09T20:38:14.1118530Z 141 |           impl $name {
2026-09-09T20:38:14.1118815Z     |           ---------- associated function in this implementation
2026-09-09T20:38:14.1119123Z ...
2026-09-09T20:38:14.1119383Z 155 |               pub(crate) fn from_core_id(id: ControlId) -> Self {
2026-09-09T20:38:14.1119728Z     |                             ^^^^^^^^^^^^
2026-09-09T20:38:14.1119981Z ...
2026-09-09T20:38:14.1120170Z 178 | / opaque_control_ref!(
2026-09-09T20:38:14.1120406Z 179 | |     EnablementRef,
2026-09-09T20:38:14.1120878Z 180 | |     "Referencia a una habilitación de autoridad ya existente; no amplía autoridad."
2026-09-09T20:38:14.1121291Z 181 | | );
2026-09-09T20:38:14.1121486Z     | |_- in this macro invocation
2026-09-09T20:38:14.1121719Z     |
2026-09-09T20:38:14.1122186Z     = note: this warning originates in the macro `opaque_control_ref` (in Nightly builds, run with -Z macro-backtrace for more info)
2026-09-09T20:38:14.1122863Z 
2026-09-09T20:38:14.1123011Z warning: associated function `from_core_id` is never used
2026-09-09T20:38:14.1123353Z    --> sv_core/src/control.rs:155:27
2026-09-09T20:38:14.1123606Z     |
2026-09-09T20:38:14.1123789Z 141 |           impl $name {
2026-09-09T20:38:14.1124253Z     |           ---------- associated function in this implementation
2026-09-09T20:38:14.1124578Z ...
2026-09-09T20:38:14.1124824Z 155 |               pub(crate) fn from_core_id(id: ControlId) -> Self {
2026-09-09T20:38:14.1125157Z     |                             ^^^^^^^^^^^^
2026-09-09T20:38:14.1125406Z ...
2026-09-09T20:38:14.1125588Z 186 | / opaque_control_ref!(
2026-09-09T20:38:14.1125809Z 187 | |     FormRef,
2026-09-09T20:38:14.1126156Z 188 | |     "Referencia a una forma de transición constituida."
2026-09-09T20:38:14.1126472Z 189 | | );
2026-09-09T20:38:14.1126667Z     | |_- in this macro invocation
2026-09-09T20:38:14.1126897Z     |
2026-09-09T20:38:14.1127358Z     = note: this warning originates in the macro `opaque_control_ref` (in Nightly builds, run with -Z macro-backtrace for more info)
2026-09-09T20:38:14.1127827Z 
2026-09-09T20:38:14.1127978Z warning: associated function `from_core_id` is never used
2026-09-09T20:38:14.1128299Z    --> sv_core/src/control.rs:155:27
2026-09-09T20:38:14.1128534Z     |
2026-09-09T20:38:14.1128716Z 141 |           impl $name {
2026-09-09T20:38:14.1129143Z     |           ---------- associated function in this implementation
2026-09-09T20:38:14.1129455Z ...
2026-09-09T20:38:14.1129694Z 155 |               pub(crate) fn from_core_id(id: ControlId) -> Self {
2026-09-09T20:38:14.1130036Z     |                             ^^^^^^^^^^^^
2026-09-09T20:38:14.1130287Z ...
2026-09-09T20:38:14.1130465Z 190 | / opaque_control_ref!(
2026-09-09T20:38:14.1130696Z 191 | |     EffectFamilyRef,
2026-09-09T20:38:14.1131092Z 192 | |     "Referencia a una familia de efectos fijada por constitución."
2026-09-09T20:38:14.1131448Z 193 | | );
2026-09-09T20:38:14.1131640Z     | |_- in this macro invocation
2026-09-09T20:38:14.1131876Z     |
2026-09-09T20:38:14.1132337Z     = note: this warning originates in the macro `opaque_control_ref` (in Nightly builds, run with -Z macro-backtrace for more info)
2026-09-09T20:38:14.1133053Z 
2026-09-09T20:38:14.1133215Z warning: associated function `from_core_id` is never used
2026-09-09T20:38:14.1133556Z    --> sv_core/src/control.rs:155:27
2026-09-09T20:38:14.1133807Z     |
2026-09-09T20:38:14.1133994Z 141 |           impl $name {
2026-09-09T20:38:14.1134282Z     |           ---------- associated function in this implementation
2026-09-09T20:38:14.1134588Z ...
2026-09-09T20:38:14.1134825Z 155 |               pub(crate) fn from_core_id(id: ControlId) -> Self {
2026-09-09T20:38:14.1135152Z     |                             ^^^^^^^^^^^^
2026-09-09T20:38:14.1135399Z ...
2026-09-09T20:38:14.1135589Z 194 | / opaque_control_ref!(
2026-09-09T20:38:14.1135809Z 195 | |     EffectRef,
2026-09-09T20:38:14.1136152Z 196 | |     "Referencia a un efecto concreto; identificarlo no equivale a autorizarlo."
2026-09-09T20:38:14.1136543Z 197 | | );
2026-09-09T20:38:14.1136733Z     | |_- in this macro invocation
2026-09-09T20:38:14.1136965Z     |
2026-09-09T20:38:14.1137430Z     = note: this warning originates in the macro `opaque_control_ref` (in Nightly builds, run with -Z macro-backtrace for more info)
2026-09-09T20:38:14.1137895Z 
2026-09-09T20:38:14.1138045Z warning: associated function `from_core_id` is never used
2026-09-09T20:38:14.1138372Z    --> sv_core/src/control.rs:155:27
2026-09-09T20:38:14.1138612Z     |
2026-09-09T20:38:14.1138795Z 141 |           impl $name {
2026-09-09T20:38:14.1139070Z     |           ---------- associated function in this implementation
2026-09-09T20:38:14.1139370Z ...
2026-09-09T20:38:14.1139608Z 155 |               pub(crate) fn from_core_id(id: ControlId) -> Self {
2026-09-09T20:38:14.1139935Z     |                             ^^^^^^^^^^^^
2026-09-09T20:38:14.1140179Z ...
2026-09-09T20:38:14.1140361Z 198 | / opaque_control_ref!(
2026-09-09T20:38:14.1140581Z 199 | |     ContextRef,
2026-09-09T20:38:14.1140915Z 200 | |     "Referencia a una ligadura de contexto relevante para autoridad o forma."
2026-09-09T20:38:14.1141294Z 201 | | );
2026-09-09T20:38:14.1141481Z     | |_- in this macro invocation
2026-09-09T20:38:14.1141705Z     |
2026-09-09T20:38:14.1142308Z     = note: this warning originates in the macro `opaque_control_ref` (in Nightly builds, run with -Z macro-backtrace for more info)
2026-09-09T20:38:14.1143014Z 
2026-09-09T20:38:14.1143169Z warning: associated function `from_core_id` is never used
2026-09-09T20:38:14.1143489Z    --> sv_core/src/control.rs:155:27
2026-09-09T20:38:14.1143733Z     |
2026-09-09T20:38:14.1143907Z 141 |           impl $name {
2026-09-09T20:38:14.1144184Z     |           ---------- associated function in this implementation
2026-09-09T20:38:14.1144486Z ...
2026-09-09T20:38:14.1144727Z 155 |               pub(crate) fn from_core_id(id: ControlId) -> Self {
2026-09-09T20:38:14.1145054Z     |                             ^^^^^^^^^^^^
2026-09-09T20:38:14.1145300Z ...
2026-09-09T20:38:14.1145475Z 202 | / opaque_control_ref!(
2026-09-09T20:38:14.1145708Z 203 | |     AuthorityHolderRef,
2026-09-09T20:38:14.1146183Z 204 | |     "Referencia al titular de una autoridad; no constituye autoridad por sí misma."
2026-09-09T20:38:14.1146580Z 205 | | );
2026-09-09T20:38:14.1146790Z     | |_- in this macro invocation
2026-09-09T20:38:14.1147188Z     |
2026-09-09T20:38:14.1147650Z     = note: this warning originates in the macro `opaque_control_ref` (in Nightly builds, run with -Z macro-backtrace for more info)
2026-09-09T20:38:14.1148104Z 
2026-09-09T20:38:14.1148252Z warning: associated function `from_core_id` is never used
2026-09-09T20:38:14.1148577Z    --> sv_core/src/control.rs:155:27
2026-09-09T20:38:14.1148815Z     |
2026-09-09T20:38:14.1149000Z 141 |           impl $name {
2026-09-09T20:38:14.1149275Z     |           ---------- associated function in this implementation
2026-09-09T20:38:14.1149580Z ...
2026-09-09T20:38:14.1149823Z 155 |               pub(crate) fn from_core_id(id: ControlId) -> Self {
2026-09-09T20:38:14.1150145Z     |                             ^^^^^^^^^^^^
2026-09-09T20:38:14.1150386Z ...
2026-09-09T20:38:14.1150566Z 206 | / opaque_control_ref!(
2026-09-09T20:38:14.1150803Z 207 | |     GovernedObjectRef,
2026-09-09T20:38:14.1151163Z 208 | |     "Referencia a un objeto candidato a pertenecer al dominio gobernado D_a."
2026-09-09T20:38:14.1151546Z 209 | | );
2026-09-09T20:38:14.1151733Z     | |_- in this macro invocation
2026-09-09T20:38:14.1151958Z     |
2026-09-09T20:38:14.1152410Z     = note: this warning originates in the macro `opaque_control_ref` (in Nightly builds, run with -Z macro-backtrace for more info)
2026-09-09T20:38:14.1153105Z 
2026-09-09T20:38:14.1153251Z warning: associated function `from_core_id` is never used
2026-09-09T20:38:14.1153570Z    --> sv_core/src/control.rs:155:27
2026-09-09T20:38:14.1153802Z     |
2026-09-09T20:38:14.1153974Z 141 |           impl $name {
2026-09-09T20:38:14.1154245Z     |           ---------- associated function in this implementation
2026-09-09T20:38:14.1154544Z ...
2026-09-09T20:38:14.1154773Z 155 |               pub(crate) fn from_core_id(id: ControlId) -> Self {
2026-09-09T20:38:14.1155094Z     |                             ^^^^^^^^^^^^
2026-09-09T20:38:14.1155331Z ...
2026-09-09T20:38:14.1155513Z 210 | / opaque_control_ref!(
2026-09-09T20:38:14.1155799Z 211 | |     AccumulationRuleRef,
2026-09-09T20:38:14.1156259Z 212 | |     "Referencia a una regla gobernada de acumulación o a un predicado de traza."
2026-09-09T20:38:14.1156643Z 213 | | );
2026-09-09T20:38:14.1156830Z     | |_- in this macro invocation
2026-09-09T20:38:14.1157058Z     |
2026-09-09T20:38:14.1157509Z     = note: this warning originates in the macro `opaque_control_ref` (in Nightly builds, run with -Z macro-backtrace for more info)
2026-09-09T20:38:14.1157965Z 
2026-09-09T20:38:14.1158103Z warning: associated function `from_core_id` is never used
2026-09-09T20:38:14.1158421Z    --> sv_core/src/control.rs:155:27
2026-09-09T20:38:14.1158658Z     |
2026-09-09T20:38:14.1158841Z 141 |           impl $name {
2026-09-09T20:38:14.1159115Z     |           ---------- associated function in this implementation
2026-09-09T20:38:14.1159418Z ...
2026-09-09T20:38:14.1159650Z 155 |               pub(crate) fn from_core_id(id: ControlId) -> Self {
2026-09-09T20:38:14.1160129Z     |                             ^^^^^^^^^^^^
2026-09-09T20:38:14.1160385Z ...
2026-09-09T20:38:14.1160560Z 214 | / opaque_control_ref!(
2026-09-09T20:38:14.1160786Z 215 | |     RequirementRef,
2026-09-09T20:38:14.1161241Z 216 | |     "Referencia a una obligación de Req; identificarla no acredita su cumplimiento."
2026-09-09T20:38:14.1161656Z 217 | | );
2026-09-09T20:38:14.1161855Z     | |_- in this macro invocation
2026-09-09T20:38:14.1162087Z     |
2026-09-09T20:38:14.1162772Z     = note: this warning originates in the macro `opaque_control_ref` (in Nightly builds, run with -Z macro-backtrace for more info)
2026-09-09T20:38:14.1163244Z 
2026-09-09T20:38:14.1163392Z warning: associated function `from_core_id` is never used
2026-09-09T20:38:14.1163716Z    --> sv_core/src/control.rs:155:27
2026-09-09T20:38:14.1163955Z     |
2026-09-09T20:38:14.1164132Z 141 |           impl $name {
2026-09-09T20:38:14.1164409Z     |           ---------- associated function in this implementation
2026-09-09T20:38:14.1164720Z ...
2026-09-09T20:38:14.1165110Z 155 |               pub(crate) fn from_core_id(id: ControlId) -> Self {
2026-09-09T20:38:14.1165436Z     |                             ^^^^^^^^^^^^
2026-09-09T20:38:14.1165674Z ...
2026-09-09T20:38:14.1165848Z 218 | / opaque_control_ref!(
2026-09-09T20:38:14.1166073Z 219 | |     VerifierRef,
2026-09-09T20:38:14.1166455Z 220 | |     "Referencia a un verificador concreto; su mera existencia no acredita aplicabilidad."
2026-09-09T20:38:14.1166872Z 221 | | );
2026-09-09T20:38:14.1167057Z     | |_- in this macro invocation
2026-09-09T20:38:14.1167285Z     |
2026-09-09T20:38:14.1167734Z     = note: this warning originates in the macro `opaque_control_ref` (in Nightly builds, run with -Z macro-backtrace for more info)
2026-09-09T20:38:14.1168193Z 
2026-09-09T20:38:14.1168337Z warning: associated function `from_core_id` is never used
2026-09-09T20:38:14.1168652Z    --> sv_core/src/control.rs:155:27
2026-09-09T20:38:14.1168885Z     |
2026-09-09T20:38:14.1169061Z 141 |           impl $name {
2026-09-09T20:38:14.1169336Z     |           ---------- associated function in this implementation
2026-09-09T20:38:14.1169633Z ...
2026-09-09T20:38:14.1169868Z 155 |               pub(crate) fn from_core_id(id: ControlId) -> Self {
2026-09-09T20:38:14.1170192Z     |                             ^^^^^^^^^^^^
2026-09-09T20:38:14.1170434Z ...
2026-09-09T20:38:14.1170610Z 222 | / opaque_control_ref!(
2026-09-09T20:38:14.1170848Z 223 | |     VerifierFamilyRef,
2026-09-09T20:38:14.1171309Z 224 | |     "Referencia a una familia de verificadores admisibles para una obligación."
2026-09-09T20:38:14.1171697Z 225 | | );
2026-09-09T20:38:14.1171886Z     | |_- in this macro invocation
2026-09-09T20:38:14.1172117Z     |
2026-09-09T20:38:14.1172819Z     = note: this warning originates in the macro `opaque_control_ref` (in Nightly builds, run with -Z macro-backtrace for more info)
2026-09-09T20:38:14.1173296Z 
2026-09-09T20:38:14.1173435Z warning: associated function `from_core_id` is never used
2026-09-09T20:38:14.1173761Z    --> sv_core/src/control.rs:155:27
2026-09-09T20:38:14.1174005Z     |
2026-09-09T20:38:14.1174176Z 141 |           impl $name {
2026-09-09T20:38:14.1174445Z     |           ---------- associated function in this implementation
2026-09-09T20:38:14.1174763Z ...
2026-09-09T20:38:14.1174999Z 155 |               pub(crate) fn from_core_id(id: ControlId) -> Self {
2026-09-09T20:38:14.1175320Z     |                             ^^^^^^^^^^^^
2026-09-09T20:38:14.1175564Z ...
2026-09-09T20:38:14.1175745Z 226 | / opaque_control_ref!(
2026-09-09T20:38:14.1175984Z 227 | |     ApplicabilityRuleRef,
2026-09-09T20:38:14.1176468Z 228 | |     "Referencia a una regla previamente constituida de aplicabilidad de comprobación."
2026-09-09T20:38:14.1176880Z 229 | | );
2026-09-09T20:38:14.1177067Z     | |_- in this macro invocation
2026-09-09T20:38:14.1177299Z     |
2026-09-09T20:38:14.1177764Z     = note: this warning originates in the macro `opaque_control_ref` (in Nightly builds, run with -Z macro-backtrace for more info)
2026-09-09T20:38:14.1178370Z 
2026-09-09T20:38:14.1178518Z warning: associated function `from_core_id` is never used
2026-09-09T20:38:14.1178834Z    --> sv_core/src/control.rs:155:27
2026-09-09T20:38:14.1179072Z     |
2026-09-09T20:38:14.1179241Z 141 |           impl $name {
2026-09-09T20:38:14.1179511Z     |           ---------- associated function in this implementation
2026-09-09T20:38:14.1179808Z ...
2026-09-09T20:38:14.1180038Z 155 |               pub(crate) fn from_core_id(id: ControlId) -> Self {
2026-09-09T20:38:14.1180361Z     |                             ^^^^^^^^^^^^
2026-09-09T20:38:14.1180606Z ...
2026-09-09T20:38:14.1180779Z 230 | / opaque_control_ref!(
2026-09-09T20:38:14.1181015Z 231 | |     ConflictResolutionRuleRef,
2026-09-09T20:38:14.1181566Z 232 | |     "Referencia a una regla previamente constituida de resolución de conflicto entre comprobaciones."
2026-09-09T20:38:14.1182033Z 233 | | );
2026-09-09T20:38:14.1182216Z     | |_- in this macro invocation
2026-09-09T20:38:14.1182442Z     |
2026-09-09T20:38:14.1183350Z     = note: this warning originates in the macro `opaque_control_ref` (in Nightly builds, run with -Z macro-backtrace for more info)
2026-09-09T20:38:14.1183826Z 
2026-09-09T20:38:14.1183971Z warning: associated function `from_core_id` is never used
2026-09-09T20:38:14.1184301Z    --> sv_core/src/control.rs:155:27
2026-09-09T20:38:14.1184548Z     |
2026-09-09T20:38:14.1184727Z 141 |           impl $name {
2026-09-09T20:38:14.1185011Z     |           ---------- associated function in this implementation
2026-09-09T20:38:14.1185323Z ...
2026-09-09T20:38:14.1185567Z 155 |               pub(crate) fn from_core_id(id: ControlId) -> Self {
2026-09-09T20:38:14.1185900Z     |                             ^^^^^^^^^^^^
2026-09-09T20:38:14.1186150Z ...
2026-09-09T20:38:14.1186327Z 234 | / opaque_control_ref!(
2026-09-09T20:38:14.1186555Z 235 | |     CoverageRuleRef,
2026-09-09T20:38:14.1186968Z 236 | |     "Referencia a una regla previamente constituida de cobertura de comprobaciones exigibles."
2026-09-09T20:38:14.1187437Z 237 | | );
2026-09-09T20:38:14.1187626Z     | |_- in this macro invocation
2026-09-09T20:38:14.1187858Z     |
2026-09-09T20:38:14.1188319Z     = note: this warning originates in the macro `opaque_control_ref` (in Nightly builds, run with -Z macro-backtrace for more info)
2026-09-09T20:38:14.1188776Z 
2026-09-09T20:38:14.1188927Z warning: associated function `from_core_id` is never used
2026-09-09T20:38:14.1189252Z    --> sv_core/src/control.rs:155:27
2026-09-09T20:38:14.1189490Z     |
2026-09-09T20:38:14.1189668Z 141 |           impl $name {
2026-09-09T20:38:14.1189945Z     |           ---------- associated function in this implementation
2026-09-09T20:38:14.1190250Z ...
2026-09-09T20:38:14.1190495Z 155 |               pub(crate) fn from_core_id(id: ControlId) -> Self {
2026-09-09T20:38:14.1190824Z     |                             ^^^^^^^^^^^^
2026-09-09T20:38:14.1191073Z ...
2026-09-09T20:38:14.1191248Z 238 | / opaque_control_ref!(
2026-09-09T20:38:14.1191479Z 239 | |     ReuseRuleRef,
2026-09-09T20:38:14.1191998Z 240 | |     "Referencia a una regla previamente constituida de reutilización de resultados cualificados."
2026-09-09T20:38:14.1192448Z 241 | | );
2026-09-09T20:38:14.1192901Z     | |_- in this macro invocation
2026-09-09T20:38:14.1193136Z     |
2026-09-09T20:38:14.1193595Z     = note: this warning originates in the macro `opaque_control_ref` (in Nightly builds, run with -Z macro-backtrace for more info)
2026-09-09T20:38:14.1194064Z 
2026-09-09T20:38:14.1194208Z warning: associated function `from_core_id` is never used
2026-09-09T20:38:14.1194523Z    --> sv_core/src/control.rs:155:27
2026-09-09T20:38:14.1194760Z     |
2026-09-09T20:38:14.1194932Z 141 |           impl $name {
2026-09-09T20:38:14.1195209Z     |           ---------- associated function in this implementation
2026-09-09T20:38:14.1195509Z ...
2026-09-09T20:38:14.1195745Z 155 |               pub(crate) fn from_core_id(id: ControlId) -> Self {
2026-09-09T20:38:14.1196290Z     |                             ^^^^^^^^^^^^
2026-09-09T20:38:14.1196545Z ...
2026-09-09T20:38:14.1196722Z 242 | / opaque_control_ref!(
2026-09-09T20:38:14.1196958Z 243 | |     ReuseBindingKeyRef,
2026-09-09T20:38:14.1197544Z 244 | |     "Referencia a una dimensión constituida cuya continuidad puede ser exigible para reutilizar un resultado."
2026-09-09T20:38:14.1198049Z 245 | | );
2026-09-09T20:38:14.1198234Z     | |_- in this macro invocation
2026-09-09T20:38:14.1198458Z     |
2026-09-09T20:38:14.1198941Z     = note: this warning originates in the macro `opaque_control_ref` (in Nightly builds, run with -Z macro-backtrace for more info)
2026-09-09T20:38:14.1199403Z 
2026-09-09T20:38:14.1199548Z warning: associated function `from_core_id` is never used
2026-09-09T20:38:14.1199869Z    --> sv_core/src/control.rs:155:27
2026-09-09T20:38:14.1200102Z     |
2026-09-09T20:38:14.1200278Z 141 |           impl $name {
2026-09-09T20:38:14.1200550Z     |           ---------- associated function in this implementation
2026-09-09T20:38:14.1200853Z ...
2026-09-09T20:38:14.1201226Z 155 |               pub(crate) fn from_core_id(id: ControlId) -> Self {
2026-09-09T20:38:14.1201558Z     |                             ^^^^^^^^^^^^
2026-09-09T20:38:14.1201807Z ...
2026-09-09T20:38:14.1201981Z 246 | / opaque_control_ref!(
2026-09-09T20:38:14.1202224Z 247 | |     ReuseBindingValueRef,
2026-09-09T20:38:14.1202952Z 248 | |     "Referencia al valor constituido de una dimensión de reutilización; identificarlo no acredita su vigencia."
2026-09-09T20:38:14.1203444Z 249 | | );
2026-09-09T20:38:14.1203633Z     | |_- in this macro invocation
2026-09-09T20:38:14.1203864Z     |
2026-09-09T20:38:14.1204319Z     = note: this warning originates in the macro `opaque_control_ref` (in Nightly builds, run with -Z macro-backtrace for more info)
2026-09-09T20:38:14.1204786Z 
2026-09-09T20:38:14.1204898Z warning: function `compile_svp` is never used
2026-09-09T20:38:14.1205192Z    --> sv_core/src/frontend.rs:803:8
2026-09-09T20:38:14.1205428Z     |
2026-09-09T20:38:14.1205778Z 803 | pub fn compile_svp(source: &str, source_file: &str) -> Result<IrProgram, FrontendError> {
2026-09-09T20:38:14.1206199Z     |        ^^^^^^^^^^^
2026-09-09T20:38:14.1206327Z 
2026-09-09T20:38:14.1206500Z warning: function `compile_svp_with_profile` is never used
2026-09-09T20:38:14.1206826Z    --> sv_core/src/frontend.rs:807:8
2026-09-09T20:38:14.1207062Z     |
2026-09-09T20:38:14.1207264Z 807 | pub fn compile_svp_with_profile(
2026-09-09T20:38:14.1207513Z     |        ^^^^^^^^^^^^^^^^^^^^^^^^
2026-09-09T20:38:14.1207670Z 
2026-09-09T20:38:14.1207778Z warning: constant `PROFILE_ID` is never used
2026-09-09T20:38:14.1208071Z  --> sv_core/src/identifier_profile.rs:6:18
2026-09-09T20:38:14.1208327Z   |
2026-09-09T20:38:14.1208593Z 6 | pub(crate) const PROFILE_ID: &str = "svp-grammar-0.2-lex-es-1";
2026-09-09T20:38:14.1208934Z   |                  ^^^^^^^^^^
2026-09-09T20:38:14.1209077Z 
2026-09-09T20:38:14.1209202Z warning: function `is_reserved_word` is never used
2026-09-09T20:38:14.1209523Z   --> sv_core/src/identifier_profile.rs:22:15
2026-09-09T20:38:14.1209790Z    |
2026-09-09T20:38:14.1210016Z 22 | pub(crate) fn is_reserved_word(word: &str) -> bool {
2026-09-09T20:38:14.1210319Z    |               ^^^^^^^^^^^^^^^^
2026-09-09T20:38:14.1210479Z 
2026-09-09T20:38:14.1210599Z warning: method `matches_descriptor` is never used
2026-09-09T20:38:14.1210919Z    --> sv_core/src/requirements_reuse.rs:121:19
2026-09-09T20:38:14.1211195Z     |
2026-09-09T20:38:14.1211373Z  44 | impl ReuseRule {
2026-09-09T20:38:14.1211619Z     | -------------- method in this implementation
2026-09-09T20:38:14.1211899Z ...
2026-09-09T20:38:14.1212255Z 121 |     pub(crate) fn matches_descriptor(&self, descriptor: &RequirementDescriptor) -> bool {
2026-09-09T20:38:14.1212828Z     |                   ^^^^^^^^^^^^^^^^^^
2026-09-09T20:38:14.1213008Z 
2026-09-09T20:38:14.1213171Z warning: hiding a lifetime that's elided elsewhere is confusing
2026-09-09T20:38:14.1213520Z     --> sv_core/src/frontend.rs:2161:13
2026-09-09T20:38:14.1213770Z      |
2026-09-09T20:38:14.1214099Z 2161 |     fn peek(&self) -> &Token {
2026-09-09T20:38:14.1214362Z      |             ^^^^^     ^^^^^^
2026-09-09T20:38:14.1214596Z      |             |         ||
2026-09-09T20:38:14.1214858Z      |             |         |the same lifetime is hidden here
2026-09-09T20:38:14.1215183Z      |             |         the same lifetime is elided here
2026-09-09T20:38:14.1215487Z      |             the lifetime is elided here
2026-09-09T20:38:14.1215749Z      |
2026-09-09T20:38:14.1216101Z      = help: the same lifetime is referred to in inconsistent ways, making the signature confusing
2026-09-09T20:38:14.1216608Z      = note: `#[warn(mismatched_lifetime_syntaxes)]` on by default
2026-09-09T20:38:14.1216944Z help: use `'_` for type paths
2026-09-09T20:38:14.1217166Z      |
2026-09-09T20:38:14.1217367Z 2161 |     fn peek(&self) -> &Token<'_> {
2026-09-09T20:38:14.1217628Z      |                             ++++
2026-09-09T20:38:14.1217789Z 
2026-09-09T20:38:14.1218077Z warning: `sv_core` (lib) generated 27 warnings (run `cargo fix --lib -p sv_core` to apply 1 suggestion)
2026-09-09T20:38:14.1218915Z    Compiling sv_core v0.1.0 (/home/runner/work/SV-lenguaje-de-computacion/SV-lenguaje-de-computacion/rust/sv_core)
2026-09-09T20:38:14.1903883Z warning: function `check_witness` is never used
2026-09-09T20:38:14.1904668Z   --> sv_core/examples/../../../tests/row7_gh/probe.rs:59:8
2026-09-09T20:38:14.1905127Z    |
2026-09-09T20:38:14.1905497Z 59 | pub fn check_witness(witness: &str) -> Result<(), String> {
2026-09-09T20:38:14.1905977Z    |        ^^^^^^^^^^^^^
2026-09-09T20:38:14.1906270Z    |
2026-09-09T20:38:14.1906645Z    = note: `#[warn(dead_code)]` (part of `#[warn(unused)]`) on by default
2026-09-09T20:38:14.1907046Z 
2026-09-09T20:38:14.5881343Z warning: `sv_core` (example "gh_binding_probe") generated 1 warning
2026-09-09T20:38:14.5882236Z     Finished `release` profile [optimized] target(s) in 0.49s
2026-09-09T20:38:14.6079626Z warning: associated function `from_core_id` is never used
2026-09-09T20:38:14.6080355Z    --> sv_core/src/control.rs:155:27
2026-09-09T20:38:14.6081094Z     |
2026-09-09T20:38:14.6081562Z 141 |           impl $name {
2026-09-09T20:38:14.6082104Z     |           ---------- associated function in this implementation
2026-09-09T20:38:14.6082851Z ...
2026-09-09T20:38:14.6083309Z 155 |               pub(crate) fn from_core_id(id: ControlId) -> Self {
2026-09-09T20:38:14.6083901Z     |                             ^^^^^^^^^^^^
2026-09-09T20:38:14.6084391Z ...
2026-09-09T20:38:14.6084704Z 162 | / opaque_control_ref!(
2026-09-09T20:38:14.6085148Z 163 | |     InformationRef,
2026-09-09T20:38:14.6086126Z 164 | |     "Referencia nominal a información dentro del dominio de control."
2026-09-09T20:38:14.6086805Z 165 | | );
2026-09-09T20:38:14.6087177Z     | |_- in this macro invocation
2026-09-09T20:38:14.6087609Z     |
2026-09-09T20:38:14.6088111Z     = note: `#[warn(dead_code)]` (part of `#[warn(unused)]`) on by default
2026-09-09T20:38:14.6089332Z     = note: this warning originates in the macro `opaque_control_ref` (in Nightly builds, run with -Z macro-backtrace for more info)
2026-09-09T20:38:14.6090230Z 
2026-09-09T20:38:14.6090491Z warning: associated function `from_core_id` is never used
2026-09-09T20:38:14.6091141Z    --> sv_core/src/control.rs:155:27
2026-09-09T20:38:14.6091575Z     |
2026-09-09T20:38:14.6091926Z 141 |           impl $name {
2026-09-09T20:38:14.6092428Z     |           ---------- associated function in this implementation
2026-09-09T20:38:14.6093290Z ...
2026-09-09T20:38:14.6093736Z 155 |               pub(crate) fn from_core_id(id: ControlId) -> Self {
2026-09-09T20:38:14.6094366Z     |                             ^^^^^^^^^^^^
2026-09-09T20:38:14.6094790Z ...
2026-09-09T20:38:14.6095100Z 166 | / opaque_control_ref!(
2026-09-09T20:38:14.6095507Z 167 | |     AdmittedEvidenceRef,
2026-09-09T20:38:14.6096392Z 168 | |     "Referencia a evidencia cuya admisión debe proceder de una verificación gobernada."
2026-09-09T20:38:14.6097149Z 169 | | );
2026-09-09T20:38:14.6097722Z     | |_- in this macro invocation
2026-09-09T20:38:14.6098141Z     |
2026-09-09T20:38:14.6098956Z     = note: this warning originates in the macro `opaque_control_ref` (in Nightly builds, run with -Z macro-backtrace for more info)
2026-09-09T20:38:14.6099779Z 
2026-09-09T20:38:14.6100059Z warning: associated function `from_core_id` is never used
2026-09-09T20:38:14.6100629Z    --> sv_core/src/control.rs:155:27
2026-09-09T20:38:14.6101083Z     |
2026-09-09T20:38:14.6101407Z 141 |           impl $name {
2026-09-09T20:38:14.6101927Z     |           ---------- associated function in this implementation
2026-09-09T20:38:14.6102310Z ...
2026-09-09T20:38:14.6103749Z 155 |               pub(crate) fn from_core_id(id: ControlId) -> Self {
2026-09-09T20:38:14.6104258Z     |                             ^^^^^^^^^^^^
2026-09-09T20:38:14.6104532Z ...
2026-09-09T20:38:14.6104724Z 170 | / opaque_control_ref!(
2026-09-09T20:38:14.6104976Z 171 | |     ConstitutedFactRef,
2026-09-09T20:38:14.6105500Z 172 | |     "Referencia a un hecho semántico constituido; no equivale a autoridad."
2026-09-09T20:38:14.6106128Z 173 | | );
2026-09-09T20:38:14.6106333Z     | |_- in this macro invocation
2026-09-09T20:38:14.6106572Z     |
2026-09-09T20:38:14.6107064Z     = note: this warning originates in the macro `opaque_control_ref` (in Nightly builds, run with -Z macro-backtrace for more info)
2026-09-09T20:38:14.6107543Z 
2026-09-09T20:38:14.6107693Z warning: associated function `from_core_id` is never used
2026-09-09T20:38:14.6108029Z    --> sv_core/src/control.rs:155:27
2026-09-09T20:38:14.6108280Z     |
2026-09-09T20:38:14.6108462Z 141 |           impl $name {
2026-09-09T20:38:14.6108751Z     |           ---------- associated function in this implementation
2026-09-09T20:38:14.6109061Z ...
2026-09-09T20:38:14.6109308Z 155 |               pub(crate) fn from_core_id(id: ControlId) -> Self {
2026-09-09T20:38:14.6109645Z     |                             ^^^^^^^^^^^^
2026-09-09T20:38:14.6109896Z ...
2026-09-09T20:38:14.6110089Z 174 | / opaque_control_ref!(
2026-09-09T20:38:14.6110333Z 175 | |     AuthorityRef,
2026-09-09T20:38:14.6110815Z 176 | |     "Referencia a autoridad constituida; su constructor no forma parte de la API pública."
2026-09-09T20:38:14.6111251Z 177 | | );
2026-09-09T20:38:14.6111445Z     | |_- in this macro invocation
2026-09-09T20:38:14.6111684Z     |
2026-09-09T20:38:14.6112153Z     = note: this warning originates in the macro `opaque_control_ref` (in Nightly builds, run with -Z macro-backtrace for more info)
2026-09-09T20:38:14.6112898Z 
2026-09-09T20:38:14.6113165Z warning: associated function `from_core_id` is never used
2026-09-09T20:38:14.6113735Z    --> sv_core/src/control.rs:155:27
2026-09-09T20:38:14.6114152Z     |
2026-09-09T20:38:14.6114463Z 141 |           impl $name {
2026-09-09T20:38:14.6114954Z     |           ---------- associated function in this implementation
2026-09-09T20:38:14.6115489Z ...
2026-09-09T20:38:14.6115912Z 155 |               pub(crate) fn from_core_id(id: ControlId) -> Self {
2026-09-09T20:38:14.6116504Z     |                             ^^^^^^^^^^^^
2026-09-09T20:38:14.6116827Z ...
2026-09-09T20:38:14.6117015Z 178 | / opaque_control_ref!(
2026-09-09T20:38:14.6117252Z 179 | |     EnablementRef,
2026-09-09T20:38:14.6117719Z 180 | |     "Referencia a una habilitación de autoridad ya existente; no amplía autoridad."
2026-09-09T20:38:14.6118131Z 181 | | );
2026-09-09T20:38:14.6118329Z     | |_- in this macro invocation
2026-09-09T20:38:14.6118563Z     |
2026-09-09T20:38:14.6119030Z     = note: this warning originates in the macro `opaque_control_ref` (in Nightly builds, run with -Z macro-backtrace for more info)
2026-09-09T20:38:14.6119493Z 
2026-09-09T20:38:14.6119641Z warning: associated function `from_core_id` is never used
2026-09-09T20:38:14.6119965Z    --> sv_core/src/control.rs:155:27
2026-09-09T20:38:14.6120204Z     |
2026-09-09T20:38:14.6120384Z 141 |           impl $name {
2026-09-09T20:38:14.6120669Z     |           ---------- associated function in this implementation
2026-09-09T20:38:14.6121165Z ...
2026-09-09T20:38:14.6121420Z 155 |               pub(crate) fn from_core_id(id: ControlId) -> Self {
2026-09-09T20:38:14.6121758Z     |                             ^^^^^^^^^^^^
2026-09-09T20:38:14.6122006Z ...
2026-09-09T20:38:14.6122211Z 186 | / opaque_control_ref!(
2026-09-09T20:38:14.6122441Z 187 | |     FormRef,
2026-09-09T20:38:14.6123057Z 188 | |     "Referencia a una forma de transición constituida."
2026-09-09T20:38:14.6123370Z 189 | | );
2026-09-09T20:38:14.6123564Z     | |_- in this macro invocation
2026-09-09T20:38:14.6123798Z     |
2026-09-09T20:38:14.6124258Z     = note: this warning originates in the macro `opaque_control_ref` (in Nightly builds, run with -Z macro-backtrace for more info)
2026-09-09T20:38:14.6124732Z 
2026-09-09T20:38:14.6124878Z warning: associated function `from_core_id` is never used
2026-09-09T20:38:14.6125210Z    --> sv_core/src/control.rs:155:27
2026-09-09T20:38:14.6125458Z     |
2026-09-09T20:38:14.6125637Z 141 |           impl $name {
2026-09-09T20:38:14.6125927Z     |           ---------- associated function in this implementation
2026-09-09T20:38:14.6126405Z ...
2026-09-09T20:38:14.6126647Z 155 |               pub(crate) fn from_core_id(id: ControlId) -> Self {
2026-09-09T20:38:14.6126977Z     |                             ^^^^^^^^^^^^
2026-09-09T20:38:14.6127221Z ...
2026-09-09T20:38:14.6127401Z 190 | / opaque_control_ref!(
2026-09-09T20:38:14.6127633Z 191 | |     EffectFamilyRef,
2026-09-09T20:38:14.6128018Z 192 | |     "Referencia a una familia de efectos fijada por constitución."
2026-09-09T20:38:14.6128366Z 193 | | );
2026-09-09T20:38:14.6128560Z     | |_- in this macro invocation
2026-09-09T20:38:14.6128790Z     |
2026-09-09T20:38:14.6129250Z     = note: this warning originates in the macro `opaque_control_ref` (in Nightly builds, run with -Z macro-backtrace for more info)
2026-09-09T20:38:14.6129711Z 
2026-09-09T20:38:14.6129913Z warning: associated function `from_core_id` is never used
2026-09-09T20:38:14.6130238Z    --> sv_core/src/control.rs:155:27
2026-09-09T20:38:14.6130491Z     |
2026-09-09T20:38:14.6130669Z 141 |           impl $name {
2026-09-09T20:38:14.6130949Z     |           ---------- associated function in this implementation
2026-09-09T20:38:14.6131252Z ...
2026-09-09T20:38:14.6131496Z 155 |               pub(crate) fn from_core_id(id: ControlId) -> Self {
2026-09-09T20:38:14.6131824Z     |                             ^^^^^^^^^^^^
2026-09-09T20:38:14.6132076Z ...
2026-09-09T20:38:14.6132254Z 194 | / opaque_control_ref!(
2026-09-09T20:38:14.6132476Z 195 | |     EffectRef,
2026-09-09T20:38:14.6133184Z 196 | |     "Referencia a un efecto concreto; identificarlo no equivale a autorizarlo."
2026-09-09T20:38:14.6133579Z 197 | | );
2026-09-09T20:38:14.6133773Z     | |_- in this macro invocation
2026-09-09T20:38:14.6134009Z     |
2026-09-09T20:38:14.6134467Z     = note: this warning originates in the macro `opaque_control_ref` (in Nightly builds, run with -Z macro-backtrace for more info)
2026-09-09T20:38:14.6134930Z 
2026-09-09T20:38:14.6135081Z warning: associated function `from_core_id` is never used
2026-09-09T20:38:14.6135412Z    --> sv_core/src/control.rs:155:27
2026-09-09T20:38:14.6135662Z     |
2026-09-09T20:38:14.6135847Z 141 |           impl $name {
2026-09-09T20:38:14.6136133Z     |           ---------- associated function in this implementation
2026-09-09T20:38:14.6136442Z ...
2026-09-09T20:38:14.6136687Z 155 |               pub(crate) fn from_core_id(id: ControlId) -> Self {
2026-09-09T20:38:14.6137021Z     |                             ^^^^^^^^^^^^
2026-09-09T20:38:14.6137270Z ...
2026-09-09T20:38:14.6137452Z 198 | / opaque_control_ref!(
2026-09-09T20:38:14.6137677Z 199 | |     ContextRef,
2026-09-09T20:38:14.6138016Z 200 | |     "Referencia a una ligadura de contexto relevante para autoridad o forma."
2026-09-09T20:38:14.6138393Z 201 | | );
2026-09-09T20:38:14.6138594Z     | |_- in this macro invocation
2026-09-09T20:38:14.6138824Z     |
2026-09-09T20:38:14.6139439Z     = note: this warning originates in the macro `opaque_control_ref` (in Nightly builds, run with -Z macro-backtrace for more info)
2026-09-09T20:38:14.6139910Z 
2026-09-09T20:38:14.6140059Z warning: associated function `from_core_id` is never used
2026-09-09T20:38:14.6140382Z    --> sv_core/src/control.rs:155:27
2026-09-09T20:38:14.6140622Z     |
2026-09-09T20:38:14.6140798Z 141 |           impl $name {
2026-09-09T20:38:14.6141074Z     |           ---------- associated function in this implementation
2026-09-09T20:38:14.6141379Z ...
2026-09-09T20:38:14.6141626Z 155 |               pub(crate) fn from_core_id(id: ControlId) -> Self {
2026-09-09T20:38:14.6141955Z     |                             ^^^^^^^^^^^^
2026-09-09T20:38:14.6142200Z ...
2026-09-09T20:38:14.6142378Z 202 | / opaque_control_ref!(
2026-09-09T20:38:14.6142896Z 203 | |     AuthorityHolderRef,
2026-09-09T20:38:14.6143392Z 204 | |     "Referencia al titular de una autoridad; no constituye autoridad por sí misma."
2026-09-09T20:38:14.6143810Z 205 | | );
2026-09-09T20:38:14.6144005Z     | |_- in this macro invocation
2026-09-09T20:38:14.6144396Z     |
2026-09-09T20:38:14.6144874Z     = note: this warning originates in the macro `opaque_control_ref` (in Nightly builds, run with -Z macro-backtrace for more info)
2026-09-09T20:38:14.6145345Z 
2026-09-09T20:38:14.6145493Z warning: associated function `from_core_id` is never used
2026-09-09T20:38:14.6145819Z    --> sv_core/src/control.rs:155:27
2026-09-09T20:38:14.6146062Z     |
2026-09-09T20:38:14.6146243Z 141 |           impl $name {
2026-09-09T20:38:14.6146526Z     |           ---------- associated function in this implementation
2026-09-09T20:38:14.6146836Z ...
2026-09-09T20:38:14.6147089Z 155 |               pub(crate) fn from_core_id(id: ControlId) -> Self {
2026-09-09T20:38:14.6147421Z     |                             ^^^^^^^^^^^^
2026-09-09T20:38:14.6147670Z ...
2026-09-09T20:38:14.6147849Z 206 | / opaque_control_ref!(
2026-09-09T20:38:14.6148090Z 207 | |     GovernedObjectRef,
2026-09-09T20:38:14.6148462Z 208 | |     "Referencia a un objeto candidato a pertenecer al dominio gobernado D_a."
2026-09-09T20:38:14.6148846Z 209 | | );
2026-09-09T20:38:14.6149040Z     | |_- in this macro invocation
2026-09-09T20:38:14.6149279Z     |
2026-09-09T20:38:14.6149738Z     = note: this warning originates in the macro `opaque_control_ref` (in Nightly builds, run with -Z macro-backtrace for more info)
2026-09-09T20:38:14.6150209Z 
2026-09-09T20:38:14.6150350Z warning: associated function `from_core_id` is never used
2026-09-09T20:38:14.6150676Z    --> sv_core/src/control.rs:155:27
2026-09-09T20:38:14.6150920Z     |
2026-09-09T20:38:14.6151097Z 141 |           impl $name {
2026-09-09T20:38:14.6151387Z     |           ---------- associated function in this implementation
2026-09-09T20:38:14.6151692Z ...
2026-09-09T20:38:14.6151931Z 155 |               pub(crate) fn from_core_id(id: ControlId) -> Self {
2026-09-09T20:38:14.6152265Z     |                             ^^^^^^^^^^^^
2026-09-09T20:38:14.6152752Z ...
2026-09-09T20:38:14.6152969Z 210 | / opaque_control_ref!(
2026-09-09T20:38:14.6153222Z 211 | |     AccumulationRuleRef,
2026-09-09T20:38:14.6153688Z 212 | |     "Referencia a una regla gobernada de acumulación o a un predicado de traza."
2026-09-09T20:38:14.6154078Z 213 | | );
2026-09-09T20:38:14.6154271Z     | |_- in this macro invocation
2026-09-09T20:38:14.6154509Z     |
2026-09-09T20:38:14.6154971Z     = note: this warning originates in the macro `opaque_control_ref` (in Nightly builds, run with -Z macro-backtrace for more info)
2026-09-09T20:38:14.6155429Z 
2026-09-09T20:38:14.6155579Z warning: associated function `from_core_id` is never used
2026-09-09T20:38:14.6155903Z    --> sv_core/src/control.rs:155:27
2026-09-09T20:38:14.6156147Z     |
2026-09-09T20:38:14.6156325Z 141 |           impl $name {
2026-09-09T20:38:14.6156603Z     |           ---------- associated function in this implementation
2026-09-09T20:38:14.6156906Z ...
2026-09-09T20:38:14.6157148Z 155 |               pub(crate) fn from_core_id(id: ControlId) -> Self {
2026-09-09T20:38:14.6157617Z     |                             ^^^^^^^^^^^^
2026-09-09T20:38:14.6157885Z ...
2026-09-09T20:38:14.6158065Z 214 | / opaque_control_ref!(
2026-09-09T20:38:14.6158292Z 215 | |     RequirementRef,
2026-09-09T20:38:14.6158744Z 216 | |     "Referencia a una obligación de Req; identificarla no acredita su cumplimiento."
2026-09-09T20:38:14.6159161Z 217 | | );
2026-09-09T20:38:14.6159353Z     | |_- in this macro invocation
2026-09-09T20:38:14.6159587Z     |
2026-09-09T20:38:14.6160050Z     = note: this warning originates in the macro `opaque_control_ref` (in Nightly builds, run with -Z macro-backtrace for more info)
2026-09-09T20:38:14.6160557Z 
2026-09-09T20:38:14.6160696Z warning: associated function `from_core_id` is never used
2026-09-09T20:38:14.6161028Z    --> sv_core/src/control.rs:155:27
2026-09-09T20:38:14.6161270Z     |
2026-09-09T20:38:14.6161449Z 141 |           impl $name {
2026-09-09T20:38:14.6161728Z     |           ---------- associated function in this implementation
2026-09-09T20:38:14.6162029Z ...
2026-09-09T20:38:14.6162275Z 155 |               pub(crate) fn from_core_id(id: ControlId) -> Self {
2026-09-09T20:38:14.6163158Z     |                             ^^^^^^^^^^^^
2026-09-09T20:38:14.6163429Z ...
2026-09-09T20:38:14.6163616Z 218 | / opaque_control_ref!(
2026-09-09T20:38:14.6163845Z 219 | |     VerifierRef,
2026-09-09T20:38:14.6164243Z 220 | |     "Referencia a un verificador concreto; su mera existencia no acredita aplicabilidad."
2026-09-09T20:38:14.6164678Z 221 | | );
2026-09-09T20:38:14.6164874Z     | |_- in this macro invocation
2026-09-09T20:38:14.6165110Z     |
2026-09-09T20:38:14.6165572Z     = note: this warning originates in the macro `opaque_control_ref` (in Nightly builds, run with -Z macro-backtrace for more info)
2026-09-09T20:38:14.6166037Z 
2026-09-09T20:38:14.6166182Z warning: associated function `from_core_id` is never used
2026-09-09T20:38:14.6166509Z    --> sv_core/src/control.rs:155:27
2026-09-09T20:38:14.6166749Z     |
2026-09-09T20:38:14.6166928Z 141 |           impl $name {
2026-09-09T20:38:14.6167212Z     |           ---------- associated function in this implementation
2026-09-09T20:38:14.6167528Z ...
2026-09-09T20:38:14.6167769Z 155 |               pub(crate) fn from_core_id(id: ControlId) -> Self {
2026-09-09T20:38:14.6168096Z     |                             ^^^^^^^^^^^^
2026-09-09T20:38:14.6168343Z ...
2026-09-09T20:38:14.6168524Z 222 | / opaque_control_ref!(
2026-09-09T20:38:14.6168761Z 223 | |     VerifierFamilyRef,
2026-09-09T20:38:14.6169225Z 224 | |     "Referencia a una familia de verificadores admisibles para una obligación."
2026-09-09T20:38:14.6169619Z 225 | | );
2026-09-09T20:38:14.6169812Z     | |_- in this macro invocation
2026-09-09T20:38:14.6170048Z     |
2026-09-09T20:38:14.6170514Z     = note: this warning originates in the macro `opaque_control_ref` (in Nightly builds, run with -Z macro-backtrace for more info)
2026-09-09T20:38:14.6170975Z 
2026-09-09T20:38:14.6171123Z warning: associated function `from_core_id` is never used
2026-09-09T20:38:14.6171452Z    --> sv_core/src/control.rs:155:27
2026-09-09T20:38:14.6171699Z     |
2026-09-09T20:38:14.6171878Z 141 |           impl $name {
2026-09-09T20:38:14.6172158Z     |           ---------- associated function in this implementation
2026-09-09T20:38:14.6172464Z ...
2026-09-09T20:38:14.6172986Z 155 |               pub(crate) fn from_core_id(id: ControlId) -> Self {
2026-09-09T20:38:14.6173554Z     |                             ^^^^^^^^^^^^
2026-09-09T20:38:14.6173966Z ...
2026-09-09T20:38:14.6174156Z 226 | / opaque_control_ref!(
2026-09-09T20:38:14.6174401Z 227 | |     ApplicabilityRuleRef,
2026-09-09T20:38:14.6174906Z 228 | |     "Referencia a una regla previamente constituida de aplicabilidad de comprobación."
2026-09-09T20:38:14.6175324Z 229 | | );
2026-09-09T20:38:14.6175529Z     | |_- in this macro invocation
2026-09-09T20:38:14.6175768Z     |
2026-09-09T20:38:14.6176239Z     = note: this warning originates in the macro `opaque_control_ref` (in Nightly builds, run with -Z macro-backtrace for more info)
2026-09-09T20:38:14.6176700Z 
2026-09-09T20:38:14.6177010Z warning: associated function `from_core_id` is never used
2026-09-09T20:38:14.6177343Z    --> sv_core/src/control.rs:155:27
2026-09-09T20:38:14.6177591Z     |
2026-09-09T20:38:14.6177772Z 141 |           impl $name {
2026-09-09T20:38:14.6178054Z     |           ---------- associated function in this implementation
2026-09-09T20:38:14.6178366Z ...
2026-09-09T20:38:14.6178611Z 155 |               pub(crate) fn from_core_id(id: ControlId) -> Self {
2026-09-09T20:38:14.6178942Z     |                             ^^^^^^^^^^^^
2026-09-09T20:38:14.6179192Z ...
2026-09-09T20:38:14.6179373Z 230 | / opaque_control_ref!(
2026-09-09T20:38:14.6179622Z 231 | |     ConflictResolutionRuleRef,
2026-09-09T20:38:14.6180190Z 232 | |     "Referencia a una regla previamente constituida de resolución de conflicto entre comprobaciones."
2026-09-09T20:38:14.6180665Z 233 | | );
2026-09-09T20:38:14.6180859Z     | |_- in this macro invocation
2026-09-09T20:38:14.6181088Z     |
2026-09-09T20:38:14.6181554Z     = note: this warning originates in the macro `opaque_control_ref` (in Nightly builds, run with -Z macro-backtrace for more info)
2026-09-09T20:38:14.6182220Z 
2026-09-09T20:38:14.6182365Z warning: associated function `from_core_id` is never used
2026-09-09T20:38:14.6182842Z    --> sv_core/src/control.rs:155:27
2026-09-09T20:38:14.6183078Z     |
2026-09-09T20:38:14.6183254Z 141 |           impl $name {
2026-09-09T20:38:14.6183535Z     |           ---------- associated function in this implementation
2026-09-09T20:38:14.6183842Z ...
2026-09-09T20:38:14.6184086Z 155 |               pub(crate) fn from_core_id(id: ControlId) -> Self {
2026-09-09T20:38:14.6184414Z     |                             ^^^^^^^^^^^^
2026-09-09T20:38:14.6184660Z ...
2026-09-09T20:38:14.6184838Z 234 | / opaque_control_ref!(
2026-09-09T20:38:14.6185068Z 235 | |     CoverageRuleRef,
2026-09-09T20:38:14.6185602Z 236 | |     "Referencia a una regla previamente constituida de cobertura de comprobaciones exigibles."
2026-09-09T20:38:14.6186269Z 237 | | );
2026-09-09T20:38:14.6186568Z     | |_- in this macro invocation
2026-09-09T20:38:14.6186884Z     |
2026-09-09T20:38:14.6187546Z     = note: this warning originates in the macro `opaque_control_ref` (in Nightly builds, run with -Z macro-backtrace for more info)
2026-09-09T20:38:14.6188089Z 
2026-09-09T20:38:14.6188269Z warning: associated function `from_core_id` is never used
2026-09-09T20:38:14.6201975Z    --> sv_core/src/control.rs:155:27
2026-09-09T20:38:14.6202439Z     |
2026-09-09T20:38:14.6202979Z 141 |           impl $name {
2026-09-09T20:38:14.6203537Z     |           ---------- associated function in this implementation
2026-09-09T20:38:14.6204037Z ...
2026-09-09T20:38:14.6204425Z 155 |               pub(crate) fn from_core_id(id: ControlId) -> Self {
2026-09-09T20:38:14.6204931Z     |                             ^^^^^^^^^^^^
2026-09-09T20:38:14.6205318Z ...
2026-09-09T20:38:14.6205591Z 238 | / opaque_control_ref!(
2026-09-09T20:38:14.6205972Z 239 | |     ReuseRuleRef,
2026-09-09T20:38:14.6206951Z 240 | |     "Referencia a una regla previamente constituida de reutilización de resultados cualificados."
2026-09-09T20:38:14.6207755Z 241 | | );
2026-09-09T20:38:14.6208153Z     | |_- in this macro invocation
2026-09-09T20:38:14.6208642Z     |
2026-09-09T20:38:14.6209207Z     = note: this warning originates in the macro `opaque_control_ref` (in Nightly builds, run with -Z macro-backtrace for more info)
2026-09-09T20:38:14.6209694Z 
2026-09-09T20:38:14.6209855Z warning: associated function `from_core_id` is never used
2026-09-09T20:38:14.6210195Z    --> sv_core/src/control.rs:155:27
2026-09-09T20:38:14.6210454Z     |
2026-09-09T20:38:14.6210640Z 141 |           impl $name {
2026-09-09T20:38:14.6210935Z     |           ---------- associated function in this implementation
2026-09-09T20:38:14.6211250Z ...
2026-09-09T20:38:14.6211498Z 155 |               pub(crate) fn from_core_id(id: ControlId) -> Self {
2026-09-09T20:38:14.6211833Z     |                             ^^^^^^^^^^^^
2026-09-09T20:38:14.6212080Z ...
2026-09-09T20:38:14.6212479Z 242 | / opaque_control_ref!(
2026-09-09T20:38:14.6213047Z 243 | |     ReuseBindingKeyRef,
2026-09-09T20:38:14.6213710Z 244 | |     "Referencia a una dimensión constituida cuya continuidad puede ser exigible para reutilizar un resultado."
2026-09-09T20:38:14.6214228Z 245 | | );
2026-09-09T20:38:14.6214428Z     | |_- in this macro invocation
2026-09-09T20:38:14.6214665Z     |
2026-09-09T20:38:14.6215140Z     = note: this warning originates in the macro `opaque_control_ref` (in Nightly builds, run with -Z macro-backtrace for more info)
2026-09-09T20:38:14.6215609Z 
2026-09-09T20:38:14.6215754Z warning: associated function `from_core_id` is never used
2026-09-09T20:38:14.6216086Z    --> sv_core/src/control.rs:155:27
2026-09-09T20:38:14.6216346Z     |
2026-09-09T20:38:14.6216530Z 141 |           impl $name {
2026-09-09T20:38:14.6216817Z     |           ---------- associated function in this implementation
2026-09-09T20:38:14.6217132Z ...
2026-09-09T20:38:14.6217382Z 155 |               pub(crate) fn from_core_id(id: ControlId) -> Self {
2026-09-09T20:38:14.6217882Z     |                             ^^^^^^^^^^^^
2026-09-09T20:38:14.6218131Z ...
2026-09-09T20:38:14.6218315Z 246 | / opaque_control_ref!(
2026-09-09T20:38:14.6218555Z 247 | |     ReuseBindingValueRef,
2026-09-09T20:38:14.6219137Z 248 | |     "Referencia al valor constituido de una dimensión de reutilización; identificarlo no acredita su vigencia."
2026-09-09T20:38:14.6219632Z 249 | | );
2026-09-09T20:38:14.6219830Z     | |_- in this macro invocation
2026-09-09T20:38:14.6220058Z     |
2026-09-09T20:38:14.6220517Z     = note: this warning originates in the macro `opaque_control_ref` (in Nightly builds, run with -Z macro-backtrace for more info)
2026-09-09T20:38:14.6220975Z 
2026-09-09T20:38:14.6221097Z warning: function `compile_svp` is never used
2026-09-09T20:38:14.6221393Z    --> sv_core/src/frontend.rs:803:8
2026-09-09T20:38:14.6221639Z     |
2026-09-09T20:38:14.6221992Z 803 | pub fn compile_svp(source: &str, source_file: &str) -> Result<IrProgram, FrontendError> {
2026-09-09T20:38:14.6222423Z     |        ^^^^^^^^^^^
2026-09-09T20:38:14.6222817Z 
2026-09-09T20:38:14.6222994Z warning: function `compile_svp_with_profile` is never used
2026-09-09T20:38:14.6223338Z    --> sv_core/src/frontend.rs:807:8
2026-09-09T20:38:14.6223592Z     |
2026-09-09T20:38:14.6223791Z 807 | pub fn compile_svp_with_profile(
2026-09-09T20:38:14.6224054Z     |        ^^^^^^^^^^^^^^^^^^^^^^^^
2026-09-09T20:38:14.6224211Z 
2026-09-09T20:38:14.6224329Z warning: constant `PROFILE_ID` is never used
2026-09-09T20:38:14.6224629Z  --> sv_core/src/identifier_profile.rs:6:18
2026-09-09T20:38:14.6224888Z   |
2026-09-09T20:38:14.6225155Z 6 | pub(crate) const PROFILE_ID: &str = "svp-grammar-0.2-lex-es-1";
2026-09-09T20:38:14.6225502Z   |                  ^^^^^^^^^^
2026-09-09T20:38:14.6225655Z 
2026-09-09T20:38:14.6225782Z warning: function `is_reserved_word` is never used
2026-09-09T20:38:14.6226106Z   --> sv_core/src/identifier_profile.rs:22:15
2026-09-09T20:38:14.6226384Z    |
2026-09-09T20:38:14.6226617Z 22 | pub(crate) fn is_reserved_word(word: &str) -> bool {
2026-09-09T20:38:14.6226926Z    |               ^^^^^^^^^^^^^^^^
2026-09-09T20:38:14.6227088Z 
2026-09-09T20:38:14.6227209Z warning: method `matches_descriptor` is never used
2026-09-09T20:38:14.6227538Z    --> sv_core/src/requirements_reuse.rs:121:19
2026-09-09T20:38:14.6227810Z     |
2026-09-09T20:38:14.6227987Z  44 | impl ReuseRule {
2026-09-09T20:38:14.6228229Z     | -------------- method in this implementation
2026-09-09T20:38:14.6228508Z ...
2026-09-09T20:38:14.6228856Z 121 |     pub(crate) fn matches_descriptor(&self, descriptor: &RequirementDescriptor) -> bool {
2026-09-09T20:38:14.6229296Z     |                   ^^^^^^^^^^^^^^^^^^
2026-09-09T20:38:14.6229464Z 
2026-09-09T20:38:14.6229635Z warning: hiding a lifetime that's elided elsewhere is confusing
2026-09-09T20:38:14.6229986Z     --> sv_core/src/frontend.rs:2161:13
2026-09-09T20:38:14.6230240Z      |
2026-09-09T20:38:14.6230569Z 2161 |     fn peek(&self) -> &Token {
2026-09-09T20:38:14.6230830Z      |             ^^^^^     ^^^^^^
2026-09-09T20:38:14.6231068Z      |             |         ||
2026-09-09T20:38:14.6231334Z      |             |         |the same lifetime is hidden here
2026-09-09T20:38:14.6231660Z      |             |         the same lifetime is elided here
2026-09-09T20:38:14.6231964Z      |             the lifetime is elided here
2026-09-09T20:38:14.6232218Z      |
2026-09-09T20:38:14.6232719Z      = help: the same lifetime is referred to in inconsistent ways, making the signature confusing
2026-09-09T20:38:14.6233227Z      = note: `#[warn(mismatched_lifetime_syntaxes)]` on by default
2026-09-09T20:38:14.6233564Z help: use `'_` for type paths
2026-09-09T20:38:14.6233791Z      |
2026-09-09T20:38:14.6233989Z 2161 |     fn peek(&self) -> &Token<'_> {
2026-09-09T20:38:14.6234258Z      |                             ++++
2026-09-09T20:38:14.6234429Z 
2026-09-09T20:38:14.6234722Z warning: `sv_core` (lib) generated 27 warnings (run `cargo fix --lib -p sv_core` to apply 1 suggestion)
2026-09-09T20:38:14.6235575Z    Compiling sv_core v0.1.0 (/home/runner/work/SV-lenguaje-de-computacion/SV-lenguaje-de-computacion/rust/sv_core)
2026-09-09T20:38:14.6946093Z warning: function `check_witness` is never used
2026-09-09T20:38:14.6946880Z   --> sv_core/examples/../../../tests/row7_gh/probe.rs:59:8
2026-09-09T20:38:14.6947510Z    |
2026-09-09T20:38:14.6948011Z 59 | pub fn check_witness(witness: &str) -> Result<(), String> {
2026-09-09T20:38:14.6948659Z    |        ^^^^^^^^^^^^^
2026-09-09T20:38:14.6949063Z    |
2026-09-09T20:38:14.6949580Z    = note: `#[warn(dead_code)]` (part of `#[warn(unused)]`) on by default
2026-09-09T20:38:14.6950133Z 
2026-09-09T20:38:15.1175202Z warning: `sv_core` (example "gh_binding_probe_browser") generated 1 warning
2026-09-09T20:38:15.1176152Z     Finished `release` profile [optimized] target(s) in 0.52s
2026-09-09T20:38:15.1699395Z (node:14066) ExperimentalWarning: WASI is an experimental feature and might change at any time
2026-09-09T20:38:15.1700187Z (Use `node --trace-warnings ...` to show where the warning was created)
2026-09-09T20:38:16.7590733Z {
2026-09-09T20:38:16.7591230Z   "verification": "CONFORME_EN_TRANSPORTE_DOCUMENTAL",
2026-09-09T20:38:16.7591630Z   "transports": 48,
2026-09-09T20:38:16.7591891Z   "full_recoveries": 16,
2026-09-09T20:38:16.7592215Z   "recoveries_with_declared_side_information": 16,
2026-09-09T20:38:16.7593087Z   "reduced_controls": 16,
2026-09-09T20:38:16.7593495Z   "losses_in_H": 8,
2026-09-09T20:38:16.7593837Z   "matrix": {
2026-09-09T20:38:16.7594160Z     "g10": 15,
2026-09-09T20:38:16.7594477Z     "lsv": 44,
2026-09-09T20:38:16.7594820Z     "links": 81,
2026-09-09T20:38:16.7595183Z     "specified": 12,
2026-09-09T20:38:16.7595572Z     "documentary": 8,
2026-09-09T20:38:16.7595935Z     "families": 6,
2026-09-09T20:38:16.7596268Z     "queries": 18,
2026-09-09T20:38:16.7596918Z     "reviewed_document_sha256": "1927c3ac2605f01128d46f2aaed74516d9915463c5949625aabbd8bd324ac15f",
2026-09-09T20:38:16.7597504Z     "reviewed_document_content_matches": true,
2026-09-09T20:38:16.7597865Z     "clinical_integration_executed": false,
2026-09-09T20:38:16.7598224Z     "decision_sufficiency_automatically_proven": false
2026-09-09T20:38:16.7598550Z   },
2026-09-09T20:38:16.7598763Z   "contract_hashes_recomputed": 48,
2026-09-09T20:38:16.7599245Z   "codec_reference_hash": "beff99707d648d591714e431b462bf61546da931771a6168cd80b1c8037f7dc0",
2026-09-09T20:38:16.7599779Z   "program_projection_bytes_hashed": true,
2026-09-09T20:38:16.7600145Z   "program_semantics_independently_revalidated": false,
2026-09-09T20:38:16.7600530Z   "executor_run_proven_by_report_alone": false,
2026-09-09T20:38:16.7600863Z   "sv_query_executed": false,
2026-09-09T20:38:16.7601123Z   "q0_executed": false,
2026-09-09T20:38:16.7601388Z   "clinical_authority_authenticated": false,
2026-09-09T20:38:16.7601694Z   "sensitivity": {
2026-09-09T20:38:16.7601937Z     "reserialized_control": "ACCEPTED",
2026-09-09T20:38:16.7602495Z     "directed_mutations": 28,
2026-09-09T20:38:16.7603052Z     "survivors": 0,
2026-09-09T20:38:16.7603319Z     "semantic_artifact_hashes_recalculated": true,
2026-09-09T20:38:16.7603684Z     "semantic_contract_hashes_recalculated": true,
2026-09-09T20:38:16.7604001Z     "results": [
2026-09-09T20:38:16.7604219Z       {
2026-09-09T20:38:16.7604438Z         "id": "MG01_omitir_transporte",
2026-09-09T20:38:16.7604727Z         "expected": "INVENTARIO",
2026-09-09T20:38:16.7604976Z         "actual": "INVENTARIO"
2026-09-09T20:38:16.7605211Z       },
2026-09-09T20:38:16.7605387Z       {
2026-09-09T20:38:16.7605584Z         "id": "MG02_duplicar_identidad",
2026-09-09T20:38:16.7605860Z         "expected": "IDENTIDAD_TESTIGO",
2026-09-09T20:38:16.7606123Z         "actual": "IDENTIDAD_TESTIGO"
2026-09-09T20:38:16.7606367Z       },
2026-09-09T20:38:16.7606535Z       {
2026-09-09T20:38:16.7606762Z         "id": "MG03_procedencia_con_huella_recalculada",
2026-09-09T20:38:16.7607074Z         "expected": "PROCEDENCIA",
2026-09-09T20:38:16.7607334Z         "actual": "PROCEDENCIA"
2026-09-09T20:38:16.7607753Z       },
2026-09-09T20:38:16.7607928Z       {
2026-09-09T20:38:16.7608131Z         "id": "MG04_detalle_oculto_en_H",
2026-09-09T20:38:16.7608404Z         "expected": "PROCEDENCIA",
2026-09-09T20:38:16.7608655Z         "actual": "PROCEDENCIA"
2026-09-09T20:38:16.7608880Z       },
2026-09-09T20:38:16.7609055Z       {
2026-09-09T20:38:16.7609240Z         "id": "MG05_S_retirada",
2026-09-09T20:38:16.7609485Z         "expected": "INVENTARIO_S",
2026-09-09T20:38:16.7609747Z         "actual": "INVENTARIO_S"
2026-09-09T20:38:16.7609985Z       },
2026-09-09T20:38:16.7610156Z       {
2026-09-09T20:38:16.7610350Z         "id": "MG06_S_atribuida_a_H",
2026-09-09T20:38:16.7610618Z         "expected": "ALCANCE_S",
2026-09-09T20:38:16.7610861Z         "actual": "ALCANCE_S"
2026-09-09T20:38:16.7611082Z       },
2026-09-09T20:38:16.7611250Z       {
2026-09-09T20:38:16.7611446Z         "id": "MG07_operacion_sustituida",
2026-09-09T20:38:16.7611725Z         "expected": "OPERACION",
2026-09-09T20:38:16.7611970Z         "actual": "OPERACION"
2026-09-09T20:38:16.7612187Z       },
2026-09-09T20:38:16.7612360Z       {
2026-09-09T20:38:16.7612777Z         "id": "MG08_referente_sustituido",
2026-09-09T20:38:16.7613249Z         "expected": "REFERENTE",
2026-09-09T20:38:16.7613600Z         "actual": "REFERENTE"
2026-09-09T20:38:16.7613823Z       },
2026-09-09T20:38:16.7613998Z       {
2026-09-09T20:38:16.7614181Z         "id": "MG09_H_filtra_estado",
2026-09-09T20:38:16.7614451Z         "expected": "CONTRATO_RECALCULO",
2026-09-09T20:38:16.7614724Z         "actual": "CONTRATO_RECALCULO"
2026-09-09T20:38:16.7614962Z       },
2026-09-09T20:38:16.7615131Z       {
2026-09-09T20:38:16.7615328Z         "id": "MG10_huella_de_artefacto",
2026-09-09T20:38:16.7615611Z         "expected": "ARTEFACTO_INTEGRIDAD",
2026-09-09T20:38:16.7615891Z         "actual": "ARTEFACTO_INTEGRIDAD"
2026-09-09T20:38:16.7616139Z       },
2026-09-09T20:38:16.7616309Z       {
2026-09-09T20:38:16.7616520Z         "id": "MG11_artefacto_lateral_oculto",
2026-09-09T20:38:16.7616817Z         "expected": "REGISTRO_ARTEFACTOS",
2026-09-09T20:38:16.7617088Z         "actual": "REGISTRO_ARTEFACTOS"
2026-09-09T20:38:16.7617331Z       },
2026-09-09T20:38:16.7617502Z       {
2026-09-09T20:38:16.7617693Z         "id": "MG12_formulacion_omitida",
2026-09-09T20:38:16.7617983Z         "expected": "MATRIZ_INVENTARIO",
2026-09-09T20:38:16.7618272Z         "actual": "MATRIZ_INVENTARIO"
2026-09-09T20:38:16.7618511Z       },
2026-09-09T20:38:16.7618680Z       {
2026-09-09T20:38:16.7618876Z         "id": "MG13_SP_cerrada_sin_ejecucion",
2026-09-09T20:38:16.7619153Z         "expected": "MATRIZ_SP_ESTADO",
2026-09-09T20:38:16.7619419Z         "actual": "MATRIZ_SP_ESTADO"
2026-09-09T20:38:16.7619664Z       },
2026-09-09T20:38:16.7619837Z       {
2026-09-09T20:38:16.7620018Z         "id": "MG14_fila_cerrada",
2026-09-09T20:38:16.7620263Z         "expected": "MATRIZ_ALCANCE",
2026-09-09T20:38:16.7620513Z         "actual": "MATRIZ_ALCANCE"
2026-09-09T20:38:16.7620920Z       },
2026-09-09T20:38:16.7621102Z       {
2026-09-09T20:38:16.7621328Z         "id": "MG15_S_sustituida_con_huella_recalculada",
2026-09-09T20:38:16.7621633Z         "expected": "CONTENIDO_S",
2026-09-09T20:38:16.7621878Z         "actual": "CONTENIDO_S"
2026-09-09T20:38:16.7622100Z       },
2026-09-09T20:38:16.7622269Z       {
2026-09-09T20:38:16.7622464Z         "id": "MG16_definicion_sustituida",
2026-09-09T20:38:16.7622984Z         "expected": "DEFINICION",
2026-09-09T20:38:16.7623243Z         "actual": "DEFINICION"
2026-09-09T20:38:16.7623469Z       },
2026-09-09T20:38:16.7623639Z       {
2026-09-09T20:38:16.7623829Z         "id": "MH01_huella_F0",
2026-09-09T20:38:16.7624078Z         "expected": "CONTRATO_RECALCULO",
2026-09-09T20:38:16.7624353Z         "actual": "CONTRATO_RECALCULO"
2026-09-09T20:38:16.7624593Z       },
2026-09-09T20:38:16.7624758Z       {
2026-09-09T20:38:16.7624939Z         "id": "MH02_huella_HS",
2026-09-09T20:38:16.7625185Z         "expected": "CONTRATO_RECALCULO",
2026-09-09T20:38:16.7625605Z         "actual": "CONTRATO_RECALCULO"
2026-09-09T20:38:16.7625845Z       },
2026-09-09T20:38:16.7626010Z       {
2026-09-09T20:38:16.7626193Z         "id": "MH03_ambas_H_falsas",
2026-09-09T20:38:16.7626459Z         "expected": "CONTRATO_RECALCULO",
2026-09-09T20:38:16.7626723Z         "actual": "CONTRATO_RECALCULO"
2026-09-09T20:38:16.7626961Z       },
2026-09-09T20:38:16.7627127Z       {
2026-09-09T20:38:16.7627322Z         "id": "MH04_todas_las_huellas_cero",
2026-09-09T20:38:16.7627601Z         "expected": "CONTRATO_RECALCULO",
2026-09-09T20:38:16.7627864Z         "actual": "CONTRATO_RECALCULO"
2026-09-09T20:38:16.7628102Z       },
2026-09-09T20:38:16.7628274Z       {
2026-09-09T20:38:16.7628469Z         "id": "MH05_propietario_y_huella",
2026-09-09T20:38:16.7628739Z         "expected": "CONTRATO_TESTIGO",
2026-09-09T20:38:16.7629012Z         "actual": "CONTRATO_TESTIGO"
2026-09-09T20:38:16.7629250Z       },
2026-09-09T20:38:16.7629419Z       {
2026-09-09T20:38:16.7629615Z         "id": "MH06_alias_y_huella",
2026-09-09T20:38:16.7629866Z         "expected": "CONTRATO_TESTIGO",
2026-09-09T20:38:16.7630121Z         "actual": "CONTRATO_TESTIGO"
2026-09-09T20:38:16.7630355Z       },
2026-09-09T20:38:16.7630517Z       {
2026-09-09T20:38:16.7630704Z         "id": "MH07_artefacto_y_huella",
2026-09-09T20:38:16.7630965Z         "expected": "CONTRATO_TESTIGO",
2026-09-09T20:38:16.7631221Z         "actual": "CONTRATO_TESTIGO"
2026-09-09T20:38:16.7631454Z       },
2026-09-09T20:38:16.7631630Z       {
2026-09-09T20:38:16.7631841Z         "id": "MH08_proyeccion_contractual_y_huella",
2026-09-09T20:38:16.7632133Z         "expected": "CONTRATO_TESTIGO",
2026-09-09T20:38:16.7632385Z         "actual": "CONTRATO_TESTIGO"
2026-09-09T20:38:16.7632863Z       },
2026-09-09T20:38:16.7633039Z       {
2026-09-09T20:38:16.7633228Z         "id": "MH09_fuente_portadora",
2026-09-09T20:38:16.7633494Z         "expected": "PROGRAMA_FUENTE",
2026-09-09T20:38:16.7633756Z         "actual": "PROGRAMA_FUENTE"
2026-09-09T20:38:16.7633999Z       },
2026-09-09T20:38:16.7634176Z       {
2026-09-09T20:38:16.7634381Z         "id": "MH10_proyeccion_sin_metadatos",
2026-09-09T20:38:16.7634668Z         "expected": "PROGRAMA_PROYECCION",
2026-09-09T20:38:16.7634939Z         "actual": "PROGRAMA_PROYECCION"
2026-09-09T20:38:16.7635180Z       },
2026-09-09T20:38:16.7635350Z       {
2026-09-09T20:38:16.7635537Z         "id": "MH11_contrato_ausente",
2026-09-09T20:38:16.7635792Z         "expected": "CONTRATO_TESTIGO",
2026-09-09T20:38:16.7636048Z         "actual": "CONTRATO_TESTIGO"
2026-09-09T20:38:16.7636280Z       },
2026-09-09T20:38:16.7636447Z       {
2026-09-09T20:38:16.7636626Z         "id": "MH12_clase_y_huella",
2026-09-09T20:38:16.7636881Z         "expected": "CONTRATO_TESTIGO",
2026-09-09T20:38:16.7637145Z         "actual": "CONTRATO_TESTIGO"
2026-09-09T20:38:16.7637378Z       }
2026-09-09T20:38:16.7637545Z     ]
2026-09-09T20:38:16.7637715Z   },
2026-09-09T20:38:16.7637907Z   "input_sensitivity": {
2026-09-09T20:38:16.7638285Z     "entrypoint": "CLI",
2026-09-09T20:38:16.7638525Z     "raw_input_control": "ACCEPTED",
2026-09-09T20:38:16.7638788Z     "reserialized_control": "ACCEPTED",
2026-09-09T20:38:16.7639053Z     "directed_mutations": 15,
2026-09-09T20:38:16.7639289Z     "survivors": 0,
2026-09-09T20:38:16.7639490Z     "results": [
2026-09-09T20:38:16.7639683Z       {
2026-09-09T20:38:16.7639870Z         "id": "ME01_schema_repetido",
2026-09-09T20:38:16.7640131Z         "expected": "JSON_CLAVE_REPETIDA",
2026-09-09T20:38:16.7640400Z         "actual": "JSON_CLAVE_REPETIDA"
2026-09-09T20:38:16.7640639Z       },
2026-09-09T20:38:16.7640806Z       {
2026-09-09T20:38:16.7640990Z         "id": "ME02_results_repetido",
2026-09-09T20:38:16.7641251Z         "expected": "JSON_CLAVE_REPETIDA",
2026-09-09T20:38:16.7641519Z         "actual": "JSON_CLAVE_REPETIDA"
2026-09-09T20:38:16.7641759Z       },
2026-09-09T20:38:16.7641931Z       {
2026-09-09T20:38:16.7642120Z         "id": "ME03_propietario_repetido",
2026-09-09T20:38:16.7642917Z         "expected": "JSON_CLAVE_REPETIDA",
2026-09-09T20:38:16.7643288Z         "actual": "JSON_CLAVE_REPETIDA"
2026-09-09T20:38:16.7643530Z       },
2026-09-09T20:38:16.7643700Z       {
2026-09-09T20:38:16.7643897Z         "id": "ME04_clave_escapada_repetida",
2026-09-09T20:38:16.7644181Z         "expected": "JSON_CLAVE_REPETIDA",
2026-09-09T20:38:16.7644458Z         "actual": "JSON_CLAVE_REPETIDA"
2026-09-09T20:38:16.7644698Z       },
2026-09-09T20:38:16.7644864Z       {
2026-09-09T20:38:16.7645053Z         "id": "ME05_matriz_repetida",
2026-09-09T20:38:16.7645314Z         "expected": "JSON_CLAVE_REPETIDA",
2026-09-09T20:38:16.7645585Z         "actual": "JSON_CLAVE_REPETIDA"
2026-09-09T20:38:16.7645820Z       },
2026-09-09T20:38:16.7645990Z       {
2026-09-09T20:38:16.7646182Z         "id": "ME06_proyeccion_repetida",
2026-09-09T20:38:16.7646502Z         "expected": "PROGRAMA_PROYECCION:JSON_CLAVE_REPETIDA",
2026-09-09T20:38:16.7646872Z         "actual": "PROGRAMA_PROYECCION:JSON_CLAVE_REPETIDA"
2026-09-09T20:38:16.7647176Z       },
2026-09-09T20:38:16.7647346Z       {
2026-09-09T20:38:16.7647529Z         "id": "ME07_utf8_invalido",
2026-09-09T20:38:16.7647781Z         "expected": "JSON_UTF8",
2026-09-09T20:38:16.7648021Z         "actual": "JSON_UTF8"
2026-09-09T20:38:16.7648250Z       },
2026-09-09T20:38:16.7648422Z       {
2026-09-09T20:38:16.7648609Z         "id": "ME08_unicode_invalido",
2026-09-09T20:38:16.7648868Z         "expected": "JSON_UNICODE",
2026-09-09T20:38:16.7649116Z         "actual": "JSON_UNICODE"
2026-09-09T20:38:16.7649342Z       },
2026-09-09T20:38:16.7649514Z       {
2026-09-09T20:38:16.7649717Z         "id": "ME09_entero_fuera_de_subconjunto",
2026-09-09T20:38:16.7650008Z         "expected": "JSON_NUMERO_RANGO",
2026-09-09T20:38:16.7650535Z         "actual": "JSON_NUMERO_RANGO"
2026-09-09T20:38:16.7650965Z       },
2026-09-09T20:38:16.7651253Z       {
2026-09-09T20:38:16.7651570Z         "id": "ME10_forma_numerica",
2026-09-09T20:38:16.7652022Z         "expected": "JSON_NUMERO_FORMA",
2026-09-09T20:38:16.7652710Z         "actual": "JSON_NUMERO_FORMA"
2026-09-09T20:38:16.7652996Z       },
2026-09-09T20:38:16.7653169Z       {
2026-09-09T20:38:16.7653360Z         "id": "ME11_clave_que_reordena",
2026-09-09T20:38:16.7653628Z         "expected": "JSON_CLAVE_INDICE",
2026-09-09T20:38:16.7653898Z         "actual": "JSON_CLAVE_INDICE"
2026-09-09T20:38:16.7654136Z       },
2026-09-09T20:38:16.7654313Z       {
2026-09-09T20:38:16.7654499Z         "id": "ME12_matriz_prosa",
2026-09-09T20:38:16.7654939Z         "expected": "MATRIZ_HUELLA",
2026-09-09T20:38:16.7655350Z         "actual": "MATRIZ_HUELLA"
2026-09-09T20:38:16.7655719Z       },
2026-09-09T20:38:16.7656056Z       {
2026-09-09T20:38:16.7656395Z         "id": "ME13_matriz_reserializada",
2026-09-09T20:38:16.7656813Z         "expected": "MATRIZ_HUELLA",
2026-09-09T20:38:16.7657220Z         "actual": "MATRIZ_HUELLA"
2026-09-09T20:38:16.7657573Z       },
2026-09-09T20:38:16.7657852Z       {
2026-09-09T20:38:16.7658407Z         "id": "ME14_matriz_propiedad_adicional",
2026-09-09T20:38:16.7658879Z         "expected": "MATRIZ_HUELLA",
2026-09-09T20:38:16.7659277Z         "actual": "MATRIZ_HUELLA"
2026-09-09T20:38:16.7659510Z       },
2026-09-09T20:38:16.7659682Z       {
2026-09-09T20:38:16.7659899Z         "id": "ME15_variante_conflictiva_repetida",
2026-09-09T20:38:16.7660208Z         "expected": "JSON_CLAVE_REPETIDA",
2026-09-09T20:38:16.7660485Z         "actual": "JSON_CLAVE_REPETIDA"
2026-09-09T20:38:16.7660735Z       }
2026-09-09T20:38:16.7661058Z     ]
2026-09-09T20:38:16.7661367Z   },
2026-09-09T20:38:16.7661563Z   "matrix_sensitivity": {
2026-09-09T20:38:16.7661823Z     "entrypoint": "API",
2026-09-09T20:38:16.7662063Z     "reviewed_control": "ACCEPTED",
2026-09-09T20:38:16.7662321Z     "directed_mutations": 104,
2026-09-09T20:38:16.7662688Z     "survivors": 0,
2026-09-09T20:38:16.7662990Z     "results": [
2026-09-09T20:38:16.7663238Z       {
2026-09-09T20:38:16.7663429Z         "treatment": "IDENTIDAD",
2026-09-09T20:38:16.7663682Z         "field": "operation",
2026-09-09T20:38:16.7664100Z         "expected": "MATRIZ_CONTENIDO",
2026-09-09T20:38:16.7664365Z         "actual": "MATRIZ_CONTENIDO"
2026-09-09T20:38:16.7664611Z       },
2026-09-09T20:38:16.7664778Z       {
2026-09-09T20:38:16.7664960Z         "treatment": "IDENTIDAD",
2026-09-09T20:38:16.7665196Z         "field": "contract",
2026-09-09T20:38:16.7665432Z         "expected": "MATRIZ_CONTENIDO",
2026-09-09T20:38:16.7665694Z         "actual": "MATRIZ_CONTENIDO"
2026-09-09T20:38:16.7665928Z       },
2026-09-09T20:38:16.7666098Z       {
2026-09-09T20:38:16.7666281Z         "treatment": "IDENTIDAD",
2026-09-09T20:38:16.7666517Z         "field": "available",
2026-09-09T20:38:16.7666756Z         "expected": "MATRIZ_CONTENIDO",
2026-09-09T20:38:16.7667020Z         "actual": "MATRIZ_CONTENIDO"
2026-09-09T20:38:16.7667255Z       },
2026-09-09T20:38:16.7667422Z       {
2026-09-09T20:38:16.7667605Z         "treatment": "IDENTIDAD",
2026-09-09T20:38:16.7667844Z         "field": "excluded",
2026-09-09T20:38:16.7668089Z         "expected": "MATRIZ_CONTENIDO",
2026-09-09T20:38:16.7668350Z         "actual": "MATRIZ_CONTENIDO"
2026-09-09T20:38:16.7668585Z       },
2026-09-09T20:38:16.7668757Z       {
2026-09-09T20:38:16.7668966Z         "treatment": "IDENTIDAD",
2026-09-09T20:38:16.7669230Z         "field": "responsible",
2026-09-09T20:38:16.7669472Z         "expected": "MATRIZ_CONTENIDO",
2026-09-09T20:38:16.7669738Z         "actual": "MATRIZ_CONTENIDO"
2026-09-09T20:38:16.7669976Z       },
2026-09-09T20:38:16.7670149Z       {
2026-09-09T20:38:16.7670336Z         "treatment": "IDENTIDAD",
2026-09-09T20:38:16.7670574Z         "field": "stage",
2026-09-09T20:38:16.7670897Z         "expected": "MATRIZ_CONTENIDO",
2026-09-09T20:38:16.7671158Z         "actual": "MATRIZ_CONTENIDO"
2026-09-09T20:38:16.7671393Z       },
2026-09-09T20:38:16.7671562Z       {
2026-09-09T20:38:16.7671768Z         "treatment": "IDENTIDAD",
2026-09-09T20:38:16.7672013Z         "field": "reentry_condition",
2026-09-09T20:38:16.7672284Z         "expected": "MATRIZ_CONTENIDO",
2026-09-09T20:38:16.7672668Z         "actual": "MATRIZ_CONTENIDO"
2026-09-09T20:38:16.7672909Z       },
2026-09-09T20:38:16.7673074Z       {
2026-09-09T20:38:16.7673256Z         "treatment": "IDENTIDAD",
2026-09-09T20:38:16.7673494Z         "field": "evidence",
2026-09-09T20:38:16.7673725Z         "expected": "MATRIZ_CONTENIDO",
2026-09-09T20:38:16.7673982Z         "actual": "MATRIZ_CONTENIDO"
2026-09-09T20:38:16.7674217Z       },
2026-09-09T20:38:16.7674382Z       {
2026-09-09T20:38:16.7674557Z         "treatment": "BYTES",
2026-09-09T20:38:16.7674794Z         "field": "operation",
2026-09-09T20:38:16.7675030Z         "expected": "MATRIZ_CONTENIDO",
2026-09-09T20:38:16.7675284Z         "actual": "MATRIZ_CONTENIDO"
2026-09-09T20:38:16.7675517Z       },
2026-09-09T20:38:16.7675683Z       {
2026-09-09T20:38:16.7675859Z         "treatment": "BYTES",
2026-09-09T20:38:16.7676087Z         "field": "contract",
2026-09-09T20:38:16.7676445Z         "expected": "MATRIZ_CONTENIDO",
2026-09-09T20:38:16.7676713Z         "actual": "MATRIZ_CONTENIDO"
2026-09-09T20:38:16.7676946Z       },
2026-09-09T20:38:16.7677137Z       {
2026-09-09T20:38:16.7677315Z         "treatment": "BYTES",
2026-09-09T20:38:16.7677548Z         "field": "available",
2026-09-09T20:38:16.7677782Z         "expected": "MATRIZ_CONTENIDO",
2026-09-09T20:38:16.7678036Z         "actual": "MATRIZ_CONTENIDO"
2026-09-09T20:38:16.7678268Z       },
2026-09-09T20:38:16.7678442Z       {
2026-09-09T20:38:16.7678618Z         "treatment": "BYTES",
2026-09-09T20:38:16.7678843Z         "field": "excluded",
2026-09-09T20:38:16.7679089Z         "expected": "MATRIZ_CONTENIDO",
2026-09-09T20:38:16.7679343Z         "actual": "MATRIZ_CONTENIDO"
2026-09-09T20:38:16.7679578Z       },
2026-09-09T20:38:16.7679746Z       {
2026-09-09T20:38:16.7679936Z         "treatment": "BYTES",
2026-09-09T20:38:16.7680170Z         "field": "responsible",
2026-09-09T20:38:16.7680414Z         "expected": "MATRIZ_CONTENIDO",
2026-09-09T20:38:16.7680677Z         "actual": "MATRIZ_CONTENIDO"
2026-09-09T20:38:16.7681039Z       },
2026-09-09T20:38:16.7681210Z       {
2026-09-09T20:38:16.7681384Z         "treatment": "BYTES",
2026-09-09T20:38:16.7681605Z         "field": "stage",
2026-09-09T20:38:16.7681831Z         "expected": "MATRIZ_CONTENIDO",
2026-09-09T20:38:16.7682088Z         "actual": "MATRIZ_CONTENIDO"
2026-09-09T20:38:16.7682343Z       },
2026-09-09T20:38:16.7682622Z       {
2026-09-09T20:38:16.7682888Z         "treatment": "BYTES",
2026-09-09T20:38:16.7683139Z         "field": "reentry_condition",
2026-09-09T20:38:16.7683395Z         "expected": "MATRIZ_CONTENIDO",
2026-09-09T20:38:16.7683653Z         "actual": "MATRIZ_CONTENIDO"
2026-09-09T20:38:16.7683891Z       },
2026-09-09T20:38:16.7684058Z       {
2026-09-09T20:38:16.7684236Z         "treatment": "BYTES",
2026-09-09T20:38:16.7684464Z         "field": "evidence",
2026-09-09T20:38:16.7684696Z         "expected": "MATRIZ_CONTENIDO",
2026-09-09T20:38:16.7684971Z         "actual": "MATRIZ_CONTENIDO"
2026-09-09T20:38:16.7685214Z       },
2026-09-09T20:38:16.7685391Z       {
2026-09-09T20:38:16.7685574Z         "treatment": "CONTEXTO",
2026-09-09T20:38:16.7685811Z         "field": "operation",
2026-09-09T20:38:16.7686044Z         "expected": "MATRIZ_CONTENIDO",
2026-09-09T20:38:16.7686301Z         "actual": "MATRIZ_CONTENIDO"
2026-09-09T20:38:16.7686540Z       },
2026-09-09T20:38:16.7686708Z       {
2026-09-09T20:38:16.7686888Z         "treatment": "CONTEXTO",
2026-09-09T20:38:16.7687124Z         "field": "contract",
2026-09-09T20:38:16.7687358Z         "expected": "MATRIZ_CONTENIDO",
2026-09-09T20:38:16.7687621Z         "actual": "MATRIZ_CONTENIDO"
2026-09-09T20:38:16.7687856Z       },
2026-09-09T20:38:16.7688033Z       {
2026-09-09T20:38:16.7688233Z         "treatment": "CONTEXTO",
2026-09-09T20:38:16.7688468Z         "field": "available",
2026-09-09T20:38:16.7688702Z         "expected": "MATRIZ_CONTENIDO",
2026-09-09T20:38:16.7688960Z         "actual": "MATRIZ_CONTENIDO"
2026-09-09T20:38:16.7689199Z       },
2026-09-09T20:38:16.7689380Z       {
2026-09-09T20:38:16.7689561Z         "treatment": "CONTEXTO",
2026-09-09T20:38:16.7689795Z         "field": "excluded",
2026-09-09T20:38:16.7690027Z         "expected": "MATRIZ_CONTENIDO",
2026-09-09T20:38:16.7690281Z         "actual": "MATRIZ_CONTENIDO"
2026-09-09T20:38:16.7690527Z       },
2026-09-09T20:38:16.7690695Z       {
2026-09-09T20:38:16.7690870Z         "treatment": "CONTEXTO",
2026-09-09T20:38:16.7691104Z         "field": "responsible",
2026-09-09T20:38:16.7691342Z         "expected": "MATRIZ_CONTENIDO",
2026-09-09T20:38:16.7691598Z         "actual": "MATRIZ_CONTENIDO"
2026-09-09T20:38:16.7691835Z       },
2026-09-09T20:38:16.7692001Z       {
2026-09-09T20:38:16.7692181Z         "treatment": "CONTEXTO",
2026-09-09T20:38:16.7692412Z         "field": "stage",
2026-09-09T20:38:16.7692807Z         "expected": "MATRIZ_CONTENIDO",
2026-09-09T20:38:16.7693121Z         "actual": "MATRIZ_CONTENIDO"
2026-09-09T20:38:16.7693368Z       },
2026-09-09T20:38:16.7693683Z       {
2026-09-09T20:38:16.7693884Z         "treatment": "CONTEXTO",
2026-09-09T20:38:16.7694129Z         "field": "reentry_condition",
2026-09-09T20:38:16.7694391Z         "expected": "MATRIZ_CONTENIDO",
2026-09-09T20:38:16.7694653Z         "actual": "MATRIZ_CONTENIDO"
2026-09-09T20:38:16.7694886Z       },
2026-09-09T20:38:16.7695054Z       {
2026-09-09T20:38:16.7695234Z         "treatment": "CONTEXTO",
2026-09-09T20:38:16.7695468Z         "field": "evidence",
2026-09-09T20:38:16.7695707Z         "expected": "MATRIZ_CONTENIDO",
2026-09-09T20:38:16.7695971Z         "actual": "MATRIZ_CONTENIDO"
2026-09-09T20:38:16.7696205Z       },
2026-09-09T20:38:16.7696373Z       {
2026-09-09T20:38:16.7696551Z         "treatment": "CLINICA",
2026-09-09T20:38:16.7696787Z         "field": "operation",
2026-09-09T20:38:16.7697025Z         "expected": "MATRIZ_CONTENIDO",
2026-09-09T20:38:16.7697285Z         "actual": "MATRIZ_CONTENIDO"
2026-09-09T20:38:16.7697521Z       },
2026-09-09T20:38:16.7697688Z       {
2026-09-09T20:38:16.7697992Z         "treatment": "CLINICA",
2026-09-09T20:38:16.7698229Z         "field": "contract",
2026-09-09T20:38:16.7698465Z         "expected": "MATRIZ_CONTENIDO",
2026-09-09T20:38:16.7698729Z         "actual": "MATRIZ_CONTENIDO"
2026-09-09T20:38:16.7698966Z       },
2026-09-09T20:38:16.7699135Z       {
2026-09-09T20:38:16.7699311Z         "treatment": "CLINICA",
2026-09-09T20:38:16.7699546Z         "field": "available",
2026-09-09T20:38:16.7699783Z         "expected": "MATRIZ_CONTENIDO",
2026-09-09T20:38:16.7700039Z         "actual": "MATRIZ_CONTENIDO"
2026-09-09T20:38:16.7700274Z       },
2026-09-09T20:38:16.7700440Z       {
2026-09-09T20:38:16.7700617Z         "treatment": "CLINICA",
2026-09-09T20:38:16.7700847Z         "field": "excluded",
2026-09-09T20:38:16.7701087Z         "expected": "MATRIZ_CONTENIDO",
2026-09-09T20:38:16.7701344Z         "actual": "MATRIZ_CONTENIDO"
2026-09-09T20:38:16.7701577Z       },
2026-09-09T20:38:16.7701743Z       {
2026-09-09T20:38:16.7701925Z         "treatment": "CLINICA",
2026-09-09T20:38:16.7702160Z         "field": "responsible",
2026-09-09T20:38:16.7702395Z         "expected": "MATRIZ_CONTENIDO",
2026-09-09T20:38:16.7702951Z         "actual": "MATRIZ_CONTENIDO"
2026-09-09T20:38:16.7703204Z       },
2026-09-09T20:38:16.7703373Z       {
2026-09-09T20:38:16.7703553Z         "treatment": "CLINICA",
2026-09-09T20:38:16.7703784Z         "field": "stage",
2026-09-09T20:38:16.7704023Z         "expected": "MATRIZ_CONTENIDO",
2026-09-09T20:38:16.7704279Z         "actual": "MATRIZ_CONTENIDO"
2026-09-09T20:38:16.7704510Z       },
2026-09-09T20:38:16.7704682Z       {
2026-09-09T20:38:16.7704861Z         "treatment": "CLINICA",
2026-09-09T20:38:16.7705101Z         "field": "reentry_condition",
2026-09-09T20:38:16.7705359Z         "expected": "MATRIZ_CONTENIDO",
2026-09-09T20:38:16.7705616Z         "actual": "MATRIZ_CONTENIDO"
2026-09-09T20:38:16.7705850Z       },
2026-09-09T20:38:16.7706018Z       {
2026-09-09T20:38:16.7706197Z         "treatment": "CLINICA",
2026-09-09T20:38:16.7706442Z         "field": "evidence",
2026-09-09T20:38:16.7706680Z         "expected": "MATRIZ_CONTENIDO",
2026-09-09T20:38:16.7706935Z         "actual": "MATRIZ_CONTENIDO"
2026-09-09T20:38:16.7707173Z       },
2026-09-09T20:38:16.7707348Z       {
2026-09-09T20:38:16.7707537Z         "treatment": "AUTORIDAD",
2026-09-09T20:38:16.7707787Z         "field": "operation",
2026-09-09T20:38:16.7708028Z         "expected": "MATRIZ_CONTENIDO",
2026-09-09T20:38:16.7708286Z         "actual": "MATRIZ_CONTENIDO"
2026-09-09T20:38:16.7708522Z       },
2026-09-09T20:38:16.7708693Z       {
2026-09-09T20:38:16.7708875Z         "treatment": "AUTORIDAD",
2026-09-09T20:38:16.7709124Z         "field": "contract",
2026-09-09T20:38:16.7709359Z         "expected": "MATRIZ_CONTENIDO",
2026-09-09T20:38:16.7709615Z         "actual": "MATRIZ_CONTENIDO"
2026-09-09T20:38:16.7709851Z       },
2026-09-09T20:38:16.7710019Z       {
2026-09-09T20:38:16.7710202Z         "treatment": "AUTORIDAD",
2026-09-09T20:38:16.7710570Z         "field": "available",
2026-09-09T20:38:16.7710817Z         "expected": "MATRIZ_CONTENIDO",
2026-09-09T20:38:16.7711074Z         "actual": "MATRIZ_CONTENIDO"
2026-09-09T20:38:16.7711305Z       },
2026-09-09T20:38:16.7711472Z       {
2026-09-09T20:38:16.7711659Z         "treatment": "AUTORIDAD",
2026-09-09T20:38:16.7711897Z         "field": "excluded",
2026-09-09T20:38:16.7712128Z         "expected": "MATRIZ_CONTENIDO",
2026-09-09T20:38:16.7712383Z         "actual": "MATRIZ_CONTENIDO"
2026-09-09T20:38:16.7712741Z       },
2026-09-09T20:38:16.7712914Z       {
2026-09-09T20:38:16.7713095Z         "treatment": "AUTORIDAD",
2026-09-09T20:38:16.7713332Z         "field": "responsible",
2026-09-09T20:38:16.7713569Z         "expected": "MATRIZ_CONTENIDO",
2026-09-09T20:38:16.7713822Z         "actual": "MATRIZ_CONTENIDO"
2026-09-09T20:38:16.7714057Z       },
2026-09-09T20:38:16.7714229Z       {
2026-09-09T20:38:16.7714416Z         "treatment": "AUTORIDAD",
2026-09-09T20:38:16.7714650Z         "field": "stage",
2026-09-09T20:38:16.7714878Z         "expected": "MATRIZ_CONTENIDO",
2026-09-09T20:38:16.7715266Z         "actual": "MATRIZ_CONTENIDO"
2026-09-09T20:38:16.7715501Z       },
2026-09-09T20:38:16.7715667Z       {
2026-09-09T20:38:16.7715848Z         "treatment": "AUTORIDAD",
2026-09-09T20:38:16.7716092Z         "field": "reentry_condition",
2026-09-09T20:38:16.7716348Z         "expected": "MATRIZ_CONTENIDO",
2026-09-09T20:38:16.7716601Z         "actual": "MATRIZ_CONTENIDO"
2026-09-09T20:38:16.7716842Z       },
2026-09-09T20:38:16.7717027Z       {
2026-09-09T20:38:16.7717209Z         "treatment": "AUTORIDAD",
2026-09-09T20:38:16.7717449Z         "field": "evidence",
2026-09-09T20:38:16.7717688Z         "expected": "MATRIZ_CONTENIDO",
2026-09-09T20:38:16.7717944Z         "actual": "MATRIZ_CONTENIDO"
2026-09-09T20:38:16.7718180Z       },
2026-09-09T20:38:16.7718350Z       {
2026-09-09T20:38:16.7718535Z         "treatment": "CRITICIDAD",
2026-09-09T20:38:16.7718781Z         "field": "operation",
2026-09-09T20:38:16.7719024Z         "expected": "MATRIZ_CONTENIDO",
2026-09-09T20:38:16.7719289Z         "actual": "MATRIZ_CONTENIDO"
2026-09-09T20:38:16.7719534Z       },
2026-09-09T20:38:16.7719827Z       {
2026-09-09T20:38:16.7720018Z         "treatment": "CRITICIDAD",
2026-09-09T20:38:16.7720264Z         "field": "contract",
2026-09-09T20:38:16.7720502Z         "expected": "MATRIZ_CONTENIDO",
2026-09-09T20:38:16.7720764Z         "actual": "MATRIZ_CONTENIDO"
2026-09-09T20:38:16.7721001Z       },
2026-09-09T20:38:16.7721168Z       {
2026-09-09T20:38:16.7721352Z         "treatment": "CRITICIDAD",
2026-09-09T20:38:16.7721598Z         "field": "available",
2026-09-09T20:38:16.7721840Z         "expected": "MATRIZ_CONTENIDO",
2026-09-09T20:38:16.7722107Z         "actual": "MATRIZ_CONTENIDO"
2026-09-09T20:38:16.7722342Z       },
2026-09-09T20:38:16.7722631Z       {
2026-09-09T20:38:16.7722820Z         "treatment": "CRITICIDAD",
2026-09-09T20:38:16.7723067Z         "field": "excluded",
2026-09-09T20:38:16.7723303Z         "expected": "MATRIZ_CONTENIDO",
2026-09-09T20:38:16.7723570Z         "actual": "MATRIZ_CONTENIDO"
2026-09-09T20:38:16.7723805Z       },
2026-09-09T20:38:16.7723975Z       {
2026-09-09T20:38:16.7724160Z         "treatment": "CRITICIDAD",
2026-09-09T20:38:16.7724408Z         "field": "responsible",
2026-09-09T20:38:16.7724651Z         "expected": "MATRIZ_CONTENIDO",
2026-09-09T20:38:16.7724917Z         "actual": "MATRIZ_CONTENIDO"
2026-09-09T20:38:16.7725239Z       },
2026-09-09T20:38:16.7739505Z       {
2026-09-09T20:38:16.7739837Z         "treatment": "CRITICIDAD",
2026-09-09T20:38:16.7740173Z         "field": "stage",
2026-09-09T20:38:16.7740431Z         "expected": "MATRIZ_CONTENIDO",
2026-09-09T20:38:16.7740711Z         "actual": "MATRIZ_CONTENIDO"
2026-09-09T20:38:16.7740957Z       },
2026-09-09T20:38:16.7741128Z       {
2026-09-09T20:38:16.7741315Z         "treatment": "CRITICIDAD",
2026-09-09T20:38:16.7741572Z         "field": "reentry_condition",
2026-09-09T20:38:16.7741841Z         "expected": "MATRIZ_CONTENIDO",
2026-09-09T20:38:16.7742303Z         "actual": "MATRIZ_CONTENIDO"
2026-09-09T20:38:16.7742829Z       },
2026-09-09T20:38:16.7743140Z       {
2026-09-09T20:38:16.7743432Z         "treatment": "CRITICIDAD",
2026-09-09T20:38:16.7743827Z         "field": "evidence",
2026-09-09T20:38:16.7744196Z         "expected": "MATRIZ_CONTENIDO",
2026-09-09T20:38:16.7744618Z         "actual": "MATRIZ_CONTENIDO"
2026-09-09T20:38:16.7744990Z       },
2026-09-09T20:38:16.7745249Z       {
2026-09-09T20:38:16.7745529Z         "treatment": "RESUMEN",
2026-09-09T20:38:16.7745886Z         "field": "operation",
2026-09-09T20:38:16.7746127Z         "expected": "MATRIZ_CONTENIDO",
2026-09-09T20:38:16.7746383Z         "actual": "MATRIZ_CONTENIDO"
2026-09-09T20:38:16.7746622Z       },
2026-09-09T20:38:16.7746788Z       {
2026-09-09T20:38:16.7746966Z         "treatment": "RESUMEN",
2026-09-09T20:38:16.7747202Z         "field": "contract",
2026-09-09T20:38:16.7747445Z         "expected": "MATRIZ_CONTENIDO",
2026-09-09T20:38:16.7747718Z         "actual": "MATRIZ_CONTENIDO"
2026-09-09T20:38:16.7748111Z       },
2026-09-09T20:38:16.7748284Z       {
2026-09-09T20:38:16.7748466Z         "treatment": "RESUMEN",
2026-09-09T20:38:16.7748702Z         "field": "available",
2026-09-09T20:38:16.7748936Z         "expected": "MATRIZ_CONTENIDO",
2026-09-09T20:38:16.7749195Z         "actual": "MATRIZ_CONTENIDO"
2026-09-09T20:38:16.7749436Z       },
2026-09-09T20:38:16.7749607Z       {
2026-09-09T20:38:16.7749797Z         "treatment": "RESUMEN",
2026-09-09T20:38:16.7750040Z         "field": "excluded",
2026-09-09T20:38:16.7750279Z         "expected": "MATRIZ_CONTENIDO",
2026-09-09T20:38:16.7750549Z         "actual": "MATRIZ_CONTENIDO"
2026-09-09T20:38:16.7750792Z       },
2026-09-09T20:38:16.7750968Z       {
2026-09-09T20:38:16.7751154Z         "treatment": "RESUMEN",
2026-09-09T20:38:16.7751394Z         "field": "responsible",
2026-09-09T20:38:16.7751639Z         "expected": "MATRIZ_CONTENIDO",
2026-09-09T20:38:16.7751913Z         "actual": "MATRIZ_CONTENIDO"
2026-09-09T20:38:16.7752163Z       },
2026-09-09T20:38:16.7752332Z       {
2026-09-09T20:38:16.7752669Z         "treatment": "RESUMEN",
2026-09-09T20:38:16.7752910Z         "field": "stage",
2026-09-09T20:38:16.7753137Z         "expected": "MATRIZ_CONTENIDO",
2026-09-09T20:38:16.7753396Z         "actual": "MATRIZ_CONTENIDO"
2026-09-09T20:38:16.7753631Z       },
2026-09-09T20:38:16.7753800Z       {
2026-09-09T20:38:16.7753979Z         "treatment": "RESUMEN",
2026-09-09T20:38:16.7754218Z         "field": "reentry_condition",
2026-09-09T20:38:16.7754472Z         "expected": "MATRIZ_CONTENIDO",
2026-09-09T20:38:16.7754731Z         "actual": "MATRIZ_CONTENIDO"
2026-09-09T20:38:16.7754963Z       },
2026-09-09T20:38:16.7755130Z       {
2026-09-09T20:38:16.7755310Z         "treatment": "RESUMEN",
2026-09-09T20:38:16.7755539Z         "field": "evidence",
2026-09-09T20:38:16.7755773Z         "expected": "MATRIZ_CONTENIDO",
2026-09-09T20:38:16.7756066Z         "actual": "MATRIZ_CONTENIDO"
2026-09-09T20:38:16.7756299Z       },
2026-09-09T20:38:16.7756479Z       {
2026-09-09T20:38:16.7756661Z         "treatment": "SALIDA",
2026-09-09T20:38:16.7756897Z         "field": "operation",
2026-09-09T20:38:16.7757142Z         "expected": "MATRIZ_CONTENIDO",
2026-09-09T20:38:16.7757392Z         "actual": "MATRIZ_CONTENIDO"
2026-09-09T20:38:16.7757624Z       },
2026-09-09T20:38:16.7757790Z       {
2026-09-09T20:38:16.7757969Z         "treatment": "SALIDA",
2026-09-09T20:38:16.7758197Z         "field": "contract",
2026-09-09T20:38:16.7758429Z         "expected": "MATRIZ_CONTENIDO",
2026-09-09T20:38:16.7758684Z         "actual": "MATRIZ_CONTENIDO"
2026-09-09T20:38:16.7758914Z       },
2026-09-09T20:38:16.7759083Z       {
2026-09-09T20:38:16.7759262Z         "treatment": "SALIDA",
2026-09-09T20:38:16.7759491Z         "field": "available",
2026-09-09T20:38:16.7759734Z         "expected": "MATRIZ_CONTENIDO",
2026-09-09T20:38:16.7759990Z         "actual": "MATRIZ_CONTENIDO"
2026-09-09T20:38:16.7760220Z       },
2026-09-09T20:38:16.7760390Z       {
2026-09-09T20:38:16.7760700Z         "treatment": "SALIDA",
2026-09-09T20:38:16.7760934Z         "field": "excluded",
2026-09-09T20:38:16.7761169Z         "expected": "MATRIZ_CONTENIDO",
2026-09-09T20:38:16.7761424Z         "actual": "MATRIZ_CONTENIDO"
2026-09-09T20:38:16.7761656Z       },
2026-09-09T20:38:16.7761826Z       {
2026-09-09T20:38:16.7762004Z         "treatment": "SALIDA",
2026-09-09T20:38:16.7762241Z         "field": "responsible",
2026-09-09T20:38:16.7762472Z         "expected": "MATRIZ_CONTENIDO",
2026-09-09T20:38:16.7762987Z         "actual": "MATRIZ_CONTENIDO"
2026-09-09T20:38:16.7763220Z       },
2026-09-09T20:38:16.7763387Z       {
2026-09-09T20:38:16.7763563Z         "treatment": "SALIDA",
2026-09-09T20:38:16.7763787Z         "field": "stage",
2026-09-09T20:38:16.7764007Z         "expected": "MATRIZ_CONTENIDO",
2026-09-09T20:38:16.7764259Z         "actual": "MATRIZ_CONTENIDO"
2026-09-09T20:38:16.7764490Z       },
2026-09-09T20:38:16.7764668Z       {
2026-09-09T20:38:16.7764855Z         "treatment": "SALIDA",
2026-09-09T20:38:16.7765243Z         "field": "reentry_condition",
2026-09-09T20:38:16.7765505Z         "expected": "MATRIZ_CONTENIDO",
2026-09-09T20:38:16.7765756Z         "actual": "MATRIZ_CONTENIDO"
2026-09-09T20:38:16.7765985Z       },
2026-09-09T20:38:16.7766150Z       {
2026-09-09T20:38:16.7766328Z         "treatment": "SALIDA",
2026-09-09T20:38:16.7766551Z         "field": "evidence",
2026-09-09T20:38:16.7766781Z         "expected": "MATRIZ_CONTENIDO",
2026-09-09T20:38:16.7767032Z         "actual": "MATRIZ_CONTENIDO"
2026-09-09T20:38:16.7767266Z       },
2026-09-09T20:38:16.7767425Z       {
2026-09-09T20:38:16.7767599Z         "treatment": "FALLO",
2026-09-09T20:38:16.7767822Z         "field": "operation",
2026-09-09T20:38:16.7768045Z         "expected": "MATRIZ_CONTENIDO",
2026-09-09T20:38:16.7768297Z         "actual": "MATRIZ_CONTENIDO"
2026-09-09T20:38:16.7768526Z       },
2026-09-09T20:38:16.7768692Z       {
2026-09-09T20:38:16.7768870Z         "treatment": "FALLO",
2026-09-09T20:38:16.7769099Z         "field": "contract",
2026-09-09T20:38:16.7769345Z         "expected": "MATRIZ_CONTENIDO",
2026-09-09T20:38:16.7769606Z         "actual": "MATRIZ_CONTENIDO"
2026-09-09T20:38:16.7769846Z       },
2026-09-09T20:38:16.7770010Z       {
2026-09-09T20:38:16.7770188Z         "treatment": "FALLO",
2026-09-09T20:38:16.7770424Z         "field": "available",
2026-09-09T20:38:16.7770669Z         "expected": "MATRIZ_CONTENIDO",
2026-09-09T20:38:16.7770948Z         "actual": "MATRIZ_CONTENIDO"
2026-09-09T20:38:16.7771187Z       },
2026-09-09T20:38:16.7771356Z       {
2026-09-09T20:38:16.7771535Z         "treatment": "FALLO",
2026-09-09T20:38:16.7771762Z         "field": "excluded",
2026-09-09T20:38:16.7771992Z         "expected": "MATRIZ_CONTENIDO",
2026-09-09T20:38:16.7772256Z         "actual": "MATRIZ_CONTENIDO"
2026-09-09T20:38:16.7772497Z       },
2026-09-09T20:38:16.7772795Z       {
2026-09-09T20:38:16.7772973Z         "treatment": "FALLO",
2026-09-09T20:38:16.7773202Z         "field": "responsible",
2026-09-09T20:38:16.7773452Z         "expected": "MATRIZ_CONTENIDO",
2026-09-09T20:38:16.7773706Z         "actual": "MATRIZ_CONTENIDO"
2026-09-09T20:38:16.7773945Z       },
2026-09-09T20:38:16.7774109Z       {
2026-09-09T20:38:16.7774282Z         "treatment": "FALLO",
2026-09-09T20:38:16.7774503Z         "field": "stage",
2026-09-09T20:38:16.7774721Z         "expected": "MATRIZ_CONTENIDO",
2026-09-09T20:38:16.7774971Z         "actual": "MATRIZ_CONTENIDO"
2026-09-09T20:38:16.7775205Z       },
2026-09-09T20:38:16.7775369Z       {
2026-09-09T20:38:16.7775543Z         "treatment": "FALLO",
2026-09-09T20:38:16.7775771Z         "field": "reentry_condition",
2026-09-09T20:38:16.7776023Z         "expected": "MATRIZ_CONTENIDO",
2026-09-09T20:38:16.7776275Z         "actual": "MATRIZ_CONTENIDO"
2026-09-09T20:38:16.7776504Z       },
2026-09-09T20:38:16.7776671Z       {
2026-09-09T20:38:16.7776847Z         "treatment": "FALLO",
2026-09-09T20:38:16.7777069Z         "field": "evidence",
2026-09-09T20:38:16.7777466Z         "expected": "MATRIZ_CONTENIDO",
2026-09-09T20:38:16.7777737Z         "actual": "MATRIZ_CONTENIDO"
2026-09-09T20:38:16.7777965Z       },
2026-09-09T20:38:16.7778130Z       {
2026-09-09T20:38:16.7778311Z         "treatment": "REPRODUCCION",
2026-09-09T20:38:16.7778556Z         "field": "operation",
2026-09-09T20:38:16.7778794Z         "expected": "MATRIZ_CONTENIDO",
2026-09-09T20:38:16.7779044Z         "actual": "MATRIZ_CONTENIDO"
2026-09-09T20:38:16.7779274Z       },
2026-09-09T20:38:16.7779445Z       {
2026-09-09T20:38:16.7779632Z         "treatment": "REPRODUCCION",
2026-09-09T20:38:16.7779877Z         "field": "contract",
2026-09-09T20:38:16.7780109Z         "expected": "MATRIZ_CONTENIDO",
2026-09-09T20:38:16.7780372Z         "actual": "MATRIZ_CONTENIDO"
2026-09-09T20:38:16.7780608Z       },
2026-09-09T20:38:16.7780778Z       {
2026-09-09T20:38:16.7780961Z         "treatment": "REPRODUCCION",
2026-09-09T20:38:16.7781205Z         "field": "available",
2026-09-09T20:38:16.7781443Z         "expected": "MATRIZ_CONTENIDO",
2026-09-09T20:38:16.7781849Z         "actual": "MATRIZ_CONTENIDO"
2026-09-09T20:38:16.7782085Z       },
2026-09-09T20:38:16.7782254Z       {
2026-09-09T20:38:16.7782438Z         "treatment": "REPRODUCCION",
2026-09-09T20:38:16.7783009Z         "field": "excluded",
2026-09-09T20:38:16.7783260Z         "expected": "MATRIZ_CONTENIDO",
2026-09-09T20:38:16.7783517Z         "actual": "MATRIZ_CONTENIDO"
2026-09-09T20:38:16.7783744Z       },
2026-09-09T20:38:16.7783909Z       {
2026-09-09T20:38:16.7784092Z         "treatment": "REPRODUCCION",
2026-09-09T20:38:16.7784335Z         "field": "responsible",
2026-09-09T20:38:16.7784572Z         "expected": "MATRIZ_CONTENIDO",
2026-09-09T20:38:16.7784823Z         "actual": "MATRIZ_CONTENIDO"
2026-09-09T20:38:16.7785055Z       },
2026-09-09T20:38:16.7785219Z       {
2026-09-09T20:38:16.7785399Z         "treatment": "REPRODUCCION",
2026-09-09T20:38:16.7785639Z         "field": "stage",
2026-09-09T20:38:16.7785864Z         "expected": "MATRIZ_CONTENIDO",
2026-09-09T20:38:16.7786149Z         "actual": "MATRIZ_CONTENIDO"
2026-09-09T20:38:16.7786382Z       },
2026-09-09T20:38:16.7786546Z       {
2026-09-09T20:38:16.7786728Z         "treatment": "REPRODUCCION",
2026-09-09T20:38:16.7786983Z         "field": "reentry_condition",
2026-09-09T20:38:16.7787235Z         "expected": "MATRIZ_CONTENIDO",
2026-09-09T20:38:16.7787490Z         "actual": "MATRIZ_CONTENIDO"
2026-09-09T20:38:16.7787718Z       },
2026-09-09T20:38:16.7787883Z       {
2026-09-09T20:38:16.7788066Z         "treatment": "REPRODUCCION",
2026-09-09T20:38:16.7788314Z         "field": "evidence",
2026-09-09T20:38:16.7788552Z         "expected": "MATRIZ_CONTENIDO",
2026-09-09T20:38:16.7788804Z         "actual": "MATRIZ_CONTENIDO"
2026-09-09T20:38:16.7789033Z       },
2026-09-09T20:38:16.7789201Z       {
2026-09-09T20:38:16.7789382Z         "treatment": "SOPORTE",
2026-09-09T20:38:16.7789615Z         "field": "operation",
2026-09-09T20:38:16.7789848Z         "expected": "MATRIZ_CONTENIDO",
2026-09-09T20:38:16.7790109Z         "actual": "MATRIZ_CONTENIDO"
2026-09-09T20:38:16.7790344Z       },
2026-09-09T20:38:16.7790514Z       {
2026-09-09T20:38:16.7790700Z         "treatment": "SOPORTE",
2026-09-09T20:38:16.7790928Z         "field": "contract",
2026-09-09T20:38:16.7791158Z         "expected": "MATRIZ_CONTENIDO",
2026-09-09T20:38:16.7791415Z         "actual": "MATRIZ_CONTENIDO"
2026-09-09T20:38:16.7791641Z       },
2026-09-09T20:38:16.7791806Z       {
2026-09-09T20:38:16.7791980Z         "treatment": "SOPORTE",
2026-09-09T20:38:16.7792209Z         "field": "available",
2026-09-09T20:38:16.7792439Z         "expected": "MATRIZ_CONTENIDO",
2026-09-09T20:38:16.7792820Z         "actual": "MATRIZ_CONTENIDO"
2026-09-09T20:38:16.7793055Z       },
2026-09-09T20:38:16.7793219Z       {
2026-09-09T20:38:16.7793402Z         "treatment": "SOPORTE",
2026-09-09T20:38:16.7793625Z         "field": "excluded",
2026-09-09T20:38:16.7793852Z         "expected": "MATRIZ_CONTENIDO",
2026-09-09T20:38:16.7794103Z         "actual": "MATRIZ_CONTENIDO"
2026-09-09T20:38:16.7794475Z       },
2026-09-09T20:38:16.7794648Z       {
2026-09-09T20:38:16.7794826Z         "treatment": "SOPORTE",
2026-09-09T20:38:16.7795054Z         "field": "responsible",
2026-09-09T20:38:16.7795289Z         "expected": "MATRIZ_CONTENIDO",
2026-09-09T20:38:16.7795540Z         "actual": "MATRIZ_CONTENIDO"
2026-09-09T20:38:16.7795769Z       },
2026-09-09T20:38:16.7795940Z       {
2026-09-09T20:38:16.7796115Z         "treatment": "SOPORTE",
2026-09-09T20:38:16.7796339Z         "field": "stage",
2026-09-09T20:38:16.7796559Z         "expected": "MATRIZ_CONTENIDO",
2026-09-09T20:38:16.7796811Z         "actual": "MATRIZ_CONTENIDO"
2026-09-09T20:38:16.7797039Z       },
2026-09-09T20:38:16.7797206Z       {
2026-09-09T20:38:16.7797387Z         "treatment": "SOPORTE",
2026-09-09T20:38:16.7797624Z         "field": "reentry_condition",
2026-09-09T20:38:16.7797880Z         "expected": "MATRIZ_CONTENIDO",
2026-09-09T20:38:16.7798134Z         "actual": "MATRIZ_CONTENIDO"
2026-09-09T20:38:16.7798368Z       },
2026-09-09T20:38:16.7798673Z       {
2026-09-09T20:38:16.7798854Z         "treatment": "SOPORTE",
2026-09-09T20:38:16.7799084Z         "field": "evidence",
2026-09-09T20:38:16.7799313Z         "expected": "MATRIZ_CONTENIDO",
2026-09-09T20:38:16.7799567Z         "actual": "MATRIZ_CONTENIDO"
2026-09-09T20:38:16.7799799Z       },
2026-09-09T20:38:16.7799963Z       {
2026-09-09T20:38:16.7800141Z         "treatment": "CONSTITUCION",
2026-09-09T20:38:16.7800384Z         "field": "operation",
2026-09-09T20:38:16.7800617Z         "expected": "MATRIZ_CONTENIDO",
2026-09-09T20:38:16.7800870Z         "actual": "MATRIZ_CONTENIDO"
2026-09-09T20:38:16.7801102Z       },
2026-09-09T20:38:16.7801266Z       {
2026-09-09T20:38:16.7801448Z         "treatment": "CONSTITUCION",
2026-09-09T20:38:16.7801691Z         "field": "contract",
2026-09-09T20:38:16.7801917Z         "expected": "MATRIZ_CONTENIDO",
2026-09-09T20:38:16.7802168Z         "actual": "MATRIZ_CONTENIDO"
2026-09-09T20:38:16.7802394Z       },
2026-09-09T20:38:16.7802678Z       {
2026-09-09T20:38:16.7802860Z         "treatment": "CONSTITUCION",
2026-09-09T20:38:16.7803101Z         "field": "available",
2026-09-09T20:38:16.7803332Z         "expected": "MATRIZ_CONTENIDO",
2026-09-09T20:38:16.7803583Z         "actual": "MATRIZ_CONTENIDO"
2026-09-09T20:38:16.7803817Z       },
2026-09-09T20:38:16.7803980Z       {
2026-09-09T20:38:16.7804160Z         "treatment": "CONSTITUCION",
2026-09-09T20:38:16.7804399Z         "field": "excluded",
2026-09-09T20:38:16.7804628Z         "expected": "MATRIZ_CONTENIDO",
2026-09-09T20:38:16.7804879Z         "actual": "MATRIZ_CONTENIDO"
2026-09-09T20:38:16.7805106Z       },
2026-09-09T20:38:16.7805273Z       {
2026-09-09T20:38:16.7805454Z         "treatment": "CONSTITUCION",
2026-09-09T20:38:16.7805696Z         "field": "responsible",
2026-09-09T20:38:16.7805933Z         "expected": "MATRIZ_CONTENIDO",
2026-09-09T20:38:16.7806191Z         "actual": "MATRIZ_CONTENIDO"
2026-09-09T20:38:16.7806420Z       },
2026-09-09T20:38:16.7806586Z       {
2026-09-09T20:38:16.7806777Z         "treatment": "CONSTITUCION",
2026-09-09T20:38:16.7807018Z         "field": "stage",
2026-09-09T20:38:16.7807240Z         "expected": "MATRIZ_CONTENIDO",
2026-09-09T20:38:16.7807493Z         "actual": "MATRIZ_CONTENIDO"
2026-09-09T20:38:16.7807729Z       },
2026-09-09T20:38:16.7807895Z       {
2026-09-09T20:38:16.7808079Z         "treatment": "CONSTITUCION",
2026-09-09T20:38:16.7808331Z         "field": "reentry_condition",
2026-09-09T20:38:16.7808594Z         "expected": "MATRIZ_CONTENIDO",
2026-09-09T20:38:16.7808851Z         "actual": "MATRIZ_CONTENIDO"
2026-09-09T20:38:16.7809085Z       },
2026-09-09T20:38:16.7809251Z       {
2026-09-09T20:38:16.7809436Z         "treatment": "CONSTITUCION",
2026-09-09T20:38:16.7809678Z         "field": "evidence",
2026-09-09T20:38:16.7809903Z         "expected": "MATRIZ_CONTENIDO",
2026-09-09T20:38:16.7810155Z         "actual": "MATRIZ_CONTENIDO"
2026-09-09T20:38:16.7810383Z       },
2026-09-09T20:38:16.7810550Z       {
2026-09-09T20:38:16.7810889Z         "treatment": "PERIMETRO",
2026-09-09T20:38:16.7811140Z         "field": "operation",
2026-09-09T20:38:16.7811380Z         "expected": "MATRIZ_CONTENIDO",
2026-09-09T20:38:16.7811632Z         "actual": "MATRIZ_CONTENIDO"
2026-09-09T20:38:16.7811862Z       },
2026-09-09T20:38:16.7812025Z       {
2026-09-09T20:38:16.7812206Z         "treatment": "PERIMETRO",
2026-09-09T20:38:16.7812443Z         "field": "contract",
2026-09-09T20:38:16.7812789Z         "expected": "MATRIZ_CONTENIDO",
2026-09-09T20:38:16.7813040Z         "actual": "MATRIZ_CONTENIDO"
2026-09-09T20:38:16.7813266Z       },
2026-09-09T20:38:16.7813431Z       {
2026-09-09T20:38:16.7813613Z         "treatment": "PERIMETRO",
2026-09-09T20:38:16.7813855Z         "field": "available",
2026-09-09T20:38:16.7814084Z         "expected": "MATRIZ_CONTENIDO",
2026-09-09T20:38:16.7814337Z         "actual": "MATRIZ_CONTENIDO"
2026-09-09T20:38:16.7814567Z       },
2026-09-09T20:38:16.7814732Z       {
2026-09-09T20:38:16.7814916Z         "treatment": "PERIMETRO",
2026-09-09T20:38:16.7815275Z         "field": "excluded",
2026-09-09T20:38:16.7815504Z         "expected": "MATRIZ_CONTENIDO",
2026-09-09T20:38:16.7815754Z         "actual": "MATRIZ_CONTENIDO"
2026-09-09T20:38:16.7815986Z       },
2026-09-09T20:38:16.7816155Z       {
2026-09-09T20:38:16.7816333Z         "treatment": "PERIMETRO",
2026-09-09T20:38:16.7816576Z         "field": "responsible",
2026-09-09T20:38:16.7816814Z         "expected": "MATRIZ_CONTENIDO",
2026-09-09T20:38:16.7817067Z         "actual": "MATRIZ_CONTENIDO"
2026-09-09T20:38:16.7817298Z       },
2026-09-09T20:38:16.7817465Z       {
2026-09-09T20:38:16.7817646Z         "treatment": "PERIMETRO",
2026-09-09T20:38:16.7817882Z         "field": "stage",
2026-09-09T20:38:16.7818104Z         "expected": "MATRIZ_CONTENIDO",
2026-09-09T20:38:16.7818355Z         "actual": "MATRIZ_CONTENIDO"
2026-09-09T20:38:16.7818589Z       },
2026-09-09T20:38:16.7818763Z       {
2026-09-09T20:38:16.7818952Z         "treatment": "PERIMETRO",
2026-09-09T20:38:16.7819204Z         "field": "reentry_condition",
2026-09-09T20:38:16.7819454Z         "expected": "MATRIZ_CONTENIDO",
2026-09-09T20:38:16.7819707Z         "actual": "MATRIZ_CONTENIDO"
2026-09-09T20:38:16.7819936Z       },
2026-09-09T20:38:16.7820100Z       {
2026-09-09T20:38:16.7820278Z         "treatment": "PERIMETRO",
2026-09-09T20:38:16.7820509Z         "field": "evidence",
2026-09-09T20:38:16.7820736Z         "expected": "MATRIZ_CONTENIDO",
2026-09-09T20:38:16.7820988Z         "actual": "MATRIZ_CONTENIDO"
2026-09-09T20:38:16.7821217Z       }
2026-09-09T20:38:16.7821379Z     ]
2026-09-09T20:38:16.7821550Z   }
2026-09-09T20:38:16.7821718Z }
2026-09-09T20:38:16.7863145Z ##[group]Run mkdir -p artifacts/r0-browser
2026-09-09T20:38:16.7863809Z [36;1mmkdir -p artifacts/r0-browser[0m
2026-09-09T20:38:16.7864397Z [36;1mpython tests/r0_wasm_browser_manifest.py \[0m
2026-09-09T20:38:16.7865066Z [36;1m  --native-bin rust/target/release/sv-native \[0m
2026-09-09T20:38:16.7865811Z [36;1m  --native-probe rust/target/release/examples/assembly_probe \[0m
2026-09-09T20:38:16.7866589Z [36;1m  --output artifacts/r0-browser/manifest.json \[0m
2026-09-09T20:38:16.7867296Z [36;1m  --source-head "b7636296f2c75715691464df83a030d006a2f054" \[0m
2026-09-09T20:38:16.7868072Z [36;1m  --base-head "73c738348a9493a459744c62b8ade382ff595af5"[0m
2026-09-09T20:38:16.7869046Z [36;1mcp rust/target/wasm32-unknown-unknown/release/sv_wasm.wasm artifacts/r0-browser/sv_wasm.wasm[0m
2026-09-09T20:38:16.7906750Z shell: /usr/bin/bash -e {0}
2026-09-09T20:38:16.7907016Z ##[endgroup]
2026-09-09T20:38:17.1970224Z R0 browser manifest: 14 válidos y 106 inválidos
2026-09-09T20:38:17.2095332Z ##[group]Run CHROME=""
2026-09-09T20:38:17.2095653Z [36;1mCHROME=""[0m
2026-09-09T20:38:17.2096073Z [36;1mfor candidate in google-chrome google-chrome-stable chromium chromium-browser; do[0m
2026-09-09T20:38:17.2096617Z [36;1m  if command -v "$candidate" >/dev/null 2>&1; then[0m
2026-09-09T20:38:17.2096978Z [36;1m    CHROME="$(command -v "$candidate")"[0m
2026-09-09T20:38:17.2097292Z [36;1m    break[0m
2026-09-09T20:38:17.2097496Z [36;1m  fi[0m
2026-09-09T20:38:17.2097689Z [36;1mdone[0m
2026-09-09T20:38:17.2097899Z [36;1mif [ -z "$CHROME" ]; then[0m
2026-09-09T20:38:17.2098289Z [36;1m  echo "No hay navegador Chromium/Chrome disponible en el ejecutor" >&2[0m
2026-09-09T20:38:17.2098689Z [36;1m  exit 1[0m
2026-09-09T20:38:17.2098891Z [36;1mfi[0m
2026-09-09T20:38:17.2099205Z [36;1m"$CHROME" --version | tee artifacts/r0-browser/browser-version.txt[0m
2026-09-09T20:38:17.2099591Z [36;1m[0m
2026-09-09T20:38:17.2100000Z [36;1mpython -m http.server 8765 --bind 127.0.0.1 > artifacts/r0-browser/http-server.log 2>&1 &[0m
2026-09-09T20:38:17.2100474Z [36;1mSERVER_PID=$![0m
2026-09-09T20:38:17.2100768Z [36;1mtrap 'kill "$SERVER_PID" 2>/dev/null || true' EXIT[0m
2026-09-09T20:38:17.2101092Z [36;1m[0m
2026-09-09T20:38:17.2101284Z [36;1mREADY=0[0m
2026-09-09T20:38:17.2101497Z [36;1mfor _ in $(seq 1 40); do[0m
2026-09-09T20:38:17.2101911Z [36;1m  if curl -fsS http://127.0.0.1:8765/tests/r0_wasm_browser.html >/dev/null; then[0m
2026-09-09T20:38:17.2102774Z [36;1m    READY=1[0m
2026-09-09T20:38:17.2103052Z [36;1m    break[0m
2026-09-09T20:38:17.2103261Z [36;1m  fi[0m
2026-09-09T20:38:17.2103462Z [36;1m  sleep 0.25[0m
2026-09-09T20:38:17.2103680Z [36;1mdone[0m
2026-09-09T20:38:17.2103888Z [36;1mif [ "$READY" -ne 1 ]; then[0m
2026-09-09T20:38:17.2104214Z [36;1m  echo "Servidor HTTP de prueba no disponible" >&2[0m
2026-09-09T20:38:17.2104522Z [36;1m  exit 1[0m
2026-09-09T20:38:17.2104717Z [36;1mfi[0m
2026-09-09T20:38:17.2104893Z [36;1m[0m
2026-09-09T20:38:17.2105073Z [36;1m"$CHROME" \[0m
2026-09-09T20:38:17.2105291Z [36;1m  --headless=new \[0m
2026-09-09T20:38:17.2105536Z [36;1m  --no-sandbox \[0m
2026-09-09T20:38:17.2105767Z [36;1m  --disable-gpu \[0m
2026-09-09T20:38:17.2106012Z [36;1m  --disable-dev-shm-usage \[0m
2026-09-09T20:38:17.2106290Z [36;1m  --virtual-time-budget=30000 \[0m
2026-09-09T20:38:17.2106556Z [36;1m  --dump-dom \[0m
2026-09-09T20:38:17.2106850Z [36;1m  http://127.0.0.1:8765/tests/r0_wasm_browser.html \[0m
2026-09-09T20:38:17.2107256Z [36;1m  > artifacts/r0-browser/browser-parity-dom.html[0m
2026-09-09T20:38:17.2107563Z [36;1m[0m
2026-09-09T20:38:17.2107911Z [36;1mgrep -q 'data-status="pass"' artifacts/r0-browser/browser-parity-dom.html[0m
2026-09-09T20:38:17.2108441Z [36;1mgrep -q '"valid_ok":14' artifacts/r0-browser/browser-parity-dom.html[0m
2026-09-09T20:38:17.2108938Z [36;1mgrep -q '"invalid_ok":106' artifacts/r0-browser/browser-parity-dom.html[0m
2026-09-09T20:38:17.2109459Z [36;1mgrep -q '"closed_domains_ok":6' artifacts/r0-browser/browser-parity-dom.html[0m
2026-09-09T20:38:17.2109981Z [36;1mgrep -q '"sensitivity_ok":5' artifacts/r0-browser/browser-parity-dom.html[0m
2026-09-09T20:38:17.2110483Z [36;1mgrep -q '"bridge_ok":18' artifacts/r0-browser/browser-parity-dom.html[0m
2026-09-09T20:38:17.2110972Z [36;1mgrep -q '"horizon_ok":20' artifacts/r0-browser/browser-parity-dom.html[0m
2026-09-09T20:38:17.2111461Z [36;1mgrep -q '"domain_ok":24' artifacts/r0-browser/browser-parity-dom.html[0m
2026-09-09T20:38:17.2111951Z [36;1mgrep -q '"optional_ok":64' artifacts/r0-browser/browser-parity-dom.html[0m
2026-09-09T20:38:17.2112448Z [36;1mgrep -q '"ternarizer_ok":40' artifacts/r0-browser/browser-parity-dom.html[0m
2026-09-09T20:38:17.2148889Z shell: /usr/bin/bash -e {0}
2026-09-09T20:38:17.2149151Z ##[endgroup]
2026-09-09T20:38:17.2471851Z Google Chrome 152.0.7977.82 
2026-09-09T20:38:17.2617104Z curl: (7) Failed to connect to 127.0.0.1 port 8765 after 0 ms: Couldn't connect to server
2026-09-09T20:38:17.7708100Z [14514:14535:0909/203817.769598:ERROR:dbus/bus.cc:405] Failed to connect to the bus: Could not parse server address: Unknown address type (examples of valid types are "tcp" and on UNIX "unix")
2026-09-09T20:38:17.8188960Z [14514:14535:0909/203817.818430:ERROR:dbus/bus.cc:405] Failed to connect to the bus: Could not parse server address: Unknown address type (examples of valid types are "tcp" and on UNIX "unix")
2026-09-09T20:38:17.9775263Z [14514:14535:0909/203817.977262:ERROR:dbus/bus.cc:405] Failed to connect to the bus: Could not parse server address: Unknown address type (examples of valid types are "tcp" and on UNIX "unix")
2026-09-09T20:38:18.0377093Z [14514:14535:0909/203818.037466:ERROR:dbus/bus.cc:405] Failed to connect to the bus: Could not parse server address: Unknown address type (examples of valid types are "tcp" and on UNIX "unix")
2026-09-09T20:38:18.2581162Z [14514:14514:0909/203818.257648:ERROR:dbus/object_proxy.cc:572] Failed to call method: org.freedesktop.DBus.NameHasOwner: object_path= /org/freedesktop/DBus: unknown error type: 
2026-09-09T20:38:18.2583703Z [14514:14535:0909/203818.257723:ERROR:dbus/bus.cc:405] Failed to connect to the bus: Could not parse server address: Unknown address type (examples of valid types are "tcp" and on UNIX "unix")
2026-09-09T20:38:18.2585913Z [14514:14514:0909/203818.258142:ERROR:dbus/object_proxy.cc:572] Failed to call method: org.freedesktop.DBus.NameHasOwner: object_path= /org/freedesktop/DBus: unknown error type: 
2026-09-09T20:38:18.2607765Z [14514:14514:0909/203818.259836:ERROR:dbus/object_proxy.cc:572] Failed to call method: org.freedesktop.DBus.NameHasOwner: object_path= /org/freedesktop/DBus: unknown error type: 
2026-09-09T20:38:18.2637232Z [14514:14535:0909/203818.261325:ERROR:dbus/bus.cc:405] Failed to connect to the bus: Could not parse server address: Unknown address type (examples of valid types are "tcp" and on UNIX "unix")
2026-09-09T20:38:18.2667409Z [14514:14514:0909/203818.265492:ERROR:dbus/object_proxy.cc:572] Failed to call method: org.freedesktop.DBus.NameHasOwner: object_path= /org/freedesktop/DBus: unknown error type: 
2026-09-09T20:38:18.3214995Z [14514:14514:0909/203818.320960:ERROR:dbus/object_proxy.cc:572] Failed to call method: org.freedesktop.DBus.NameHasOwner: object_path= /org/freedesktop/DBus: unknown error type: 
2026-09-09T20:38:18.3234410Z [14514:14514:0909/203818.322450:ERROR:dbus/object_proxy.cc:572] Failed to call method: org.freedesktop.DBus.NameHasOwner: object_path= /org/freedesktop/DBus: unknown error type: 
2026-09-09T20:38:18.3256122Z [14514:14535:0909/203818.325444:ERROR:dbus/bus.cc:405] Failed to connect to the bus: Could not parse server address: Unknown address type (examples of valid types are "tcp" and on UNIX "unix")
2026-09-09T20:38:18.3675167Z [14514:14514:0909/203818.365130:ERROR:dbus/object_proxy.cc:572] Failed to call method: org.freedesktop.DBus.NameHasOwner: object_path= /org/freedesktop/DBus: unknown error type: 
2026-09-09T20:38:18.3696458Z [14514:14514:0909/203818.365189:ERROR:dbus/object_proxy.cc:572] Failed to call method: org.freedesktop.DBus.Properties.GetAll: object_path= /org/freedesktop/UPower/devices/DisplayDevice: org.freedesktop.DBus.Error.ServiceUnknown: The name org.freedesktop.UPower was not provided by any .service files
2026-09-09T20:38:18.3728294Z [14514:14535:0909/203818.365203:ERROR:dbus/bus.cc:405] Failed to connect to the bus: Could not parse server address: Unknown address type (examples of valid types are "tcp" and on UNIX "unix")
2026-09-09T20:38:18.3945341Z [14514:14514:0909/203818.393902:ERROR:dbus/object_proxy.cc:572] Failed to call method: org.freedesktop.DBus.NameHasOwner: object_path= /org/freedesktop/DBus: unknown error type: 
2026-09-09T20:38:18.3947539Z [14514:14535:0909/203818.394023:ERROR:dbus/bus.cc:405] Failed to connect to the bus: Could not parse server address: Unknown address type (examples of valid types are "tcp" and on UNIX "unix")
2026-09-09T20:38:18.4168278Z [14514:14514:0909/203818.415775:ERROR:dbus/object_proxy.cc:572] Failed to call method: org.freedesktop.DBus.NameHasOwner: object_path= /org/freedesktop/DBus: unknown error type: 
2026-09-09T20:38:19.1547341Z ##[group]Run CHROME=""
2026-09-09T20:38:19.1547657Z [36;1mCHROME=""[0m
2026-09-09T20:38:19.1548050Z [36;1mfor candidate in google-chrome google-chrome-stable chromium chromium-browser; do[0m
2026-09-09T20:38:19.1548551Z [36;1m  if command -v "$candidate" >/dev/null 2>&1; then[0m
2026-09-09T20:38:19.1548910Z [36;1m    CHROME="$(command -v "$candidate")"[0m
2026-09-09T20:38:19.1549195Z [36;1m    break[0m
2026-09-09T20:38:19.1549385Z [36;1m  fi[0m
2026-09-09T20:38:19.1549569Z [36;1mdone[0m
2026-09-09T20:38:19.1549764Z [36;1mtest -n "$CHROME"[0m
2026-09-09T20:38:19.1550195Z [36;1mpython -m http.server 8766 --bind 127.0.0.1 > artifacts/r0-browser/bindings-server.log 2>&1 &[0m
2026-09-09T20:38:19.1550667Z [36;1mSERVER_PID=$![0m
2026-09-09T20:38:19.1550953Z [36;1mtrap 'kill "$SERVER_PID" 2>/dev/null || true' EXIT[0m
2026-09-09T20:38:19.1551280Z [36;1mfor _ in $(seq 1 40); do[0m
2026-09-09T20:38:19.1551774Z [36;1m  if curl -fsS http://127.0.0.1:8766/tests/row7_bindings/browser.html >/dev/null; then break; fi[0m
2026-09-09T20:38:19.1552239Z [36;1m  sleep 0.25[0m
2026-09-09T20:38:19.1552446Z [36;1mdone[0m
2026-09-09T20:38:19.1553912Z [36;1m"$CHROME" --headless=new --no-sandbox --disable-gpu --disable-dev-shm-usage --virtual-time-budget=30000 --dump-dom http://127.0.0.1:8766/tests/row7_bindings/browser.html > artifacts/r0-browser/bindings-browser.html 2> artifacts/r0-browser/bindings-browser.log[0m
2026-09-09T20:38:19.1555166Z [36;1mpython - <<'PYCODE'[0m
2026-09-09T20:38:19.1555419Z [36;1mfrom pathlib import Path[0m
2026-09-09T20:38:19.1555703Z [36;1mfrom html.parser import HTMLParser[0m
2026-09-09T20:38:19.1556007Z [36;1mclass Result(HTMLParser):[0m
2026-09-09T20:38:19.1556264Z [36;1m    active=False[0m
2026-09-09T20:38:19.1556488Z [36;1m    text=''[0m
2026-09-09T20:38:19.1556731Z [36;1m    def handle_starttag(self, tag, attrs):[0m
2026-09-09T20:38:19.1557124Z [36;1m        if tag=='pre' and dict(attrs).get('id')=='result': self.active=True[0m
2026-09-09T20:38:19.1557523Z [36;1m    def handle_endtag(self, tag):[0m
2026-09-09T20:38:19.1557817Z [36;1m        if tag=='pre': self.active=False[0m
2026-09-09T20:38:19.1558110Z [36;1m    def handle_data(self, data):[0m
2026-09-09T20:38:19.1558405Z [36;1m        if self.active: self.text+=data[0m
2026-09-09T20:38:19.1558687Z [36;1mresult=Result()[0m
2026-09-09T20:38:19.1559056Z [36;1mresult.feed(Path('artifacts/r0-browser/bindings-browser.html').read_text())[0m
2026-09-09T20:38:19.1559709Z [36;1mexpected='CONFORME '+Path('artifacts/r0-browser/bindings-native.json').read_text().removesuffix('\n')[0m
2026-09-09T20:38:19.1560260Z [36;1massert result.text==expected, result.text[:2000][0m
2026-09-09T20:38:19.1560707Z [36;1mprint('LIG/0.1: nativo, WASI y navegador con identidad literal de resultados')[0m
2026-09-09T20:38:19.1561097Z [36;1mPYCODE[0m
2026-09-09T20:38:19.1597029Z shell: /usr/bin/bash -e {0}
2026-09-09T20:38:19.1597284Z ##[endgroup]
2026-09-09T20:38:19.1720890Z curl: (7) Failed to connect to 127.0.0.1 port 8766 after 0 ms: Couldn't connect to server
2026-09-09T20:38:20.6664858Z LIG/0.1: nativo, WASI y navegador con identidad literal de resultados
2026-09-09T20:38:20.6739609Z ##[group]Run CHROME=""
2026-09-09T20:38:20.6739943Z [36;1mCHROME=""[0m
2026-09-09T20:38:20.6740340Z [36;1mfor candidate in google-chrome google-chrome-stable chromium chromium-browser; do[0m
2026-09-09T20:38:20.6740869Z [36;1m  if command -v "$candidate" >/dev/null 2>&1; then[0m
2026-09-09T20:38:20.6741206Z [36;1m    CHROME="$(command -v "$candidate")"[0m
2026-09-09T20:38:20.6741481Z [36;1m    break[0m
2026-09-09T20:38:20.6741675Z [36;1m  fi[0m
2026-09-09T20:38:20.6741863Z [36;1mdone[0m
2026-09-09T20:38:20.6742058Z [36;1mtest -n "$CHROME"[0m
2026-09-09T20:38:20.6742468Z [36;1mpython -m http.server 8767 --bind 127.0.0.1 > artifacts/r0-browser/gh-server.log 2>&1 &[0m
2026-09-09T20:38:20.6743257Z [36;1mSERVER_PID=$![0m
2026-09-09T20:38:20.6743548Z [36;1mtrap 'kill "$SERVER_PID" 2>/dev/null || true' EXIT[0m
2026-09-09T20:38:20.6743878Z [36;1mfor _ in $(seq 1 40); do[0m
2026-09-09T20:38:20.6744339Z [36;1m  if curl -fsS http://127.0.0.1:8767/tests/row7_gh/browser.html >/dev/null; then break; fi[0m
2026-09-09T20:38:20.6744814Z [36;1m  sleep 0.25[0m
2026-09-09T20:38:20.6745028Z [36;1mdone[0m
2026-09-09T20:38:20.6745947Z [36;1m"$CHROME" --headless=new --no-sandbox --disable-gpu --disable-dev-shm-usage --virtual-time-budget=30000 --dump-dom http://127.0.0.1:8767/tests/row7_gh/browser.html > artifacts/r0-browser/gh-browser.html 2> artifacts/r0-browser/gh-browser.log[0m
2026-09-09T20:38:20.6746923Z [36;1mpython - <<'PYCODE'[0m
2026-09-09T20:38:20.6747177Z [36;1mfrom pathlib import Path[0m
2026-09-09T20:38:20.6747460Z [36;1mfrom html.parser import HTMLParser[0m
2026-09-09T20:38:20.6747758Z [36;1mclass Result(HTMLParser):[0m
2026-09-09T20:38:20.6748013Z [36;1m    active=False[0m
2026-09-09T20:38:20.6748240Z [36;1m    text=''[0m
2026-09-09T20:38:20.6748477Z [36;1m    def handle_starttag(self, tag, attrs):[0m
2026-09-09T20:38:20.6748899Z [36;1m        if tag=='pre' and dict(attrs).get('id')=='result': self.active=True[0m
2026-09-09T20:38:20.6749295Z [36;1m    def handle_endtag(self, tag):[0m
2026-09-09T20:38:20.6749590Z [36;1m        if tag=='pre': self.active=False[0m
2026-09-09T20:38:20.6750068Z [36;1m    def handle_data(self, data):[0m
2026-09-09T20:38:20.6750358Z [36;1m        if self.active: self.text+=data[0m
2026-09-09T20:38:20.6750643Z [36;1mresult=Result()[0m
2026-09-09T20:38:20.6750994Z [36;1mresult.feed(Path('artifacts/r0-browser/gh-browser.html').read_text())[0m
2026-09-09T20:38:20.6751633Z [36;1mexpected='CONFORME '+Path('artifacts/r0-browser/gh-native.json').read_text().removesuffix('\n')[0m
2026-09-09T20:38:20.6752186Z [36;1massert result.text==expected, result.text[:2000][0m
2026-09-09T20:38:20.6752904Z [36;1mprint('GH-LIG/0.1: nativo, WASI y navegador con identidad literal de resultados')[0m
2026-09-09T20:38:20.6753327Z [36;1mPYCODE[0m
2026-09-09T20:38:20.6789211Z shell: /usr/bin/bash -e {0}
2026-09-09T20:38:20.6789470Z ##[endgroup]
2026-09-09T20:38:20.6912980Z curl: (7) Failed to connect to 127.0.0.1 port 8767 after 0 ms: Couldn't connect to server
2026-09-09T20:38:22.0814893Z GH-LIG/0.1: nativo, WASI y navegador con identidad literal de resultados
2026-09-09T20:38:22.0890947Z ##[group]Run sha256sum rust/target/release/sv-native > artifacts/r0-wasm/sv-native.sha256
2026-09-09T20:38:22.0891628Z [36;1msha256sum rust/target/release/sv-native > artifacts/r0-wasm/sv-native.sha256[0m
2026-09-09T20:38:22.0892784Z [36;1msha256sum rust/target/release/examples/assembly_probe rust/target/wasm32-wasip1/release/examples/assembly_probe.wasm > artifacts/r0-wasm/assembly-probe.sha256[0m
2026-09-09T20:38:22.0893709Z [36;1mwc -c rust/target/release/sv-native > artifacts/r0-wasm/sv-native.bytes[0m
2026-09-09T20:38:22.0894354Z [36;1msha256sum rust/target/wasm32-wasip1/release/sv-native.wasm > artifacts/r0-wasm/sv-native-wasi.sha256[0m
2026-09-09T20:38:22.0895073Z [36;1mwc -c rust/target/wasm32-wasip1/release/sv-native.wasm > artifacts/r0-wasm/sv-native-wasi.bytes[0m
2026-09-09T20:38:22.0895837Z [36;1msha256sum rust/target/wasm32-unknown-unknown/release/sv_wasm.wasm > artifacts/r0-browser/sv-wasm-browser.sha256[0m
2026-09-09T20:38:22.0896649Z [36;1mwc -c rust/target/wasm32-unknown-unknown/release/sv_wasm.wasm > artifacts/r0-browser/sv-wasm-browser.bytes[0m
2026-09-09T20:38:22.0897276Z [36;1mgit rev-parse HEAD > artifacts/r0-wasm/git-checkout-head.txt[0m
2026-09-09T20:38:22.0897815Z [36;1mecho "b7636296f2c75715691464df83a030d006a2f054" > artifacts/r0-wasm/git-source-head.txt[0m
2026-09-09T20:38:22.0898438Z [36;1mecho "73c738348a9493a459744c62b8ade382ff595af5" > artifacts/r0-wasm/git-base-head.txt[0m
2026-09-09T20:38:22.0899021Z [36;1mgit rev-list --parents -n 1 HEAD > artifacts/r0-wasm/git-checkout-lineage.txt[0m
2026-09-09T20:38:22.0899522Z [36;1mrustc --version > artifacts/r0-wasm/rustc-version.txt[0m
2026-09-09T20:38:22.0899916Z [36;1mcargo --version > artifacts/r0-wasm/cargo-version.txt[0m
2026-09-09T20:38:22.0900306Z [36;1mnode --version > artifacts/r0-wasm/node-version.txt[0m
2026-09-09T20:38:22.0936474Z shell: /usr/bin/bash -e {0}
2026-09-09T20:38:22.0936738Z ##[endgroup]
2026-09-09T20:38:22.1454149Z Node 20 is being deprecated. This workflow is running with Node 24 by default. If you need to temporarily use Node 20, you can set the ACTIONS_ALLOW_USE_UNSECURE_NODE_VERSION=true environment variable. For more information see: https://github.blog/changelog/2025-09-19-deprecation-of-node-20-on-github-actions-runners/
2026-09-09T20:38:22.1456001Z ##[group]Run actions/upload-artifact@v4
2026-09-09T20:38:22.1456267Z with:
2026-09-09T20:38:22.1456470Z   name: r0-wasm-three-way-parity
2026-09-09T20:38:22.1456734Z   if-no-files-found: error
2026-09-09T20:38:22.1456959Z   retention-days: 90
2026-09-09T20:38:22.1458884Z   path: artifacts/r0-wasm/
artifacts/r0-browser/
rust/target/release/sv-native
rust/target/release/examples/binding_probe
rust/target/release/examples/gh_binding_probe
rust/target/wasm32-wasip1/release/examples/gh_binding_probe.wasm
rust/target/wasm32-wasip1/release/examples/binding_probe.wasm
rust/target/release/examples/assembly_probe
rust/target/wasm32-wasip1/release/examples/assembly_probe.wasm
rust/target/wasm32-wasip1/release/sv-native.wasm
rust/target/wasm32-unknown-unknown/release/sv_wasm.wasm
rust/Cargo.lock

2026-09-09T20:38:22.1461012Z   compression-level: 6
2026-09-09T20:38:22.1461225Z   overwrite: false
2026-09-09T20:38:22.1461445Z   include-hidden-files: false
2026-09-09T20:38:22.1461683Z ##[endgroup]
2026-09-09T20:38:22.3194847Z (node:15131) [DEP0040] DeprecationWarning: The `punycode` module is deprecated. Please use a userland alternative instead.
2026-09-09T20:38:22.3196069Z (Use `node --trace-deprecation ...` to show where the warning was created)
2026-09-09T20:38:22.7116910Z Multiple search paths detected. Calculating the least common ancestor of all paths
2026-09-09T20:38:22.7121600Z The least common ancestor is /home/runner/work/SV-lenguaje-de-computacion/SV-lenguaje-de-computacion. This will be the root directory of the artifact
2026-09-09T20:38:22.7123304Z With the provided path, there will be 1519 files uploaded
2026-09-09T20:38:22.7128349Z Artifact name is valid!
2026-09-09T20:38:22.7129128Z Root directory input is valid!
2026-09-09T20:38:22.9242464Z Beginning upload of artifact content to blob storage
2026-09-09T20:38:23.9194655Z (node:15131) [DEP0169] DeprecationWarning: `url.parse()` behavior is not standardized and prone to errors that have security implications. Use the WHATWG URL API instead. CVEs are not issued for `url.parse()` vulnerabilities.
2026-09-09T20:38:24.0573370Z Uploaded bytes 3577455
2026-09-09T20:38:24.0764444Z Finished uploading artifact content to blob storage!
2026-09-09T20:38:24.0765897Z SHA256 digest of uploaded artifact zip is f883d87407aa85048b0f09bcde2a72efc2ae380905709b2dc5335c73b0a767c7
2026-09-09T20:38:24.0768499Z Finalizing artifact upload
2026-09-09T20:38:24.2923198Z Artifact r0-wasm-three-way-parity.zip successfully finalized. Artifact ID 10123903242
2026-09-09T20:38:24.2925826Z Artifact r0-wasm-three-way-parity has been successfully uploaded! Final size is 3577455 bytes. Artifact ID is 10123903242
2026-09-09T20:38:24.2933255Z Artifact download URL: https://github.com/juantoniolloretegea/SV-lenguaje-de-computacion/actions/runs/34402104881/artifacts/10123903242
2026-09-09T20:38:24.3243199Z Node 20 is being deprecated. This workflow is running with Node 24 by default. If you need to temporarily use Node 20, you can set the ACTIONS_ALLOW_USE_UNSECURE_NODE_VERSION=true environment variable. For more information see: https://github.blog/changelog/2025-09-19-deprecation-of-node-20-on-github-actions-runners/
2026-09-09T20:38:24.3244497Z Post job cleanup.
2026-09-09T20:38:24.4105761Z [command]/usr/bin/git version
2026-09-09T20:38:24.4152201Z git version 2.55.0
2026-09-09T20:38:24.4195871Z Temporarily overriding HOME='/home/runner/work/_temp/204afe83-107e-45a1-9d60-04ff2b51d9ab' before making global git config changes
2026-09-09T20:38:24.4197249Z Adding repository directory to the temporary git global config as a safe directory
2026-09-09T20:38:24.4201902Z [command]/usr/bin/git config --global --add safe.directory /home/runner/work/SV-lenguaje-de-computacion/SV-lenguaje-de-computacion
2026-09-09T20:38:24.4241365Z [command]/usr/bin/git config --local --name-only --get-regexp core\.sshCommand
2026-09-09T20:38:24.4276094Z [command]/usr/bin/git submodule foreach --recursive sh -c "git config --local --name-only --get-regexp 'core\.sshCommand' && git config --local --unset-all 'core.sshCommand' || :"
2026-09-09T20:38:24.4527400Z [command]/usr/bin/git config --local --name-only --get-regexp http\.https\:\/\/github\.com\/\.extraheader
2026-09-09T20:38:24.4555837Z http.https://github.com/.extraheader
2026-09-09T20:38:24.4568801Z [command]/usr/bin/git config --local --unset-all http.https://github.com/.extraheader
2026-09-09T20:38:24.4608676Z [command]/usr/bin/git submodule foreach --recursive sh -c "git config --local --name-only --get-regexp 'http\.https\:\/\/github\.com\/\.extraheader' && git config --local --unset-all 'http.https://github.com/.extraheader' || :"
2026-09-09T20:38:24.4870326Z [command]/usr/bin/git config --local --name-only --get-regexp ^includeIf\.gitdir:
2026-09-09T20:38:24.4917958Z [command]/usr/bin/git submodule foreach --recursive git config --local --show-origin --name-only --get-regexp remote.origin.url
2026-09-09T20:38:24.5361046Z Cleaning up orphan processes
2026-09-09T20:38:24.5687145Z ##[warning]Node.js 20 is deprecated. The following actions target Node.js 20 but are being forced to run on Node.js 24: actions/checkout@v4, actions/upload-artifact@v4. For more information see: https://github.blog/changelog/2025-09-19-deprecation-of-node-20-on-github-actions-runners/
